S01B00006275696C642F72656C656173652F7A69676265652E73333714
S21400400008100020417B0000D5C200005D4D030073
S2140040105D4D0300DDC20000E5C200005D4D0300FB
S2140040205D4D03005D4D03005D4D03005D4D0300D7
S214004030E9C20000149304005D4D03005D4D0300CB
S2140040405D4D03005D4D03005D4D03005976000095
S2140040505D4D03005D4D03005D4D03005D4D0300A7
S2140040605D4D03005D4D0300E9C700005D4D030094
S2140040705D4D03005D4D03005D4D03005D4D030087
S2140040805D4D03005D4D03005D4D03005D4D030077
S2140040905D4D03005D4D03005D4D03005D4D030067
S2140040A05D4D0300097F0000ED7E00005D4D0300BE
S2140040B05D4D03005D4D03005D4D030039170200A2
S2140040C04FA903004BA903009D0E020065A903003B
S2140040D053A90300F916020057A903002DFB01009F
S2140040E0791702005D4D03005D4D03005D4D030032
S2140040F05D4D03005D4D03005D4D03005D4D030007
S2140041005D4D03005D4D03005D4D03005D4D0300F6
S2140041105D4D03005D4D03005D4D03005D4D0300E6
S2140041205D4D03005D4D03005D4D03005D4D0300D6
S2080041305D4D0300D9
S214004134F0B5114A114C124E00F00105E3695F0711
S21400414413D40DB9334213D103EA00078F4207D1C3
S2140041540B4A1A40002A14BF6FF001000020F0BD7D
S214004164013AEBD16FF00200F9E74FF0FF30F6E7C3
S2140041746FF00100F3E700BF80969800000003503C
S214004184020001000B4B70B5D96911F480310DD1D2
S21400419401244FF48072084E084DF46020462C64C7
S2140041A41A61FFF7C5FF3464EC6070BD6FF0010060
S2140041B4FBE700BF0000035000100350002003502C
S2140041C438B541F6713301220C4C0021E569E363EE
S2140041D40B4B05F48035DA600223606121202361ED
S2140041E4FFF7A6FF10B92120FFF7A2FF0122054B17
S2140041F4DA600DB10023E36338BD00BF000003504E
S214004204001003500020035070B5134C6061E3693E
S2140042145B071ED40E4656F8043B8D18A361AE42C7
S2140042240BD10423002121202361FFF781FF58B915
S214004234BDE870402120FFF77BBF08210846FFF742
S21400424477FF10B10423236170BD56F8043BA361C5
S214004254E5E74FF0FF30F7E7000003502DE9F84399
S214004264154641F67132164B8946DF69DA63012238
S214004274064603F58053DFF8508007F48037DA608B
S21400428455B9284601220F4BDA601FB10022A3F568
S2140042940053DA63BDE8F88306F5005404EA08041C
S2140042A4A41BAC4228BF2C46494622463046FFF79C
S2140042B4ABFF0028E6D12644A1442D1BE0E700BF4F
S2100042C4000003500020035000E0FFFF45
S2140042D02DE9F04F4FF0FD0BC9B09A460DF11B09C2
S2140042E09DF8503108AFCDF80C90CDF808B0019786
S2140042F0059303890446009383790E4690464188C9
S2140043008288407811F036FF054650B10090A388A9
S214004310002062883A4912F071FA284649B0BDE892
S214004320F08F99F8000033F030FE38B12846A388A5
S2140043306288344912F062FA8D25EEE75A4639460D
S21400434099F8000033F0C9FD8346002851D0529BEF
S2140043501BB1BDF84C3198424BD8002399F8009019
S2140043600793A9F14102012A5FFA8BF123D8384658
S2140043700139254ADFF898C05FFA81FE734513DBE2
S214004380059B04210792C3B907AF18221F489FED6B
S2140043901A7B02FB060420460A460830394684ED9E
S2140043A0027B16F081FF11E010F8011F0133514027
S2140043B00CFB01F2E2E7059B33B123464A4638463A
S2140043C000960FF0FFFDA8E70829DED9B8F1000F28
S2140043D001D088F80090BAF1000F01D0AAF800B01A
S2140043E0529B002B99D05A46184608A916F05CFF37
S2140043F093E7012591E700BF0000000000000000E1
S214004400A73C0400DC3C0400C59D1C8180100020F5
S21400441093010001000000002DE9F04F93B0CDE9B4
S2140044200A32DDE91C530E9353EC102BCDE908013C
S214004430104619468DED060B1E9E16F0BFF980B18C
S214004440DDE906014FF0FF32C54B16F0DFF940B943
S214004450DDE906014FF0FF326FF4801316F0B8F96D
S21400446070B1DDE908019DED060B0E9B1E96CDE9A9
S2140044701C53DDE90A3213B0BDE8F04F00F088B9EE
S2140044800022DDE90601002316F0A2F9002800F05C
S2140044903381DDE906A303F1004BCBF30A5016F493
S2140044A08063A0F2FF3008BF06250F9315F0B4FE18
S2140044B09BA3D3E9002315F019FF9BA3D3E90023A0
S2140044C015F05EFDCBF31304894644F07F51804619
S2140044D00022A44B504641F4401115F04FFD94A322
S2140044E0D3E9002315F002FF02460B464046494634
S2140044F015F046FD16F094F9044615F08DFE8EA3D1
S214004500D3E900238046894615F0F0FE0022964B3C
S21400451015F036FD16F084F989A3D3E90023074683
S2140045204946404615F0E2FE80463846894615F074
S21400453073FE85A3D3E9002315F0D8FE02460B468A
S2140045404046494615F01AFD02460B46CDE90C23B7
S21400455015F0CCFEDDE90C23804689461046194648
S21400456015F00EFD0022CDE91001804B404649466D
S21400457015F0E6FF00227E4B15F002FD02460B46C4
S2140045804046494615F0DCFF00227A4B15F0F8FC51
S21400459002460B464046494615F0D2FFDDE90C239D
S2140045A08046894600204FF0804115F0E7FC024621
S2140045B00B464046494615F0E3FC02460B46DDE94D
S2140045C0100115F0BDFF07F2FF3700226A4B15F009
S2140045D0D7FC00223B0515F089FE52465B46804616
S2140045E0894616F013F9002840F08980CDE90C8939
S2140045F004F16303C62B8CBF0527042731051BD5A2
S21400460053A3D3E900235046594616F0F5F8002880
S2140046107FD051A3D3E900235046594616F0D8F868
S214004620002876D00027A542C6BF2C1B04F1FF3514
S21400463000253C4646F480660E9B9F422CBF4FF0FA
S2140046400008A3EB070816F0020903D0002F18BFD6
S2140046504FF000083CB1DDE90C235046594615F0F2
S2140046606FFF82468B46DDE906010022002316F026
S214004670AFF810B10BF100439B46DDE9080126F4C4
S2140046800063CDE90183DDE90A324BEC10AB0095FF
S21400469000F07EF802465FB3DDE9091316F0200F3E
S2140046A000F10105089E0CBF65204520B047DDE9F6
S2140046B008010523002205930A23002CCDE90232C7
S2140046C007F1FF374FEAD473B8BF64422A46019316
S2140046D004970A9B009435F0B2FA0246B9F1000F2F
S2140046E006D00B9BC41A0B9B1A190E9BA34245D8E7
S2140046F0104613B0BDE8F08FDDE906ABCDE600222C
S214004700404649461A4B15F01BFF013CCDE90C010B
S2140047106EE7002D90D00F9B002B8DD0013D8BE7D0
S214004720FB799F501344D33FB3C8608B288AC63F9B
S21400473061436F63A787D23F71A379094F930A40FD
S2140047401655B5BBB16B0240EF39FAFE422EE63F76
S2140047502D431CEBE2361A3F0000000080842E41F9
S214004760FFFFEF7F0000F83F0000E03F00002C4016
S21400477000002440000018400000F03F2020DDE943
S2140047800913089DA8470134ADE700BF00000000EC
S2140047902DE9F04F5BEC10AB97B0CDE90501DDE9F4
S2140047A02058CDE90723504652465B465946229F7D
S2140047B016F004F870B90323CDE902870193AA4BDB
S2140047C00093DDE90501DDE9072335F06AF917B046
S2140047D0BDE8F08F4FF0FF326FF480135046594615
S2140047E015F0F6FF28B10423CDE9028701939F4B0D
S2140047F0E6E74FF0FF32504659469D4B16F006F856
S21400480068B19C4A07F00403002B08BF03229A4BAA
S2140048101CBF13460422CDE902870192D0E750461A
S2140048208DA3D3E90023594615F0F0FF38B98CA3C1
S214004830D3E900235046594615F0CAFF68B1DDE9B2
S2140048400723DDE905014BEC10ABCDE92187209568
S21400485017B0BDE8F04FFFF7DFBD0022002350463B
S214004860594615F0B5FF002800F091805B46524689
S2140048700020002115F082FB012382468B46099317
S21400488017F4806400F08580092D40F285800024AE
S21400489030210EABA5F109020134202C03F8011BD0
S2140048A0A5EB040901D09442F6D15946504615F0BE
S2140048B0B7FF724B054603EBC90393ED007B8DED06
S2140048C00A7B15F0A9FC02460B465046594615F0E1
S2140048D055FBDDE90A2315F009FD02460B46CDE936
S2140048E00C2315F0C5FF064615F086FC02460B465F
S2140048F0DDE90C0115F042FB02460B46CDE90C2320
S21400490000225F4B15F082FF002848D00136304663
S21400491015F072FC02460B46DDE90A0115F062FF4F
S21400492008B100260135B9F1000F45D1284615F02B
S21400493073FC02460B465046594615F01FFB0022F4
S2140049404F4B15F045FF10B9E90700D501350A2190
S2140049500EAB1A19202C0AD095FBF1F001FB10556E
S214004960303502F8015B013405460028F2D107F025
S2140049700302012A55D1B8F1000F52D0099A12B994
S21400498017F00C0F01D008F1FF38302240E00990F4
S21400499076E74FF0060988E7A946002485E7002257
S2140049A0DDE90C01364B15F013FF0028BBD10EB124
S2140049B0F007B8D50136B6E70A210EAB1A19202C37
S2140049C00DD0B6FBF1F001FB1063092E03F13003A6
S2140049D009F1FF3904F1010402F8013B11D8302136
S2140049E0A1440EAA202CB2D04C4504F101030AD1F2
S2140049F004F158020DEB02042E2204F8202C1C466B
S214004A00A5E70646DBE7A1541C46EBE71A5501343A
S214004A10444506D2202CF9D1CDE9028701940EAB8D
S214004A20CEE6202CF8D0099B3BB12D2204F158038A
S214004A306B4403F8202C0134EEE77A0704D504F122
S214004A4058032B226B44F4E73B07E5D504F15803E3
S214004A5020226B44EDE700BF0000000065CDCD418D
S214004A600000000065CDCDC1965A04009A5A040095
S214004A70FFFFEF7F8D5A0400925A040050A20400F4
S214004A800000E03F0000000070B58EB02C22002130
S214004A9003A816F079FA64234FF002320893CDE9A2
S214004AA005230B2301218DF834305B4B8DF8101055
S214004AB01D880D4040F0A980084639F07FFB0A2289
S214004AC0564B574C1A704FF42873ADF812304FF00F
S214004AD0FF332360534B54491B8820460B82534BAD
S214004AE0534A1B68CD828B61524B0D621B884B82EA
S214004AF0514B1B68CB611CF0B5FE20B14FF41B7107
S214004B004E483AF09CFC0521206835F081FA20B129
S214004B1040F27D2149483AF092FC206815F0EAF907
S214004B20474B2068196835F036FB0C2539F0AEFF88
S214004B306843099039F0AAFF68430DEB050107901A
S214004B40206817F0E3F820B140F295213B483AF090
S214004B5076FC25681FF030FA00220146284635F01C
S214004B6092FB20B140F2972134483AF068FC40F2BC
S214004B700353344D344E2B80052396F90000AB705A
S214004B807F2801D11CF064FF3378EB7039F07EFF8C
S214004B9000EB80008000A88039F078FF0023C0007A
S214004BA04FF0FF31E880AB604FF0FF3018A3D3E939
S214004BB0002339F055FC2549206835F01DFB206898
S214004BC002A935F039FF20B14FF434711B483AF092
S214004BD036FC042220680DEB020135F0B1FA0428F9
S214004BE004D040F2D72115483AF029FC01A901204B
S214004BF034F0BCFE07F0B2FB01201DF0BBFB30F02A
S214004C00A5FE1DF0E1FB1CF0BBFE0EB070BD00BFA4
S214004C100A0020FF420300001A5E00207165002093
S214004C204056002082BB04002C6C002088BB040089
S214004C30E5E1030080BB040084BB0400C5910400CA
S214004C407C69002034560020496F002059E203009A
S214004C500348044B834202D0034B03B11847704706
S214004C607C6F00207C6F002000000000064B074988
S214004C70C91A891048BF0131491003D0044B0BB143
S214004C8001481847704700BF7C6F00207C6F0020EB
S214004C900000000010B5064C237843B9FFF7D8FF94
S214004CA0044B13B10448AFF300800123237010BDFA
S214004CB0681600200000000028DF040008B5044B3A
S214004CC01BB104490448AFF30080BDE80840CDE7B7
S214004CD0000000006C16002028DF0400A3F5803AD0
S214004CE0704700BF154B002B08BF114B9D46FFF7C2
S214004CF0F5FF00218B460F461148124A121A16F08D
S214004D0043F90C4B002B00D098470B4B002B00D0E0
S214004D1098470020002104000D000B4816F07AFC8E
S214004D2016F00AF9200029002FF084FC16F060FC2B
S214004D30000008000000000000000000081000202E
S214004D4008100020D46500207DB6010007B50121BB
S214004D5020200DF1070201F021F850B1012120209A
S214004D600DF107028DF8071001F028F803B05DF882
S214004D7004FB9DF807100129F8D00122084814F01A
S214004D80F1FF01210DF1070220208DF8071001F038
S214004D9015F82FF0D1FB4FF4FA6000F049FEE5E776
S214004DA088F8030038B501F091F9012805D001F024
S214004DB08DF9022801D001F0AFF9064D2B783BB9EA
S214004DC001F084F90128044602D12FF02AFC2C7049
S214004DD038BD00BF065F002010B5044600882FF0DF
S214004DE07FFBA37884F84400834202BF0123E3706C
S214004DF02371074B04F11C00C4E9073401F024F8C2
S214004E00224620880349BDE8104000F061BF00BF7D
S214004E10774203004142030070B5C37804460D464E
S214004E201646002B34D1D1B1214814F09BFF012344
S214004E30E370E36CA6600BB1E06D9847E368F61A82
S214004E4063699E4221D2217E1A480131C9B2217679
S214004E5014F088FFA36D13B1217EE06D9847E570CE
S214004E602FF07DFB15B3237903BBA268238A801A33
S214004E7083421BD801231048237114F073FF236D5F
S214004E80A3B1E06DBDE87040184701232376E6E73E
S214004E900029E4D1094814F065FF636DE660E5700B
S214004EA02571002BDBD0E06D9847D8E770BD00BFBA
S214004EB0B0F80300C1F80300EFF80300DCF80300C5
S214004EC070B51E46838804460D46C18002810BB12C
S214004ED0868070BD817800882FF0EEF90123E3709C
S214004EE0064BA680C4E903340C34204600F0ACFF21
S214004EF029462046BDE870402FF028BBC342030079
S214004F0010B501790446B1FA81F1008849092FF0FD
S214004F104AFA21796088B1FA81F149092FF043FAFB
S214004F20034B1A68A24204BF00221A6010BD00BFDD
S214004F308416002070B543790446A3B100880E4E4F
S214004F4004F10805336813B10C4B1B786BB121795B
S214004F502FF029FA64210A4B3460A3602846BDE886
S214004F6070402FF0F3BA4088E9E7064814F0FAFEDE
S214004F70054B3221A360F1E784160020075F00206E
S214004F80014F000005F90300354F000010B5044638
S214004F90E0B10F4814F0E6FE01236371A37953B91C
S214004FA0217920882FF0FFF9236B7BB1606B0121FC
S214004FB0BDE8104018472046FFF7A2FF04F108009E
S214004FC02FF0C9FA2046FFF7B5FFEDE710BD00BF8A
S214004FD03BF9030010B50446F8B1104814F0C2FEC1
S214004FE000236371A3796BB921792088B1FA81F126
S214004FF049092FF0D8F9236B7BB1606B0021BDE81F
S214005000104018472046FFF77BFF04F108002FF0FA
S214005010A2FA2046FFF78EFFEDE710BD46F9030023
S21400502010B5044668B1074814F09CFE6379204624
S2140050301BB1BDE81040FFF7CDBFBDE81040FFF73D
S214005040A5BF10BD52F9030010B50E4C0E48214600
S21400505014F088FE82210D4814F084FE822102207E
S214005060A21E00F0ABFE014630B134F8022C084810
S214005070BDE8104014F076BE0648BDE8104014F0B7
S21400508071BE00BF9257002061F903007CF903004F
S21400509087F90300CBF9030038B50E4C822122466F
S2140050A0022000F07BFEA51C014650B122880A486B
S2140050B014F058FE45222846084916F0F5F8442311
S2140050C0238035F8021C064A0648BDE8384014F02E
S2140050D049BE00BF90570020D6F9030056FA0300D9
S2140050E09257002034FA0300034B1B781BB18B4207
S2140050F001D82FF021BA7047EA6E002010B504469A
S21400510001460E4814F02EFE012C11D10C4B0D4812
S2140051101A884FF6FF739A421EBF0022094B5A7434
S2140051202FF027F901F0BAFEBDE8104001F08CBD63
S2140051300448BDE810402FF01EB900BF9BFA0300DC
S2140051409C6E00200869002070B500241A4D1B4E86
S2140051503378A3421BDC0024194D1A4E3378A34241
S2140051601BDC0024184D194E3378A3421BDC00F0DC
S214005170ADFF012816481CD12FF0FBF801F08EFE7B
S21400518001F062FDBDE87040124800F0BFBF28463F
S214005190FFF722FE01346035DAE728462FF0CFF815
S2140051A001343435DAE728462FF002F90134383571
S2140051B0DAE72FF0E0F8E5E7742300200D5F002023
S2140051C0942700200E5F0020442100200C5F002062
S2140051D008690020FD5000002DE9F04F87B0FFF76A
S2140051E05BFFB34B05A805932FF006F9054615F0AF
S2140051F0C7FDB04CC2B21F2A627004D9AE4814F084
S214005200B1FD00F009FC2946A01C16F04DF805A8D3
S2140052102FF0F2F8054615F0B3FDC2B21F2A84F847
S214005220212001D9A548EAE7294604F1220016F014
S2140052303BF805A82FF0E0F832260446002725782C
S214005240002D40F092809E4CFFF77EFF2378DFF81B
S214005250ACA2DFF8AC829B4E00939AF8003098F828
S21400526000203178984814F07DFD327898F80010C8
S2140052709AF8000053180344944F20782C460344B1
S2140052803846DBB2AA4200F3D882012B38BF01238E
S214005290DFF840B202935A4600235D464FF482710F
S2140052A04FF6FF7402980133834213705180948046
S2140052B002F10C02F6DB864B86497E48AB6000F0B6
S2140052C0DBFFE879AB6800EB400003EB800000F002
S2140052D0AFFDEB790133EB717F4B1B88A34203D004
S2140052E07C497E4801F0CAF84FF00009784C3278C5
S2140052F04A4500F3CB8200274FF00C09784ADFF8C6
S214005300D4B198F800003178B84200F3D482471838
S2140053100C21002501FB07B19AF800009423A8424F
S214005320704A00F3E6820C2598F8003000274FF408
S21400533082783678DFF8CCA11E44064405FB06B515
S2140053405F4B1B78BB4200F3E7820299614800F08E
S214005350FDFD059B56491A468B4240F0F082624896
S21400536007B0BDE8F04F14F0FDBC532D0FD16378A5
S2140053704C2B40F04781A378502B40F0438101220C
S2140053805A4B1A7005A82FF037F8044657E7442DF5
S21400539013D16378303B092BF4D8601C2FF039F812
S2140053A0534B544A1978002386B2994202F16002A0
S2140053B0E8DD22F8466C0133F7E7422D0BD163781F
S2140053C0542B55D1A01C00F0D1FC434B1880184636
S2140053D02EF013FFD6E7582D34D8412DD2D9433DB1
S2140053E0152DCFD801A353F825F000BFA75700000E
S2140053F08553000085530000855300008553000048
S2140054008553000057550000855300008553000063
S21400541009550000575400008553000085530000CE
S214005420855300008553000089560000055600008D
S2140054308553000085530000855300008553000007
S214005440FF560000692D9DD1601C2EF0E2FF80B251
S2140054502FF06EF896E71B4B0120197800231B4AA5
S214005460994202F1A8028DDD02F8A60C0133F7E797
S214005470601C00F07BFC0546E01C2FF042F8012182
S214005480024628462EF0F9FF60211948194C037889
S2140054905943621865524FF4FA6111824FF448710D
S2140054A05161154956831165013303706AE700BFE1
S2140054B0925700201C680020BAFA0300D1FA0300B5
S2140054C0085F00200B5F0020E1FA0300981E002012
S2140054D050170020D81600209C6E0020881600204A
S2140054E0981D0020DC1B002031FB0300075F002016
S2140054F00D5F002074230020E3430300095F0020B3
S2140055000A5F0020D0180020601C00F02FFC00224C
S2140055104FF034088146CD4F11462EF0AEFF387856
S214005520CB4D08FB00F325F80390EA18E378104605
S214005530693B18BF012393702EF001FF0021C54A76
S2140055403B785160012103FB08550B443B70156006
S2140055500F46117416E7601C00F008FC0022114686
S21400556081462EF08AFF3422B84DDFF8E482287890
S21400557002FB00F328F8039008EB0301E3780846E3
S214005580693B18BF01238B702EF0D9FEB24A002368
S2140055901046916B31BB00EB831034232A7802FB54
S2140055A003838363AD4A00231046D2F8A410F9B9EA
S2140055B0A82202FB030034232A7802FB0383C0F8E8
S2140055C0A4305FB9A34A3B46114652F8040BA8B96B
S2140055D03422287800FB028241F823202B780133FE
S2140055E02B70CFE60133042B02F14002D1D1D9E76C
S2140055F00133042B02F1A802D7D1E2E70133042BD2
S214005600E3D1EBE7601C00F0B1FB8046E01C2EF017
S21400561078FF0121024640462EF02FFF6021904879
S214005620904D0278DFF858C251436B1825F8018078
S2140056304FF44871198259618B495E839965E17808
S214005640A824642904BF012199709CF80030DFF873
S2140056500CE25C430EEB04010EF804304FF40074C9
S2140056604C8003240C718C7102EB420405EB44154C
S21400567032240133DBB201324B718D6081F8A040D9
S21400568002708CF800307DE6601C00F06FFB002294
S2140056904FF0380A8146DFF8E08111462EF0EDFE25
S2140056A098F80030714D0AFB03F325F803904FF08D
S2140056B00109EA1882F80490E37873B1E01C00F060
S2140056C055FB0022044611462EF0D7FE98F800300F
S2140056D00AFB03535C8083F8069065485E4A0378AD
S2140056E09901535498F8001002EB8314C1EBC102E1
S2140056F005EBC2054A1C656388F80020D4E6601CEA
S21400570000F034FB8046E01C00F030FB0546601DD0
S2140057102EF0F7FE04460246012140462EF0ADFE6E
S2140057202246284601212EF0A8FE60204FF4487C31
S214005730DFF82CE14B4A9EF8003000FB03F422F819
S2140057400480DFF824811119A1F810C0C1F814C034
S2140057504E83C1F85880591CC9B248431418A4F89F
S21400576010C0C4F814C06683C4F858809424155238
S214005770404D981C8EF800002878DFF808C1444396
S21400578003EB430301EB41010CEB040E02EB431366
S21400579002EB41120CF80400CEF80430CEF80820D4
S2140057A001302870EEE5601C00F0E0FA8046E01C50
S2140057B000F0DCFA00220546114640462EF05DFE5B
S2140057C000223824114628462EF057FE2A48274A3B
S2140057D003784FF0000E04FB03FC22F80C804FF019
S2140057E0010802EB0C0181F806E081F8048003EB67
S2140057F00801C9B24C4302EB040C15539C1C047000
S2140058004FF482741D4D8CF806E028788CF80480DE
S2140058104443DFF874C0C3EBC303C1EBC1010CEB18
S214005820040E02EBC30302EBC1020CF80400CEF830
S2140058300430CEF808204044B3E790F805C00135A0
S2140058408C4584BF04714471A8301BE50E5F0020B0
S2140058509427002008690020981D0020981E00202C
S2140058600D5F002074230020E95000004421002032
S2140058700A5F0020095F00200C5F0020085F002000
S2140058800B5F0020DC1B0020D0180020B9F1000FB1
S21400589007D01BF8052C02EB420204EB8204CBF87F
S2140058A008405946384601F0CDFC09F10109A837F1
S2140058B00BF10C0B1BE579180AD0481E09FB00B04B
S2140058C0C07900EB400004EB800409FB01B0846063
S2140058D0104609FB0151039201F072FA31781C4818
S2140058E0394409FB015101F095F9039A013740321A
S2140058F007E5FD4218BF11F8050C03911EBF00EB2B
S214005900400004EB80048C6003FB052001F09AF84D
S214005910039901350C31FFE4F74218BF15F8053C32
S21400592029461CBF03EB430304EB830408FB07A0D4
S21400593018BFAC6000F038FF01370C3500E513F8EF
S214005940011D00297FF406AD3B2102F8011C01E58C
S2140059503821002007B5012121200DF1070200F0B3
S2140059601DFA18B99DF80720024B1A7003B05DF8AF
S21400597004FB00BFEA6E002007B5064B8DF8070053
S214005980187001210DF10702212000F017FA03B06C
S2140059905DF804FBEA6E002007B5022101200DF138
S2140059A0060200F0FBF938B9044814F0DBF9BDF83C
S2140059B0060003B05DF804FB0020FAE74EFB030088
S2140059C007B50221ADF806000DF10602012000F031
S2140059D0F5F9014610B1034814F0C4F903B05DF8B8
S2140059E004FB00BF6FFB030010B5FFF7D5FF0446AE
S2140059F00146074814F0B6F90121064814F0B2F93A
S214005A0024B9BDE810400120FFF7DABF10BD00BF83
S214005A109FFB0300B1FB030008B5044814F0A2F98D
S214005A2000F0DCF92EF088FD2EF083FDC7FB0300A6
S214005A3038B50446084D094B28462B6000F004FA9A
S214005A40002C18BF21462846BDE8384008BF4FF452
S214005A5096712EF07BBD00BF9828002031440300CD
S214005A602DE9F043384D91B008AC0746894690467C
S214005A700FCD0FC495E80F00002684E80F0001251F
S214005A800323324C3248CDE90366CDE905668DF82E
S214005A900E300796029539F07BFC2E4839F078FCDC
S214005AA032462D4920468DF8176004F0F3FC334645
S214005AB032462A498DF81900009020468DF823902A
S214005AC0CDF82C808DF8216004F0FEFC0A9020466C
S214005AD08DF8097004F060FC204608AA05A904F0B9
S214005AE019FD02AA204603A92FF08CFE4FF400727F
S214005AF01B4B5A62194BE560626A920510D46BB96B
S214005B004FF40072164B11485A6204F045FC1148D7
S214005B1039F041FC002011B0BDE8F083013BEBE713
S214005B20002BEDD0094908A82FF09FFE4FF4007215
S214005B300B4B06485A6204F02FFC064839F02BFC43
S214005B40BDF82000E7E700BFCC9204000040005AF2
S214005B50749504007095040080841E0040420F0077
S214005B600060005A0122034B1870034B1980034B48
S214005B701A707047105F0020A46E00200F5F002090
S214005B80F8B5454B1B780BB90020F8BD434B1B7886
S214005B90012B03D1BDE8F8402EF04DBC404B1C88CD
S214005BA04FF6FF739C42EFD03E4839F0F1FB0023DE
S214005BB0260AE4B21A462146304604F0ADFB012E12
S214005BC0354604F0010335D015D9B51E012DDBD8B6
S214005BD0002B0BBF4FF480754FF080754FF470614B
S214005BE04FF070610BBF01274FF480370F204FF442
S214005BF070202D4B11E0002B0BBF4FF480754FF03B
S214005C0080754FF470614FF070610BBF01274FF441
S214005C1080370F204FF47020244B1A6802401CD0A7
S214005C20BA421AD01A680A4032D11A6822EA010229
S214005C302A4316E0002B0BBF4FF480754FF080759B
S214005C404FF470614FF070610BBF01274FF480373F
S214005C500F204FF47020164BDFE71A6822EA000286
S214005C603A431A602EF0E7FB054600288CD008362B
S214005C7044EA06102A460321C0B2FFF7F1FE40F6BA
S214005C80FF73684300F2FF70B0FBF3F080B27CE76E
S214005C9095427FF479AFC8E70F5F0020105F0020C1
S214005CA0A46E00207495040028C3035020C303503C
S214005CB024C3035010B5044C237823B9034839F0A5
S214005CC067FB0123237010BD125F0020749504004B
S214005CD02DE9F0431F4C85B0074688469146FFF7EE
S214005CE0E9FF23781BB901F0C7FF012323707BBAB5
S214005CF0ADF80C3030220023174E02FB03F4315D62
S214005D00A51901BB012333554FF0FF3304F11000F2
S214005D1012493044AB606F80C5F80480C5F80C901B
S214005D2009F03CFA04F10801042231440C4B0095BA
S214005D3003A802F077F8A96802460A4814F012F899
S214005D4005B0BDE8F0830133102BD6D1064814F019
S214005D5009F8F5E7115F0020C02800205B44030027
S214005D606D440300D4FB030002FC030080B10278FC
S214005D70A2F14103032B0BD840783038C0B2082874
S214005D8006D8054B134413F8413C40EA03207047FD
S214005D904FF6FF70704700BFEC92040008B50B4644
S214005DA042B101460448006803F080F9BDE80840A7
S214005DB02EF0B8BB022008BD7469002008B50B465B
S214005DC042B101460448006803F0F8FABDE808400E
S214005DD02EF0A8BB022008BD74690020F0B500268E
S214005DE0124F8DB0FF2300930A223346386802A96B
S214005DF02FF0C5FAC0B102AB1D4603EB800404E0E9
S214005E0055F8043BB34228BF5E1CAC423868E9D95B
S214005E10296803F059FC0028F2D02D28F0D00DB0E8
S214005E20BDE8F0402EF07EBB0DB0F0BD74690020DA
S214005E3028B1034B0360034B436000238360704725
S214005E40190000031C690020FF2307B50021044A3F
S214005E500093083009F026F903B05DF804FB00BF94
S214005E60474503000B46044902460868034909787B
S214005E7008B12EF07BBB7047CC2B0020145F0020AF
S214005E80F7B50C4618B12921194839F0D8FA246814
S214005E9023685E795F8830463946FFF7E3FFF0B146
S214005EA08568E5B1A089227D3946904291BF0020E1
S214005EB0801AA36880B294BF03469B18E27C0090C9
S214005EC03046A8470138032803D8DFE800F0080F5B
S214005ED00B0D0024204632F0C2FD204600E0812053
S214005EE003B0F0BD8024F5E79324F3E78724F1E7B9
S214005EF02AFC0300F8B515460D4A044610680D4AFC
S214005F000B46117850B122462EF030FB034628B1DE
S214005F1000210C27C678B14201DB0020F8BD07FB44
S214005F2001F45A681019125BAA42F7D00131F2E761
S214005F30CC2B0020145F002008B5034B1B6803B170
S214005F409847002008BD00BFC82B00202DE9F74F5A
S214005F5004460D460026454B454F1860454B1970C4
S214005F6033010021F85C01360FF0F2FE0C2EF7D15B
S214005F700C2D28BF0C254FF0000901953C4EDFF88C
S214005F8000A13D4DDFF8FC80019B4B4502DC03B0D1
S214005F90BDE8F08F23784FF0000B33706388738072
S214005FA0A388B380A379C6F80880B371E379C8F8EC
S214005FB0005088F804304FF00003A768A8F80630B1
S214005FC0E3795B450ADC012116F8100B0FF0C0FEE2
S214005FD008F1080809F101090C34D5E74FF0000371
S214005FE038886B812880FB784FF0000C2B81BA78BC
S214005FF0C5F804A0002A00920CBF802240222A7313
S21400600079680AF10C02634513DC03EB43030AEBE1
S214006010830ABB6843B1009A4FF6FF71B2FA82F268
S214006020164B520932F0ABFC14350BF1010B0C3752
S214006030C6E7B1F800E00CF1010C22F80CEC91F880
S21400604002E00C3202F816EC91F804E00C3102F88B
S21400605015EC11F809ECBEF1010F14BF4FF0100E4D
S2140060604FF0110E02F814ECCDE700BFCC2B002049
S21400607094420020145F0020D0310020815E000092
S214006080D02B002050340020014B1860704700BF12
S214006090C42B002070B5128805460E46FFF72AFF6F
S2140060A0044670B102790499806814F0BFFF064B6D
S2140060B01B680BB9002070BD3146284622889847D9
S2140060C0F8E78620F7E700BFC42B002008B50EF0DF
S2140060D0DBFE022806D0012806D0044B18784000C4
S2140060E0C0B208BD0120FCE70220FAE7135F0020DB
S2140060F0054B10B51C682CB1FFF7E8FF2346BDE83A
S2140061001040184710BD00BFC02B0020014B186080
S214006110704700BFC02B0020034B1A781AB9012223
S2140061201A700AF0B7BE7047135F00200022024BB9
S2140061301A70FFF7DDBF00BF135F002037B50446B7
S214006140002832D00EF0A0FE022830D1608933F04D
S21400615003F8E079237A003818BF0120012B637A10
S21400616008BF40F008000BB140F0100063890BB187
S21400617040F00400257CA188A2790DB1E36873B9CC
S2140061800C4B10F0C1F92178084610F039FA32F0BD
S214006190EFFA002814BF0320002003B030BDCDE97D
S2140061A00035054B10F0B0F9EDE70220F5E70120C9
S2140061B0F3E700BFC0490400C318040008B50CF09C
S2140061C0C7FF014630B1044813F0CCFDBDE80840D7
S2140061D00DF062BB08BD00BF9CFC0300034B044AE5
S2140061E05B7C012103201370FFF7E8BD08690020DF
S2140061F0155F002010B50446FFF7F0FFB4F57F4F9B
S2140062000BD100240F4B1A8813449C70FEF71CFF1A
S2140062102046BDE81040FFF70BBC4FF601739C42CA
S21400622004D1BDE8104008482EF08BB84FF6027334
S2140062309C4205D1BDE81040044B1878FFF79CBB84
S21400624010BD00BF9057002008690020EA6E0020AD
S21400625010B5074C012122460320FFF79FFD28B901
S2140062602378044A003B18BF0123537410BD00BFB7
S214006270155F002008690020F8B5564B564C1A8862
S2140062804FF6FF739A4218BF03234FF0080218BF59
S2140062902370524B36251A70322230265A70DA7026
S2140062A0DA714FF400121D711D724D4D9E70C5645B
S2140062B04C4D5E7105654C4D352685654B4D4264EB
S2140062C0C5654B4D012245664A4D9E7185664A4D11
S2140062D086180567494DC6674567202580F87850BB
S2140062E080F8845000F12105C0F88850444E454D92
S2140062F080F84820C0F88C5080F8542080F8602041
S21400630080F86C20C0F8806080F89020C0F8944038
S214006310C0F8B8303C4B3D4CC0F8BC300223C0F847
S21400632098403B4C80F8C030C0F8A4400F24394B4E
S21400633080F8A840C0F8C430374B384CC0F8C83096
S2140063408223C0F8AC40364C80F8CC30C0F8B04061
S2140063500924344B344DC0F8D030344B80F8B44068
S214006360C0F8D4302C7C324B80F89C20C0F8A000BB
S21400637080F8D820C0F8DC3044B12E4B80F8E420FA
S214006380C0F8E03005F11103C0F8E8304FF0000C1B
S214006390CA798E6802EB42039F00443006EB830303
S2140063A026F807C0586001200D349870DC7013186A
S2140063B0CB71FFF7CFFAFFF74BFFFFF787FE0128F9
S2140063C006D12B7C23B1BDE8F84017482DF0B9BFA5
S2140063D0F8BD00BF9C6E0020EB6E0020165F00200C
S2140063E0059304000100200004930400020020002E
S2140063F003930400030020000293040004004200FC
S2140064000500420007003000FDFF210012001001C9
S214006410004042000093040000FF4401F092040094
S21400642006004200905700200869002002FF200165
S214006430EA6E002001FF100113B504460D482DF04A
S214006440E7FE6422C0F30F43637083B2B3FBF2F33C
S214006450A0782370202201212EF0AAF8A07821220D
S21400646001212EF0A5F80449201D02B0BDE8104019
S2140064702EF06CB89C6E0020E09304000B7870B58C
S21400648083704CF61E0303804FF02013C362012373
S21400649080F8303080F83C30C3180364124B044652
S2140064A043640223114A80F84830114B8263C36468
S2140064B04063CA798D6802EB420305EB830004F162
S2140064C02C0646600B4E45F8236000238360531C61
S2140064D0CB71094B201DC4E90134FFF7B5FC2046FB
S2140064E0BDE87040FFF7A8BFFDFF21002100200097
S2140064F0069304000100010339640000F8B54FF666
S214006500FF73994204460E4609D0B0F87E308B429F
S21400651005D04FF6FE729142037B01D10BB9F8BD50
S214006520EBB120462EF00DF920462EF0CDF84FF6B2
S214006530FE739E4213D1A068FEF74CFD6068FEF71E
S21400654049FD2EF00CF800232373A0674FF47F421A
S21400655060784FF48171BDE8F8402EF029B8B4F8A1
S2140065607E50237BB5422CBF02250125AB4218D0B6
S214006570D4E90107637B13B13B4607461846012D55
S21400658041D1FEF703FD3846FEF724FD2DF0E7FF68
S2140065904FF47F42A0674FF48171607825732EF028
S2140065A007F8E389A4F8806004F1B4060BB9238ADF
S2140065B07BB3B4F87E30A4F888302DF0D0FF012DE0
S2140065C0B4F87E30B4F88020C4F8840038D1D31AEA
S2140065D0022DE18903D1208A002818BF01465943BD
S2140065E06423594342F21073B1FBF3F10AB19A42A5
S2140065F001D101F6B83130462DF0A8FF2046BDE89F
S214006600F8402EF0A9B8FEF7E5FC3846FEF7BEFCCB
S214006610BCE742F21072012D08BF1346A4F87E3084
S21400662014BF0023642360784FF48171A375082299
S2140066302DF0BEFF3046BDE8F84002492DF086BF7B
S2140066409B1AC5E7E0930400094A437B0C211370AC
S214006650C3895380038A9380438AD380838A1381B5
S214006660B0F87E30538100781130C0B2FFF7A6BB79
S2140066701258002038B5044600780D4D11302A46D1
S2140066800C21C0B2FFF78AFB80B92B7820466373D3
S2140066906B88E381AB882382EB8863822B89A38295
S2140066A06B89A4F87E302DF0D9FFA07538BD00BFE9
S2140066B012580020024B53F820002EF0F8B800BF06
S2140066C0B034002010B50446052923D8DFE801F0D1
S2140066D003080C22221020462EF0DEF8002010BD03
S2140066E020462EF0DDF8F9E720462EF0DCF8F5E738
S2140066F0E18911B9218A0029F0D082B17BB11178E5
S21400670064290ED820462DF0C6FF014620462EF0FE
S214006710B4F8E3E7044813F025FB0120DFE7032085
S214006720DDE70220DBE700BFC9FC030010B4054C20
S214006730114654F820001A46BDF804305DF8044BA4
S214006740FFF7C0BFB034002000234FF0967210B59C
S214006750C0E903233222044682750F4A8382C26749
S214006760C0F88430A0F888308367A0F880308C307A
S214006770FFF76AFB094B04F1B400C4E92334FFF7C2
S21400678063FB074B04F1DC00C4E92D34FFF75CFB28
S214006790044BC4E9373410BDFFFF88138948030053
S2140067A0954703007D47030038B504460B78294A11
S2140067B043700D4642F82300FFF7C6FF2046FFF75A
S2140067C059FF4FF44013A3610123237784F8283040
S2140067D084F8343084F8403004F10D0363641E4BB3
S2140067E01E4AA364022322621D4A84F84C30626269
S2140067F004F11602E2621B4A84F85830226304F160
S2140068000C02A263184A84F86430E26304F10E02B4
S2140068102265164A84F87030626504F11002E2655B
S214006820134A04F11403226604F11202A266114A06
S2140068306367E266EA79A86802EB420300EB83012D
S21400684018344C600C4C40F823400C4B8B60531CA7
S214006850EB7138BDB034002002FF21011F5F00201D
S2140068600800200000FF300001FF100103FF210197
S21400687004FF210105FF2101020101082D67000028
S21400688010B44FF48274427B0C48013A012904FB91
S214006890020006D0022908D059B95DF8044B2DF045
S2140068A0FBBF5DF8044B2DF0FBBF5DF8044B2DF0ED
S2140068B0FABF03485DF8044B13F054BAD018002012
S2140068C0E5FC0300B0F85C302DE9F0418B4204464D
S2140068D00E4639D0437B077C93B31C4A12789A4203
S2140068E02ED34FF482751A4A013B05FB032390F81A
S2140068F00F801B7B42462DF0F3FFB845054601D1BD
S214006900FF281FD13A463146204694F890302DF0A5
S214006910E7FF2F460546552212216078A4F85C60F2
S2140069202DF046FEFF2F03D039462046FFF7A8FF7E
S214006930FF2D09D029462046BDE8F0412EF010B8BC
S214006940FF25DFE70746E6E7BDE8F081085F0020A1
S214006950D018002041688268C978D27849B112B14F
S2140069600321FFF7AFBF837B002B0CBF0121022161
S214006970F7E72AB1837B002B0CBF02210121F0E749
S214006980014813F0EFB900BFF6FC0300037BD3B158
S2140069904368DA7812B18268D278A2B91B7933B12B
S2140069A0837B002B0CBF04210521FFF78BBF836878
S2140069B01B792BB1837B002B0CBF05210421F4E748
S2140069C0014813F0CFB9704728FD0300084A437BFF
S2140069D005211370837B5370C37B9370037CD37045
S2140069E0037B137100780E30C0B2FFF7E7B900BF23
S2140069F0205F002038B5044600780C4D0E302A463D
S214006A000521C0B2FFF7CAF920B1BDE838400848F2
S214006A1013F0A8B92B7863736B78A373AB78E37322
S214006A20EB7823742B79237338BD00BF205F0020DA
S214006A3064FD0300024B53F820002DF0DBBF00BFBF
S214006A40D8340020F8B504460B78424A43700D4609
S214006A5042F82300404E2DF0EBFFFFF7CBFF6268B5
S214006A60A3683E483E49D6641165D4655065C3E9BF
S214006A701410DE64DC654FF0987302266361012310
S214006A8004F10C01E16137491032216204F10D0175
S214006A90A16235492376E16204F10E016163334950
S214006AA084F82430A16304F10F012164304984F88E
S214006AB03030616404F11001E1642E4984F83C3002
S214006AC084F84830216584F85460A265E879A9689E
S214006AD000EB400201EB820704F1140CC7F804C077
S214006AE04FF4817C244F41F82270C218D2B202EBD8
S214006AF0420241F822C001EB820700227A601F4A58
S214006B0084F8703022661E4A84F88830A2661D4AD1
S214006B101D4BE2661D4AC4F88C3062671C4A831916
S214006B20A26704F15C02C4F88020DBB2194A03EBCA
S214006B304303C4F8842084F8646084F87C6001EB26
S214006B40830260345460144A033041F82320E8710D
S214006B50F8BD00BFD834002055690000B7490300CF
S214006B608D690000010020010200100103003001C1
S214006B70040030010500210101FC01064A00210045
S214006B8008930400510010000A9304000B930400BD
S214006B90550021006F0018001200010470B50D4664
S214006BA00646144613460A460146164813F0DAF817
S214006BB025B92046BDE87040FFF71CBB072D05D160
S214006BC021463046BDE8704000F000BB4FF601435A
S214006BD09D4205D121463046BDE87040FFF72ABFEA
S214006BE0062D05D121463046BDE8704000F0A2B81B
S214006BF0B5F5817F05D121463046BDE87040FFF7E8
S214006C0059BD70BD93FD03000148FFF73DBA00BFB4
S214006C109D6B00004FF4C01330B503600123037171
S214006C20074B8C688360CA7902EB420304EB83054A
S214006C306860044844F82300531CCB7130BD00BF85
S214006C400C9304000400010138B50024044D55F8E7
S214006C50040B08B12DF0FCFE01340A2CF7D138BD28
S214006C6000350020042908B50AD172B16BB113783B
S214006C701BB92DF018FF002008BD2DF00AFFFAE71B
S214006C80034813F06FF80120F6E70320F4E700BF8F
S214006C90C6FD030010B4054C114654F820001A46F1
S214006CA0BDF804305DF8044BFFF7DCBF003500206C
S214006CB00229024608B50ED004D839B910462DF080
S214006CC0F2FE06E04029F9D0412907D110462DF002
S214006CD0E0FE002008BD2DF0F0FEFAE7024813F0B3
S214006CE041F80120F6E700BFE6FD030010B4054CAE
S214006CF0114654F820001A46BDF804305DF8044BDF
S214006D00FFF7D6BF00350020426B094B52791A7048
S214006D1082785A70C2789A70826B12B190F83C20D2
S214006D20DA70007804210930014AC0B2FFF746B88D
S214006D30255F0020024B53F820002DF0DABE00BF7E
S214006D400035002038B504460078084D09302A463C
S214006D500421C0B2FFF722F830B96B78A370AB7885
S214006D60E370EB7884F83C3038BD00BF255F002028
S214006D7038B504460078114D09302A460421C0B2C1
S214006D80FFF70CF8C8B9A3782A78022B0CD004D8E1
S214006D9063B920462DF087FE01E0FF2B0AD020467F
S214006DA0BDE838402DF054BE002AF2D120462DF022
S214006DB070FEF4E7002AF9D1EBE738BD255F002026
S214006DC0F8B504460B78284A0D4642F8230043706F
S214006DD0FFF7B8FF636B254A5C631A632046FFF72C
S214006DE0C7FF20462DF034FE4FF480136360012366
S214006DF0626BA66B0532E2601D4A23722261A21CFA
S214006E002375A26166B11B4A84F82030E261E21C59
S214006E106262194A84F82C3004F13C03A2622363B0
S214006E200627EA79A96802EB4203002E21F82370B0
S214006E3001EB83000CBF02230423C370012383707D
S214006E400E4B04348360531C4460DBB20C4C03EBE3
S214006E50430341F8234001EB830000234360094BC2
S214006E6002328360EA71F8BD00350020CF4A030085
S214006E700340300101FF300102FF1001ED6C0000FD
S214006E8008000100956C000028B1034B1B78834274
S214006E9034BF0020012070470A5F002070B500252F
S214006EA00A4C0B4E3378AB4200DC70BDD4F8A420FD
S214006EB042B123791BB16079FFF7E6FF10B910469F
S214006EC02DF030FA0135A834ECE700BF981E0020FC
S214006ED00B5F002008B5427901461046FFF7D4FF45
S214006EE0A8B1CB780A48013A042B00EB82100ED8E2
S214006EF0012B08D81BB9BDE808402DF0CABDBDE877
S214006F0008402DF0D0BDBDE808402DF0D6BD08BD28
S214006F10981D002008B5427901461046FFF7B4FFD9
S214006F20A8B1CB780A48013A042B00EB82100ED8A1
S214006F30012B08D81BB9BDE808402DF0B4BDBDE84C
S214006F4008402DF0A6BDBDE808402DF0B6BD08BD32
S214006F50981D002010B586B00446FFF7B7F8012844
S214006F6030D1E278042A2DD8DFE802F01332340359
S214006F70030061790846FFF787FF58B31648032ACF
S214006F8000EB811050F80C3C58791DD1003818BF22
S214006F90012063784FF480728DF804304FF48273CA
S214006FA0ADF806300623ADF8083001238DF80B3017
S214006FB000238DF80A0001A8CDE903238DF81430CC
S214006FC0FFF7BCF806B010BDB0FA80F04009E0E765
S214006FD00020DEE70220DCE7981D002010B586B012
S214006FE00446FFF773F8012830D1E278042A2DD83A
S214006FF0DFE802F013133203030061790846FFF757
S21400700043FF48B31548032A00EB811050F80C3CA8
S2140070105B791DD11A1E18BF012263788DF80A20ED
S2140070208DF804304FF48273ADF806300623ADF8C1
S214007030083001234FF480728DF80B30002301A82E
S214007040CDE903238DF81430FFF778F806B010BDAD
S214007050B3FA83F25209E0E70222DEE7981D002029
S21400706010B586B00446FFF731F8012812D16378D0
S214007070094A8DF804304FF48273ADF806304FF4A9
S2140070808073CDE90223002301A804938DF8143001
S214007090FFF754F806B010BD0800070110B586B01B
S2140070A00446FFF713F8012820D16278104B8DF8BC
S2140070B004204FF4827294F8A01094F8A10059703E
S2140070C01870ADF8062004934FF480720223094925
S2140070D001A88DF81430CDE90212FFF72FF894F8C6
S2140070E0A130013B18BF012384F8A13006B010BDC3
S2140070F0295F00200800050110B58378044603B315
S2140071000379022B0AD142791046FFF7BDFE28B15B
S2140071100C48013A00EB82102DF0CFFCA379022B2D
S21400712002D12046FFF716FF2046FFF7B7FF0223DF
S2140071306078A4F86C305522BDE8104012212DF07E
S21400714037BA10BD981D00204388094A08211380CD
S2140071508388538083681B8A938090F8A03093714D
S2140071608379D37100780430C0B2FEF727BE00BF23
S2140071701E58002038B50D4604460178114812F016
S214007180F1FD4FF602739D420ED10F4B1B782BB9C3
S21400719063712046BDE83840FFF7D6BF62790AB172
S2140071A09342F6D20123F3E7B5F57F4FF1D120469F
S2140071B02DF01CFDA378022B0CBF01220022A36831
S2140071C09A70E6E702FE03000A5F0020024B53F8BF
S2140071D02000FFF7CFBF00BF2835002038B5044693
S2140071E00078144D04302A460821C0B2FEF7D6FDBA
S2140071F020B1BDE83840104812F0B4BD2B8863803B
S2140072006B88E978A380AA88A3681A82AB7984F889
S214007210A030EB79A371094B1B780BB9637138BDAD
S21400722009B19942FBD9064812F09CFD2378013338
S214007230F4E700BF1E5800201CFE03000A5F002073
S21400724045FE0300F8B504460B78474A0D4642F85B
S21400725023004370FFF7C2FFA268444BD465D36493
S214007260434B02265365434BA11C13654FF4401352
S214007270E36001236161E1623F49103221632265C8
S214007280211D3E4AA1633E483E49626504F1A002C4
S214007290A061E163E265E01C611D3B4A2062616417
S2140072A03A483B492266A21D2374237784F8283087
S2140072B084F8343084F84030A16484F84C6084F854
S2140072C0583084F864306062A266E879AA6800EBF9
S2140072D0400102EB810704F10C0CC7F804C04FF024
S2140072E0060C2C4F42F82170C118C9B201EB4101BF
S2140072F042F821C002EB810700217960264F84F80E
S21400730080302767254F84F89830A767244F254B91
S214007310E767254F84F8746084F88C60C4F89C3066
S21400732004F16C06831CC4F88470C4F890601F4F88
S2140073301F4EDBB203EB4303C4F89460C4F88870B6
S21400734002EB83067034746008261A4C42F8234019
S214007350C31CDBB203EB430302EB8304043042F8A6
S21400736023606160E871F8BD28350020434B0300B8
S2140073708D4B0300F970000001FF300104FF20016F
S2140073801000300102FF200105FF300100FF300130
S21400739003FF2101070001084A0021000E930400A4
S2140073A051001000109304001193040055002100B2
S2140073B06F0018001200010400239B6AB3F5804F8B
S2140073C003D21968064A914203D0002303708360F3
S2140073D07047012202709A689B694260F7E700BF17
S2140073E007B0CD5E024B034A1A602FF023B800BFE9
S2140073F00000002002020FF073B53F4B04461A78D7
S2140074001AB102221A7002B070BDCDE9002200281F
S214007410F9D001261E7037F01DFF384D384B186026
S21400742017F082FA2B785BB902F0F2F940B93548CA
S2140074300823354A3549006801F038FE00B92E7039
S214007440334B5A68E260334A9A601A6E22605A6E6C
S2140074506260D3F87021A2601B6E5C042CD52E4AA5
S214007460D368D807FCD42D4B1A68531C29D04FF488
S214007470801393402A4A13660423294C4FF0804217
S21400748023664FF480632366102323664FF400536D
S2140074906846236601A9226663662DF0BFFB009B43
S2140074A02366019B63662B78002BACD0164B1A68BC
S2140074B022665B686366A6E71A4AD368D907FCD4D7
S2140074C0D1E7194B1B78002BD6D1184B5A68144BB2
S2140074D012B94FF480121A66154A526812B94FF460
S2140074E000121A66134B5B68002BC5D14FF480025E
S2140074F00B4B1A66C0E700BF2C5F00202D5F0020F4
S2140075006035002074690020643500200071080092
S2140075100080004455CEAC000000044040690020C6
S21400752000900044000004502B5F002000800550AF
S21400753000C005500000065038B5224D04462B7892
S214007540012B02D001232B7038BD0028FCD02DF073
S2140075508AFB013009D02DF086FB40F201139842D9
S21400756003D0194AD368DB07FCD42268174B1A6687
S21400757062685A66A268C3F87021E268D40744BFFE
S21400758000229A60124B1A68013213D1114A1278FF
S21400759082B911494968C80748BF1A600F4A52683D
S2140075A0D10744BF01221A600D4A5268D20744BF71
S2140075B002221A6017F0C0F90A4B186837F045FE29
S2140075C00023C0E72C5F0020000004400080004439
S2140075D0406900202B5F00200080055000C0055049
S2140075E0000006506035002070B50024A36AB3F58D
S2140075F0804F23D21A68134B9A421FD1124E33780B
S21400760013F0FD0518D14FF480341048FFF7F4FE50
S214007610032004F04FFC0E4B0320DC6004F02EFC2D
S2140076200C4B1C61AB6ADB69984704460748FFF7BA
S21400763083FF0CB901233370204670BD4FF481746C
S214007640FAE700BF07B0CD5E2B5F00205035002064
S21400765000A000440090004413B5204B1B7803B9EB
S214007660FEE700231E4CCDE900336A4608231D4979
S214007670206801F01BFDF8B91B4AD2F84031D2F859
S21400768040211F2B4FF0010311D9203A9340019A55
S2140076901A43019208236A461249206801F08EFEBA
S2140076A0124B134A1A602EF0C5FE02B010BD93406E
S2140076B0009A1A430092EDE72D28F1D10A4AD2F833
S2140076C04031D2F840211F2B4FF0010385BF203AEE
S2140076D093409340019398BF0093DBE72C5F002014
S2140076E0746900200071080000800044000000203B
S2140076F00B020FF038B50025AB6A0446B3F5804F91
S21400770010D21B6BB3F5804F0CD20748FFF774FE00
S214007710AB6A20461B6B5B689847BDE8384002485A
S214007720FFF70ABF38BD00BF6C35002013B5002434
S214007730A36A0190B3F5804F13D21B6BB3F5804F4D
S2140077400FD20948FFF758FEA36A01211B6B01A858
S2140077509B69984704460448FFF7EEFE204602B0B1
S21400776010BD4FF48174F9E76C35002070B5002623
S214007770B36A0446B3F5804F0D4612D21B6BB3F5C1
S214007780804F0ED20848FFF737FEB36A20461B6BC1
S21400779029469B69984704460348FFF7CDFE2046D6
S2140077A070BD4FF48174FAE76C35002070B5002682
S2140077B0B36A0446B3F5804F0D4612D21B6BB3F581
S2140077C0804F0ED20848FFF717FEB36A20461B6BA1
S2140077D02946DB69984704460348FFF7ADFE204676
S2140077E070BD4FF48174FAE76C350020F8B50027B9
S2140077F0BB6A0446B3F5804F0D46164611D21B6B86
S2140078007BB10948FFF7F8FDBB6A20461B6B324682
S21400781029465B6A984704460348FFF78DFE2046D4
S214007820F8BD4FF40174FAE76C35002070B50026F9
S214007830B36A0446B3F5804F0D4612D21B6BB3F500
S214007840804F0ED20848FFF7D7FDB36A20461B6B61
S21400785029469B6A984704460348FFF76DFE204674
S21400786070BD4FF40174FAE76C350020F0B50027C0
S214007870BB6A0446B3F5804F0D461646ADF5337D1C
S21400788020D21B6BB3F5804F1CD21048FFF7B4FD17
S214007890BB6A20461B6B40F2C1225B6A01A998476F
S2140078A0044630B10948FFF747FE20460DF5337D04
S2140078B0F0BD836A32461B6B2946DB6A01A89847EF
S2140078C00446EFE74FF40174EFE700BF6C35002085
S2140078D010B50024A36AB3F5804F10D21B6BB3F526
S2140078E0804F0CD20748FFF787FDA36A1B6B1B6B04
S2140078F0984704460348FFF71FFE204610BD0124A4
S214007900FBE700BF6C350020F0B58FB0044601A839
S2140079100E461546FFF7EEFE9DF80C30012B12D1F1
S214007920B5F5402F27D8B4F5402F24D86319B3F502
S214007930402F20D821462A46304613F0B5FC0024B6
S21400794020460FB0F0BD0027BB6AB3F5804F15D2B6
S2140079501B6BB3F5804F11D20A48FFF74DFDBB6A8B
S2140079602A461B6B314620465B6B98470446054803
S214007970FFF7E2FDE4E740F20244E1E740F20114DB
S214007980DEE700BF6C350020F0B58FB0044601A8D6
S2140079900E461546FFF7AEFE9DF80C30012B1FD1A4
S2140079A0B5F5402F06D8B4F5402F03D86319B3F5C4
S2140079B0402F13D940F2024420460FB0F0BDE258E3
S2140079C0013225D104339D42F9D82A463146204655
S2140079D02DF079F90028EDD00024EDE70023F2E73A
S2140079E00027BB6AB3F5804F15D21B6BB3F5804FEB
S2140079F011D20A48FFF700FDBB6A2A461B6B3146C8
S214007A0020469B6B984704460448FFF795FDD3E74E
S214007A1040F20344D0E740F20114CDE76C35002075
S214007A2070B58EB0044601A80D46FFF763FE9DF8BC
S214007A300C30012B22D144EA0503C3F30C03002BC0
S214007A4033D1B5F5402F04D940F2024420460EB09B
S214007A5070BDB4F5402FF7D82544B5F5402FF3D8C0
S214007A60204604F500542DF027F9AC4202D0002839
S214007A70F6D1E9E70028E7D00024E7E70026B36A56
S214007A80B3F5804F14D21B6BB3F5804F10D20A4863
S214007A90FFF7B2FCB36A29461B6B2046DB6B9847A0
S214007AA004460548FFF748FDD0E740F20444CDE71A
S214007AB040F20114CAE700BF6C350020BFF34F8FB9
S214007AC00549064BCA6802F4E0621343CB60BFF375
S214007AD04F8F00BFFDE700BF00ED00E00400FA0591
S214007AE070B5D0B1C9B10E4E431E013913F8014F1F
S214007AF02046325D02F00302012A11F8012F08BF6A
S214007B0004F12000B55C05F00305012D08BF203206
S214007B10801A01D1002CE9D170BD0120FCE700BF1E
S214007B2071BA04000348044A0449121A92102DF050
S214007B3016B900BF34410000D04200007066002035
S214007B4008B5154B83F30A8800F030F8FFF7EAFF14
S214007B50124B13498B4212D30020124B12498B4210
S214007B6018D3FDF7BFF8186850F82240586840F858
S214007B702240013298688242F5D30C33EAE70022AD
S214007B80F8E71C6844F8220001325C68A242F8D389
S214007B900833E4E70022F8E70800002030DF04009E
S214007BA03CDF04003CDF04003CDF0400124B134AB9
S214007BB070B59A60D3F88820114D42F47002C3F86D
S214007BC088206FF0010205F50054226641F2FF722C
S214007BD062660222C3F8D020BFF34F8FBFF36F8FC9
S214007BE04FF44036032004F065F90320E66004F005
S214007BF045F92E6170BD00BF00ED00E000400000BA
S214007C0000800044014B1860704700BF48690020A0
S214007C10054B1860054B1B6F03F00703032B01D1C0
S214007C2035F0CABB704700BF506900200080005086
S214007C302DE9F04104464FF001080C250D4E0CB915
S214007C40BDE8F08194FAA4F0B0FA80F00F2808FAA4
S214007C5000F2C8BF103824EA0204CABF05FB00625F
S214007C6005FB0062B4325768002FE8D09168C0B2B6
S214007C70B847E4E77C35002008B50C4837F088FBA9
S214007C80192004F009F928B1192004F013F9192075
S214007C9004F0F4F81A2004F0FFF828B11A2004F0D3
S214007CA009F91A2004F0EAF8002008BD74950400CB
S214007CB02DE9F0410E461746054618B30F2923D87E
S214007CC00378DBB1013BDBB2022B19D8104AD35C38
S214007CD06A78D340DB0717D50E4BD3F81043ACB900
S214007CE037F0B8FA80463A462846314602F042FE59
S214007CF0404637F0AAFA2046BDE8F0817F23E7E742
S214007D000023E5E72224F6E72124F4E70224F2E73D
S214007D106493040000C0035010B5044610B3037803
S214007D20E3B1013BDBB2022B1AD8104AD35C62786F
S214007D30D340DB0718D537F08DFA01226178237817
S214007D408A4030214B4341F2100103F1A04303F572
S214007D5070335A5037F079FA002010BD7F23E6E7DB
S214007D600023E4E72220F8E72120F6E764930400E6
S214007D7010B5044610B30378E3B1013BDBB2022B27
S214007D801AD8104AD35C6278D340DB0718D537F090
S214007D9061FA0122617823788A4030214B4342F20F
S214007DA0100103F1A04303F570335A5037F04DFA33
S214007DB0002010BD7F23E6E70023E4E72220F8E753
S214007DC02120F6E76493040038B50D46044618B340
S214007DD011B30378E3B1013BDBB2022B1AD8104A89
S214007DE0D35C6278D340DB0718D537F033FA3022FD
S214007DF02378534303F1A04303F570335B6962783D
S214007E00D34003F001032B7037F01FFA002038BD73
S214007E107F23E6E70023E4E72220F8E72120F6E7C1
S214007E20649304002DE9F0410D4616469846044634
S214007E3000284FD000294DD00178002940D04B1E95
S214007E40DBB2022B3ED8254AD25C6378DA40D207F2
S214007E5001D4FF2940D1022E01D9042E3CD137F09F
S214007E60F9F923780746FF2B05D0324620462968C5
S214007E7002F0C6FD28602B68013309D12378FF2B5A
S214007E8006D1174B6078D3F824142DF043FD2860F4
S214007E9029684B1C18D00C23124A03FB0122069BB0
S214007EA0C2F8048093602378FF2B04D001230E4A87
S214007EB08B40C2F82434384637F0C7F9002007E074
S214007EC07F22C2E70022C0E7384637F0BEF92D20F1
S214007ED0BDE8F0812220FBE72120F9E76493040047
S214007EE000C003507C35002000D0035008B502F0D7
S214007EF037FD044B00F05530C3F82004BDE80840B9
S214007F00FFF796BE00E0035008B502F029FD044BCB
S214007F1000F0AA30C3F82004BDE80840FFF788BE8A
S214007F2000E003502DE9F04F144605460E469B46EA
S214007F30C36B87B001225B6902A960689847EB6B48
S214007F4001225B6903A93046984702A82DF006FB7C
S214007F50074648B10023A37563754FF0FF33A3604F
S214007F60002007B0BDE8F08F03A82DF004FB012326
S214007F70A375237E04EBC303DE611F846368B342EC
S214007F800ED1206003A82DF018FB4FF0FF332075AC
S214007F90A360237D043B022B26D80023A375DFE7CE
S214007FA023681A1A53425341A37503A82DF005FB04
S214007FB0237D834218BFA77503A82DF0E0FA074675
S214007FC002A82DF0DCFA874218BF002303A818BFCA
S214007FD0A3752DF0DCFA074602A82DF0D8FA8742E2
S214007FE01CBF0023A375D4E703A82DF0C8FA80B100
S214007FF0EB6B022230465B6904A9984704A82DF073
S214008000CDFA0346207D032839D8DFE800F038385B
S214008010040903A8F3E7CC22237E04EBC3031A84E7
S21400802001F06EFC109B187003A8277E2DF09BFABB
S21400803004EBC70787F82200237E03A804EBC303DC
S214008040B3F8209093F822702DF099FA804603A892
S2140080502DF09DFA8246B8F1000F15D0EB6B022288
S21400806030465B6904A9984704A82DF05CFA607551
S214008070637D6BB90023A3754FF0000838E0227EBD
S21400808004EBC2021384CBE703A82DF037FAEEE721
S21400809094F81680B8F1000FEED0B9F1000F09D1B0
S2140080A0DFB10123E375637E002B4FD1012F42D150
S2140080B0677614E06B6C06EB0A015A4286EA01000A
S2140080C010421CBF0022A2755A1E0A409B1A9945F0
S2140080D0D0D8A37D002BE3D1CEE7E37D43B94FF0A4
S2140080E000084B465246314628462CF082FFA060D8
S2140080F0A27D12B123694B4423611A49237E097875
S21400810099422AD901332376BBF1000F27D032B328
S214008110E37D23B3B8F1000F21D1032F1FD0A16850
S2140081204B1C1CD0109B2246009328460123FFF7C9
S214008130F9FEA07513E095F8343063B9EB6A0133A5
S214008140CFD1032FCDD10123A376C8E7012FCFD0FF
S214008150032FC4D1F7E79846C3E70023A375A07D95
S214008160FFE600BF889304002DE9F04F0E469846C0
S21400817000238BB004464FF0FF31104617468DF8AB
S214008180133001F0A7FBB6F5801F20D2314605AAB2
S21400819004F108002DF034F9451C014603D1237C78
S2140081A0BBB92D2010E0384601F094FB0122394679
S2140081B020460DF113032CF06EFF0028EFD09DF83B
S2140081C0133088F8003000200BB0BDE8F08FB01CEC
S2140081D0E5D1E56A691C36D12046616A2CF04FFE6F
S2140081E00546B31C18BF0123DFF8CC900193636AE1
S2140081F0626C0293236805A902FB053AE36B05222D
S2140082005B695046984705A82DF043FA2DF066FAAC
S21400821050462DF06EFA4FF0000B824601464B1C7E
S21400822005D0636C81EA0A025B42134211D02946EC
S21400823020462CF024FE029BAB422CD0BBF1000F54
S2140082402CD10546D3E72368ED1A636CB5FBF3F52E
S214008250C7E7484601F03EFB0DF1130349462046AA
S214008260019A2CF018FF034690B1B21C03D0D9F83F
S2140082700020B2420CD19DF8132003930D4B88F8D2
S214008280002049461A68384613F00EF8039B9B46B2
S214008290D9F80810C3E7BBF1000F82D0B6F5801FEF
S2140082A091D2314698F800307A6804F1080001F05F
S2140082B03FFA88E784930400583D00202DE9F341F7
S2140082C00446174698460E46184D816AE36A8B4266
S2140082D001D04B1C02D102B0BDE8F081284601F067
S2140082E0F9FA0122294620460DF107032CF0D3FEA9
S2140082F038B14346294620469DF80720B84700284F
S214008300E9D0A9684A1C04D1696820462CF044FECE
S2140083100146012EDAD16B6881EA0302636C5B4288
S2140083201A4218BF4FF0FF31D0E700BF2C3D0020A7
S2140083302DE9F04F4FF0FF334FF6FF72002504464D
S21400834000F10806C0E909238BB0C3620562056325
S214008350304688462DF025F820462CF060FD60BBA0
S214008360204641462CF0DBFD20462CF058FD60BB35
S2140083705E200BB0BDE8F08F2368E26B606C576937
S21400838000FB0530052205A9B84705A82DF081F9A0
S214008390012807460CD1294620462CF091FD012FD6
S2140083A0024600D10132294620462CF057FD03E054
S2140083B02DF099F90028EED10135E3699D42DBD313
S2140083C020462CF02CFD0028CAD000254FF0FF399F
S2140083D04FF6FF73CA46A846C4E90853E3699845B2
S2140083E00AD3A5EB0905012D2CD84FF6FF72636A58
S2140083F093423CD16720BCE72368E26B606C576908
S21400840000FB0830052205A9B84705A82DF041F95C
S214008410834605A82DF014F9074658462DF05EF958
S21400842068B1574538BFC4F82480B94528BFB94657
S214008430BD4238BF3D46BA46236A0133236208F17F
S2140084400108CBE74FF6FF7300256362E3699D42A0
S214008450CBD2676C2068E36B052207FB05005B69DF
S21400846005A9984705A82DF0EBF80135EEE7E26B75
S214008470676C2068694607FB030055690522A84714
S21400848068462DF0DDF8626A2368606C4B4D00FB91
S21400849002302DF02EF94FF0FF33A062E3622A4639
S2140084A06FF00101204605ABFFF75EFE002846D1BF
S2140084B0AD6829462046E5622CF08DFC206320B985
S2140084C02046E16A2CF068FDE062294620462CF042
S2140084D063FD0546A36A9D4233D120462CF04EFC30
S2140084E000278046B946E36999453CD3B84559D933
S2140084F02046616A2CF0C3FC0026054604F1400ABB
S214008500B74212D8626C2368694602FB0539E36BF2
S21400851005225B694846984768462DF091F8534611
S21400852002464946E06B2DF0E6F8294620462CF038
S214008530A6FC0136B0450546E2D1642019E7A56AD7
S214008540B7E7294620462CF046FC236B2946034411
S2140085500746236320462CF01FFD0546002FB9D1A1
S214008560C4E90B07B6E7636C2568052203FB0955CB
S214008570E36B05A95B692846984705A82DF089F89E
S2140085802DF0ACF858B128462DF0B3F80146204639
S2140085902CF021FC636C143B984208BF013709F1AC
S2140085A00109A0E730462CF0FCFE002320461946C1
S2140085B0034AFFF783FE0020DBE600BF843D002071
S2140085C0855003002DE9F041036B9046826B0768E7
S2140085D09A4288BF8363426C436A90B002FB03777B
S2140085E0C36B0E46052201A95B69044638469847C8
S2140085F001A82DF04EF801280146307057D0656C62
S214008600E26B2368606AD2F814C005FB00300522CE
S21400861006A9E04706A82DF03CF801284FF0000513
S21400862023D0D4E90A3201219342CDE90B458DF8D7
S21400863034800E958DF83C102AD1194620462CF031
S214008640ABFC236B626C14339B1AE06223630C9BB7
S21400865053B99DF83C303BB1626A616C2368E06BAD
S21400866001FB02312CF0CDFF0C9DE36B05225B690C
S21400867001A93846984701A82DF00BF83070284617
S214008680236BA26B9A4288BFA36310B0BDE8F0814B
S214008690237C33B91C490BAA04F1080001F096F8B4
S2140086A0D5E72046194A0BABFFF708FECFE7237C39
S2140086B023BB2246164904F1080001F087F8616AD8
S2140086C020462CF0FDFB616A421C20462CF0C6FBBF
S2140086D0054620B9236B626C1344143B2363204683
S2140086E0A16A2CF059FC2368A062C01A636CB0FB28
S2140086F0F3F0606220462CF092FCB6E7002320469A
S214008700044AFFF7DBFDDAE7698E0000E58D00001E
S2140087101F510300BB50030073B50D46D11E4A42DD
S2140087201C461B7E4A419A4226D1296823689942F4
S21400873022D3636899421FD8114E0DF107033246C3
S214008740FFF712FDC0B972686B689A4214D19DF8A3
S2140087500730DA1E53425341227E93420CD163699E
S21400876001336361D4E90323934205D22968A268E2
S21400877042F8231001332361012002B070BD00BF10
S214008780843D00202DE9F04F9B4689B09DF8483087
S2140087909046514A0193136907465B450D46C0F063
S2140087A09580D94653680093B9F1000F7BD0FB6BD8
S2140087B001225B6905A90098984705A82CF0DBFE06
S2140087C0454B1B68984240F0848005A82CF0DFFEDD
S2140087D00428064615D105A82CF0E0FE009B0446AA
S2140087E01E44019B002B3ED1804512D91C46A8EBA7
S2140087F00008384600992CF0CFFBA9EB040900903E
S214008800D2E7FB6B02225B69009806A9984706A888
S214008810E2E7A0EB08045C4528BF5C46032C464410
S214008820ABEB040B1DD9FB6B294630465B69A208EF
S214008830984724F0030304F0030A1E441D44DDF8A1
S2140088400480BAF1000FD4D0FB6B012206A9304693
S2140088505B6998475246284606A912F025FD5544FE
S214008860C7E7A246EBE7824600F0030302932B1805
S21400887003930644039BA6EB0A00A3EB0A05029BA0
S2140088809A4514D1BAF1000FB3D0FB6B012206A9AA
S2140088905B6998475246284606A912F0C1FE002892
S2140088A0DDD04FF03609484609B0BDE8F08FFB6BC7
S2140088B0012206A95B6998470422284606A912F0F9
S2140088C0AFFE0028EDD1AAF1040AD3E74FF0630902
S2140088D0E9E74FF06F09E6E7B03D00202DE9F041EB
S2140088E00F4616469846044688B060B390F8345053
S2140088F0FDB101212CF088FA00210E9BCDE905116F
S214008900CDE902379DF83C30CDF804808DF81C3058
S214008910237C04968BB90D4901AA04F1080000F0E7
S21400892055FFDDE90553E06B002E08BF1D462CF011
S21400893004FC284608B0BDE8F0812046044A01AB96
S214008940FFF7BCFCEDE70546F3E700BFE950030080
S214008950198700007FB590F84260044601920DF139
S2140089600B030A46304611492CF0EFFB012E054654
S214008970E36B17D132465B6903A998479DF80B1045
S214008980039B019A59B19BB243EA0243012228464F
S2140089900393E36B03A99B69984704B070BD62F329
S2140089A00F03F3E701229B6901A9F5E7B03D00201C
S2140089B02DE9F04F99B00E460D920A69416C0B9363
S2140089C01439D31DB3FBF1F3013302EBC302036B7F
S2140089D004469342C0F001820023DFF80494089313
S2140089E0E36A48461946059300F074FFD6E9033754
S2140089F007930B9B022B4DD1CC2F40F0D7810D9BBC
S214008A003BB1314620462CF0F6FB656C14900120F5
S214008A1044E00120079B656C1B68149300F001007E
S214008A2000280CBF04230823782F0E9349D8059AF4
S214008A306B1E1340ED1A3B1D9D423CD2002F3DD0CD
S214008A40082D3ED80023042506934FF0040A336809
S214008A5006990B98C9F80030C9F810702CF0B1FDD3
S214008A604FEA9A030F93059B89F81400039300239B
S214008A7009930C9304930A93616C039B4A1E1A4055
S214008A808B1A27B35544AB4223D8236B5B1A134487
S214008A9023632FE1782F656CB9D8F07D0D9B002BF2
S214008AA0BCD0E36B01225B69706816A9984716A8CC
S214008AB02CF065FDB4E700250695C6E70425069765
S214008AC0C3E7012300254FF0080A0693BFE7534586
S214008AD0DBD3A3EB0A029742039BB84628BF904617
S214008AE09742534428D90122D9F8101089F8172044
S214008AF08F4226D10399C9F80410049299F81720DA
S214008B000AB399F818100398CA1C09EBC202506001
S214008B1004980131A2F80880907289F81810B8F10C
S214008B20000F07D00B9A022A40F08180099A72B192
S214008B30012209929B46ABE0049A002A18BF032242
S214008B40DBE70222D9E7039AC9F80420E7E70C9A84
S214008B504244032AEED9E26B1846956914A901220D
S214008B600993A847099B05460028E1D03D2D40F013
S214008B701E8104F1080303932368059A606CA2EB38
S214008B80030ABAFBF0FA00FB0A302CF0B2FDE16AE9
S214008B90804620462CF000FAA26A824200F00F813E
S214008BA0626CD9F80830511E0B40216B2768891A71
S214008BB00B442363089BE062DF1BB7FBF2F7BA4562
S214008BC040F0FA80059BB3EB080A12D0E36B4FEA3D
S214008BD09A0241469B6998478346E36A059A53443E
S214008BE0E362236B03989B1A434423632CF0D9FB60
S214008BF0DA462368616CE06B01FB07312CF0EEFC73
S214008C0020462CF00CF920462CF009FA2063BAF125
S214008C10000F00F0D4803269616CD31D1439B3FBA9
S214008C20F1F3013302EBC3029042A5D2BFE00D9AE6
S214008C30002A77D1B8F1030F4FEA98026ED9E16B9C
S214008C4018468D6907991093A847109B0546C0B92A
S214008C5018F0030515D0079A28F0030B02EB0B015A
S214008C609B444FF0FF3215A815922A46109312F037
S214008C701BFBE26B5846956915A90122A8470546D5
S214008C80109B9B46079A42440792002D40F08B802B
S214008C90049B16A80193069B009399F8142043465C
S214008CA0316800F0CDFDE36B0F9A9B69039816A917
S214008CB09847039A051E089B18BF13460893434619
S214008CC05246204603992CF094F9236B08F10302D0
S214008CD0A3EB0A0322F003029B1AC9F808002363D9
S214008CE0002D7FF443AF0C9BA7EB080743440C937F
S214008CF0CDF80CB0204603992CF04EF900250390D1
S214008D00002F7FF4B9AE364A3168936804F1080044
S214008D10E36252680B9B00F00BFD49E09B4645461C
S214008D2007999EE79B4606F120021092F27D706836
S214008D30A2B1002296F818C00A99D5B2AC4511D94E
S214008D40109D02F1010E35F832508D4228D90E984A
S214008D5006EBC2020144D069084403E00E9A0A9961
S214008D600A441044E26B15A9556901221193A847DD
S214008D70159A0A9B1392E26B0433956958460122B2
S214008D8013A90A93A847119B054603EB0802A2EB1A
S214008D900B02042A7FF679AF28B90BF1040BC5E75E
S214008DA07246491BC9E7CDF820B088E770252F46E4
S214008DB0384619B0BDE8F08F4FF0000A19E732695F
S214008DC0616CD31D1439B3FBF1F3013302EBC3021C
S214008DD0236B9342BFF404AEE9E71C27E8E700BF25
S214008DE0583D0020032A2DE9F34106460D46174656
S214008DF01C4606D1237A012B23D0012002B0BDE801
S214008E00F081DFF86080096842460DF10703FFF73E
S214008E10ABF960600028EDD19DF80720237A032A7D
S214008E20E8D0D8F804106A689142E3D1012B29698A
S214008E30D4F80CC007D172690CEB0103934202D937
S214008E402074207CDAE708316144E1603B46012269
S214008E5029463046FFF7ACFD60600028CAD00020E7
S214008E60CCE700BF843D00202DE9F341089C032A8F
S214008E701746266806D1237A012B24D0012002B09B
S214008E80BDE8F081DFF89080304642460DF10703DA
S214008E90FFF76AF960600028EDD12568D8F804006D
S214008EA0A96AD5F844C04840CCF100031840227A9D
S214008EB0E1D1012A09D1E268D8F81030134472696A
S214008EC0934202D92074207CD9E72868EB6A1B1AE3
S214008ED0081AB3FBFCF3B0FBFCF083420BD1706CBA
S214008EE0F36A421E1340326B121A13442846336349
S214008EF02CF052F8E862D8F81020E36808321344E1
S214008F00E36001223B4604492068FFF751FD60609C
S214008F100028B0D00020B2E7843D00202DE9F041C3
S214008F200025604B0E46D3F8008004461D6018B935
S214008F3021252846BDE8F08190F8347007B30A680A
S214008F4003689A4240F0A3804A6843689A4240F019
S214008F509E808A6883689A4240F09980CA68C3688F
S214008F609A4240F094800A6943699A4240F08F80A2
S214008F708A69C36B9A4240F08A804B698361D8E75E
S214008F8068223946856B11F0FFFFD6E90212336876
S214008F9004F1080023607368A56363603369636146
S214008FA07369A3612CF00FFAB36904F14000E36320
S214008FB09B68984720B9676C17B16368B3FBF7F7EF
S214008FC094F84330E761002BB2D00023656C23662B
S214008FD0002D64D0002F62D02368B3FBF5F205FBAA
S214008FE01233002B55D16668B6FBF5F305FB136309
S214008FF0002B4ED120462BF0DEFEA369043303443B
S2140090009E4248D340F634726369CC3B934244D8C0
S214009010B5F5805F43D3032120462BF0F5FED4E957
S2140090200001E36B1B6898470546E36B0220DB688C
S2140090309847CDB941462046FFF77AF96428054699
S21400904004D141462046FFF773F90546666C5DB9C4
S214009050236A2046143E5E432BF0ADFEA36904331C
S21400906003449E4238BF5A25002D0CBF012300231F
S21400907084F8343007D1D4E900010B4A1368013371
S21400908013602CF03AFAE06B2CF057F851E75D25A8
S2140090904FE759254DE75A254BE75F2549E75B25FE
S2140090A047E700BFE8360020E43600202DE9FF4100
S2140090B00C4616461F46054680B390F834307BB300
S2140090C0B1F5801F2ED2DFF8608001212BF09CFEC8
S2140090D02146424628460DF10F03FFF745F80446A1
S2140090E070B99DF80F30012B11D1D8F81030BB4263
S2140090F012D10246009031462846FFF743FB04464D
S214009100E86B2CF01AF8204604B0BDE8F081022B7C
S21400911014BF2D246024F3E76324F1E72124F2E74B
S2140091201124F0E72924EEE7B03D00202DE9F043B6
S21400913085B00C4617461E460546DDF8308098B3C7
S21400914090F8343093B3B1F5801F31D2DFF86490D5
S21400915001212BF059FE21464A4628460DF10F0301
S214009160FFF702F8044688B99DF80F30012B14D19A
S214009170D9F8102006EB08039A4213D30090434612
S214009180324639462846FFF7FDFA0446E86B2BF0D0
S214009190D4FF204605B0BDE8F083022B14BF2D2473
S2140091A06024F3E76324F1E72124F2E71124F0E7D3
S2140091B02924EEE7B03D002073B50C46164605465A
S2140091C030B390F834302BB3B1F5801F24D2012190
S2140091D02BF01AFE21462846104A0DF10703FEF72B
S2140091E0C3FF044680B99DF80730032B0CD0022B32
S2140091F00CD1284609492BF0FEFF3060E86B2BF0B7
S2140092009CFF204602B070BD2D24F7E76124F5E7E9
S2140092102124F6E71124F4E72924F2E7B03D0020E4
S2140092202DE9F3411E4600230C46174605463360DB
S21400923050B390F834304BB3B1F5801F28D2DFF826
S214009240548001212BF0E0FD2146424628460DF1D0
S2140092500703FEF789FF0446A0B99DF80730032BE5
S21400926010D0022B03BF01233B600423D8F8103034
S21400927018BF38603360E86B2BF05FFF204602B003
S214009280BDE8F0812D24F6E72124F7E71124F5E761
S2140092902924F3E7B03D002073B50446056B2BF098
S2140092A08AFD636E03449D422CBF00230123854242
S2140092B094BF00252D1A207C84F85030656584F80C
S2140092C05800A8B100230C4E1A46194620460096B0
S2140092D02CF055F8002305461A46194620460096F7
S2140092E02CF056F8E3682844984294BF0020C01A31
S2140092F0E06502B070BD00BFFFFF0F002DE9F34729
S2140093001E4643690446B342884617469DF8289091
S2140093104ED300258DF8075020462BF04CFDD4F890
S21400932030A082450AD2236AB5EB430F06D200224C
S21400933020460DF10701FFF745F9B8B39DF8073051
S214009340012B05D1002220460DF10701FFF73AF95F
S214009350B9F1030F06D0314620462BF01CFD256BD5
S214009360854227D3144D4FF0FF31284600F0B2FA5D
S2140093704B46294600222046C5E90376C5F80080FC
S214009380FFF716FB236E054663B12046FFF784FF02
S21400939094F8503013B994F858301BB1236E04F18A
S2140093A050009847284602B0BDE8F0870135B3E77D
S2140093B06225F7E71C25F5E7843D00202DE9FF41EF
S2140093C00F4690461E46054698B390F8343093B341
S2140093D0B1F5801F31D21A4C02212BF015FD224622
S2140093E0394628460DF10F03FEF7BEFE024678B159
S2140093F0012342460093394633462846FFF77EFF50
S2140094000446E86B2BF099FE204604B0BDE8F081D8
S2140094109DF80F30012BEBD12169B142E8D10093C2
S214009420414633462846FFF7ADF904460028DFD10B
S214009430E7E72124E8E71124E6E72924E4E700BF6C
S214009440B03D00202DE9F04790F8423086B0012B61
S21400945005460391A1EB020740F0AA80FF2F03D830
S2140094601E464FF0640807E00226012B14BF4FF09B
S21400947032084FF06408013600244FF6FF79DFF813
S21400948044A195F84230012B14BF322364239C423A
S21400949002D35FFA88F40DE005AB22465146284613
S2140094A02BF087FE95F84230012B059B34D14B45B7
S2140094B02DD1E4B295F84230012B14BF322264223B
S2140094C0121BB24217D3012E39D10022012B059769
S2140094D08DF8132027D1082205A90DF113002CF0D2
S2140094E024F99DF81330059A42EA032221462846BD
S2140094F0FFF730FA40B10223324900932846CC23C6
S214009500096803AAFFF7FAFE06B0BDE8F087DBB2EB
S21400951003B902340134B4E7591CCAD09BB2002BFD
S214009520F8D10134F6E7102205A90DF113002CF04E
S214009530FCF89DF81330059A42EA0342D6E7039AF0
S214009540012B059223D10823202205A90DF1130033
S2140095508DF813302CF0E9F89DF8132012022146FE
S2140095602846FFF7F7F995F84230611C012BC9B27F
S2140095701AD10028BFD12846BDF81420FFF7EAF913
S2140095800028B8D10234BDF81620E1B2AFE71023A8
S214009590202205A90DF113008DF813302CF0C5F824
S2140095A09DF813201204DAE70028A4D1059A9EE756
S2140095B0B7F5803F4FF00106BFF457AF4FF03208C3
S2140095C05AE700BFB03D002070B586B00E4605468F
S2140095D00392A0B390F834309BB3B1F5801F32D21B
S2140095E002212BF011FC31462846184A0DF11703CC
S2140095F0FEF7BAFD044618B99DF81730032B0ED1B6
S2140096000223314600932846CC2303AAFFF776FEB2
S2140096100446E86B2BF091FD204606B070BD022B89
S2140096200BD10A4928462BF0E6FD039902468142F3
S214009630EFD02846FFF706FFEAE76124E9E7212492
S214009640EAE71124E8E72924E6E700BFB03D00205A
S214009650F7B50C461646054668B390F8343063B343
S214009660B1F5801F2BD202212BF0CEFB21462846D7
S214009670144A0DF10703FEF777FDC0B99DF80730D1
S214009680032B14D0022B14D10E4928462BF0B3FD21
S214009690471C024639462846FFF7D4FE044606B164
S2140096A03760E86B2BF049FD204603B0F0BD2D2453
S2140096B0F7E76124F5E72124F6E71124F4E72924E7
S2140096C0F2E700BFB03D002030B50C46054685B039
S2140096D028B390F8343023B3B1F5801F23D202218B
S2140096E02BF092FB0DF10F03214628460F4AFEF79A
S2140096F03BFD034688B99DF80F20032A0DD00322B0
S2140097002146009202462846FFF7F8FD0446E86B1D
S2140097102BF013FD204605B030BD2D24F7E721249D
S214009720F8E71124F6E72924F4E700BFB03D00204F
S2140097302DE9F043466886B3056898464FF0000C5E
S214009740A946AE4655F83C400CF1010CC4F313078D
S214009750013401D0B94217D0B4450EF1080EF1D14C
S2140097602F46002403E0B44207F1080712D055F84C
S214009770343001340133F6D1C1F3130141EA085104
S214009780C7E90012BDE8F08341EA0851CEE90012AD
S214009790BDE8F083B8F1030F03D101230372BDE8DF
S2140097A0F083002303E0B34209F10809F5D055F829
S2140097B033400133C4F30754032CF4D1C1F313032D
S2140097C043EA0853C9E90032BDE8F0832DE9F041C9
S2140097D00646406882B0B8B10F469046002433680B
S2140097E053F8345003EBC403C5F30752C5F3130113
S2140097F0013506D05B683046CDF80080B84718B112
S214009800706801348442EAD302B0BDE8F08100BF3C
S214009810024B1968024B1868FFF780BB546900209A
S2140098207469002008B535F008FD014B186008BDC6
S214009830DC3D0020014B186835F0FABCDC3D00200A
S21400984073B504462248012A00EAC1119DF8185053
S21400985023F07C4007D9961E012E28D9073303F043
S2140098607F03194308E09DF81C300A43DB0603F02B
S214009870C053134343F060410023C4E900108DF841
S2140098800730B5B1202221460DF107002BF04DFF21
S2140098901A220DF10700211D2BF047FF08206368F0
S2140098A09DF8072043EA8263636002B070BD1143EF
S2140098B0E2E71B220DF1070021462BF036FF236856
S2140098C09DF80720042043EAC2632360EDE700BF4B
S2140098D080FFFF0738B5094B0D461A68002104467D
S2140098E011F052FB00234FF0FF322383C4E900251A
S2140098F02361A260E382A37638BD00BF8493040090
S2140099000138C0B205289ABF014B185C0120704789
S214009910899304002DE9F0410746154600240E46BB
S214009920596888B0490A012922464FEA510104F1D4
S2140099300104F8D8DC78997824031B88C90201F45E
S214009940006104F480540C43C3F30A035203234417
S21400995092B24FF000089C18274B6FEA044403931A
S21400996025F07843ED4302A90DF107001B22029370
S2140099708DF807802BF0D9FE9DF80720029B02A9E0
S21400998043EAC2630DF107001B2225F078450493D5
S21400999002958DF807802BF0C8FE9DF80720029BE5
S2140099A06FEA144443EAC26305934FF0FF3307940B
S2140099B0069307A9BB69012206F110009847BB6908
S2140099C005A90446012206F108009847BB694045F0
S2140099D018BF044604A90122301D984701224045BD
S2140099E018BF0446BB69304603A99847404508BFE0
S2140099F0204608B0BDE8F08101009AB238B5104B99
S214009A000546D3F800310C4603F00303022B0BD0B7
S214009A10032B0DD0012B0FD133F0E8FC032305B147
S214009A20286004B1236038BD33F02AFD0723F6E72B
S214009A3035F016FC0623F2E701230020EFE700BF0F
S214009A400080005038B5134B0546D3F820010C466D
S214009A5000F0070004281AD8DFE800F003090D110B
S214009A601500012305B1286004B1236038BD33F02A
S214009A7083FC0423F6E733F0B9FC0323F2E733F064
S214009A80BBFC0523EEE733F0ADFC0223EAE7002338
S214009A901846E7E70080005038B5104B0546D3F867
S214009AA040310C4603F00303022B0BD0032B0DD0E2
S214009AB0012B0FD135F0D6FB082305B1286004B181
S214009AC0236038BD33F0DCFC0723F6E735F0CDFB2A
S214009AD00923F2E701230020EFE700BF00800050D3
S214009AE038B5104B0546D3F860310C4603F0030337
S214009AF0022B0BD0032B0DD0012B0FD135F0B2FB70
S214009B00082305B1286004B1236038BD33F0B8FCE3
S214009B100723F6E735F0A9FB0923F2E70123002027
S214009B20EFE700BF0080005041F6713210B5104CD0
S214009B30104BA04294BF00240124D969DA639A68C6
S214009B4001F4803122F4401242EA04529A600A4A32
S214009B5090420A4AD2F818028CBF40F0020020F069
S214009B600200C2F8180209B10022DA6310BD00BF75
S214009B70005A62020000035080F0FA0200C007504C
S214009B802E4B98424AD022D82D4B984240D014D81B
S214009B902C4B984239D00AD82B4B984232D02B4BBC
S214009BA098422FD02A4B98422CD000207047294B41
S214009BB09842FAD1284B186F7047284B98422AD003
S214009BC0274B9842F1D1244BD3F880007047254BA1
S214009BD098422BD009D8244B984223D0234B984246
S214009BE0E3D11D4BD3F88C007047214B984221D00F
S214009BF003F5740303F510539842D6D1164BD3F8E9
S214009C0098007047144B986D7047134B586E70470A
S214009C10114B586F7047104B986F70470E4BD3F828
S214009C20840070470C4BD3F8880070470A4BD3F873
S214009C3090007047084BD3F8940070470048E8013E
S214009C400024F400C0CF6A0080841E0000093D0096
S214009C5040420F00405DC6000080E00FC0EA2101D0
S214009C6080BA8C01007E560380D54302006CDC026D
S214009C700090D00337B50C460021114B0191D3F864
S214009C808031054603F00303022B0ED0032B11D0C0
S214009C90012B03D101A8FFF7D5FE0D210DB1019BC5
S214009CA02B6004B1216003B030BD33F0A5FB052165
S214009CB00190F3E733F096FB02210190EEE700BF38
S214009CC00080005038B5104B0546D3F840320C469D
S214009CD003F00303022B0BD0032B0DD0012B0FD167
S214009CE035F0C0FA082305B1286004B1236038BDFA
S214009CF033F0C6FB0723F6E735F0B7FA0923F2E799
S214009D0000231846EFE700BF0080005038B5144B1C
S214009D100546D3F800020C4600F0070004281BD8BE
S214009D20DFE800F003090D111500012305B12860D6
S214009D3004B1236038BD35F095FA0823F6E733F012
S214009D409FFB0723F2E735F090FA0923EEE733F09E
S214009D5033FB0C23800AE9E700231846E6E700BF3A
S214009D600080005038B5144B0546D3F808020C4660
S214009D7000F0070004281BD8DFE800F003090D11E7
S214009D801500012305B1286004B1236038BD35F005
S214009D9069FA0823F6E733F073FB0723F2E735F09A
S214009DA064FA0923EEE733F007FB0C23800AE9E7A1
S214009DB000231846E6E700BF00800050032814D0B2
S214009DC005D8012805D0022809D0002005E00F2874
S214009DD0FBD1084B186FC0F3013001307047054BBC
S214009DE0D3F89000C0F30460F7E7024B186FC0F397
S214009DF08020F2E7008000501FB50023019325283D
S214009E0017D8DFE800F0131A1D272C363B51565B97
S214009E1060656A78161A401616561A272C27361AC0
S214009E205127783B3B3B3B2727275B6033F0AAFA5A
S214009E300190019805B05DF804FB33F0BDFAF7E732
S214009E4033F0A0FA02460220FFF7B8FFB2FBF0F2AA
S214009E500192EEE733F0B0FA02460320F4E733F05F
S214009E60ABFA02460320FFF7A9FFB2FBF0F2520856
S214009E70EEE7002101A8FFF7FDFEDAE7002101A8C2
S214009E80FFF7E0FDD5E702934FF0E0231B695B0781
S214009E9005D533F091FA0290029B0193C9E703A916
S214009EA002A8FFF7F9FDF7E7002101A8FFF7F4FD88
S214009EB0BFE7002101A8FFF713FEBAE7002101A8BB
S214009EC0FFF724FFB5E7002101A8FFF74BFFB0E737
S214009ED0002101A8FFF792FDABE7094BD3F88030CD
S214009EE003F00303022BA8D0032B01D000209FE72A
S214009EF033F082FA9CE7002101A8FFF7E3FE98E71B
S214009F000080005008B50120FFF776FFBDE8084046
S214009F100349884294BF01210221032000F002B8C1
S214009F2080F0FA02032810B50C4627D004D8012882
S214009F3004D0022817D010BD0F28FCD12BF013FC3C
S214009F402BF019FC124A013C136F23F4405343EAEA
S214009F500433136733F030FA0021FFF7E5FDBDE860
S214009F601040FFF7CFBF0A4A4C1ED2F8903023F0BD
S214009F70F85343EA0463C2F89030DCE7044A4C1E08
S214009F80136F23F4806343EA84231367D3E700BF89
S214009F90008000501FB500230193252821D8DFE854
S214009FA000F013202020202A2F454A4F54595E7176
S214009FB020203420204A202020202A204520712FCF
S214009FC02F2F2F2020204F54314B1B6F03F00703F9
S214009FD0013B032B05D8DFE803F00C02080A042334
S214009FE00193019805B05DF804FB0323F8E7062308
S214009FF0F6E70223F4E7002001A9FFF73BFEF0E7AF
S21400A000002001A9FFF71EFDEBE702934FF0E023C7
S21400A0101B695B0705D533F0CFF90B230393039B2E
S21400A020DEE703A902A8FFF737FDF8E7002001A93D
S21400A030FFF732FDD5E7002001A9FFF751FDD0E775
S21400A040002001A9FFF762FECBE7002001A9FFF779
S21400A05089FEC6E7002001A9FFF7D0FCC1E70C4B3C
S21400A060D3F8803003F00303022B03D0032B05D074
S21400A0700023B5E733F0A0F90B23B1E733F0BCF9C2
S21400A0800523ADE7002001A9FFF71CFEA9E700BFE6
S21400A0900080005008B50320FFF790FE034B1870B1
S21400A0A02BF061FBBDE808402BF065BB2E5F00205F
S21400A0B010B5044633F080F90021FFF735FD1CB1DA
S21400A0C0BDE81040FFF71EBF034B0320BDE810405D
S21400A0D01978FFF727BF00BF2E5F002038B505466A
S21400A0E0FFF74EFD204B04465A68012A04D11F494B
S21400A0F04A609A699207FCD10020FFF74BFF0428BC
S21400A10003D12BF030FB2BF036FB194A24F04073BA
S21400A11095421FD0174A95421FD0174AD16811F0B2
S21400A120060FFBD19068936091684B4013F4F81FBC
S21400A13016D12846FDF766FD0020FFF72BFF042802
S21400A14010D133F039F90021FFF7EEFCBDE83840B6
S21400A150FFF7D8BE43F00073DFE743F08073DCE719
S21400A1609060E9E738BD00BF00C0015000E0015034
S21400A17040420F0080841E000000015070B5044667
S21400A1800020FFF707FF03287CD045F60E030221C8
S21400A190414AC2F88030414B9962012103F5805351
S21400A1A09962936DD903FCD4D4E900131B0543EAE6
S21400A1B00163E17B94F823500B43217B43EA014380
S21400A1C0617B43EA0133A17B43EA81131361916902
S21400A1D0D4E904031B0643EA806301F000410B4305
S21400A1E0A17EE07E0B43217E43EA0143617E43EA83
S21400A1F001239361E169136A002923F00D0343EA02
S21400A200010314BF0121002143EA800343EAC1038E
S21400A210136294F8203094F82200916A4FEA4313B0
S21400A22031D194F8216021F0330143EA06130B4341
S21400A23043F0010393621A49174A936D31EA030308
S21400A240FBD10221154B9962936D5B00FCD4136918
S21400A250A16823F4700343EA015313614FF00042F0
S21400A2600E4B9A6118B9022203F580539A6215B90B
S21400A27001220C4B9A6294F824301BB1064B0A4A12
S21400A280C3F8802070BD21F0330129430B4343EA15
S21400A29040039362EFE700BF00C0005000D00050BC
S21400A2A00300014000E00050F1A7FFFF014B93F9C7
S21400A2B0000070472F5F0020014B1880704700BFDA
S21400A2C0A66E00200C4A10B51369044643F004033A
S21400A2D0136133F0E1FB2BF052FA084B084AC3F83F
S21400A2E0202430BF2BF04CFA02F066F91CB9BDE80A
S21400A2F0104033F061B810BD00ED00E000E0035000
S21400A3000000FFFF034A0179D36E23F030030B43AE
S21400A310D366704700400050F8B504460D461F4609
S21400A32016464AB101238B403021184A01FB002211
S21400A330F7B141F21001535004EB4403072D4FF0E0
S21400A3400F014FEA031316D8A80006FA00F2814060
S21400A3500F4818442BF017FA4EB9012330210B4A48
S21400A360AB4001FB042277B141F210015350F8BD17
S21400A37042F21001DFE7A5F10800800006FA00F2BD
S21400A38081400448E5E742F21001EFE700C00350C1
S21400A39004C003500CC00350012200F5805310B5D2
S21400A3A05A60244B244AC36043691340FCD183613E
S21400A3B0C0F89830436913F4401FFBD14369DA05AF
S21400A3C02CD4836F53BB43699B0529D4D0F88830BF
S21400A3D033BB0121C26FD0F88C2000F500525160CB
S21400A3E0302183600361C36203620167C0F8801096
S21400A3F01249884208D142F260041149846401651A
S21400A40043658465016643660C49884202D1002094
S21400A410102B08D10B4B5362936210BD436FCDE7F0
S21400A420D0F88430CFE703F1280441F82400013344
S21400A430EEE700BF12000200520001000040005A82
S21400A44000C002808F330F80084608B569B918200F
S21400A450FFF7D2FCB0B10C4B984206D90B4B9B6869
S21400A460C3F302730133B0FBF3F0094B00F574201D
S21400A47000F23F20B0FBF3F001387F2828BF7F2092
S21400A480C0B208BD0120F0E7005A62020040005A40
S21400A49040420F000B4B10B5994228BF19460C4698
S21400A4A01AB91820FFF7A8FC0246631E1344B3FB34
S21400A4B0F4F0A34228BF00F1FF30032828BF032092
S21400A4C0C0B210BD005A620210B51048104C002BE6
S21400A4D008BF04468C4228BF0C461AB91820FFF75E
S21400A4E08BFC02469DF8083040F2FF300133B2FB89
S21400A4F0F3F2631E1A44B2FBF4F3A24228BF03F140
S21400A500FF33984228BF184610BD00BF80969800BB
S21400A510404B4C002DE9F04F2DED068BB64D0C460A
S21400A52016462946002285B00746FFF7B3FF94F883
S21400A53005800122804538BF804607F500535A60E3
S21400A54020795FFA88F850B91820FFF755FCA84222
S21400A550014628BFB0FBF8F13846FFF775FF4FF00D
S21400A5600009E37822781B01524202F0020203F04F
S21400A5703003134362780004524202F0040213438D
S21400A580A27800F4FE00524202F0080213434FEA9B
S21400A590087202F0E04213431843E3882289B86049
S21400A5A03B616389DFF85CA243EA02433B6257459E
S21400A5B002D1B9F1020F08D1012307F580577B605D
S21400A5C005B0BDEC068BBDE8F08F002235788B48D1
S21400A5D08B49B468954218BF01462B468948CDF88A
S21400A5E00080FFF771FF07EB09118B6CA2B223F016
S21400A5F0405323F4EE2323F01F0305F003041C430B
S21400A600737882424FEA830303F01C0344EA030490
S21400A610B37838BF02461B03F07803F4E0432343C5
S21400A620040404F4E024234334794FEA091C240785
S21400A63004F0405423438B648C6C09F1050BC4F37F
S21400A6400234013C7049042C26D8DFE804F02525A6
S21400A65003101A00D1F88041240C2DB3C2F309026E
S21400A6600AEB0B135A6009F1010910369FE7D1F87F
S21400A6708441002DF2D1D1F88C11A4B209144900FE
S21400A68015E0D1F88441002DE8D1D1F88C11240CC6
S21400A690091401EB41010AE0D1F88041A4B2002D73
S21400A6A0DCD1DFED5A7A06E0D1F88C11091407EEFA
S21400A6B0901AF8EEE77A01210CF1B44C0CF5804CB8
S21400A6C02304DCF8483024F4C045C3F3820C0CF1B4
S21400A6D0010C01FA0CF107EE101A4FEA854548BF47
S21400A6E045F0004513F01C0FB8EEC79AF6EE008A48
S21400A6F0454B55D1D3F88C110BB208EE103AB8EE94
S21400A700C88A38EE278A9FED42AAF7EE049A0028F8
S21400A7105DD103922BF0B1F807EE900AF8EE677A57
S21400A72087EE8A7AC9EE877A27EE888A039A9FEDA3
S21400A730397AC7EE097A9FED387A67EE877AB1EEF6
S21400A740007AB5F1004F48EE077A0BD09FED337ACA
S21400A75006EE104A77EE876ABAEEE86AF0EE477AB7
S21400A76056EE267AF5EEC07AF1EE10FACBBFF1EE91
S21400A770677A78EEE78A77EEE87AFDEEE87AC8BF81
S21400A780FDEEE77A17EE901AB1F5003F2ADB6FEA86
S21400A79055456FEA45451B484FEA0B1145505DE7A6
S21400A7A0D3F8901169EE286A09B207EE101AB8EECF
S21400A7B0C77AD3F8881177EE677A0BB208EE103AAC
S21400A7C087EEA67AB8EEC88A38EE078A9BE7D6EDFB
S21400A7D0037AF8EE677A87EE8A7AC9EE877A27EEEA
S21400A7E0888AA4E711F5003FAABFC1F3110145F41A
S21400A7F000350D43CFE700BF005A6202404B4C00C5
S21400A800809698000040005A0080E00F000000008C
S21400A81000007A4400008043000020440000004905
S21400A82041F67132034BDA63012203F50053DA6016
S21400A830704700BF0000035041F671320121044BFF
S21400A840DA6303F50052D1600022DA63704700BF76
S21400A85000000350044B1868421C02BF034AD2F89B
S21400A86094001860704700BF7869002000400050D0
S21400A870CB784A7810B55B010C7843EA82030A79F4
S21400A880234343EA02130C22424302F1B04213630D
S21400A890012C02BF8A78024B43F8202010BD00BF6F
S21400A8A0D080035008B54FF0B0435A6802B960B183
S21400A8B05B680BB12BF009F84FF0B04130B10120C6
S21400A8C0074B58602BF001F8C86008BD2AF0FDFF62
S21400A8D00223CB602AF0F9FF0122024B5A60F4E70C
S21400A8E000100058002000584FF0B0414B6810B5DB
S21400A8F00BB12AF0EAFF01220B4BC4785A6083782A
S21400A900934043EA840344782343047943EA0413D8
S21400A910447943EAC4038B60044B5A600378C3F15E
S21400A9200203CB6010BD00BF002000580010005886
S21400A930054B5B69C3F38512827003F03F021B0B65
S21400A94042700370704700BF00C007500120034BE1
S21400A9509B680A3303F01F03984070470080E00F9F
S21400A960034BD3F82424D3F820041040704700BFCC
S21400A97000C003502DE9F8431E4B0546D3F81033AC
S21400A9804B1E0E2B0E46174690F8009044781DD9A5
S21400A99009B34FF000082846D7B134F069FC09EB3C
S21400A9A04903072C4FF00F014FEA031315D8A400F4
S21400A9B0114808FA04F2A14018442AF08EFFBEB9E6
S21400A9C028468FB1BDE8F84334F052BC8846E2E72B
S21400A9D02AF092FFE3E78846E1E7083CA400074830
S21400A9E008FA04F2A140E7E7BDE8F8432AF084BF7E
S21400A9F0BDE8F88300C0035004C003500CC00350E9
S21400AA002DE9F041204B1646D3F810234A1C054684
S21400AA100C46407804D1D3F824142AF07BFF044671
S21400AA20002C2EDB072C14DC03274FEA84082A7838
S21400AA3007FA08F73946154802FA08F22AF04DFFD9
S21400AA406A78394602F00302114802FA08F22AF040
S21400AA5044FF012316F0050F0E4A18BF0E4903FAED
S21400AA6004F30CBFC2F81034C1F8103416F0060F09
S21400AA7018BF094AC2F814340123064AA340C2F894
S21400AA8020342046BDE8F08100C0035000C40350C7
S21400AA9008C4035000E0035000D0035070B50446CD
S21400AAA02FF08AFB064630B90FCC044D0FC594E84C
S21400AAB00F0085E80F00304670BD00BFE03D002067
S21400AAC047F6FF739A42F0B570D0022970D8394B1A
S21400AAD05B5C022B6CD8384DDE0005EBC304A77810
S21400AAE015F83330012F394638BF0121012B16D116
S21400AAF0E078401A0021884205D8012F2CBFC019E3
S21400AB000130C0B2F0BD431A6568A0EB530335F9B7
S21400AB1013509542D4BF194603F1FF30EBE7606847
S21400AB200028EFD0B0F90040944204DBB0F90240B0
S21400AB309442B8BF144683883544FF2B19BFC823F8
S21400AB402827B0F90630B0F90870A3EB04030CBF51
S21400AB500122002293FBF7F36E7813441BB29E4249
S21400AB6001DD002B01DA731E1BB24FF47A7C00EB7A
S21400AB70C305EA88AD685F1C14FB02521D4622EA34
S21400AB80E2723BB25C329E42B2FBFCF204DD00EBAA
S21400AB90C307BF889742EAD200EBC5039888904265
S21400ABA028BF1046884238BF0846AAE7FF20A9E714
S21400ABB00020A7E78F930400E03D00200229F0B5AF
S21400ABC060D8314B595C02295CD8304B13F8310001
S21400ABD0012816D103EBC1039C78D878012C2146B6
S21400ABE038BF0121904294BFC1EB0001C1EB0201C6
S21400ABF0001BCAB28242C8BF00225B6833F912004B
S21400AC00F0BD002A3CD003EBC1035968002939D0B7
S21400AC109878904202D3B1F90200F1E7DC78B1F9F6
S21400AC2000009442ECD95C788B88013CA3F1FF06C7
S21400AC30734201F10405E4B2734101F10C07DEB280
S21400AC40B44216D805EBC3034FF47A756A43B3F9DA
S21400AC5002405B68D21A04EBD47302EB630292FBE9
S21400AC60F4F29042CCDBB1F902009042C8DC10B29C
S21400AC70C6E737F833C05E1C9445E3D33346DEE7B9
S21400AC800348BDE70348BBE78F930400E03D002080
S21400AC900CFEFFFF0080FFFF08B50448FFF7FEFE2E
S21400ACA0BDE8084001202FF08DBA00BF9493040041
S21400ACB07FB51422002101A810F066F9044B01A903
S21400ACC04FF0FF3002932FF0C3FA07B05DF804FB95
S21400ACD0006A18002DE9F0418CB08846DDE912764E
S21400ACE01D460446002847D0002945D0002F43D0F3
S21400ACF0002E41D013F00F033ED120482049A36018
S21400AD00002A08BF01462362C4E90013404609A989
S21400AD102AF092FE68BB2046099934F004FB2946C7
S21400AD20204634F000FB694640462AF014FF00BB7C
S21400AD30694620462AF03FFF404603A92AF016FF40
S21400AD40B8B9204603A92AF036FF06970127204601
S21400AD5045F0005506A9079708952AF02CFF2046CF
S21400AD6009A909960A970B9534F003FB204634F0A0
S21400AD70BDFA0CB0BDE8F0812120FAE7000100041E
S21400AD80000101042DE9F04F97B0894690461F4612
S21400AD900546DDF880A0002800F0BB80002900F002
S21400ADA0B8803AB1229B002B00F0B380239B002B87
S21400ADB000F0AF80BAF1000F00F0AB80219B002BB3
S21400ADC000F0A78067B13C680026229B43440293AC
S21400ADD0464507D307B13C60002017B0BDE8F08FAA
S21400ADE03C46F1E75CB1229B219A9B5D125D0134E3
S21400ADF05340239A04F00F0493550136E8E7A8EB76
S21400AE00060BBBF10F0F58D9434B4846C5E9003433
S21400AE10AC602C6213A92AF00FFE0028DDD128466C
S21400AE2013992BF00F0B34F07EFA5946284634F06F
S21400AE307AFA484604A92AF08EFE0028CDD1284684
S21400AE4004A92AF0B8FE484607A92AF08FFE002873
S21400AE50C3D1284607A92AF0AEFE012322992F4A1D
S21400AE60CDF828A00B930C928A190D9228464BF029
S21400AE7000520AA90E9303920F922AF09CFE2846CF
S21400AE800DA92AF098FE239B039A99190123109185
S21400AE9011931292214A284610A9CDF84CA014937B
S21400AEA0159234F066FA284613A934F062FA28465A
S21400AEB034F01CFA5E4400288FD1229B03EB060B6D
S21400AEC0239B1E44029B9B4501D1464680E7ACB9B6
S21400AED0219B2246CDE900A3494610232846FFF7CA
S21400AEE0F9FE00287FF479AF0AF1100212F8013D4E
S21400AEF00133DBB213700BB95245F7D1219A1BF818
S21400AF00013B125D0134534006F8013B04F00F0488
S21400AF10D8E7212061E700BF0303000410000020EB
S21400AF207FB50E461D460446F0B102B9E3B90123CB
S21400AF300192029345F00053039300230B4AA3604B
S21400AF40C4E900232362204601A92AF034FE3146D4
S21400AF50204634F0E8F92046294634F0E4F9204645
S21400AF6034F0C4F904B070BD2120FBE700000943AB
S21400AF70084B984202D0084B984207D10B88B3F58D
S21400AF80105F14BF6FF08500002070476FF08500DB
S21400AF90704700BF004440040013C0041038102857
S21400AFA008D8064BC34013F0010F0CBF6FF08600A5
S21400AFB0002070476FF08600704700BF0101010057
S21400AFC02DE9F04FA7B008AFCDE90501DDE93295D0
S21400AFD0DDE9346A00210792384610229846DDF8EB
S21400AFE0D8B00FF0D1FF102200210CA80FF0CCFF34
S21400AFF0069B2BB96FF08604204627B0BDE8F08F7D
S21400B000079B002BF6D0B9F1000F01D1002DF1D12E
S21400B010309B13B9319B002BECD116B9BAF1000F57
S21400B020E8D1BBF1000FE5D040460599FFF7A0FF39
S21400B03004460028E0D1014628221CA80FF0A4FFF1
S21400B0402022214614A80FF09FFF1CA834F061F9B7
S21400B050002840F0AF80DDE90612059814AB2AF010
S21400B060F6FD04460028C7D11498FFF797FF04465C
S21400B0700028C1D115B9CBF80000BDE7B14518D2FC
S21400B08009EB05039E4214D25545B3D82A464946D5
S21400B09030460FF0CBFF554B984526D006D3544B81
S21400B0A0984524D003F54073984520D06FF085046A
S21400B0B0A2E74F4B98451BD003F54073984517D031
S21400B0C04A4B9845F2D1554594D815F00F0291D1C8
S21400B0D02B46CDE9009614A91CA8FFF7FBFD814678
S21400B0E000285CD1CBF8005086E7B146EDE7B146C4
S21400B0F01022002110A80FF047FF55453FF67AAF03
S21400B1003C4B9845319B39D10D2B7FF473AF01230F
S21400B1108DF84030309B0DF1410203F10C0153F8DD
S21400B120040B8B4242F8040BF9D11B7813700123F1
S21400B1308DF84F3015F00F0842D025F00F034B4422
S21400B1400DF1300C03F1100E62461868596808338A
S21400B15003C273459446F7D10F2D33D825F00F035D
S21400B160334403930CABCDE9017310AB0093424616
S21400B170002314A91CA8FFF705FEB0E7102B7FF4E8
S21400B18039AF309B10AA03F1100E94461868596820
S21400B1900833ACE8030073456246F6D1CAE7524668
S21400B1A0002130460FF0F0FE0023B9F1010FCBF876
S21400B1B0003002D06FF092041EE76FF08B041BE79E
S21400B1C00F2D8FD910ABCDE902960093019700237F
S21400B1D025F00F0214A91CA8FFF7D4FD814600280D
S21400B1E0DDD1B8F1000F3FF47DAFB7E7004440046F
S21400B1F00010C0040013C0042DE9F04F8A46A1B029
S21400B2000021DDE92A56DDE92C790590934606A84B
S21400B210102298460FF0B8FE102200210AA80FF060
S21400B220B3FEBAF1000F05D16FF08604204621B0B8
S21400B230BDE8F08FBBF1000FF6D00DB9002EF3D1AC
S21400B24017B9B9F1000FEFD12E9B002BECD040467A
S21400B2500599FFF78DFE04460028E7D1014628220F
S21400B26016A80FF091FE202221460EA80FF08CFEA5
S21400B27016A834F04EF8002854D15A465146059880
S21400B2800EAB2AF0E4FC04460028CFD10E98FFF758
S21400B29085FE04460028C9D116B92E9B1860C5E75E
S21400B2A0BD4216D2AB199F4213D24E45BCD8324689
S21400B2B0294638460FF0BAFE3A4B98455BD003F560
S21400B2C04073984531D0384B984511D06FF08504BF
S21400B2D0ACE7344B98454FD003F54073984525D0DE
S21400B2E0314B9845F2D14E4503D96FF089049DE75E
S21400B2F03D46330798D133460122CDE900570EA9C3
S21400B30016A8FFF7E7FC2E9B05461E6000288DD08A
S21400B3104A46002138460FF037FE00232E9A012DAC
S21400B32013603BD06FF0920480E73D460D3E4E45DD
S21400B330DBD801238DF828302B460DF1290205F1C4
S21400B3400C0153F8040B8B4242F8040BF9D11B781E
S21400B3500D3513704FF48073ADF8363006AB01939D
S21400B3600AAB009332460023CDE902570EA916A871
S21400B370FFF708FDC7E73D46103E4E45B5D82B46BD
S21400B3800DF1280C05F1100E62461868596808334E
S21400B39003C273459446F7D11035DFE76FF08B0490
S21400B3A044E700BF0010C0040044400410B54FF44A
S21400B3B02F72002104460FF0E7FD8023C4F88C307E
S21400B3C0054B04F19C00C4F88430012384F88830CF
S21400B3D0BDE8104029F087BC7AFE030010B5D0F80F
S21400B3E0A0400A468CB92AF048FE044610B900244C
S21400B3F0204610BD2D2896BF064B074953F820104F
S21400B400064A07482AF07FFFF2E7D0F8A410104655
S21400B410A047ECE7809404007DFE0300D2FB030007
S21400B420ADFF0300F8B590F88060044616B100261C
S21400B4303046F8BD2AF054FC0028F8D1012384F8E1
S21400B440803094F8883033B1D4F884101F4884F8DC
S21400B45088602AF058FF4FF0FF37D4F8B402421C39
S21400B4601FD0C4F8B47210F0FF052CD020462AF086
S21400B47034FC2946204600F0A7FB0028EDD02046E5
S21400B4802AF039FC94F888303BB1D4F884100F4881
S21400B4902AF039FF002384F88830002384F88030AF
S21400B4A0C6E72AF015FF431CDDD1D4F88C30D4F85B
S21400B4B09420013B9A4204DB054A064906482AF0D6
S21400B4C022FF0126E9E70126C7E700BF481104006E
S21400B4D0D2FB03008BFE0300ADFF0300F8B50B782C
S21400B4E00446302B0D46164604D14B7803F0DF0396
S21400B4F0582B11D0284F6A1E12F8011F002934D18C
S21400B50028460A220FF030FC202C03460D4631D187
S21400B510B1FA81F040091AE04A1C1F4912F8013FAF
S21400B5208BB928460FF02CFC1C4B02382340032B0B
S21400B53012D10134A41084420AD1A87837288CBFCF
S21400B5400020012003E0CB5C13F04400E6D1F8BDF8
S21400B550CCBF01200020FAE7002CB8BF0334B0EBC4
S21400B560A40FD4BF01200020F1E77B5C13F0040099
S21400B570C2D1ECE726B1084302D0013B61F10005D9
S21400B5800122A240013A1A40002D08BF9A420CBF81
S21400B59001200020DBE700BF71BA04000300008032
S21400B5A0F0B5037801467B2B17D10646022400220D
S21400B5B00B4F16F8015F7D2D05D10B5D6BB9D2439D
S21400B5C002F0010008E07B5D13F0440002D0013277
S21400B5D00134EEE7202DFBD0F0BD0020FCE700BFD5
S21400B5E071BA040070B506460D460FF0C9FB044656
S21400B5F030462AF088FE044EAC4200D370BD30467A
S21400B6002AF081FE0134F7E7200804002DE9F84F00
S21400B610044602215148FFF7E5FF1E212068FFF788
S21400B620E1FF636858682AF06EFE4D482AF06BFE0C
S21400B63067683B7BFD2B12D8D7F808804FF0FF36A3
S21400B64040460FF09DFB0546DFF81091DFF870A12D
S21400B650DFF84CB10C3717F8013BFF2B01D1BDE8E2
S21400B660F88F212B18D8212B36D8DFE803F0377255
S21400B67074111B1D1F2135353535353535352325D8
S21400B68027292B2D2F3135353535353535353D3395
S21400B690344C002D2BD12EE0334C344AFE2B08BF01
S21400B6A01446F6E7324CF4E7324CF2E7324CF0E759
S21400B6B0324CEEE7324CECE7324CEAE7324CE8E745
S21400B6C0324CE6E7324CE4E7324CE2E7324CE0E755
S21400B6D0324CDEE7324CDCE7234CDAE7314CD8E775
S21400B6E02AF005FE01362AE0002DB4D02E4C202B81
S21400B6F006F10106AFD002214846FFF773FF1E2170
S21400B7004846FFF76FFF50462AF0FDFD5946204693
S21400B7100FF090FE2549002818BF214624482AF03D
S21400B720F2FD3B78202B02D12B202AF0E0FD2148A9
S21400B7302AF0E9FD4DB118F806301F2B05D018F891
S21400B74006001F2801D0AE42CADB05482AF0DBFD02
S21400B75081E7194C9DE7194C9BE700BFC0490400E0
S21400B760D2FB030035FF030047FF03002C1904003B
S21400B77092FF030099FF03008AFF030086FF030081
S21400B7807DFF030073FF030069FF03007EFF0300D5
S21400B79074FF03006AFF03005FFF030058FF030007
S21400B7A04FFF030034FF03003AFF030045FF03008A
S21400B7B048110400BE02040091FF030098FF030036
S21400B7C0141A04002DE9F04F9BB005468B46002462
S21400B7D0009203930FF0D4FA249F039B04901C60FE
S21400B7E028463C600AAA09A92AF0AFFD064658B9C1
S21400B7F00A980FF0C5FA3446B046039B1860D5F891
S21400B8009C300293029B1BB920461BB0BDE8F08F0C
S21400B810029BD3F80890B9F1000F6CD02E4416F8AE
S21400B820013B202B11D000260C23734309EB030A9F
S21400B83059F803300193002B58D0099B434555DB3C
S21400B8409AF808202AB1721C39E03B6801333B6045
S21400B850E5E73968D5F894200793039B521A1A60D7
S21400B8601AAB03EB880151F8403C01991846059342
S21400B8700FF0A0FD06900028E5D101980FF080FAA1
S21400B880DDE906230146DAF80400D7F800A090F8B0
S21400B8900CC0BCF1FE0F16D103F1FF3EC64512D018
S21400B8A0D0F80090059801920FF06AFA0AF1010AA2
S21400B8B0019A50442B5C23B1386008F10108164603
S21400B8C0B2E70130F6E7D5F894200591A2EB0A021C
S21400B8D08A4220DC58460FF053FA059901447B292A
S21400B8E00DD958461F4A009929F024FA2B46049A87
S21400B8F02A4493422CD1029B1B68029382E7DDE91F
S21400B9000012584629F016FA5846174A009901348C
S21400B91029F010FA97E7BCF1FE0F94D1013B43459E
S21400B92091D1D0F800A0DFF840905AF80C2B22B93D
S21400B930049B3B60039B1A60D8E75846009929F0A1
S21400B940F9F94A465846009929F0F4F90134ECE72B
S21400B95013F8011B0029CCD14FF0200103F8011C7D
S21400B960C7E700BF9FFF0300200804002DE9F0474B
S21400B970002486B01C60DDE90EA8064689468AF8D3
S21400B98000401168154888F8004017461D468DF897
S21400B9901740FCF7A5F818B901242B6801332B6073
S21400B9A00020D6F89C6036B914B1012388F8003020
S21400B9B006B0BDE8F087B06868B14B460021CDE917
S21400B9C002A8CDE900750DF117022AF0F5FA9DF8E8
S21400B9D01730002BE8D13668E5E700BFA4FF030068
S21400B9E02DE9F0470446ADF5447D8022002104A8E9
S21400B9F002AF0FF0C9FA80222046009703AB04A9D5
S21400BA00FFF7E0FE01283DD104A80FF0B9F903992D
S21400BA103B68461A0B4426EAE6762344054604A805
S21400BA203246014418460FF03FFC00228255D4F8F7
S21400BA309060039B3968D4F890201944B14212DC18
S21400BA40D4F89410E81A0244C4F89020014404AADA
S21400BA50C4F89410D41825182B1B002B0DDC0DF5FC
S21400BA60447DBDE8F087A05C2AF041FCD4F8903015
S21400BA7001360133C4F89030DBE714F8010B2AF0E6
S21400BA8036FCE9E7EBDD24AD8022002128460DF5E3
S21400BA90887A0FF079FA0DF110094FF40072002140
S21400BAA050460FF071FA4FF001084A46002312F88C
S21400BAB0016BA6B904A84AF828300FF061F92946A8
S21400BAC0334698451CDB19F8016B0DF5887C5CF84D
S21400BAD0042B82420CD101F8016B0133F1E7202ED2
S21400BAE003F1010304BF4AF8283008F10108DEE735
S21400BAF00DF1100E7244D25CB242E8D00022EA5435
S21400BB00D4F89060039BB3422FDC23462C4A04A94A
S21400BB102C482AF0F8FB28460FF032F90646039B1D
S21400BB203F68F61A1F4426EAE672E01917441D44D9
S21400BB30E11904F1900399423CD904F19803984224
S21400BB4038D26A1E81190B1A002B27DD12F8013F26
S21400BB5000F8013BD4F890300133C4F89030D4F8A4
S21400BB6094300133C4F89430EDE7D4F890300136C1
S21400BB70E05C2AF0BCFBD4F890300133C4F8903077
S21400BB80C0E7D4F89020013B0132C4F89020D4F8E6
S21400BB9094200132C4F89420002BF2DC00232E44BB
S21400BBA0E355731B002B7FF75AAF15F8010B2AF0ED
S21400BBB09EFBF6E729460FF077FB3346ECE700BF1F
S21400BBC07AFE0300A9FF03002DE9F843D0E92456C6
S21400BBD004460F46002294F89830012B07D10A2F0E
S21400BBE007D1002384F898300020BDE8F88300F2DF
S21400BBF09F801B2F01D10223F4E70D2F0DD10123C7
S21400BC0084F898300D202AF072FB0A202AF06FFB89
S21400BC1000230120C4E92433E7E74FF00008082F8B
S21400BC2084F8988034D1454530DDB5420FD138468A
S21400BC302AF05DFB20202AF05AFB013D38462AF008
S21400BC4056FB013E04F80580C4E92456CCE7FBDA2F
S21400BC5005F1FF3938462AF04AFB04EB0903A6EB48
S21400BC600902611918460FF0E1F904F8068001464A
S21400BC70013E48482AF047FB35464D4501DC4D4617
S21400BC80E2E708202AF033FB013DF6E7ACD0DBE71D
S21400BC907F2F1CD1002EA7DDB542A5DA6319691CDB
S21400BCA021441846721B0FF0C1F904F806800146BD
S21400BCB039482AF028FB0820013E2AF018FBB54236
S21400BCC0F9D1D4F89430013BC4F894308CE70A2FAD
S21400BCD098D0092F03D12046FFF782FE84E7D4F8D8
S21400BCE08C30013BB3427FF77FAFB54204EB0508CB
S21400BCF005F101090CDB384688F80070D4F894305A
S21400BD00C4F890900133C4F894302AF0F0FA6BE748
S21400BD104146721B04EB09000FF088F940462AF0F2
S21400BD20F2FA0820013E2AF0E2FAB542F9DDE2E72F
S21400BD30022B06D15B2F01D1032353E784F898200A
S21400BD4049E7032B7FF450AF413F84F89820032F38
S21400BD503FF64AAFDFE807F002070A160121204641
S21400BD602AF076FA40E74FF0FF31F8E7B542BFF623
S21400BD703BAF605D2AF0BBFAD4F890300133C4F8CC
S21400BD80903031E7002D7FF72FAF013D0820C4F833
S21400BD909050BAE7B2FF0300AC03040008B50248AF
S21400BDA0FEF79CF9002008BD00B4C40430B58BB083
S21400BDB06C46174D0FCD0FC40FCD0FC495E803008A
S21400BDC084E80300134BD3F84C2112031CD5A3F5CB
S21400BDD0FE431C884FF6FF739C4208BF8C248DF8E8
S21400BDE01940FEF763FA204480F308008DF8180027
S21400BDF00948FBF70DFF6846FEF7C0F93220FEF74C
S21400BE005BFA00200BB030BDD3F85041E4B2E6E751
S21400BE10389504000080E00F00F049020028ACBF0F
S21400BE2000F16040064B4FEA0111C9B2ABBF00F506
S21400BE30614000F00F0080F800131954704700BFEF
S21400BE4014ED00E008B533F005FA0B4B1A7872B91A
S21400BE5001221A7033F0F9F96FF00402104601322D
S21400BE60052152B2FFF7DAFF3D2AF7D108BDBDE83B
S21400BE70084033F0EAB900BF305F0020002807DB37
S21400BE8001234109034A00F01F00834042F8213095
S21400BE90704700BF00E100E0054B421153F8223026
S21400BEA000F01F0023FA00F0C04300F001007047C6
S21400BEB000E100E0002808DB01224309034900F006
S21400BEC01F008240603341F82320704700E100E005
S21400BED010B5044633F0B1F9024B1C6033F0A8F9F4
S21400BEE0002010BD083E002010B533F0A6F9034B25
S21400BEF01C6833F09DF9204610BD00BF083E0020A8
S21400BF0038B50C461546014610B9FFF7EDFF014659
S21400BF102B46224603480DF047FF0028D4BF3720A3
S21400BF20002038BDA164030008B500F0E3FB18B19B
S21400BF306A21024833F083FA002008BDB7FF0300E9
S21400BF4008B500F049F80C4A536A43F4702353626C
S21400BF50EFF308834FF0CD31084A043B934208D2F2
S21400BF6000F070FAFFF7E0FFBDE808400448FEF76F
S21400BF7095BD43F80419F1E700ED00E00800002045
S21400BF809493040007B5042200200DEB02012EF066
S21400BF90D7F8042803D0D721044833F050FA019884
S21400BFA000F0DCF903B05DF804FB00BFB7FF030048
S21400BFB0082310B50C0A41400648C9B241F30002F6
S21400BFC0013B024013F0FF0382EA5101F6D184EAF6
S21400BFD0010010BD2083B8ED38B5FEF73BFC0446E3
S21400BFE029F06DFCE3072AD401221046114600FA18
S21400BFF001F3234002F1010223D01D4B33F8113028
S21400C0001C48062B028844881B4920D14FF20F0398
S21400C0109C4219D1B2F5406F28BF4FF4C0624CF273
S21400C0203C330A80438040F201730A889A4201BF7B
S21400C030124B134AD2E90001C3E9000115E00021C2
S21400C040DBE7102AD2D1DBE74FF4C062E7E740F225
S21400C0500725AB420AD14FF20F05AC4206D19A42F1
S21400C06004D14CF23C320B80428038BD0B80DAE7BC
S21400C070FC9604006C660020265800200C3E00202B
S21400C08064660020014B1888704700BF26580020C1
S21400C090014B1888000A704726580020044B0548B4
S21400C0A01B881A0AB3F5406F38BF00EB8200704752
S21400C0B026580020CC960400044B1888044B020A2D
S21400C0C053F82230C0B203EB800070472658002099
S21400C0D09C96040010B5044633F0B3F84FF20F02F6
S21400C0E0044B1C805A80BFF35F8FBDE810402AF0D7
S21400C0F0A1B900BF6C6600206D4A2DE9F0416D4B7A
S21400C10055686D4C5D65516A99656C49D1F80002B9
S21400C110D865D1F80412586B1966916A10F0040FAE
S21400C1205966D16A4FF000009966116BD966516B5B
S21400C1301967D26BD8645A67D3E90E1218BF114636
S21400C1405F4A91421A655DD301F12000A04259D89A
S21400C1508869C5F308051864CE69062D5E6455D156
S21400C160584DA84252D3584DA8424FD205884DF696
S21400C170426085424AD11868C3F890005868C3F8F0
S21400C180940040F20170A242154604D22E68043292
S21400C190B6F1CD3FF7D00022C3E91E22C3E9202224
S21400C1A0C3E92222641BDFF81CC1434DDFF818E107
S21400C1B09C648D422DD8D3E91EC7D3E92065D3E908
S21400C1C022414FF0000E013AD2B2FF2A3CD1BEF116
S21400C1D0000F05D0C3E91EC7C3E92065C3E92241A5
S21400C1E0B3F85430C3F308030C2B3BD8022B54D9B6
S21400C1F0DA1E092A51D8DFE802F031574043505082
S21400C2005050504D0021C3E910112D494FF42060C5
S21400C210B9E755F8044D6445CBD37445C9D2E60753
S21400C220C7D50026294F57F8048FA045C1D0013640
S21400C230062EF8D132B1013AD2B202F11E0643F808
S21400C2402640B6E70522F8E7E0464FF0010EBC466A
S21400C25037462E4625460C464146B4E740F60120B2
S21400C260BDE8F0813B2B18D1194B9B6913F0020FE8
S21400C27040F2025318BF1846F2E740F60320EFE7F5
S21400C28040F6042240F20173B0F5206F0CBF104652
S21400C2901846E5E740F60520E2E740F60722013BB0
S21400C2A04B2B98BF1046DBE740F60220D8E700BFCE
S21400C2B000ED00E0D46500200810002000E100E05A
S21400C2C008000020D042000060F803004866002006
S21400C2D00080015A00F00CB800F00AB800F008B868
S21400C2E000F006B800F004B800F002B800F000B89D
S21400C2F072B61EF0080F09D01EF0040F0DD0DFF83E
S21400C30050E0AEE8FF1F6FF002000CE0DFF840E000
S21400C310AEE8FF1F6FF00E0005E0DFF834E0AEE891
S21400C320FF1F6FF006006946EFF309828EE80700EC
S21400C33086460848084C854501D3A54501D384F3B5
S21400C3400888FFF7D9FE84F30888FFF7C3FE0000CD
S21400C350D465002048000020081000204BF6EF624D
S21400C36083B2002B08BF1346044A000C13804FF616
S21400C370CE2308BF1846024B18807047AA6E0020CE
S21400C380A86E00200B4BB3F900201888002AB8BF0F
S21400C39080F0620042001A80074AB2F90010138843
S21400C3A00029BCBF83F4805383F00B03590011802F
S21400C3B058407047AA6E0020A86E002007B5684651
S21400C3C000F01AF8DDE900010022034B03B05DF827
S21400C3D004EB2AF02BBB00BF143E002007B50093E9
S21400C3E013460A46014603482AF0D4F803B05DF81F
S21400C3F004FB00BF143E00200249034A0160521AA3
S21400C40042607047806F002000000120004870479F
S21400C410143E002038B54160044632F00EFF054653
S21400C4202146044828F062FC2846BDE8384032F031
S21400C430FFBE00BF3C3E0020014828F054BC00BFB1
S21400C4403C3E00200222014B1A6770470040005015
S21400C45070B532F0F2FE174E0546174832F098FFD8
S21400C4603378CBB900F046F9044620B1284632F0BE
S21400C470DFFE204670BDFFF7DFFF33F053F80F4BAB
S21400C4801C6031F085FC0E4B0E4A1860536F43F06B
S21400C490010353672AF0E6FA00F028F82AF0F9FAC2
S21400C4A0094B0024186001232846337032F0C0FE82
S21400C4B0DFE700BF3C5F002074950400403E00208C
S21400C4C0683E002000400050443E0020054B1B689C
S21400C4D05843054B00F5742000F23F20B0FBF3F004
S21400C4E0704700BF683E002040420F00294B2A4A92
S21400C4F0D3F8003170B503F00303136031F0DEF9B2
S21400C5004FF4C870FFF7E2FF0022244B244918605E
S21400C510244C0B680132D2B20A2A44F8040BF9D133
S21400C520034400EBC00003440B601F4B1F4D1B78F9
S21400C53013B3184BD3F8003103F00303022B22D0B9
S21400C540032B23D0012B17D130F050FF024698B1B1
S21400C550174B184EDC6800231946C4F30B0401344D
S21400C56004EB84040138E4FB06010EF0A1F9FFF7A2
S21400C570ADFF2B6803442B601F20FFF7A7FF2B6837
S21400C58003442B6070BD30F07BFFDFE732F068FEBF
S21400C590DCE700BF00800050A83E00206C3E002074
S21400C5A0703E0020743E0020405F0020A03E002029
S21400C5B000C0015040420F000122154B10B55A67CB
S21400C5C0144B154C1B7813B3022032F09CFFF0B1CD
S21400C5D031F064FCD8B1A36DD90302D5E36D9A0798
S21400C5E015D40D4B9B6DDB0711D401220B4B1A7033
S21400C5F032F07DFFBDE81040094B0A4A1860136F01
S21400C60023F0070343F00303136730F0D5BE10BDD5
S21400C61000D00050415F002000C000503E5F002068
S21400C6209C3E0020008000500122014B1A7070478B
S21400C630415F002007B5FFF7C1FE01A8FEF778F9B5
S21400C6409DF80530012B25D1234B9A6DD20311D4CA
S21400C6505A6B6FF3162242F4BC1242F4A0625A637D
S21400C6601A6B22F4704242F440421A631A6B42F488
S21400C670E0621A639DF8043063B94FF000531B68FC
S21400C680164B1B68164B1B68164B1B68164B1B6815
S21400C690164B1B68164AD2F8803043F00303C2F8E4
S21400C6A080302AF0FEF9FFF7CDFBFFF777FBFFF7A8
S21400C6B07DFB0DF0C3FBFFF7CBFE00F01BF82AF066
S21400C6C0F1F9FFF73DFC2AF0FCF92DF073FB03B0FF
S21400C6D05DF804EB2AF0E7B900C0005000400020E7
S21400C6E00080002000C00020000001200040012043
S21400C6F00080005070B532F0ADFD144E054634781B
S21400C700FCB9134B1C60134B1C60134B1C6000F0F1
S21400C71031F8012031F0B0FC31F0A2FC0F4B02469C
S21400C720186020B9284632F090FD232070BD2346BD
S21400C73040F2E7310A480EF0BBF80A4B18600123B6
S21400C7403370284632F081FD0020EFE7445F00207A
S21400C750B83E0020B43E0020C03E0020BC3E002074
S21400C76018FCFFFFB03E0020014B1868704700BF62
S21400C770B03E00201FB50024184B18689A88029017
S21400C780D3F806009B7A00901548ADF80C208DF87B
S21400C790043032F0FDFD02A88DF808408DF80C40FC
S21400C7A0FEF7A2F8694601208DF80040FEF760F813
S21400C7B01F220C4B9A615A614FF0B042936A13F0F5
S21400C7C00803FBD113620120FEF76CF80A20FFF77E
S21400C7D071FB0A20FFF752FB04B010BD259704003A
S21400C7E06C9504000020005810B532F033FD4FF071
S21400C7F0B04304465B691A07074A03F0010003F0DA
S21400C8000D0348BF40F00200536131F05DFB204647
S21400C810BDE8104032F019BD0020005821282DE94F
S21400C820F341054604D82C46204602B0BDE8F08108
S21400C83000240B4E0B4FDFF830800023CDF800802D
S21400C8401A461946386828F09AFD8442EBD2222C04
S21400C850E9D056F8043BAB42E6D00134EDE700BF22
S21400C860449A040074690020FFFF0F002DE9F04F82
S21400C870644E654D89B02AF070F931682868FCF777
S21400C8804DFB0446002827D033680024D3E9000176
S21400C8909A6912689047336804A89B699B68984712
S21400C8A0336802209B69DB689847326805985368AE
S21400C8B0E7B2B3FBF0F3BB42916904F101044ED832
S21400C8C0CB680020984733689B695B689847316857
S21400C8D02868FCF723FB04460027DFF844A1DFF8AE
S21400C8E04481DFF84491F4B9484B2868DB5D002B9F
S21400C8F000F08380D8F8006002AB314603AAFCF74C
S21400C9008FFC2D2807D070B9039B012B0BD0314626
S21400C9102868FCF7D9FEDAF8003031461A6828682D
S21400C920FCF752FE04460137222F0AF1040A08F1EA
S21400C930040809F10109D6D1B4FA84F3344A5B0934
S21400C94013702B681B7C33B12AF0D3F818B1DB21A7
S21400C950304832F074FD204609B0BDE8F08F12680A
S21400C9600B6907FB002098479FE7D8F8003003AA1A
S21400C970194402AB0191FCF753FC2D28034601999C
S21400C9802BD0286813B30BF1010B5FFA8BF18E42A4
S21400C9902868EAD8204BDB5D002BC4D0F3B27E2B90
S21400C9A02868C0D8D8F8003003AA06EB030B59460F
S21400C9B002ABFCF735FC2D28B5D059462868FCF7A5
S21400C9C083FE013604460028E8D0ACE7039B7BB91B
S21400C9D099F80020029B9A42D5D099F80030DAF8F0
S21400C9E000202868FCF7EAFC0028CCD00446D1E7F3
S21400C9F00191FCF769FE0199EFE7084BA346DE5D5F
S21400CA00C3E700BF5469002074690020209A040020
S21400CA10465F00203E000400FE990400BA99040018
S21400CA2030970400449A0400DC990400F8B51F46C9
S21400CA30214B04461B780D46164623B100F47E2390
S21400CA40B3F50E2F2BD02046FFF7E8FE212804462C
S21400CA5014D81A4B53F82010194B1B78ABB1194B4E
S21400CA60212C18681DD8184B1B5DD3B13268FCF713
S21400CA70ABFD044650B12AF03BF807E0FF2807D983
S21400CA803A46314680B229F047FD00242046F8BDDC
S21400CA904FF4A9710D4832F0D2FC0021DCE70146C4
S21400CAA0DAE77F2D08BF00253B46324651FA85F16E
S21400CAB0FCF784FCDDE700BF455F0020449A0400D5
S21400CAC0465F002074690020209A04003E0004009F
S21400CAD030B5134600F07E62B2F17E6F8BB00DD19A
S21400CAE00A46C0F30B016846FEF71AFA20B140F278
S21400CAF09311094832F0A3FC0BB030BD5A0829F058
S21400CB00FAFF0028F8D04FF49C7103480BB0BDE83C
S21400CB10304032F094BC00BFCF0004002DE9F7434C
S21400CB20C70705460E46144604D540F2E3114948A9
S21400CB3032F085FCE10704D54FF4F271454832F037
S21400CB407EFC454B93F80080B8F1000F20D043F2EE
S21400CB5060239D4208D12246314640480EF0A4FB91
S21400CB60002003B0BDE8F083C5F30B0705F440557D
S21400CB70B5F5805F14BF4FF40F204FF40E20234608
S21400CB8032467F21384303B0BDE8F043FFF74EBF7F
S21400CB9005F47043B3F5805F3FD1C5F30B05304A0B
S21400CBA005F17E65631E2B44934230D82F46DFF88E
S21400CBB0A49007EB0408474542D1AA070ED04FF6CB
S21400CBC0FF7336F8022BA81E43EA024304220DEB3D
S21400CBD002010193FFF77CFF0235023CA3070ED04B
S21400CBE0023C24F00103F35A04226FEA03436FEA7F
S21400CBF013430DEB020128190193FFF769FF002C80
S21400CC00AED0224631462846FFF762FFA8E740F23C
S21400CC10FD11104832F013FCC8E705F46043B3F585
S21400CC20005F04D1C5F30B0505F53E25BEE740F2CF
S21400CC300521084832F003FC6FF00F074546B6E7BB
S21400CC4017F8013BFF2BB6D04FF40471484632F07C
S21400CC50F6FBB0E7CF000400455F0020AC6E002076
S21400CC60FF03E00F10B500F077F829F090FF0446B8
S21400CC7018B100F079F8204610BD00F07BF80446A5
S21400CC800028F6D10122014B1A70F2E7475F002018
S21400CC90054B1B7833B1054BC0F31301002218680F
S21400CCA0FCF7D6BC11207047475F0020746900204F
S21400CCB0144B2DE9F0411B7805460E461746FBB18E
S21400CCC029F04CFF012805D9841EE4B2012C09D9AD
S21400CCD0212412E03B4631462846BDE8F0410022BA
S21400CCE000F052B800F038F83B460022314628469D
S21400CCF000F076F8044600F037F82046BDE8F081EC
S21400CD001124FAE7475F0020124B70B51B780446E3
S21400CD100D461646E3B129F021FF012805D9831EEA
S21400CD20DBB2012B08D9212410E0324629462046E2
S21400CD30BDE8704000F040B800F00EF820463246DD
S21400CD40294629F026FF044600F00EF8204670BD5E
S21400CD501124FBE7475F002008B532F06EFA014B5E
S21400CD60186008BDC43E0020014B186832F060BA57
S21400CD70C43E0020024B1968024B1868FCF7CEB878
S21400CD80546900207469002037B505460C46C0F388
S21400CD9013010848ED02006805D5224603B0BDE839
S21400CDA03040FCF709BA009313462246FCF7BEF95A
S21400CDB003B030BD7469002030B405461346074AF8
S21400CDC00C46C0F313011068EA0203D5226830BC93
S21400CDD0FCF7FABB224630BCFCF7F0BA74690020B8
S21400CDE0F7B505460F4614461E461BB921252846AC
S21400CDF003B0F0BD0029F9D029F0B0FE4BF2346242
S21400CE00ABB2934220D14FF0FF3322466946CDE9BC
S21400CE10003325483346FFF7E3FF0822054623493B
S21400CE2068460EF0FDFB38B933462246694641F2A5
S21400CE30F010FFF7D5FF0546002DD8D132466946DB
S21400CE4038460EF031FAD2E741F2F01293420FD193
S21400CE50174B311908299A6CDB6CC7D8CDE900232B
S21400CE6032460DEB040138460EF01EFA0025BEE7EA
S21400CE7002280BD1C5F30C4332199342B6D3C5F33F
S21400CE800B0104F17E6432462144ECE7032809D105
S21400CE90C5F30C4332199342A8D3C5F30B0104F52E
S21400CEA03E24F0E70125A2E7021008C0D09A04004D
S21400CEB00080E00F10B52CF01DF92DF0D3F9BDE879
S21400CEC01040034601210220014A02F00BBC00BFBD
S21400CED06601040013B5D0E9023253F822301C78FC
S21400CEE020462CF019F92346009001210220024A20
S21400CEF002F0F8FB02B010BD7A010400014B18786E
S21400CF002BF0DFBC485F0020FF232DE9F04F8FB0E9
S21400CF101122002108A88DF813300EF035F808A865
S21400CF202AF08DFE01210220B04A08AB02F0DAFB9F
S21400CF3041F24903AE4A0121022002F0D3FB06A8C3
S21400CF402AF0ACFF08A90DF113002AF0B2FF022068
S21400CF500021A84A02F0C6FB00202BF0E3FC10B12B
S21400CF6006A809F0CDFB9DF92A3001210220A24A2D
S21400CF7000939DF82B3002F0B5FB2CF0B7F8831E1B
S21400CF80DBB2FC2B054631D8012102209B4A02F079
S21400CF90A9FB01249A4E9B4FDFF8D08223463246E7
S21400CFA00021022002F09EFB05A9E0B22CF0A0F8BA
S21400CFB0034650B1A0F11602012A40F2AA8042466A
S21400CFC00121022002F08EFB0CE09DF914303A4657
S21400CFD001939DF816300121009302209DF815302C
S21400CFE002F080FB0134E3B29D42D7D8BDF828405A
S21400CFF007F072FF23460021834A0090022002F0C9
S21400D00071FB02200021814A02F06CFB00202BF00D
S21400D01089FC10B108A809F073FB01217C4A0220A4
S21400D02002F060FB2BF0C0FF04462BF0BBFF23464C
S21400D0300121784A0090022002F054FB08F024FCFC
S21400D04000210220744A02F04DFB9DF81330FF2B9E
S21400D05065D000210220714A02F044FB01216C4A8F
S21400D060022002F03FFB2AF029FF012103466C4A0A
S21400D070022002F037FB07F007FF00210346694A4B
S21400D080022002F02FFB2AF01FFF04462AF01EFFA4
S21400D09023460121644A0090022002F023FB32F06E
S21400D0A0DBF908F099FC01210346604A022002F0F1
S21400D0B019FB0025DFF8B88108F08EFCECB2A04220
S21400D0C033D832F0C9F90123594A1946022002F032
S21400D0D009FB00202BF0F5FB564B574C0093012123
S21400D0E000230220554A02F0FDFA236863B10121AD
S21400D0F002201B78524A02F0F5FA2368012102202A
S21400D1005B78504A02F0EEFA2BF0E0FB0FB0BDE879
S21400D110F08F012102204C4A02F0E4FA62E7002177
S21400D12002204A4A02F0DEFA98E7494B204603EB13
S21400D1300416D6F8089008F009FD8246204608F046
S21400D14051FC444F00280CBFC346BB46204608F09F
S21400D150FDFC0AF0B7FA002808BF474653460021F0
S21400D1600220CDE900B73C4A02F0BCFAB3790121AF
S21400D1700293B388022001937388384A0093337B66
S21400D18002F0B0FA0026DFF8ECB099F80430F4B2FA
S21400D190A34203D832F060F901358DE714235C43CF
S21400D1A0D9F8007002203A5B07EB040A9AF90C30B3
S21400D1B000922B4A002132EA230228BF5A46134621
S21400D1C0284A02F08FFA00202BF0ACFB38B150460C
S21400D1D03C5B2AF0E2FE014620460AF0C1FA012135
S21400D1E00220214A02F07EFA0136CEE7BB01040097
S21400D1F0CA010400E601040012020400ED01040066
S21400D200030204000A0204003F0204005F02040056
S21400D210A9020400680204008A020400AB2004008D
S21400D22095020400AB020400C1020400D702040009
S21400D2305003040068030400604300205C030400FD
S21400D240760304008A0304002702040047FF030055
S21400D2509442002092010400E2020400020304004B
S21400D260AF01040038030400C04904003202040081
S21400D2709A010400A30104002DE9F7430025134E8C
S21400D280DFF8588008F0A8FBECB2A04202D803B042
S21400D290BDE8F0832701204616F8079008F0A2FBA9
S21400D2A00B4A4B46002808BF424600210220009247
S21400D2B0084A02F017FAF05D2AF00CFE012102205F
S21400D2C0054A02F00FFA0135DCE700BF9442002061
S21400D2D059500400A5030400C0490400635004002C
S21400D2E008B583685A681178C26853F82230A1F1ED
S21400D2F0650251425141187808F02AFD30B9BDE860
S21400D300084001210220024A02F0ECB908BD00BF25
S21400D310B003040000210220014A02F0E3B900BF76
S21400D320CA03040000210220014A02F0DBB900BF54
S21400D330F803040010B5044686B01822002168469B
S21400D3400DF022FE68462BF03BFAD4E9022052F894
S21400D350203002EB80021B788DF80B30516891F973
S21400D36000108DF80A1091680988ADF808106168F9
S21400D370091A032907DDD26803F01F03127843EA6F
S21400D38042138DF80B30684607F054FE0021034622
S21400D390024A022002F0A6F906B010BD14040400EA
S21400D3A007B500202BF066FE00210090034B0220FC
S21400D3B0034A02F097F903B05DF804FB2104040069
S21400D3C02704040013B5D0E9023253F8221003EB09
S21400D3D082035B68087819680023094CA2229942E8
S21400D3E008BF2146C01A18BF01202BF037FE0121C6
S21400D3F00090044B0420044A02F074F902B010BDF9
S21400D40000F8FF07EE4504003905040013B5D0E91F
S21400D410023203EB820153F82230D1E90114187866
S21400D420FF22003818BF0120237809682BF016FE6B
S21400D43001210090034B0420034A02F053F902B086
S21400D44010BD00BF320404003905040008B50021F1
S21400D45001230C4A2BF074FC0A482BF0D2F900206A
S21400D460094909F0E5F900202BF05CFA10B10548EF
S21400D47009F046F9BDE8084001210420034A02F0FD
S21400D48031B900BF7964002047040400C049040095
S21400D49010B52AF01DFD034630B1BDE8104001214D
S21400D4A00420054A02F01EB90121BDE81040042000
S21400D4B0024A02F017B900BF5504040066040400CF
S21400D4C010B52BF0A2F9BDE810400346012102205A
S21400D4D0014A02F007B900BF7104040010B52BF032
S21400D4E065F9BDE81040034601210220014A02F01A
S21400D4F0F9B800BF8704040037B5D0E9023201242A
S21400D50053F822304FF6FF701D78FE2204FA05F11C
S21400D51000232BF017FE2B46009021460420024ADB
S21400D52002F0E0F803B030BD9B040400D0E90232FC
S21400D53053F822301B7823B101210220024A02F060
S21400D540D1B8024A13707047BA040400485F00203E
S21400D55007B568462AF0A2FC07F0BEFC0121034688
S21400D560084A022002F0BEF8684609F0C9F807F03B
S21400D57027FF01210346044A022002F0B3F803B055
S21400D5805DF804FBD0040400EA04040037B5D0E9D3
S21400D5900245406854F82530401B0328D8BF0020B9
S21400D5A004EB8504C8BFE06819786368C8BF0078D4
S21400D5B01A78A36893F90030009001202BF03CFD08
S21400D5C038B901210220084A03B0BDE8304002F015
S21400D5D089B8064B0190009301210220044B054AAE
S21400D5E002F080F803B030BDFB040400030504001D
S21400D5F09D3104001705040007B501202BF024FD1B
S21400D60048B9009001210220084B094A02F06AF846
S21400D61003B05DF804FB054B019000930121022046
S21400D620044B054A02F05EF8F2E700BF030504006B
S21400D6302E0504004C5E04001705040008B5D0E96A
S21400D640023253F8223018782BF0B2FC30B9044A74
S21400D6500121BDE80840042002F044B8014AF7E77B
S21400D660430504005F05040008B5D0E9023253F80C
S21400D670223018882BF09AFC30B9044A0121BDE804
S21400D6800840042002F02EB8014AF7E77E050400A1
S21400D690AE05040073B50378044613F0050F0ED0EC
S21400D6A04588062D17D1836801215B68174A1B78C9
S21400D6B00193838804200093154B02F013F8237817
S21400D6C0012B20D001210420114B124A02B0BDE8E4
S21400D6D0704002F007B835B98388012104200E4A4D
S21400D6E002F000F8EBE7012DE9D186680B4900202F
S21400D6F009F09EF8304609F003F829460420084A47
S21400D70001F0F0FFDBE702B070BD00BFE4050400E7
S21400D710DB05040036060400010604001E060400AD
S21400D720C04904002DE9F04F00268FB0364D09ACF5
S21400D7300FCD0FC42B6801210220344A236001F06C
S21400D740D1FF3446DFF8DC902AF0BCFBF5B2A842E5
S21400D7500BD82AF0B7FB23460090012102202C4A62
S21400D76001F0C0FF0FB0BDE8F08F284605A92BF0EA
S21400D77001FC0346002841D19DF81430032B39D90B
S21400D78004238DF814302B4600210220214A01F094
S21400D790A9FF9DF814300EAA02EB830300214A4627
S21400D7A053F8143C022001F09DFF28469DF821A066
S21400D7B09DF815B09DF81870BDF816802BF0DCFBB0
S21400D7C05346CDE9028000210220CDE900B7124A77
S21400D7D001F088FF01340020E4B22BF0A3F818B162
S21400D7E00DF1190008F08CFF002102200B4A01F011
S21400D7F079FF01E0002BC6D10136A5E70021022003
S21400D800074A01F06FFFF7E7D89A040048060400BD
S21400D810C10604000502040075060400D2FB0300DE
S21400D8209C06040048110400C3688268013BDBB212
S21400D83052F8233002201B78652B14BF00220121EA
S21400D840044B1BBF01211A70034A044A08BF197013
S21400D85001F048BF146F0020D8060400E606040056
S21400D860D0E9023253F822301A88014B1A807047EA
S21400D870AE6E002007B5D0E9023103EB810253F803
S21400D880213052681988054B054812880093008895
S21400D890012309F029FC03B05DF804FB95D60000CF
S21400D8A0AE6E0020C3688268013BDBB252F82330BC
S21400D8B05B78A3F1660253425341014A13707047E6
S21400D8C0176F002030B5D0E9023253F8223089B005
S21400D8D01D78012302AA194604462BF031FA0123CB
S21400D8E00093102302210DEB030220462BF009FAC9
S21400D8F0284604AA02A92BF03FFC044600202BF081
S21400D90011F818B12146044807F076FB00200349B9
S21400D91008F074FF09B030BDF5060400C0490400E5
S21400D920002330B58FB00221009309AA12230546C2
S21400D9302BF0E7F905AA014609A807F0E1F8044626
S21400D94098B1232805D1134A0121042001F0CAFE0C
S21400D95009E0212801D1104AF6E7034601210420F8
S21400D9600E4A01F0BFFE0FB030BD0123284619460F
S21400D97003AA2BF0E5F905A903A82BF0FFFB054643
S21400D98020462AF0CFFF18B12946054807F034FB99
S21400D990044AD9E7020704002507040060070400CC
S21400D9A081070400C0490400F0B5D0E9023253F8FC
S21400D9B0221003EB82039B6805461F7887B0384623
S21400D9C00E782AF08FFF044608BBD5E90221012312
S21400D9D08DF80830194452F8210002EB81020088C5
S21400D9E08DF809709268ADF80A00127804218DF857
S21400D9F00C2028460DF10D022BF0A2F9304602A9A4
S21400DA008DF815402BF0BAFA04462AF05FFF33462D
S21400DA1001210420024A009401F064FE07B0F0BD24
S21400DA20960704002DE9F04101218EB00220274A16
S21400DA3001F058FE002005AB01AA09A92BF096FBC1
S21400DA4000250446224E234FDFF898801CB1284656
S21400DA500EB0BDE8F08102202B463246214601F08A
S21400DA6041FE20462AF05EFF10B10AA808F048FEE4
S21400DA703A46002102209DF8303001F033FE42463F
S21400DA8000210220079B01F02DFE00210220BDF898
S21400DA902030114A01F026FEBDF8143000210F4A4E
S21400DAA0022001F01FFE013501A82AF036FFEDB274
S21400DAB0012102200A4A01F015FE284605AB01AAFC
S21400DAC009A92BF053FB0446C0E700BFC8070400B3
S21400DAD00E08040016080400CA2004002B080400E0
S21400DAE0C0490400220804002DE9F047064698B015
S21400DAF0C0B92AF0E5F9074600250EA82BF040FB32
S21400DB0001210220384A01F0EDFD2C46DFF8E080C6
S21400DB10DFF8E090DFF8E0A0BC4205D3284618B056
S21400DB20BDE8F0870127E7E713A82BF029FB002EB6
S21400DB304CD0022306A913A88DF84C30FE242BF0F7
S21400DB4011FB00283FD102A913A82BF011FB9DF86A
S21400DB50593043F001038DF85930002E3DD123464D
S21400DB6031460220214A01F0BDFD9DF859300AA930
S21400DB7043F0010313A88DF859302BF0F9FA002072
S21400DB802AF0D0FE10B114A808F0BAFD0C9B42464D
S21400DB900021022001F0A6FDBDF82820002112F485
S21400DBA0007F0CBF4C23412312F0100F0CBF6E22D7
S21400DBB07922022000924A4601F094FD06A82AF037
S21400DBC0ACFE0135EDB20134E4B2A5E720460AAB5F
S21400DBD006AA13A92BF0C8FAB3E752460021022082
S21400DBE001F080FDC1E700BF350804000E08040000
S21400DBF022080400710804006A08040030B50124F5
S21400DC0099B00EA82BF0BCFA13A88DF838402BF06C
S21400DC104DFAC0B9BDF84C1011EA040513D12146DF
S21400DC200220444A01F05EFD29460220424A01F0E5
S21400DC3059FD214602203F4A01F054FD21460220AC
S21400DC403C4A01F04FFD06A90EA82BF08BFA20B136
S21400DC501022FF2106A80DF097F904A82BF08AFAE7
S21400DC60059B01210220354A0093354B01F03AFD11
S21400DC709DF8123001210220324A0093304B01F009
S21400DC8031FD00212E4B304A022001F02BFD06A864
S21400DC902AF043FE13A82BF073FA02230AA913A84E
S21400DCA08DF84C302BF064FA00283FD10B9B009384
S21400DCB001210220254B264A01F014FD0121234BA9
S21400DCC0244A022001F00EFD0120FFF70DFF01217E
S21400DCD01E4B214A022001F005FD0020FFF704FF3D
S21400DCE004462AF0EDF823460090012102201B4A44
S21400DCF001F0F8FC01211A4B174A022001F0F2FC51
S21400DD00FFF790FE1749022803461748174A28BF10
S21400DD100A46084928BF01460092CDE90131022093
S21400DD200121134A01F0DEFC19B030BD4FF0FF337D
S21400DD30BDE700BFC049040084080400C208040010
S21400DD40BA080400D2080400273004004E3E04003F
S21400DD50E5080400F5080400FC08040005090400B2
S21400DD60190904008008040091250400E325040036
S21400DD702709040010B5D0E9023253F822301C7887
S21400DD80201E18BF01202BF07DF9054A054B002008
S21400DD90002C18BF1A46BDE81040034908F02EBDF7
S21400DDA0540904004F0904005D090400D0E902325A
S21400DDB010B553F822301C8820462BF065F9224611
S21400DDC0BDE810400020014908F018BD9E09040077
S21400DDD037B5044607F058F8014638B100200D4A1A
S21400DDE00D4903B0BDE8304008F008BDE368A268FE
S21400DDF0013BDBB252F8233008481D780123084A5D
S21400DE0000936C2D08BF0246102320462AF079FFA7
S21400DE1003B030BDEC090400F4090400FD6E0020D8
S21400DE20ED6E002013B583689A681278672A22D1AF
S21400DE3001A82BF03BF90446A8B9BDF80420174901
S21400DE4008F0DCFCBDF80430DA070AD413F0020F41
S21400DE50134B144A18BF1A461349002008F0CEFC8C
S21400DE6019E0124AF8E702461149002008F0C6FCFD
S21400DE7022461049F1E7C26801A953F8220003EBD5
S21400DE8082035B6800681B68ADF804302BF014F959
S21400DE9004460028ECD102B010BD00BF270A0400DB
S21400DEA01A0A040084310400480A04000A0A04001E
S21400DEB05A0A0400860A0400034A04491388C85410
S21400DEC001331380704700BF365800204E5F002095
S21400DED073B5154D01242B78144E13F0040F0CBFA8
S21400DEE002230423124A214614703288022001922B
S21400DEF0EB5C104A0093104B5B8801F0F3FB0021AB
S21400DF0002200E4A01F0EEFB0D4B294600933288A4
S21400DF102346022001F02CFC21460220094A02B0CA
S21400DF20BDE8704001F0DEBB4E5F00203658002092
S21400DF304D5F0020950A040028580020BA0A040005
S21400DF40DC0A0400C049040070B516464FF48A5235
S21400DF50114B124DDA805980114B1B881A1E18BFC0
S21400DF60012240EA82000F4A1278003A18BF0122C6
S21400DF7040EA0210287063B103246B701B0AAB7072
S21400DF8009F00EFC631C2855EE54074B02341C8027
S21400DF9070BD0124F4E700BF285800204E5F002023
S21400DFA0345800204C5F00203658002038B5D1E9A0
S21400DFB002320C46054653F82230024619880C4BAE
S21400DFC01878FFF7C1FFE368A268013352F82330E0
S21400DFD0188828F020FE4DB1E368A268023352F894
S21400DFE023301878BDE83840FFF766BF38BD00BF5D
S21400DFF0495F0020F0B50546EB68AA68023352F880
S21400E000233008461C78294685B0FFF7CFFF204608
S21400E01029F0AFFF204E214F78B3204629F0B5FFF8
S21400E0200321441C03AA284627F05CFE3288E4B28B
S21400E030C2F1FF0303991B1B9BB28B4222443CBFD9
S21400E040C2F1FF0303930123032100933A449DF892
S21400E0500C3028462AF055FE039A022C338804BF5B
S21400E0600F48110AFA5408BFC15413441C443480A4
S21400E07005B0BDE8F040FFF72BBF204607F00CFCCC
S21400E0800123328804460093032103463A44284677
S21400E0902AF037FE3388E9E7365800204E5F002026
S21400E0A04F5F0020052307B5012100930220044B93
S21400E0B0044A01F017FB03B05DF804EBFFF79EBDC2
S21400E0C0C30A0400CA0A040013B504462AF0EAFF8D
S21400E0D038B1CDE9004001210220034B034A01F08C
S21400E0E001FB02B010BD00BFEC090400E10A040009
S21400E0F0194B37B51B783BB901210220174A03B0EC
S21400E100BDE8304001F0EEBAD0E90232144C53F8C4
S21400E110223001211D78638802200093114A2B4685
S21400E12001F0E0FA104B25711B78104D63B1012108
S21400E13002200F4A01F0D6FA20460E4A298803B07C
S21400E140BDE8304029F0B6BC20460A4A298803B00C
S21400E150BDE8304029F070BD4D5F0020F80A04008D
S21400E16028580020060B04004A5F0020365800207E
S21400E1701D0B04004E5F00202DE9F041D0E902326D
S21400E18053F8221003EB82035A680C7817889A68B3
S21400E190DB68B2F80080C6B01D780021304B022044
S21400E1A0304A0094CDE9017801F09CFA002D0CBFAE
S21400E1B06E237923012102202B4A01F093FAFF23D4
S21400E1C0002D0DF1170606AD019320460CBF8023E7
S21400E1D0402342463946029600952AF010FA044635
S21400E1E0002835D1307829F0CAFE0746B0B1284657
S21400E1F02AF057FB1D4BFD28A8BFFD2000932346A1
S21400E20082B20DF11901022001F0B2FA01210220BA
S21400E210174A01F067FA46B0BDE8F081307829F079
S21400E220B4FE60B128462AF041FBFD28A8BFFD20B9
S21400E2300E4B82B200930DF11A013B46E3E73078AD
S21400E24007F02AFB0B4B0246009329460123DAE728
S21400E250009001210220084B084A01F043FADAE751
S21400E260EA3E0400370B04005C0B04006E53040007
S21400E270C0490400DC0A0400E4130400660B040032
S21400E280D0E9023253F8221003EB82032DE9F04F57
S21400E2905A680F78B2F800809A68C7B0B2F8009053
S21400E2A0DA681B6992F800A01E7800212F4B304ACE
S21400E2B00446CDE901890220009701F013FABAF16D
S21400E2C0000F0CBF6E23792301210220294A0096F5
S21400E2D006AD01F007FAFF22002128460CF054FE96
S21400E2E0304629F04CFE834608B3002305210093F0
S21400E2F02046FD230DF119022AF003FD2870BAF11D
S21400E300000F0CBF802340234A4641463846CDE9DD
S21400E31000562AF03FF90146144806F06DFE01212A
S21400E3200220154A01F0DEF947B0BDE8F08F30460E
S21400E33029F02BFE60B1FD2305212046CDF800B064
S21400E3400DF11A022AF0DDFC85F801B02870D6E738
S21400E3500590304607F0A0FA059A0346009205217C
S21400E3602A4620462AF0CDFCC9E700BFDD3E040061
S21400E370370B0400770B0400C04904002DE9FF4763
S21400E3801C465B68E5685B1B00255FFA83F803950F
S21400E3902E46FFF7D9FDEBB298450BD90C9B9B5D3B
S21400E3A0282B39D8202B00F2CB800136F6B2002B72
S21400E3B040F0C980FFF78CFD04B0BDE8F087132A53
S21400E3C02FD801A151F822F08FE40000A1E400004C
S21400E3D0B3E40000E7E40000B5E30000B5E30000A6
S21400E3E0B5E30000B5E3000023E4000023E40000EA
S21400E3F023E4000023E4000023E4000023E40000FC
S21400E40023E4000023E4000023E4000023E40000EB
S21400E41033E400000DE50000A3F13102D1B2132968
S21400E420CDD90136F6B2A3F14102032AC2D8422B57
S21400E4306CD06C4F00213A88DFF8B0A1C2F1FE0321
S21400E4409BB2FF2B28BFFF2301320091DBB2204690
S21400E450524469B22AF031FC3B880AF803000133C3
S21400E4601844388011E04FF00409E368A2682B4492
S21400E47052F823301F68F8B209F1FF39FFF71CFD88
S21400E48019F0FF094FEA1727F5D1013583E7E3684E
S21400E490A2682B4452F823301878FFF70DFDF4E7F6
S21400E4A0E368A2682B4452F82330188828F0B3FBA0
S21400E4B0EBE7E368A2682B4452F823301F68B7F1F5
S21400E4C0807F09D2F8B2FFF7F7FCC7F30720FFF703
S21400E4D0F3FCC7F30740E0E72B4601210820424A39
S21400E4E001F000F966E74FF00409E368A2682B44E0
S21400E4F052F823301F68F8B209F1FF39FFF7DCFC49
S21400E50019F0FF094FEA1727F5D1BEE7294603AAF7
S21400E510204627F0E7FB0021324F344A3B88DDF8DF
S21400E5200C9002EB030CCAB2914501F1010102D82E
S21400E5304B443B80A9E710F802A00CF802A0F2E7D3
S21400E540242B3FF670AF013B232B3FF633AF01A2DF
S21400E55052F823F08FE40000A1E40000B3E40000CA
S21400E56067E40000B5E30000B5E30000B5E3000093
S21400E570B5E30000B5E30000B5E30000B5E3000036
S21400E580B5E30000B5E30000B5E30000B5E3000026
S21400E590B5E300008FE40000A1E40000B3E400004F
S21400E5A0E7E40000B5E30000B5E30000B5E30000D3
S21400E5B0B5E30000B5E30000B5E30000B5E30000F6
S21400E5C0B5E30000B5E30000B5E30000B5E30000E6
S21400E5D0B5E300008FE40000A1E40000B3E400000F
S21400E5E067E4000036580020900B04004E5F0020C1
S21400E5F0094B1B7823B101210820084A01F072B8A4
S21400E600D0E9023253F82230054A1B8801211380D4
S21400E6100820044A01F066B84D5F0020B60B0400DF
S21400E62034580020F80B0400D0E9023253F82230A8
S21400E630054A1B780121003B18BF012308201370F0
S21400E640024A01F04FB800BF4B5F00201E0C0400CA
S21400E650D0E9023253F82230034A1B7801211370A6
S21400E6600820024A01F03EB84C5F00204D0C040022
S21400E67010B5D0E90232044653F822301322198826
S21400E6800B4B1878FFF760FCE368A268013352F87A
S21400E69023301878FFF710FCE368A268023352F8BC
S21400E6A023301878FFF708FCBDE81040FFF710BCD1
S21400E6B0495F002010B5D0E90232044653F82230F4
S21400E6C0112219880B4B1878FFF73EFCE368A26806
S21400E6D0013352F823301878FFF7EEFBE368A268A0
S21400E6E0023352F823301878FFF7E6FBBDE81040F7
S21400E6F0FFF7EEBB495F0020D0E9023253F8223024
S21400E700034A1B78003B18BF0123DB0013707047D9
S21400E710495F002010B5D0E9023253F82230044693
S21400E72019880E4B06221878FFF70EFC0120FFF71B
S21400E730C3FBE368A268034452F82330188828F025
S21400E7406AFAE368A268023352F82330188828F081
S21400E75062FABDE81040FFF7BBBB00BF495F002070
S21400E7602DE9F043D0E902324FF0FD09013253F8AB
S21400E770221003EB82035A68C7B017889A68B1F86C
S21400E7800080147853F8043C002C0DF1170506AEF3
S21400E79018783A4614BF4023802341460295CDF8A8
S21400E7A00490009629F02BFF034638B1184A012141
S21400E7B0082000F097FF47B0BDE8F083201E18BF82
S21400E7C001200A224146C000FFF7BEFB384628F06B
S21400E7D022FA2878FFF770FB4A463146287829F057
S21400E7E07CFB044628B10B4F3D88C5F1FF039842D9
S21400E7F002DD2346084ADAE702460848314628443E
S21400E80025440CF051FD3D80FFF762FBD3E700BFC7
S21400E810830C0400365800209F0C04004E5F002036
S21400E82010B5D0E90232044653F82230082219887F
S21400E8300B4B1878FFF788FBE368A268023352F8A0
S21400E84023301878FFF738FBE368A268013352F8E4
S21400E8502330188828F0DFF9BDE81040FFF738BBF2
S21400E860495F002073B5D0E902320546023253F8FC
S21400E870221003EB820353F8042C53F8083C0C7860
S21400E8801988234B168818780622FFF75DFB0020B0
S21400E890FFF712FB304628F0BEF92046FFF70CFBC8
S21400E8A0EB68AA68033352F82330188828F0B3F9C7
S21400E8B0EB68AA68043352F82330188828F0ABF9BE
S21400E8C0204609F06DF9E8B9204606F0E5FF052177
S21400E8D00446019001AA284627F004FA019B014647
S21400E8E09C4206D0224631460A480BF03BFA02B05C
S21400E8F070BD094D09482E882246304434440CF039
S21400E90095FB2C8002B0BDE87040FFF7E1BA00BF6F
S21400E910495F0020CB0C0400365800204E5F0020D4
S21400E92073B5D0E902324FF48A5153F82230104DB5
S21400E9301A88104BD9805A8000232A46009301215A
S21400E940FF232AF0DEF92B78044613F0040F0A4B57
S21400E95008BF01261B7818BF032613B108F020FF56
S21400E960A855064B1C8002B0BDE87040FFF7B0BA51
S21400E9704E5F0020285800204B5F002036580020AD
S21400E980D0E9023253F82230034A1B78003B18BF06
S21400E99001231370704700BF4A5F002010B50C4675
S21400E9A008B907F089FE024B18715C7110BD00BFF4
S21400E9B02858002002462DE9F341D0E90253526858
S21400E9C055F82310D21A0C8805EB8301013BDBB205
S21400E9D055F82380294D022A4868C8BF8A682B78D4
S21400E9E0D8BFFF210078C8BF11783BB901210220AB
S21400E9F0234A02B0BDE8F04100F074BEFFF7CEFF38
S21400EA0006F06AFA1F4F204E3B88014622460093C6
S21400EA101E48334629F0DFFE0246C8B998F80410AF
S21400EA203B885F2917D1CDE900364FF6FF712046A7
S21400EA30164B29F033F828B1034601210220144A68
S21400EA4000F050FE0023134A2B701380124A1370F6
S21400EA5002B0BDE8F0814FF6FB718C4208D9CDE9D3
S21400EA6000362146094B4FF6FF7029F075F8E2E7AD
S21400EA702146064A009629F0A1F8DCE74D5F002003
S21400EA80160D0400365800204E5F0020285800203F
S21400EA901D0D0400345800204C5F0020002210B5E5
S21400EAA00A2104461046FFF74FFA002028F0B3F874
S21400EAB00122044B1A70FFF70BFA2046BDE81040FF
S21400EAC0FFF778BF7664002038B51C46154601234C
S21400EAD022462AF035F960B9214628462AF00CFB72
S21400EAE0044620B101210420034A00F0FBFD204625
S21400EAF038BD0024FBE700BF440D04002DE9F043B9
S21400EB000C4615461F46D0E9022352F8231002EBA6
S21400EB10830293680E8893F80080D3688BB0B3F8AE
S21400EB2000903246012106ABFFF7CEFFF0B90DF19B
S21400EB30200CF4B101232A884021CDE902C2CDE998
S21400EB400471CDE900932221434606AA30462AF0F6
S21400EB502EF90B4B0B4A00930B4B0190002C08BF71
S21400EB60134601210420094A00F0BCFD0BB0BDE8A5
S21400EB70F083624628686968032303C22246DBE7FF
S21400EB80A30D0400880D0400820D0400900D0400FF
S21400EB9007B501236A4600212AF0D2F868460349E1
S21400EBA008F04EFB03B05DF804FB00BF95D60000EE
S21400EBB0D0E9023253F822300149188808F012BB17
S21400EBC095D6000010B5D0E9023203EB8201496801
S21400EBD053F8223009784FF48A5218882AF0D7F86A
S21400EBE0BDE81040034601210420014A00F07ABD2A
S21400EBF0AD0D0400D0E9023253F8223002214FF462
S21400EC008A5210B518882AF0B4F8BDE810400346BA
S21400EC1001210420014A00F065BD00BFC60D0400B6
S21400EC201FB5D0E9023203EB820153F8223049685F
S21400EC3018884FF48A5309880293094B094A0193AE
S21400EC40094B1B7800931278084B2AF008F901212B
S21400EC5003460420064A05B05DF804EB00F042BD0A
S21400EC60385800204E6000204D600020425800209A
S21400EC70DD0D04002DE9F043D0E9023253F82210EE
S21400EC8003EB82035A680E8817789A68DB688BB0A5
S21400EC9092F80090B3F800803246042106AB044692
S21400ECA0FFF712FF28BB08AD01232A4605212046A0
S21400ECB02AF046F838B9042001210F4A00F012FD68
S21400ECC0284629F0EBF84FF48A53CDE90493002345
S21400ECD0CDE9025303232121CDE9008306AA3B4652
S21400ECE030462AF064F801210346044A042000F066
S21400ECF0F9FC0BB0BDE8F083F50D0400240E04000B
S21400ED0038B5D0E9024303F18043023B02220F49A3
S21400ED1054F823009D000CF083FC60B90C4B0D49A1
S21400ED201A78042A0BD82C44A068008821F8120010
S21400ED3001321A7038BD084B08491A78F1E70121EC
S21400ED40BDE838400420064A00F0CCBC1837040062
S21400ED504E600020425800204D60002038580020A9
S21400ED60360E040008B5C368806803F18043023B92
S21400ED700222064950F823000CF052FC10B9044B4E
S21400ED80187008BD0022034B1A70FAE71837040003
S21400ED904E6000204D60002037B5D0E9023153F8B0
S21400EDA021208C0015784268521A012AC5BF1B190B
S21400EDB05B686C091C78DCBF44F0180405F01F057E
S21400EDC02946204629F00FFF034640B1234601217D
S21400EDD004200E4A009500F085FC03B030BD0121EA
S21400EDE0A94074B92346FE224FF6FF702AF0AAF90E
S21400EDF0012103460420064A03B0BDE8304000F077
S21400EE0071BCFE2241EAC461EEE700BF4C0E04006E
S21400EE106C0E040070B5D0E9021551F8253001EBF0
S21400EE208501044618884B681A788B68052A1B8863
S21400EE3002D85E1E072E0BD9012104200C4A00F0D2
S21400EE4051FCBDE87040012104200A4A00F04ABC8B
S21400EE506468641B032CCABFC968074909682AF09E
S21400EE6071F9BDE8704002460449002007F0E0BC96
S21400EE708A0E0400AA0E040000F8FF07C70E04005E
S21400EE8008B5D0E9023253F8220003EB8203596832
S21400EE90FF22038809684FF6FF702AF053F9BDE891
S21400EEA0084002460149002007F0C2BCDA0E040002
S21400EEB008B5D0E9023253F82230052140221888DE
S21400EEC029F057FFBDE8084002460249002007F037
S21400EED0AFBC00BFFB0E040008B5D0E9023203EB5E
S21400EEE08201486853F822100278402309883120AE
S21400EEF029F092FFBDE8084002460249002007F0CC
S21400EF0097BC00BF1C0F040008B5D0E9023203EB23
S21400EF108201486853F8221002784023098833207B
S21400EF2029F07AFFBDE8084002460249002007F0B3
S21400EF307FBC00BF360F04001FB5D0E9023253F87D
S21400EF40221003EB82039B6808881A780023D21AE3
S21400EF5018BF0122CDE9023302A94023D20129F0CD
S21400EF606AFF01210090044B0420044A00F0BAFB1B
S21400EF7005B05DF804FB00BFA30D0400540F0400A9
S21400EF8007B5D0E9023253F8223003214022188810
S21400EF9029F0EFFE01210090034B0420034A00F005
S21400EFA0A1FB03B05DF804FBA30D0400630F04008F
S21400EFB037B5C3688268053352F8233004211D78BC
S21400EFC06A460123044629F0BBFE38B90420012115
S21400EFD0064A00F087FB684628F060FF2B466A4624
S21400EFE000212046FFF78AFD03B030BD7D0F0400E8
S21400EFF007B5D0E9023203EB8201486853F82210C5
S21400F000027840230988322029F006FF012100906B
S21400F010034B0420034A00F065FB03B05DF804FBD5
S21400F020A30D0400AE0F040070B585690446EA0718
S21400F03005F0020605D476B1C5F3072029F052FC88
S21400F04009E01EB1B2210F4830F0F9F9A069C0F30B
S21400F050810029F036FCE3691BB9BA21094830F073
S21400F060EEF9204614F0D0F9E3693EB1607E984789
S21400F070AB0706D0BDE8704029F028BC204698476C
S21400F080F6E770BDC30F040008B514F0D1FD28B133
S21400F090BDE808404721024830F0D1B908BD00BF9E
S21400F0A0C30F04002DE9F041FF2B04460F4690469F
S21400F0B01D469DF8186005D0FF2E03D0D5211148B7
S21400F0C030F0BDF90023FF2D18BFAD000E4A1CBF5F
S21400F0D045F00105EDB222600C4AC4E9063818BFB7
S21400F0E0A561FF2EC4E901232361E76007D0A36969
S21400F0F043F0020323F47F4343EA0623A361BDE8FB
S21400F100F08100BFC30F0400C83E002029F00000B5
S21400F110002310B5054C03610460054CC261C0E9CC
S21400F12001430123C160836110BD00BFC83E0020BB
S21400F13029F0000070B58669044606F00303032B29
S21400F1400D4603D1FC21144830F079F9FF2D16D076
S21400F150B20704D440F201110F4830F070F9284687
S21400F16029F05CF8FF28054604D14FF482710A485E
S21400F17030F065F92DB204EB4514204670BDF30758
S21400F180FBD5A36913F00C0FF7D040F20B11024821
S21400F19030F055F9F1E700BFC30F04000023054A1D
S21400F1A0C0E9063103610260C360034A034B426054
S21400F1B083607047C83E002029F00000D533020067
S21400F1C001482BF0BFBE00BFC83E002001482BF010
S21400F1D0C5BE00BFC83E002013B50E482BF08CFEFF
S21400F1E027F095FD2AF03AFE2AF056FE2AF05DFE3C
S21400F1F0FCF748FF0446FCF75FFF2346009001211A
S21400F2000420054A00F06EFA02B0BDE81040FCF794
S21400F2103FBF00BFC83E002056100400022808B5B5
S21400F22003D130F005F9014B186008BDF83E002008
S21400F23008B50CF00FFF0122044B1A7030F081F96C
S21400F240BDE8084002490348FDF7E4B850600020D6
S21400F25080690020FC3E0020014B1870704700BFFC
S21400F2604F600020024B187808B105F019BE7047B1
S21400F2700D6F002008B5074B1B780BB1002008BDAA
S21400F280FFF7F0FF0028F9D106F0E4F9023818BFBE
S21400F2900120F4E74F60002070B5FFF7EBFF174D35
S21400F2A020B1FFF78DFF0428044613D82B781BB92E
S21400F2B030F047F901232B7027F037FD0446D8B10C
S21400F2C02B781BB9F7210E4830F0B9F8BDE870402E
S21400F2D0FFF776BF27F02BFD0028E7D02B785BB131
S21400F2E02FF0ABFF0646002101202EF06BF93046CA
S21400F2F02FF09EFF00232B70204670BD506000202C
S21400F300771004001FB5FFF7C7FF0446FDF72CFA79
S21400F310A04228BF204688B103A92EF03FFD034631
S21400F32038B9CDE90000064A0399064830F09CF843
S21400F33018B18E21044830F082F8012004B010BDC8
S21400F340296D0300D83E0020771004000D4B70B5E1
S21400F3501B780D4D0D4C0121002B0CBF2B46234670
S21400F36002200B4A00F0BEF90A4B01211B7802204E
S21400F370002B0CBF2B462346BDE87040064A00F023
S21400F380B1B900BF0D6F00203737040056370400B0
S21400F3900D1104004F6000202C11040010B5D0E9B8
S21400F3A0023253F8223002201B780121002B15BFB1
S21400F3B001240024044A054A00F094F92046BDE8DA
S21400F3C01040FFF749BF00BF4B110400681104004E
S21400F3D0D0E9023253F82230034A1B78003B18BFAC
S21400F3E001231370704700BF0D6F002038B501254C
S21400F3F0084B1D702FF021FF0446294628462EF0A4
S21400F400E1F820462FF014FFBDE8384002490348D3
S21400F410FDF700B85160002088690020243F0020D6
S21400F42070B514F08BFC10F0070F1D4D11D02B7823
S21400F4305BB901262E702FF000FF04463146304699
S21400F4402EF0C0F820462FF0F3FEBDE8704014F012
S21400F45039B929F053FE0228E9D1124C2378032B40
S21400F460E5D914F06BFC10B92378032B14D814F0EC
S21400F47029F904460028DAD02B785BB100262E70D6
S21400F4802FF0DBFE0546314601202EF09BF828467D
S21400F4902FF0CEFE204670BD4FF0FF34ECE700BFE5
S21400F4A051600020F56400201FB5FFF7B9FF044641
S21400F4B0FDF75AF9A04228BF204688B103A92EF0CE
S21400F4C06DFC034638B9CDE90000064A03990648A4
S21400F4D02FF0CAFF18B18C2104482FF0B0FF01208E
S21400F4E004B010BDF3720300043F0020871104002F
S21400F4F010B5094C0949002007F080F923681B68FD
S21400F500587928F0C1FE23681B68587927F0FAFE60
S21400F51004F092FE002010BD2444002015120400C2
S21400F52008B529F0DBFD024628B1BDE808400020FA
S21400F530014907F063B908BD3812040008B529F080
S21400F540E3FD024628B1BDE808400020044907F064
S21400F55055B95422BDE80840FF2102480BF014BDFF
S21400F560501204004C58002038B504460D4629F0C9
S21400F570CFFD024628B1BDE838400020034907F019
S21400F5803DB9034B23F8145038BD00BF6E1204007B
S21400F5904C5800202DE9F34100240C4E0C4DDFF8AA
S21400F5A038800C4F56F8043B0BB9D8F8003035F8C5
S21400F5B0022B3946009200202246013407F01EF93D
S21400F5C02A2CEFD102B0BDE8F08100BF946900207C
S21400F5D0A05800208A1204009069002008B52A214D
S21400F5E0034829F08DFDBDE80840FFF7D3BF00BFF4
S21400F5F0A058002007B5D0E9023253F822301A7816
S21400F600292A0DD8084B53F822300BB9074B1B6834
S21400F6100749002031F812100091064907F0EEF86D
S21400F62003B05DF804FB00BF9469002090690020D9
S21400F630A05800208A12040008B52A21034829F0A1
S21400F64061FDBDE80840FFF7A5BF00BFA058002039
S21400F65038B5D0E9023253F8221003EB82035B6818
S21400F6600C781D880020044907F0C8F82946204673
S21400F670BDE83840FFF778BF951204002DE9F34146
S21400F68000240C4E0C4DDFF838800C4F56F8043B27
S21400F6900BB9D8F8003035F8022B39460092002016
S21400F6A02246013407F0AAF82A2CEFD102B0BDE8B2
S21400F6B0F08100BF946900204C5800208A12040094
S21400F6C09069002010B5024627F032FE20B9044C9F
S21400F6D0236811B11343236010BD23EA0203FAE73F
S21400F6E0406A00200CB413B502460C4627F020FEF4
S21400F6F060B9094B1B681A4208D005A90498019105
S21400F7000AF044FB14B105482AF034FB02B0BDE809
S21400F710104002B0704700BF406A002094150400F5
S21400F720034610B5D3E9023253F8223008461C7857
S21400F730211E18BF0121FFF7C5FF014648B9084A38
S21400F740084B0220002C08BF1346074AFFF7CAFFE3
S21400F75010BD00210220054AFFF7C4FFF8E700BFEE
S21400F7609A0104009201040096150400AC150400EA
S21400F7702DE9F04105461F460C46DFF82C808E1812
S21400F780B44201D1BDE8F0810021284614F8013BBF
S21400F790069AFFF7A7FF002FF2D042460021284620
S21400F7A0FFF7A0FFECE700BF20080400024602496E
S21400F7B0002007F023B800BFBD15040010B5234C89
S21400F7C02348FF2127F095FA207802281ED0032828
S21400F7D02ED0012804D02120BDE81040FFF7E6BF58
S21400F7E01C4B19780029F7D002231B4A2370137884
S21400F7F0052B0EBF00230133DBB29942137003D1F1
S21400F800052313700020E7E7052BFBD0124B1B786F
S21400F810052B02D103232370DDE7104A104932F886
S21400F820230007F0DFFC032323700028D4D110BD8B
S21400F830094B0C4A1878094B03EB8001897833F89A
S21400F840200007F09FFC0123EEE700BF5260002077
S21400F8502C3F00205B6000200F6F0020F458002033
S21400F86045FA0000F1F900002DE9F04F0D46144668
S21400F87095B00490112200210FA89946DFF86C81FC
S21400F8800BF082FB04EB45030393D9F800301C2BE6
S21400F89002D0039B9C4202D115B0BDE8F08F012335
S21400F8A0DFF844A18DF81C3023884C4AADF81E3092
S21400F8B09AF800304A4D08EB83039B7828788DF839
S21400F8C0203013688DF81D00CDF821305368CDF830
S21400F8D0253028F0FDFF049B8DF829002188287824
S21400F8E0002B4AD128F0C1FC002844D09AF80030FA
S21400F8F00FAA38F8230007A927F036FD00283AD0CB
S21400F90028F0E0FA4FF0000B074606461C255FFA83
S21400F9108BF2974234D8B7422BD99DF81C30032B74
S21400F9201AD10FAB0193BDF82130002204210093B9
S21400F93001202C4B06F0E8FD9AF8003008EB830314
S21400F9409978274B187806F05BFE9AF8003000206E
S21400F95038F8231028F00FFF5DB107A9304629F0CC
S21400F9600DFB214B05461B78304638F8231029F04E
S21400F97007FBC9F80050023487E728F06DFCB3E7B0
S21400F98010460BA9059229F0F5FA30B99DF82C100F
S21400F99031B9059AB74208BF16460BF1010BB6E718
S21400F9A0BDF82E00BDF81E209042F6D19DF830001E
S21400F9B09DF820209042F0D19DF81C208A42ECD180
S21400F9C0032A14BF082202220DF121010DF1310095
S21400F9D00BF026FE002808BF0025DEE75360002057
S21400F9E00E6F00203A1804000F6F0020F458002015
S21400F9F013B503460020114A9C6812780190052A28
S21400FA0003D01B78032B00D12CB9012002B0BDE82F
S21400FA101040FFF7CBBE6268217801ABFFF724FFEA
S21400FA20217A0120E26801ABFFF71EFFFF210448A0
S21400FA3002B0BDE8104027F054B900BF0F6F002099
S21400FA402C3F0020094B1B78052B02D00378032B94
S21400FA5002D00120FFF7AABE8168054A0B68054858
S21400FA6013604B68FF21536027F03BB90F6F0020EF
S21400FA70536000202C3F002038B50024114B124D57
S21400FA801870124BFF211C702C7006F0B9FD012275
S21400FA90032110460E4B06F037FD4FF6FF71224647
S21400FAA0084628F06BFE044648B940F6B832FF21F7
S21400FAB0084827F00DF901232B70204638BDFFF7C4
S21400FAC075FEFAE70E6F0020526000205B60002093
S21400FAD0C04904002C3F0020144BF0B51A681449A6
S21400FAE013680978587988420BD11249D788084696
S21400FAF00022114D1E792B78D4B2A34203D8052CD0
S21400FB000AD10020F0BD0C88BC4202D18C78B442E9
S21400FB10F7D001320431EFE7A342F2D120F8227089
S21400FB20013300EB820086702B70EAE72444002045
S21400FB300E6F0020F45800205B600020FF2307B5FE
S21400FB400021044A04480093FFF7ACFA03B05DF8BE
S21400FB5004FB00BFBDF700002C3F00201FB5B423F8
S21400FB6003210446ADF80E3028F076FB98B1212329
S21400FB7020460093002203210DF10E0328F01BFD02
S21400FB8004460020054B064A0649009406F036FE59
S21400FB90204604B010BD8624F3E700BFE715040036
S21400FBA0F415040009160400D0E9023253F8223096
S21400FBB0034A1B78012113700220024AFFF792BD08
S21400FBC02A6F0020181604000122014B1A70704795
S21400FBD02A6F00200A4B90F805111B7890F8082130
S21400FBE019448A42BCBFB2FBF3F103FB11234FF06A
S21400FBF0FF32B8BFDBB202FA03F380F80A3170476F
S21400FC002A6F00202DE9FF410446057F867EDFF837
S21400FC1070806E43237F98F8002013449D4212DBC9
S21400FC20607F60B9238B029363690193237C009302
S21400FC306288A31D217805F0EFFDFF2323700020C6
S21400FC4004B0BDE8F081E37EAB42E9D9A77E228B03
S21400FC50F1199142A4BF921BD7B205EB0323E381AF
S21400FC603A4633462946204627F098FB0028E7D137
S21400FC70637F3744013301356377BEB2EDB2C9E71F
S21400FC802A6F002037B5054629F0AEF90D4B04461D
S21400FC901B6869461B78032B82BF0B4B1B881B18FF
S21400FCA0284688BF9CB229F027FA38B9684629F05A
S21400FCB09DF918B9044B1B8823449CB2204603B018
S21400FCC030BD00BF60430020B66E0020084B1B7896
S21400FCD0FF2B0BD1074B1B78FF2B07D1064B1B784E
S21400FCE0022B03D04FF4807028F088BD704700BF09
S21400FCF0446A00207C4000204C3F002010B504469B
S21400FD00FF2126F0F6FF054B9C4202BF0023A4F518
S21400FD1088742370BDE81040FFF7D8BF5C40002011
S21400FD202DE9F0479A462A4B81461B7888461646A8
S21400FD30BDF82050002B49D0FF2D3ED93825284647
S21400FD40BDE8F087234B0C223146A01D636184F882
S21400FD500090A4F802800BF069F9A289414642F4AB
S21400FD60004242F040022046A28127F029FB2A46A4
S21400FD70514660690BF05AF941464846A21D258354
S21400FD8028F073FEA0760028D8D00544013DB5FBC8
S21400FD90F0F0FF28D2DC0023E0762046A383FFF7AE
S21400FDA031FF054680B923794FF48070B37228F08E
S21400FDB0E8FC227C099B1A80C1E7074C2778FF2FB6
S21400FDC0C0D040F60345BAE72770F2E70225B6E74B
S21400FDD02A6F00205D6000207C400020B0F90630CD
S21400FDE010B5002B25DA144C2278237CFF2A02D08B
S21400FDF0827A9A4207D0114C2378FF2B17D0827A4A
S21400FE00237C9A4213D169B9637F013BDBB26377E7
S21400FE105BB90B4A237F1278204613442377FFF7FB
S21400FE20F1FE0146204627F0DAFAFFF74FFF0120E1
S21400FE3010BD0020FCE700BF7C400020446A002084
S21400FE402A6F00202DE9F04F9A46B1F9063091B09E
S21400FE50002B0D461746DDF86880049080F2298155
S21400FE60B8F80030FF2B04D94FF4B871A6482FF02D
S21400FE70E6FAA64B00241A7893F80401B3F80211A8
S21400FE80002A40F0A5802E7AA14A1278B24240F2AB
S21400FE90AF800222A3F802711A70AA7AFF2483F8B0
S21400FEA004210022A3F8084183F80521A3F80621BF
S21400FEB0B8F80020954883F80C21FFF78BFE3846EB
S21400FEC0FFF7E0FE214600EB4002924826F000FFD6
S21400FED04FF4807028F055FC8C4C94F80A91B9F1D8
S21400FEE0FF0F20D18A4A94F8053112781344B342A2
S21400FEF019DC94F80C1184F80531B4F80631204664
S21400FF0001FB0233A4F80631FFF764FE0122824BA0
S21400FF1038461A70FFF7B6FE494600EB400204F575
S21400FF20887026F0D5FE94F80531B34260D8DFF825
S21400FF30E0B19BF800C00CEB0302964258DA764913
S21400FF4094F808210878013A002853D0964205DA3A
S21400FF50B8F8002084F80C2100220A70B6FBFCF9E1
S21400FF6001220CFB196994F80A015FFA89F902FA72
S21400FF7009F2D1B2024076B92889000A844584F88D
S21400FF80080108D92046CDE906210593FFF722FE91
S21400FF90DDE90621059B94F80A01014384F80A115D
S21400FFA082B994F80921B4F806C1013284F809210F
S21400FFB0B8F80020DAF800100CEB0200FF2826DD67
S21400FFC00323237094F80831013B9E4230D138E079
S21400FFD0AE7A864202D18F4200D11C462E7A002C81
S21400FFE07FF47BAF002A3FF44FAF012A3FF44CAFBB
S21400FFF001205FE09642B1DA94F80C1198F80020E0
S2140100009142ABD004F58870FFF778FEF0E794F8DC
S2140100100CE1F31A0EFB03C3A01C10FA83F0059241
S2140100200BF004F894F80831059A013B9E4244D03F
S214010030012394F80A2103FA09F3013B1343FF2B2A
S21401004004D122462946384627F0BBF994F80831F0
S21401005094F809219A42CBD19BF80030B2FBF3F118
S21401006003FB112212F0FF0218BF13462278022A60
S21401007026D1264A023410785178012804BF01316E
S2140100805170012224F8022CEA88B4F8041122F0F7
S2140100904002EA8094F809210A44591E94F80A316C
S2140100A013FB01F31344A8F80030CAF80040FFF729
S2140100B00DFE002011B0BDE8F08F84F80B21C0E7DB
S2140100C06979002994D0032A92D1B4F8062194F8CC
S2140100D00B1108AE11445A1E94F80C31284613FB36
S2140100E002F30B4400219BB2A21CA8F80030CAF808
S2140100F00020CDE900710296049907F05FFD892181
S214010100304628F0AFFC7DE73F1604004C3F002048
S2140101102A6F00205C4000205C60002013B5044676
S21401012018B101280BD002B010BDFF230146009381
S214010130064A0748FEF7B6FF064B1C70F3E7FFF7C3
S21401014043FDFF22044B1A70EDE700BFFDFC0000E3
S2140101505C4000204C3F00207C40002013B501A9E4
S21401016009F0D2FE044648B9BDF806309DF80420D1
S214010170034906F043FB204602B010BD8120FBE791
S214010180D616040013B5694609F0CAFE044688B9B6
S214010190BDF802309DF80020074906F049FB2046CD
S2140101A0019906F09DFA2046044906F027FB2046F1
S2140101B002B010BD8120FBE7FA16040020170400E8
S2140101C037B5694609F0D0FE044618BB9DF80130E4
S2140101D09DF80020104906F02BFB104D9DF80120DC
S2140101E0E3B29A4206D800200D4906F007FB00202C
S2140101F003B030BD0198630003F4FF7302220021AF
S214010200184428F048FB29460246002006F010FB59
S2140102100134E3E78120EBE72217040051170400BD
S214010220C049040013B501A909F074FE044648B993
S214010230BDF806309DF80420034906F0DFFA204693
S21401024002B010BD8120FBE75B17040030B5002427
S2140102500B4D85B06946E0B228F08CFE50B99DF88A
S2140102600030032B06D12946BDF805309DF8012044
S21401027006F0C4FA0134202CECD105B030BD00BF25
S2140102808217040008B50020034906F0B7FABDE856
S2140102900840FF2000F0DEBA941704002DE9F04F65
S2140102A085B006460D46174627F0D9F8044640B1F4
S2140102B030463A46294627F0BCF8002005B0BDE88E
S2140102C0F08F4FF003094FEA15285FFA84FA694662
S2140102D0504628F04FFEB8B99DF800B0BBF1000FAC
S2140102E012D1694650468DF800908DF805508DF86C
S2140102F006808DF8016028F041FE02460028D7D01E
S2140103005846064906F07AFA0134202CDDD1002041
S214010310034906F073FA8920D0E700BFA917040045
S214010320D01704001FB5002304468DF80F3027F0C0
S21401033081F828B19DF80F3063F07F038DF80F30F8
S214010340182301930DF10F0300220093042140238B
S214010350204628F01FF9024618B10020024906F08F
S2140103604DFA04B010BD00BFEB1704001FB502A97B
S21401037009F0E8FD044688BBBDF80820184906F0D8
S21401038057FA2046039906F0ABF92046154906F0C0
S21401039035FA4FF6F672BDF80810134C4B1E9BB299
S2140103A0934219D82368039A1B685879FFF776FF9A
S2140103B023681B79012B0BD8BDF808300022CDE944
S2140103C000030421094B092006F09EF828F044FB9F
S2140103D06FF0FF0004B010BD8720E9E78120F9E740
S2140103E00A180400201704002444002021180400E1
S2140103F070B504468AB005AD1122002128460AF0E0
S214010400C3FD204604A909F091FD044600283AD10F
S2140104101E4EBDF810201E4906F0F0F93268137919
S214010420012B28D84FF6F670BDF810104B1E9BB264
S214010430834224D81368587927F011F808B3336833
S2140104402A461B68BDF81010587926F0F1FFBDF852
S214010450103001220421CDE9004309200D4B0295FD
S21401046006F052F828F0F8FA034620B100200A4AAE
S2140104700A4906F0C3F96FF0FF000AB070BD872481
S214010480E5E78B24E3E78120F7E700BF244400205B
S21401049024180400391804003D1804004818040004
S2140104A02DE9F0479AB004A909F058FD0446002842
S2140104B040F0B5809DF810205B4906F0B9F9254655
S2140104C05A4E9DF81020EBB29A4254D80020584953
S2140104D006F094F99DF81050002D40F099802C46B6
S2140104E02E46544F06A9F0B228F044FDC8B99DF82F
S2140104F01830032B15D13B689DF819201B685B79D2
S2140105009A420ED19DF81D2005F168036B4403F84D
S214010510402C9DF81E200235013403F83F2CEDB225
S214010520E4B20136202EDDD19DF810300BB1002C3F
S21401053077D00AABCDE90143FF23022204210093C1
S21401054009203D4B039505F0DFFF28F085FA0346A9
S21401055060B19DF81020002A5FD0384A3849002C37
S21401056008BF0A460020374906F048F96FF0FF0039
S2140105701AB0BDE8F08705986B0003F4FF730222FA
S2140105800021184428F087F931460246002006F07B
S2140105904FF9013595E70598730003F4FF730222BE
S2140105A00021184428F077F9002780465FFA80FA80
S2140105B006A9F8B228F0DEFC00BB9DF81830032B24
S2140105C01CD1D9F800309DF819201B685B799A4236
S2140105D014D19DF81D30534510D19DF81E30C8F337
S2140105E007229A420AD105F168036B4402350134A9
S2140105F003F840AC03F83F2CEDB2E4B20137202FEC
S214010600D6D101369DF81020F3B29A42C3D88BE7B3
S2140106100025DFF820902E46F4E7084AA2E781205D
S214010620A6E78B20A4E700BFA21804005117040018
S214010630C049040024440020C118040073180400B3
S21401064091180400C51804002DE9F04389B002A9E9
S21401065009F072FC0446002867D1BDF80820344929
S21401066006F0CCF84FF6F672BDF80850DFF8D490D5
S2140106706B1E9BB2934254D8D9F8003029461B68AA
S2140106805F79384626F0EBFE00284CD026465FFA06
S21401069086F8404603A928F06DFC28B92946384655
S2140106A003AA26F0C9FE20B90136202EEFD14FF05D
S2140106B0FF08404628F05CFC014658BB112203A8FF
S2140106C00AF062FC2946384603AA26F0B2FED9F89B
S2140106D000301A79012A18D81B68BDF80810587915
S2140106E028F09AF8BDF8083003220421CDE900432A
S2140106F00920104B05F008FF28F0AEF9034620B19B
S21401070000200D4A0D4906F079F86FF0FF0009B098
S214010710BDE8F08302460A49002006F06FF801247E
S214010720D5E78724D3E78B24D1E78120EFE700BF05
S214010730E7180400211804002519040048180400CD
S214010740FE180400244400202DE9F043DFF89480CD
S2140107500020D8F8003021491B688BB05E7900254F
S21401076006F04CF801275FFA85F9484601A928F0FA
S21401077001FC044690B99DF80430032B0ED19DF878
S2140107800530B3420AD1484628F0F2FB0146A0B133
S21401079002461349204606F031F827460135202D3A
S2140107A0E1D1D8F8003000211B68587928F034F8D8
S2140107B087F001000BB0BDE8F083112205A80AF00E
S2140107C0E3FBBDF809403046214605AA26F031FE76
S2140107D02146304628F020F8E0E700BF3219040031
S2140107E0FE1804002444002037B5694609F0B0FB22
S2140107F0044638BBBDF80020134906F019F8134D1E
S2140108002046019905F06CFF2046114905F0F6FFD8
S2140108102B681B68587928F00EF970B14FF6F672FE
S214010820BDF800104B1E9BB2934209D82B68019A63
S2140108301B685879FFF732FD0446204603B030BDE9
S2140108408724FAE78120F9E74619040024440020AA
S214010850201704007FB505460024E6B269463046F7
S21401086028F088FBA8B99DF80030032B11D19DF81C
S2140108700130AB4204D0FF2D0BD19DF80D3043B9AA
S214010880304628F075FB024618B10020034905F0F2
S214010890B5FF0134202CE0D104B070BDFE18040071
S2140108A0034B1B681878012808BF0220704700BF59
S2140108B060430020D0E9023253F822301A78024B06
S2140108C01A7000F0E7BA00BF5C61002070B5D0E98D
S2140108D002456B1EDBB254F8230003221B490AF0C3
S2140108E09FFE54F8253004EB8504197863681A785E
S2140108F0A2F10B030F2B05D915490020BDE8704066
S21401090005F07CBF01290FD1124C9140236840B9F4
S2140109100B43114A23600020BDE870400F4905F0E3
S2140109206DBF23EA0103F4E702290CD101230C4928
S21401093003FA02F20B6818B913430A4A0B60EAE796
S21401094023EA0203F9E70A460749D6E76A190400CB
S2140109506E190400686A0020841904008C190400CA
S214010960646A00209F190400A919040007B5D0E99C
S214010970023103EB810253F821300B491B78526890
S214010980012B0A4B08BF0B4612684FF000001A6095
S2140109900092074A074B084918BF1346074A05F055
S2140109A02DFF03B05DF804FB686A0020646A00202E
S2140109B0C4190400BC190400CE190400FC9A0400F2
S2140109C038B5254A254B264C0020264905F016FF4A
S2140109D00020254905F012FF22682449002005F071
S2140109E027FF2068224C234D05F0E2FE2146002019
S2140109F005F004FF2A682049002005F019FF286841
S214010A0005F0D6FE2146002005F0F8FE1B4B1C49DA
S214010A101A781C4B002053F8223005F0EFFE00F048
S214010A200DF919490246002005F0E8FE174B002093
S214010A301A78174905F0E2FE164B17491A78002076
S214010A4005F0DCFE04F020FABDE838400246134902
S214010A50002005F0D3BE00BFFC9A0400E81904008C
S214010A60686A0020EF190400F7190400051A04004B
S214010A70A9020400646A0020161A04008A61002094
S214010A80271A04006C6A00203A1A04006F610020DD
S214010A904E1A04006E610020601A0400721A0400E7
S214010AA007B500F071F8054B0090054A002005498E
S214010AB005F0A4FE03B05DF804FB00BF881A04002D
S214010AC0FC9A040009160400F8B504460B4F0C4EB8
S214010AD00C4D00200C4A0D4905F090FE20463B784F
S214010AE029783278F5F722FB00233B7033702B70A0
S214010AF0FF21BDE8F840064826F0FBB88A610020D1
S214010B006E6100206F610020FC9A04008D1A0400BB
S214010B109C40002037B51248FF2126F0EAF8114B19
S214010B20187810F0100505D0002003B0BDE830405D
S214010B3003F01CBF0121B42004F020FB04460A4B3D
S214010B400A4A0B490090284605F058FE2046FFF752
S214010B50BBFF4FF4806003B0BDE8304027F04EBEC7
S214010B609C4000208A610020A41A0400FC9A04001C
S214010B70091604000021024A0248FEF7C9BA00BF5E
S214010B80150B01009C40002008B5054B1B7823B1CE
S214010B901720FFF799FF002008BD0220FCE700BFE1
S214010BA08A61002010B550B1054B00F1100250F8D3
S214010BB0044B904243F8044BF9D1024B197010BD17
S214010BC0706100208061002037B5174D04462B78F0
S214010BD0DB0626D50090154B0020154A154905F071
S214010BE00DFE1E2C0BD0652C09D0032C19D000202D
S214010BF028F040FA40F61C40FFF766FF0DE028F0AB
S214010C0061FA4FF4FA63B0FBF3F202FB1300C21869
S214010C10FF21094892B226F05BF82B7823F01003E7
S214010C202B7003B030BD00BF8A610020BD1A0400DE
S214010C30FC9A0400091604009C400020014B187918
S214010C40704700BF0859002070B54C4E8EB03378FF
S214010C5003F0FB02A3F10905022AEDB258D0042BDA
S214010C6041F6041257D0A3F108014B424B415B00F9
S214010C7013434348ADF80C3026F021FC48B9414BEC
S214010C803F4A03F1100153F8040B8B4242F8040B60
S214010C90F9D13D4B1B78002B3FD03C4B0DF10E029A
S214010CA003F1100153F8040B8B4242F8040BF9D1FF
S214010CB003A828F0FFF92328044610D1012D49D8AE
S214010CC00020334A334905F099FDBDF80C3003A8DE
S214010CD023F40053ADF80C3028F0ECF90446002C50
S214010CE041D14FF40C7028F0E3F9044600283AD1BC
S214010CF003F0FAFE012D36D8274A01AB1068516879
S214010D0003C3264901A828F039FA78B319242AE042
S214010D1043F60412A7E70223AAE73378042B0DD083
S214010D20082B0BD01E4B0DF10E0203F1100153F8E8
S214010D30040B8B4242F8040BF9D1B9E7104A0DF1C6
S214010D400E0302F1100152F8040B8A4243F8040B19
S214010D50F9D1ADE7337803F0FB03022B03D1002072
S214010D60104905F04BFD20460EB070BD044901A8A0
S214010D7028F004FA04460028C8D1F4E78A61002066
S214010D805E6100208A1B04008061002070610020E3
S214010D90FC9A0400E11A04009B1B0400EC9A040070
S214010DA0A41B04003C1B040070B5002686B0044654
S214010DB0252028F065F91622002116480AF0E4F8E5
S214010DC0154B1E60154B1878FFF76AFD022814BFF5
S214010DD00123042303208DF8083028F09FF904230B
S214010DE08DF810300E4B02A80593039403F030FDE6
S214010DF005460C4B0C4A19680C4B3046A14208BFFD
S214010E00134600940A4A0B4905F0F8FC284606B03A
S214010E1070BD00BF08590020BC4000208A61002038
S214010E2009110100686A0020BC190400C4190400F5
S214010E30FC9A0400B51B040008B5134A1378042B6A
S214010E4009BF124B01331B78C3F10603DBB21370E3
S214010E5003F0FD02092A04D11720FFF735FE1720FB
S214010E6008BD0A4A1278002A14BF052206229A42B1
S214010E7007D1074B18680028EED0FFF795FF4D20E5
S214010E80EEE70020ECE700BF8A61002080610020C9
S214010E90646A002073B51E4C1E4E236832681343E5
S214010EA034D01D4B1B6853B31C4D2B783BBB03F052
S214010EB0EBFFF8B94FF4806027F063FC184B246809
S214010EC01B7894B1C3F102032B7003F047FD204653
S214010ED0FFF76AFF04460020124B134A1349009499
S214010EE005F08CFC204602B070BDC3F106033468E1
S214010EF02B70EAE70121B42004F040F9EAE700206C
S214010F00094A0B4905F07AFC0224E4E70224E9E7E2
S214010F10686A0020646A0020604300208A6100201D
S214010F2080610020FD1B0400FC9A040009160400E1
S214010F30E31B04002DE9F347384D394E00202A798A
S214010F402B88384905F05AFC3268287922FA00F0D5
S214010F5010F0010002D1344905F050FC334F3C78C3
S214010F603CB10822324933480AF05AFB041E18BF26
S214010F700124DFF8DC80DFF8A490DFF8B4A014E0E9
S214010F8098F8000049460130C0B288F8000028F001
S214010F9069F8002835D13C783CB1082251462548ED
S214010FA00AF03EFB041E18BF01242A793368D34099
S214010FB0DB07E5D5002CE3D100922B881E4A1F499A
S214010FC0204605F01BFC1E4B1878FFF769FC012331
S214010FD00322124928F04CF81A4A054613780133C1
S214010FE0137010B902B0BDE8F08720462B46124AAE
S214010FF0154905F003FC284602B0BDE8F047FFF7A7
S21401100063BD0020114905F0F9FBFFF715FF002825
S214011010E8D102B0BDE8F04700F01CB8085900203E
S214011020BC400020031C0400341C0400896100201D
S2140110308161002016590020FC9A0400031D04005B
S2140110408A6100206E610020A41C0400CD1C0400EF
S2140110505D6100202DE9F041214C224D23780020CE
S21401106055F82330204A214905F0C8FBFFF7ECFD6F
S21401107003461D4E1E4FDFF874802BB92378042BD0
S21401108015D8B3B91B4B15E032463946002005F09A
S214011090B5FBFFF7D1FE00BB2378324655F8233067
S2140110A0414605F0ABFBFFF7CFFD0346E5E7092B0D
S2140110B0E8D1114B00201B68104A11491360114BEF
S2140110C0187027F0CFFF20B1BDE8F0410120FFF7EF
S2140110D0FBBCBDE8F041FFF72DBFBDE8F08100BFC6
S2140110E08A6100206C6A0020FC9A0400231D04001B
S2140110F0301D0400646A0020686A0020BC4000209D
S214011100085900205D61002070B51C4C23789BB304
S214011110838913F4407F2FD0056835B12A46BDE890
S21401112070400020164905F069BB27F099FF154E5F
S21401113003463070144A2846144905F05FFB33789D
S2140111401BB1BDE87040FFF785BF2378082B0CD88C
S214011150042B0CD80E4B1B78C3F1060323700D4BE2
S214011160BDE870401868FFF71FBE0A2BF2D1BDE834
S21401117070401820FFF7A8BC70BD00BF8A61002030
S2140111805B1D04006F610020FC9A0400881D0400AA
S21401119080610020646A002030B5464D034604464F
S2140111A0454A0020454987B005F028FB2B782BBB24
S2140111B001A827F0E5FF022301A88DF8043027F0E7
S2140111C0CDFFB0B93E4901A827F0CAFF88B1152C5A
S2140111D00FD127F077FF47F23153B0FBF3F202FB52
S2140111E0130000F51C50103080B203F0BFFB07B0AF
S2140111F030BD162CFBD103F0F3FBF8E7152C2AD1F2
S21401120000202D4A2F4905F0F9FA2B78042B11D02E
S214011210082B0FD02C4B1B78DA070BD401A827F02C
S21401122043FF18B9BDF804309B0703D42B7843F06D
S21401123010032B7027F046FF4FF4FA63B0FBF3F26E
S214011240FF2102FB1300C218204892B207B0BDE886
S214011250304025F03DBD27F067FF04460028C6D183
S2140112602B78013B092B1ED8134A194905F0C6FAFB
S214011270184A194913780133D8B2107027F0F2FED4
S21401128060B12046154905F0B9FAFFF7D5FD0028EB
S214011290ADD107B0BDE83040FFF7DCBE07B0BDE812
S2140112A03040FFF747BE40F61C4007B0BDE830406F
S2140112B0FFF70ABC8A610020FC9A0400AC1D0400FA
S2140112C0EC9A0400C31D04005C6100209C400020D1
S2140112D0D61D04005D61002008590020CD1C0400C5
S2140112E02DE9F0410B4686B004460E4617463A49AC
S2140112F00246002005F082FA4FF000080123CDE9EE
S21401130001380DF11603009342464023062120467C
S21401131027F075F9054640B102463049404605F0CA
S2140113206DFA284606B0BDE8F0819DF816202AB968
S21401133036B900202A4905F061FAF2E7012EF8D005
S21401134082F00103002027498DF8173005F056FA80
S2140113509DF817300DF1170633B310230022CDE99F
S214011360006306214023204627F014F9064630B1D3
S214011370324600201C4905F041FA3546D1E74FB9FF
S2140113800821204626F068FF20B120469DF8171058
S21401139027F043FA0521204626F05EFF0028C0D03C
S2140113A0204627F037FABCE74FB90821204626F039
S2140113B053FF20B120469DF8171027F02EFA102370
S2140113C00022CDE9006306214023204627F0E2F8FB
S2140113D006460028DED0CBE70520040021200400C5
S2140113E03A2004005A2004007A200400002208B59E
S2140113F0034B11461B681B685879FFF771FF08BD40
S2140114002444002008B5044B00221B6801211B68F8
S2140114105879FFF765FF08BD2444002008B5044B42
S21401142000221B6802211B685879FFF759FF08BD87
S2140114302444002010B50123002488B001A88DF8AB
S2140114400430CDE90244F5F7B7FF20469DF80420A5
S214011450124905F0D3F92046039A114905F0CEF951
S2140114602046029A0F4905F0C9F910220E4B0DEBE2
S2140114700201188840F0604040F48010FBF718FC29
S21401148020460A4905F0D4F904A827F046FA204672
S214011490074905F0B3F908B010BD00BF932004005A
S2140114A0B2200400D1200400CC9A0400F0200400ED
S2140114B0C049040008B526F033F80020024905F0BB
S2140114C09DF9012008BD00BF0D2104000023054A37
S2140114D08360C360044BC0E9002311B14FF6FF736C
S2140114E00B80704749103AAA0930021110B504461C
S2140114F060B10020064905F081F9052C06D002F0FE
S214011500CBF904490246002005F078F9012010BD08
S214011510212104003221040037B500216A4601ABBF
S214011520054626F0BEF8044668B100220F4910466B
S21401153005F064F902F0B0F90D490246002005F005
S2140115405DF903B030BD0B4905F058F9012024F0D0
S214011550C1FF01F099FF431C02D008F025F8F0E71F
S21401156021462846FFF7A6FFEBE700BF5B210400F4
S21401157032210400A321040038B5054601F084FF9A
S214011580044627F012F94DB100200E4905F036F950
S214011590631C14BF2046002007F0C8FF25F0CEFFCD
S2140115A00228044605D0012805D10020064905F089
S2140115B025F9204638BD0020044905F01FF900240E
S2140115C0F7E700BFC0210400DA210400F32104007C
S2140115D008B50020034A044905F010F9BDE80840A3
S2140115E000F050BD9D3104000C22040008B5002017
S2140115F0034A044905F002F9BDE8084001F0CAB9FA
S2140116002B2204000C2204001FB5D0E9023253F845
S214011610223068461C78214601F0D0FB684601F06E
S21401162073FC28B92246044905F0E8F804B010BD59
S2140116306846FFF771FFF9E73122040000200149EF
S21401164005F0DCB84D2204007FB50DF1060102A8B5
S214011650FFF73CFF0020264905F0D0F80020BDF832
S2140116600820244905F0CAF80020BDF80A202249BE
S21401167005F0C4F8039A0020204905F0BFF80020C1
S2140116801F4905F0D5F84FF6FF73BDF806209A42BC
S21401169029D000201B4905F0B1F800201A4A1B4941
S2140116A005F0ACF800201A4A1A4905F0A7F80022FE
S2140116B01949104605F0A2F80020154A174905F009
S2140116C09DF80A220020164905F098F80A22002003
S2140116D0144905F093F80A220020134905F08EF804
S2140116E007B05DF804FB0020104905F087F8D4E741
S2140116F05C220400742204008D220400A622040049
S214011700BF220400CA200400E0930400D52204008E
S214011710C0270900F4220400132304003223040026
S21401172051230400702304008E230400D2220400F7
S21401173008B50020034905F061F8BDE8084001201E
S21401174001F0FAB9AC23040008B50020034905F0FE
S21401175055F8BDE80840002001F0EEB9C5230400A5
S21401176030B5104B104D1B5C85B08DF80F302B78C3
S2140117700446834206D00D4B0D4953F82020002025
S21401178005F03CF830232C700A4801930DF10F0345
S2140117900093062280231921007826F0FBFE05B06F
S2140117A030BD00BF139B040092610020209B040003
S2140117B0DD230400116F00201FB52323039001933E
S2140117C0064803AB0093012280231921007826F0F6
S2140117D0E1FE039805B05DF804FB00BF116F002021
S2140117E073B5164D04462B78154ECBB125F0C7FEC2
S2140117F0012815D0346040F6B244124B1B78072BF3
S21401180017D02D78C5B925F0BAFE031E18BF0123DF
S2140118100D48009522461921007826F03FFA03E08C
S21401182000233360002CE8D1201E18BF012002B02F
S21401183070BD02250123EBE70025FBE78F61002041
S214011840C040002092610020116F002008B50448B6
S214011850FFF7C6FFBDE808400220FFF781BF00BFC3
S214011860C027090010B5064C208826F0D7FF6088EF
S21401187026F0D4FF6068BDE8104026F0DEBF00BF4A
S214011880C44000207FB523238DF813300DF11303D8
S214011890029304230648019305AB0093012280239B
S2140118A01921007826F0ABFE059807B05DF804FB19
S2140118B0116F00202DE9F047DFF84C91044699F8A6
S2140118C0000090460F4626F0A9FC0B2899F8002048
S2140118D005D9BDE8F04700203F4904F08FBF002638
S2140118E03E4B3F4D1E803F4BDFF820A103EB00131C
S2140118F05B8801202B802A7104F0A8FE05F050FFBA
S21401190004F0A4FE204604F0A1FE0123042C8AF86C
S21401191000300BD8022C45D89C4216D02346BDE891
S214011920F0470020304A314904F068BF062CF5D153
S21401193030462F4904F062FF384604F087FEFFF771
S21401194091FF97B18AF800600FE04FF6FF76294FB6
S2140119503888801B18BF012004F078FEFFF782FF4D
S2140119603888B04201D026F059FF19236B8099F8C8
S214011970003000202B71204B1B786B71EB8843F0F5
S2140119804003EB801D4B198826F0F5FE034620B177
S214011990224600201A4904F031FF4046BDE8F047D0
S2140119A0FFF71EBF304604F051FEFFF75BFFFFF75F
S2140119B069FF26F042FF134B1B78002B0CBF3F201C
S2140119C0202004F043FE042CCFD14FF4806026F093
S2140119D025FF3220C7E700BFF02304002C59002062
S2140119E03059002094420020E41304003C240400F3
S2140119F01F24040020590020106F0020B06E002024
S214011A00552404008E610020116F00208F61002094
S214011A1038B5044605200D46FFF7A2FE184B1A8876
S214011A204FF6FD739A4207D10020164904F0E6FEF0
S214011A30BDE83840FFF70ABF65B1134A1378013392
S214011A40DBB2092B137014D90A2200200F4904F0C7
S214011A50D5FEEDE7012C0ED10B4B1D700C490D4840
S214011A60FFF734FDBDE83840002101200A4AFFF7A0
S214011A7021BF012CF2D0BDE838400748FFF7B0BEC1
S214011A80B06E00208F24040091610020BA24040067
S214011A9020590020C4400020E093040008B5064900
S214011AA0002004F0ABFE0548FFF736FDBDE8084010
S214011AB000210846FFF7ACBFFE240400C440002006
S214011AC0814237B50346154608D2002000910F4AD9
S214011AD00F4904F093FE002003B030BD0C1A2246D5
S214011AE000200C4904F08AFE40F6BB532246002033
S214011AF0094904F083FE4FF47A735C43074B0120D7
S214011B009C4294BF2C602B60E6E700BFE413040000
S214011B100F2504004C2504006725040080EE3600DE
S214011B2010B504460820FFF71BFE0D4B3CB91C7090
S214011B300021BDE8104006200A4AFFF7BBBE1B780D
S214011B40092BF5D90A220020074904F057FE002088
S214011B50064904F053FEBDE81040FFF79FBF00BFE3
S214011B6091610020C027090093250400D4250400B4
S214011B7073B51F4D2C7834B100201E4902B0BDE864
S214011B80704004F03BBE0220FFF7EAFDFF221A4E2A
S214011B901A4B30781A7026F041FB0B2807D92046DD
S214011BA03278174902B0BDE8704004F027BE154BE5
S214011BB01549009301EB0011012319224FF6FD7020
S214011BC0498805F091FA70B12046104904F016FED6
S214011BD000220F4B0F481C700F4B1A7002B0BDE865
S214011BE07040FFF7FDBD01240C492C70EEE700BFE5
S214011BF090610020E5250400116F0020106F002081
S214011C00F0230400011F0100944200202626040050
S214011C108F610020C0270900916100204C26040036
S214011C2038B5144D04462B78052B21D91249FFF7F8
S214011C305DFC24B918B9114904F0E0FD0424104BE9
S214011C40195D21B9BDE838400846FFF769BF032C86
S214011C5006D02B78052B03D006200A4AFFF72AFE6A
S214011C600021094B08461970BDE83840FFF7D0BE81
S214011C7038BD00BF92610020C44000206E260400DB
S214011C80099B0400C02709008F61002030B5044677
S214011C9089B00720FFF764FD052C0AD100222A4BE4
S214011CA003A91A7002A804AA01F0FEFD30B10220B1
S214011CB045E09CB90122244B1A700224224D287853
S214011CC078B1421E504221495041FFF755FC02238C
S214011CD004462B70022C0ED10A200FE0022CE6D10E
S214011CE0EBE7631F5A424FF0050018495A4125F0A9
S214011CF04DFC0446EEE7032C04D10020FFF770FDEF
S214011D0009B030BD062C06D10020114904F076FD3D
S214011D1001232B70E0E70F4A0F4B2878002C18BFE1
S214011D2013460E490E4A0094002808BF0A460020B2
S214011D300C4904F063FD201E18BF0120400009B0C5
S214011D40BDE83040FFF76CBF8D610020C440002025
S214011D50A9260400A22604009B2604008A26040065
S214011D6094260400E426040013B51F4C0620FFF752
S214011D70F7FC2278092A09D900201C4904F03EFD07
S214011D80042002B0BDE81040FFF74ABF184B1B788D
S214011D902BB3002024F0C2FB25F0F1FB68B9FFF756
S214011DA071FD144B196825F0E1FB02460420002161
S214011DB002B0BDE81040FFF77DBD01A825F0DDFBB0
S214011DC0FF2809D14FF4FA6023780133237002B05B
S214011DD0BDE81040FFF704BD0198FFF7EDFC4FF496
S214011DE0FA620320E3E700BF91610020FF260400AA
S214011DF08E610020D4400020F023F0B589B0CDE9F3
S214011E00000334488023002219210078324E334FD4
S214011E1026F0C0FB0020324904F0F0FC3246394679
S214011E2003A801F041FD032804462E4D1CD10626C9
S214011E30039A2D49002004F0E1FC0398FFF7BCFC4F
S214011E400020396800F0ACFE2E7001F09FF90022E8
S214011E500446264B30461A70FFF782FC84BB09B055
S214011E60BDE8F040FFF780BF28BB7268204904F048
S214011E70C5FC214604A8FFF729FB059B726893421F
S214011E800BD020461B4904F0B9FC072305202B7014
S214011E9009B0BDE8F040FFF7F9BE1A4620461649DC
S214011EA004F0ACFC0523002101202B7009B0BDE82D
S214011EB0F040FFF7ADBD0020104904F09FFCF1E7AC
S214011EC0042C05D0042009B0BDE8F040FFF7A8BEF9
S214011ED009B0F0BD116F0020C4400020D44000209E
S214011EE037270400926100206827040091610020D2
S214011EF0A3270400DC270400302804006C28040013
S214011F00F7B50446876800202378364D012B2870E4
S214011F1004D0354B3549187004F070FC26785EBB4A
S214011F20334B1B78FF2B04D103B0BDE8F040FFF71D
S214011F308DBC304B1B78032B11D82F4C0320FFF799
S214011F400FFC6946208827F0D7F8002843D02B4994
S214011F50208805F047F920B12E70FFF777FC03B013
S214011F60F0BD0124204B26491C7004F047FC0320D9
S214011F70FFF7F6FB2C70F2E7012E25D13B78002BFC
S214011F80EDD01B4D2B78FF2BE9D1A68802F0A4FFDC
S214011F90864206D100201B4903B0BDE8F04004F09C
S214011FA02DBC194BA2881B783BB132B117490020D2
S214011FB003B0BDE8F04004F021BC7B6814491B78EF
S214011FC02B700D4B1A80F2E7032E08D108226846C3
S214011FD0A16809F02BF86846FFF70EFFBFE700235C
S214011FE02B70A1E78F6100209061002087280400F4
S214011FF0106F002092610020B06E0020011F0100CA
S2140120004C260400A72804008C610020CD2804007B
S214012010F82804007FB5094B1A78FF2A0AD11870F0
S21401202001F088FB0022064B0DF1060102A81A807A
S214012030FFF74CFA07B05DF804FB00BF116F0020F4
S2140120401E590020152838B517D10C4B1D78A5B997
S21401205027F038F8C4B2012C38BF01240120FFF75D
S2140120607FFB28462246064904F0C8FB4FF47A70E7
S2140120706043BDE83840FFF7B3BB38BD926100202E
S21401208015290400034B1B78022B01D8FFF770BDFE
S214012090704700BF9261002070B5284C25F06AFA9F
S2140120A02578274EBDB10020264904F0A7FB264A15
S2140120B0137801331370002323703378062B0AD16B
S2140120C0BDE87040214B1868B0F5FA6F38BF4FF481
S2140120D0FA60FFF785BB3378013B082B2CD8DFE885
S2140120E003F005090D2B13191D222700BDE87040CA
S2140120F0FFF7C8BFBDE87040FFF73ABD0023237065
S214012100BDE87040FFF7A2BB2946BDE8704001203C
S214012110FFF77EBCBDE87040FFF726BE0220BDE893
S2140121207040FFF7B3BD0120BDE87040FFF7F8BC73
S214012130BDE87040FFF7B2BC70BD00BF8F610020E4
S214012140926100204429040091610020C0400020D3
S21401215010B90520FFF764BD034B1B78062B01D190
S214012160FFF79ABF704700BF926100202DE9F04744
S2140121708E68054633189A780C46092A8EB008D917
S2140121800020A34904F03AFB852420460EB0BDE8A2
S214012190F08750B98B899F49895C8B4205D20091A3
S2140121A09D4904F02BFB8024EFE79C4BE7881B88B6
S2140121B09F4236D09A490978012932D932B13A4636
S2140121C00020984904F01AFB7E24DEE7964B1A702D
S2140121D0934B26791B78052B03D0012B3AD8FFF7B2
S2140121E051FF5EB93146204626F03CFC03460028E6
S2140121F051D030468D4A8E4904F000FBD4F8088051
S214012200A48998F8037098F80450002E4CD13046F3
S214012210884A894904F0F2FA00210120FFF7F8FB09
S2140122204FE00021804B1970072A00F28A8301A330
S21401223053F822F0D12101007F2301007F23010002
S2140122409125010091250100912501002728010013
S21401225027280100022B17D102F03EFE8742B3D099
S2140122600020764A764904F0C9FAFFF781FC46BB9E
S2140122703146204626F0F6FB034610B36B4A6C49FE
S214012280002004F0BBFA1CE06E4A00206E4904F000
S214012290B5FA012479E7A3681B78DA06AED432468C
S2140122A06A4904F0ABFAA9E700210AA8FFF70EF97C
S2140122B0032F08D95F4B664A66490097002004F051
S2140122C09DFA002461E76B1E632B04D9594B604AC3
S2140122D061490095F2E7614BE4B2DB5D9C4209D0AF
S2140122E0CDE901430020534B594A5D49009704F05C
S2140122F085FAE6E757B3A4B222460521404626F002
S214012300CAFABDF82830834203D04A4B554A56498B
S214012310B6E7012F1AD022460721404626F0BBFA1F
S214012320BDF82A30834203D0424B4E4A4F49A7E7B5
S214012330032F0BD122460921404626F0A9FA0B9B12
S214012340984203D13B4B474A494999E7642D3FF4EC
S21401235063AF26F0B7FE6423C0B2B0FBF3F203FB13
S21401236012030133DBB29D42BFF456AFCDE90053F1
S2140123700020304B3B4A3F4904F040FAA1E7284B86
S2140123801B78052B01D03C4A7FE7EB1CDBB2277B91
S214012390F45C44B123460020374A384904F02EFA4B
S2140123A000210C460BE00F2F0DD810232046344990
S2140123B00093314A3B4604F021FA80240121002093
S2140123C0FFF726FBE1E60435EDB220462A4A2D4901
S2140123D004F014FA7A1B7119D2B206A825F0DDF8BA
S2140123E005443A46E9B2304626F052FA264D069A98
S2140123F02B68264F9A42386001D100284AD12449D9
S21401240000201D4A04F0FAF985240121D7E700BF10
S214012410612904004C9B040079290400B06E002059
S21401242092610020A82904008F6100201E2A040062
S214012430262A0400AE2A0400C32A0400EC2904005C
S214012440F92904004E2A04005B2A0400782A0400B5
S214012450D82A0400E02A0400FA2A04000F9B04008C
S214012460182B04006D2F0400522B04007C2B040053
S214012470A42B0400CB2B0400FF2B0400192C040012
S214012480482C04005F2C0400C4400020D4400020E7
S214012490882C040000F08EFF3E68B0420AD200F09D
S2140124A089FF9D4903463246204604F0A7F9892450
S2140124B0012184E7079A6B689A4205D12046974A1C
S2140124C0974904F09BF96BE79649097859B19A4206
S2140124D009D22046944904F091F996210620934AA0
S2140124E0FFF7E8F95CE7924A924905A801F0DCF9A2
S2140124F0079E48B96A68964206D88F4904F07EF965
S2140125000520FFF7C3FB40E6324600208B4904F066
S21401251075F939680027002000F042FB00206E6044
S214012520FFF74AF9864B06201F80FFF719F9854BFE
S2140125301F7001F0B1F90646F8B94FF6FF73824AEB
S2140125400AA81188994214BF13463B466A8829880F
S21401255001F012F90AA800F0D7FC58B10AA801F058
S214012560DDF938B13046794904F048F90420FFF71F
S21401257057FB0AE6FFF7F8FB07E6042805D1744B7C
S2140125801921187825F0A1FBFFE538467149EBE7DC
S214012590714B1B78062B01D0704A76E6DFF8A0A1B6
S2140125A0EB1C94F80C90BAF80080DBB22EB93046DA
S2140125B06B4904F023F98724E7E5F75C2C1D972F78
S2140125C0E4B22FD025D8812F71D0952F67D017BBB5
S2140125D0B9F1100F7FF6E7AD31194A460AA824F083
S2140125E0DCFF0444E4B221464A46304626F050F960
S2140125F0231DDBB2053416F803A0E4B2A9EB0403ED
S2140126005345054666DA009338465346534A5549BC
S214012610C7E5982F43D03B460020504A524904F064
S214012620EDF8C8E7B9F10A0F7FF6BDAD1FFA89F7D5
S21401263021463A46304626F02BF905F108010446B4
S2140126403A46C9B2304626F023F90AAA0146204680
S214012650FFF736FA08B9454B0A93B9F10C0F12D9B0
S21401266005F10C013A46C9B23046DDF8288026F05D
S21401267012F9044602463E49002004F0BFF8AAF8C3
S214012680004044440A940A9C3A492246002004F039
S214012690B5F82046FFF7A4F824F077FF11E636498F
S2140126A0002004F0ABF80320FFF7BAFA09E6334C32
S2140126B023786BB124F05CFF50B10020304904F060
S2140126C09DF80023237024F060FFFFF74DFBF8E52B
S2140126D02C49E5E7DFF8A49099F8003043B9FFF7F5
S2140126E0D1F88542034607D01C4A27490095E5E5FF
S2140126F024F045FF0128F2D110220D480AA908F05E
S2140127008FFF10B9BAF13F0F42D9144A1F49002072
S21401271004F074F84FE700BFA72C0400FF2B040059
S214012720DF2C04008B610020142D0400C027090053
S214012730C4400020D4400020A3270400552D0400E7
S2140127401E5900209161002020590020772D040099
S214012750116F0020962D040092610020BC2D04000C
S214012760D12D0400FE2E0400E02E0400E0930400A8
S2140127700C2E0400372E0400562E04008E61002015
S214012780722E0400B12E04003A2F0400762F0400A6
S2140127906D4B187099F800304BB124F0E9FE30B15A
S2140127A0284624F0E8FE042807463FF48AAD514641
S2140127B02846321925F022F828B10020634904F092
S2140127C01DF8042070E799F80030554463B124F0F1
S2140127D0CFFE48B1FF2FF4D0012F3FF472AD032F87
S2140127E016D124F0D0FE05462846FEF7E5FF04463E
S2140127F002460521564824F0F7FE564B1B689C42BC
S2140128000AD3204624F0F5FF0520FFF73FFA58E5E6
S21401281024F0B7FE8046E7E74046FEF7E1FF0028D2
S2140128207FF44FAD51E74C4B1B7803F0FD03082BAB
S21401283001D04A4A29E5A48935B1F27822B10020AF
S214012840474903F0DBFF2EE7E4B22246F11C0AA853
S21401285024F0A3FE434BBDF8282019880546914273
S2140128600DD04FF6FF718A4209D03C4A00203E4BFC
S2140128703E4903F0DDFFBDF828203D4947E7BDF896
S2140128802A20598891420CD04FF6FF718A4208D00F
S214012890324A0020374B354903F0CAFFBDF82A20DB
S2140128A0EBE70B9A5B689A420AD0013208D02B4AB2
S2140128B02E490020304B03F0BBFF0B9A2F4926E729
S2140128C0A4B2E91C2246C9B2304625F0E1FFE91D53
S2140128D0C9B207462246304625F0DAFF431C0146B8
S2140128E006D10820FEF73CFF2548FEF779FFE8E40D
S2140128F0384606AAFFF7E4F8A8B9214B0693214B00
S21401290000221978204B187824F023FE069C2046D6
S214012910FEF766FF224600201C4903F06FFF0920E0
S214012920FEF71EFFCDE440F6B733069A9A42E6D884
S21401293040F6B8320020164903F060FF40F6B8337F
S214012940DCE7812421E400BF91610020A92F040067
S214012950CC2F0400D440002092610020D52F040023
S214012960EA2F0400C44000206C2B04001130040040
S214012970CA200400962B04002C30040029380400D9
S21401298080EE3600106F0020116F002064300400C6
S2140129903930040008B50420FFF742F90020FEF79D
S2140129A0DFFE0023054A19211370054A1370054BF3
S2140129B01878BDE8084025F088B900BF8F6100206F
S2140129C090610020116F002010B5164B164C1A7836
S2140129D0164B002053F82220154903F00FFF2178EB
S2140129E0144B154A0020002918BF1A46134903F054
S2140129F005FF23782BB1124B00201A68114903F00A
S214012A00FDFEFEF73FFF0446FEF73CFF0E4B19683E
S214012A1024F0DDFD2246BDE8104003460B490020A8
S214012A2003F0ECBE926100208F610020209B040021
S214012A308030040056370400373704008D30040018
S214012A40C0400020A7300400D4400020C03004005D
S214012A5038B5014604460020FFF788FB054698B1C5
S214012A60E37C00200A4A0B4903F0C8FE2379042BB5
S214012A700AD02946204625F0F5FF034620B100205E
S214012A80054A064903F0BAFE6FF0FF0038BD00BFE5
S214012A90E4130400E83004001E2A0400262A040079
S214012AA010B51346094A127882420DD163B1084A1D
S214012AB0002014680A46074903F0A0FE2146BDE837
S214012AC010400120FFF752BB10BD00BF116F002060
S214012AD0244400200A31040010B50D4B1C782CB19B
S214012AE0BDE8104000200B4903F088BE6420FEF7C5
S214012AF063FE4FF6F0716FF00F02074B0320C3E938
S214012B00001222462146BDE81040FEF7D3BE00BFA4
S214012B109261002043310400C4400020014B18702C
S214012B20704700BF8E61002000210620014AFEF793
S214012B30C1BE00BFC0270900014B1870704700BF17
S214012B408B610020114B2DE9F04107460D461868B0
S214012B500F49101A096824F03AFDDFF840800D4E3F
S214012B6098F800400346FF2C307004D0A8420AD3E0
S214012B702C44A04207DB3A460020074903F03EFEFC
S214012B80337888F800303078BDE8F081DC400020EA
S214012B90D84000209361002071320400126F00209B
S214012BA050EA010208D0FF22054B091A1A70054B9C
S214012BB01860054B1960704711461046FFF7C2BFF3
S214012BC0126F0020DC400020D84000202DE9F04F95
S214012BD0AFB006AD284600F0FDFD0026624FDFF8D7
S214012BE0D091284600F090F9044648B900F0BEFDA1
S214012BF05E490246204603F001FE2FB0BDE8F08F85
S214012C0039460020F2B203F0F9FD284616A900F075
S214012C10FFFD044620B15649002003F0EFFD8FE08A
S214012C20BDF85820534903F0E9FD49462046BDF852
S214012C305A2003F0E3FD2046BDF85C204E4903F020
S214012C40DDFD2046BDF85E204C4903F0D7FD204649
S214012C50BDF860204A4903F0D1FD2046199A49493A
S214012C6003F0CCFD2046BDF86820474903F0C6FDB9
S214012C70204646490DF16A0203F0C0FD444920464C
S214012C80239A03F0BBFDBDF85C30D90705D5204675
S214012C909DF890203F4903F0B1FDBDF85C309A07DE
S214012CA014D500203C4903F0C3FDBDF85830B3F5F8
S214012CB0807F4FD1002025F035FE18B10DF191002F
S214012CC003F01EFD0020354903F098FDBDF85C3089
S214012CD05B070BD50020BDF8B220314903F08EFD0D
S214012CE00020BDF8B4202F4903F088FD06222846AF
S214012CF00DF116030AA924F099FC044690BBBDF811
S214012D001620294903F07AFDDFF8A8A0DFF8A8B05D
S214012D100DF12808BDF81610A2B2914210D9B8F8E4
S214012D2000205146002003F069FD0134D8F8042044
S214012D305946002003F062FD062C08F10808E9D187
S214012D406C46204600F05AFD94E80F00013685E8EF
S214012D500F0046E70123202200200DF1910103F028
S214012D60B1FCAFE7114957E7833204005034040041
S214012D708C320400B0320400E4320400FD32040058
S214012D80163304002F330400483304006133040073
S214012D907633040092330400AB330400C0490400C8
S214012DA0BE330400D7330400F03304002334040098
S214012DB0C932040001340400113404002DE9F04145
S214012DC088B004AD044628468846002700F002FD78
S214012DD06E46474507D195E80F0084E80F00204668
S214012DE008B0BDE8F081304600F008FD96E80F0017
S214012DF085E80F00284600F087F801370028E8D15B
S214012E00014B0FCBE9E700BFC49D04001FB5D0E915
S214012E10023253F8223068461978FFF7CFFF68462A
S214012E2000F07CFD48B1042809D1074A0020074973
S214012E3003F0E4FC05B05DF804FB054AF6E7002064
S214012E40044903F0DBFCF5E7EC3D04006B340400B9
S214012E50A2370400772D040010B5D0E9023203EB47
S214012E608201496853F8223098B00C6804A8197892
S214012E70FFF7A4FF03AB40220093214608AB04A84A
S214012E8000F0E2FC024628B100200E4903F0B6FC31
S214012E9018B010BD039808A900F007040122C0F37A
S214012EA0C70003F055FC039908A8091B014406480E
S214012EB001232246008803F005FC044803F03EFC8B
S214012EC0E6E700BF7B3404003C590020C0490400FB
S214012ED0F0B504460D460B4BEF880FCB84E80F0088
S214012EE0AB882E899B0741BFD5F83900D5F83D1030
S214012EF004F1080303C3EA682046278066806260FF
S214012F00F0BD00BF589B0400102208B5034908F025
S214012F1087FB003818BF012008BD00BFC49D040010
S214012F2008B526F056FDC288FF219208012A38BF4F
S214012F300122024823F0CCFE012008BDEC4000200F
S214012F4038B5134690B10120274A1070274A002051
S214012F501160274A13600A46264903F04FFC02F027
S214012F609DFB254B1870022002F09EFB26F04CFDBF
S214012F70E8B91D4D1D4C2B782BB926F02AFD226889
S214012F80C368134423601A4B24681B689C4229D2E9
S214012F9026F01FFDC168204606F0AAF80024024666
S214012FA02C7050B926F030FDFFF7BAFF03E0FFF7AB
S214012FB0B7FF0028DDD0012038BD20460F4903F0B9
S214012FC01DFC0D4B187802F06FFB00200C4903F036
S214012FD015FC00F091F908B900F0AEF92046FFF7AC
S214012FE0B7F8E8E70124ECE795610020E44000200B
S214012FF0E0400020A234040094610020CE34040096
S214013000EE34040038B500F04BFA044600F042FAFC
S214013010241A26F0DEFC054618B9B1211B482CF00F
S2140130200EFAAB8803F00303032B03D0B221174833
S2140130302CF005FA00F02EFA054624F06AFB01236F
S2140130408340013B2B4203D0B42110482CF0F7F902
S21401305024F05FFB01238340013B234203D0B521CB
S2140130600A482CF0ECF905F019FE054624F051FB50
S2140130704FF48063B3FBF5F3C440A34205D2BDE829
S2140130803840BA2101482CF0DAB938BD04350400BD
S214013090FF2108B5044823F02CFEBDE808400022B5
S2140130A011461046FFF74CBFEC400020F7B504462A
S2140130B00E4600F089F8054626F08BFCC3682B44C3
S2140130C09C4220D324F025FB2C44C440013C114FE4
S2140130D03B68DEB1A34219D101340023ADF80430B8
S2140130E000F0E4F9054605F0D9FD103504FB00545F
S2140130F005F0D4FD01A90246204605F021FE24F084
S21401310018FB386004E04FF0FF34E0E7A342E4DB4D
S21401311003B0F0BD986A00204FF0FF320A4B10B59D
S2140131201A600022094B1A7000F0B4F9044600F048
S214013130B7F9214602460120FFF702FF00280CBF1F
S2140131400120042010BD00BF986A0020966100206F
S21401315038B500F0D1F808B9002038BD094D0A4C41
S2140131602B7823B924F0E5FA012320602B7024681C
S21401317024F0CFFA01348440EED000F025F8204444
S214013180EBE700BF96610020986A002070B50D4CF1
S2140131902368002B01DA012070BD00F07BF905469B
S2140131A026F017FC2468C66824F0B3FA013404FA42
S2140131B000F1294401208A19FFF7C2FE0028EAD04F
S2140131C00420E9E7986A0020024B18680C3024F0C6
S2140131D0E0BA00BF9C6A0020FF2307B50021044A1D
S2140131E004480093FBF75EFF03B05DF804FB00BFE5
S2140131F091300100EC4000200E4B70B51C6805466E
S214013200036804F582641C440E46FFF7DDFF2B6855
S214013210834208D232681A44824208D9C31A01206E
S21401322033602C6070BD044A126813441C1A0020D7
S214013230F7E700BF9C6A0020E84000202DE9F04F28
S214013240B3F5803F87B00F469846019003D3002020
S21401325007B0BDE8F08F03A904A8CDE90332FFF754
S214013260CBFF0024824600F10109DFF888B05FFA3F
S21401327089F9019BDDE90356AAB27BB13046109964
S21401328026F0AEFB0028E2D1B9F1020F2BD1DBF814
S21401329000300493019B03BB2F4421E0394630469E
S2140132A005F04EFD0028D2D1BAF1000FECD0002C6B
S2140132B0EDD105F0F3FC2E44B6FBF0F303FB1060F2
S2140132C00028E4D005F0EAFC05A90246304605943C
S2140132D005F036FD0028DAD0B9E7109B2B44109391
S2140132E0A8EB05050395631C4B454FF00104C0D3BD
S2140132F02046ADE7E84000207FB56B460C4A1068D3
S214013300516803C390680C2218600A4B0DEB02014A
S214013310186826F065FB0C2268460DEB020108F0E2
S2140133207FF9B0FA80F0400907B05DF804FB00BFF2
S214013330689B04009C6A00201FB5084A01AB106810
S214013340516803C3906801A91860054B0C221868E0
S21401335005F0F6FC05B05DF804FB00BF689B0400B1
S2140133609C6A0020F7B5044615460E4681B9072A21
S21401337003D80024204603B0F0BD0D4B80791968B0
S214013380E379063000EB03200C3180B224F00BFA0F
S214013390002721462B46324638460097FFF74EFF58
S2140133A004460028E5D039467019FFF77FFEE1E7AD
S2140133B09C6A0020024B1868A0F50060704700BFA9
S2140133C0A86A002010B58AB0684606F09DF810F08D
S2140133D0FF0027D1009BFBB1174C01A9206006F026
S2140133E00BF810F0FF001DD12268009B9A4204D30F
S2140133F04FF4DD7111482CF022F8019B104A114957
S2140134001360029A13440B600F49A3F500630A6028
S2140134100E4A1360009B63B940F2CF1107482CF0A7
S2140134200EF806E0044A034612680020084903F035
S214013430E5F90AB010BD00BFA06A0020B735040048
S214013440E8400020A46A0020A86A00209C6A0020A8
S2140134505F36040008B5FFF7B5FF26F0BAFA50B19B
S21401346026F0B7FA064B02691B689A4203D2B321CB
S21401347004482BF0E4FFFFF7C5FD012008BD00BF9F
S214013480A86A0020B7350400014B1868704700BFD2
S214013490A06A0020014B1868704700BFE840002072
S2140134A0014B1868704700BFA46A0020014B1868DA
S2140134B0704700BF9C6A002010B5FFF749FE04461E
S2140134C02849002003F09AF90020274903F096F9CD
S2140134D00020264903F092F90020254903F08EF9D1
S2140134E0244B00201A68244903F088F92246234910
S2140134F0002003F083F9FFF767FE2149024600200A
S21401350003F07CF91F4B00201A681F4903F076F977
S2140135101E4B1F4C1A6800201E4903F06FF92268E3
S21401352000201D4903F06AF94FF4806200201B4910
S21401353003F064F9226800201949103203F05EF99D
S2140135402268002017490C3203F058F9226800203F
S214013550154902F5826203F051F9BDE8104005F005
S214013560D1BA00BFDE3604001B3704003A37040028
S2140135705A370400A06A002085370400A4370400E7
S214013580C7370400E8400020EA370400A46A002098
S2140135909C6A00200D3804003038040053380400BB
S2140135A07638040099380400BC3804002DE9F0414F
S2140135B094B004460D460020482102AA24F004F9DE
S2140135C018B9534903F01AF919E060220021204680
S2140135D007F0DAFC04224F4902A808F021F890B15E
S2140135E06DB19DF80B30002001939DF80A309DF8CF
S2140135F00820009348499DF8093003F0FFF80120A0
S21401360014B0BDE8F081BDF80C20B2F5807F2280B1
S21401361003D0424903F0F2F8F1E7BDF81420BDF8F3
S2140136200E102281DDF816206180E2600499BDF853
S2140136301A206160228284F8320007AD04F112027A
S2140136400FAE2B4603CBB342106051601D4602F10C
S2140136500802F6D10F9B324A63631360314B102286
S2140136601846002107F090FCE288A3880280228990
S2140136704280E26842600BB90020C1E70026354669
S214013680A388D90709D536B105F150026A4412F864
S214013690482C84F838200135EDB29A0714D52088D5
S2140136A023F0A8FF07466EB102AB03EB05080246FE
S2140136B0414604F1390007F0F7FD3A4641461A48FB
S2140136C007F0F2FD2F44FDB2A3885B070DD556B176
S2140136D005F150036B4433F8482C33F8463CA4F804
S2140136E05A20A4F85C300435EDB2002EC4D1482D22
S2140136F002D930460D4965E72946382002AA24F04A
S21401370063F808B90A495DE738250126B8E700BF1E
S214013710DF380400749B04001139040047390400A3
S2140137200C4100201041002018410020623904009D
S214013730B239040030B50B4C99B025786DB9FFF756
S21401374089FE68B129466846FFF730FFB0FA80F077
S214013750054B4009187001232370002019B030BDB5
S2140137600120FBE79761002098610020014B187843
S214013770704700BF9861002070B51E46134B044683
S21401378018881D46884298B002D15B88934206D0BD
S2140137900F4B0FCB84E80F00204618B070BD96B1D2
S2140137A000216846FFF702FF0028F1D1BDF804307A
S2140137B05B0708D53388BDF85A209A42E8D8BDF889
S2140137C05C209A42E4D395E80F00E3E7104100201D
S2140137D0C49D0400064B10B51B7804462BB9054B57
S2140137E00FCB84E80F00204610BD034BF8E700BF5F
S2140137F098610020C49D04001041002010B50446C5
S214013800024B0FCB84E80F00204610BDC49D040078
S2140138100B4B10B51B78044608467BB10021FFF719
S214013820C5FE48B910222146064807F0F9FE0038C1
S21401383018BF0120C0B210BD0120FBE70120FAE746
S21401384098610020104100202DE9F0410E46904677
S2140138500E4910221F4607F0E3FE044670B90C4BD2
S2140138603A461D683046AD1B454528BF45462946A4
S21401387023F0AAFF28B9074902F0C0FF0120BDE8DE
S214013880F081069B20461D60F9E700BF104100202D
S2140138900C410020B23904000022024B1A70FFF7D7
S2140138A03BBC00BF986100202DE9F0419CB00F465B
S2140138B016468046FFF74CFC054602461549002091
S2140138C002F09CFF382D20D9012104A8FFF76EFED7
S2140138D00446D0B9119B04A93B606F463846FFF7F2
S2140138E0F7FA97E80F0086E80F00119BAB4297BFE7
S2140138F001210324084AC8F8003094BF1170C8F8A3
S214013900005020461CB0BDE8F0810022024B012485
S2140139101A70F6E7E43904009861002070B5084D86
S21401392000262B7853B1FFF7F7FB0446102200213F
S21401393004482E7007F028FB204670BD3446F5E794
S214013940986100201041002008B50020064902F0C9
S21401395055FF064B00201A78054902F04FFFBDE8D7
S2140139600840FFF7A9BD00BF033A04009861002094
S2140139702D3A040003460120024AC3E9032000222F
S2140139801A7070470100FEFF2DE9F0410024264E13
S214013990264FDFF8A88088B000F0D4F9A5B285429A
S2140139A002D308B0BDE8F081284603A923F042FF00
S2140139B0A2B23146002002F03BFF9DF80D2012B363
S2140139C09DF81210BDF81030402914BF6E217921E0
S2140139D00020CDE900313946BDF80E3002F028FF4F
S2140139E0BDF814201AB10020114902F021FF9DF8FC
S2140139F00C00BDF8182070B9079B0E490093BDF85E
S214013A001A3002F015FF00200B4902F0F7FE0134D0
S214013A102BF022FDC0E7BDF81C3041460093002084
S214013A209DF81A30EDE700BF463A04004C3A040010
S214013A306F3A0400793A0400C0490400A03A040031
S214013A4010B500F0ABFABDE810400346024A00206C
S214013A50024902F0D3BE00BF1B460400390504002C
S214013A60D0E9023253F8223010B5188800F086FAF1
S214013A70BDE810400346024A0020024902F0BEBEDD
S214013A80C83A04003905040010B5D0E90232002412
S214013A9086B08DF8044053F8221003EB82030978B0
S214013AA001A88DF805105A681288ADF806209A68A4
S214013AB01288ADF80820DA681278ADF80C40A242F8
S214013AC014BF402280228DF80A201A691288ADF8A8
S214013AD010205A699B691288ADF812201B6805935D
S214013AE000F0D0FB034A03460349204602F086FE57
S214013AF006B010BD6A1904003905040038B5002463
S214013B00064D2BF095FC45F824000634C02CF8D160
S214013B100020BDE83840024902F070BE8010002047
S214013B20CF3A040030B5002087B0204902F066FE87
S214013B3000201F4902F062FE00201E4902F05EFED0
S214013B402BF076FC00240546A0B201A9013423F02F
S214013B5071FE202CF8D12BF06BFC1749421B00207C
S214013B6002F04CFE1549002002F048FE2BF060FCE6
S214013B700446012000F09EF82BF05AFC0E49021B69
S214013B80002002F03BFE0E49002002F037FE2BF02B
S214013B904FFC044623F03FFE2BF04AFC021B00209C
S214013BA0054907B0BDE8304002F028BEFB3A0400E4
S214013BB02A3B04005A3B0400773B0400863B040082
S214013BC0A03B040010B50C4603F07CFD08B9032C9D
S214013BD012D101F059F904280ED001F055F9052843
S214013BE00AD0064802F0BAFC1C2801D124F0C0FD18
S214013BF0BDE8104002F0C2BC10BD00BF2178030032
S214013C002DE9F04F00274FF0FF36DFF8A4B0264C21
S214013C1087B0BBF80030B8B2834209D8731C3BD0DA
S214013C203246FF21214807B0BDE8F04F23F050B8D7
S214013C3001A923F0FFFD9DF8050001F05BFFF8B137
S214013C409DF80480B8F1000F1AD1BDF810A0BDF898
S214013C5012902BF0EDFB18210246BBB24B43E01845
S214013C60E158007C4FF47A73A2EB010C50B103FBD0
S214013C700AF363450ED30B44981A864228BF0646BC
S214013C800137C6E74D466B43FAD06345F5D3194471
S214013C90881AF2E74046F0E7FF21044807B0BDE87E
S214013CA0F04F23F026B800BF8010002020410020EE
S214013CB0225900202DE9F041014688B058B102286A
S214013CC010D023F0D1FD78B3D221194808B0BDE851
S214013CD0F0412BF0B4BBFF23164A17480093FBF7BD
S214013CE0E1F9EEE700244FF001082746134EA5B28E
S214013CF0284603A98DF80D7023F09CFD9DF80D0054
S214013D0068B101F0F7FE20B19DF80C300BB986F8CA
S214013D1010800134202C06F11806E8D12546084B00
S214013D201D80FFF76DFFCCE708B0BDE8F08100BF4E
S214013D30C03B0400694001002041002080100020A3
S214013D4022590020014B1888704700BF22590020D5
S214013D502DE9F04F634A077D89B004466249002089
S214013D6002F066FD002024F0DDFD20B12368218AE3
S214013D70588803F0F5FC00205C4902F03FFD637DA6
S214013D80DFF87491002B236808BF08205988574B29
S214013D9018BF00200093228A4FF0090314BF4FF08A
S214013DA080084FF0400802F089FBA289BB1C9342B1
S214013DB00CDB24F051FE034620B100204C4A4D494D
S214013DC002F01CFD012009B0BDE8F08FA068791C47
S214013DD089B2C55D24F05FFD0337012D0646BFB2EB
S214013DE013D82368324659885879238A0093434664
S214013DF024F099F9824600283ED1862002F026FC5E
S214013E00284602F023FC304668E08520F6E703A941
S214013E1023F010FD9DF80C30AB4223D123689DF8AA
S214013E200D105A7991421DD1BDF80E105A88914253
S214013E3018D1BDF81020B24214D19DF81220424587
S214013E4010D1BDF81410228A91420BD1002D38D022
S214013E50BDF81810E288914204D19DF81A201B790A
S214013E609A422ED00BF1010BB9F800305FFA8BF0B5
S214013E708342CCD88B20C1E74FF0000BF4E79AF8C9
S214013E80020002F0E3FBBDF8180024F0C7FCBDF801
S214013E901A0024F0C3FC9AF8020003F081FE002801
S214013EA083D19AF8020001F0F7FC0546079E002D23
S214013EB03FF47BAFF0B2013D02F0C8FB360AEDB22B
S214013EC0F5E7002002F0C2FB284602F0BFFB3046B1
S214013ED024F0A4FC012DD2D1BDF81C0024F09EFCD8
S214013EE063E700BF4F3C040027300400C0490400CC
S214013EF05C3C0400793C0400225900202DE9F04383
S214013F0091B06946804623F095FC0023194F8DF841
S214013F1001303888431E98B28045388009D16946F9
S214013F20404623F08FFC684623F073FC11B0BDE8D1
S214013F30F0834FF0180905A923F07CFC0E4C3E884F
S214013F400AAD09FB06460FCE0FC596E8030009FB2E
S214013F50084485E803000AAE404605A923F072FC32
S214013F600FCE0FC495E8030084E80300694638883D
S214013F70D7E700BF225900208010002008B5064B65
S214013F801B88834205D9FFF7B9FFFFF739FE0020EA
S214013F9008BD2720FCE700BF2259002038B5074D91
S214013FA02C882CB9FF21064822F0A3FE204638BDF6
S214013FB0601E80B2FFF7A2FFF2E700BF2259002081
S214013FC0204100202DE9F3479A4618239DF82890B2
S214013FD0244FCDE9001203FB09731446D3E90223EB
S214013FE024F019FE064620460D4603F0D9FD04F0DE
S214013FF0FD03382B80460FD1009432462B46002114
S214014000DAF8100023F041FCB8F1010F1BD135435B
S2140140101ED102B0BDE8F087392CDAF810300BD18A
S21401402007EE906A07EE103AF4EEC77AF1EE10FA50
S214014030ACBF01200020E7E79E4275F100032CBFCC
S21401404001200020E0E7B8F1000FE2D10028E0D01F
S214014050182303FB097701233B7402B0BDE8F04740
S214014060FFF7CEBD801000202DE9F04F00252E462B
S214014070A846AA462C46DFF8BC91D1B0694BA8B237
S2140140801B88834209D81CB161882079FFF79AFD05
S214014090FFF7B6FD51B0BDE8F08F0BA923F0CAFBC0
S2140140A02BF0C6F91823AFB27B4309EB030B59F883
S2140140B0033005909DF82D00049301F01BFD0028A8
S2140140C000F0AE809DF82C10002940F0A980DDE9B3
S2140140D00432D01A4FF47A72BDF838305343834213
S2140140E000F29E809BF8103043B9BDF83A30002BA1
S2140140F000F096805343834200F29280FD23002213
S214014100CDE9013210AB00930DF119020DF11A033E
S214014110E9B20BA8F0F7DCF8002877D1BDF81A3021
S214014120DA1C0493D2B214B33F4B9DF82D101B88B2
S21401413013442279914214D1BDF82E10628891421F
S2140141400FD19DF83220B8EBD21F0AD1BDF834202A
S214014150524506D1B3424DDD0020344902F04EFBF4
S21401416001E0B342F8DC61882079FFF72BFD02F00D
S21401417041FA04469DF932002D4BC043C00F00930F
S214014180BDF834200A23BDF82E10C0009DF83280F9
S21401419002F094F99DF82D304FF0000B23714FF487
S2140141A08A53FF26BDF834A04FEAD818E38007A942
S2140141B05FFA8BF024F0DEFEC0B2B0B99DF81D1098
S2140141C09DF82D20914210D1BDF81E10BDF82E206D
S2140141D091420AD122469DF829109DF81C0024F030
S2140141E044FCB04228BF3046C6B20BF1010BBBF10E
S2140141F0200FDCD1BDF8300024F010FB9DF819002B
S21401420002F024FA049910A802F034FA18230022C6
S2140142105F4309EB07031A742BF00AF949F8070004
S21401422001352BE7225900202C590020383D040087
S214014230C04904008010002070B500240126104DEE
S2140142408AB02B88A0B2834204D80AB0BDE8704079
S214014250FFF7D6BC05A923F0EDFA9DF8150001F08D
S21401426049FC50B19DF814303BB91A46CDE90136E8
S2140142700093E1B205A8F0F72BF80134E1E700BF9F
S214014280225900202DE9F0430389DFF858818BB0CD
S214014290B8F8009000930446837982884188407874
S2140142A023F041FF002800F09580E78927B1A38914
S2140142B0BB4200F291800027B8F80030BDB2AB4295
S2140142C014D84D4601264FF6FF73E2899A4226D14D
S2140142D046B9B8F80030AB4202D92846FFF70EFEC1
S2140142E0FFF78EFC00200BB0BDE8F083284605A939
S2140142F023F0A0FA9DF814307BB92268059B534041
S214014300FF2B0AD86368069E5E4036F07F4604D1CE
S214014310BDF81C2023899A42D5D00137CCE7E26844
S2140143209A422BD0002E53D1D4E90323CDE908239A
S21401433005A823F06EFA0028D5D1B8F80030AB42B4
S21401434004BF6B1CA8F800302BF072F818236B43DF
S214014350234AE9B2D050D418002305A81A46CDE95D
S21401436001330093EFF7B4FF18B100220023C4E92C
S2140143700223284605A923F065FAB1E7234605AAD4
S21401438004F1100C174618685968083303C76345CB
S2140143903A46F7D11868386005A823F03DFA002898
S2140143A0C0D01F2D1AD800238DF8143063788DF8ED
S2140143B015306388ADF81630A388ADF81830A379A8
S2140143C08DF81A302389ADF81C300028B0D1ABE740
S2140143D00020E6E7862086E7872084E7892082E7B3
S2140143E080100020225900202DE9F04FB04A90F8A5
S2140143F014908DB00446AF49002002F019FA00204F
S21401440024F090FA20B12368218A588803F0A8F98D
S2140144100020A94902F0F2F9637DDFF8B8A2002B6B
S21401442014BF802340230293236808BF08205988BD
S214014430A14B18BF00200093228A072302F03EF802
S21401444000230393A28909F10305954211DB039B1F
S21401445013B9184602F0FAF824F0FEFA034620B122
S2140144600020964A964902F0C9F901200DB0BDE830
S214014470F08FA06809F1010189B210F8096024F0F3
S2140144800AFA3246804603468E490020ADB202F053
S214014490B5F98EB1012E00F08A808527384602F0E4
S2140144A0D5F8304602F0D2F8404624F0B7F9852F09
S2140144B0D2D00123039376E0A06809F10401A28912
S2140144C089B2475D24F0E7F909F10601A289049053
S2140144D089B2A06824F0DFF93A4605900090049B63
S2140144E03046794902F08AF909F1080938461FFA77
S2140144F089F503F055FB002857D1384601F0CCF971
S214014500294603468146A289A06824F0B5F96F4979
S2140145108346304602F08CF9A1684A462944334660
S214014520304602F0CFF83046634902F067F9A944F5
S2140145301FFA89F52368424659885879238A0093D9
S214014540029B23F0F0FD18B18378BB4240F0AC80AB
S214014550483FFFB2092F05D840F21133FB40DB0775
S21401456000F1A48000238DF81C30236807A85A792F
S2140145708DF81D205B88ADF82080ADF81E30029BBB
S214014580CDF82CB08DF82230238AADF82430049B68
S214014590ADF82830059BADF82A30FFF773FE0746C5
S2140145A000287FF47BAFA9464CE7B346C2E729460D
S2140145B0A289A06824F06FF94FF0000B0246074667
S2140145C04349002002F01AF909F10509BAF800304A
S2140145D01FFA89F5BAF800201FFA8BF94A4503D865
S2140145E01F2B31D9892759E7484607A9049323F099
S2140145F021F99DF81C20049B012A22D122689DF8EE
S2140146001D00517988421CD1BDF81E005188884290
S21401461017D1BDF82010414513D19DF822100298FC
S21401462081420ED1BDF82400218A884209D1BDF805
S2140146302800E188884204D19DF82A101279914217
S2140146401BD00BF1010BC5E7012299468DF81C2002
S214014650226851798DF81D105188ADF82080ADF88B
S2140146601E1002998DF82210218AADF82410E188D7
S214014670ADF8281012798DF82A2007A8ADF82C700D
S21401468023F0C7F8074600287FF408AFBAF80030D1
S2140146904846994508BF09F1010307A908BFAAF8CA
S2140146A0003023F0CFF87EE78D27F7E68C27F5E676
S2140146B0633D040027300400C0490400C43D0400E3
S2140146C0793C04006B3D0400883D0400A93D0400CC
S2140146D0B43D0400225900202DE9F04F07468846D4
S2140146E09146002589B09A46BDF848B09DF84C60C1
S2140146F0149C224B1A88A8B2824235D903A923F00A
S21401470099F89DF80C201D4BB2BB9DF80D10B942CF
S21401471032D1BDF80E1041452ED1BDF810104945D5
S2140147202AD19DF81210514526D1BDF814105945CD
S21401473022D13046029201F0AFF8A6F14103012BD7
S21401474001460AD8204624F0ACF80D4B0D4A204409
S21401475084420CD10421029302ACEDB232462046CB
S214014760009503ABFFF72EFC09B0BDE8F08F14F8F7
S214014770011F4B405343EBE70135BBE722590020AD
S214014780C59D1C81930100011FB50F4C2478C4B14F
S21401479042EA03229DF818308DF8051042EA4322BA
S2140147A00A4BADF80C201A78094B8DF806100799BC
S2140147B003EB021300908DF80400DB686846029153
S2140147C0984704B010BD00BF996100209B6100208E
S2140147D04041002073B51A4DFF211A4822F089FA8C
S2140147E02B7853B3184C194E2378180106EB031394
S2140147F01A7A5968305C24F049FC4D281DD0E0B186
S214014800012300212278CDE900311201B25CC0B249
S214014810FFF7BAFF0A2223780A480133DBB2B3FB5B
S214014820F2F102FB1133FF2123702B78013B2B7031
S21401483002B0BDE8704022F054BA02B070BD00BFAD
S21401484099610020E04100209B610020404100204A
S214014850F8B5104F3E780A2E1AD00FC8DFF840C0C0
S2140148600D4D9CF80040013605EB041585E80F0058
S2140148700A230134E4B2B4FBF3F203FB1244074803
S214014880FF218CF800403E7022F02BFA0020F8BD84
S2140148900120FCE79961002040410020E041002012
S2140148A09A6100200021024A0248FAF731BC00BF93
S2140148B0D5470100E0410020002337B50C46124DD4
S2140148C012492A78CDE9003312018A5C0123014698
S2140148D0E0B2FFF759FFA4B90D490A788AB10A2058
S2140148E02B78013A0133DBB2B3FBF0F40A70FF21F7
S2140148F000FB143307482B7003B0BDE8304022F0AC
S214014900F0B903B030BD00BF9B61002040410020DC
S21401491099610020E041002008B500F0BDF850B1D3
S214014920054B064A0649052808BF1A46BDE8084051
S214014930002001F063BF08BDD83D0400C049040053
S214014940F93D040008B5032024F0BAFB10B9012292
S214014950014B1A7008BD00BF9C6100200022024B6B
S21401496018781A70704700BF9C6100200246FF212C
S214014970014822F0ADB900BF00420020114B37B507
S2140149801D78C5B9FF21104822F0B3F9FFF7DAFF09
S214014990044600900D4B28460D4A0E4901F02EFFA5
S2140149A04CB10D4B1B78DB0605D5284624F062FB7F
S2140149B0204622F09FFD094B186803B0BDE8304041
S2140149C0FFF7D4BF9C61002000420020163E040081
S2140149D0443E0400091604008A610020AC6A0020E7
S2140149E0FF21014822F085B90042002070B51A4E19
S2140149F0054633780C466BB30020184A184901F077
S214014A0017FF032C01D0652C20D11649002001F098
S214014A100FFF22460020144901F0F0FE0020134942
S214014A2001F006FF012329460822002001F04AFE74
S214014A3000200F4901F0E2FE032C88BF0023204628
S214014A4088BF3370BDE87040FCF7BEB8012CE0D0DB
S214014A500849DBE770BD00BF9C610020443E0400AE
S214014A60F3190400573E0400AA200400753E040012
S214014A70C04904006D3E0400014B1860704700BF3A
S214014A80AC6A00200021024A0248FAF741BB00BF87
S214014A907D49010000420020054B10B51C782CB959
S214014AA00448FF2122F01DF9204610BD0520FCE731
S214014AB09C61002000420020F8B50024074B084EF8
S214014AC01D68084FE3B29D4204F1010400D8F8BD09
S214014AD0394656F8230021F0C3FAF3E720B904005B
S214014AE024B90400786B002010B5044C23780BB170
S214014AF024F0D6FA0123237010BD00BF136F0020E7
S214014B002DE9F743254B0D4616460446019350B151
S214014B104AB1042301AA12F8011BA94235D0013B70
S214014B2013F0FF03F7D1212003B0BDE8F08317F897
S214014B30010F90FAA0F0000E21F0CEFC014608EB22
S214014B4007039945F3DCCAB2C1F30F2392FAA2F226
S214014B5093FAA3F3120E1B0E03EB0223DB43621937
S214014B6012F8020C99B2DBB298420CD112F8013C51
S214014B70B3EB112F07D132462146284603B0BDE8D4
S214014B80F04324F0EDB92320CEE74FF6FF71671E00
S214014B90A5F10209C4F10108D1E700BF080A0E1207
S214014BA0F0B515468FB00E4607462AF0EDFC254BAC
S214014BB002A81C7824F078FA15F0FD0F3BD028B92E
S214014BC0BDF808309B0701D5032D36D01DF0A4FE95
S214014BD058B309A824F0D4FA0323306871688DF815
S214014BE024300AAB03C39DF83130012D43F0020394
S214014BF08DF8313019D105A909A824F0B9FA002891
S214014C0018BF022423F062FE032D18D80E4B0F4A5C
S214014C100020CDE9004753F8243052F825200C49EE
S214014C2001F0ECFD20460FB0F0BD032DEAD1042CB7
S214014C3008BF0024E6E70324E4E72C46E2E7032462
S214014C40F0E700BF9D610020689D0400589D0400A8
S214014C507C450400014B1870704700BF9E61002020
S214014C60024B1A6818608260704700BFB06A002065
S214014C70024B186800B14068704700BFB06A002058
S214014C8070B5044600250A4B1B687BB100211E88BF
S214014C9007E05A6802EB0110013145B9021B554283
S214014CA055418AB29642F4D89B68EEE7184670BD25
S214014CB0B06A00202DE9F04F1E46002393B0022E65
S214014CC0074688461446DDF870909DF874A0ADF846
S214014CD01A3040F2C08099F800305A0729D5042EC0
S214014CE040F2B98099F804B000255F4B33F83520BF
S214014CF0002A00F0B68001350A2DF7D1209B002B43
S214014D0040F0AD80FF250023207908AA0DF1190196
S214014D108DF8193023F052FD70B1BDF82C309DF896
S214014D201900238023F0CDFD0790C0B113B0BDE874
S214014D30F08F99F802B0D7E7207923F06FFA0B28A5
S214014D40059000F28A80207923F0CCFD0790002898
S214014D50ECD1464A059B02EB03135B8823804FF692
S214014D60FF73002F08BF434662880021CDE9002368
S214014D7058465246238802F0FDFD18B1E38843F0F9
S214014D802003E380209B07A90DA8CDE90D34CDF8BB
S214014D903C90ADF84080ADF842608DF844708DF8D7
S214014DA045A023F01CFD08B10798BFE7484602F06E
S214014DB025FDA01D02F010FD22464146384623F08F
S214014DC054FEB04227D3E3882246C3F30E03E380A2
S214014DD09DF87C3041460393BDF8783038460293FF
S214014DE00DF11A03CDE90093F3B222F08AFF209B5E
S214014DF0079003B3F8B9BDF81A2042B1092D06D8B9
S214014E001B4B03EBC5018A80209A43F835201120FD
S214014E1023F0B7FC1CE0BAF1000F0AD10DF11A031A
S214014E20CDE9006322464B4641463846FAF778FFFD
S214014E30DDE73820DBE7052807D1E388DB0607D561
S214014E40002301200793FFF705FF079B002BDED009
S214014E5023F03CFDA8E7012068E7212066E71C2037
S214014E6064E7EDB24FE700BF2842002094420020DD
S214014E70244200204FF6FF72024B1A805A809A8015
S214014E80704700BF2459002010B5044C2379FF2B2E
S214014E9002D124F033F92071207910BD2459002065
S214014EA010B50C4C2379FF2B08D1002023F009FD07
S214014EB020B924F023F9207123F008FD2079022877
S214014EC005D00438012894BF0020012010BD002021
S214014ED0FCE700BF245900204FF6FF7310B5044CC1
S214014EE022889A4202D124F0FFF82080208810BD43
S214014EF02459002010B5FFF7BDFF40F61D43984228
S214014F00044607D8B0F5416F05D2182826D81528CB
S214014F1048D829D010BDA0F541630D2BFAD801A2BF
S214014F2052F823F0694F0100694F0100154F010047
S214014F30154F0100154F0100154F0100154F0100D7
S214014F40154F0100B94F0100CB4F0100654F01001D
S214014F50654F0100654F0100654F010040F60643AD
S214014F609842D7D11C4920E0FFF7B6FF1B490246FD
S214014F70002001F043FC152C05D124F09FF8BDE874
S214014F80104023F035BC164B164A1749B4F5416F4D
S214014F9008BF1A46002001F031FC23F028FC23F05C
S214014FA027FCECE71628DDD11049002001F026FC8D
S214014FB0BDE8104023F041BD22F08AFFBDE8104055
S214014FC002460B49002001F019BC0020BDE8104044
S214014FD0084901F013BC00BFA04604004D4604007A
S214014FE0C049040048460400694604008946040096
S214014FF0B5460400DD46040007B5094A0346108895
S21401500031B9084A084903B05DF804EB01F010BC59
S2140150100091064A064901F00BFC03B05DF804FB5B
S2140150203C59002040130400FD460400E41304002C
S214015030091604000D4B37B51B68044693B11D785D
S2140150400389012D08BF02250093C37A084A002070
S214015050084901F0D3FB2146284603B0BDE830409D
S21401506024F004B8022003B030BD00BF6043002026
S2140150707247040021470400002010B523F021FCEC
S2140150800D4B1B6863B15A78052A03D862B1052413
S21401509002220AE0FF2AFAD00020084901F0AEFBFE
S2140150A0BDE8104023F012BC1446104624F03AF82E
S2140150B0204624F035F8F3E76043002077470400E4
S2140150C013B5134C002023F0FCFBFFF7D3FE236837
S2140150D09BB101A822F0EFFE78B923681A789DF8F3
S2140150E004309A4209D0D91E032906D9D11E0129B6
S2140150F003D9012A07D1022B05D1032301A8ADF854
S214015100043023F0B9FF02B0BDE8104023F0DEBB47
S2140151106043002000231946034A01330A2B91807D
S21401512042F8081BF9D17047244200207FB50E468D
S214015130054623F0A3FF2A46044603460D490020F0
S21401514001F05CFB96B10C4B36211A889B78ADF8C2
S2140151500C208DF80E300323002200934FF6FC70CE
S21401516003AB8DF80D5023F0CAFE0446204604B06A
S21401517070BD00BF98470400D49D0400FF2810B5F9
S2140151800C4604D10020044901F038FBFE202146DC
S214015190BDE81040FFF7CABFB1470400F8B51E4688
S2140151A00B8807460C461546002B64D14A88B1F990
S2140151B0021000200029B8BF6B78304901F01EFBB1
S2140151C06288132A1DD002F5FF437F339BB2052B5D
S2140151D023D8A2F50042013A052A1ED8DFE802F0DC
S2140151E0193F1D033C09264A2649002001F006FB0B
S2140151F013E0254A2349002001F01AFB2A792349A6
S214015200F3E7022E94BF4FF6FF72B5F8012020494E
S214015210EBE700201F4901F0F1FA33462A46214602
S214015220384624F094FE70B933462A46214638465D
S21401523024F08FFE48F2210362889A4203D1384651
S214015240697823F0C4FA6388B3F5004F02D90820C1
S21401525023F0D4FA0120F8BD2A790F49C5E70F4A91
S2140152600849002001F0E4FA032E94BF4FF6FF72BE
S2140152706A880B49B9E70020EDE700BFEC47040058
S214015280144804001B4804002C480400324804005B
S214015290404804005848040072480400944804003A
S2140152A0994804002DE9F04116888AB0DFF88C8011
S2140152B0ADF80E300DF10E03C8F800201546009328
S2140152C0324610AB07460C46FAF7BCFD90BB109B66
S2140152D08DF824000693BDF80E3004A8ADF81C30F6
S2140152E0AB898DF81070ADF820306B890594ADF858
S2140152F01E60ADF8223023F070FAD8B92146304648
S214015300BDF80E30109A01F0C9FF98B92146304613
S214015310BDF80E30109AFFF741FF58B9CDE900608D
S21401532039462046BDF80E30109A02F049FB08B9FE
S214015330C8F800000AB0BDE8F08100BF2042002096
S214015340F0B585B004AB03E9030000231C469DF8C5
S2140153500D609DF80E70154AD9B202EBC100456882
S214015360EDB99DF80C30284600939DF80A209DF86B
S2140153700B300F4901F05CFA26B1324628460D493A
S21401538001F056FA0C4A0020002C18BF2246BDF840
S21401539008300A4905B0BDE8F04001F02FBA12F80E
S2140153A031100133B94208BF2C46D5E77C9D040075
S2140153B0AB480400BC480400AF120400C048040017
S2140153C04FF6FF7310B5084C88B062889A4207D131
S2140153D002A90DF1070022F06CFDBDF810306380C4
S2140153E0608808B010BD00BF245900202DE9F04F99
S2140153F085B0894692461C460746BDF83850BDF82A
S2140154003C80109E002833D00346464A0020464979
S21401541001F00EFA2388002B76D040F2091293424F
S21401542074D0424A4249B3F5827F08BF0A46CDF896
S21401543004806188002000913E4901F0F9F9238833
S21401544093B1B8F1020F0FD933783B4913F0010F2E
S2140154503A4A18BF0A4659074FF000004CBF337945
S214015460B378374901F0E4F90020364901F0C6F96E
S2140154700023354931F83320AA4249D1334A52F83C
S21401548033B0002331F83300DA00A84246D10020B9
S2140154902E490A44908041F8330047B9238833B92E
S2140154A0B4F90230002B02DB082023F06AF9012050
S2140154B023F0A4F99EB13578EB0710D515F004005A
S2140154C004D042460121304623F0E5F9CDE90170CA
S2140154D04346224651464846009622F0FCFEBBF162
S2140154E0000F06D04346224651464846CDE900679E
S2140154F0D8474346224651464846CDE9006722F042
S214015500B0FB05B0BDE8F08F114A90E7114A8EE76F
S21401551001330A2BAED14FF0000BB2E701330A2B51
S214015520B0D1BAE7EC090400E7480400B012040061
S214015530D5480400F5480400D8480400E0480400B3
S21401554026490400C04904002842002024420020C5
S214015550CE480400D24804000D4BF0B54FF00C0CB9
S2140155601F88054600230B4EDCB2BC4201D3002047
S214015570F0BD0CFB04F43019345DAC4205D144880F
S2140155808C4202D104799442F2D00133ECE700BF99
S214015590B26E0020C06A002073B501262B4D2C4C3C
S2140155A02A462046FF2300210096F9F77BFD2A466E
S2140155B02046FF2300210096F9F774FD2A4620466F
S2140155C0FF2300210096F9F76DFD2A462046FF23AA
S2140155D000210096F9F766FD2A462046FF230021A2
S2140155E00096F9F75FFD2A462046FF230021009624
S2140155F0F9F758FD2A462046FF2300210096F9F7C1
S21401560051FD2A462046FF2300210096F9F74AFD60
S2140156102A462046FF2300210096F9F743FD2A4635
S2140156202046FF2300210096F9F73CFD2A46204636
S214015630FF2300210096F9F735FDFF232A460021B6
S21401564020460096F9F72EFD02B070BD9175030055
S214015650744200202DE9F84300244FF00C090C4B4E
S2140156600C4F1E78DFF830803A88E5B2954202D3B7
S2140156703046BDE8F88309FB0585FF21A86821F0BF
S2140156803FFB18B9AB799E4238BF1E460134EBE7A3
S2140156909F610020B26E0020C06A0020014B18787E
S2140156A0704700BF9F610020014B1870704700BF14
S2140156B09F610020F8B506460C4623F07DF80546A6
S2140156C0C8B9304622F0AAFD0B2815D80B4B03EBC0
S2140156D000131F7B87B95A88012122809A88304699
S2140156E062809B79237100F037FA39466071304643
S2140156F000F032FAA07101252846F8BD9442002038
S21401570070B504460E46154622F088FD0B2802D9D0
S2140157104FF6FF7070BD094B03EB00131A7B002A8E
S214015720F6D146B901222946204600F03DFA002866
S214015730EED00088EEE7012EEAD1F4E7944200208D
S214015740FF2313B50DF1070104468DF8073023F04A
S21401575031F818B19DF8070002B010BD074B03EBF6
S21401576004131B7B0BB1FF20F6E7204600F03AF945
S2140157700028F8D0204600F0E9F9EDE79442002031
S21401578013B5F6F785FC0446F6F788FC2246034671
S2140157901249002001F032F800F084FFFFF7BAFC4E
S2140157A000F0A6F80221084602F074FDFFF764FC3B
S2140157B041F2490023F0D0FC4FF0FF130093FF2382
S2140157C068468DF8043023F0A5FC4FF4004023F022
S2140157D083FC002023F0A0FC02B010BD7549040034
S2140157E038B5054623F006F890B9284623F0C0FBE5
S2140157F0044628B140F60443984214BF88248D24F9
S21401580023462A460020034900F0F8FF204638BD0B
S2140158108D24FBE78D4904002DE9FF4705460E461A
S21401582017469846BDF83090DDF834A0BDF83840EC
S214015830CDF80090CDE9014AE4B2FFF7D7FD434623
S2140158403A4631462846CDE90094CDF808A024F022
S21401585047FBFF21034B044A044804B0BDE8F04768
S21401586000F01ABE305900202C5900207763002022
S214015870044B01461888102240F0404040F4801046
S214015880F7F716BACE9A0400024B18685968FFF764
S21401589057BD00BF06DE04000123064AD15C8142E3
S2140158A002D1054AD05C704702335F2BF6D1002047
S2140158B0704700BFD69D0400D79D040070B5002236
S2140158C00446094B1D78094BD0B2854201D8FF200A
S2140158D070BD1E78A64204D10029F9D05E7BF6077A
S2140158E0F6D401321033EFE7A06100209442002085
S2140158F02DE9F04198B06B46304A1068516803C3F1
S21401590090680CAA18602E4B14469C4603F11806A4
S214015910154618685968083303C5B3422A46F7D1B5
S21401592012AA1746274B03F1180615461868596838
S214015930083303C5B3422A46F7D1234A03AB10689E
S21401594051684FF0010E03C3906871681860DCF867
S2140159503000002206AB03C30C21EC46B068CDE94B
S21401596009221860194BDFF86C801970184B0DEB83
S21401597001060B9206AD09A91CF8010B013218703D
S21401598034F8020B0C2A588037F8020B83F80DE026
S214015990988016F8010B03F1100303F80A0C15F8AA
S2140159A0010B08EBC00043F8080C11F8010B03F8D3
S2140159B0040CE1D118B0BDE8F08100BFA74904008E
S2140159C046A104005EA10400B4490400A0610020C1
S2140159D094420020409E0400014B1878704700BF97
S2140159E0A0610020034B03EB0013587B00F001007D
S2140159F0704700BF94420020F0B504460846D9B16E
S214015A0000220E4B11461F780D4B1D46D6B2B742EB
S214015A1001D8002010E01E78A64206D09E68F688BF
S214015A20314489B201321033F0E75E7BF607F9D5CF
S214015A3005EB02150180A868F0BD00BFA06100203B
S214015A40944200202DE9F347894690461D460746B5
S214015A5018B9002002B0BDE8F0870029F9D0002A65
S214015A60F7D0002BF5D0002400780DF10601ADF833
S214015A700640FFF7C1FF0028EBD039460DF10602BC
S214015A80BDF8066022F0BFFA07460028E1D00DF106
S214015A900602BDF806A022F0DDFA0028D9D0C9F822
S214015AA00070C8F80000037913F0200219D1DB0654
S214015AB014D4BDF806300C4A564413FA86F612FA88
S214015AC086F20BE01A790C33920642BF13F8092CC2
S214015AD0891889B29842F5D8044A0A4401202A60F6
S214015AE0B8E72146024BF5E7C3620020A16100201A
S214015AF080A0040008B50021FFF7E0FEFF2817BFCD
S214015B00044B084603EB0013587B18BF00F0010056
S214015B1008BD00BF944200202DE9F0410D4616460F
S214015B201F4622F07BFB0B280AD8074C3B4604EBAA
S214015B30001032462946BDE8F041806822F03BBBA2
S214015B400020BDE8F08100BF94420020014B000117
S214015B50185C70479442002070B50C4622F05EFB3C
S214015B600B281BD80F4B03EB00139A68C2B1002316
S214015B70142618461579D9B28D4200D870BD116821
S214015B8006FB0311097B34B911F0800F1CBF0130ED
S214015B90C0B20133EFE711F0400FF7E70020EDE761
S214015BA01046EBE794420020F8B50D46164622F063
S214015BB035FB0B280BD80F4B4FF0140C03EB0013DF
S214015BC09A6800231C461779D9B28F4201D8002063
S214015BD0F8BD10680CFB0300017B46B911F0800F7D
S214015BE003D0AC42F4D00134E4B20133ECE711F057
S214015BF0400FF5E7944200202DE9F04F06460024B9
S214015C003A4B87B01B783A4F0093009B9C4207D2D1
S214015C10FF2E08D0304622F001FB0B28044606D999
S214015C2007B0BDE8F08F07EB04131B7B2BBB2301EA
S214015C304FF00008019307EB041A14E014221B68C6
S214015C4002FB05352B89B3F5967F01D929F004FCB3
S214015C504FF000094FF00C0B29891FFA89F2914287
S214015C600ED808F10108019B5FFA88F5FB189B68BE
S214015C701A79AA42E2D8FF2ED2D10134E4B2C4E79F
S214015C801FFA89F00BFB00F06B6819180A7912F0FD
S214015C90100F23D19AF800E012F0400F8DF80CE0B7
S214015CA0B5F800E0185AADF80EE00CBF4FF0400E04
S214015CB04FF0800EADF8120028468DF810E022F065
S214015CC06EF95307ADF81400C8780AD5022889681A
S214015CD000D90968002203A822F03DFA09F101095A
S214015CE0BAE702288CBF89680831F3E7A061002073
S214015CF094420020052370B5094A06881488B442E8
S214015D0008D19578047B2C403F2C03D90D4201D055
S214015D10506870BD013B02F10802EFD11846F8E762
S214015D20F0A0040070B50024074D084E2B78E0B2B1
S214015D30834200D870BD06EB0010437BDB0701D51C
S214015D4022F04BFB0134F1E7A061002094420020D1
S214015D50F8B50C4600210546FFF7B0FDFF2829D00F
S214015D60154A060102EB00135B7B03F001016CB1DF
S214015D7043F001031644A142737305D0C4B100B2C7
S214015D8002EB001022F029FB0120F8BD2346F1E7C3
S214015D907B4311682846CA18127BC95AD20921F0DA
S214015DA088FF0134B268E3B211799942F0D8EBE783
S214015DB01427F7E70846E8E794420020F0B5944632
S214015DC0497D20B339B3012918BF042100254FF6B8
S214015DD0FF702F462A46144E3488644511D196F832
S214015DE003E01EEA010F0CD0B4789C4209D30AB135
S214015DF0BC4206D81EF0100F03D08AB1BC420CD3A9
S214015E0070B90135072D06F10406E5D1F0BD00296C
S214015E1008BF0821D8E70221D8E727460020F0E787
S214015E2027460122FAE700BFD4A004002DE9F04F6F
S214015E300A9FBDF824E09DF82C809DF830904C7D9B
S214015E4078B394B3012C18BF04240025194800F137
S214015E501C0C068896421ED190F803B01BEA040F6C
S214015E6019D08678464516D31BF0100F91F80FA06F
S214015E7004D0BAF1000F0ED0B1F810A0BAF1000F9D
S214015E8009D1A94513D0AE4511D95E553E880135D5
S214015E9001363E80ADB204306045DAD10120BDE85E
S214015EA0F08F002C08BF0824CDE70224CDE70020A0
S214015EB0F5E700BFD4A004002DE9F04F0024B1F5AA
S214015EC07C4F0E4638BF4FF0010BA246A1464FF657
S214015ED0FF781F4628BF274B85B028BFB3F800B010
S214015EE0009001925C4503D3404605B0BDE8F08FB3
S214015EF0B6F57C4F0CD3204B3A4603EB8403314670
S214015F005B880098FFF708FE054680B300232AE069
S214015F103A463146009822F0B1F9F5E70C229CB2D8
S214015F2054436A680199105B02EB040C884219D34A
S214015F30B9F1000F01D0504514D861462846CDE985
S214015F40023222F02CF8029B60B1039A125BB9F17F
S214015F50000F03D0524501D3804503D992468046AF
S214015F604FF0010901332A899CB2A242D6D80134E6
S214015F70A4B2B7E7369E0400389E04002DE9F04F20
S214015F8091461A4600238BB08DF82020BDF850208C
S214015F908DF81C00ADF81E10ADF8242005460F46FE
S214015FA01A4604A907A8159C9DF858609DF85CA0A0
S214015FB09DF860B09DF864800493ADF8229022F0BD
S214015FC076F8049850B92B46CDE90079644A6549BC
S214015FD000F014FC86200BB0BDE8F08FBAF1000F7C
S214015FE014D18378B34206D050465D4A5E4900F02C
S214015FF005FC8D20EFE7037913F0010306D118465F
S214016000574A5A4900F0FAFB8820E4E703795B0710
S2140160102CD583685A689B6805920693807822F08F
S214016020DCFD049B0546DF782146022F03463A46EF
S21401603010D805A822F08DFD81462B463A4621460A
S21401604006A822F086FDB9F1010F01D001300DD16D
S2140160508720C0E7059822F07CFD0128F8D02B4662
S2140160603A462146069822F074FDEFE7BBF1000F91
S2140160706FD1049F4FF6FF722146B87821F02DFFAD
S21401608000286BD0BDF82430C5B20093CDE9025488
S2140160909DF82030BDF82220BDF81E109DF81C008A
S2140160A0019622F096FB002895D1BDF82430CDE963
S2140160B002540093BDF822209DF82030BDF81E1032
S2140160C09DF81C00019622F062F9002883D1214632
S2140160D09DF8682007A822F03EF800287FF47BAFE1
S2140160E0B8F1000F07D03B462046BDF81E209DF8AC
S2140160F01C1022F0D3F8BDF82430BDF82220BDF8DC
S2140161001E109DF81C000093CDE901649DF8203017
S214016110FEF7E2FABDF82430BDF82220BDF81E10C5
S2140161209DF81C000093CDE902549DF8203001969D
S21401613022F04EFBBDF82430BDF822200093BDF8B6
S2140161401E109DF820309DF81C0022F0F8F8002063
S21401615041E70020064900F051FBF8E701203AE745
S214016160C1490400CD490400F94904000D4A040060
S214016170214A04007FB500258DF80830BDF820308F
S2140161808DF80400ADF80610ADF80A20ADF80C3015
S2140161906946BDF82830099A01A80B9E009521F0A2
S2140161A086FF044630B916B1009B9B7833702046B3
S2140161B004B070BD8928FAD12846024900F01EFBBA
S2140161C0F5E700BF3E4A04002DE9F04F4FF0000A04
S2140161D0C7B0FFF701FC5FFA8AF6B04202D847B0B3
S2140161E0BDE8F08F5B4B36019A5D00205A4900F0FE
S2140161F005FB0020594900F001FB00230593554B90
S2140162009DF8144033449B681A79A24202D80AF1D9
S214016210010ADEE714224FF000091B6802FB043472
S21401622022891FFA89F39A4202D8059B0133E5E7D2
S2140162300C231FFA89F803FB08F8D4F804B029F0F8
S2140162400BF90BEB08052B79454913F0400F3BF88A
S214016250083022884FF000000093424B18BF0B46CF
S214016260414900F0E5FA2946204621F098FE074606
S21401627000283CD13D4900F0DBFA2979DFF814C14A
S21401628011F0010F3A4818BF604611F0020FAA78C4
S214016290EB7832D1DFF800C111F0100F354918BF85
S2140162A06146CDE900010020334900F0C1FA2B799F
S2140162B03BF8082013F0400F4FF0000B4FF0FD03A2
S2140162C00DF118082188CDE9023BCDE90078214877
S2140162D00CBF40238023805DFFF74CFF86280ED13C
S2140162E02649002000F08AFA09F1010998E70246DA
S2140162F02349002000F09CFABFE72249D1E7A8789D
S21401630021F03DFED8B1404622F0CBFA421C92B2B3
S21401631001234146002000F0D5F93946208801F0D6
S21401632001FA4FF6FF73984207D0174B174903EB54
S214016330C0035A68002000F061FA1549D1E7A87831
S21401634021F023FE20B1404622F0B0FA821CDEE79F
S214016350EA78DDE794420020904A04009E4A040051
S214016360684A04006D4A0400DE4A0400553B0400F6
S214016370754A0400784A0400F24A04000E4B0400F1
S214016380AF4F0400804A0400C0A10400351A04007F
S214016390C0490400724A0400884A04002DE9F04FFF
S2140163A0C7B0BDF844A10646BAF1040F0D4614461F
S2140163B01F46BDF840B163D9CDE9013B00920B46BB
S2140163C002463049002000F019FAFD230DF11709A5
S2140163D00DF118083046029322463B462946CDE980
S2140163E000B8CDF80C90FFF7C5FE0646B8B9FD22F9
S2140163F0414699F8000021F070FD0746C0B1AAF1A8
S2140164000403834238BF8926204622F007FA8EB15C
S214016410304600F01BF9304647B0BDE8F08F0090DB
S21401642023462A460020184900F0E8F90027EBE742
S2140164308926E9E7DFF85CA0BA1CBAF80030C3F198
S214016440FF039A4219DA304600F000F999F8000085
S21401645000F0FCF8BAF800900C483A464146484429
S214016460B94404F021FFAAF8009023462A46304694
S2140164700749009700F0C2F9CDE7892000F0E6F859
S2140164808926C8E71A4B0400554B040077630020A1
S2140164907C4B04002C59002010B5044C20600448A5
S2140164A0018004490A60044A136010BD5C43002061
S2140164B02A590020584300205443002030B587B0A5
S2140164C00AAC0D4654F8041B0093CDE9011413469B
S2140164D009490246094809880068059422F09EF891
S2140164E04FF48A52064B1B681880064B1B685D806A
S2140164F0DA8007B030BD00BF2A5900205C43002077
S214016500584300205443002008B410B587B009ABA7
S2140165100C4653F8041B0092CDE9011302460B49C1
S2140165200B48059309880023006822F077F84FF49A
S2140165308A52084B1B681880074B1B685C80DA8000
S21401654007B0BDE8104001B0704700BF2A590020CF
S2140165505C4300205843002054430020044A03466D
S21401656011680448044A09881268006821F02FBBA4
S21401657058430020544300205C430020044B054A46
S2140165801B6812681988044B186821F093BA00BF7B
S214016590584300205C4300205443002007B5074BB6
S2140165A01B681B880192064A12680092054A126807
S2140165B021F0E1FA03B05DF804FB00BF5843002068
S2140165C05C430020544300201FB51446064A126857
S2140165D01288CDE901430091044B05491B680968FF
S2140165E021F0A5FA04B010BD584300205C430020FA
S2140165F054430020014B1868704700BF54430020E5
S214016600024B1B6818715971704700BF5443002034
S21401661010B50024084B1C70FEF75EFC074BFF22EA
S21401662018802146064804F0AFFC064B1C80064B3A
S2140166301C605C609C6010BD816400202E590020A7
S214016640776300202C5900203059002007490B8819
S214016650FE2B9FBF064AD054581C80B29DBF0880AF
S21401666000F1FF3080180020704700BF2C59002031
S21401667077630020F8B5094F0D463B885C18FE2C61
S2140166800ADC074E0A46A4B20146F01804F0CEFC16
S2140166903C80641BA019F8BD0020FCE72C590020A3
S2140166A077630020024B034A00201A60704700BF40
S2140166B0604300203C9E0400014B1878704700BFE1
S2140166C09442002030B4044D044C002B0CBF2B46E2
S2140166D0234630BC22F00EB9DC0A04004F4C0400FD
S2140166E070B5054608460C4622F0DBF8611C0246EA
S2140166F0024B2846BDE8704022F0FCB86E530400F9
S21401670000B5037889B0069343783E2205938378D3
S21401671008490493C3780393037902934379019359
S21401672083790093C3790448008800F081F809B0A2
S2140167305DF804FBAA4B04003C590020024B0246BC
S2140167400249188800F05AB83C5900204811040044
S2140167502DE9F04705460E4617460024DFF844802B
S214016760DFF844A0DFF84490AC4201D1BDE8F087E1
S214016770B8F8000006EBC4015346082222F0BAF826
S2140167800134B8F800003FB9044AA54208BF4A469A
S214016790034900F04DF8E7E74A46F9E7C049040027
S2140167A0471104003C5900204F4C0400D1FB030064
S2140167B02DE9F0410E4E0446308822F0B3F8A8B118
S2140167C000250C4FDFF83080E3070AD518B941469B
S2140167D0308800F02DF830882A46394600F028F82F
S2140167E0002001351B2D4FEA5404EDD1BDE8F081A0
S2140167F03C590020A1370400F24804000EB417B536
S21401680005A9044651F8040B019103F0BFFA0121D2
S2140168100220054AF8F766FF044B1C8003B0BDE86A
S214016820104003B0704700BFC04904003C59002027
S2140168300EB417B505A9044651F8040B019103F0EF
S214016840A5FA034B1C8003B0BDE8104003B07047A7
S2140168503C59002013B503680446587900F032FF0E
S21401686090B923685A88032A0ED0E17C5B79CDE97A
S21401687000211649164AFFF7C1FF0121204622F0E2
S214016880F1F8012002B010BD637D012B0AD0637DB3
S21401689033B92368228A5988587921F0CBFC48B944
S2140168A0C3200AE02368228A5988587921F0CBFC54
S2140168B00028ECD0204622F037F8064B1B78002B38
S2140168C0DFD110F5807FDCD0C1B2D7E7D74B04000B
S2140168D0CF4B040078640020002970B50F491D468F
S2140168E00F4B14460CBF6E227922002808BF0B46B8
S2140168F000200C49FFF79CFF0B4E2544AC4205D106
S214016900BDE8704000200949FFF778BF31460020F6
S21401691014F8012BFFF78CFFF0E700BF104C0400C2
S214016920064C0400194C04004D4C0400DE2E0400F5
S2140169302DE9F04FC27C8BB00592427D0368002A98
S21401694014BF80224022077D0446856886895879CF
S214016950B846B3F80290069200F0B4FEA0B9059BC3
S214016960052B05D86FF02D03059A1341DB070BD5D0
S214016970B9F1030F08D0AB490020FFF73FFF012113
S214016980204622F06FF876E0E37B1BB1228A002ACC
S21401699000F0B781607D0022B0FA80F05B4203F020
S2140169A00403DFF88CB2400943EAC000ABF80020CC
S2140169B0FFF74CFEE37B1BB3208A21F02FFF8246B4
S2140169C0A07CFFF743FE059A162A00F29A81DFE8BB
S2140169D012F019009E016C005600D2016C00920163
S2140169E0D9019A01E001E701EE013901020298019D
S2140169F09801980114025802140270023901020229
S214016A009A46DDE700204B46874A8849FFF7F6FE9F
S214016A100120FFF71BFE08F10207B74229D84146BD
S214016A203246284621F037FF804623684246587989
S214016A30BBF800304946C3F1FF039BB20193238A9A
S214016A400093069B23F086FA10B11FFA87F8E2E757
S214016A50236842465879BBF800304946C3F1FF0324
S214016A609BB20193238A0093069BFFF797FC892824
S214016A70EBD121F0F1FF01200BB0BDE8F08F4FF014
S214016A80000B0420FFF7E2FDF31E0893089B9845D0
S214016A9052D3BBF1000FECD1E37B94F81480002BAA
S214016AA00CBF02220422624B1A804FF0000B042016
S214016AB0FFF7CCFD5F4608F1030A564540F29D807C
S214016AC032464146284621F0E6FE05EB08039B7850
S214016AD0F21EAA44A2EB080207905146184692B24B
S214016AE0099321F0FAF90890002879D02268099BC9
S214016AF05079CDE901A3238A49460093DDE90632A0
S214016B0021F01AFD82464A460020079B4949FFF7B5
S214016B108FFEBAF1000F55D10BF1010350464649DD
S214016B205FFA83FBFFF76AFE089B08F1030813FA76
S214016B3088F81FFA88F8BEE732464146284621F013
S214016B40AAFE05EB08039F78089B08F10301A3EB57
S214016B5008022944824692B23846099121F0BDF9CD
S214016B60079068B323680999587902970191238A97
S214016B70524600934946069B21F02EFD0746B8B1C2
S214016B800BF1010338465FFA83FBFFF75FFD5046C2
S214016B9021F044FE53464A4600202649FFF72EFEC2
S214016BA03A4600202549FFF729FE802F3FF471AFB2
S214016BB0079B08F1030813FA88F81FFA88F865E7B7
S214016BC08027DDE75046FFF741FD079821F026FEB6
S214016BD00137524600201949FFB2FFF70FFEA3E71F
S214016BE08720FFF733FD079821F018FE013787222B
S214016BF012490898FFB2FFF701FE059B052B3FF4EB
S214016C003AAF002F7FF435AFBBF1000F05D10C4929
S214016C105846FFF7F3FD8021B2E63846FFF716FD2A
S214016C2027E700BF9A0104005A4C0400A74C040051
S214016C302C590020644C0400A74B0400804C04002F
S214016C408A4C04000599A84AA84B0020152918BFAC
S214016C501346CDF80090A64AA649FFF7CFFD059B3F
S214016C600C2B14BF16200D20FFF7F0FC32462846E9
S214016C70394621F010FE059B3D440C2B0646AD78A7
S214016C8035D1192D28BF1925E37BB3B14FF6FF7314
S214016C90278A9F4211D1206832464946069B407991
S214016CA0FFF70AF9B84208D0BAF1000F05D02082E2
S214016CB08AF80000000A8AF801000020BBF800707C
S214016CC0FFF7C4FC236832465879059B4946A3F171
S214016CD0150CDCF1000343EB0C03CDE90153238AC9
S214016CE00093069B21F09CFB834BD855C1E6132DE0
S214016CF028BF1325C8E72046FDF776FB00287FF45A
S214016D00BAAE81213CE62046FDF722F8F6E7B9F156
S214016D100A0F05EB0708A6EB070A21D1DFF8DCB15D
S214016D209BF80030E3B1E37BD3B9BAF1080F17D172
S214016D3032463946284621F0AEFD88B998F8023029
S214016D4073B998F80320E22A0AD13246391D28463B
S214016D50059321F09DFD21F06AFE059B8BF800301E
S214016D60414648461FFA8AF223F0F6F800287FF4D7
S214016D7082AE002104E6F21B484692B2E91921F0E0
S214016D8047FDF3E7F21B484692B2E91921F003FDED
S214016D90ECE7F21B484692B2E91921F026FDE5E739
S214016DA0F21B484692B2E91923F0D8F8DEE72368C9
S214016DB0EE5D5879238A0137ED5D0193069B3246D5
S214016DC0494600932B4621F06AFA2A463146484640
S214016DD021F0E3FC4FE605987A1CE95DB31AA0F1B1
S214016DE01606704270410039009018BF01214846CE
S214016DF09BB22A4421F0D3FCB8E7059BEE5D112B2C
S214016E003D446F7838D11220FFF720FC0025E37B44
S214016E10B3B14FF6FF73B4F81080984510D13346DE
S214016E204A4621462846FEF7C9FF404508D0BAF132
S214016E30000F05D020828AF80000000A8AF80100B7
S214016E40BBF80080DFF8B0A0C8F1FE0292B208F1EC
S214016E500103009253444A4621462846CDE902677B
S214016E60CDF804B0FEF7E2FFBBF800300AF80800E0
S214016E700133ABF80030FCE51420FFF7E7FB0125F2
S214016E80C5E77B1C9E422CD3EF5D1D44003F18BF17
S214016E900127F31A9EB233462A4639460020FFF7E9
S214016EA01BFD00962B463A464846218A21F07BFC7C
S214016EB05CE77B1C9E4214D3EF5DF61A003F18BFB9
S214016EC001271D44B6B233462A4639460120FFF74C
S214016ED003FD00962B463A464846218A21F061FC7E
S214016EE044E70020C8E500BFC0490400554C040033
S214016EF09B4C0400A54C04007763002076640020B8
S214016F0038B54FF6FB750446A9424FF001019DF8CE
S214016F10100098BF43F40043217023816260A07281
S214016F2002230020084A0949FFF768FCE07A084B6B
S214016F3040F6CA0203EB4010FF211FF0C9FEBDE870
S214016F403840042021F01DBCB54C0400C04C0400A0
S214016F50A443002030B5054685B028B91D4905B0C3
S214016F60BDE83040FFF74ABC0024007B21F0A9FCB5
S214016F702046194A19492C70FFF740FC184BE87A4D
S214016F80FF2103EB40101FF0B4FE2046154B020113
S214016F909A5C22B901300428F9D121F02FFC6968E6
S214016FA099B1B5F908302A899B1303F002038DF8CD
S214016FB00430C2F30E03ADF806304FF6FF73ADF89A
S214016FC00830002301A80393884705B0BDE8304088
S214016FD021F07CBCEB4C0400B54C04001D4D0400B4
S214016FE0A4430020644300200948037873B9194676
S214016FF0084AD3720133042B117311705160118149
S214017000917202F11002F4D101230370704700BFA0
S214017010776400206443002008B5FFF7E5FF0023EE
S21401702005491A018A5C01EB03101AB10133042BDE
S214017030F7D1002008BD00BF6443002070B50D469F
S2140170400646FFF7D1FF0023094800EB0514A17A95
S214017050B14205D1217819B12B4400EB031070BD64
S2140170600133042B04F11004F1D10020F7E700BF2F
S2140170706443002010B50446FFF7B6FF0E4B9C4252
S21401708012D003F12002944210D003F14002944240
S2140170900ED060339C420DD10323084800EB031049
S2140170A0BDE81040FFF756BF0023F6E70123F4E7DB
S2140170B00223F2E70020F3E7A44300206443002004
S2140170C070B50024064D074E28463246002101348D
S2140170D0F8F71EF8042C05F12005F5D170BD00BFA8
S2140170E0A4430020757001002DE9F34105460C46C6
S2140170F017469846FFF790FF064640B91C4A1D49B9
S214017100FFF77CFB0224204602B0BDE8F0814FF673
S214017110FB739D420AD94FF6FD739D4204D00020B1
S214017120134A1549FFF76AFB4FF6FD75434621469C
S2140171303A46284621F063FC044600F02FFE8046BE
S21401714034B1234600200A4A0C49FFF757FBDAE719
S2140171503B462046064A0A49FFF750FB06232946C6
S2140171603046089ACDF80080FFF7CAFECBE700BF8D
S214017170B54C04002A4D0400544D0400894D04000A
S214017180B24D0400F7B506460C461746FFF744FF16
S214017190054638B9104A1149FFF730FB022420464C
S2140171A003B0F0BD21464FF48A52304621F0EFFD80
S2140171B0044600F0F3FD34B123460020064A084990
S2140171C0FFF71CFBEBE7009004233A4631462846BE
S2140171D0FFF796FEE3E700BFB54C04002A4D040016
S2140171E0DA4D0400F7B506460F46FFF715FF0546CC
S2140171F038B9104A1049FFF701FB0224204603B0B4
S214017200F0BD002240231146304621F09FFF044680
S21401721021F09AFF34B123460020064A0749FFF7BA
S214017220EDFAEBE7009001233A4631462846FFF790
S21401723067FEE3E7B54C04002A4D04000D4E04003A
S21401724073B504460E46FFF7E7FE054638B9104A01
S2140172501049FFF7D3FA0224204602B070BD00227F
S2140172602046114621F074FF044621F06DFF34B12B
S21401727023460020064A0849FFF7C0FAECE70090CB
S214017280234632464FF6FC712846FFF739FEE3E700
S214017290B54C04002A4D04003B4E04002DE9F04194
S2140172A08846107800219EB014461D46FFF7C6FE9C
S2140172B00646002800F0FD800778002F7BD0B8F83E
S2140172C00010002940F0F5800389B8F8022043F445
S2140172D00040824240F0ED80617800296BD1A2F532
S2140172E00042062A00F2E580DFE812F0A100A100C4
S2140172F0E300E3000700B8006900E3880D3DADF840
S2140173002430238915F00105ADF8263063798DF810
S2140173102830E37A03F1060214F812208DF81430AF
S2140173208DF81C2042D10BA98E46069104F10C0063
S2140173305FFA85FC9C4500F1020009D210F8018C29
S21401734010F802CC01350CEB082C2EF802CBEFE737
S21401735001EB43011A440891D2B2590001F10D0024
S2140173609A42C0B20BD025186D78205C78316944FA
S21401737000EB0520013321F84C0CDBB2EDE7B6F942
S21401738008203389002AACBF01220322C3F30E036F
S2140173908DF808206288ADF80A3005ABADF80C20F0
S2140173A0049302A9304621F015FB04E0424A434902
S2140173B00020FFF723FA38461EB0BDE8F081042D01
S2140173C002D83D4A3E49F3E72379053DADB29D42D9
S2140173D0B4F8028002D0384A3A49E9E73A4A3B4BC8
S2140173E00020002D08BF13463949334ACDF80080E6
S2140173F0FFF704FA05348DF81450B6F908300694F0
S21401740085B1002BACBF012303238DF82C303389C3
S214017410ADF83080C3F30E03ADF82E3005AB0D93F7
S2140174200BA9BFE7002BACBF06230523EDE70B2D09
S214017430C7D9D4F80200D4F8061013F4004F05AAF1
S21401744003C20CBF042203228DF82C206289C3F3E9
S2140174500E03ADF83020ADF82E30DFE7042DB0D99D
S2140174606388ADF8303023790533DBB29D4206D010
S2140174700020114A17490095FFF7C0F99BE70E4A0D
S21401748000201549FFF7BAF9B6F908203389002A12
S214017490ACBF01220322C3F30E03ADF82E3005ABB9
S2140174A00D93631D069323798DF82C208DF81430E7
S2140174B0B6E700277FE700BFB54C0400684E04001E
S2140174C0904E0400A44E040058090400C04904006C
S2140174D0CB4E0400E84E0400294F0400304BF0B5B3
S2140174E0B0FBF3F24FF4616503FB1200B0FBF5F35A
S2140174F0DCB205FB13033C25B3FBF5F3DBB2A0EBD3
S21401750004104B71C3EB0313A0EB83004FF4FA6333
S2140175100B8040F201134B8001230C711F4600249F
S2140175206425204E8871944200D1F0BD91F802C0C6
S21401753013B1BCF1020F2BD006EB0C0010F801ECD6
S214017540C87870450BBF012001300CF1010CC0B2A8
S21401755008BF81F802C0C87088780D2816D10B883C
S2140175608F7001339BB298070B8014D1B3FBF5F0F3
S21401757005FB103080B280B94FF4C870B3FBF0FC45
S21401758000FB1C339BB2B3FA83F35B090134CAE7F1
S2140175904FF01D0ED4E70023F8E70123F6E700BFFE
S2140175A08051010082A1040010B5044688B006A9E6
S2140175B0FFF794FF9DF81E300A4803939DF81D308F
S2140175C0049402939DF81C309DF81A200193BDF88F
S2140175D018300549009300889DF81B30FFF70EF917
S2140175E008B010BD3C590020424F0400026808B59F
S2140175F01188154B19805188598051791971117963
S21401760059714FF48A51D980D28812F0200F0CBFDD
S2140176100A464FF48B528169DA800C4A137831B9E5
S214017620C0880B4923F002030880137008BD43F09D
S21401763002031370074B15221846013103F0F6FCBE
S214017640002200F8012CF1E7305900208164002067
S2140176502E5900203F59002010B5184C2368587940
S21401766020F0DCFD0B2822D8154B03EB0010027B23
S214017670237F9A421BD12368428819888A4205D003
S2140176804FF6FF70814212D1120410D42279023AC9
S214017690012A06D9A37B63B9BDE810400748FFF766
S2140176A047B9198958791FF0EFFE0028F2D100205A
S2140176B010BD0248BDE81040FFF7CCB828440020B2
S2140176C09442002008B520F0A9FD0B2896BF024B76
S2140176D00020185C08BD00BF8664002008B50020A5
S2140176E021F0EFF8FF2020F0CCFD21F0EFF820F09C
S2140176F094FFFEF771F901210246064803F044FCA7
S214017700054BFF21054A0648FEF7C6FEBDE80840C0
S214017710FEF708BB86640020305900202C59002053
S21401772077630020F0B5002204464FF6FF750B4F35
S21401773090B237F830600346AE4201D12846F0BD1C
S214017740A64209D1B4F57C4FF9D307EBC3035B8896
S2140177508B42F4D00029F2D00132E9E7C0A104003F
S21401776010B50446FFF7DEFF094A034610884FF6B8
S214017770FF72934214BF074A2246BDE8104017BF66
S21401778002EBC30304495A680449FFF751B800BF26
S2140177903C590020C0A10400654F0400351A0400BE
S2140177A0034B18780130C0B2187000F07F007047A4
S2140177B0156F0020044A137818B143F001031370C3
S2140177C0704703F0FE03FAE781640020014B18704E
S2140177D0704700BF8464002038B1074B1B78012B2B
S2140177E004D1038843F0400303807047022BFCD189
S2140177F0038823F04003F7E78464002068B1074A52
S2140178001378012B07D1064B1B781370037843F0CE
S2140178101003037001E0022BF8D070478364002048
S214017820826400207FB50121264B274E19703378DC
S2140178300246D90744D42549096881B10868C18838
S2140178408D0641BF224CE18841F02001E180C188CC
S2140178504C0641BF1E48C18841F04001C1801D4D04
S2140178601D492878097840074CBFE97069701B49A3
S21401787013F00204098809D0164A194820F0A3FF1C
S214017880337823F00203337004B070BD154B1888AB
S2140178904FF6FB73984208D80B46CDE900520146D5
S2140178A00B4A204620F067F9EEE74FF6FF73CDE965
S2140178B0014200930A46074B054920F038F9E3E7F1
S2140178C00020E1E778640020816400202444002041
S2140178D03059002077630020166F00202C590020B5
S2140178E03E5900202E59002070B503790446012B1D
S2140178F00D46164631D883681B78DB0600D561B382
S214017900A37B13B9E37C0B2B27D00022144B1A80E0
S214017910637DB3FA83F35B09D800E37BABB9FEF76B
S21401792095FEA07CFEF792FE0B20FEF78FFEE07C14
S214017930FEF78CFE2846FEF789FE2046FFF756FE28
S2140179403046BDE87040FFF76DBF40F00400FEF71B
S2140179507DFE208A20F062FFE3E7002070BD00BFB5
S2140179602C590020024B0A4601461868FFF7BCBF97
S21401797024440020F0B4054618460F4B0C461B78ED
S214017980BDF81010012B0D4E01D0377827B100231A
S21401799033700020F0BC70470CB9002AF9D143B10E
S2140179A04FF65743994204D02B462246F0BC20F0AE
S2140179B0F0BE0120EEE700BF176F002085640020AF
S2140179C02DE9F04F684C4FF0000A2546844696464E
S2140179D098460F46654B664E83F800A00FCE0FC53E
S2140179E096E80F0085B085E80F00DDF83C90BDF8FD
S2140179F0383072460093394643466046CDE90194D5
S214017A0000F0DCF8DFF89081064670B90025FEF735
S214017A10FFFD16220021574803F0B6FA0023284638
S214017A20C8F8003005B0BDE8F08F534BA27CC8F80B
S214017A3000401A70514B1B78002B36D020F0F9FF0E
S214017A404F4902465046FEF7F3FE226850465379E8
S214017A5052884C490092A289FEF7EAFE504620F071
S214017A6061FF20B12368218A5888FFF779FEE37BFE
S214017A7023B10020228A4449FEF7DAFEA3680020DB
S214017A801A78E37C41490093A37CFEF7D1FE207D62
S214017A90A289A168121A01440123002092B2FEF7BE
S214017AA011FE00203A49FEF7A9FE2F48FFF79EFD7A
S214017AB02D4822F04AFA054630BBB9F1000F25D110
S214017AC02168E0880B8801904988BA1E032A009134
S214017AD08CBF002201220121E07CFFF74BFF38B961
S214017AE023685B79FF2B3AD0FFF7B6FD05468EE794
S214017AF02368DB889A06F3D40121264C1A482170A4
S214017B0020F0B0FF84F80090354680E7B9F81430CD
S214017B109B07E5D47AE75846FEF718F8824658469A
S214017B20FDF760FF88B123685046228A598820F005
S214017B3078FB50B13846FFF759FD236889F804A051
S214017B4083F805A0FFF788FD00B9284605460136EB
S214017B50FDF742FF5FFA86FB5845DCD857E700265B
S214017B60014FDFF83890F3E72844002078640020BE
S214017B70A0A104003E590020166F0020146F0020BB
S214017B807E4F0400874F0400A84F0400B44F040042
S214017B90A9020400856400202444002030590020F6
S214017BA00023054AD15C814202D31A4450787047BB
S214017BB00233DBB2F6E700BF8EA1040073B51546AB
S214017BC02E781A4616F0040F0CBF032605269E4291
S214017BD0089C08D9224A234900960020FEF70EFE8B
S214017BE0002002B070BDBDF8183021712060E3801E
S214017BF0A560A2812B7803F00103A3732B7803F011
S214017C000403002B14BF01210021E1732978C1F37D
S214017C10C00161754FF00101217518D0284620F08A
S214017C203AFE237D208202332375227D531CDBB26C
S214017C302375A95C0232D2B2A1742275EB5CE3749F
S214017C40A3899A4205D900920749054AC5E72382C6
S214017C50EBE7079B0120A36100232377C1E700BF61
S214017C60EC090400F74F0400135004002DE9F74314
S214017C700024204FDFF89C80DFF89C90E0B221F0D2
S214017C8099F9FF2805460FD12346012102201A4AF9
S214017C90F7F728FD194B013418781EF01BFC152C3C
S214017CA0ECD103B0BDE8F08346B238EA260328BF1C
S214017CB04B4601210093022057F82430104AF7F76B
S214017CC011FD002EE6DA0923E340DB070AD50D4A4B
S214017CD00D4B15F0010F18BF1A4601210220F7F7C8
S214017CE001FDD7E70A2CD5D1084A094B15F0010F3B
S214017CF0F1E700BFD8A104006C500400186F002003
S214017D0094500400455004002F50040061500400B4
S214017D105750040058090400C049040008B554220D
S214017D200021024803F030F9002008BD2C5A00203B
S214017D3008B55422FF21024803F026F9002008BDA9
S214017D40D8590020024B23F810100020704700BFBE
S214017D50D8590020002310B4074ADCB2A14203D848
S214017D605DF8044BFFF7DABF2A2BF9D032F8024B45
S214017D7020F813400133F0E72C5A0020002310B5F9
S214017D80054A994201DD2A2B00D110BD32F8024B7B
S214017D9020F813400133F4E72C5A0020024B1878E0
S214017DA000F07F00704700BF92640020034B1878F4
S214017DB00130C0B2187000F07F0070479264002056
S214017DC030B51C4600238BB0ADF82220021D92B2BE
S214017DD0012A0E9DADF82030ADF81E10ADF81C300E
S214017DE003D94FF6FF7290420FD10022CDE903521C
S214017DF0CDE90124094B01461B784FF6FF7000932D
S214017E0007AB21F0F5F80BB030BD0146CDE90153C3
S214017E101846009407AA21F007F9F4E7196F002025
S214017E2038B505464FF480500C4603F0B3FA4FF4CC
S214017E3080532860236030B940F2A511BDE8384070
S214017E40014827F0FCBA38BD83510400004870474A
S214017E500A5D0020014B1878704700BF356F00207F
S214017E60014B1888704700BFBA6E0020014B187886
S214017E70704700BF2E6F0020014B1878704700BF77
S214017E80256F0020014B1878704700BF286F00202F
S214017E90014B1878704700BF97640020014B18709B
S214017EA0704700BF97640020014B1878704700BFE9
S214017EB096640020014B1870704700BF966400203E
S214017EC0014B1878704700BF296F0020014B1888B6
S214017ED0704700BFB86E00202DE9F74F414B424A6C
S214017EE00193424BDFF844911B78DFF84481DFF8B9
S214017EF044E1DFF844C13E4F3E4E3F4D3F494048C6
S214017F0002EB431A019B524503F1200309F12009B4
S214017F1008F120080EF1200E0CF1200C07F12007C5
S214017F2006F1200605F1200501930FD10022114626
S214017F30344B324D1C78344E344B314FD0B28442E0
S214017F4003F1200346D803B0BDE8F08F304B314C27
S214017F505360002349E907432F4CDFF8E0B048E9B6
S214017F6007432E4CC2E902304EE907432C4C116000
S214017F704CE907432B4C136147E907432A4C49E96F
S214017F80050348E905034EE905034CE9050347E9FE
S214017F90050349F8201C48F8201C4EF8201C4CF814
S214017FA0201C47F8201C46F8201C46E90743019C84
S214017FB045E907B3DFF888B046E9050345E9050357
S214017FC044E907B344E9050345F8201C44F8201C9E
S214017FD0203297E743E9085643E9061743F8101C91
S214017FE00132ABE770470020904800203C6F00202C
S214017FF0D0470020B0470020904700200C570020B3
S214018000C0490400336F002045C602001048002016
S2140180109D6F0200A7B60300FD830200250F030033
S21401802001C70300E5A602005F8F03007048002029
S2140180305048002030480020F0470020553C0300FF
S214018040A16C0200002208B5074B1A605A6020F0A6
S2140180506DFF064B187020F069FF054B1870054B35
S2140180601A78054B1A7008BDAE560020F26400203F
S214018070F1640020266F0020F0640020002100B586
S21401808093B008466A460AF0FBF90146C8B90E4B9A
S2140180900E4A09930E4B0D920A930E4A0E4B0E9200
S2140180A00B930E4A0E4BCDE90F230C930D4B6A46EC
S2140180B011930AF09BFC003818BF012013B05DF83D
S2140180C004FB0120FAE700BFBBB10300997D020063
S2140180D0BFB30300C9460200A18F030099940200B2
S2140180E01FB40300E9770200084B1878112806D858
S2140180F0012809D9064BC34003F001007047A0F1DF
S214018100430358425841704700207047F4640020EA
S2140181103400020008B5064B1B78013B022B05D83C
S2140181200020FFF7E1FF0138C0B208BDFF20FCE7E1
S214018130F5640020044B00F1100250F8041B904235
S21401814043F8041BF9D17047F6640020044B03F191
S214018150100253F8041B934240F8041BF9D17047F0
S214018160F664002030B5002491B0114B0546214637
S21401817014220BA8CDE9094302F006FF102209AB31
S214018180CDE900440693CDE90452CDE90252094BEC
S21401819009490AA81DF09DFD04460AA821F07CFCA9
S2140181A01CB1A021054827F04AF911B030BD00BF27
S2140181B00024800000444004F66400200E520400AF
S2140181C070B5002490B0154B05460E461422214684
S2140181D00BA8CDE9094302F0D7FE102209ABCDE981
S2140181E0004406933146CDE90452CDE902520C4BC8
S2140181F00AA81DF06EFD04460AA821F04DFC1CB12C
S214018200BA21084827F01BF9099B102B03D0BB2184
S214018210044827F014F910B070BD00BF0024800098
S214018220004440040E52040030B50D4600218FB0C4
S214018230124B0446142209A8CDE9071302F0A4FE46
S214018240102207ABCDE90242CDE90042049329464C
S2140182500B4B08A81DF03FFD044608A821F01CFCA6
S2140182601CB1D121074827F0EAF8079B102B03D051
S214018270D221044827F0E3F80FB030BD0024800077
S214018280004440040E520400014B93F95A00704713
S214018290445600200022034B1870034B1970034B01
S2140182A01A707047076500200865002006650020E3
S2140182B02DE9F04FDFF89080064698F800300D461D
S2140182C085B0002B3AD04FF6FB73984236D84FF064
S2140182D0000B1C4FDFF874A03C7898F800305FFA6A
S2140182E08BF94B459AF8000011D9484402AA0DF1C2
S2140182F00601C0B216F028FA082229460DEB020044
S21401830003F08EF90BF1010B0028E6D14C463B78C1
S214018310A34208D198F80020631CDBB29A423B7056
S21401832004BF00233B70324629469AF800301C44AD
S214018330E0B205B0BDE8F04F16F0F4BA05B0BDE8FE
S214018340F08F00BF06650020086500200765002045
S2140183502DE9F74F06460D4614461F464FF0010B12
S214018360DFF8789003F10C0A15B903B0BDE8F08F79
S214018370102DA84628BF4FF010083A46164B5FFA54
S21401838088F152F8040B524543F8040BF9D10191D8
S2140183909AF8002011481A70002389F80F4089F8CE
S2140183A000B089F80E30FFF7DDFE324601340B4887
S2140183B00199E4B212F801CB10F8013B83EA0C03F1
S2140183C002F8013C931BDBB28B42F3D3A5EB080802
S2140183D016461FFA88F5C7E70A65002009650020DA
S2140183E02DE9F04F9046914685B00090981A029379
S2140183F083B20193009B0F46354903F10C0453F8F1
S214018400045BA34241F8045BF9D11B78314E0B7033
S21401841049233370019BF0731B0A3046B373FFF791
S214018420A1FE0221BB460D46737888EA03037370EA
S2140184304FF0000A1DE0C5F11004A9EB0A039BB238
S214018440A4B29C4228BF1C4600231FFA83FCE818EE
S2140184506445C0B21FD82544EDB2A344102D544440
S2140184601FFA84FA05D1002530460391FFF77AFEFC
S2140184700399D145DFD807EB080B25B115480391C1
S214018480FFF770FE039901294FF000050DD0012179
S214018490DDF80490CCE71BF803C016F800E00133C2
S2140184A08CEA0E0C06F800C0CFE7029B09491F4470
S2140184B0094B38461C78224602F0F6FE2A4621462B
S2140184C03846009B05B0BDE8F04FFFF741BF00BF3F
S2140184D00A650020096500203D6F002030B5407810
S2140184E00C4601284FF0110387B001F1100516D193
S2140184F0144A01A90BF002F8234601AC224618687B
S2140185005968083303C2AB421446F7D111230D4A0A
S214018510002001A90AF0F2FF002007B030BD0120BB
S214018520094A01A90AF0EAFF234601AC2246186867
S2140185305968083303C2AB421446F7D11123024AE5
S214018540E6E700BF75E4010079EB010030B50C46A3
S214018550407887B001284FF011030DBF0B4A0C4A33
S214018560012001A918BF01A90AF0C8FF234601AAE4
S21401857005AD144603CCAC4218605960224603F19F
S2140185800803F6D1002007B030BD00BF75E4010036
S21401859079EB010010B50C4688B01A230C4A01A9E4
S2140185A001200AF0ABFF21460DF10E0304F1100283
S2140185B051F8040B914243F8040BF9D11A23002019
S2140185C0034A01A90AF09AFF002008B010BD00BFB7
S2140185D024E10100F0B58BB004460D4622F062FDA1
S2140185E0A8B101A813F082FE88B1667B271D16F09C
S2140185F0020F05D00822384601A903F011F8D0B9B8
S21401860001AB46F0020603CB6060796066731A23FD
S2140186100A4A03A901200AF071FF29460DF1160343
S2140186200DF1260253F8040B934241F8040BF9D1DD
S21401863000200BB0F0BD2D20FBE700BF24E10100B8
S214018640F0B50546071D00220C463846082193B0B2
S21401865022F0BAFC6A7B0646D0070BD5687808A9D3
S21401866021F04BF9DDF83D306B60DDF841307B6081
S21401867080B10BE0910709D5D2000121384602F0FE
S214018680800221F047F9FF28687002D12D2013B02F
S214018690F0BDD6B1687801A921F0C4F89DF81C3068
S2140186A05B0604D54FF4C6710A4826F0C8FE234679
S2140186B003AD07AC2A4603CAA242186059601546A4
S2140186C003F10803F6D10020E1E708A921F015F926
S2140186D0CEE700BF8C5204002DE9F04106468AB071
S2140186E01F480F4615460024FFF730FD002C01A950
S2140186F014BF4FF05C0C4FF0360C10238846184A16
S21401870012F8010B013B8CEA000013F0FF0301F89D
S214018710010BF5D105A823F0BDFA4246102105A8A4
S21401872023F0BCFAC4B93946324605A823F01EFB2D
S2140187302A460DF1140C0DF1240E634603CB734546
S214018740106051609C4602F10802F6D114B10AB0DD
S214018750BDE8F0810124C9E72A461021E5E700BFFC
S214018760396500202DE9F04791460D46C0B09DF8C9
S2140187702041DDF828811E46DFF87CA09DF82431D3
S21401878007462246494640468AF8003002F08CFDEC
S2140187909DB12346324641463846FFF721FEB44294
S2140187A007D9A11B3B46012289B208EB0600FFF759
S2140187B0CFFD002040B0BDE8F087A11B3B4601225B
S2140187C089B208EB0600FFF7C3FD2246414668461C
S2140187D002F06AFD3246694638462346FFF700FE38
S2140187E09AF800200DEB040109EB040002F018FFD3
S2140187F00028DED02C20DDE73D6F002038B503468B
S214018800104601F1100451F8045BA14242F8045BE2
S214018810F9D104491BB1FFF7D3FC002038BDFFF79F
S21401882003FDFAE73965002030B5054689B069468B
S21401883020F06DFE6B8804ACABB122462946684633
S21401884020F005FE0E4A08AD234603CBAB4210606E
S21401885051601C4602F10802F6D10948FFF76AFC8E
S214018860002009B030BD6B46054D1A4603CAA24228
S21401887028606960134605F10805F6D1EDE700BFEB
S2140188803965002050B10B4B0B4A03F1100153F828
S214018890040B8B4242F8040BF9D17047064B054A8C
S2140188A003F1100153F8040B8B4242F8040BF9D183
S2140188B0704700BF396500201965002008B51022F1
S2140188C0024802F0B3FB002008BD00BF2965002066
S2140188D008B508461022024902F0A8FB002008BD90
S2140188E02965002010B5044686B001A9114A112356
S2140188F001200AF003FE9DF8143001A8E37023F06E
S214018900BFFD80F001000C4A01A96070112301200F
S2140189100AF0F4FD9DF8143001A8A37023F0B0FD11
S21401892080F00100207012F06DF86060002006B043
S21401893010BD00BF75E4010079EB010010B50446D7
S21401894086B01123134A012001A90AF0D7FDA378A6
S2140189509DF814209A4207D08DF814300020112378
S2140189600C4A01A90AF0CAFD11230B4A012001A9EC
S2140189700AF0C4FDE3789DF814209A4207D08DF8DA
S214018980143000201123044A01A90AF0B7FD06B0ED
S21401899010BD00BF79EB010075E401002DE9F0413F
S2140189A086B0064603A80C4614F0EEFC05460028E1
S2140189B04AD1BDF80C30980646D5102229462046E5
S2140189C002F0E2FA01A813F091FCC0B1777B06F140
S2140189D0040817F0020F06D00822404601A902F04B
S2140189E01FFE00282ED101AB47F0020703CB7060B3
S2140189F0C8F804107773238843F00803238023887C
S214018A0043F00203238013F041F8606022F04AFB32
S214018A1030B10E4B1B68A360238843F00403238008
S214018A200B4B1A68D1035EBF238843F010032380E3
S214018A30130203D5238843F400632380284606B037
S214018A40BDE8F0812D25F9E72425F7E7C048002089
S214018A50C448002010B5D0E9023253F8223090B055
S214018A601C6840226946204620F0BAFF034630B112
S214018A70224600200549FDF7C1FE10B010BD0122B7
S214018A8069460820FDF764FEF7E700BF225304009D
S214018A9070B500F0B1F800280CBF6E2279220020D4
S214018AA01349FDF7ABFE00F0A7F8F0B120F0ACFFDC
S214018AB000280CBF6E22792200200E49FDF79EFE8B
S214018AC0082200200C49FDF799FE00250B4C0C4EA0
S214018AD0234654F8042C314600200335FDF78EFE5C
S214018AE0182D04F10C04F3D170BD3F22E4E700BF5A
S214018AF05A5304007153040081530400E8490020CE
S214018B00A053040070B520F064FF044621490020FC
S214018B10FDF774FE2CB92046BDE870401E49FDF7EE
S214018B206DBE00F0BBF805461C4B62690020002AAA
S214018B3008BF1A461A492668FDF760FEA28800207B
S214018B401849FDF75BFE1849E2880020FDF756FE3E
S214018B50A388228913F010001ABF00201349144974
S214018B60FDF74CFEE26800201249FDF747FE226938
S214018B7000201149FDF742FE104A114B0020B6F5C0
S214018B80817F38BF13460F492A46BDE87040FDF77E
S214018B9035BE00BFD5530400E2530400D2220400C0
S214018BA00354040021540400425404005F5404009A
S214018BB07C5404009A540400B8540400CD530400B5
S214018BC0C3530400D654040038B5014600230C25CF
S214018BD0084A05FB03F4A0181459013404D10C22E9
S214018BE002F024FA002038BD0133082BF1D1012010
S214018BF0F9E700BFE4490020034B1878012894BF29
S214018C0000200120704700BF4B65002038B50446A0
S214018C10044D2878A04203D0214620F0BAFE2C70DD
S214018C2038BD00BF4B65002000B58FB0342200214F
S214018C3001A802F0A9F901A8EEF75CFD0598D0B1EC
S214018C4082680E4BB2F5803F34BF92B2C2F38F22D8
S214018C5041881A81028828BF41F010011A604268D3
S214018C609980DA80C268DA6002691A6142695A61DB
S214018C70027E18461A760FB05DF804FB684900209C
S214018C80054B1B7820B1012B04D80220FFF7BEBF8D
S214018C90012BFBD8704700BF4B65002010B5084C70
S214018CA0237853B920F095FE0123237028B1036879
S214018CB0B3F5817F24BF037E2370207810BD00BFEB
S214018CC04A65002070B5184B1B78012B2BD820F075
S214018CD063FE164D024616490020FDF78FFD012062
S214018CE0FFF7CEFF2E78FF2E1DD1FFF79DFFC8B1EF
S214018CF0848860223146C4F340040E482C7002F08A
S214018D0043F9602231460C4802F03EF95CB1FFF7A8
S214018D10C5FF042807D9BDE8704040F22B1107486B
S214018D2026F08DBB287070BD4B6500203E6F00207D
S214018D30F9540400E4490020844900200B5504003E
S214018D402DE9F04FDFF884928DB003AB07468846D5
S214018D50144699E8070083E80700FFF7B3FFFFF71B
S214018D609DFF944B06461D784B46012D40F07081C1
S214018D70012840F27281B7FBF0F200FB1272002A62
S214018D8000F06B818C4900228B46D1F800C0BCF103
S214018D90FF3F04D0087A6044874200F0198101320F
S214018DA0082A01F10C01F0D193E8070006AE0DF197
S214018DB0240A86E807008AE80700FFF76FFFB7FB7B
S214018DC0F0FB00FB1B7BA0EB0B094A46414606461F
S214018DD00AA809978DF82C9002F066FA00224FF047
S214018DE00C0E764902E00132082A0ED00EFB02F084
S214018DF000EB010C08580130F5D19AE807008CE821
S214018E0007006F490A7801320A70A14504DD4FF464
S214018E10E2716C4826F013FBA41B5C444F44A1B2DC
S214018E2017FA84F4B4FBF6F206FB1242C8448E1A13
S214018E3091B1A41A08EB060107A88DF82020069424
S214018E4002F032FA06A8FFF7BFFEFF2804D140F26F
S214018E50D9115C4826F0F3FAB6B2B6B10320FFF793
S214018E60D5FE802E0AD832464146574802F01CFAF3
S214018E7032463846544920F097FD05460220FFF752
S214018E80C5FE28460DB0BDE8F08F0025F9E74FF482
S214018E900E714C4826F0D3FA464B1B78012B00F096
S214018EA0E380002C36D00320FFF7B0FE802C2FD8AD
S214018EB022464146444802F0F7F9224638464249DE
S214018EC020F072FD05460220FFF7A0FEDFF8F090C5
S214018ED099F8003093B1039CFFF7E0FE374B00276B
S214018EE098461A68511C04D0197A411A521A9442AB
S214018EF024D00137082F03F10C03F2D1002DC0D185
S214018F00039B0133C1D003A8FFF75EFE0546B8E711
S214018F100125D8E72546D9E740F26D21294826F0F4
S214018F208EFA012524E0012D30D0802E2FD832462E
S214018F302549039820F038FD054628E0002DA0D1EC
S214018F400C247C4308EB04039DF814A093F808B0A6
S214018F500AEB0B03802BDFDC1B4B524604A9184699
S214018F6002F0A2F9211D5A464144504402F09CF9F0
S214018F700C2303FB07839DF814201B7A13449E429F
S214018F80D1D040F273210F4826F059FA012502206C
S214018F90FFF73CFE99F8003013B1013B89F8003029
S214018FA04FF0FF3308EB040248F80430C2E90133FE
S214018FB067E700BF3E6F0020E44900208449002097
S214018FC0496500200B550400E84800203CA2040037
S214018FD04FF00C0A0AFB02B3187AA6EB00095FFAF7
S214018FE089F9A14501D35FFA84F90AFB02FA0AF16D
S214018FF0040528444A464146584402F055F90BEB0D
S2140190000A031A7AA4EB09044A44D2B2B242A4B2C1
S2140190101A7219D103200193FFF7F8FD32460BEBC4
S21401902005015BF80A0020F0BFFC05460220FFF7A9
S214019030EDFD4FF0FF32019B4BF80A20C3E90122F8
S214019040002D7FF41EAFC844002C3FF41EAF4F44E2
S214019050104B1B78012B7FF424AFB7FBF6F306FB0E
S2140190601373002B7FF413AFE319B3FBF6F506FB7E
S2140190701535002D3FF415AF641B5B1B08EB04018F
S2140190802A4604A80393A4B202F00EF98DF81450F0
S21401909007E700BF3E6F002070B5134B1B78012B0E
S2140190A00CD1FFF70FFE0026104D55F8043C013396
S2140190B006D10336182E05F10C05F6D1002411E071
S2140190C00320FFF7A3FD55F8044CFFF7E7FD2946FB
S2140190D00246204620F068FC04460220FFF796FD73
S2140190E0002CE6D0204670BD3E6F0020E8490020E7
S2140190F070B505460C46FFF7E5FD0520FFF786FD32
S2140191002146284620F05EFC06460220FFF77EFD3B
S21401911000220A4B2C441968481C08D0A94206D3E1
S214019120A1423EBF4FF0FF31C3E9001199600332FF
S214019130182A03F10C03EED1304670BDE449002035
S214019140D0E9023253F8223010B51C68204600F0F0
S21401915095FA28B12146BDE81040024800F002BE4B
S21401916010BD00BF8955040008B5D0E9023253F896
S2140191702230186800F06CF920B1BDE808400248BA
S21401918000F0F0BD08BD00BFAB5504002DE9F0416D
S214019190D0E9023253F8221003EB82035B680F68B2
S2140191A01D789AB0642D04D96421114800F0DAFDC7
S2140191B064252A46384601A900F002F9044698B902
S2140191C00C4800F0CFFDDFF8348001AE013DA5422A
S2140191D002DC1AB0BDE8F0813919404616F8012BB9
S2140191E000F0C0FD0134F2E7034800F0BBFDF0E7F4
S2140191F0CE550400EE55040018560400055604002A
S2140192002DE9F04700252D4FDFF8E080DFF8E090EC
S2140192108CB0284603A900F0EFF810B10CB0BDE8F9
S214019220F087049B2946039A0093384600F09AFD7E
S214019230404600F097FD059910290CD810290CD846
S214019240DFE801F00F14320B340B0B0B360B0B0B54
S2140192500B0B0B0B3A0020292CD0194800F082FD8D
S21401926007E0184800F07EFD0135D2E7164800F009
S21401927079FD0699484600F075FD0799134800F0F8
S21401928071FD134800F06EFD1024DFF868A00DF1A3
S2140192901F06504616F8011F013C00F063FD14F04E
S2140192A0FF04F6D10B48DDE70B48E0E70B48DEE7A5
S2140192B00B48DCE70B48DAE70B48D8E733560400DF
S2140192C0D85604008856040098560400FE5604003A
S2140192D016570400D2FB0300A0560400A85604004B
S2140192E0B1560400BC560400D35604007756040059
S2140192F0E75604002757040010B50B4C8EB02378B0
S2140193005BB9EEF771F9014650B9012301A8237044
S214019310EEF7F0F9054B049A1A6020780EB010BDEE
S214019320034800F01FFDF8E74C650020284D00209B
S2140193302D57040000B58FB0FFF7DEFF002829D0B7
S21401934001A8EEF7D7F9059B1448198800F00AFD25
S214019350059B13485969134B002908BF194600F0AD
S21401936001FD059B1048598800F0FCFC059B0F4841
S214019370196900F0F7FC059B0D48D96800F0F2FC6E
S214019380059B0C48197E00F0EDFC0B4B0B48196849
S21401939000F0E8FC0FB05DF804FB00BF6A5704005C
S2140193A07C570400D22204008E570400A257040002
S2140193B0B6570400CA570400284D0020DE570400A3
S2140193C070B5064615460C4679B172B1FFF794FFA3
S2140193D068B121462A463046EEF796FA014618B19C
S2140193E0044800F0BFFC012070BD2120FCE71120DD
S2140193F0FAE700BFF057040037B505460C46FFF7FD
S2140194007BFFE0B1114B1B68AB421AD9CCB10021EE
S2140194102422204601F0B8FD214628461BF015FC03
S21401942088B9284601AA04F10801EEF71FFA20B10F
S21401943040F20643C01A18BF012003B030BD112008
S214019440FBE72120F9E70120F7E700BF284D0020C0
S214019450F0B593B00546FFF74FFF002845D0254BE2
S2140194601A68AA4207D829462348013A00F07AFC2E
S214019470212013B0F0BD05A8EEF73CF9284603A954
S2140194801BF0E3FB98BB049A22F4FF57C2F30C03CC
S21401949027F01F072BB14FF400532946174800F059
S2140194A061FC039E7FB125F0D7FF30464FF4005193
S2140194B0EEF7B6FA3346044606F5005650B9039B56
S2140194C0F31ABB42EFD32A4639460D4800F04AFC50
S2140194D0002406E000902A464FF40051094800F0A7
S2140194E041FC201E18BF0120C3E71120C1E701205F
S2140194F0BFE700BF284D00201E580400CC580400CA
S2140195008B5904003A59040010B5044638B1FFF7E8
S214019510F3FE30B10020044B1B68236010BD2120F0
S214019520FCE71120FAE700BF284D002010B50446DD
S214019530FFF7E2FEB0B10C4B1A68A24206D82146EC
S2140195400A48013A00F00EFC212010BD25F084FFE8
S21401955040F2C12220460649EEF748F9003818BF06
S2140195600120F2E71120F0E7284D00201E580400E4
S214019570644A002010B50446FFF7BEFE70B12146CE
S2140195800848EEF753F940F20323984208D040F218
S214019590012398420CBF0520012010BD1120FCE7D5
S2140195A00020FAE7644A00202DE9F0412D4D0446DB
S2140195B02F68FFF7A1FE002851D02968A14207D8DD
S2140195C04A1E2948214600F0CDFB2120BDE8F08146
S2140195D02648EEF7EBF8DFF894800246B0B943462A
S2140195E02E68964222D1BE4214BF3A4606F1FF3299
S2140195F012BB31461D48C8F80040EEF7B7F80146E1
S21401960000B31B4800F0AEFB0120DFE72046EEF773
S2140196108DF8044638B10146164800F0A3FB201E1B
S21401962018BF0120D2E7EDF7DDFEF8E753F8041B7B
S2140196308C42DDD00132D4E70C499200081D01F0BE
S214019640F5FCD6E729680948EEF7B0F8044610B1EC
S21401965001460948D6E7EDF7C5FE2046B6E71120D4
S214019660B4E700BF284D00201E580400444A0020DD
S214019670D1590400A7590400045A0400F8B5044659
S214019680FFF73AFE002845D0234B1A68A24207D8B6
S21401969021462248013A00F065FB21242046F8BD08
S2140196A01F4800F05FFB25F0D7FE40F2C1221D499E
S2140196B02046EEF79BF840F20327054625F0CCFE40
S2140196C0184E65B140F203239D421AD0294616482A
S2140196D000F048FB0124154800F044FBDEE725F0C6
S2140196E0BBFE29463046EEF7A1F8B84209D040F253
S2140196F00123984203D10E4800F034FBE1E705460A
S214019700DFE721460B4800F02DFB2046FFF74CFF14
S2140197100446E0E71124C1E7284D00201E58040046
S2140197203B5A0400644A00205B5A0400D2FB030043
S214019730DE2E0400735A040010B50A46044619B119
S214019740024B00211B68984710BD00BF48A20400C9
S21401975010B5114C2378580744BF23F00403237037
S2140197602378990705D500F05DF8237823F00203E6
S214019770237063781BB10023084A6360536000239B
S214019780082106486370FFF7D7FF2378DA0744BF3E
S21401979023F00103237010BD2C4D0020304D002016
S2140197A038B51A4C62782378022A01D1072B11D0DA
S2140197B0DD0712D52378980707D400F02BF8237815
S2140197C0054643F00203237080B96278237882B19C
S2140197D05A0716D50025284638BD1CF0F8F9237817
S2140197E0054643F0010323700028E3D0FFF7B0FFDE
S2140197F0F1E7D907ECD5064962604A600222627039
S214019800E6E743F004032370E4E700BF2C4D002095
S214019810304D00200122024B002083F8F0207047D3
S214019820384D00202DE9F0410A4C002526464FF020
S214019830010803272046C4F81C802776013520F04E
S2140198400EF9062D04F12804F4D1002386F8F03031
S214019850BDE8F081384D00202DE9F04F984691B0D3
S2140198600B1E0A93B44B914614BF83469B460025B4
S2140198701A9E98F8000070B94D4538BF2A464B46E7
S2140198804FF000000A9928BF09F1FF32D847284651
S21401989011B0BDE8F08F252808F1010806D02A4648
S2140198A04B460A996C1CD8472546E2E700234146F9
S2140198B011F8012B2B2A16D00AD8202A16D0232AD3
S2140198C017D0A2F13000092834D800270A2418E05E
S2140198D02D2A05D0302AF4D143F001038846E6E765
S2140198E043F00203FAE743F00403F7E743F0080303
S2140198F0F4E743F01003F1E7884604FB0722A2F1E0
S2140199003007414611F8012BA2F130000928F3D99E
S21401991098F800202E2A52D198F8011008F1010279
S214019920A1F13000092843F480633ED800244FF0AB
S2140199300A0E11E02A2A08D156F8047B8846002F21
S214019940BCBF43F002037F42E2E70027E0E702469E
S2140199500EFB0411A1F13004104610F8011BA1F111
S214019960300CBCF1090FF2D99046424612F8011BA1
S2140199706C292DD025D8682933D06A293BD0424698
S214019980904618F8010B672860D8572836D845281E
S21401999008D084D9462800F0188147287FF47FAF85
S2140199A043F4006343F0200327E12A2906D156F841
S2140199B0044B08F1020824EAE474D6E79046002432
S2140199C0D3E7742901D07A29D9D143F48073D7E734
S2140199D098F801106C29F8D143F4407308F102029B
S2140199E0CEE798F80110682902D043F08003C7E754
S2140199F043F0C003F2E743F40073C1E7A0F1580255
S214019A000F2A3FF64CAF01A151F822F0AD9A0100A2
S214019A109F9801009F9801009F9801009F98010060
S214019A209F9801009F9801009F9801009F98010050
S214019A309F980100AD9A0100199C0100AD9A0100A2
S214019A40EF9B0100CF9B0100EF9B0100A0F1690194
S214019A50C9B20F293FF623AF012249F2410C8A40D1
S214019A6012EA0C0218D10A2900F0158107297FF4A1
S214019A7016AF43F0210305930823CDE903431023D2
S214019A80CDE9012356F8043B2A46009358464B4637
S214019A900A9920F0D4F8A8E06F2800F05E8110D96A
S214019AA0782808D1102223F00C0310E0582839D06A
S214019AB0622800F054810A2223F01003642806D09D
S214019AC0F1E769284FF00A0223F01003F6D1590591
S214019AD048BF23F00103692803F4007101D064280C
S214019AE040D111B3073626F00706B24670685AF819
S214019AF0081BCDE9077300230593C30F00280293C3
S214019B0006940B46049202DA4B4260EB4000CDE924
S214019B1000304B462A4658460A9920F0D2F80546A8
S214019B205646A6E643F02003BCE7D90506F1040A2B
S214019B3004D5316805E000BFA19A030058060CD58C
S214019B403178CDE90224CDE9047300294FEAD173B7
S214019B500193B8BF4942009120E01906E9D5B6F94C
S214019B600010EEE779B1CDE907730023CDE90423B0
S214019B7006F1070A2AF0070A06940293FAE8022376
S214019B80CDE90023C5E7D80506F1040A0DD5CDE9D0
S214019B900473CDE902240191336800934B462A46AB
S214019BA058460A9920F04BF8B9E7590607D5317897
S214019BB0CDE904730023CDE902240193CBE7316894
S214019BC013F0800F18BF89B2F2E743F02003CDE906
S214019BD00173073626F007060094B6EC020B4B46D7
S214019BE02A4658460A99EAF7D3FD054641E600F0AB
S214019BF0DF00472801D143F40063CDE9017307363E
S214019C0026F007060094B6EC020B4B462A46584649
S214019C100A99EAF701FCE8E713F0020426D04FF0B0
S214019C20010A6B1C0B932A464B460A9916F8040B3D
S214019C30D84774B354460B9A21E04B4620200A9924
S214019C40D8470AEB05020AF1010A5745F5D83A1E2C
S214019C5018BF0122002A07F1FF3308BF002307F1CE
S214019C60010A1D4408BF4FF0020ADAE7A246E8E7F8
S214019C70551C4B4620200A99D8472A460134BC4237
S214019C80F6D3A7EB0A03574538BF00230B9A1A44AD
S214019C900B920B9DEDE53246002C52F8046B14BF77
S214019CA021464FF0FF310B9232463144107808B10D
S214019CB0914211D1A2EB060A13F480620C9202D0F3
S214019CC0A24528BFA24613F002030D931BD1AAEBAF
S214019CD005032A460F9308E00132E7E7531C0E936B
S214019CE020204B460A99D8470E9A0F9BD318BB42A1
S214019CF0F4D3A7EB0A03574538BF00230AF1010244
S214019D001D4403EB020AAB1B0E9304E01C464B46B4
S214019D102A460A99D8470E9BF51816F8010B28B162
S214019D200C9B002BF3D0631E002CEFD10D9B93B13F
S214019D302A46AAEB050405E0561C4B4620200A9944
S214019D40D84732461319BB42F6D3A7EB0A03574549
S214019D5038BF00231D440B9E8BE50822A3E6022292
S214019D60A1E600BF0FB41FB506AA52F8043B02A92C
S214019D700392009204484FF0FF32FFF76DFD05B0E5
S214019D805DF804EB04B07047639D03001FB50346FE
S214019D9000914FF0FF3203A90248FFF75DFD05B0C1
S214019DA05DF804FB639D03001FB5CDE90201009336
S214019DB002A9134603484FF0FF32FFF74DFD05B0E9
S214019DC05DF804FB6B9D03001FB5094B094A186833
S214019DD0094B01A91860094B1360094A0192094A07
S214019DE01268CDE902231BF099FF05B05DF804FB6C
S214019DF0606B0020003E0020043E0020546B0020D3
S214019E00DC900400E8500020014B18681BF09ABF54
S214019E10606B002038B5F2F767F80446064D2B68EC
S214019E20D3F8B002F2F754F828681BF09EFF2046DC
S214019E30BDE83840F2F74CB8606B002010B51F4CF7
S214019E40F0F728F9236F012023F0070343F00203FC
S214019E502367F0F72DF9D4F82031002023F007030B
S214019E6043F00103C4F82031D4F8403123F0030352
S214019E7043F00103C4F84031D4F8603123F0030302
S214019E8043F00103C4F86031D4F8403223F00303F1
S214019E9043F00103C4F84032D4F8003223F007033C
S214019EA043F00103C4F80032D4F8083223F0070364
S214019EB043F00103C4F8083210BD00BF0080005013
S214019EC0064B1B681A7A022A01D81AB97047032A68
S214019ED000D070471B68024A13607047646B00200D
S214019EE0E85000200022024B5A60DA601A60704780
S214019EF0EC50002008B501F037FF0022014B1A7024
S214019F0008BD00BF4D6500200A4601491FF097BFF6
S214019F1069BA04000A4601491FF091BF64BA0400F9
S214019F200A4601491FF08BBF5DBA04000A46014983
S214019F301FF085BF5ABA04000A4601491FF07FBFC9
S214019F4057BA04000A4601491FF079BF52BA040005
S214019F500A4601491FF073BF4DBA04000A4601497B
S214019F601FF06DBF48BA04000A4601491FF067BFDB
S214019F7041BA040081F0004102E000BF83F00043D3
S214019F8030B54FEA41044FEA430594EA050F08BF8E
S214019F9090EA020F1FBF54EA000C55EA020C7FEA52
S214019FA0645C7FEA655C00F0E2804FEA5454D4EBCF
S214019FB05555B8BF6D420CDD2C4480EA020281EA99
S214019FC0030382EA000083EA010180EA020281EAD1
S214019FD00303362D88BF30BD11F0004F4FEA013123
S214019FE04FF4801C4CEA113102D0404261EB410132
S214019FF013F0004F4FEA03334CEA133302D05242B8
S21401A00063EB430394EA050F00F0A780A4F1010473
S21401A010D5F1200E0DDB02FA0EFC22FA05F28018AD
S21401A02041F1000103FA0EF2801843FA05F3594193
S21401A0300EE0A5F120050EF1200E012A03FA0EFC12
S21401A04028BF4CF0020C43FA05F3C01851EBE3713C
S21401A05001F0004507D54FF0000EDCF1000C7EEB59
S21401A06000006EEB0101B1F5801F1BD3B1F5001F97
S21401A0700CD349085FEA30004FEA3C0C04F10104B6
S21401A0804FEA445212F5800F80F09A80BCF1004FDF
S21401A09008BF5FEA500C50F1000041EB045141EA61
S21401A0A0050130BD5FEA4C0C404141EB0101013C2A
S21401A0B028BFB1F5801FE9D291F0000F04BF014619
S21401A0C00020B1FA81F308BF2033A3F10B03B3F1EB
S21401A0D020020CDA0C3208DD02F1140CC2F10C027B
S21401A0E001FA0CF021FA02F10CE002F11402D8BFD9
S21401A0F0C2F1200C01FA02F120FA0CFCDCBF41EAA5
S21401A1000C019040E41AA2BF01EB0451294330BD73
S21401A1106FEA04041F3C1CDA0C340EDC04F1140450
S21401A120C4F1200220FA04F001FA02F340EA030027
S21401A13021FA04F345EA030130BDC4F10C04C4F16D
S21401A140200220FA02F001FA04F340EA030029464D
S21401A15030BD21FA04F0294630BD94F0000F83F497
S21401A160801306BF81F480110134013D4EE77FEA7A
S21401A170645C18BF7FEA655C29D094EA050F08BFC6
S21401A18090EA020F05D054EA000C04BF19461046A7
S21401A19030BD91EA030F1EBF0021002030BD5FEAEB
S21401A1A0545C05D14000494128BF41F0004130BD13
S21401A1B014F580043CBF01F5801130BD01F0004567
S21401A1C045F0FE4141F470014FF0000030BD7FEADA
S21401A1D0645C1ABF194610467FEA655C1CBF0B46D5
S21401A1E0024650EA013406BF52EA033591EA030FEC
S21401A1F041F4002130BD00BF90F0000F04BF0021E4
S21401A200704730B54FF4806404F132044FF0000516
S21401A2104FF0000150E700BF90F0000F04BF00218F
S21401A220704730B54FF4806404F1320410F00045F5
S21401A23048BF40424FF000013EE700BF42004FEAF0
S21401A240E2014FEA31014FEA02701FBF12F07F436D
S21401A25093F07F4F81F06051704732F07F4208BF24
S21401A260704793F07F4F04BF41F40021704730B52B
S21401A2704FF4607401F0004521F000411CE700BF77
S21401A28050EA010208BF704730B54FF000050AE0FA
S21401A29050EA010208BF704730B511F0004502D5FB
S21401A2A0404261EB41014FF4806404F132045FEAFD
S21401A2B0915C3FF4D8AE4FF003025FEADC0C18BFA6
S21401A2C003325FEADC0C18BF033202EBDC02C2F198
S21401A2D0200300FA03FC20FA02F001FA03FE40EA2A
S21401A2E00E0021FA02F11444BDE600BF70B54FF02E
S21401A2F0FF0C4CF4E06C1CEA11541DBF1CEA13550C
S21401A30094EA0C0F95EA0C0F00F0DEF82C4481EA73
S21401A310030621EA4C5123EA4C5350EA013518BF93
S21401A32052EA033541F4801143F4801338D0A0FB80
S21401A33002CE4FF00005E1FB02E506F00042E0FB2D
S21401A34003E54FF00006E1FB03569CF0000F18BF33
S21401A3504EF0010EA4F1FF04B6F5007F64F54074DB
S21401A36004D25FEA4E0E6D4146EB060642EAC6216E
S21401A37041EA55514FEAC52040EA5E504FEACE2EDB
S21401A380B4F1FD0C88BFBCF5E06F1ED8BEF1004FDE
S21401A39008BF5FEA500E50F1000041EB045170BD5A
S21401A3A006F0004646EA010140EA020081EA03019E
S21401A3B0B4EB5C04C2BFD4EB0C0541EA045170BD9A
S21401A3C041F480114FF0000E013C00F3AB8014F114
S21401A3D0360FDEBF002001F0004170BDC4F100045D
S21401A3E0203C35DA0C341BDC04F11404C4F12005DE
S21401A3F000FA05F320FA04F001FA05F240EA020039
S21401A40001F0004221F0004110EBD37021FA04F66E
S21401A41042EB06015EEA430E08BF20EAD37070BD28
S21401A420C4F10C04C4F1200500FA04F320FA05F087
S21401A43001FA04F240EA020001F0004110EBD37089
S21401A44041F100015EEA430E08BF20EAD37070BDF9
S21401A450C4F1200500FA05F24EEA020E20FA04F3D2
S21401A46001FA05F243EA020321FA04F001F0004181
S21401A47021FA04F220EA020000EBD3705EEA430EF2
S21401A48008BF20EAD37070BD94F0000F0FD101F021
S21401A4900046400041EB010111F4801F08BF013C5A
S21401A4A0F7D041EA060195F0000F18BF704703F098
S21401A4B00046520043EB030313F4801F08BF013D1F
S21401A4C0F7D043EA0603704794EA0C0F0CEA1355DB
S21401A4D018BF95EA0C0F0CD050EA410618BF52EA95
S21401A4E04306D1D181EA030101F000414FF000009B
S21401A4F070BD50EA410606BF1046194652EA4306A9
S21401A50019D094EA0C0F02D150EA013613D195EA1C
S21401A5100C0F05D152EA03361CBF104619460AD164
S21401A52081EA030101F0004141F0FE4141F470016E
S21401A5304FF0000070BD41F0FE4141F4780170BD5E
S21401A54070B54FF0FF0C4CF4E06C1CEA11541DBFC3
S21401A5501CEA135594EA0C0F95EA0C0F00F0A7F8C5
S21401A560A4EB050481EA030E52EA03354FEA0131F2
S21401A57000F088804FEA03334FF0805545EA131305
S21401A58043EA12634FEA022245EA111545EA1065CD
S21401A5904FEA00260EF000419D4208BF964244F164
S21401A5A0FD0404F5407402D25B084FEA3202B61A83
S21401A5B065EB03055B084FEA32024FF480104FF457
S21401A5C0002CB6EB020E75EB030E22BFB61A7546CB
S21401A5D040EA0C005B084FEA3202B6EB020E75EB5E
S21401A5E0030E22BFB61A754640EA5C005B084FEAC6
S21401A5F03202B6EB020E75EB030E22BFB61A754693
S21401A60040EA9C005B084FEA3202B6EB020E75EB9D
S21401A610030E22BFB61A754640EADC0055EA060E5E
S21401A62018D04FEA051545EA16754FEA06164FEAA1
S21401A630C30343EA52734FEAC2025FEA1C1CC0D14D
S21401A64011F4801F0BD141EA00014FF000004FF0DA
S21401A650004CB6E711F4801F04BF01430020B4F19B
S21401A660FD0C88BFBCF5E06F3FF6AFAEB5EB030C53
S21401A67004BFB6EB020C5FEA500C50F1000041EB50
S21401A680045170BD0EF0004E4EEA113114EB5C041D
S21401A690C2BFD4EB0C0541EA045170BD41F48011F0
S21401A6A04FF0000E013C90E645EA060E8DE60CEAF8
S21401A6B0135594EA0C0F08BF95EA0C0F3FF43BAF15
S21401A6C094EA0C0F0AD150EA01347FF434AF95EACC
S21401A6D00C0F7FF425AF104619462CE795EA0C0FB0
S21401A6E006D152EA03353FF4FDAE1046194622E77D
S21401A6F050EA410618BF52EA43067FF4C5AE50EA57
S21401A70041047FF40DAF52EA43057FF4EBAE12E746
S21401A7104FF0FF3C06E000BF4FF0010C02E000BF27
S21401A7204FF0010C4DF804CD4FEA410C7FEA6C5C0A
S21401A7304FEA430C18BF7FEA6C5C1BD001B050EAAD
S21401A740410C0CBF52EA430C91EA030F02BF90EA98
S21401A750020F0020704710F1000F91EA030F58BF57
S21401A760994208BF90422CBFD8176FEAE37040F0B9
S21401A770010070474FEA410C7FEA6C5C02D150EA57
S21401A780013C07D14FEA430C7FEA6C5CD6D152EA12
S21401A790033CD3D05DF8040B704700BF84461046D7
S21401A7A062468C461946634600E000BF01B5FFF7D6
S21401A7B0B7FF002848BF10F1000F01BD4DF808EDA6
S21401A7C0FFF7F4FF0CBF012000205DF808FB00BF77
S21401A7D04DF808EDFFF7EAFF34BF012000205DF8D1
S21401A7E008FB00BF4DF808EDFFF7E0FF94BF01201E
S21401A7F000205DF808FB00BF4DF808EDFFF7CEFF1F
S21401A80094BF012000205DF808FB00BF4DF808ED5D
S21401A810FFF7C4FF34BF012000205DF808FB00BF2E
S21401A8204FEA410212F5001215D211D56FF4787372
S21401A830B3EB625212D94FEAC12343F0004343EA15
S21401A840505311F0004F23FA02F018BF40427047F0
S21401A8504FF00000704750EA013005D111F000407A
S21401A86008BF6FF0004070474FF00000704700BF10
S21401A8704A0011D212F5001211D20DD56FF4787379
S21401A880B3EB62520ED44FEAC12343F0004343EACE
S21401A890505323FA02F070474FF00000704750EA19
S21401A8A0013002D14FF0FF3070474FF00000704783
S21401A8B053B94AB9002908BF00281CBF4FF0FF3121
S21401A8C04FF0FF3000F08CB9ADF1080C6DE904CE05
S21401A8D000F006F8DDF804E0DDE9022304B0704775
S21401A8E02DE9F04F099D0E4604460F46002B47D131
S21401A8F08A429446B2FA82F35AD943B102FA03FC69
S21401A900C3F120029F409C4020FA02F217434FEA0F
S21401A9101C461FFA8CFE220CB7FBF6F106FB1177DC
S21401A92001FB0EF042EA0742904208D91CEB0202F4
S21401A93001F1FF3702D2904200F23C813946121AE9
S21401A940A4B2B2FBF6F006FB102200FB0EFE44EAB0
S21401A9500244A64508D91CEB040400F1FF3202D2DA
S21401A960A64500F22A81104640EA0140A4EB0E04F7
S21401A97000211DB1DC400023C5E90043BDE8F08F8E
S21401A9808B4205D90DB1C5E9000100210846F5E75E
S21401A990B3FA83F100294FD1B342C0F0028182425B
S21401A9A040F2FF800846002DE8D0C5E90047E5E7FC
S21401A9B0002B40F0AF808A1A4FEA1C4E1FFA8CF724
S21401A9C00121B2FBFEF60EFB1620220C42EA0042E3
S21401A9D007FB06F090420FD91CEB020206F1FF3886
S21401A9E02CBF4FF001094FF00009904203D9B9F18D
S21401A9F0000F00F0DC804646121AA4B2B2FBFEF04D
S21401AA000EFB102200FB07F744EA0244A7420FD9C7
S21401AA101CEB040400F1FF322CBF4FF0010E4FF087
S21401AA20000EA74203D9BEF1000F00F0C980104600
S21401AA30E41B40EA06409CE7C1F120048B4006FA7D
S21401AA4001FC00FA01FE22FA04F7E6408A401F43A1
S21401AA5020FA04F34FEA174843EA0C031FFA87FC6F
S21401AA604FEA1349B6FBF8F008FB106649EA0646BA
S21401AA7000FB0CF9B1450ED9BE1900F1FF3A2CBF07
S21401AA804FF0010B4FF0000BB14503D9BBF1000F9E
S21401AA9000F0A2805046A6EB09061FFA83F9B6FB22
S21401AAA0F8F308FB136603FB0CFC49EA0646B445BB
S21401AAB00ED9BE1903F1FF382CBF4FF001094FF034
S21401AAC00009B44503D9B9F1000F00F0828043466E
S21401AAD043EA0040A6EB0C06A0FB028C6645434603
S21401AAE0E14602D307D1C64505D2B8EB02036CEBAB
S21401AAF0070C0138E1465DB1BEEB030266EB0906C1
S21401AB0006FA04F422FA01F3CE401C43C5E90046D6
S21401AB10002133E702FA03FCC3F1200299409C406E
S21401AB20D6404FEA1C4E20FA02F21FFA8CF7B6FB0B
S21401AB30FEF00A430EFB1066110C41EA064100FBCB
S21401AB4007F68E420ED91CEB010100F1FF382CBF2F
S21401AB504FF001094FF000098E4202D9B9F1000FFA
S21401AB6034D04046891B92B2B1FBFEF60EFB16119D
S21401AB7042EA014206FB07F191420ED91CEB0202A2
S21401AB8006F1FF382CBF4FF001094FF00009914242
S21401AB9002D9B9F1000F16D04646521A46EA0041CC
S21401ABA00FE7841A66EB030201201746FBE6023E16
S21401ABB0624421E702396244C1E664440238D3E6BE
S21401ABC06444023834E7023E6244E6E702386144F0
S21401ABD0C8E7023B3E447BE702383E445BE700BFE2
S21401ABE0704700BF2DE9F04F924685B089461E4654
S21401ABF00D46554A0390294615F8014B135D13F08F
S21401AC000803F8D12D2C7CD02B2C4ED04FF0FF31E1
S21401AC1002936FF00043CDE9001336F0100851D0CF
S21401AC2037464FEAE6783A464346DDE90001FFF744
S21401AC303FFE002383468E4618461946A44613E077
S21401AC40ACF13704A6421FDD002B09DB83457EEB02
S21401AC50010305D38E4508BF83453BD1A24239DAAD
S21401AC604FF0FF3315F801CBACF13004092CE9D9CC
S21401AC70ACF14104192CE3D9ACF16104192C03D8C9
S21401AC80ACF15704A642DFDC5A1C2FD0029A12B14F
S21401AC90404261EB4101BAF1000F03D0002B48D1CD
S21401ACA0CAF8009005B0BDE8F08F4FF0FF30029370
S21401ACB036F010086FF000432C7801F10205CDE95B
S21401ACC00003ADD1302C25D0002E3AD10A27B0464C
S21401ACD03E46A8E700FB08F307FB0133A0FB07018C
S21401ACE00B44201843EBE4710123BBE72223039AAC
S21401ACF01360BAF1000F17D005F1FF39DDE9000145
S21401AD00CEE74FF00047009301232C788D1CCDE948
S21401AD10017382E72B7803F0DF03582B0CD086B93A
S21401AD200827B0463E467EE7DDE9000105B0BDE8EE
S21401AD30F08FCDE90001DFE710276C7802353E463B
S21401AD4071E710273E466EE771BA04004AE700BF76
S21401AD5010B4044C13460A46014620685DF8044BBD
S21401AD6040E700BF946B002010B4044C13460A461B
S21401AD70014620685DF8044B34E700BF946B002061
S21401AD8020F0030110F00300C0F1000051F8043B6D
S21401AD9000F1040C4FEACC0C6FF000021CBF22FA43
S21401ADA00CF213434FF0010C4CEA0C2C4CEA0C4C01
S21401ADB0A3EB0C0222EA030212EACC1204BF51F8FA
S21401ADC0043B0430F4D0C2F1000102EA0102B2FAF7
S21401ADD082F2C2F11F0200EBD20070472DE9F04764
S21401ADE080460C464548264614F801EB10F80EC07E
S21401ADF01CF0080CF7D1BEF12D0F5BD0BEF12B0F66
S21401AE003AD0654633F010003ED04FF0FF379A46F1
S21401AE10B7FBF3F703FB07F96FEA0909002630468B
S21401AE200EE0AEF1370C63451DDD002E04DBB842A3
S21401AE3002D833D1CC4531DD4FF0FF3614F801EBA3
S21401AE40AEF1300CBCF1090FEDD9AEF1410CBCF1FD
S21401AE50190FE6D9AEF1610CBCF1190F03D8AEF1AA
S21401AE60570C6345E1DC731C1CD005B140420AB1A6
S21401AE70F6B91160BDE8F08733F0100094F800E0F1
S21401AE80654606F10204C0D1BEF1300F17D06BBB88
S21401AE900A234FF005091A4F9A46BFE700FB0AC07E
S21401AEA00126CBE722233046C8F80030002AE1D03D
S21401AEB0611EDEE794F800E00125B41CA2E72078C5
S21401AEC000F0DF00582807D083B908234FF00709A0
S21401AED06FF060479A46A1E7102394F801E04FF01F
S21401AEE00F0902346FF070479A4697E710234FF028
S21401AEF00F096FF070479A4690E700BF71BA0400D9
S21401AF00999999196AE700BF10B4044C13460A468A
S21401AF10014620685DF8044B60E700BF946B002093
S21401AF2010B4044C13460A46014620685DF8044BEB
S21401AF3054E700BF946B00200F4B70B50F4DAB422A
S21401AF40A3EB050607D0B6100024013455F8043BE0
S21401AF509847A642F9D80A4D24F082FC094B5E1B9D
S21401AF60AB424FEAA60606D00024013455F8043B4E
S21401AF709847A642F9D870BD746F0020746F002000
S21401AF80746F0020786F002070B5860747D0541E76
S21401AF90002A3ED0CAB2034601E0013C39D303F889
S21401AFA0012B9D07F9D1032C2CD9CDB20F2C05EB23
S21401AFB0052505EB054535D9A4F1100C03F1100E56
S21401AFC01A462CF00F064FEA1C1CB644C2E900557F
S21401AFD0C2E9025510327245F8D10CF1010214F0A3
S21401AFE00C0F04F00F0C03EB021213D0ACF10403A8
S21401AFF023F003030433134442F8045B9342FBD16A
S21401B0000CF003042CB1C9B21C4403F8011BA34283
S21401B010FBD170BD64461346002CF4D1F9E7034614
S21401B0201446C0E71A46A446E0E700BF88420ED998
S21401B0308B1883420BD900EB020C002A6ED06246B5
S21401B04013F801CD994202F801CDF9D170470F2AC4
S21401B0500FD8034602F1FF3C002A5FD00CF1010C29
S21401B060013B8C4411F8012B614503F8012FF9D1FE
S21401B070704740EA01039B0751D1A2F1100301F189
S21401B080200C70B523F00F0501F1100E00F110042D
S21401B0901B09AC445EF8105C0EF1100E103444F837
S21401B0A0205C5EF81C5C44F81C5C5EF8185C44F896
S21401B0B0185C5EF8145CE64544F8145CEAD101338A
S21401B0C012F00C0F02F00F0C01EB031100EB03134F
S21401B0D029D0ACF1040C1C1F8E462CF003064FEA57
S21401B0E09C0C1E445EF8045B44F8045FB442F9D13C
S21401B0F00CF1010402F0030203EB840301EB84016B
S21401B10002F1FF3C4AB10CF1010C013B8C4411F8F1
S21401B110012B614503F8012FF9D170BD704702F18B
S21401B120FF3C03469AE76246EAE700BF2DE9F04F87
S21401B13082468E463F4875461EF801BB10F80B4006
S21401B14014F00804F7D1BBF12D0F5BD0BBF12B0F28
S21401B1506FF0004904BF9EF800B005F1020E33F00F
S21401B160100010D1BBF1300F04D0002B5ED10A23A2
S21401B1701F4609E09EF8000000F0DF0058284ED078
S21401B180002B53D108231F460025B9FBF7F62846A6
S21401B19007FB16980EE0ABF1370C63451DDD002D5D
S21401B1A004DB864202D321D1E0451FDA4FF0FF359A
S21401B1B01EF801BBABF1300CBCF1090FEDD9ABF1B8
S21401B1C0410CBCF1190FE6D9ABF1610CBCF1190FBA
S21401B1D003D8ABF1570C6345E1DC6B1C0AD004B114
S21401B1E040420AB1CDB91160BDE8F08F07FB00C03F
S21401B1F00125DDE72223CAF800305AB10EF1FF31EE
S21401B2004846F0E79EF800B04FF0004905F1020EFF
S21401B2100124A4E74846BDE8F08F8146EEE71023F7
S21401B2209EF801B00EF1020E1F46ADE710231F4631
S21401B230AAE700BF71BA0400242B02D8012B00D064
S21401B24074E710B500F02EFA16230360002010BD37
S21401B25010B5242A084C1346246807D8012A05D0BD
S21401B2600A4601462046BDE810405FE700F01AFA9C
S21401B27016230360002010BD946B002010B5242A0D
S21401B280084C1346246807D8012A05D00A46014609
S21401B2902046BDE8104049E700F004FA1623036093
S21401B2A0002010BD946B0020844641EA000313F091
S21401B2B0030349D1403A23D30B6803604B684360CC
S21401B2C08B688360CB68C3600B6903614B6943611C
S21401B2D08B698361CB69C3610B6A03624B6A436204
S21401B2E08B6A8362CB6AC3620B6B03634B6B4363EC
S21401B2F08B6B8363CB6BC36340304031403ADBD208
S21401B30030320BD30B6803604B6843608B688360F5
S21401B310CB68C36010301031103AF3D20C3205D32B
S21401B32051F8043B40F8043B043AF9D2043208D001
S21401B330D2071CBF11F8013B00F8013B01D30B8873
S21401B34003806046704700BF082A13D38B07B1D02D
S21401B35010F00303AED0C3F10403D21ADB071CBFFF
S21401B36011F8013B00F8013BA4D331F8023B20F869
S21401B370023B9FE7043AD9D3013A11F8013B00F8A2
S21401B380013BF9D20B7803704B7843708B7883704E
S21401B39060467047024B014618681BF0A5BA00BF0D
S21401B3A0946B0020024B014618681BF0A0BA00BF40
S21401B3B0946B0020CAB384460B4630B50446084356
S21401B3C0800719D09CF800000C78A04212D150B327
S21401B3D0012A28D0E64603E01CEB030F23D010B366
S21401B3E01EF8010F11F8014FA2EB0E03A04203F164
S21401B3F0FF33F1D0001B30BD032A07D8E2E7043A39
S21401B40011D01EF0803F0ED1032A10D920681946AC
S21401B41053F8045BA446A0F1013E0434A8422EEA88
S21401B420000EECD0CEE7002030BD10467047A44693
S21401B4301946C7E780EA010C1CF0030F37D110F05C
S21401B440030C20F0030021F0030150F8042B08BF81
S21401B45051F8043B0ED08CF0030C6FF07F434FEA9B
S21401B460CC0C23FA0CFC51F8043B42EA0C0243EAEA
S21401B4700C0300BFA2F1013C9A4201BF2CEA020C68
S21401B4801CF0803F50F8042B51F8043BF2D04FEAF1
S21401B49002604FEA1222012828BFB0EB036F08BFF3
S21401B4A01B0AF4D003F0FF03000EC01A704710F019
S21401B4B0030F0AD010F8012B11F8013B012A28BF0F
S21401B4C09A42F4D0A2EB030070474DF8045D50F8A1
S21401B4D0042B01F0030521F0030151F8043B022D72
S21401B4E026D04DD822F07F45B5EB132FA2F1013CB3
S21401B4F02CEA020C0DD11CF0803C08BF51F8043B2D
S21401B5000AD185EA0205B5EB036F0CD150F8042B7E
S21401B510E8E74FEA13235BE03CF07F4C54D10B780D
S21401B5204FEA126554E04FEA126503F0FF034FE05D
S21401B5304FEA0245A2F1013C4FEA15452CEA020CFE
S21401B540B5EB134F18D11CF0803C08BF51F8043BF3
S21401B55007D185EA0205B5EB034F09D150F8042B54
S21401B560E6E75FEA0C4C2FD10B884FEA12452FE035
S21401B5704FEA03434FEA12454FEA134328E000BF60
S21401B58002F0FF05B5EB136FA2F1013C2CEA020CA9
S21401B5900DD11CF0803C08BF51F8043B0AD185EA66
S21401B5A00205B5EB032F0AD150F8042BE8E74FEA62
S21401B5B013630DE012F0FF0F06D051F8043B4FEA7B
S21401B5C0122523F07F4303E04FF0000020BC7047B4
S21401B5D005F0FF0203F0FF00012828BF904204BFD8
S21401B5E02D0A1B0AF4D0A2EB000020BC704700BF56
S21401B5F008B5064B044613B1002100F0AFF8044B22
S21401B6001B6803B19847204619F0A7FB5DB70100F8
S21401B61034520020002301461A46184600F048B866
S21401B620032A30B415D941EA000484460B46A40720
S21401B63004D0541E0FE0043A032A08D9194660467E
S21401B64053F8044B5CF8045BA542F4D0F1E760467E
S21401B6501946541E7AB1431E0139021901E09A4275
S21401B66009D013F8010F11F801CF6045F7D0A0EB10
S21401B6700C0030BC7047002030BC704738B5074D11
S21401B680074C2C1BA41005D0013C55F8043D9847E7
S21401B690002CF9D1BDE8384024F0E8B87C6F0020D2
S21401B6A0786F0020014B1868704700BF946B00202C
S21401B6B0F0B5264C83B006460F46256805B36C6880
S21401B6C01F2C3FDCA6B1D5F8880048B3D0F800118E
S21401B6D04FF0010C40F82420022E00EB84020CFAF5
S21401B6E004FC4CEA0101C0F80011C2F8803010D009
S21401B6F0631C002002346B6045F8247003B0F0BD73
S21401B70013491448216010B10068C1F88800104D33
S21401B710D5E7D0F8043143EA0C03C0F80431E7E773
S21401B7200D49CDE9002369B14FF48470FFF732FE6D
S21401B73040B100216C68C0E94011DDE90023C5F87D
S21401B7408800C5E74FF0FF30D8E700BFC45200209D
S21401B750385200200000000095B301002DE9F04F9B
S21401B760DFF8B49083B0D9F8006096B388460190AC
S21401B7707568D6F888706C1E2BD4013507F1800BDE
S21401B78006EB8505B8F1000F26D173682A68013BE0
S21401B790A3423BD000232B60BAB1D6F804A05FB316
S21401B7A00123D7F80011A3400B4225D0D7F8040196
S21401B7B057F8241003422BD1019890477368D9F8A3
S21401B7C0002053451ED1B2421CD1013C043D631CEE
S21401B7D0D8D103B0BDE8F08F4FB15BF824304345B4
S21401B7E0D3D0013C043D621CF3D0002FF5D1013CBF
S21401B7F0EFD3013CFBD2ECE790477368D9F8002001
S21401B8005345E0D0002AE4D01646B1E77460C3E79A
S21401B81008469047D2E700BFC4520020431E0333B8
S21401B82006D8044B984228BF1846642838BF6420BF
S21401B830704700BF40420F0038B5194B05461B68DC
S21401B8400C4603B1984744B1236833B11B680133F2
S21401B85003D0E3680BB1A3684BB91EF0ACFF002020
S21401B8604FF4C172412100F0FFF9212038BD204676
S21401B87002F04AFC00230B4A85F83C31C5E9374300
S21401B880C2E9003363694BB1074A422110684FF49D
S21401B890D272C31A5842584100F0E6F90020E5E793
S21401B8A0345500201068002098550020F8B504464D
S21401B8B023F0C3FC002607460E4B1B6893B19E6817
S21401B8C0AEB196F82420D20711D435460FCC0FC559
S21401B8D00FCC0FC523682B6096F8243043F0010384
S21401B8E086F82430384623F0A3FC3046F8BD1B68A2
S21401B8F0E4E700BFE86B002010B5044618B9054B15
S21401B900054A136010BD00F0D9FCD4F8E830002BCE
S21401B910F6D1F4E7619F0300E46B0020014B186841
S21401B920704700BF1068002008B502460868FFF798
S21401B93075FF08604868FFF771FF48608868FFF781
S21401B9406DFF8860C868FFF769FF0B69C860581CFF
S21401B95003D00B48834228BF03460B614B69581C32
S21401B96003D00748834228BF034688694B61FFF727
S21401B97055FFBDE808408861104601F07BBC00BF5A
S21401B98040420F00D0F8E0302DE9F04105460C4664
S21401B99013B1C38D8B424CD0D5F8DC30002B4BD085
S21401B9A09E68002E48D0D868002845D0013800B2DD
S21401B9B000281ADB002106E0128A591CA24217D27F
S21401B9C009B2884211DB0B1803EBD3735B1003EB50
S21401B9D0C30206EB8202B2F80EC003F1FF3EA44595
S21401B9E0EAD90FFA8EF08842EDDA2120BDE8F0811F
S21401B9F04FF6FF7299B29142F7D09BB203EBC303A5
S21401BA0006EB83062846B6F9122095F83011D5F8CC
S21401BA10F080EFF755F80746B8F1000F04D0002381
S21401BA20324628461946C047EC85C5F8E06085F8D9
S21401BA3039710020BDE8F0810E20BDE8F08100BF1D
S21401BA402DE9F04782B004460F46164601F086FE01
S21401BA50002863D14F4D2B68D4F8DCA0D4F8E080E1
S21401BA600BB1534576D04FF00009AF6001F09EFE52
S21401BA700128074665D120461EF0DCFD002851D17D
S21401BA802B68DAF80010D8F8002013B1186888423D
S21401BA906BD020461EF080FDC5E900A8D4F8F05012
S21401BAA08DF80760002D67D00022204611460DF163
S21401BAB00703A847204600F0EDFF0546B9F1000F41
S21401BAC00FD076B9D4F88C300BBB012F05D025B139
S21401BAD0314B002103205B689847284602B0BDE839
S21401BAE0F087B5FA85F040F207523321400900F09D
S21401BAF0BBF83146204601F00BFA284B05461B6879
S21401BB00414620469847D4F88C30002BDDD00022E1
S21401BB104FF40073204600F0E1FBD6E700231D4DED
S21401BB206B6098E794F82530DA07A9D5D4F89430F5
S21401BB305B05A5D51A4B0122002120461B689847B4
S21401BB409EE70021012000F001FC01F02FFE0128F4
S21401BB50FBD190E76B68002B85D0434583D1AB685A
S21401BB609F4215D04FF001097FE7696811B1096856
S21401BB70914291D059688CE794F82A1094F839319B
S21401BB803246994228BF1946204600F0D1FE91E779
S21401BB900025A2E710680020F06B0020E46B00206F
S21401BBA038550020F8B50F46054623F046FB3946C2
S21401BBB006462846FFF7E6FE044620B1304623F047
S21401BBC037FB2046F8BD01F0A7FD22463946284638
S21401BBD0FFF736FF04460028F0D128461EF02AFD5E
S21401BBE00028EBD095F8253013F001030DD0D5F8D9
S21401BBF0942052050DD5B5F82A21BA4205D0B5F8DC
S21401BC002C31DB1BB3FA83F35B09034A82F8C43099
S21401BC10D4E72346F9E700BF001E00B013B504467B
S21401BC2069461EF0CBFA20461EF00FFCFF2802469E
S21401BC3006D020469DF80010EEF7C0FF02B010BDFA
S21401BC400048FBE70080FFFF38B5044D044C054B68
S21401BC50286021601A6022F045FF38BDC8540020D4
S21401BC60EC6B0020CC54002010B550B90548064BAB
S21401BC700160064802601868054B18601868FFF7EF
S21401BC80E3FF10BDEC6B002024560020CC540020AE
S21401BC90C85400202DE9F0418AB001AC05460B4698
S21401BCA02746194A02F1200C2646106851680832C8
S21401BCB003C662453446F7D1002B08BF3B46002732
S21401BCC010681C463060384603F10C0690B95FFADE
S21401BCD087F84246284621881EF0AFFC50B94246F6
S21401BCE02846E1881EF0BAFC20B94246314628466D
S21401BCF01EF0C6FC0137032F06F1080604F1020404
S21401BD00E4D10AB0BDE8F08194BB0400F0B589B077
S21401BD1005460E461EF0C3FC044600BB01AC06F108
S21401BD200C070FCF0FC497E8070084E8070001A9A6
S21401BD302846FFF7F9FD2846311D1EF08AFE044607
S21401BD4048B92846074901F057FA044618B9284663
S21401BD5001F0C6FD044628463168FFF79BFF2046E2
S21401BD6009B0F0BD8CBB040001491EF07ABA00BFD1
S21401BD70B1D8010070B5164E032804460D46337837
S21401BD801ED023FA04F202F00102AA421DD053B1DA
S21401BD900122A240A54023EA02032B43DBB2337003
S21401BDA04BB1012070BD2DB10A4B01201B6898478D
S21401BDB03378EDE73570074B00201B689847F0E7AE
S21401BDC09A07DED003F0FC03E9E7002070BD00BF50
S21401BDD04E6500200C55002038B504460D4605F08A
S21401BDE077FD60B101F0C6FC48B9012D07D80120E6
S21401BDF01EF000FC0D4B1B6823B15B6898470C4B8B
S21401BE001C7038BD23F073FB0A4B1A68801A186041
S21401BE1021F0E2FF4FF47A72074B1B6802FB0030F9
S21401BE201EF01DFA012001F0ADFCE8E730550020B8
S21401BE30406F00200455002008550020F8B505463F
S21401BE400C4623F0FAF9104F06463B7833B1012D24
S21401BE5004D01CB90D4821F011FF3C70214628463C
S21401BE60FFF788FF0A4B04461B783BB93B782BB992
S21401BE701EF0B4FB10B1074B1B689847304623F001
S21401BE80D7F92046F8BD00BF4F650020E0540020DA
S21401BE904E650020F06B0020054A0B46117831B143
S21401BEA000211170034A0121526818781047704723
S21401BEB04F650020F06B0020124B0239012910B5A6
S21401BEC018701ED805F004FDD8B101F053FCC0B1BE
S21401BED001F034FAA8B90C4B1C6834B123689847B2
S21401BEE0BDE8104000201EF085BB1EF0B6F9074BDA
S21401BEF0186023F0FCFA064B1860204601F042FC5D
S21401BF00EEE710BD406F0020305500200855002098
S21401BF100455002038B5044680B123F08EF901217E
S21401BF200446084621F04EFB01210B4A08461AF04A
S21401BF30AFFD2046BDE8384023F07AB923F07DF9FD
S21401BF4005462146012021F03DFB01202146024AFB
S21401BF501AF09EFD2846EDE7C0910400F0B585B0C5
S21401BF6023F06BF9344D04462B7823B1334821F086
S21401BF7085FE002852D121F00BFF02AA03A91EF06C
S21401BF8017FB0346002838D01EF026FB029B98427A
S21401BF901CD100202A4B03991B682A4E9942307007
S21401BFA020D90027C91A012324482B70264A334674
S21401BFB0CDE9007723F077FA002837D1234A1378A2
S21401BFC0D90701D53178F9B1204611E01EF002FB00
S21401BFD0029B984228D0002318461949194A096835
S21401BFE0137003910121FFF7C5FE002320462B7035
S21401BFF023F01EF9002005B0F0BD20462B7023F07B
S21401C00017F9212005B0F0BD03F0FE031370002BD5
S21401C010DAD10F4B1B6898472046E9E7204623F004
S21401C02007F90E2005B0F0BD0220B3E70323204632
S21401C0302F703370F3E700BF4F650020E0540020F7
S21401C040005500203F6F002099BE01004E6500207C
S21401C0500C55002038B523F0F0F80F4D04462B7828
S21401C0609BB90E4A0E4913700E4B0F4A0F481A60C1
S21401C0700F4A5A60F0F7CEF90E490F48F0F7CAF9A1
S21401C0800E4B0F4A1A6001232B70F0F7CDFA2046AB
S21401C09023F0CEF8002038BD506500204F65002003
S21401C0A0B8BB0400F06B00205DBF0100D054002037
S21401C0B03DBE0100C0BB0400D85400200C55002032
S21401C0C015BF01002DE9F0438F7880460F2F0C46EF
S21401C0D085B003D9212005B0BDE8F08327B9012337
S21401C0E0374A00201370F6E70D784E78EDB9002E2A
S21401C0F0F0D194F90310E08803F00AF82128E9D07A
S21401C10055EA0603A088DFF8C89013D003F064F858
S21401C1104FF60403B9F8002001469A424BD1AE42CD
S21401C120334638BF2B4600262DE0082DD2D8082EE0
S21401C130D0D8DEE703F050F84FF6040501464FF677
S21401C1400500204A136E9BB2AB4208BF0346B1F509
S21401C150803FA9F800300FD90223082513668023F3
S21401C1600126C2F880302B4649084FF6FF72013986
S21401C170914228BF114608E080230126082516664D
S21401C180C2F880302B460029EFD10022029201220C
S21401C190013FFFB2009201972A4608F1F80002F02B
S21401C1A0B7FE1EB14FF48012074B5A65074BA268C3
S21401C1B01A60022394E703480266A9F80030AEE746
S21401C1C05165002000C001B800D001B81855002004
S21401C1D0C26E002010B50446D0F818210B4B4FF460
S21401C1E00061C3F8A82090F82420D20102F400626E
S21401C1F005F0D2FA94F8243013F0100F4FF40073C0
S21401C20014BF034A034A136710BD00BF001E00B0E7
S21401C210001002B8002002B8431C07D06FF0FF02DE
S21401C220034B10401A62A3F580531862704700BF93
S21401C23000E000B8F8B504460F46164622F0FDFFAA
S21401C2400546A047044620B1284622F0F1FF2046C5
S21401C250F8BD04F07FFC04220549D1F8D83E23EA54
S21401C26007033343C1F8D83E024B1A67ECE700BF19
S21401C270001000B0002002B800F01803182B0AD0F6
S21401C28003070AD440F2011310F0100018BF184635
S21401C290034B186570470020FAE70120F8E700BF56
S21401C2A0001F00B0044B1868830654BFC0F30F206C
S21401C2B04FF6FF70704700BF0056002038B1036884
S21401C2C0044A002B08BF1346034A13607047014B0C
S21401C2D0FAE700BFA9A20300FC6B002010B4D0E966
S21401C2E0544122400B4052EA030104D003495DF851
S21401C2F0044B096808475DF8044B7047FC6B002047
S21401C3000F2938B505460C460ED801F04FFA01281C
S21401C3100CD1074A2846D36B23F00F032343D3637C
S21401C3201EF0CCF9002038BD2120FCE70220FAE7F8
S21401C330001F00B0014B186C704700BF001F00B013
S21401C340014B002019647047001F00B003282DE937
S21401C350F347884655D82C4B13F800902B4B1E5CA0
S21401C3602B4B13F800A022F068FF074604F03EFBB3
S21401C370054640B100230022CDE900330120002309
S21401C380002104F079F904F039FB48B100230022BA
S21401C390CDE90033002000234FF4004104F06CF98E
S21401C3A06EB31C4BDC6C04F008041B4B3146DC649A
S21401C3B0484604F02DFC52463146484604F092FCAD
S21401C3C0164BDC646DB1164B1868D0F89410F83033
S21401C3D003F06EFA13490868FFF71EFF4FF0FF33AC
S21401C3E00B60B8F1000F04D00F4B002103205B68EF
S21401C3F09847384602B0BDE8F04722F019BF3446E8
S21401C400D3E702B0BDE8F087D0BB0400CCBB040084
S21401C410C8BB0400004000B8006000B8005000B877
S21401C42024560020F86B0020F06B00200F4A136F93
S21401C43013F0A00F15D1506F10F0040013D10C4B60
S21401C440D3F8D83E23F07F4323F0FF035BB1D368D4
S21401C450C3F30362092A07D0B2F10C0018BF01200A
S21401C4607047002070470120704700BF000002B8E7
S21401C470001000B070B50D46064620B91A4B1B6871
S21401C480A3B10E2011E001F091F9012829D1174B33
S21401C49093F90040C4F11C04641BC4F11C03002B77
S21401C4A0B8BF5B42232B0CDD212070BD81EAE1730E
S21401C4B0A3EBE173DBB2232BF6D80C4B19700020EB
S21401C4C0F3E786F8285022F0B8FE094AE402D36959
S21401C4D004F4FF2423F4FF231C43D46122F0A8FEB6
S21401C4E0EDE70220E1E700BF245600205265002058
S21401C4F000C000B818B9034B93F90000704790F9D3
S21401C500280070475265002010B504461EF092F8C8
S21401C51010B1012001F0D4F92046FFF75BFE22F0AE
S21401C5208CFE0A4A0121D2F8A030044623F02003EB
S21401C530C2F8A0300222064B08469A60054B5B689B
S21401C5409847204622F074FE002010BD001E00B061
S21401C550001002B8F06B0020064B5A6A920207D40C
S21401C560D3F8803013F4706F14BF01200020704799
S21401C57001207047004001B8F8B50E46D0F8943057
S21401C58002EA010423EA01032343C0F89430464A31
S21401C59001F00B0323EA0401D1642340A2F5805283
S21401C5A0D3647207054610D50121FFF7D5FF60B1A8
S21401C5B004F0D0FA4FF4007314F0040F14BF3B4A92
S21401C5C03B4A536204223B4B1A67F30606D514F026
S21401C5D0100F14BF00221B22374B5A6537061DD594
S21401C5E0200616D54FF40012304B1A62012203F5CD
S21401C5F08053C3F8002122F020FE0E2107460320B7
S21401C60003F09EF840F201222B4B3846DA6222F004
S21401C6100FFE214605F1F80003F04AF9F10503D5AE
S21401C620E2052AD503F05CF8B30503D5A70527D59F
S21401C63003F062F816F48C6F1DD014F4806224D0D7
S21401C64095F82530DC070CD5EA8DB5F82A319342EA
S21401C65019D0B5F82C31981A43424341174A82F84B
S21401C660C430D5F8E41028461DF01FFE8022144B76
S21401C670D864144B1A610020F8BD03F02BF8D3E7F9
S21401C68003F034F8D6E70123E8E77105E9D595F814
S21401C6902530DB07E5D5094B114683F8C4200A4B44
S21401C6A028461B689847DCE7006000B8005001B8D0
S21401C6B0006001B8002002B8004000B8001E00B0BB
S21401C6C0001F00B0000002B838550020014B186862
S21401C6D0704700BF2455002037B522F0AEFD002478
S21401C6E001230022CDE900340023054619461046F1
S21401C6F003F0C2FF022002F0E7FA064B21461C6057
S21401C700054B02205B689847284622F091FD20469B
S21401C71003B030BD2C550020F06B00202DE9FF4101
S21401C72002290D4616469846039004D1FFF7D4FF1A
S21401C73004B0BDE8F08122F080FD1E4F04463B6840
S21401C7403BB1B34205D022F073FD002321203B60AC
S21401C750EEE7194B0022C3F800803E600023012655
S21401C7604FF0000810461946CDE9006603F084FF35
S21401C770124B022083F8008002F0A6FA43462A46AE
S21401C780022003A902F0BEFA0D4B039A1A6008B9FB
S21401C7902046D8E70B4D2B689847212804D0204621
S21401C7A022F046FD0020C3E731466B680220984719
S21401C7B0F5E700BF2C5500202855002054650020C1
S21401C7C024550020F06B0020044B5B6E5B054EBFCA
S21401C7D00120034B187800F00100704700C001B833
S21401C7E0546500200A78022A11D0101F42424241A5
S21401C7F052004B781201022B0BD0191F4B424B41B2
S21401C8005B000549054842EA8312FFF713BD012282
S21401C810EFE70123F5E700BFF0FFFF00F5D70100C2
S21401C8200B78022B10D0181F434243415B004A7815
S21401C830022A0BD0111F4A424A4152000F210448D6
S21401C84043EA8202FFF7F6BC0123F0E70122F5E78F
S21401C85021D801002DE9F8430E780446042E0D4632
S21401C86090F830810BD100275FFA87F9484601F02E
S21401C8707DFD08B14E4602E00137042FF4D1304663
S21401C88001F074FD002849D094F83031B34209D143
S21401C890AA88D4F8A8309A4204D16A88B4F832310A
S21401C8A09A4238D084F83061AB883046A4F83431E7
S21401C8B06B88A4F83231AB8804F59875C4F8A830B3
S21401C8C0FF2384F82B301DF0AAFF84F82A0028469F
S21401C8D001F078FC18BB284601F03EFDF8B9D4F803
S21401C8E0E03053B194F83011414506D02046B3F9F3
S21401C8F01220EEF7E5F884F83901204601F09AFE99
S21401C9000949A4F834010123084AD1F8FC1004F1BE
S21401C910F80003F0AFFC0020BDE8F88321200C23CB
S21401C92084F83031F8E700BF001F00B0581F00B090
S21401C930F8B5054690F830010C460C28164623D06B
S21401C940FF2923D01AB14FF0FF32114B1A601DF0A8
S21401C95066FF074695F8300101F068FD844228BF5E
S21401C9600446E4B2BC4238BF3C46E0B285F82B0030
S21401C97001F002FEFF280CBF2124002416B9284628
S21401C98001F068FD2046F8BD0224FBE72124F9E703
S21401C990006C002010B590F8303104460C2B43D0C3
S21401C9A0D0F8E03080F82A10D3B3D0F8F020CAB916
S21401C9B090F839318B421BD300222046FFF7B8FF8F
S21401C9C040BB1A4B1B78022B23D8204601F032FEBF
S21401C9D017490123174AD1F8FC1004F1F80003F0B7
S21401C9E049FC16E0B0F94220B3F912309A42E3DD71
S21401C9F00022204694F83911FFF79AFF50B9C4F87F
S21401CA00E00020461DF054FB4FF6FF7398420146A6
S21401CA1001D1002010BD2046BDE81040FFF7C2B886
S21401CA20FF2380F82B30F4E70220F3E7C66E0020E0
S21401CA30001F00B0581F00B0F0B51D46144B044649
S21401CA401B780F46164685B05BB1D0F8E030E3B1EF
S21401CA5002AAB3F912300092002218F07BFF05B04B
S21401CA60F0BD02A91DF0AAFB9DF808103A46204623
S21401CA70EEF726F8014626B92A462046FFF758FF64
S21401CA80EDE72046FFF786FFE9E71846E7E700BF30
S21401CA9092930400D0F89C30012B01D100207047FE
S21401CAA070B5044665498CB01DF0EEFED4F8E06022
S21401CAB00146E58DC4F8E40026B1336813B15B681E
S21401CAC0002B71D122F0B9FB22F0B2FB0123D4F87E
S21401CAD0E4108DF80630B389D6E90120EB1A9BB233
S21401CAE000FB03225648ADF80430036800928B42DF
S21401CAF007D020461DF0D9FB80225249524BC8640C
S21401CB001A61514D00F052FE0128FBD1AB689E061A
S21401CB10F8D420469DF80620009906AB03F0E6F807
S21401CB2000283ED100F042FE0128FBD1464A136F91
S21401CB30D801FCD493689906F9D4684606A903F08F
S21401CB408DFA054668BBE28D404B5A6494F8243052
S21401CB5060F3410384F8243000F0EEFFD4F8E030AF
S21401CB605969431E0E68DBB2FD2B029622D9F31CCF
S21401CB7034D84B68FF2803935ED10126DA1C25D8EA
S21401CB80024602A920461DF0A8FDE6B9D4F85431A4
S21401CB9099053FD494F8243043F0020384F82430F6
S21401CBA011E002200CB070BD1A68032A8AD99B6A6C
S21401CBB05B0E8EE74B6801280393DED002462046C3
S21401CBC002A91DF08AFD00200CB070BD0133204B78
S21401CBD05B6816D0DA1C23D80393D1E71C4B0136C9
S21401CBE01B6818BF0126DD1C06D802934B68FF2878
S21401CBF00393C3D00020C3E7FF284B6819D00393E3
S21401CC00C3E7DD1C0FD80246204602A903931DF098
S21401CC1064FDBBE720464FF480311DF0E6FED2E707
S21401CC20FF28B2D1E6E7FF28B0D10022204602A9AC
S21401CC30EDE701200393A1E72A46C0E7FC1F00B0F9
S21401CC4014550020001F00B0000002B8008001B893
S21401CC50086C002010B50C4619B11DF0EBFC00B1B4
S21401CC600434204602F0B8FA024B4042C3F8C80E1C
S21401CC70002010BD001000B0838E70B593420C46A4
S21401CC8015461CD3836C8B4208BF002422F0D5FACC
S21401CC904FF49C530B490646CA68C2F30362D3405D
S21401CCA0DA0702D50B6F9B0304D4012229462046DE
S21401CCB001F016F8304622F0BBFA002070BD2120A4
S21401CCC0FCE700BF000002B82DE9F84F06461546FE
S21401CCD00B4611B92120BDE8F88F002AFAD00329A6
S21401CCE005D8002201F05EF903460028F2D01C8820
S21401CCF09978B4F5804F01F0070080F0C580A0F167
S21401CD00070C1A7993F805A0DF88DCF1000343EBE2
S21401CD100C0305282B7394BF0023C1F30013C1F342
S21401CD20801C6B738B0985F810C003F00203C1F3F6
S21401CD30C00C43EA0C03C1F340116B74A974AF82B3
S21401CD40002A40F0828096F81E31013BDBB2EB747C
S21401CD50D6F89430DF0600F18380063801287FD8A4
S21401CD60B6F81280F76908F1FF38484B083C04EA28
S21401CD7008045B6D3B5D0134802B0EBF6FF07F03B3
S21401CD80323B5BB2AB730023AB6096F8279004EAA4
S21401CD900804B9F1000F61D1631D03EA08035A1CA8
S21401CDA002EA0802BA5CFB5C43EA0223D9040FFAE2
S21401CDB083FB4CD5D6F8E43013B11B68022B05D89B
S21401CDC041F24D724C210020FEF74EFFD6F8E420CA
S21401CDD0CBF30B0392F82420DB000AB1B3FBF2F38A
S21401CDE09A4508D83BB1CAEB0A2ABAFBF3FA6FEAAE
S21401CDF00A0A5FFA8AF9D6F8EC3023B1484695F963
S21401CE000E1098478146631C85F80F9003EA0803C5
S21401CE10F95C013303EA0803FA5C013303EA080309
S21401CE2041EA0221FA5C013303EA0803F85C41EAAD
S21401CE300241002341EA00616A7C304603F0D8FAD9
S21401CE4006232860AB71002045E7531E7EE717F8DE
S21401CE5004904FEA49095FFA89F9CCE79946D2E787
S21401CE6000230020EB730A4B5A69C2F3072312040E
S21401CE7048BF63F0FF035AB212F1800F1CBF323B6A
S21401CE805AB2AA730346DCE7022024E7004000B842
S21401CE9000C000B838B5148811F003054FEAC40481
S21401CEA022D13F2C20D9B4FA84F4C4F11903DBB2A1
S21401CEB0052B01D8192C15D0052B28BF05230124D5
S21401CEC00633DBB29C40C4F3CF0313800382816137
S21401CED0448700F02DFF054A631E2343C2F8A430A1
S21401CEE0284638BD2B46EAE72125F9E7001E00B0A3
S21401CEF011F5004F1FBF01F30E01044BC1F30E01E4
S21401CF00002014BF99642120704700BF008001B83B
S21401CF10F8B504460E4619B990F824305A063FD49F
S21401CF204FF6FF73618ED4F8E470994204D0314B0A
S21401CF301B680BB1204698472F4D2B68BB424DD03E
S21401CF402E4B1B683BB11FB13A68002A48D0BF6818
S21401CF503946204698470727204601F06BFB002EEE
S21401CF6032D006270126264B94F9282093F9003063
S21401CF702449C3F11C039B1ACA69DB0222F4FF226F
S21401CF8003F4FF231343CB61D4F8E4301E4A2B602D
S21401CF901E4B976720461E701DF090FB0020F8BDC3
S21401CFA04FF6FF71144DD0F8E4702A6866F38613C5
S21401CFB09742418680F8243017D0104B1B68002B0F
S21401CFC0C1D101F037FB072711493B46114AD1F879
S21401CFD0FC1004F1F80003F04DF9C2E70127BBE7A6
S21401CFE01746204639469847B5E701F023FB012747
S21401CFF0EAE700BF20550020145500201C550020EC
S21401D0005265002000C000B8006000B853650020DB
S21401D010001F00B0581F00B0054A12681AB190F8F8
S21401D0201E1119B91047084602F0AABB01487047FD
S21401D0301055002000FEFFFF344B2DE9F7431C6816
S21401D04001F4007900F00103174653EA0902064687
S21401D0500D4635D04FF000083BB3002300220021D7
S21401D0600120CDE9008803F007FB042001F02CFE27
S21401D07041462046FFF7D0FF012241462086104652
S21401D0801CF0C8FFD4F8941004F1F80002F010FC6C
S21401D0901F490868FFF7C0F84FF0FF330B6094F89C
S21401D0A0243043F0040384F82430B9F1000F07D08C
S21401D0B0012120461DF099FC25F4007506430D4319
S21401D0C02B4632462046FFF709F9FB070FD51149D3
S21401D0D0114A086800211368116001210F4A117076
S21401D0E003B198470E4B002102205B68984717F062
S21401D0F00E0F08D04FF409723B21002003B0BDE8A3
S21401D100F043FEF7B1BD03B0BDE8F083245600201E
S21401D110F86B0020285500202C550020546500206F
S21401D120F06B002008B5482200210248FDF72CFFCD
S21401D130002008BDDC1E00B073B578216422A0F87B
S21401D140141182210C23C0E94112C0E94322C0F820
S21401D150002107224FF0FF35002680F830314FF6C8
S21401D160FF730446C28700F14C0282641E4AC385DF
S21401D170A0F8403080F82C3043864263038780F85D
S21401D1802860C0F8A850458580F8265003F03EFC7C
S21401D1902046FFF7C7FF94F928102046FFF76AF9E3
S21401D1A0602340F6FF71114A2046D36402F11C4207
S21401D1B0D162D1650E4A2946D36440220D4B1A67C7
S21401D1C0D4F89420FFF7D8F90E230022CDE90033D6
S21401D1D040F202231046194603F04EFA01F0E2F837
S21401D1E0304602B070BD00BF4000FFFF004000B8EF
S21401D1F0005000B8002002B810B50C46FFF792FFA9
S21401D200BCB1A378082B16D8E278082A13D843EACB
S21401D210021313F0FF030CBF19466168074AC2F8F0
S21401D220DC10217882F82011617882F8233182F8A7
S21401D2302111002010BD2120FCE700BF001E00B018
S21401D240012A10B512D8032B10D803EB8202012352
S21401D250074C934094F82201DBB221B1034300202E
S21401D26084F8223110BD20EA0303F8E72120F9E70C
S21401D270001E00B0034670B50C68B0F834210134C6
S21401D28008BFD3F800418D6808BF0C604C68F830C1
S21401D290013404BFD3F80C414C606E1C3CD1D3F86A
S21401D2A00841CE688C60751C3CD1D3F804510E69D8
S21401D2B0CD60013604BFD3F8F8600E614E690136C1
S21401D2C004BFD3F8FC604E618E69013604BFD3F803
S21401D2D010618E618E695EB35A32B24238BF3246F1
S21401D2E00E688A6116B15A2E38BF5A26C3F808410D
S21401D2F04C68C3E94065C3E943420A69C3F8F820AC
S21401D3004A690C49C3F8FC20D1F8FC1007230A4AE5
S21401D31002F0B0FF002070BD02F15A04AC4238BFE3
S21401D3202C46BEE702F17805B54238BF3546BEE762
S21401D3306422D5E7001F00B0581F00B070B521F079
S21401D3407CFF04460B4E00F031FA012805D020463A
S21401D35021F06EFF0225284670BDF36813F0706F4A
S21401D360C3F30365EFD1B36ADB06ECD5204621F0A3
S21401D3705FFFF0E7000002B838B521F05EFF4FF618
S21401D380FF710A4A13888B4203D121F051FF0E2008
S21401D39038BD074C074D1B046566A4F580546366CB
S21401D3A0118021F045FF0020F2E700BFC46E002087
S21401D3B0006001B80000FFFF2DE9F74304460F4661
S21401D3C015461E46FFF732F830B3A38A23B320462C
S21401D3D01CF036FF78B9002E40F0F280794BD3F876
S21401D3E0D83E03F03002102A00F0EA8003F0C003B2
S21401D3F0402B00F0E580DFF80082D8F81430D9071A
S21401D40040F1DE8021F019FF0646032001F058FDA9
S21401D41030B1304621F00CFF022003B0BDE8F083A6
S21401D420D8F8142012F00608F3D1304621F000FF98
S21401D430644B4FF400612046D3F8D89ED3F8AC6E07
S21401D44004F0BEF940B14FF4007201215E4B08466C
S21401D4501A6742461CF0DEFD94F82530DA0707D538
S21401D460D4F894305B0542BF4FF40022574B1A673D
S21401D47039462046FEF796FB524BC3F8D89EC3F8B2
S21401D480AC6E0028C9D194F82430980601D4002D3A
S21401D49057D0C5F3400003F023FB022315F4807F29
S21401D4A01BBF0021494A484A136717BF484A1367FA
S21401D4B05161136303F04EFB4FF4806315F0040FC4
S21401D4C014BF444A444A15F0400F53624FF0040219
S21401D4D03D4B28461A674FF0400314BF3F4A404A67
S21401D4E0C2F88830FEF7C8FE20461CF0D3FF38B1DC
S21401D4F04FF4807315F0010F14BF344A324A136794
S21401D500A90647D54FF6FF72B4F8403093420FD0C4
S21401D510344A3549526E100CC2F301120132B3FB84
S21401D520F2F308802B4A2C4930481B0448665366A0
S21401D530003D18BF012594F8243065F3451384F89F
S21401D540243020461DF076F8F0B120461CF0A2FFEC
S21401D550D0B14FF40031204604F032F9431C0322C7
S21401D5609BB2234801A91DF01DF99DF8042002F085
S21401D5700703052B9DF8053015D112070DD443F48A
S21401D58080731C4AC2F8B830002003B0BDE8F043EF
S21401D5901DF015B9FFF7F0FECAE713F0040F09D125
S21401D5A09DF80630EBE703F03002202A05D113F090
S21401D5B0010FF4E74FF48073E3E79DF80630E0E7E8
S21401D5C00E202AE7001000B0002002B8001002B8B2
S21401D5D000400054005001B8006001B800D000B807
S21401D5E000E000B8004001B8C46E00200000FFFF54
S21401D5F008400054001E00B000C001B82DE9F341F8
S21401D6000646884615461F4621F017FE04460320A7
S21401D61001F056FC38B1204621F00AFE0E242046C1
S21401D62002B0BDE8F081042001F04AFC0028F2D1E6
S21401D630204621F0FDFD01232A4641463046FFF7EC
S21401D640BBFE04460028EAD1DFF8C8805FB388F83D
S21401D650000039463046FEF735FD00284CD198F8D3
S21401D6600030012B1CD02022244B1A67244BDB6C84
S21401D670B3F5817F1FD201201DF0E2F821F0DDFD18
S21401D680204B06461B680193CBB901F093FC15F0BD
S21401D690800526D101F0E0FC284603F0F5F925E0E7
S21401D6A003F008FABBE798F80030012BF8D0002BFE
S21401D6B0D9D12124B3E78022134B1A61DBE704207A
S21401D6C001F002FB00230122042001A901F01AFB4C
S21401D6D00028DAD103F056FA2124304621F0A8FDBD
S21401D6E09DE70022094B9A6701F0B6FC084B012121
S21401D6F05B6800209847F0E7044690E7001002B800
S21401D700001F00B018550020000002B800C001B884
S21401D710F06B00205165002008B50C4BD3F84C1176
S21401D7204B1C12D011F080410FD1094B1B6813B16D
S21401D7300320FEF70BFE4FF080624FF40071054B9D
S21401D740DA67054AD16201225A6108BD0080E00FFE
S21401D75024560020001002B8004000B84FF4002202
S21401D760034B186F03F500531A67C0F3C0407047A8
S21401D770000002B8024B586900F00100704700BF74
S21401D78000C001B8084B5A69D10707D508B901F09E
S21401D79077BA5B69DA0706D401F064BA5B69DB071E
S21401D7A001D40028F8D1704700C001B80F4BDB68E0
S21401D7B0C3F30363013B0B2B0FD8DFE803F0060628
S21401D7C00C06060606080A08080802207047042008
S21401D7D070470520704703207047054B5B6913F0BF
S21401D7E0060F0CBF01200420704700BF000002B8DE
S21401D7F000C001B8094AD368C3F303630B2B08D0F2
S21401D8006FF49050184100F0010080F001004000D4
S21401D8107047106F10F48030EDD17047000002B8E9
S21401D8200C4AD368C3F30363062B07D8042BD8B27C
S21401D8300BD8C31E5842584140007047072B06D1EB
S21401D840D2F830010028ECD1704702207047002042
S21401D850704700BF000002B8094BDB68C3F30363DF
S21401D8609A1E012A8CBF00220122012B02701EBFC4
S21401D8704FF4026222FA03F303F001030B707047C0
S21401D880000002B8094AD368C3F30363032B01D02F
S21401D890072B08D1536FDB0605D4906F80F0080084
S21401D8A0C0F3C00070470020704700BF000002B8F8
S21401D8B0024B002219681CF09EBE00BF34BC040057
S21401D8C0024B1B6803B11847704700BF4455002040
S21401D8D0024B1B6803B11847704700BF4055002034
S21401D8E010B5FF224FF6FF7104461CF0A6FE68B97C
S21401D8F0FF224FF6FF7120461CF0B0FE30B92046DD
S21401D900BDE81040FF2202491CF0BABE10BD00BFA0
S21401D910D8BB04002DE9F0411C46184B05461E688D
S21401D9200F46904646B1306801F01CFEF3681BB105
S21401D930B368186801F016FE114B1B682BB1DA6844
S21401D9401AB19B68186801F00DFE9DF8183064073F
S21401D95044EA08425B0503F0BC6342EAC7621A4325
S21401D9602846084942F4C87203F016FF00222846EA
S21401D9701146FFF781F90020BDE8F08130BC0400B4
S21401D98034BC04009007E12D08B5FFF77BFF88B192
S21401D990094BDA6912030DD5186F10F4003009D15E
S21401D9A09B6F13F0100F4FF010030CBF034A044A8D
S21401D9B0936708BD0220FCE7000002B8001002B819
S21401D9C0002002B838B50446F8B1124AD3691B03E1
S21401D9D01DD5556F104BC5F38115032DB3F8B43023
S21401D9E00DD10822083B9BB221460C481CF0DAFEFA
S21401D9F00020084B25729B6F1B0A637238BD022DEF
S21401DA0005D1023B2A469BB2EEE72120F6E702202B
S21401DA10F4E700BF000002B8001E00B03840005412
S21401DA20431EDBB2FD2B14D9FF280B6801D14A68CF
S21401DA30134313F0802F1EBF42F20102074BC3F8B7
S21401DA40282251F82020054BC3F85022C3F854224F
S21401DA5070470128F5D10023E9E700BF004001B86F
S21401DA60F0B585B06D460E460F4B074614460FCBF4
S21401DA7085E80F000D4BD3F848020090D3F84C22EE
S21401DA8001923EB1631EDBB2FD2B0AD93060FF2C3A
S21401DA9000D172602246294638461CF01EFE05B0AB
S21401DAA0F0BD012CF4E700BFE0BB04000080E00FEE
S21401DAB0F0B585B06E460D4B07460D460FCB86E892
S21401DAC00F0000F039F831460446024638461CF08D
S21401DAD07DFF4DB140B9FF2C1BBF04AB03EB8404A3
S21401DAE0009B54F8103C2B6005B0F0BDE0BB040071
S21401DAF030B50C4B0546187085B0082380B90A4A24
S21401DB00C2F8FC3351B96C46084B0FCB84E80F00C2
S21401DB10074B2A4621461868FFF7A2FF05B030BD1D
S21401DB20044AEDE7416F0020001002B8F0BB040084
S21401DB3024560020002002B8014B1878704700BF19
S21401DB40416F0020124BD3F8E020D2031ED54FF4CC
S21401DB5080321049C1F8E020A1F58051C1F8EC20CF
S21401DB601A6CD1B2C2F30722C3F88010C3F8802022
S21401DB700422C3F880200022C3F88020C3F8802046
S21401DB80C3F88020C3F88020C3F88020704700BF08
S21401DB900040005400600054F0220A4B01219A64B0
S21401DBA0A022A3F580539A64074B826CC3F8C01079
S21401DBB0FC21C3F89810C3F89C204FF40052C3F818
S21401DBC0BC207047006000B800400054F8B50D4610
S21401DBD01746064621F031FB01230421084C094A69
S21401DBE02363A760E6602561C2F8E010064AC2F822
S21401DBF0843121F01DFB0DB102232363F8BD00BF64
S21401DC00004000540060005400E100E00222024B94
S21401DC1058611A63704700BF004000540122044B4C
S21401DC201A6640F6FF729963D863DA65704700BFDB
S21401DC30004000542DE9F04F042A05460B4683B0F8
S21401DC4039D901260978141F81615A7803F104092C
S21401DC5082619A788261DB7883610368D0F808B0C4
S21401DC6003F0070306339E4006F1FF3A0AEA0B0863
S21401DC704768A6EB0802944247F000570ED849467B
S21401DC80224607EB0800FDF70FFB46EA0A0604EBFF
S21401DC900B023240AA6003B0BDE8F08F494607EB9D
S21401DCA008000192FDF700FB019A384609EB0201D4
S21401DCB0A21B4244E7E7013A032AECD8DFE802F068
S21401DCC00B08050213F8012B826113F8012BAA61D8
S21401DCD013F8012BAA611B78AB6103B0BDE8F08F86
S21401DCE038B50C46154601460F4B60B101220F4868
S21401DCF0C3F8C0202246FFF79DFF1DB104220A4B40
S21401DD00C3F8C02038BD64B1D3F8A420A24284BFB2
S21401DD100122C3F8C0200222C3F8A040C3F8C020E5
S21401DD20EBE70122FAE700BF004000549840005498
S21401DD3038B5044621F081FA01211A4A638F054657
S21401DD4011663BB3B3FA83F3C3F11903DBB2A069DF
S21401DD50C2F8901093660723D066C2F88C304FF451
S21401DD60A02302F50052C2F8E030A2F58052C2F8B4
S21401DD70EC3000220C4B1A600C4B1B6F5B0209D572
S21401DD804FF480020A4B04F1F8001A67D4F8941095
S21401DD9001F08EFD4FF4E0232846E363BDE83840EA
S21401DDA021F046BA0040005448550020000002B851
S21401DDB0002002B82DE9F84305460C46B1B1D0F86B
S21401DDC01880478F21F039FAB5F83CC0791E01EA70
S21401DDD00C0323F00702032C0646DFF8F8E0424462
S21401DDE05CD1DEF8004024B921F022FA0E20BDE80D
S21401DDF0F88324F00104DEF8000020F00100A042C0
S21401DE0051D10023CEF80030238894426FEA434371
S21401DE106FEA534323803CD1EB8F08EB0709184682
S21401DE20083880B202F108044C4528BF4446082849
S21401DE3004D9B4F800E0BEF5804F3ED263440F43E8
S21401DE401B1A3B409BB2AB87E887118894781C4A23
S21401DE50C1F30C0151645367C2F88C004FF4802261
S21401DE60184B04F00704C3F8E0200122164BC3F850
S21401DE708421FFF767FE042C0BD14FF48002134B6D
S21401DE8005F1F8001B6F124B1A67D5F8941001F0D4
S21401DE900FFD304621F0CCF90020A8E7601E0128CE
S21401DEA098BF1446A7E7E88F4344E31A48BFDB1937
S21401DEB008389842A8DC304696E72246B0E700BF0D
S21401DEC0004000540060005400E100E0000002B889
S21401DED0002002B848550020144B10B51968CA8FA7
S21401DEE08B8F488F13440138073B8C69034023F01E
S21401DEF007031C4402F108030D4A9BB2CB87C2F804
S21401DF008C304FF480220B4BC3F8E02001220A4BE1
S21401DF10C3F88421A07800F00700042803D1074A3B
S21401DF20D3681B03FCD4064B1C6010BD245600208E
S21401DF30004000540060005400E100E0000002B818
S21401DF404855002010B5064C216839B1CB0703D4DB
S21401DF50044B1868FFF72EFF0023236010BD00BF97
S21401DF6048550020245600204FF480320B4B0C49B4
S21401DF70C3F8EC20A3F50053C1F8E020D3F88810CD
S21401DF809A6E012302F0070206329340C1F30C0198
S21401DF90083B994201D8FFF7D5BD70470060005491
S21401DFA0005000542DE9F04780460C461646876916
S21401DFB0458F21F042F9B8F83C2005F1FF3C02EA12
S21401DFC00C0323F00701032C82463944B8F83E00BF
S21401DFD019D1494C24689CB90244073A02EA0C025A
S21401DFE022F00702BC183B44E31A48BF5B19834280
S21401DFF010DB504621F01CF900242046BDE8F087CE
S21401E00024F00104EFE7012C02D0022CEBD10838F2
S21401E0100C46E8E7002E3DD08C423FD1374AD2F875
S21401E02044903649B8F81270D1F88820C2F30C0231
S21401E030934247DA2588B5F5804FDAD2A378C5F33F
S21401E0400C0503F007037A1EA5EB09053A43052BD9
S21401E050337005EA02052DD82DB2E84340F241425D
S21401E0600421C00FFDF700FE7580E3783374D8F8FD
S21401E0701C207B1E03EA0903D118B160A9B213FA6A
S21401E08085F5AF422FBF0023FF1AB780F26024BF89
S21401E090B180F360504621F0CBF8AEE7A4F1080258
S21401E0A0974284BFED0802EBC502B2F80090C9F3AF
S21401E0B00C09B6E7124B5B6D003B18BF0123A5EBBD
S21401E0C0C305C9E70B6C7A1EA3EB09033A431A4052
S21401E0D00C4915B2002DCB680BDCC3F30363D81EC5
S21401E0E043424341DB0033708B6F72801B0A3374EB
S21401E0F0BDE70823F7E700BF48550020004000545D
S21401E100004000B8000002B8054BA822D3F84C0125
S21401E1103121431C0CBF0120C0F38070FDF7A4BD64
S21401E1200080E00F38B5094D0446286840F697028E
S21401E130003818BF01202B21FDF796FDFA235C431A
S21401E1402B680A20B4FBF3F4604338BD7C550020ED
S21401E150174B30B51A68431C164B22D0B2F1407FDC
S21401E1601FD3154D00F03F04D5F8002122F03F02E1
S21401E1701443C3F8C84001F03F042243C3F8D0203B
S21401E180D5F804310D4A1A400D4B03EA500003EA54
S21401E190510110431143074BC3F8CC00C3F8D41008
S21401E1A030BD00200146C3F8C800C3F8D000F2E72E
S21401E1B00080E00F001F00B0000002B81FF087E1EA
S21401E1C0E0FFFF7F73B5574E0446317819B91C221C
S21401E1D05548FCF7D9FE2378544A6188137051805C
S21401E1E04FF0FC62524CFF21C4F8FC204FF47F0232
S21401E1F0C4F808214F4A022B4F4D117033D1042326
S21401E20007224E49C4F8FC23C5F8FC33C4F80011B4
S21401E2104FF4C071C5F80011C4F8FC234FF48052C6
S21401E220C5F8FC33C5F870214FF40052C4F87021CC
S21401E230C4F808314FF4FF13C4F8FC304FF4BB1395
S21401E240C5F8FC308023C4F8703148F2C8023C4B54
S21401E250C3F8D8203B4B3C4A0020C3F8C02F01230B
S21401E260337002B070BD394A012BC4F80021384B17
S21401E27027D14FF4C072C5F80021D3F83802D3F87D
S21401E2803C12FFF765FF0723C4F8FC330223C5F8E9
S21401E290FC334FF48053C5F870314FF40053C4F883
S21401E2A070310423C4F808310DEB0300ECF740FB92
S21401E2B09DF80530023B012B9CBF8023C5F87031C9
S21401E2C0C3E7244AC5F80021D3F83002D3F8341244
S21401E2D0FFF73EFF0723C4F8FC330123C5F8FC33E0
S21401E2E08023C4F870314FF4805301A8C4F870310C
S21401E2F0ECF71EFB9DF80530012B05D19DF8043087
S21401E30053B948F25D1309E0FBD9023B012B9CBFD0
S21401E3104FF40053C5F8703148F25813084AC2F852
S21401E320D83097E755650020C41F00B0C66E0020A0
S21401E330002002B8456F0020001002B8C0F10F009F
S21401E340001F00B0001000B050550020C0F70F00AD
S21401E3500080E00FC0F60F00034B1A6802609B882E
S21401E36083800020704700BFC66E002010B50446AB
S21401E37001F026F80A4BD3F8F83724B983F40023C2
S21401E380C3F3C04010BD012C05D113F4C02F0CBF40
S21401E39001200020F6E7A31E58425841F2E700BFCD
S21401E3A0000002B86FF07F42154BD3F8FC3793425A
S21401E3B008D0144A03F03F031370F123124A137076
S21401E3C0124A13701249134B09781A68A9B1B2F1AF
S21401E3D0A06F12D3D3F850120F4A104BB1F1FF3F82
S21401E3E018BF13460E4A136041F66A020D4B1B68AE
S21401E3F0B3FBF2F30C4A13607047084BF2E700BF19
S21401E400000002B8466F0020476F0020486F0020CA
S21401E410446F00200080E00F5082E00F14BC04001F
S21401E4204C550020985500207C550020012807D027
S21401E430022802D030B100207047034B187870478D
S21401E440024BFBE7024BF9E7466F0020476F0020BF
S21401E450486F00200023F0B590F8304185B00246A1
S21401E4602046CDE90133CDF80B30FFF7DFFF92F8F8
S21401E4702B30411EC9B28B4228BF0B46002C3CD024
S21401E480012C38D1042418464FF00F0C384E0DEBF2
S21401E4900405B0FBFCF7F75D013CC01BC0B281422E
S21401E4A038BF00206055002CF3D105240F278DF8C6
S21401E4B00830B3FBF7F0305C0344DBB28B4228BF75
S21401E4C00B462B5501340B2CF3D10F2602F1A80075
S21401E4D0D43215F8013BB3FBF6F14C1CC1EB01112C
S21401E4E05B1A0133DBB2E4B21B0443EA045340F87F
S21401E4F0043F8242EDD105B0F0BD042418464FF02A
S21401E5000F0C1C4F0DEB0406B0FBFCF5EDB27D5D68
S21401E510013C401BC0B2814238BF0020A055002CF0
S21401E520F2D105240F258DF80830B3FBF5F0385CE1
S21401E5300344DBB28B4228BF0B46335501340B2C08
S21401E540F3D10F2502F1A804D43216F8013BB3FB30
S21401E550F5F1481CC1EB01115B1A0133DBB2C0B205
S21401E5601B0443EA005344F8043FA242EDD1C2E73C
S21401E5700DBC040000BC040038B5284B05461A78CB
S21401E58027490C2A02D1FF20087038BD10461CF01E
S21401E59046F904461046FFF749FFA84228BF284619
S21401E5A0C0B2A04238BF20460B78C0B28342ECD03E
S21401E5B0087088B1431EDBB2022A1A490ED14FF009
S21401E5C0FC62C1F8FC20A1F50051D1F8FC2042EA1A
S21401E5D04353C1F8FC30D8E70346EDE7124A134C23
S21401E5E01268AC32C4F8C02F4FF47F02C1F808217C
S21401E5F00F49CA6FD202C8D40F22B3FBF2F2551CE0
S21401E600C2EB02129B1A0133D1F808411B0443EAFC
S21401E61005532343C1F80831B7E700BFC66E002093
S21401E620456F0020002002B824560020001000B0DC
S21401E630000002B82DE9F04F90F830510646D0F8A8
S21401E640A82087B035BB1F2A38BF1F22093A4C24A1
S21401E650844B85481B6A96F82B10C3F38213DC4063
S21401E6600368DFF82CA29342DFF828827F4B04F080
S21401E670010414D11F78A74211D19AF80070AF4255
S21401E6800DD17B4F3F788F4209D1B8F8040007B00F
S21401E690BDE8F08F032A38BF0322023AD7E70260AB
S21401E6A098F800001C70FFF7C1FEFF2924D1284608
S21401E6B01CF0B5F807466F493CB3D6F8E4702FB1A5
S21401E6C03B68082B40F2CB8097F838701DBB0B686F
S21401E6D040F27121B3FBF1F353431922B3FBF2F37A
S21401E6E039462A4605A805931CF06FF802023C0439
S21401E6F0059842F0110988E0471E8F4228BF0F4651
S21401E700012F38BF0127FFB2D5E7012D29D0022DF1
S21401E71001D0B5B327460B6840F27121B3FBF1F384
S21401E72053431922B3FBF2F33946012207EB0724C0
S21401E73005A8059307EB04241CF047F87F00032F78
S21401E74038BF0327020242EA001242EA0009033FE9
S21401E75000F01F0007FA00F0FFF7E4FC00F5FA6787
S21401E76058E00F23B7FBF3F3581CC3EB0313FB1A54
S21401E7700133DBB2C0B21B0443EA0053C3F30747BD
S21401E780C9E70C6840F27121B4FBF1F40F2354433E
S21401E7901922B7FBF3F3B4FBF2F43748374A0068A3
S21401E7A0A2FB0412013350FA83F313F8013C0392DF
S21401E7B0A3F140012A4603A801931CF006F8039F23
S21401E7C02F4AE41BA2FB041200903021049204A8F5
S21401E7D02A461BF0FAFFDDF810B08146A4EB0B04C5
S21401E7E001220594102144F2100405A81BF0EDFF48
S21401E7F0009B1A02019B42EA091244EA0344059B64
S21401E80042EA000907EB0B001844FFF78BFC00F502
S21401E8100C57283740F6FF711A4B3846C3F8C0101C
S21401E820A3F58053C3F8C090A3F58053C3F8C44042
S21401E830154C276001F0B0FC4FF47A72134B40423E
S21401E840986523680A49B3FBF2F3A8F8043096F8F2
S21401E8502B30B7FBF2F08AF800500B7017E7002751
S21401E86034E700BF004001B8006C00205665002068
S21401E870426F0020985500204C55002069C2F5686B
S21401E880911E856B006001B880550020001F00B006
S21401E890436F0020C66E0020014B1870704700BF02
S21401E8A0446F002010B5044603F012F878B1174BF8
S21401E8B01B786BB964B1164B1B784BB1154B1B78A3
S21401E8C0013B012B04D84FF40042134BDA6710BD0D
S21401E8D0124BDB6F1B04FAD420F0AFFC4FF400425E
S21401E8E00F4B0446DA67A3F5A0435B682BB1FEF72E
S21401E8F041FF10B102201BF0A3FF0222094B204664
S21401E900BDE81040C3F8842420F092BC576500206F
S21401E9105865002084550020002002B8000002B887
S21401E920001002B800D003500122024B00201A70DA
S21401E930FFF7B8BF576500200022024B01201A706E
S21401E940FFF7B0BF57650020F7B50646504C00F0FC
S21401E95037FD504B2578504F1E7085BB2846FFF774
S21401E960A1FF2378013B012B19D8E37B01A88DF881
S21401E9700430237C8DF80530E9F7FAF9C7F884549A
S21401E9804FF6FF72454BC3F88420F822A3F5805357
S21401E990C3F884200022404BC3F884240DE04FF6D0
S21401E9A0FF723E4BC7F88454C3F88420F822A3F5BF
S21401E9B08053C3F88420C7F88454394B5BE00020A9
S21401E9C0FFF770FF2378013B012B08D8E37B01A8F2
S21401E9D08DF80430237C8DF80530E9F7C9F900235A
S21401E9E0C7F88434002ECBD062685AB32D4B1B680F
S21401E9F003EB5203B3FBF2F3013B1B0243F0F803B4
S21401EA0026782649022E284A1ED0032E4FF6FF7579
S21401EA10214826D0012E34D143F00203C1F8845098
S21401EA20C2F884300723C0F88434E37B01A88DF84C
S21401EA300430237C8DF80530E9F76EF90120FFF7E5
S21401EA4031FF17E0F823DBE74FF6FF7043F00103D1
S21401EA50C1F88400C2F8843006220F4BC3F8842420
S21401EA60E3E743F00503C1F88450C2F88430042379
S21401EA70C0F884340D4B4FF080420020DA6703B0B3
S21401EA80F0BDC1F88450C2F884300023F0E700BF1F
S21401EA90845500205865002000C00350006000B86F
S21401EAA0002002B898550020005000B8001002B8A7
S21401EAB0F0B5294F06463D4604460FCE0FC53368CE
S21401EAC085B02B6000F07CFC0022244BC3F8842424
S21401EAD0A17A627A42EA0142C3F89024217CE27B61
S21401EAE042EA0142C3F88C24217B627B41EA024060
S21401EAF0C3F888043B78032B2AD8DFE803F0220208
S21401EB000C178DF8041004218DF805200DEB01007B
S21401EB100022E9F7CDF8E37B00228DF80830237C4C
S21401EB20042102A88DF80930E9F7C2F8637A0122B8
S21401EB308DF80C30A37A042103A88DF80D30E9F77F
S21401EB40B7F8074B187805B0BDE8F040FFF7FCBEF4
S21401EB50212005B0F0BD00BF8455002000C0035041
S21401EB6058650020034BDB6F002BBCBF024BC3F87C
S21401EB7088007047000002B8004000B82DE9F04751
S21401EB801BF0C2FE4FF47A762D4BB0FBF6F61860FA
S21401EB904FF4FA73734307462A48190E1B021818D6
S21401EBA0294A4FF0000341F10001FBF781FE274B94
S21401EBB0A0F5807205461A6320B948222B21FDF77D
S21401EBC053F801254FF47A724FF0000A6A43534610
S21401EBD050083102FBF76CFE1C4B1D4AB7F57A7FD5
S21401EBE09A601C4B4FEA056819601B4B8946044620
S21401EBF018604FEA152505D29B222B215046FDF7BA
S21401EC0033F801264FF47A73A8FB030103FB0511C1
S21401EC107308C01841F1000100233246FBF748FE95
S21401EC200E4B023419600E4B49F10009A408186016
S21401EC3044EA8974054B013C9C63BDE8F08700BF3C
S21401EC409855002020A1070040420F0000C001B8DF
S21401EC5002110100A8550020A4550020A05500204F
S21401EC609C5500201022044BC3F884215A600122CF
S21401EC70024BDA60704700BF00E100E000C001B857
S21401EC801022064BC3F88421C3F88420BFF34F8FAC
S21401EC90BFF36F8F0422024BDA60704700E100E099
S21401ECA000C001B810B50446A242A2EB0000A3EBD7
S21401ECB0010104D2034B01399B6B0133184401F067
S21401ECC0030110BD00C001B838B501250A4B020189
S21401ECD09D504FF480730446084A8340536620F0E3
S21401ECE0ACFA074AA540137823EA05031370BDE87A
S21401ECF0384020F09DBA00BF00E101B800E001B83D
S21401ED00616500202DE9F84F164605468A461F46DE
S21401ED1020F093FA022E00F09080804620F09AFAB6
S21401ED20594B5A4AD3F82090147D5A6EE4B25207D2
S21401ED3044BFD3F82090013404F0030420F085FA90
S21401ED404846214600F036FA8446DAF80000012EDD
S21401ED5004BF01306044ACEB000C08BFCAF80000E9
S21401ED60BCF1804F7DD300F037FA8145A1EB040159
S21401ED7088BF454BDFF834C188BF01F1FF3101F090
S21401ED80030188BF9B6BA0EB090E0CF80510A1B11F
S21401ED90F90742BF41F61F723D4B5A67BA0742BF99
S21401EDA03B4B3C4A5A677B0742BF0022364B9A6769
S21401EDB03C0742BF0022344B9A6511244FF0010AEA
S21401EDC0314B05F11002120103EB051BCBF80C01C8
S21401EDD031499C501A6A0AFA05F4586E0B78A2EB70
S21401EDE00902E4B2234372450B7025D34FF48073B6
S21401EDF0AB40034220D11CF80520002A40D10EB3B7
S21401EE00264AF807536607D541F61F7140F20110EE
S21401EE101F4B596750675967B90706D51C4B1D4AE2
S21401EE201E491F485A6748675A677A0742BF012238
S21401EE301C4B1A613B071AD4404620F0F9F9012011
S21401EE40BDE8F88F184A2D0142F805A042F89C3C0F
S21401EE5020F0F3F910490B7823EA04030B7020F035
S21401EE60E7F9404620F0E4F90020BDE8F88F2120BC
S21401EE70FFF778FE4FF48032034B4046DA60DCE75A
S21401EE80064A40465366D8E700C001B80856002037
S21401EE9000E001B800001F1F6165002000D001B826
S21401EEA000000101000002B800E101B85965002028
S21401EEB0024B1878003818BF0120704761650020A2
S21401EEC0034B10300001185800F00100704700BFD6
S21401EED000C001B870B50646FEF74CFC044608B102
S21401EEE0FFF7CEFE0023084D3046AB61EB612B6287
S21401EEF000F072F9054BC9B2197528620CB1FFF71B
S21401EF00B1FE002070BD00BF00C001B80856002049
S21401EF102DE9F0419DF818800D46B8F1000F08BFA5
S21401EF200022214EB5F5803FB168074621F47001F5
S21401EF3041F4A001B1609DF820409DF81C104FEAF5
S21401EF40042444EA016444EA031444EA084444EA13
S21401EF5002044FF0180140F2E9222CBF00200120E4
S21401EF607465FCF781FE3564B8F1000F1AD00F4BBB
S21401EF70BC68D3F888305A2C38BF5A245B0606D5AD
S21401EF8000F0F0FB18B10A4BB3FBF0F31C4420462B
S21401EF9000F022F90130854238BF0022024B34BF0F
S21401EFA05A645864BDE8F08100C001B800C000B8DA
S21401EFB000093D00214B10B51A6E1A66596C59B1FD
S21401EFC01F49C96800292EDB596D4FF0FF3301F048
S21401EFD00F018B409A4326D110242020FFF7C2FD53
S21401EFE0184B9C6002F088FB2022174BC3F8842143
S21401EFF001F0F4FC48B1002200200821FEF71CF8BD
S21401F000124B5C66A3F580531C670D4AD36803F068
S21401F0107063B3F1807FF9D9084B0D4A5A6741F204
S21401F02001429A6710BD01F0D9FC0028F4D0094BC3
S21401F030064A5366A2F580521367EDE700C001B891
S21401F040000002B8001002B800E100E000E001B8DC
S21401F050011B01181000002008B52120FFF782FDD2
S21401F0604FF48032014BDA6008BD00BF00C001B822
S21401F070F8B5184D04462B6A1B0426D500F0E6FBAE
S21401F0802B6AA0FB044613F0787F4FEA9367C3F31D
S21401F0904450C3F3044505D140F25A422B21FCF7F4
S21401F0A0E3FD0120AD01B5FBF0F010EB871005D1B3
S21401F0B040F25F422B21FCF7D7FD012002460023D8
S21401F0C020463146FBF7F4FBF8BD00F04BFBA0FBF6
S21401F0D00401F9E700C000B80246012030B50B4C28
S21401F0E0A0F12003C0F1200524FA05F504FA03F384
S21401F0F02B4304FA00F595428B4100D330BD0F280F
S21401F10001D00130ECE7FF20F8E700BF40420F00D6
S21401F11010B50C46FFF7ACFFC30943EA4163C01ABA
S21401F12061EBD111FFF7D8FFFF2814D00F220C4B4B
S21401F13040F01000C3F88820A3F58053C3F8880078
S21401F140A3F580531B6ADBB2802B06D02046BDE8B0
S21401F150104000F067BB212010BD0220FCE700BF75
S21401F16000E000B838B520F075F8084B084A1D6A6B
S21401F170147D5A6EE4B2520744BF1D6A013420F072
S21401F18064F8284604F0030138BD00BF00C001B88A
S21401F190085600200346064A103302EB00111B01F5
S21401F1A0D1F80C01D158C1F340011BF054BB00BF8C
S21401F1B000C001B8064B1B68434303EB8171054B46
S21401F1C01B68A3FB003013F1004341EB00007047BE
S21401F1D0A05500209C5500200C4A20F040430146D3
S21401F1E010B5002014684FF00042E4FB0320084AE3
S21401F1F0890F126802FB0300064B9B6B984204D9E9
S21401F20001330131C01A01F0030110BDA4550020DD
S21401F210A855002000C001B8044B01F0F071103071
S21401F22041F0030100011950704700BF00C001B84A
S21401F23008B52220FFF796FC4FF48022014BDA60D6
S21401F24008BD00BF00C001B808B5064B4FF03040FE
S21401F2501A6805499200FCF727F8BDE8084001F056
S21401F260E3B800BF50BC040054BC040070B50C6881
S21401F270651C15D0C4F302669E42C4F3074530D11F
S21401F280A4B294422DD804EB8506B24229D2141BAF
S21401F290A50824F003040E59340F04D0012C08D01D
S21401F2A00022212402E06B1C51F82320C0E900242F
S21401F2B070BD0E4C34F8133042EA03431A686B1CD7
S21401F2C051F8234001EB83014B6822405E4036F043
S21401F2D0704404D11B0F032B04BF8B681A43002410
S21401F2E0E4E7013501EB8501C1E700BF28BC040056
S21401F2F007B501A8EBF71CFB4822164B5A65164AC0
S21401F300D2F8D43023F4FC33C2F8D430134B1B6844
S21401F3109DF80530023B012B19D84022104BC3F84B
S21401F320FC23104BD3F85C32DBB2FF2B00D1062353
S21401F330094A1B03D2F8FC139BB20B43C2F8FC33F9
S21401F340D2F83021084B1A6003B05DF804FB00F0D8
S21401F350E7FEECE7008001B8000002B8002000B02C
S21401F360001002B80080E00F3C55002000224FF448
S21401F37000710F4B10B51A675A679A670D4AD1622A
S21401F380012102F5E8325161DA6812F0706FFBD1A3
S21401F3904FF0304201245A6602F5FC5208329C6650
S21401F3A0DA64054B1B689847044B5C6110BD00BFCF
S21401F3B0000002B8004000B8046C0020002002B82B
S21401F3C001230F4A0F49C2F880328A6A22F00202EC
S21401F3D08A620D4A53600D4A53600D4A5360A2F586
S21401F3E080425360A2F54042536002F5C03253603A
S21401F3F002F580425360A2F500425360704700BF99
S21401F4000080005000C0005000D000B800500054EA
S21401F410005001B808B5FFF7D3FF0E4B0E4ADA6766
S21401F42000F076FEFFF764FF03220C4BC3F8E020E2
S21401F430012203F54043DA674FF460725A614FF4D4
S21401F4400072DA67FEF778FBBDE808400021FEF798
S21401F4504FBB00BF000002B80048F000005001B8E2
S21401F4602DE9F04F054687B002900F4657F8044B3A
S21401F470631C06D1029B2C60E81A801007B0BDE819
S21401F480F08F5FEA147B18BF0123344AC4F301618D
S21401F49008BFC4F3074332F81120A4B24FEAC30AE7
S21401F4A02F4844EA02440AF104022A4482421BD24B
S21401F4B00722CA4002F0010201929A0004EB83037C
S21401F4C003930123B94603FA0BF808F0940305F1F8
S21401F4D0080604920593039B09F10409A34208D187
S21401F4E0049955443944C0E71D4A9542E0D80020A6
S21401F4F0C4E7059B53B918F0420F19D118F0280F2D
S21401F5000BD146F8084C59F8042C21E04FF4206240
S21401F51032210020FCF7A8FBF3E740F60422322153
S21401F5200198FCF7A1FB04F5805246F8082CEAE79F
S21401F53040F60D2232210198FCF796FB04F50052A5
S21401F540BBF1010F46F8082CDDD159F8042CD24343
S21401F55046F8042C04340836BDE700BF28BC040076
S21401F560003000B0F8B50546F0B10026154B34461C
S21401F5701F46154953F8042BBAB9A00000F13040D4
S21401F580294600F50150FFF76BFF30B940F6AE3261
S21401F5903621BDE8F840FCF767BB0C4B0134044448
S21401F5A047F8265023F81640F8BDAA42FCD001368B
S21401F5B00C2E02D031F81640DCE740F6C832362170
S21401F5C00020E6E7AC550020FE5D0020005E00202E
S21401F5D070B50446A8B1C1B1384A52F8043B984206
S21401F5E015D1002336498A689206FCD49B00354A19
S21401F5F003F1304303F50153C2F8B0302022324BF9
S21401F6009A6070BD01330C2B02D1304D12E00123FC
S21401F61052F8041BA142F5D12D4A32F81330E1E726
S21401F62004D16268C3E90012083403E0012A01D15B
S21401F630043419602268531CE3D0C2F3016335F821
S21401F6401300110C93B211F0FE0F43EA00436068F9
S21401F6500DD00434CAB2022A2168E1D9D4E9016086
S21401F660033AC3E9001698600C340C33F3E7120F23
S21401F670072AD9D8DFE802F00704090D1013181D70
S21401F680C04303F500531860CEE71A6842401A607B
S21401F690CAE703F58053F6E71BF0D2F8C4E7012268
S21401F6A003F580538240F2E7012203F500538240BE
S21401F6B0EDE71A6830EA0202FBD1B5E7AC55002047
S21401F6C0000002B8001E00B0001002B828BC0400FA
S21401F6D0FE5D00200122014BDA677047001002B878
S21401F6E00122014BDA677047002002B84022014B25
S21401F6F0DA677047002002B84022014BDA6770478C
S21401F700001002B80B4B1B68D3F8E43023B11A681B
S21401F710022A01D9186A7047074B9A6D90B238B120
S21401F720064BC2F307421B68DB085343B3FBF0F0FA
S21401F730704700BF24560020004001B898550020AD
S21401F740064BDB68C3F30363984206D1044AD36BC6
S21401F75023F0F00343EA0111D1637047000002B8B9
S21401F760001F00B0054B1B68D3F8E43013B11A68CC
S21401F7700A2A01D8FFF7C6BF186C70472456002026
S21401F7802DE9F74306461BF054F800248046DFF8BF
S21401F79090901FF052FD0DF1070105460DF1060090
S21401F7A0FEF75AF89DF806308BB9721C29D01BF06B
S21401F7B040F8A0EB080428461FF03AFD9DF80630F5
S21401F7C013B99DF807303BB3A642E2D824E0D9F836
S21401F7D00C3013F4603FE8D0D9F810001BF096F80F
S21401F7E0731C074603D01BF024F8A0EB0804284638
S21401F7F01FF01EFD17F5007FE0D0384603B0BDE8C8
S21401F800F08328461FF014FD9DF80630002BC0D16A
S21401F8109DF80730002BBCD1004FEEE700FEFFFF3E
S21401F82000C000B810F1800F04D04D28CEBF7F2055
S21401F830323040B2FF22044BC0B21A62A3F58053A5
S21401F84018620020704700BF00E000B80B4A10B5F0
S21401F850136E0B4C116E03F00703E35CC1F3CD018D
S21401F86001FB0333126E0748C2F3454202FB033322
S21401F87000688001B0FBF3F010BD00BF004001B886
S21401F88020BC040098550020084910B5D1F89C30DA
S21401F89040B11C46CA68D1F89C309C42F9D1C2F3EB
S21401F8A00362027003F00F0010BD00BF000002B833
S21401F8B0094B01F080011B6F03F480030B4309D150
S21401F8C04FF40012054B1A62837F1BB10122044BD1
S21401F8D0C3F80021704700BF000002B8006001B8FD
S21401F8E0005001B82DE9F04F404F804685B038688A
S21401F8F00C461AF0A5FC20B90024204605B0BDE848
S21401F900F08F224600214046FBF73EFB384B5D69EF
S21401F91015F00105F0D1FCF701F806460028EBD0FA
S21401F9203F6838461AF0C4FB4FF6FF73984234D04E
S21401F9304FF060512F4E304B304AD3F82090D6F816
S21401F9408C3011624FF00061A2F5805211622422C0
S21401F9500421C6F88C202A4A4FF4804B91604FF45C
S21401F96080520027DFF8A4A0CAF868B0F262A74266
S21401F9701ED30421234A9160A2F5F032C2F88C30DE
S21401F9804FF060521D4B1A6209EA02031E4A1362C7
S21401F9904FF480421D4B9A66AFE7314638461AF05F
S21401F9A02BFB01463846FCF7FDF80028C0D0A3E73C
S21401F9B0B26E5104FCD5B268D205F9D5CAF868B062
S21401F9C0D6F890200135012D0392D0D9E21B042AE6
S21401F9D0A8BF042208EB070003A901930092FBF7D6
S21401F9E063FC009A019B3A4497B2C0E72456002074
S21401F9F0000002B8004000B8004001B8006001B83D
S21401FA00001002B8002002B8005001B8006000B82B
S21401FA104FF604014FF60502044B01201B6C9BB206
S21401FA208B4208BF1346024A136670470080E00FF8
S21401FA3000C001B82DE9F74F81460F464FF0FF355C
S21401FA40FFF790FB002601908A462C463046DFF8E9
S21401FA50D8B006F110031B015BF8033003F003086E
S21401FA60B8F1010F15D13046FFF794FB02460B465D
S21401FA7001985146FFF716F9DBF8643006F10802E3
S21401FA80D340DB0739D5002F40D000252C463E60F9
S21401FA9040460136082EDCD160B3234A0027D2F84F
S21401FAA008C0916B0CF440330131A4FB0141641989
S21401FAB041F10001B3F5003F30D1536B0CF4405CCB
S21401FAC0013347F10006BCF5805F22D1156B15F5B1
S21401FAD0807505FB06F647F1000203FB0266A5FBEF
S21401FAE003323244594304FB0212A3FB0434144488
S21401FAF0C9E9003403B0BDE8F08FA84271EB0403F6
S21401FB00C6D207B13E6005460C46C1E73D463C46B7
S21401FB10BEE7320242EA13621B02E3E7136B13F5F8
S21401FB20807347F10002DDE700C001B808B51AF09E
S21401FB3001FF044B5A7C012302329340024A53616F
S21401FB4008BD00BF08560020002000582DE9F341EB
S21401FB5005460F4668461146FFF76CFF0646B0B1EC
S21401FB60AFB1DDE900321B0A43EA0263A5FB038459
S21401FB70094B120A05FB02441A6812B91AF0C4FEB0
S21401FB800246002340462146FAF792FE3860304688
S21401FB9002B0BDE8F08100BF9855002037B5044695
S21401FBA0FFF70EFCE17822791B4841EA0243C0F8D0
S21401FBB0CC34E579A37943EA0543C0F8D0342378F9
S21401FBC04BB18DF8041004218DF805200DEB0100D2
S21401FBD00022E8F76DF863785BB10421A37900226F
S21401FBE08DF80430E3790DEB01008DF80530E8F768
S21401FBF05FF8227801235AB1084AC2F8C8346278FD
S21401FC0002233AB1054A0020C2F8C83403B030BD19
S21401FC10034AF2E7024AF6E700C0035000D0035059
S21401FC2000E0035070B52C4B0C461A7812B92B4ADB
S21401FC30926D1A702A4AD26F52054AD51D78294B01
S21401FC4005F00F06B0FBF3F040434FEA151505D15A
S21401FC5040F27C622B21FCF707F80120224A0A2198
S21401FC607243B2FBF0F34843B3FBF1F602EB5002EA
S21401FC70B2FBF0F201FB1633042BD2B207D8C3EB6A
S21401FC808310C3EB80035BB283B96DB217E0C3F197
S21401FC900B0303EB8303DBB2B3FBF1F32B44DDB2BF
S21401FCA00F2DF2D9013AD2B2053DEEE7053B5BB224
S21401FCB093FBF1F31D44EBB26DB2002D04DB002083
S21401FCC042EA0512226070BD01320533D2B25DB23E
S21401FCD0F5E70220F7E700BF62650020008001B863
S21401FCE0000002B8403B2500809698004FF0000CBB
S21401FCF02DE9F84FA2FB017BC84EDFF85CE3BE1985
S21401FD0099466BF10003B6457CEB030308D240F23B
S21401FD103E220E216046FBF7A7FF0220BDE8F88FC2
S21401FD20D0F8E4A00C461546BAF1000F04D0DAF874
S21401FD300030032B00F21B81B94BBA4A9B6BD2F8F9
S21401FD40FCA0C3F31408B84BD3F8EC305E00B64BF6
S21401FD5048BF48F400181B6E48EA456858074EBF6E
S21401FD604FF440039B0503F0E07348EA03081DF0D7
S21401FD703DFB012D0646D0D10028CED0AB4B984294
S21401FD8000F0048103F5122303F5F863984200F0AE
S21401FD900381A74B984200F02F81002502462B468F
S21401FDA000204FF00071FAF783FD2B46013007FB68
S21401FDB003F3C8F3130100FB0B33A1FB0662A7FB99
S21401FDC0007001FB0522034420339B09C9F800306B
S21401FDD0F60C984B46EA423618F4801F1C6008BFA2
S21401FDE07642954B954DC9F8144034441E602C60FC
S21401FDF0BAF1000F00F0B98000239149C8F381528F
S21401FE008A5C194618F0807F18BF6408002EB8BFB8
S21401FE10764292066008C2FB06012246FAF748FDC2
S21401FE20DAF800300E2B08D97F4B7D4A926BD969E0
S21401FE30D3F80C31C90600F1D68018F4001814BFA7
S21401FE40C42240F207127F49C0F31300A1FB0461EC
S21401FE504FEA511102FB01F1C9F80400DAF8180063
S21401FE604FF4FA73B1FBF0F118BF4FF0000801FB35
S21401FE7003F3A4FB0262FA33A3FB003004FB08225F
S21401FE80B342904138BF0131C9B241F4006CC9F8A0
S21401FE9008C000297ED0DAF81C00A1FB003624B188
S21401FEA0B4FA84F20E2A40F38880E203002E77D15A
S21401FEB0B2FBF3F2530003FB0113A3FB00764FEAF8
S21401FEC0044EBE454FEA144474EB060609D34E00B1
S21401FED03344A0FB0371BE4574EB010102F101023C
S21401FEE0F6D2C2F30E024CEA023C4CF00063C9F8AB
S21401FEF008301DF07BFA2B68002B00F08880B3FADF
S21401FF0083F4D4F102044CBF1C4623FA04F44E4B8E
S21401FF109C4288BF6408002846D0B4FBF0F36421F5
S21401FF2000FB134201FB02F2904244D85A1E5208CB
S21401FF305B08013B120242EA0313C9F80C301DF0BC
S21401FF4021FA00285CD0B4FBF0F2642100FB1244D5
S21401FF5001FB04F4A0425ED8531E5B085208013A26
S21401FF601B0243EA0213C9F810300020D6E6042B20
S21401FF70DAF828807FF4FBAE18F0807F0CBF08F01B
S21401FF80E0734FF4400328F0E078EEE600232F48B4
S21401FF901D460CE72120C1E600232D481D4606E735
S21401FFA00B46002289E7044640F2C2422B2100207C
S21401FFB0FBF75AFE2346013BB8E7C2F10F0702F1F1
S21401FFC0110E06FA0EFEFB4043EA0E03A7F1200EC1
S21401FFD026FA0EFE43EA0E03FE40013304FA02F24D
S21401FFE046F1000662E702F4801203F400131A4396
S21401FFF008BFC0F5801020E7002316481D46D6E648
S21402000040F2E5422B21FBF72FFE621EA4E70028F2
S214020010C9D01C46CFE71446F7E700BF006CCA8873
S214020020008001B8001F00B0004001B800F049028D
S214020030005A6202E4550020E0550020DC550020FC
S21402004038BC0400D34D62103FBE40250A3BB2DFE7
S214020050313641DCD694BFD6807C814A10B50B4639
S214020060044686B039B98279016821486B46006831
S214020070FFF73CFE6B461F4A196851631E4AD2F8C8
S214020080FC2062B35A6842B11C4A1D49C2F80C11E0
S2140200905968A2F58052C2F80C119A6842B1174A02
S2140200A01849C2F8EC109968A2F58052C2F8EC1012
S2140200B01549D868D1F8642122F4EE620243C1F8E9
S2140200C06421D1F85C21186922F4EE620243C1F879
S2140200D05C21A1F5FF4158692839FFF7A3FD0020EE
S2140200E0A2880A4B9A6203F5A033186406B010BDC4
S2140200F024560020008001B8001F00B0006001B83E
S214020100FFFF0F00FFF8FF0F000002B8004000B824
S2140201104FF48062014BDA67704700BF001002B8E6
S2140201204FF48062034BDA67034B1B780BB1034A2A
S21402013093657047002002B862650020008001B80F
S21402014040B10368012B05D90069034B002808BF9C
S214020150184670470048704740BC040010B590B17E
S2140201600468012C0FD902696AB11168094B102C78
S214020170196051685960916888BFD268996094BFC7
S214020180D960DA6010BD102200210248FAF7FCFEA0
S214020190F8E700BFEC550020084BC1171A68A2FB0F
S2140201A0000302FB013310F1807043F10003400E9E
S2140201B040EAC310803820EAE0707047FC55002001
S2140201C00722164B70B5DA66154B164A1D68164B93
S2140201D0EC08E005C0184FEA153141F10001002392
S2140201E0FAF766FB114B124E18604EF66020FFF7C8
S2140201F0D3FF4042C6F884000E48FEF7EDFF0246E3
S21402020058B1E301500818184FEA15714FF0000371
S21402021041F10001FAF74CFBF06570BD000002B830
S2140202209855002065CD1D00B2E60E00FC55002054
S214020230001F00B040420F0010B5044698B10B4BA9
S214020240D3F8FC00FFF78AFF4FF47A7303FB04F03F
S214020250074BA0F6AC50DA689B681044C01ABDE89B
S2140202601040FFF799BF4EF66020F8E7001F00B077
S214020270EC5500202DE9F8430546084614461E466E
S214020280FFF76CFF0DB306F0020716F004061ED148
S214020290DFB14FF47A706B685843002B40F08C80C5
S2140202A0FFF77AFF60626B69002B00F08C804B4A86
S2140202B0D0684FF47A7202FB0300A0F503501038A0
S2140202C0FFF76AFF2062002E57D1BDE8F88328693F
S2140202D0002868D04FF47A735843404BA0F6AC50CF
S2140202E09B68C01AFFF758FFE061A88B00285DD014
S2140202F04FF47A735843394BA0F6AC509B68C01A39
S214020300FFF74AFF2061364BE968D3F800800029E0
S2140203104FD04FF47A735943304BA1F6AC519A68DA
S2140203205B68891AC91A2F4BC8171A68DFF8BC907F
S214020330A2FB011302FB003311F1807143F10003AB
S214020340490E41EAC3118039274B6161DB6EA36116
S214020350D9F8003053B140461AF06CF930B1224653
S214020360D9F800301D49D8F8D80098470021A86966
S214020370FFF762FFA062002F8BD1A86830BB47F25E
S2140203803050FFF709FFA0604FF47A702B6858438D
S2140203902BB1124B1B6803F51C5310331844FFF79E
S2140203A0FBFEE06091E74EF660209BE74EF660208B
S2140203B0A6E74EF66021B6E7084B1B6803F51C530A
S2140203C0103318446CE747F2305079E74FF47A73EB
S2140203D05843A0F503501038D3E700BFEC55002071
S2140203E024560020FC550020001F00B0E8550020CF
S2140203F038B5054608461C461AF03EFA0246D5F8B7
S214020400E400FFF79DFE4368A018002B044AA8BF2D
S2140204104FF4FA721A44034B92FBF3F2104438BDBF
S2140204200CFEFFFF18FCFFFF70B5124C88B001AD42
S2140204300FCC0FC594E8070085E807008C22002140
S2140204400D48FAF7A1FDD42200210C48FAF79CFDCC
S2140204500B4B0C4A5A6301F04DFA0B4B1B783BB11F
S214020460044E01AD0FCD0FC695E8070084E80700DD
S21402047008B070BDC41F00B0A01E00B02C1F00B094
S214020480001F00B0101111115565002008B51EF0AE
S214020490D4FE0E4B1A78A2B90D4A126812F4843FA3
S2140204A00FD10C4A1021D1671B7863B9084B1B6821
S2140204B0DB0508D4074B2022DA67BDE808401EF0A9
S2140204C0B7BE054AEEE7044BF5E700BF68650020B5
S2140204D048160020002002B8001002B80A4B19780D
S2140204E001F0FF0229B10021197008499202C1F8F1
S2140204F0B420597801F0FF0229B100215970930205
S214020500024AC2F8B830704763650020005000B84F
S214020510064BD3F8D80E064B5B6F1A0103D4054B75
S2140205209B6E1B0401D500F580707047001000B06A
S214020530000002B8004000B810B51EF07EFE0E2184
S21402054004460320FFF7FCF840F20122034B204644
S214020550BDE81040DA621EF06BBE00BF004000B875
S21402056008B51EF06AFE4FF00042224BC3F8802008
S214020570BFF34F8FBFF36F8F0122C3F88420BFF300
S2140205804F8FBFF36F8F0222C3F88420BFF34F8FC3
S214020590BFF36F8F0422C3F88420BFF34F8FBFF3DD
S2140205A06F8F0822C3F88420BFF34F8FBFF36F8F7D
S2140205B01022C3F88420BFF34F8FBFF36F8F202221
S2140205C0C3F88420BFF34F8FBFF36F8F4022C3F868
S2140205D08420BFF34F8FBFF36F8F4FF48072C3F840
S2140205E08420BFF34F8FBFF36F8FBDE808401EF025
S2140205F01FBE00BF00E100E008B51EF01EFE4FF071
S2140206000042094B1A6001225A6004225A600822EC
S2140206105A6010225A6020225A6040225A60BDE870
S21402062008401EF005BE00BF00E100E0012370B5E1
S214020630074C2370074B1E68074B3240D3E9005322
S21402064019402840FCF7F8FC0023237070BD00BF59
S2140206506665002004560020481600200022044B3F
S2140206601A70044B197811B11A70FFF70FBF704752
S21402067067650020686500202DE9F047DDF820A0B8
S21402068003EA0108099B06460C4602EA000703EA4B
S2140206900A09BAF1000F40F04E81031F0B4300F027
S2140206A00E81052871F1000380F0E48050EA010310
S2140206B000F06081431E0B4300F02481FFF750FFD9
S2140206C0AD4AD2E9005323EA040325EA06053D4370
S2140206D043EA0807A94BC2E900571E68DFF8F4820E
S2140206E026EA0A0646EA09061E60FFF7CFFE15F05E
S2140206F02A4F14BF48F202034FF40043A04AB00741
S214020700D26EA04848BF43F4005383EA020122EAAD
S2140207100302C2669C4A0B408166D366C5F38042DA
S2140207201203290348BF42F48072EB0648BF42F424
S2140207300052964BAC0648BF42F400726806D3F8E5
S2140207400C3248BF42F48062290648BF42F4006277
S2140207508F4882EA030123EA0203C0F80C328D4B6B
S2140207600A40C7F34024A404C0F80812C3F80C22B7
S214020770EA0448BF44F48034AB0348BF44F4801410
S214020780A80748BF44F4800415F4001F06D0D8F822
S21402079000001AF0A5F908B944F40024E90248BF9B
S2140207A044F40034FA0648BF44F4000473077A4B54
S2140207B048BF44F004041A6A44F4001484EA0203AC
S2140207C023F0010375491A400A621C40CB61744B40
S2140207D016F0010F1C62734B734A18BF1A46734B0E
S2140207E07C071B6F48BF42F00062714882EA030131
S2140207F023EA020303676F4B0A4041661A676E4A92
S21402080005F00103516CA0F5803081EA030221EA6B
S2140208100301416482631A40684B28025A64D8F87E
S214020820002048BF664B92F8F62058BF654B690712
S21402083048BF43F4806322B115F4C06F18BF43F477
S21402084080733207604A48BF43F00043D2F8EC1088
S2140208505E4883EA010222F4A0221140C0F8EC109E
S2140208601340C0F8E0205A4ABDE8F047C2F8EC3020
S214020870FFF7C2BEA0F580630B4306D020F4806368
S214020880A3F500730B437FF419AF1EF0D6FC3A496A
S214020890D1E9003223EA060322EA040242EA080207
S2140208A03B43C1E900324B4A126892F8F610474AB7
S2140208B009B313F4C06F1ED04FF4807311E01EF01C
S2140208C0BCFC2D4AD2E9003123F004033B4341EA43
S2140208D0080157EA0807C2E900314FF480633B4A31
S2140208E00BD0C2F8E030A2F58052C2F8EC30BDE878
S2140208F0F0471EF09DBC4FF48073C2F8EC30C2F88D
S214020900E030F4E71EF099FC1B4AD2E9003123F0EE
S21402091001033B4341EA0801C2E9003101232E4AA2
S21402092057EA08071BBF9363A2F5805253645364C9
S21402093008BF9363DBE750EA01037FF4BFAEBAF168
S214020940010F7FF4BBAE1EF078FC0C4A136823F04E
S214020950010343EA090313604FF48063144AB9F1B2
S214020960000F04D05366A2F580521367BFE71367E1
S2140209705366BCE7BDE8F087481600200456002000
S214020980004000B8006000B8005000B8004001B84F
S214020990006001B8005001B8000002B8002002B89A
S2140209A0001002B8041C00030418000300C001B8BB
S2140209B000E001B800D001B800C000B800D000B80E
S2140209C00D0A0A09090A0A09004000540060005488
S2140209D0005000542456002000E000B8024B58682D
S2140209E0C0F3C000704700BF48160020024B1868CC
S2140209F000F00100704700BF48160020024B5868FE
S214020A00C0F3C030704700BF4816002010B5044639
S214020A10FEF700FDFFF7A4FD2046FDF7BDF8FEF742
S214020A20A5FCFEF7ABF8FEF71DF9FFF7C9FB134965
S214020A300723134AD1F8FC1004F1F800FFF71AFC5A
S214020A404FF080710020FEF7E7FB4FF000720D4B6F
S214020A504FF400110120C3F80021FEF7DDFBFEF77C
S214020A60D7FF20B940F292321421FBF7FDF819F0B5
S214020A706AFFBDE810400120FDF766BF001F00B008
S214020A80581F00B000D001B88023074A1367082316
S214020A9040B11367054AD2F8A03023F02003C2F80B
S214020AA0A0307047024AF4E7001002B8001E00B0F9
S214020AB0002002B810B51EF0C0FB0121044600203B
S214020AC0FFF7E2FF044B1961044B5B689847204628
S214020AD0BDE810401EF0ACBB000002B8F06B002070
S214020AE0F8B5194C0546207840F2E442B0FA80F098
S214020AF03E214009FBF7B8F855B9607840F2E44267
S214020B00BDE8F840B0FA80F03E214009FBF7ACB8E9
S214020B104FF440660D4F0E4DD7F8B43040F2E44223
S214020B20C3F381232370C5F8B46060783E21B0FA1F
S214020B3080F04009FBF798F8D7F8B830C3F3812362
S214020B406370C5F8B860F8BD63650020004000B861
S214020B50006000B8F8B5084C084D236F0423084F10
S214020B602B67236F5B0300D4F8BD042602203E6782
S214020B7019F066FE2E67F4E7000002B8001002B80D
S214020B80002002B8A82238B51A4B1D6F03F5005391
S214020B901A6710229A60A3F5804302F100521A6780
S214020BA05A66FFF79BFC144B1B7813B90320FEF71B
S214020BB08BF80024114B9C67FFF7CCFF104A114BB1
S214020BC0D2F8D81E0B40C2F8D83E04220E4B1A6743
S214020BD00E4BAA06C3F8AC4008D503F58073DB6C4F
S214020BE0B3F5817F22BF8022024B1A61BDE83840EE
S214020BF0FCF7C2BB000002B86565002000C001B861
S214020C00001000B0DF0000FF002002B8001E00B097
S214020C1010B549B930B3164AD3681B0E13F00E0F3F
S214020C2020D193689A061DD4FFF786FC104C00204C
S214020C30FEF72AFE032801D0092805D1636FDB03DD
S214020C40F5D4E36D0C2BF2D9FFF784FF4FF4007254
S214020C50084BDA62012203F5E8335A61042203F5EF
S214020C6080531A674FF4C062034BDA6210BD00BFAE
S214020C70000002B8004000B8006001B808B50321C1
S214020C800920FEF75DFD2022014B1A6108BD00BF58
S214020C90000002B838B505461EF0CFFA0E4B0446E1
S214020CA01868FDF745F835B1FFF7D8FC2046BDE8D1
S214020CB038401EF0BDBA094B1B78002BF6D0084B05
S214020CC01D78002DF2D1FFF7C9FC2A464FF480406A
S214020CD00021FFF7ABFCE9E72456002067650020F9
S214020CE0666500202DE9F84F5C4B06460D46144615
S214020CF01B6F002A40F0AE8013F0A00F14BF4FF017
S214020D0001094FF00009FCF737FBA0234FF0000A59
S214020D10DFF868810320C8F87030FDF7D5FF04209D
S214020D20FDF7D2FF4E4FFFF799FC4E4B4FF0040BE8
S214020D307B67C7F878A0FFF70DFF4B4B4FF4807127
S214020D40D3F8A020494842F02002C3F8A020FF2290
S214020D50C8F80820414A1161D0F8D82E44491140FB
S214020D60C0F8D81EC8F870B0C3F8ACA07B6913F000
S214020D70060F04D0FEF75CFA5846FDF7A5FFB9F158
S214020D80000F08D04FF400623A4B1A674FF4004245
S214020D90A3F5E0339A6666B1374BDB6C180701D4CD
S214020DA0FFF7CAFBFFF76AFF0420FDF78DFFFFF788
S214020DB095FB2A4B5A69D10747D5DA6812F0706F4D
S214020DC0FBD12E4B2E4A1A672E4AD36B23F0F00322
S214020DD0D36315B12046FFF75DFF2B4BD3F84C319A
S214020DE05A1C01D05B0002D50122244B5A6164B31F
S214020DF0214BDA6E03F500539A6603F5D0331B6A6D
S214020E001E4A23F00103D361204BD3F80C1203F5DC
S214020E100053C3F8081203F50053D3F8841003F501
S214020E20005399671A4BD3F8EC1003F50053C3F836
S214020E30E010184B596C03F500539963164903F5F5
S214020E40803359664FF6084313670020BDE8F84F13
S214020E50FCF736BD4FF0000955E700BF000002B8A8
S214020E6000C001B800000101001E00B0001000B072
S214020E70DF0000FF001002B8004000B8002002B8F1
S214020E8010003000001F00B00080E00F004001B8E4
S214020E900040005400C000B85000002F9B4B2DE9C4
S214020EA0F04F9F6EDB6E85B01F40994B9F66994B45
S214020EB0D3F8E050D3F8EC301D40974BC3F8E0501F
S214020EC0964BD3F80822D3F80C3202EA0309944B65
S214020ED0C3F8089203F52043DA691B6A02EA03089C
S214020EE0904B08F47702DA618F4BD3F80422D206CD
S214020EF005D4D3F80431C3F30016DB0651D51EF031
S214020F009CF98A4B5A695E6E1B6F12F0060F06EA50
S214020F100306874A26F0007314BF4FF0010A4FF00B
S214020F20000A23F400637407536604D5814A137DCE
S214020F300133DBB213751EF07BF9002F00F0E2805E
S214020F4017F4004300F0D3801EF077F90146FFF74E
S214020F50DFFA0446784BD3F800B0DBF80020DBF863
S214020F6000309A42FBD0DBF800209A42FBD0FFF713
S214020F70CFFAA04217D108461EF05AF96F4B1C60F2
S214020F806F4BD3F870B01BF4E0520ED124F07F44BE
S214020F9024F0DF040CB9FFF7F5FD4FF0807B002448
S214020FA014E0B246C9E70446D7E70192FFF7EAFD26
S214020FB05C4B019A1BF480541A6740F09A801BF42B
S214020FC0806F0CBF4FF0805B4FF0806BB80715D573
S214020FD05B4A5448126F02F460410167002900F030
S214020FE08B80110400F18B8012F4005F0CBF4FF06F
S214020FF000524FF0006200244BEA020BC7F3403760
S2140210007F00504A2A40002A4AD015F4206F0AD0A0
S21402101040F6A31206210020FAF726FE0020FFF76C
S21402102039FE25F48025EB0506D5FF213D4A4BF413
S214021030C06B9160FFF780FA15F0090F0AD040F6F0
S214021040B81208210020FAF70FFEFFF717FE01215B
S214021050304A116315F0106F0CD040F6C112092108
S2140210600020FAF701FEFFF709FE0022114610469D
S214021070FCF736FE15F4202F0AD040F6C9120721D7
S2140210800020FAF7F1FD0020FFF704FE25F4802584
S214021090E80301D5FCF768FF002DB8BF47F0080744
S2140210A069070DD51B4AD26A12F4005F4FF400524C
S2140210B017BF19492449CA624BF4000B08BFCA621B
S2140210C06A0548BF4BF0040B15F48023019300F029
S2140210D0A480FCF701FF0138062837D8DFE810F0B5
S2140210E028012B0128012E013101340134019B46CF
S2140210F055E74FF0804B52E74FF000727BE74FF018
S214021100004278E7BB463C467BE700BF004000B89B
S214021110006000B80040005400600054004001B86F
S214021120006001B8002002B800E100E000C001B88B
S21402113000E001B808560020D4BB04000056002088
S214021140000002B8090B0B890050005440F6FA1250
S21402115003210020FAF788FD01218548826ED0F827
S214021160883002F00702063201FA02F2C3F30C0CD0
S214021170A2EB0C0292B2072A12D97E4A126F5302CF
S2140211800ED47D4B826B806D5B6D5BB102F0070205
S21402119006329140C0F30C00091A89B2072901D819
S2140211A04BF4007B754A1278002A36D0704AD2F881
S2140211B0E02012F4A02F30D1714A724912789AB9FF
S2140211C0F20411D40A787AB14FEADB026E4842EA98
S2140211D0447282F00102D0F8D80E02F001025200E8
S2140211E020FA02F2930718D10420FDF76DFD674A34
S2140211F067485067FFF732FA62490A784AB9654A81
S214021200127832B1644A654912680BEA02020A424F
S21402121001D14BF4804B26F48056B9F1000F1DD055
S21402122019F4805F18BF4BF4802B19F4807F18BF27
S2140212304BF4002B19F4005F18BF4BF0100B19F497
S214021240007F18BF4BF0200B19F4806F18BF4BF0CD
S214021250400B19F4006F18BF4BF0800BB8F1000F6B
S21402126048D018F4001F0AD04D4A13683BB1414AD1
S2140212704C48116F00680022C1F3C061984718F409
S214021280802F18BF44F4007418F4803F18BF4BF444
S214021290805B18F4801F18BF4BF4003B18F4800FD5
S2140212A018BF4BF0020B18F4003F18BF4BF4801B1C
S2140212B018F4000F18BF44F0100418F4002F19D0C9
S2140212C0394AD2F8A02012F0C00F13D02949CA68B2
S2140212D0C2F30362032A01D0072A05D14A6FD00659
S2140212E002D48A6F120732D54FF400212F4A28F40F
S2140212F00028D161002E00F01B81330540F18F805B
S2140213002B48DFF88890C2782A49002A58D04FF432
S2140213100063013AD2B24B66C27032B9264A1278DC
S214021320C2B140F60141254A51670022002173E00E
S2140213304BF4803B10E74BF4006B0DE74BF4806BED
S2140213400AE74BF4807B07E74BF0080B04E74BF405
S214021350001BCFE7D9F8782012F4A05F15BF4FF430
S214021360807240F60142C9F85820C9F87820DCE7B6
S21402137000400054000002B8004000B86865002033
S214021380676500206A650020001000B000C001B842
S214021390000001016965002048160020088D010042
S2140213A03855002024560020001E00B0002002B847
S2140213B05965002000E001B86565002000D001B83C
S2140213C00320FDF781FCD9F81420A84B12F0060F73
S2140213D004BF41F61F72A649A64808BF4A674FF4E3
S2140213E00061A34A5166D9F8142012F0060208BF1B
S2140213F0C9F878205A8A12F4006162D022F4006298
S2140214005A82027802F0FF09002A5ED1FDF710FF29
S214021410FFF7B8FB4A4620214BEA020B0C43B0000A
S21402142009D52E20FDF79EFB4FF00051904A44F05E
S214021430080411675166F10606D52B20FDF792FBCC
S21402144010218B4A1167516616F0306F05D1F204EF
S21402145063D5BAF1000F00F0C080330117D52920FA
S214021460FDF780FB844A526C12B11021834A9160C8
S214021470FFF7B4FA48B1824A82487D494A66026753
S21402148000F54050C068400422D444F0040416F02C
S214021490007A28D00420FDF717FC2720FDF762FB10
S2140214A0FFF770FB4FF00071714A5166764AD2F828
S2140214B0D82E520679D40221704A916044F0020472
S2140214C028E002784FF40052A6E74FF400422DE7D8
S2140214D00A6720204A66FDF745FB2D2044F00C04DF
S2140214E0FDF740FBD3E716F0807FDFF88C9147D0FC
S2140214F00420FDF7E9FB2820FDF734FBD9F8782015
S214021500002A3AD1FFF73EFB594A5D4944F00104EE
S214021510116751660021584A9165720508D55B49E4
S2140215208A78002A00F0D880013A8A70002217438F
S214021530574AD2F8A020130603D558462146FCF790
S214021540C7F93A4658462146FFF770F8019B0BB199
S214021550FCF7F8FC01224F4B05F00435C3F8E050C7
S2140215604D4B18F4002FC3F884211EBF4FF40022FF
S214021570424BDA6105B0BDE8F08FC9F878A0C3E740
S214021580F104C7D50420FDF79FFB444AC9F874202E
S214021590FDF74EFED9F8642012F0407FBAD12A2019
S2140215A0FDF7E0FAFFF7EEFA80E7394AD2F8A01024
S2140215B08B0683D402203A4988603A49096891F832
S2140215C02510C8077FF57AAF92F8C420002A3FF4A8
S2140215D075AF8021344A116170E7344A12680132CD
S2140215E002D04BF0010B98E728490A7952B1013A2A
S2140215F0D2B20A7112B9234A2D49516700224BEA28
S214021600020B8AE70420FDF75FFB0320FDF75CFB75
S214021610194A224951671DF010FE81460DF10F004E
S214021620FEF732F9234A824612780AB1FEF784FFA1
S214021630BAF1030F0ED1DFF870A00020FEF724F9EE
S214021640032807D1DAF87420D103F6D4DAF85C203E
S2140216500C2AF2D99DF80F20032A2FD10121164A0F
S214021660484611701DF0E4FDC8E700BF085600208A
S21402167000E001B86565002000C001B8002002B88D
S2140216801000002000D001B8001000B059650020FC
S214021690001E00B00060005400E100E000000101FE
S2140216A0001002B824560020000002B8F86B002092
S2140216B00000010D6B65002067650020094AD2F81C
S2140216C0E02012F4A02FC9D1FEF7C8FF48461DF04D
S2140216D0AFFD4FF4804292E70220FDF7F5FA0122B1
S2140216E025E700BF004000540122024B1A62DA616D
S2140216F0704700BF002002B80D4B10B5DC691A6AAD
S21402170014400C4A24F47F01D161E20706D5D96859
S2140217104FF0FF30C1F3036119F01FF9630706D5D6
S214021720BDE81040042200200021FEF77FBF10BD56
S214021730000002B8002002B80C4A08B5936B526C3F
S21402174013400B4A9363DB070FD50A4B40F66342FE
S2140217501878122100F00100FAF786FABDE8084070
S214021760002201200021FEF761BF08BD00C000B8BC
S21402177000E000B848160020054AD2F88430DB079D
S214021780FBD4936FD2F884201340024A93677047C3
S214021790008001B800A001B870B514460D461DF0D1
S2140217A04CFD064BD3F8A06074402C407440C3F83E
S2140217B0A0401DF03DFD06EA050070BD001E00B00B
S2140217C0034BD3F8A03099430CBF0120002070478A
S2140217D0001E00B02DE9F04117460A43012A1D46B5
S2140217E09DF818409DF81C60DDF8208029D8B44288
S2140217F027D2082E25D8032B23D8B8F1000F20D0E5
S2140218000A460021FBF71CFDFF21EB009940C94365
S214021810DFF834C008F1FF38FF00E2B2964202D881
S2140218200020BDE8F0813D190CEB8505D5F8E020D7
S21402183018F8010F0A4098401043C5F8E00001343A
S214021840EBE72120EDE700BF001E00B0034B18684F
S214021850034B002808BF1846704700BF20560020DA
S21402186024DD04002DE9F843DFF860900646D9F837
S214021870008008461746B8F1000F03D00E24204613
S214021880BDE8F88306B3336801331DD1E1B1FAF738
S2140218900DF805460028F1D0C9F80000FAF72CF832
S2140218A0284618F06EFB044640B14046C9F8008050
S2140218B0FAF722F8284618F05FFBE0E73560002FBB
S2140218C0DDD02846B847DAE72124D8E72456002098
S2140218D0024B1868003818BF0120704724560020B3
S2140218E0002108B5024B08465B689847002008BDF1
S2140218F0F06B00200523064AA2F84A3092F84930D7
S21402190003F0010363F0730382F84930704700BFA7
S214021910001F00B00023F0B585B0CDE90133039374
S214021920124B134D1B78134E8DF804301DF092FCAB
S2140219302A78337804469A420F4F0CD031783868AA
S21402194001AA297019F03EF850B140F608210B485A
S2140219501DF075FD04E0386819F014F80128EDD082
S21402196020461DF072FC05B0F0BD00BF1A6F0020C5
S214021970516F0020526F002040560020C59104008F
S214021980F8B52B4B1B7823B140F6FC3129481DF0E5
S21402199056FD1DF05FFC284B07461C8814F0060413
S2140219A009D001214FF480701CF008FC3846BDE8CF
S2140219B0F8401DF04ABC21464FF480701CF0FEFB36
S2140219C0204600F0ABFF022808D180221B4B802164
S2140219D0186818F0A0FBFFF79DFFE7E7204600F027
S2140219E09DFF054638B1012807D040F6314111481F
S2140219F01DF025FDDAE70246E8E7FF220F4E104B00
S214021A0030681A70FFF76CFF306818F0BBFF0128C9
S214021A10CCD02A462946306818F0B6FF21462C203C
S214021A201CF0F8FB21460A201CF0F4FBBEE700BFC0
S214021A3071650020C59104001A5E00204056002001
S214021A40516F0020002101481DF0FEB9706C002085
S214021A507F2837B5044610D14FF6FF730222174887
S214021A600DF10601ADF80630EBF722F9BDF8064097
S214021A70E2054CBF6FF04A0464B21DF0EBFB104B5C
S214021A8005461C700F4B1B88DB0710D50E4B1B78C8
S214021A90002B0E4B0CBF21466FF07F01186818F022
S214021AA05FFB20B140F6786109481DF0C8FC284665
S214021AB003B0BDE830401DF0C8BB00BF641002C0D2
S214021AC0496F00201A5E00207265002040560020F2
S214021AD0C591040010B513F039FF60B113F038FF5A
S214021AE00B4A80B141F20D03BDE8104041F20D01F0
S214021AF007481CF0B5BC074B1A781B799A4204D1EA
S214021B0000220023F0E70D23EEE7034AF9E700BFC1
S214021B10400D03001A6F0020488D0100F8B5164EDE
S214021B200D46337802F0010423B140F2C531134862
S214021B301DF085FC124B134F1D60134DA4B1134BC1
S214021B40997801B1012120201CF038FB2B783B70DC
S214021B500F4B1C780F4B00211C70042333700E4869
S214021B60BDE8F8401DF070B9214620201CF026FB87
S214021B702B783B70EEE700BF71650020C59104002C
S214021B80305600206E650020536F00203456002029
S214021B906F65002070650020706C00202DE9F84308
S214021BA01DF058FBDFF8A0810546B8F80030614CFE
S214021BB013F4807F03D0237873BBFFF7E1FE002186
S214021BC008461CF027FB5C4B1A78FF2A13D01A78BB
S214021BD002F0FF0632BBFF221A702378052B0AD1C9
S214021BE00023284623701DF030FB304618F07AFF9B
S214021BF01DF030FB05462378504E062B09D133786C
S214021C00FF2B06D03378022B15D100214C481DF04D
S214021C101BF9FF2333702BE000214FF480701CF079
S214021C20CDFACCE71A78012A4FF0FF0214BF33260A
S214021C304C261A70D4E7337813B13378012B22D1AD
S214021C401CF05CFB07463E4896F8009001F0DCFB71
S214021C50FF235FFA89F9337077B1B9F1010F44D1E6
S214021C606421374884F800901DF0EEF8FFF752FE24
S214021C7028461DF0EAFA06E0284627701DF0E5FA27
S214021C80384618F02FFFB8F800301B0605D500219D
S214021C9080201CF093FA17F019FA01F0F1FA294E97
S214021CA0308000B32778012F42D11CF0E1FF0546B1
S214021CB010B301301DF0A1FC00F44060B0F5006FD7
S214021CC01AD10422394628461CF012FF28441DF079
S214021CD094FC4FF6FF7398420ED10020318800F034
S214021CE0FFFC00233380BDE8F883002328462370D8
S214021CF01DF0ABFA3F20C4E7114801F085FB002136
S214021D0008462170012500F09DFC23780BB9FFF7E9
S214021D1037FE0020318800F0E3FC00233380002DDC
S214021D20E1D020780028DED1BDE8F84319F025B8C6
S214021D300025EAE771650020506F00204F6F0020F3
S214021D40706C0020185E00201A5E002008B513464C
S214021D500A461946064B186818F08FFA30B1BDE8E5
S214021D60084040F2F44103481DF069BB08BD00BFBD
S214021D7040560020C591040008B513460A46194687
S214021D80064B186818F073FA30B1BDE8084040F206
S214021D90FB4103481DF053BB08BD00BF4056002060
S214021DA0C5910400024B1878431E584258417047AA
S214021DB07165002008B5064B1B7823B140F2255109
S214021DC004481DF03CFBFFF7DBFD002008BD00BF0A
S214021DD071650020C591040008B5054B01EB810131
S214021DE01868490018F0BEF9002818BF212008BD5F
S214021DF04056002008B5044B1868F9F70FFF0A236F
S214021E0090FBF3F040B208BD40560020014B187814
S214021E10704700BF526F002008B5044B186818F0D0
S214021E200CF9B0FA80F0400908BD00BF4056002009
S214021E3038B5124D0C462B78012B04D940F2465188
S214021E400F481DF0FCFA21460020FFF7E5FF90B18F
S214021E500C4B1C702B785BB9FFF792FD0A4B93F97B
S214021E6000100A4BC901186818F050F9002038BD56
S214021E70FFF750FDF2E72120F9E700BF7165002069
S214021E80C5910400526F0020736500204056002062
S214021E9008B5074B186818F0CEF830B1054BB3FBFF
S214021EA0F0F083B20BB1184608BD0120FCE700BF74
S214021EB04056002040420F002DE9F3475C4E0120B9
S214021EC01DF0BAFA3388990704D440F63F415948C0
S214021ED01DF0B5FADFF8808198F80030053B012B3B
S214021EE004D940F6414153481DF0A9FA524F3B68C7
S214021EF023B940F644414F481DF0A1FA348814F045
S214021F00200478D0012122201CF084F94FF47A7440
S214021F10FFF7BEFF3B681B780933434304EBC30459
S214021F2098F80030A5B2062B0BD11CF0AFFD044684
S214021F30FFF7AEFF602358430C2303FB040028443C
S214021F4085B2D7F800903D4B99F800801C7808F1CE
S214021F50FF381FFA88F8002C52D133885A0505D468
S214021F6009F101001DF049FBC0F340143449354A1B
S214021F70887812784B7812FB00F2334F93423B700C
S214021F80A4BF9B1A3B703B78CA78BD60934238BFA9
S214021F9013463B7013F0E2FC002833D013F0DCFC4F
S214021FA0012814BF1025082525430023DFF8ACA01E
S214021FB00093802243464946DAF8000018F004F9F6
S214021FC020B14FF43B611B481DF039FA1F4BDAF87B
S214021FD0000019781E4B197033889B0614D52A46C2
S214021FE01C4B009718F0ECFCC0B9002002B0BDE80C
S214021FF0F0471DF021BA214622201CF00BF987E794
S2140220000024B3E72546D0E72A460F4B18F0D6FC45
S214022010014618B925201CF0FDF8E6E721462620E1
S2140220201CF0F8F840F6F43102481DF008FADCE736
S2140220301A5E0020C5910400305600207465002008
S2140220401A6F00206E650020206C0020526F002060
S214022050516F002034560020716500204056002043
S214022060184B10B51B889B0704D440F6A661164889
S2140220701DF0E5F9154B1B78053B012B04D940F6FC
S214022080A76111481DF0DBF9114B1B6823B940F616
S214022090A9610D481DF0D3F900240E4B0E492120EC
S2140220A01C701CF0B7F8014618B9BDE81040FFF7DF
S2140220B003BF022804D12046BDE810401CF040B9F8
S2140220C010BD00BF1A5E0020C59104007165002095
S2140220D0305600206C65002079220200F8B55A4C72
S2140220E023889A0704D54FF43E7158481DF0A7F985
S2140220F0574801F089F91DF0ADF8238805465B07BD
S2140221000DD54FF0FF3018F0A6F8524B1B68C01AD8
S214022110B0F5717F03D9002104201CF04FF8284641
S2140221204D4D1DF092F82B78042B32D11DF092F80B
S214022130238806465F0708D5454800211CF084FE22
S2140221403046BDE8F8401DF080B81DF07EF81DF060
S21402215081F8424B06461B78414F13B9238859052E
S2140221600FD50523012102202B701CF027F8FFF75C
S21402217077FF30461DF069F83B68DA78394B1A70FB
S214022180F8BD386801301DF038FA8206E9D5062314
S214022190E8E7062B4DD1344B1B78FF2BF0D1334E9C
S2140221A013F0DEFB3378002B3DD01DF053F8238866
S2140221B005465B0705D5264800211CF045FE284645
S2140221C0BFE71DF042F83378013B33701DF042F84A
S2140221D00446012102201BF0F1FFFFF741FF2046D3
S2140221E01F4C1DF032F8206801301DF006FA00F48C
S2140221F04060B0F5006F13D1246801210422204606
S2140222001CF076FC20441DF0F8F90146184B042019
S2140222101A783378D21AD2B2BDE8F8401DF0B6B9B1
S2140222204FF6FF71F2E740202B70BDE8F84018F039
S21402223059BC012BA4D100232B700E4B1868FFF754
S2140222404FFB3F20F1E700BF1A5E0020C591040055
S214022250706C00202C5600207165002074650020EA
S214022260305600206D6500204F6F00206E650020FE
S214022270536F00204056002008B50A4B1A7882B9E0
S214022280012210281A7004D040F69D6106481DF0FF
S214022290D6F8002120201BF091FFBDE80840FFF78A
S2140222A00BBE08BD6C650020C591040008B5094B3D
S2140222B01B88DB0604D440F2C35107481DF0BFF862
S2140222C0102000211BF07AFF044B1868BDE8084076
S2140222D018F06DBB1A5E0020C5910400405600201F
S2140222E0012208B5074B1146186818F04DFB00216D
S2140222F02C201BF08FFFBDE8084000210A201BF0AF
S21402230089BF00BF40560020014B4008185C70474A
S2140223104B6F002008B513460A461946064B186846
S21402232017F0B1FF30B1BDE8084040F6E941034876
S2140223301DF085B808BD00BF40560020C5910400B8
S21402234008B5044B186818F01DFB013818BF0120A9
S21402235008BD00BF40560020054B10B54C00224673
S2140223600146186817F0ECFE031B5842584110BD90
S2140223704056002070B505461CF06CFF0E4B0F4E03
S2140223801B880446DA07357008D50D4B0D4D1B78B1
S214022390012B08D90121286818F09EFB2046BDE8CB
S2140223A070401CF052BF1BB113F0CEFAC305F1D435
S2140223B0317881F00101EEE71A5E00204A6F0020B4
S2140223C072650020405600200C4B10B51B88044650
S2140223D0DB0711D5FFF77EFB094B84F001020821CB
S2140223E01868D20017F097FE30B1BDE8104040F6EC
S2140223F0367104481DF023B810BD00BF1A5E0020D7
S21402240040560020C591040008B5044B01461868E2
S21402241017F044FF003818BF012008BD40560020C0
S21402242010B50A4C23787BB1FFF75AFF002104202F
S2140224301BF0C4FE002102201BF0C0FE0023237006
S214022440BDE81040FFF79CBA10BD00BF71650020C2
S21402245038B5094800F0E8FC0024084D95F84430E9
S214022460E0B2834200D838BD05EBC000043000F06D
S214022470DBFC0134F2E700BFE4560020445600209D
S21402248008B5104602494822F8F70EFF002008BD9C
S2140224909C56002008B505481DF041F9014620B9B2
S2140224A0BDE8084001481CF0CFBC08BD906C002077
S2140224B0002238B51C4B15461C461A700132082AF3
S2140224C05D609D8043F8085FF8D1482200211748D6
S2140224D0F8F75AFD4FF6FE73A4F868306FF48033AF
S2140224E0E365134B00211A88124B1868F8F74CFD67
S2140224F0114BC4E91255C4E9283584F8445084F8CF
S2140225005050656584F8A850E9F73CFFFF220B4B54
S214022510012118700A4B00201A70E2F7B5FA002063
S214022520FFF7B8FF002038BD445600209C56002016
S214022530BC6E0020506B00200000FFFF7565002077
S214022540CA65002010B5AC24084B04FB0030836C2F
S21402255053B990F850403CB931B1C0E91212204646
S214022560FFF798FF204610BD2120FCE744560020C6
S214022570AC2370B503FB00F5094E731993F850406F
S2140225805CB9204610F0AAFC735D204643F00203B5
S2140225907355FFF77FFF204670BD0120FCE700BFA2
S2140225A044560020AC235843024A135C23F003032C
S2140225B0135470474456002070B516461F4A044608
S2140225C01278C2BBAC211E4D01FB00518A6C92BB35
S2140225D091F850203AB1022B2DD191F844100729D8
S2140225E007D91C2026E091F844100729F9D8012BB8
S2140225F008D0AC2000FB0450CA00011D0C30F8F7CE
S21402260015FD0021AC2303FB04F000249DF81430D2
S21402261000EBC1012944CB71049B8E808B602B1882
S21402262093F84420204601328C7183F84420FFF749
S21402263031FF204670BD0120FCE700BF7465002014
S21402264044560020F8B5234B04461B780F46002B51
S2140226503ED1AC23204D03FB0053B3F8A03023B980
S21402266040F245311D481CF0EAFEAC2202FB045241
S214022670D2F8A46036B192F8A33039460020B2F8F8
S214022680A020B047AC2300216343EA18A2F8A010AA
S214022690C2F8A410482192F8A82001FB02322A446C
S2140226A0D2F89820964213D0EB5C9B070CD5AC224E
S2140226B06243AB5C204623F0020343F00103AB54B3
S2140226C0BDE8F840FFF7E6BE10F02AFC0028EED17F
S2140226D0F8BD00BF74650020445600201C9204001A
S2140226E02DE9F04F89B0059008460D461CF0C0FA59
S2140226F0044618B9212009B0BDE8F08F28461CF020
S214022700D3FAC0B20838215C221892F802A00491CB
S214022710D1785268277803920022B4F80130ADF8D7
S2140227201E20434A029192F800B0BBF1000F08D077
S214022730404B1B681BB120464FFA8AF2984700208E
S214022740D9E703F00703022B70D001340922594659
S21402275020461CF0CDF9023F3F1A3B0606465FFABA
S21402276087F8C7D4344FD7F89090B9F1000F27D125
S21402277000210DF11E0B434622460846CDF800B056
S21402278010F0E4FAC3B20546002B4BD1BDF81E008A
S21402279018F0ECF9E0B9BDF81E0018F0E3FA81462D
S2140227A0BDF81E0018F0E2F9F0B906EB08020123A4
S2140227B02146584692B200F07BFDD0B119209AE726
S2140227C05B465A4601212846C8470028D0D191E7E1
S2140227D0D7F89430BDF81E00002BDCD0A11998471C
S2140227E00028D8D1022086E742464846A119F8F7C3
S2140227F05BFDBDF81E001CF03BFA029B059A0372B5
S214022800049B80F809A08372039B1BBAC360AC23A7
S21402281003FB027393F85020BDF81E0022B1DB6C56
S21402282003B19847E8B266E7BB6FF9E7012062E7B3
S2140228307465002028560020445600202DE9F843EF
S21402284008460F46164602F1010918F090FA80462D
S214022850384618F084F9042856D1384618F0A3F9F9
S21402286048F661054FF6FF7248F64103294C90423E
S21402287008BF1D46B4F85C10301D1CF0C0FE38467A
S21402288018F091F90146B01D1CF0B9FEB4F85E10BE
S21402289006F108001CF0B3FE06F10A0438460DF0F5
S2140228A067FF10B145F01005ADB2294648461CF048
S2140228B0A6FE384618F056FA424601462046F8F773
S2140228C0F3FC384601211CF00BFA4444074660B17B
S2140228D01CF0EAF9054638461CF0CAF9EDB2014684
S2140228E02A462046F8F7E0FC2C440B4AA41B137831
S2140228F00134591C1170F37034703046BDE8F84349
S214022900092201211CF0F4B848461CF076FE4C461B
S2140229100546C3E74456002075650020AC2210B574
S21402292048245043094B1A1892F8A81004FB0100D9
S214022930034493F87700022806D092F850301BB969
S214022940032818BF012010BD0020FCE744560020D3
S21402295070B508B1012070BD234C94F8A850002D24
S214022960F8D12946B4F85C20FFF706FA294628462D
S214022970B4F85E20FFF7EAF92946284604F1600219
S214022980FFF7C8FC94F87730002BE3D0284694F87B
S2140229905860FFF73BFA864215D1002094F95A5048
S2140229A0FFF728FA854216D10020FFF7B7FF044644
S2140229B000201CF053F80028CDD02146BDE8704018
S2140229C00020FFF7F7B9284694F85810FFF730FAB8
S2140229D00028E2D0BFE7002094F95A10FFF7FCF96E
S2140229E00028E1D0B7E700BF445600200346AC20DB
S2140229F010B51446164A00FB032292F87700022806
S214022A000CD1E07F022809D141B112490978012987
S214022A1013D992F85810227891420ED1184621788E
S214022A20FFF7FAF990B1482221460B48F8F73CFC2A
S214022A3000201CF013F808B9002010BD044B93F8D0
S214022A40A8000028F8D1FFF783FFF5E72120F4E776
S214022A5044560020206F00209C56002038B5AC2338
S214022A600D4C054603FB004300205A6DD86483F8DC
S214022A70500012B15865FFF719FCF5F74BFBFF281B
S214022A801EBFAC2303FB054484F8A8000020FFF712
S214022A905FFF002038BD00BF445600207FB51D4CA6
S214022AA094F8A83023B1002084F8A800FFF750FF5E
S214022AB094F85A30B4F8A0608DF80F3026B940F278
S214022AC0FD2115481CF0BBFC144B31461D68002046
S214022AD02A46FFF7B3FEE46F02469CB10DF10F03E0
S214022AE001930023294630460093A04702462C78DD
S214022AF054B920462146FFF7A5FD2046FFF7CAFC3B
S214022B0004B070BD0122F2E729460020FFF706F85E
S214022B10F6E700BF445600201C920400506B0020CB
S214022B2038B5494B1C78002C58D1484800F06CFC4C
S214022B3020461BF093FF002850D0454C2378D90737
S214022B4033D594F850201AB123F00303237045E0DE
S214022B5023F00103237010F0CBF9237805469A0779
S214022B6001D510F0BBF9294600200FF053FF40B9FB
S214022B702378284643F001032370BDE8384010F05E
S214022B80ADB90023482284F8A33094F8A83084F81C
S214022B90A25002FB0343D3F89830A4F8A000C4F86E
S214022BA0A430BDE83840FFF779BF94F84400B0B1CE
S214022BB004F1A003251D95E8030083E80300FFF750
S214022BC06DFF94F844202846D20004F10C01F8F771
S214022BD02DFA94F84430013B84F8443038BDA26C98
S214022BE062B99B0711D52378002023F0020343F035
S214022BF001032370BDE83840FFF74CBC0123A064F4
S214022C0084F85030904723789EE710F089F9002820
S214022C10E9D194F8A83073B1F5F77CFA94F85030FD
S214022C20002BDBD1FF2818BF84F8A800BDE8384087
S214022C300020FFF78DBED4F88C30002BECD09847DE
S214022C400028CBD1E8E700BF74650020906C002016
S214022C504456002070B5044600201BF0FFFEAC234D
S214022C605C430B4E351995F850300BB1002070BD01
S214022C700028FBD007481CF052FD0028F6D1335D31
S214022C80002BF3D195F84400B0FA80F04009EEE745
S214022C9044560020906C002010B5084A034618F0EF
S214022CA074F814684FF6FF7203EB40039C42184612
S214022CB003D9018802339142F8D010BD0057002094
S214022CC02DE9F047204F05463B88A3B3B0F9023002
S214022CD0002B30DBDFF87C801C49D8F80000F8F7C0
S214022CE0A9FB20B94FF4EA7119481CF0A8FB00268C
S214022CF0DFF85CA0DFF860903A88B3B29A4204D854
S214022D004FF4EB7150461CF09AFBD9F80030B2B281
S214022D1053F83200D8F8001003EBC20468B943F83F
S214022D203210A38828460133A38018F02EF8E388D1
S214022D3003EB4003E380BDE8F087F8F77BFB013640
S214022D400028D9D1EDE700BF1C5E0020E9910400FF
S214022D50F3910400B06C0020F456002038B5094CFC
S214022D60094D22682B689A4204D94FF487710748A6
S214022D701CF065FB28682368C01A20F0010080B2A8
S214022D8038BD00BF0057002008570020F39104000A
S214022D9038B5124C124D21462846F5F741F82368FD
S214022DA00BB12B681BB9DE210E481CF048FB2A68C3
S214022DB00D4B0E491A60236823F0010313440B607F
S214022DC00B4B1A602AB9BDE83840F82105481CF0BA
S214022DD036BBFFF7C3FF6428F5D938BDF856002086
S214022DE0FC560020F39104000457002008570020E8
S214022DF00057002038B5094C094D22682B689A42C4
S214022E0004D34FF48A7107481CF019FB286823681C
S214022E10C01A20F0010080B238BD00BF045700205F
S214022E2008570020F39104002DE9F0411D4B04469B
S214022E301B78012B24D100881BF0FCFE0546D8B176
S214022E400426DFF864802C461CF004FA0746204667
S214022E50FFF736FF638843EA08036380A05B1BF034
S214022E60E9FE044638461CF0F0F91CB1B4F902300B
S214022E70002BE9DA062E01D1BDE8F0810626E2E74C
S214022E80022BF9D11CF0E6F9024620881BF0D2FE8E
S214022E9018B10388C3F30E0323801046BDE8F04141
S214022EA01CF0D3B9766500200080FFFF2DE9F04FB5
S214022EB00024BA4B97B006461C801CF0CBF90123BF
S214022EC0DFF8EC82B64F3B70B8F80030A8F8004046
S214022ED0ADF81630B34B1B6801931CF0B6F9B24B33
S214022EE021461A88B14BD2001868F8F74DF80DF152
S214022EF01600FFF799FF002E3CD1DFF8B8924FF08C
S214022F00000B0125D9F80040019B9C4239D3BBF146
S214022F10000F39D1002DF2D0D9F80040DFF898A280
S214022F2025462246019B9A4273D302230DF11600D0
S214022F303B70FFF779FF002E40F08F80D9F80060D3
S214022F403246AA4280F0A28090881BF073FE18B127
S214022F500388C3F30E039380D0881BF06BFE18B170
S214022F600388C3F30E03D3801046FFF795FE02468E
S214022F70E7E79847E3B256F823300134002BF8D13E
S214022F80BBE7BBF1000F3ED00BF1FF335FFA83FBCA
S214022F9016AB03EB8B0252F8402CB2F902005188B2
S214022FA00028B1DA4B04AFD4924641F48040931D18
S214022FB02AF8020F02933AF8020F1BF03BFEF0B11A
S214022FC0B0F902E0B0F802C0BEF1000F17DB6FEAFC
S214022FD04C4C6FEA5C4CA0F802C00390FFF770FE00
S214022FE0BBF10F0F8FBF002516AB039A03EB8B00C6
S214022FF09EBF0BF1010340F8402C5FFA83FB029B55
S2140230009A45D8D180E72046FFF746FE2246044678
S214023010C3E7104617F0B9FE8346B2F902001188DC
S21402302000280AEA010108DA20461BF0F9FD0843E7
S21402303081B204EB4B0402EB4B0510461180FFF7FE
S2140230402BFE02466EE798475FFA8AF356F823305D
S2140230500AF1010A002BF6D170E74FF0000AF3E7F7
S2140230603046FFF719FE82467EB1B6F90230718805
S214023070002B0ADA3088C0F30E001BF0DBFD864216
S21402308003462DD1C1F30D0171805646AE42E7D3F9
S214023090DFF81CA11CF0DEF800210646504617F0A9
S2140230A0D7FE1BF0C7FD0546002800F08780304695
S2140230B01CF0CBF8284617F068FE064620461BF0A2
S2140230C0AFFD81467600324629462046F7F7AEFF28
S2140230D0002249460DF116001CF0F9FA3444D9E7ED
S2140230E01BD9304617F051FEC1F30D014200718024
S2140230F01846314692B2F7F799FFC6E75046FFF7F1
S214023100CBFDD146854203D9B0F90230002B01DA55
S214023110824603E0FFF7C0FDF4E7B146554507D9FE
S214023120BAF80000C0F30E001BF084FD8245E5D31A
S214023130B9F1000F30D0B9F80000C0F30E001BF052
S21402314079FD034638B93346CB46994513D8B1457F
S2140231509BD0D946ECE7484617F017FEB9F802208E
S2140231604946C2F30D02A9F80220420092B218465E
S214023170F7F75CFFE7E718460193FFF78DFD019B23
S2140231809B46854203D9B0F90230002B01DA03468A
S214023190DBE7FFF781FDF4E7CB46DAE71E5E0020A9
S2140231A076650020005700201C5E0020F4560020A2
S2140231B0205E0020045700200080FFFFBDF8163076
S2140231C03870A8F80030044B30461C601CF03DF8FE
S2140231D017B0BDE8F08F00BF005700202DE9F04180
S2140231E005461BF027FD0F460446D8B11CF059FAD7
S2140231F020B940F2FB4120481CF021F928461BF07A
S21402320053FD05462046FFF747FDBD42064609D058
S21402321004D840F2035118481CF011F92588ED0B2A
S21402322002D02781BDE8F0816780204617F0ADFD09
S214023230074604EB40081CF00DF8104B1A68B24221
S2140232400AD1C3F800801CF000F82A464046BDE8C2
S214023250F041FF21F7F798BEA6EB0806B5B21BF0C1
S214023260F4FF072DF1D90023083D44F81730C8F8BB
S2140232700430A8F80250D5E7F39104000057002066
S21402328038B51BF0E7FF00210546044817F0E0FDBD
S214023290044628461BF0D9FF204638BD205E002093
S2140232A0024B1888B0FA80F040097047205E002072
S2140232B02DE9F74F044600881F461BF0BBFC8846E4
S2140232C0154606461CF0EDF920B940F2FE613F486D
S2140232D01CF0B5F83388DB0B009306D033892B44F9
S2140232E03381002003B0BDE8F08F20881BF0DCFCA1
S2140232F082463046FFF7D0FC01901BF0ABFFDFF8AA
S214023300D0B0019BDBF8002081469A421DD1FFF720
S21402331025FDA84204D248461BF097FF1A20E1E793
S2140233200AEB050373803FB120881BF0A1FC2A46F6
S21402333041465044F7F7B8FF3046FFF7ADFCCBF8EE
S214023340000048461BF081FFCBE71BF07EFF20887B
S2140233501BF0AAFC2844009980B21BF0FDFC06462E
S2140233600028DBD01BF084FC814620881BF080FC02
S214023370824620881BF098FC514602464846F7F7DC
S21402338093FF3046AFB11BF073FC074620881BF054
S2140233908BFC2A4641463844F7F786FF01212088EF
S2140233A01BF09EFC0121024630461BF0ADFC268037
S2140233B097E71BF05DFC804620881BF075FC2A46CA
S2140233C039464044F7F7E0FDE8E700BFF391040012
S2140233D000570020342101481CF031B8079204003F
S2140233E0036910B55BB18268064B9A4201D1002090
S2140233F010BD44691CF01CF8201AF9D5F7E74FF007
S214023400FF30F5E7D533020082681C4B70B59A424E
S2140234100446056819D11BF01DFF236923B1A34298
S21402342006D100222A601A61BDE870401BF00DBF6B
S2140234301A4611461269A242FBD12A68A24208BF66
S21402344029600B6100232361EEE7036993B198427A
S2140234506E6803D19D210A481BF0F1FF2B46B44249
S21402346009D122699D4218BF1A614FF0000308BFB6
S2140234706A60236170BD33463669F0E7D5330200D1
S214023480079204002DE9F047074600254FF0010A8F
S214023490154EDFF858808AB0347914B90AB0BDE800
S2140234A0F087D6F8009087B900972A46B8F8001039
S2140234B0234603A81CF0A2F92246484603A9E9F7C8
S2140234C023FC2544EDB20836E6E7224603A9484621
S2140234D0E9F7EEFBCDF800A023462A46B8F800101E
S2140234E003A81CF08BF9ECE750DD0400225E0020F6
S2140234F00148FFF799BC00BF225E00209C46174B8E
S214023500F7B5054608461988164611B1144B1C78BD
S214023510CCB1014662463046BDB103B0BDE8F040CC
S214023520E9F7C6BB1C44E4B208373B79002BF0D05F
S2140235303A689642F6D185F00105224600951CF0BF
S2140235405DF903B0F0BD074FEFE7E9F7DDFBB0B278
S21402355003B0BDE8F04015F0BDBD00BF225E0020FE
S214023560546F002050DD040010B5074C238843B189
S2140235700020FFF787FF0020FF22044B20801A70EE
S21402358010BD0220FCE700BF225E0020546F002020
S214023590142810B518D8082805D115F014FEC40151
S2140235A0E4B2204610BD0E2802D115F00FFEF6E753
S2140235B0064B53F82040002CF3D00A282478F0D18A
S2140235C007F0C2FB0443EBE7FF24EAE7A0DD0400B2
S2140235D0014BB3F868007047445600200048704715
S2140235E0AE560020014B1878704700BFED640020ED
S2140235F0014B1878704700BFF0640020014B18702A
S214023600704700BFF0640020204B022810B5204C03
S214023610187002D00438012822D82378042B0BD045
S21402362000211C481BF010FC2378033B012B03D916
S214023630002119481BF008FC184B1B689A0022D57B
S21402364013F0805F40F6114418BF4FF441642046E1
S21402365016F06EF9C8B92046BDE8104015F038BD20
S2140236600C48FFF7D1FE0C48FFF7CEFE17F069FEB6
S2140236702378033B012B03D816F054F91624E6E709
S2140236800DF0BAFFFAE71524E1E710BDF464002056
S214023690F5640020D46C002030480020C448002086
S2140236A0024B187800F00F00704700BFF464002049
S2140236B0034B187800F00F00831E5842584170479B
S2140236C0F464002008B517F027FEC0B117F03DFEDF
S2140236D0A8B10FF01BFD90B90A4817F070FB70B145
S2140236E0094817F06CFB50B115F075FD38B116F0AD
S2140236F021F920B9BDE80840044817F023BC002091
S21402370008BD00BF245E0020585E00200C57002033
S21402371030B505460C4693B081B910B9002013B0F7
S21402372030BD1023214A69460120FFF7E7FE9DF8C7
S21402373005305A1E052A28D91720F0E7182200213C
S2140237402046F7F721FC002DEBD1FFF7B1FF30B38F
S21402375015F0E9FB6A4601460020FEF791FEBDF829
S2140237600430204623819DF80230A3729DF8003073
S214023770E37217F0AFFF002304F11401237304F180
S214023780100004F0F7FDE081C8E7094A9DF804102E
S21402379012789142D0D12B70002CD6D1BEE7054BC1
S2140237A01B78033B022BD3D9C6E700BF64EE0100A9
S2140237B0276F0020F464002030B593B005460C460F
S2140237C0FFF776FF20B90C4B1B78033B022B10D871
S2140237D015F0A9FB6A4601462846FEF751FE002070
S2140237E09DF80230607023709DF80030A37013B00D
S2140237F030BD1720FBE700BFF4640020054B1878A5
S214023800012805D000F0FD00A0F1310358425841CE
S214023810704700BFF46400202DE9F3410E460021F4
S21402382005461BF04EFF0023124FADF806002B8014
S2140238300DF1060017F0C3FA044610B102B0BDE857
S214023840F08121460DF1060017F002FB80461BF0C0
S2140238500FFA438AB34207D99B1B4382224641464C
S21402386028461BF034FFE3E743895B07E0D53B8835
S214023870F3E700BFBE6E002008B50A48FFF7C4FD96
S21402388009484FF47A71FFF7C7FF074817F097FA0F
S21402389030B9BDE808404FF47A7102481BF0D4BA3A
S2140238A008BD00BFB46C0020CC6E00201FB50146D8
S2140238B0002201A81BF098FB064801A91BF064FF32
S2140238C020B11BF0D5F94089C0F3400005B05DF881
S2140238D004FB00BFCC6E002030B585B00D4600223A
S2140238E0014601A81BF080FB084801A91BF04CFF0B
S2140238F050B11BF0BDF90446014608222846F7F7E8
S21402390095FB6089C0F3400005B030BDCC6E002048
S21402391010B5044C204617F089FA6388181A80B24C
S21402392010BD00BFCC6E0020F8B50546F8B10021E8
S2140239300F481BF0C6FE0446A8B10D4F20461BF0EA
S21402394097F906461BF03CFB830705D40822294656
S2140239503046F7F765FE38B1214638461BF0D5FEED
S21402396004460028EAD10024201E18BF0120F8BD14
S214023970CC6E002010B50C46014606481BF004FF2C
S21402398030B11BF075F943891C4214BF0120002098
S21402399010BD00BFCC6E00201FB51446024601A81B
S2140239A01BF022FB074801A91BF0EEFE40B134B122
S2140239B01BF05EF9142201462046F7F737FB01207A
S2140239C004B010BDCC6E00201FB50146002201A82F
S2140239D01BF00AFB094801A91BF0D6FE58B11BF0E2
S2140239E047F94389024613F0020004D0507B80F068
S2140239F00800C0F3C00005B05DF804FBCC6E0020E2
S214023A000146014817F038BBCC6E0020F8B50446D4
S214023A100E46142000211BF09FF90546204617F09B
S214023A2005FA6388834225D925B33146204617F026
S214023A3023FB08BB28461BF01BF907460A22314621
S214023A40F7F7F4FA082206F10A0107F10A00F7F777
S214023A50EDFA0A4B1B887B82238823B94FF47A71CE
S214023A6007481BF0F1F92046002229461BF02FFEDC
S214023A700020F8BD1C20FCE72E20FAE7BE6E0020D0
S214023A80B46C002010B5044686B0B0B11BF098FAAC
S214023A9010F0020011D1CDF80E006168CDF81200C8
S214023AA0ADF81600206801AB03C32289044801A9B9
S214023AB01A80FFF7ABFF06B010BD2120FBE700BF60
S214023AC0CC6E0020F8B50D4616461F46044648B38F
S214023AD01BF076FA30BB2046FFF792FFE0B1214694
S214023AE011481BF051FE1BF0C3F843890573467359
S214023AF0877343F0020321894381204601F0F2F9DD
S214023B00FF28044606D001F0F3F818B10022074B4E
S214023B1043F82420002004E02046FFF7B3FF0028E5
S214023B20DDD0F8BD2120FCE7CC6E00200046002048
S214023B30F7B59DF824400D4601949DF820400646B0
S214023B4000941F460DF076FC4FF6FF71884204463D
S214023B5010D0BB0711D4284600F0CCFF20461BF03D
S214023B60A7FAFF281FBF084A32F8103023F4804312
S214023B7022F81030204603B0F0BD024629463046F1
S214023B8017F081FAEAE700BFE85D002073B50E463B
S214023B90014614481BF0F8FD0546D8B11BF068F83C
S214023BA043890446334012D09B0736B20BD5002E0B
S214023BB009DAA17B437B0289007B019101210091F6
S214023BC02146FFF7B5FF638923EA0603638162890C
S214023BD012B1012002B070BD2946024817F057F90B
S214023BE0F7E700BFCC6E00200148FFF71DB900BF03
S214023BF0CC6E00201FB50C460B4A014601A81BF0EE
S214023C00F3F901A8FFF7FCFE60B101A907481BF013
S214023C10BBFD1BF02DF80368236043680020636039
S214023C2004B010BD2D20FBE70EDE0400CC6E002093
S214023C3013B53E4C12F04CFCD4F8FC311020C3F302
S214023C4007430193FFF7A4FC000650D50020FFF7B8
S214023C509FFC01064BD5019B802B3ED1236A9A0717
S214023C6004D440F61544204602B010BDE3699B0713
S214023C70F7D52F4816F07EF9012016F04EFF12F007
S214023C803AFC04460028EED100F086F9294817F0DF
S214023C9033F900F0F1F9E8F775F912F018FC0AF0BA
S214023CA0F1FC0AF043FDF4F717F9F4F7CBF9F4F751
S214023CB0E5F904F003FD15F088FA15F089FA15F017
S214023CC03CFE1D480CF00CFC07F092FE15F0F4FDCD
S214023CD00028C8D015F0F2FDC5E7019B812BC0D1A4
S214023CE0D4F80C315B00BCD5D4F80C31BFE71020F9
S214023CF0FFF74EFC0006BCD40020FFF749FC010685
S214023D00B7D5019B802B05D1084B1A6AD207A8D5D6
S214023D10DB69ACE7019B812BA3D1044BD3F80C21C2
S214023D20002A9EDAD3F80C31A1E700BF0080E00F2C
S214023D30690345EC0C570020AD38020010B517F0A9
S214023D40FDFA70B301F0B8FB80F00104E4B2002083
S214023D50FEF7F6FA44EA800424B217F0DDFA10BB46
S214023D600220044316481BF0DAFC44EA40141548C5
S214023D701BF0D5FC24B244EA001413481BF0CFFC17
S214023D8024B244EA801411481BF0C9FC24B244EA67
S214023D9040240F481BF0C3FC24B244EAC02080B281
S214023DA010BD0124D3E70B4817F009F80028D7D036
S214023DB0094817F004F880F00100C0B24000D0E7CE
S214023DC0146D0020F86D0020C8480020786D002091
S214023DD0D86D0020245E0020585E002008B501F051
S214023DE047F90EF0DFF8FDF7D9FE154816F0E7FFA3
S214023DF008B906F065F9134816F0E1FF08B907F0AE
S214023E00E1FD03F059FC0CF01DFD0F4817F0A6F873
S214023E100E4B1B78043B022B09D80D481BF07FFC87
S214023E2028B1FFF78BFF102801D109F07DF915F0B4
S214023E30D4F917F036F9BDE808400648FFF736B859
S214023E40245E0020585E00200C570020F5640020F7
S214023E50F86D002018DE0400014B1868704700BF9A
S214023E6040560020F8B54FF6FF77104B06461B78F3
S214023E700C46033B012B0F8009D830460AF0BAFCE9
S214023E804FF6FF73984220800ED000200DE00CF013
S214023E9023FEB84205462080F7D1304600F002FDE8
S214023EA0A8422080F1D1E8E72D20F8BDF564002075
S214023EB04FF6F77370B5984204460D4686B05AD848
S214023EC017F0F0F8A04207D108222C492846F7F747
S214023ED0ADF8002006B070BD294EB6F86830A34291
S214023EE00AD10022082106F16A0017F06DF818B907
S214023EF0082206F16A01E9E7ACB1224B1B78033BC4
S214023F00012B1AD8002301221946204600930AF0F4
S214023F101BFBFF2823D1294620460AF0BFFC80F06F
S214023F200100C0B2D6E7184B1B689B07E5D42846AB
S214023F3008F0DCF90028E0D0CBE7204600F06AFF64
S214023F40FF2806D129462046FFF754FE0028D9D17D
S214023F50BFE7294600F080FF0028F3D0B9E702A9A0
S214023F6018F0CEFA0028D6D1DDF80D302B60DDF839
S214023F7011306B60ADE70120ACE700BF776500202B
S214023F8044560020F5640020C4480020014B1870F7
S214023F90704700BF276F002010B5054C0822214647
S214023FA00448E8F785FE204617F0B6F810BD00BFB5
S214023FB07765002034B608C0004870477765002051
S214023FC0082208B50349F7F72BFBB0FA80F0400940
S214023FD008BD00BF77650020014B1870704700BF10
S214023FE0E8640020074B44F6FF701A7840F6FF7329
S214023FF0012A18BF1846044B1B780BB140F4004048
S214024000704700BFF5640020E8640020F7B50D464F
S214024010044616461F460021284601F0F1FF0B4BC8
S214024020002183F859402A463346204600970EF070
S214024030AFFC014630B10222204603B0BDE8F04094
S21402404000F006B8012003B0F0BD00BF44560020C1
S21402405013B513460C461AB1022A0CBF13460123A7
S2140240600021044A019100922246FEF7A5FA02B008
S21402407010BD00BF1FB4030000B5002093B0FEF7CA
S21402408017FA1E4B18880CF031FA1D4B1D491A7888
S21402409000200EF0A1FD342200216846F6F774FFD8
S2140240A00B238DF800306FF4803301934FF6FE73C6
S2140240B0ADF8103003238DF81D30134B134A0893C6
S2140240C0134B10680993134B51680D93124B6A46B3
S2140240D00E93124B0F93124B1093124B119302AB8B
S2140240E003C300210846FEF781FC6A460121002030
S2140240F0FEF77CFC13B05DF804FB00BFB66E002032
S2140241003A6F00202CA204002145020077650020A9
S214024110BBB10300997D0200C946020099940200D1
S2140241201FB40300E9770200014B1878704700BFFE
S2140241307F650020014B1888704700BFD06E0020B4
S2140241402DE9F74F814610460E4690461BF055FA6B
S214024150DFF840B105469BF8003033B94A4B1B687E
S2140241601BB94A4B1B68002B7FD015F4406A05F03A
S21402417040071BD19FBBB5F5804F61D24FF48074C8
S214024180B9F1400F73D0B9F1800F63D0B9F1100FB7
S2140241906BD100239BF800003D4AD9B2884264D90D
S2140241A032F8021B0133A142F7D166E008F10300A0
S2140241B01BF023FA4FF6FF73984214BF0124022421
S2140241C087B1052705F44043B3F5004F44F00804D1
S2140241D025D0B5F5804F24D244F4807421E05446AD
S2140241E00327EFE7B5F5804F4FF00507F4D3BAF58E
S2140241F0406F14BF02200820384440441BF0FDF9EB
S214024200019016F06CFF019B05F4404598420CBFE6
S21402421044F0080444F00404B5F5004F01D144F01C
S2140242208004BAF5006F0FD108EB07001BF0E5F922
S214024230054616F037FFA842A2D144F010049FE7C5
S214024240544603270220D7E7BAF5406F08BF44F06A
S214024250200495E70C4B1B683BB10022D1B233F821
S214024260110033F91110002903DA002008E0074B89
S214024270F1E7A04202F10102F0D106B1348001203A
S21402428003B0BDE8F08F00BF1C5700202057002067
S214024290825E0020C7650020034B1A78022A04BFFC
S2140242A009221A70704700BF806500200C22034B5B
S2140242B01A211A700320002202F024B8806500201A
S2140242C00C2208B5054B1A211A700022104602F07D
S2140242D019F80022024B1A6008BD00BF8065002054
S2140242E0285700200C2270B50D4B05461E781A7012
S2140242F030B93046BDE8704000221A2102F002B8FA
S214024300084B1C78E1B21A29F3D825FA04F3DB0726
S21402431003D54422304601F0F5FF0134F2E700BF30
S21402432080650020566F00200C22024B1A7015F092
S214024330FABA00BF80650020F0B50C8805460E4626
S2140243408BB0E4B94FF6FF77ADF8247015F0FEFA9D
S21402435010B902200BB0F0BDCDE90340CDE905440B
S214024360134A0294B2F85C306032019300923B46E4
S2140243704CF60101FF2009AA18F00BFC30802846F3
S21402438017F026F80B4C70B1237863B1013BDBB211
S2140243902846237017F01CF838B12078B0FA80F05F
S2140243A04009C0B2D6E70523F2E70120F9E700BFCD
S2140243B044560020556F0020034B11461B6803B17C
S2140243C0184714F043BE00BF285700200C22024BA9
S2140243D01A700AF0F1BC00BF806500200148FEF7A3
S2140243E023BD00BF265E00207FB505460C46164656
S2140243F01AF00EFF00286BD1062D03D85223EB408D
S214024400DB071AD4B4F1006F05D3E30E1C3B032B73
S21402441018D94F202EE000222F4B1A602F4B1D700A
S21402442016F0FBFD03460A2D54D8DFE805F02D18DA
S2140244303E49182518535341360002F03BFCB4F1AE
S214024440006FE2D20022244B042D1A60234B1D700B
S214024450E6D1022001F02EFC16F0DFFD0346012213
S21402446002921F4A01921F4A00921F4A3146204674
S2140244700EF088FE04B070BD314620461B4A04B0DA
S214024480BDE870400EF066BE31462046184B194A0B
S21402449004B0BDE870400EF041BE00220292164AF9
S2140244A00192104A0092154AE0E702220B4B1A705C
S2140244B000221046124904B0BDE87040FEF742B82A
S2140244C0002202920F4A0192064A00920E4ACDE755
S2140244D04D20CFE70120CDE7285700208065002039
S2140244E0E5420200214502000BB40300CD43020060
S2140244F0C1420200B94302002943020039430200C6
S21402450099420200AD420200CDB3030008B50EF098
S21402451069FE0C22014B00201A7008BD806500203F
S214024520F0B585B0ADF8060018B9762164481AF0E1
S21402453086FFBDF8060016F012FB0446BDF806001C
S21402454016F00DFB082846D00C2CBDF8060042D10A
S21402455016F008FC07461BF050F80DF10F01064650
S214024560BDF8060014F01AFE002879D009220021B0
S21402457038461AF0BDFA9DF80F301033C518BDF84C
S21402458006001AF091FBEDB2854269D22946BDF8C3
S21402459006000EF035FF06F44C4416F44066054657
S2140245A014D0F81C1BF029F84FF6FF73984208BF88
S2140245B044F04004B6F5006F08D1781D1BF01DF8D4
S2140245C04FF6FF73984208BF44F010049DF80F3070
S2140245D05BB3072D44D1BDF8060016F0B6FA0446C2
S2140245E0BDF8060016F0BBFA082817D0A30615D5A4
S2140245F024F0200189B2BDF8060016F091FABDF843
S214024600060016F0AFFB002109221AF071FA00F13B
S214024610100189B20DF1060018F0E4FB0022BDF885
S214024620061028481BF053F81AE0082D16D8BDB11C
S214024630013D072D14D801A353F825F09946020030
S214024640A546020061460200654602006146020077
S214024650B1460200D7450200B74602007C2D24D0A0
S21402466005B0F0BD24F48844A4B2B4F5084FF7D1DF
S214024670BDF8060016F06EFABDF806100BF0D0FF75
S2140246800028A8D0BDF8060016F0CFFA0022014690
S21402469002201AF07BFFE3E724F48064A4B2B4F5A8
S2140246A0484F97E7B4F54C4F94E7B4F54C4F92D089
S2140246B04CF6500301E04CF640439C428AE700BFAA
S2140246C015920400245E00202DE9F7430F4690461B
S2140246D0994606461AF0CCFA044630461AF0E4FA30
S2140246E0C5B2083D2C44E178094BA2781970094BF3
S2140246F031461A70002043463A46CDF8009012F032
S2140247009CFB003818BF012003B0BDE8F08300BF51
S214024710A4650020A36500202DE9F04FDFF8408154
S214024720DFF8409198F8002099F8003006469A4241
S21402473085B004D340F2191142481AF080FE304682
S2140247400DF10F011AF068FC20B14FF48E713D484E
S2140247501AF075FE98F800709DF80F403D1B15F094
S214024760FF0530D04FF0FF3C374B01211B78A140AC
S214024770184699F800304FF6FF790CFA03FC00232E
S214024780324A01F1FF3E0193C1F1000A9DF804305E
S214024790984243D8122004FB00002D4BA0F11201D0
S2140247A005EBC5025200194404F101091844F6F754
S2140247B03DFC4FEA89092748A9F104010144AA00F1
S2140247C04844F6F733FC224904EBC40201EB4203E9
S2140247D021F81260204A013712784FF6FF71DA7319
S2140247E01A745A7412025A801C4A0D2012781A71D0
S2140247F010225A7100229A73C3F80620C3F80A20C0
S214024800144B43F8242088F800701AF0BFFE0EB945
S21402481008F05CFF204605B0BDE8F08F13884B45D4
S2140248200AD053680AEA030B03EA0E030B4403EBAF
S2140248304B0343EA0C035360019B08320133019396
S214024840A4E700BF28920400346F00205C460020D4
S214024850D85B002000460020A46500208165002069
S214024860EE640020326F00202DE9F0410746002555
S2140248700A4B0B4E93F80080ECB2A04503D8FF24F7
S2140248802046BDE8F08108223846B11DF6F7C8FE7C
S21402489001350028F4D01236EEE700BFEE640020A1
S2140248A0D85B002008B5FFF7DFFFFF281DBF00B268
S2140248B0044B00EBC0004FF6FF7018BF33F8100031
S2140248C008BD00BFD85B002007B50DF107011AF03E
S2140248D0A3FB30B19DF80730034803EBC30300EB9C
S2140248E0430003B05DF804FBD85B00202DE9F843D3
S2140248F0294E044633785D1E2D1A8342EDB204D843
S2140249004FF4A17125481AF09AFD0123A3404FF0F7
S214024910FF305F1E3B4400214FF6FF7E6FEA03081E
S2140249201F4A92F800C01F4A127890401E4ACBB225
S2140249309C4523D8BDB127B204EBC4041B486400CF
S21402494005EBC50204F11201014452002044F6F7B9
S2140249506DFBBF001648AA00391D014402F0FC0296
S2140249603844F6F763FB33780022013B33704FF688
S214024970FF71BDE8F8430E201AF008BE138873458F
S21402498007D0536808EA03093B4003EB5903034385
S214024990536008320131CAE7EE6400202892040010
S2140249A0346F0020326F00205C460020D85B002067
S2140249B00046002010B50A4C207858B9094B1B78DF
S2140249C01A2B03D9992108481AF039FD0322074BFE
S2140249D01A7010BD0138C0B2FFF788FFECE700BFBF
S2140249E0EE640020326F002028920400EA64002061
S2140249F02DE9F04705461AF0DDFEFF28044624D1CD
S214024A00DFF884901E4B99F800201B789A422BD22E
S214024A102846BDE8F047FFF77FBE38883B79504509
S214024A2018D86F2B4FEA131214D85B0710D0123720
S214024A3008F1010899F800105FFA88F6B142ECD83E
S214024A400023104ADEB28E4214D32046BDE8F08719
S214024A50022AECD90DF0E2F90028E8D129463046C0
S214024A60BDE8F04716F0F5BC4FF000084FF6F77AAF
S214024A70044FDFE7107901338F28EFD81232E1E7CF
S214024A80326F0020D85B0020EE6400204FF6F773EA
S214024A90984210B514D8FFF7ABFFFF2810D0134C7E
S214024AA000B200EBC00004EB400412F01FFC1049F9
S214024AB038B962880B7802EB0313A3EB12136380F8
S214024AC010BD227C637C09789A42E2732374617477
S214024AD007D98B4203D213468B4228BF0B461B02D2
S214024AE0EDE78A42F8D31346F9E700BFD85B002009
S214024AF0A46500202DE9F04106460F4600240E4D1F
S214024B00DFF8388098F80030A34201D8BDE8F0817B
S214024B10082229463046F6F783FD40B935F8063CAA
S214024B20BB4204D02046FFF7E1FE013CE4B201346A
S214024B30E4B21235E6E700BFDE5B0020EE6400203A
S214024B40F8B5054608460E46FFF78EFEFF2830D01B
S214024B501D4B294653F820703046FFF7CBFF2846F8
S214024B60FFF746FFFF28044625D10CF083F8FF28FE
S214024B700AD1164C207838B114F0D8F92378B0FB55
S214024B80F3F202FB1300C0B2294616F062FC04469A
S214024B9023B20F4D03EBC30305EB43050822314650
S214024BA0A81DF6F743FA2B79204603F00F032B7164
S214024BB0F8BD0027D3E7074B1B78002B18BF00274A
S214024BC0014B43F82070E3E700460020326F0020D6
S214024BD0D85B0020576F002038B50B4B04461B7875
S214024BE00D46834204D840F25A2108481AF027FCA0
S214024BF0074804EBC40400EB44002946BDE83840ED
S214024C0008220630F6F712BA326F00202892040005
S214024C10D85B002070B5044608460E461AF0CAFD58
S214024C20FF28054610D02046FFF71EFEFF2807D0B5
S214024C30084B1B7823B9084B53F8202043F825204D
S214024C4021462846FFF7C8FF31462046BDE8704099
S214024C50FFF750BF576F0020004600202DE9F843AB
S214024C600024804601272646114DDFF84C9099F81D
S214024C700030A34210D83E430134E4B21A2C4FEA65
S214024C80470705F11205F2D14FF0FF30094B1B78AA
S214024C9098403043BDE8F8832B884345EBD028463E
S214024CA016F02FFC0328E6D82B796F2BE3D8E3E720
S214024CB0D85B0020326F0020EE64002010B5084C4E
S214024CC000EBC00004EB400423795B0707D12046C3
S214024CD016F017FC237923F007031843207110BD42
S214024CE0D85B0020014B1878704700BF586F002031
S214024CF0014B1878704700BF576F002070B51A48EE
S214024D00FEF782FB194B1B78033B012B28D805F0D4
S214024D10A3FB03F057FBBDE870404FF47A511248EC
S214024D201AF092B823798F2B4FEA131111D801315A
S214024D30204616F016FC062901D8032909D1237944
S214024D40002223F007034FF6FF710F2023711AF09B
S214024D501DFC123401353278EBB29A42E2D8D6E71D
S214024D600025034C034EF6E7D46C0020F5640020C1
S214024D70D85B0020EE6400200022084B1878084B0F
S214024D80D1B2884203F1120300D8704713F80D1C03
S214024D90013221F0100103F80D1CF1E7EE64002049
S214024DA0D85B00202DE9F04702261227DFF85C9038
S214024DB0DFF85C8099F8004000250CE007FB05F35D
S214024DC038F803A00021504616F0B0FB10B15CB1D3
S214024DD0013CE4B2013599F80030EAB29342EDD8CC
S214024DE0A34204D14FF6FF7A5046BDE8F08714F08E
S214024DF09DF899F80030012EA3EB040390FBF3F222
S214024E0002FB1300C4B2EDD00126D5E7EE64002003
S214024E10D85B002010B504461AF0CCFCFF2808D157
S214024E2020461AF045F9FF281FBF024B1B78C01810
S214024E30C0B210BD326F0020044B00211A78044B1A
S214024E4004481B781A449200F6F79EB8326F002088
S214024E50396F00200046002010B5134B0C461B7815
S214024E6086B0834212D9114900EBC00001EB400123
S214024E70082220460631F6F7D9F8002208212046F5
S214024E8016F0A2F880F00100C0B206E0C01A01A92E
S214024E90C0B20CF02BFA10B1002006B010BD01AB68
S214024EA003CB20606160E8E7326F0020D85B002009
S214024EB008B5074B024653F820308B4206D9152018
S214024EC04FF6FF711AF062FB002008BD0120FCE7D6
S214024ED000460020024B013143F82010704700BF05
S214024EE0004600202DE9F34781460C4600272A4E4D
S214024EF0DFF8ACA09AF80030FDB2AB4210D8694693
S214024F00204617F032FCC0B3082269464846F6F738
S214024F1087FB90B34946204616F0C9FDFE2537E0CA
S214024F2006F10608082241464846F6F779FB90B98C
S214024F304FF6FF739C422BD03388A34228D02046DC
S214024F401AF0B6F8FF2814D14946204602B0BDE84A
S214024F50F047FFF7F5BD14B912360137CAE73388B2
S214024F60A342F9D100220821404616F02DF8002867
S214024F70F2D12846FFF7BAFCCCE7494600201AF0E1
S214024F8067F8FF28054603D0044B1B780344DDB2BE
S214024F90284602B0BDE8F087D85B0020326F0020BA
S214024FA0EE64002008B5FFF7E7FE054B1B78013BD1
S214024FB0012B03D8BDE808400CF084B908BD00BF39
S214024FC0F56400200F4B1B7883420CD8C01A0E4A99
S214024FD0C0B232F81030D90411D443F4805322F808
S214024FE0103001207047094B00EBC00003EB400372
S214024FF05A79D10603D442F010025A71F1E7002022
S214025000704700BF326F0020E85D0020D85B0020AA
S214025010F0B5134B06461B78FBB100251148DFF8A6
S2140250204CC090F800E0104807781F44E8B2864566
S21402503001D80020F0BD7C1B94FBF3F003FB104468
S2140250400CEBC4003CF83440B44204D1002AF1D13F
S21402505084788C42EED00135E8E71846EAE700BFCE
S214025060346F0020B0480020EC6400205C4600202C
S21402507070B511F01EFA14250F49104E0B783288BF
S21402508030809B1A03449BB2B3FBF5F405FB143342
S2140250900B700B49E2B20B78934292BF00239B1A25
S2140250A0DBB2032A0B7088BF002306499EBFD200DC
S2140250B00B68D3400B6070BD84650020285E00201C
S2140250C0EB640020B0480020084B1868084BC2B2B8
S2140250D01B789A4208D2074BC0F307201B789842E7
S2140250E034BF00200120704701207047B0480020DE
S2140250F0346F002083650020F8B505461746FFF793
S214025100E3FF064610B9184B1A783AB92120012255
S2140251104FF6FF711AF03AFA0020F8BD1348DFF88E
S21402512054C003780133B3FBF2F402FB143303706A
S2140251300F48DCF8002000EBC30420F8335002F1DD
S2140251400132A1703846CCF80020FFF787FDE670E2
S214025150606015F0A7FFA84201D10120DDE7E378E1
S2140251600133E370F9E700BF346F0020EC640020DF
S2140251705C460020B048002010B50B4C0B4A237842
S214025180063B137011F095F90022094BFF21188097
S214025190084B09481A602278D200F5F7F5FE042279
S2140251A0064B1A7010BD00BF346F002083650020C6
S2140251B0285E0020B04800205C460020EB640020F9
S2140251C048B139B1044B1B780B70044B1B78037043
S2140251D0012070470846704782650020596F0020FC
S2140251E02DE9F84307461AF023F905461A481AF03D
S2140251F096FA1A4B48B31C683C1B2C44A4B20022F5
S214025200174BDFF864901B78164D99F8006005EB93
S21402521003155FFA82F8464509D9AB8805F11000F6
S214025220A34215D9B21A29461201F5F7FFFE013636
S21402523089F80060AC80B8F1000F03D13946064801
S21402524019F002FE2846BDE8F8833C461D60D6E704
S21402525005460132DDE700BFF46C00202C57002023
S2140252608665002000450020876500202DE9F74F5F
S2140252701AF0DEF84FF0000E284D294F2978294CF7
S21402528097F800A004EB011303EB0A120092F34610
S2140252905246DFF898801FFA80FC0646B8F80000EF
S2140252A0ACEB0009A0EB0C001FFA89F901900098FC
S2140252B0984217D1BEF1000F00D02970524503D292
S2140252C000203A70FDF7E6F83B7823B32B781648B1
S2140252D004EB0314A188C8F8006003B0BDE8F04FE1
S2140252E019F0B2BDB3F804C0CC450FD84FF0010E8A
S2140252F093F802C001310CF1FF3C013AA3F804B066
S21402530083F802C0C9B2D2B21033D0E701988444FF
S214025310A3F804C0F8E703B0BDE8F08F8665002066
S2140253208765002000450020F46C00202C570020E2
S2140253307FB56C461E4B1F4D1E78013EF6B21E70A0
S21402534095E80F0084E80F001B4B28461A7805F1F3
S214025350100132441201F5F769FE9DF8026016F05C
S2140253600F0511D1BDF808000EF0C4F9360918BFB2
S21402537029464FF00002BDF8000008BF039904B0AA
S214025380BDE8704003F0F4BCBDF80400FFF728FF48
S2140253900346828804ADADF80420224603CAAA4218
S2140253A018605960144603F10803F6D104B070BDC4
S2140253B0866500200045002087650020F8B5002499
S2140253C0084D094F094E3B783178E2B20B449A42B7
S2140253D004F1010400DBF8BD2846FDF725FD103573
S2140253E0F1E700BF004500208765002086650020A3
S2140253F070B5134B06460D46104612491A78124BE4
S21402540009781B780B44934206DB1F204FF6FF7188
S2140254101AF0BCF8002070BDFFF7E2FE01350680E8
S2140254208570044619F0FFFFE0800EF069F940F639
S21402543002432081E3600020FDF72CF80120EAE712
S214025440316F002087650020866500202DE9F8432D
S21402545086460023144FDFF85C803E7898F80050AA
S21402546012497219DCB294421CDA4FEA041C31F873
S2140254700C900133F14501EB0410F3D1631CD21AF0
S2140254800CF1100C12016144F5F7D0FDA5428BBF5A
S21402549005F1FF3506F1FF3688F800503E700CB96C
S2140254A0034B1C70BDE8F88387650020004500208A
S2140254B08565002086650020044B054A1B78127815
S2140254C0D3420CBF01200020704700BF8665002033
S2140254D087650020024B1878003818BF01207047F5
S2140254E086650020002108B5084B09481970094B4B
S2140254F01970094B1970094B1A781201F5F744FD19
S214025500BDE808400648FDF77FBF00BF876500205C
S214025510004500208665002085650020316F00204A
S214025520F46C002010B50B4C23784BB10A4803F0FC
S214025530ABFD58B1084B0121188815F0F5FE08B9E5
S214025540002010BD0122054B1A70FAE7FFF7F0FEA5
S214025550EAE700BF8665002000450020856500203A
S21402556010B50E4B1B78BBB10D4C238883424FF00F
S214025570000311D10B4AE160137049B9A3781033C6
S214025580A37016F0C7F918B9A37823F00F03A37017
S214025590FFF7CEFE012010BD1846FCE78665002008
S2140255A0004500208565002070B592B00C46064680
S2140255B013F0B9FCE17A05460020FCF72DFC28B36F
S2140255C094F90A0015F00EFD10BB134BE27A294639
S2140255D083F85820A27A83F85A206A46FCF750FFCE
S2140255E04FF6FE739E420CBF4FF6FF7323896A4640
S2140255F029460020ADF80660ADF80430FDF7F6F94E
S21402560040B92289054B5A8012B070BD5520FBE77F
S2140256105620F9E72120F7E74456002030570020AD
S21402562010B50446014608220948F5F7FFFC237B1D
S214025630022B0AD8002B14BF3122012205490B7017
S21402564017234B61044B1A7010BD00230122F5E7A5
S2140256503457002030570020F464002001461023FF
S2140256600120014AFDF74ABF64EE0100014B586172
S214025670704700BF30570020014B1878704700BFB4
S2140256803057002010B5054C2378112B03D0E221A9
S214025690034819F0D4FE4123237010BDF4640020A1
S2140256A033920400064B01461B78042B04D1054AAC
S2140256B0137E053313767047034819F0C5BB00BF47
S2140256C0F564002030570020146D002008B5064807
S2140256D0FDF7AAFB0548FDF7A7FB13F06BFDBDE837
S2140256E0084001F003BB00BF245E0020585E002085
S2140256F0064B1878332806D000F0EF00A0F14303DB
S2140257005842584170470120704700BFF464002099
S214025710002208B5074B4FF6FE701A7015F0CEFC45
S2140257204FF6FF7015F0E7FC034B5869BDE80840DA
S21402573013F0CEBCF46400203057002008B5064BA8
S214025740187838B10548FDF74BFE4FF47A73B0FB74
S214025750F3F0C0B208BD00BFE96400207048002024
S2140257602DE9F0438BB00746154698460E469DF83F
S214025770489049B9104605AC19F09AFC21460BF040
S214025780B5FD172818BF2646B9F1000F0AD1124BED
S2140257901B781BB9284617F00DF8D0B92846FEF735
S2140257A013F902E0284617F005F880F00104E4B287
S2140257B09DF850302A4602939DF84C303146CDE98A
S2140257C0009338464346039415F00CFF0BB0BDE831
S2140257D0F0834C46ECE700BFF06400202DE9F04F62
S2140257E097B099469DF88830BDF880B0219D089301
S2140257F09DF88C300E4658460FA90492079317F070
S21402580053FC05B3002800F0208195F801A00FACE8
S214025810CAF3400A8E4B19F0800F1B7814BF4F460E
S21402582049F08007022B17D04FF6FF78002D40F084
S21402583087810225584615F08DF92B4642462146A9
S21402584015F0A9FCBCE0584615F005FA04460028F7
S21402585000F0FB80AA46DDE71EB97E4B1B78002BC4
S214025860E2D00DF13A012046FEF7FCFA584615F052
S21402587005FA012838BF0120C3B2059395B3281D47
S21402588019F0BBFE804609F002032046069315F087
S214025890E4FB214609908146002019F0D9FB069ABE
S2140258A0099B12BBFF2820D1F2F7E6FA6A4A127861
S2140258B0824200F032814FF6FF72099B934214D166
S2140258C0FEF726F8002800F028814FF6F773984571
S2140258D023D916F0BCF811A98146FEF7E9FA00288A
S2140258E0F7D02EE0BDF83A80CDE74FF6F772904536
S2140258F020D8934211D898450FD0194622460AA8B6
S21402590019F072FB0A980B9913AB03C3BDF830204B
S214025910022113A81A80FEF739F9404611A9FEF7AC
S214025920C7FA024628B9082111A815F04DFB00282F
S21402593066D0C1464FF6F67209F1FF339BB2934228
S214025940C7D8BAF1000F03D1444B1B78002B60D1A5
S214025950584615F0FFF8059B4A4601930123214657
S21402596000933B46FEF7E4F84FF6FF7398428046F4
S21402597000F0D380014600220AA819F035FB0A98E7
S2140259800B9913AB03C3BDF83020022113A81A806B
S214025990FEF7FCF8002D3FF44DAF002E40F0D2800B
S2140259A045460123C7F3C0074246CDE901632146B7
S2140259B02B4604980397CDF800A015F013FEA846D0
S2140259C0BAF1000F0FD04FF6FF7398450BD0404642
S2140259D019F06EFBFF281FBF214A32F8103023F45D
S2140259E0804322F81030089B7BB315F05BFB249BA8
S2140259F0014600934246234607980CF0EDFC24E04D
S214025A000822204611A9F5F70BFE00287FF461AFA5
S214025A108FE7002D64D0134B1B68980727D5049B8D
S214025A200F2B21D0281D19F0E8FD02230121CDE914
S214025A3001310023C7F3C0070246009321464FF602
S214025A40FF730498039715F0CDFD17B0BDE8F08FED
S214025A50F4640020E9640020ED640020F064002075
S214025A60E85D0020C4480020079B012BDAD1281DE0
S214025A7019F0C3FD804619F01BFB0990404619F049
S214025A8099FE4FF6FF71BDF83A208A4256D042453B
S214025A90099B53D1FF2B4AD0184616F0A1FE784038
S214025AA010F0EF0F14BF01230023BDF83A0009934C
S214025AB019F0FEFA0690BDF83A0019F07BFE099B33
S214025AC066B14FF6FF7CBDF83A10614506D04145F7
S214025AD004D0069A0240D2B2FF2AA3D1002BA1D14B
S214025AE0224649460AA819F07FFA0A980B9913AB80
S214025AF003C3BDF8302058461A8015F02BF83A46F4
S214025B000146059B13A8FDF7DDFF30B94FF6FF737C
S214025B10BDF8548098457FF43DAF4FF6FF789DB1AF
S214025B200126281D19F069FD4546804639E7FF28FB
S214025B3004D0069BB3FA83F35B09B6E70023B4E707
S214025B400226EEE70026ECE7012573E60022014B6B
S214025B501A7670473057002008B50B4B1B78022B7D
S214025B6010D10A4B1B78033B012B0BD9084B187834
S214025B7000F00100FEF730FA0023064AC2E90133BC
S214025B80538008BD0020F3E7F4640020F56400208B
S214025B90E96400203057002038B5174D2B78033BB8
S214025BA0012B1CD8154BB3F868204FF6FF739A42A8
S214025BB015D10320FDF728FD02F0CEFBFFF7CCFF40
S214025BC02B78033B012B01D909F0FCF8002018F0D2
S214025BD045FF78B1BDE83840002015F0D1B8FDF792
S214025BE0FDFC0446FDF7F4FC0146204608F05EFB89
S214025BF00220DFE738BD00BFF564002044560020CF
S214025C0008B5114A114B58611378032B1BD0D3B138
S214025C10332B01D0432B10D10D4B1B78033B012BAA
S214025C2005D803231370BDE8084013F051BA13F0E9
S214025C304FFABDE80840FFF7AFBF21231370BDE857
S214025C40084002F09DB908BDF464002030570020D9
S214025C50F564002038B504461348FDF7D5FB134B10
S214025C601B78013B012B1DD8114D5CB92B7823B153
S214025C7040F619402C7013F02BFA0024FFF76CFF45
S214025C80204638BDFF2C05D04FF47A710648614392
S214025C9019F0DAF82B78002BEFD1012340F61840E2
S214025CA02B70E8E70224E9E770480020F56400203C
S214025CB0E964002038B5114D04462B78834218BF9C
S214025CC0287013F03BFE80B124B9204613F038FE4C
S214025CD002220DE0012013F033FE2B781A1F012A50
S214025CE005D9062BF4D1032202E0002CF5D10122BD
S214025CF0BDE838400021084615F09ABBF56400203E
S214025D0030B5044685B068460D46FFF7A7FC94B149
S214025D1000212846144A02F043FB144B20681B78E5
S214025D2061688DF80430124B1B788DF8053002AB93
S214025D3003C306F0B1FA0F4B93F8582093F85A3083
S214025D408DF803208DF8023015F0C9F9ADF8000081
S214025D5015F0A8F91023ADF8060069460020064A99
S214025D60FDF7CCFB05B030BD00F8FF07276F00201B
S214025D70F56400204456002064EE010010B5144B72
S214025D8004461A78134B002083F8582018F066FE53
S214025D9010B1002014F0F4FF00210846FFF7B0FF10
S214025DA00D4B1B78033B012B0ED813F0BBFD204690
S214025DB0FCF754FE40F6174013F08AF90023074A10
S214025DC01380074A138010BD0BF016FCEFE700BFE6
S214025DD08865002044560020F5640020FE5D002001
S214025DE0FC5D00201FB504466846FFF737FC54B139
S214025DF000238DF80530102369460020064AFDF779
S214025E007DFB04B010BD15F04DF9ADF8060015F097
S214025E1066F9ADF80000EEE764EE010010B5014643
S214025E2004460020FBF7F8FF90B10C4B1B78023BB0
S214025E30032B0FD80A4B1C7019F0EAF960B9094A0D
S214025E400949FCF77FFB003818BF0120800010BD0F
S214025E505520FCE70220FAE74D20F8E7F46400201C
S214025E6088650020419502007D5D0200F8B5064671
S214025E7019F0CEF9044668B918F0F0FD50B1064D97
S214025E80204695F8587085F8586014F079FF10B1DE
S214025E9085F858704D20F8BD445600202DE9F04193
S214025EA080461846033B012B0E46174602D918B108
S214025EB021243CE0FFF7FEFE294B1B78012B4CD039
S214025EC0284B1D78022D08D0032D46D1B8F1000FBD
S214025ED003D1254B1B689B073FD43320FDF794FB69
S214025EE001F0E8FCB6F1006F34BF204B05223146C4
S214025EF04FF0060038BF1A78FEF776FA044628BB3B
S214025F001B4D2873012000F029FF15F0E8F8688081
S214025F102846B8F1000F0DD0022300F8043B15F016
S214025F20D9FB6C732F613946304613F00BF82046C6
S214025F30BDE8F081012300F8043B15F0CBFB6C733F
S214025F402F613946304612F0FCFFF0E72846FDF78F
S214025F505BFBB8F1000FF4D0E5E70224E7E700BFE9
S214025F60F5640020F4640020C44800205A6F002024
S214025F7030570020034B187818B9034B034A1B7896
S214025F80D05C7047F3640020F56400200BDF040049
S214025F9038B5174B04461B78033B012B06D8437BC8
S214025FA0DB0703D590F9090013F0BBFC0025114B63
S214025FB083F859502079FFF759FFFFF7DBFF618816
S214025FC02488034622462846FEF720F8044620B1D7
S214025FD01720FFF715FE204638BD1723064DC821A9
S214025FE006486B6118F030FF03232B76F3E700BFF9
S214025FF0F56400204456002030570020146D00201F
S214026000F0B51A4D06460C4693B0A5F8680005F1A1
S2140260106A0729BBC5F86A10796012F084FF6A46DF
S21402602001460020FCF72CFAD5F86A30ADF810606D
S214026030CDF812307B68CDF8163012F074FF6A463F
S21402604001460020FCF7D2FC4FF6FF73B5F8680055
S214026050984203D014B1064912F077FF13B0F0BD90
S21402606008223846F4F7E2FFD7E700BF445600207E
S214026070AE5600202DE9F041DFF8B8801F4698F8AA
S214026080003005460C4616461BB102252846BDE8DA
S214026090F081531E052BF8D819F0BAF80028F4D16F
S2140260A03B7B032B14D14FF6FE739C4212D1012E7A
S2140260B009D0022EE9D114F0F5FF4FF6FB73984291
S2140260C003D814F0EFFF044604E015F0C0FCFAE72C
S2140260D0012EDAD0EDB939462046FFF765FA0546B5
S2140260E00028D3D198F80030332B03D0532B1CBF93
S2140260F00E4B18613046FFF7DDFD00214FF6FF70AC
S214026100FFF77EFF0A4B1B78002BBFD00BF048FA36
S214026110BCE7397B721ECB1E594259415042504150
S21402612007F054F905460028D5D0AFE730570020CF
S2140261305B6F0020F46400202DE9F843054688468C
S214026140914614F0AFFF3F4E04463378033B012BD3
S21402615006D86B7BDB0703D595F9090013F0E1FB44
S21402616014F0A0FF384B394F188014F0B8FF384BA4
S2140261701880FDF72DFA374B1880FDF72FFA082204
S21402618001463548F4F752FF14F055FF334B1870AA
S2140261902879FFF76BFE00216888FFF731FFFDF7CD
S2140261A02DFB60B14FF6F672631E9BB2934206D980
S2140261B015F04DFCB7F8683004468342F8D0204606
S2140261C014F07CFF288814F096FF4946B7F868005A
S2140261D0C047044628B91920FFF712FD1920BDE86A
S2140261E0F883B7F8681014F0F4FC00231C4D87F807
S2140261F059302B7803F0FB03022B02D0204615F011
S214026200E1F9002220461146FFF7F2F80446A8B14B
S21402621017236B613378042B09D1C821114818F073
S21402622013FE03232B7684F00100C0B2D7E74FF4A7
S21402623016710C4818F008FE0023F3E71720FFF744
S214026240DFFCF0E7F56400202E5E002044560020B6
S2140262502C5E00202A5E00208965002091650020C1
S21402626030570020146D0020F0B50C461E460B4633
S2140262702049074689B004F1140053F8045B8342B0
S21402628041F8045BF9D11B8802AD0B80D4F80E00EE
S214026290D4F81210238803C5ADF8103023798DF890
S2140262A012208DF8133000233A468DF814304FF63C
S2140262B0FE71012002ABFFF7DDFEC8B902A8FFF7A8
S2140262C0AFF9237B4BB10C4D0C4B01AA294601209A
S2140262D0019313F002FB2A781AB92046FFF758FEFC
S2140262E003E020460199FFF727FF08B9044B1E700A
S2140262F009B0F0BD305E002030570020EBB6030038
S2140263009265002001232DE9F341304E05460F46E3
S21402631000202F491446737300F0EEFC13F003FBC3
S214026320DFF8AC8038B9012D01D9042D0FD12146F2
S214026330384612F091FE102000210AF07FFC002859
S2140263403CD0002002B0BDE8F041FCF7A3B8002C18
S214026350F1D1204B1B78212B03D0062B01D0532BD7
S21402636002D101F00DFEE6E7FDF748FA0028E2D07A
S21402637000F0EEFC28B9307BC0F11800FFF740FCB5
S214026380D9E7154B41462046019300F0B5FC20B1F3
S21402639040F61901114819F052F801AA0B4998F86B
S2140263A00C0013F09AFA32781AB90948FFF7F0FD92
S2140263B0C1E701990648FFF7BFFEBCE7FFF78AF878
S2140263C00028BED102B0BDE8F08100BF30570020E1
S2140263D0305E0020F4640020EBB603003392040023
S2140263E01FB5144B04461B88DB0707D44FF6FF7015
S2140263F00021FFF705FE002004B010BD0A230E4A56
S214026400012001A9FDF77AF84FF6FF73BDF80C20BC
S2140264109A42EBD00822FF2101A814F0D5FD0028ED
S214026420E4D10CB90120E7E7BDF80C0001A9FFF79B
S214026430E7FDF7E7485E002026E1010038B50C4686
S214026440154614F03BFE03F0AFFE29462046FFF742
S214026450D7FD00F07DFC48B1074BDB790E2B28BF39
S2140264600E230133DBB2054A137038BD044B1B788A
S214026470013B18BF0123F6E7305E0020A865002026
S214026480F564002038B500220821044614F09CFD6D
S2140264900546C8B914F006FE2A464FF6FF71FFF706
S2140264A0CDFF2046217CFFF72BFC6269E189207C28
S2140264B001F076FF054B1B78012B01D107F0F6F8A9
S2140264C0FFF76AFB002038BD0120FCE7F5640020D8
S2140264D038B51D46FFF7CEFD0446C8B92B7B2846C5
S2140264E0032B03D1BDE83840FFF7CCBFFFF798F87F
S2140264F0084B25469C8114F09EFD0121064B8140E7
S2140265001A780620FDF770FF044608B1034B1D708B
S214026510204638BD305700205A6F0020F464002011
S21402652030B5012087B0FFF75BFF6B460446144A7E
S2140265301068516803C384B905F0BCFE02A8FFF7D1
S2140265408DF84FF6FF752246BDF80E002946FFF776
S21402655075FF12F000FD07B030BD6B46094AD2F84F
S2140265606A00D2F86E10B2F8685003C305F0A2FEB5
S21402657002A8FFF773F86A46BDF80E00E6E700BF0A
S2140265809B1B04004456002073B53A4B04461B7806
S2140265901BB10224204602B070BD18F039FE002856
S2140265A0F7D100F0E5FB14B12288334B1A800021A4
S2140265B00DF10700FDF7ACF8002856D115F07BF870
S2140265C004460028E6D12D4D9DF80700FFF772FB22
S2140265D02B785A1E012A1FD8FFF7A2FF2B78033BFF
S2140265E0012B01D801F014F9FFF7D6FA012014F0B6
S2140265F0E9FC034600283AD12A78033A012AC9D888
S2140266001D4A108810F0020521D0052201201C49DF
S214026610FFF744FC0446BDE7033B012B04D82046A3
S214026620FFF7DEFE0028D7D12B78053B012BB1D829
S214026630FFF776FFFFF7B0FA2B78052B0CBF042086
S2140266400520FCF7E1FF012014F0BCFCE2E70D4E4A
S2140266500223314601200C4AFCF750FF33885B07C1
S21402666098D5284601F0E8F894E7172492E70446FE
S21402667090E700BFF4640020485E0020F564002026
S21402668000F8FF07FA5D002027E101007FB500242D
S214026690184E194D3278E3B29A4201D804B070BD52
S2140266A04FF6FF73B5F868209A421AD0134B1B8830
S2140266B0DB0714D5124AB5F8683010685168ADF891
S2140266C00C3001AB03C30F4A0A23002001A9FCF7D2
S2140266D015FF022300200C4A0C49FCF70FFF013479
S2140266E0D8E700220821064814F06EFC0028F6D1EE
S2140266F0DCE700BF336F002044560020485E0020CF
S214026700AE56002026E1010027E10100FA5D0020D6
S21402671010B501F0CFF802F013F8D8B10E48FCF726
S21402672073FE0E480E4C017A0E30FFF7E9FA237814
S2140267301BB100F0BFFA002323700022094B1A7324
S214026740FFF72AFA08F056FD01F044F9BDE81040BA
S214026750FFF79CBF10BD00BF146D0020305E002006
S214026760926500203057002010B52548FCF74CFEF5
S21402677001F0E6FF30B1234B1B781BB9BDE8104091
S214026780FFF7C6BF01F0DCFF78B11F4C237E83B152
S214026790C8211B4818F058FB0021237E0846013BFF
S2140267A02376BDE81040FBF7E3BEFDF727F8002886
S2140267B0EBD1FDF723F8154B1B7858B9112B03D0F4
S2140267C003F0FD03412B19D1BDE810400E4B58696A
S2140267D0FFF716BA332BF7D10D4B188814F06EFC60
S2140267E00C4B188814F087FC0B4B0C491888FFF7E3
S2140267F007FC0B4B1878FFF739FBE5E710BD00BF27
S214026800146D0020F064002030570020F46400204D
S2140268102E5E00202C5E00202A5E00208965002065
S214026820916500202DE9F04F0F4685B002AD044673
S21402683029463846914616F037FC4FF0000B824642
S2140268403846CDF804B014F08DFA4678022C80460D
S21402685006F0020609D85CB1FCF7D0FF0446002811
S21402686048D1754B01241B7865E0043C022C3AD9CA
S214026870FCF7C4FF384614F0EEF900240546A0469D
S214026880DFF8D8A1384614F06DFA50F809300DF149
S2140268900500019318F0B1FE9DF807B00746B8F15F
S2140268A0000F4DD1BBF1000F5BD0DFF88C9199F849
S2140268B000300BB1002E63D0002C61D05F4B1B78EA
S2140268C0022B5DD1BBF1000F53D1384614F0F6FB14
S2140268D058465946FFF714FA08F08CFC40F6074073
S2140268E012F0F6FB34E014F0B5FEFCF787FF044620
S2140268F0F8B15C464EB1524B1B78012B02D0043BDA
S214026900012B0BD805B0BDE8F08F4B4B1B782BB193
S2140269104B4B1B7803F0FB03022BF3D0BAF1000FAC
S214026920404608BF002516F0B2FB4FF0010882462B
S214026930A8E7414B1B78002BF0D0002EEED1E1E702
S214026940BAF1000FAED05046FDF73AFB0028A9D1A7
S214026950002018F083F80028D4D0002014F010FA93
S214026960D0E74FF6F7739F429FD91720FFF748F9F3
S214026970EEE7FCF743FF48B13248FCF745FDF4E783
S214026980FCF73CFF10B1BBF1000FF5D1FCF736FF68
S2140269900028DDD02846FDF767FFFF28DFF89CA019
S2140269A0294C03D09AF80030012B04D12946B4F8BA
S2140269B06800FEF7C5F8FEF781F92A463846B4F8AD
S2140269C06810FFF73BFD214B214A93F906301B0264
S2140269D013809AF80030012B19D0312B14BF4323B1
S2140269E011238AF800301B4B1648196818F02CFA47
S2140269F000F00EFF0023124C99F80010237641B9DE
S214026A00104818F021FA40F61B436361A0E71123F1
S214026A10E7E7B8F1000F03D016B1FFF779FEF2E709
S214026A200D4B1B78042BEED10521064818F00CFA04
S214026A3009232376E7E700BFF0640020F464002011
S214026A4030570020146D002044560020305E00208F
S214026A50465E0020346D0020F56400207765002035
S214026A602DE9F043084693B00E4614F07BF909224E
S214026A700021804618F03CF80446304614F0EBF845
S214026A80052207460DF1090330460AA912F07AFBE1
S214026A90022881461DD09DF8093031461C44002349
S214026AA0E4B204F1100218F8045001200093D2B2A6
S214026AB010F0C3F968B1072D09D855B1013D062D6E
S214026AC007D8DFE805F00918068A062541007C2D5E
S214026AD045D013B0BDE8F0835B4B1B78013B012B1E
S214026AE0F7D8304614F036F800233246194600949A
S214026AF014F0B4FDEDE7554B1B78012BE9D1544B4E
S214026B0018780028E5D122463146FFF78BFEE0E7EB
S214026B104D4B1B78013B012BDBD8384609F0DCFFD6
S214026B204FF6FF739842044606D0304614F012F829
S214026B302246394614F01EFB444B1B78022BC8D162
S214026B40384612F087FAC4E73F4B1B78013B012B0D
S214026B50BFD8494630460AAA00F01EF9B9E73A4BB2
S214026B601B78013B012BB4D8A04498F8012098F872
S214026B700230652AADD16D2BABD1304618F094F8B1
S214026B801334E4B28442A4D20822394603A8F4F7A6
S214026B904DFA214630460DF10A0216F0C8F90028D1
S214026BA097D1BDF80A30002B93D005A809F0B0FAA9
S214026BB00123284DBDF80A002B7018F075F804461C
S214026BC0BDF80A0018F054F8E2B2034605A903A875
S214026BD012F0DAF900232B707BE71B4B1B78013B84
S214026BE0012B3FF676AF06220021404617F080FFC3
S214026BF0404418F002FD0746FCF758FE04460028FB
S214026C007FF467AF304613F0A0FFC3047FF561AF91
S214026C1046F204030121ADF8143038460223CDE9CA
S214026C20004405AA16F0D2F9054600283FF451AFF3
S214026C30394613F0CEFF304613F08CFF2246294623
S214026C40FDF706FA45E700BFF5640020F46400206D
S214026C5030570020C365002008B5084B187050B1A5
S214026C60074B1B883BB14FF47A710648594318F01C
S214026C70EBF8002008BD0120FCE700BFE764002017
S214026C80D26E002070470020014B1878704700BF74
S214026C90E7640020014B188000207047D26E002067
S214026CA008B5FCF7B1FB0022014B1A7008BD00BF05
S214026CB0E764002010B50024044B05481C80054BF1
S214026CC01C70FCF7A1FB204610BD00BF4A5E0020E8
S214026CD0386D00209C65002008B50348FCF794FB3D
S214026CE0BDE80840FFF7E6BF386D00200148FCF714
S214026CF09BB800BF4A5E0020F7B5134B04461B78CC
S214026D000E46EBB183421DD90021104818F0D9FC7B
S214026D10002501460D4F09B9012009E0AC4209D110
S214026D200024162322463046009418F067FD2046BB
S214026D3003B0F0BD384618F0E8FC01350146EAE734
S214026D401820F5E72720F3E79C6500204A5E00201E
S214026D50014B1878704700BF9C65002025289DBF10
S214026D60024B187000202120704700BF5D6F002084
S214026D70012307B51846064A0DF10701FCF7BEFBCC
S214026D809DF80720034B1A7003B05DF804FB00BFA2
S214026D9029E10100D46E0020F8B507460E461446D7
S214026DA013F059FF1A4B05461B78022B2FD11948B0
S214026DB018F0B5FC58BB284612F001FA38B3224642
S214026DC03146384612F0F7F908B312F0AFF8044627
S214026DD0384613F0BFFE104B012E1A784FF00F0301
S214026DE003FA02F39BB2B4FBF3F203FB124404F180
S214026DF00104A1B206D1094B094A1E702B68136022
S214026E006B6853600348BDE8F84018F01DB8F8BD3B
S214026E10F4640020904800205C6F00209B650020F0
S214026E209365002084B010B502AC84E80F000822F7
S214026E3027480DF11601089CF4F7F2FB08BB9DF8F3
S214026E4015309A0705D4234B1B7803F0FD03312B2C
S214026E501DD121496378097803F00F028A4203D0D4
S214026E60012922D1022A12D1227882B91B09022BC9
S214026E700DD11A4BA0781B78022B1AD1C0F38000D2
S214026E8006E000220821124814F09EF820B90020DD
S214026E90BDE8104004B07047114BBDF808205B886F
S214026EA09A42CCD0002BCAD0F1E70229EFD1012AB0
S214026EB0D9E7030609D40B4BB3F86820BDF80A30AD
S214026EC09A42E4D1FEF714FCE2E70120E0E700BFB5
S214026ED034570020F4640020276F0020F564002059
S214026EE03057002044560020284BF0B55D8800231A
S214026EF087B08DF80830264B0DF10B001B7805F095
S214026F00010743F020038DF8093014F0E3FB6FF01D
S214026F107F43ADF813308DF8153014F059FC1D4B35
S214026F208DF816001B7805F01006DB00DCB2F0F7D1
S214026F30A3FF194B1B7883422CBF44F0040344F092
S214026F4084032FB1A9061ED426B143F0020301E042
S214026F50AA07F9D4002108468DF80A3017F0FCFE7D
S214026F60ADF8060058B101230F2202A90DF1060062
S214026F70FCF79EF918B90DF1060012F0ABFCBDF84D
S214026F80060007B0F0BD43F00103DDE7D46E002033
S214026F90276F0020A8650020ED64002010B5FCF7DE
S214026FA033FA0A4B1B78022B0CD1094B1B78033B96
S214026FB0012B07D9074C207828B1002012F002F9DD
S214026FC00023237010BD14F0A8F8F9E7F46400203B
S214026FD0F56400209B65002084B02DE9F0478EB052
S214026FE016AC84E80F00DFF878C1594BBCF80200F3
S214026FF09DF85DA010F001049DF96220BDF870E0D6
S2140270009DF875909DF976709DF878509DF97A10E6
S2140270109DF95E809DF860601B7835D09DF87D00F6
S214027020C0F34004C0F38000002B4AD0494B1B78C3
S214027030022B09D18A4244DB24D1A81BC0B2802885
S2140270408CBF0020012016E0434B1B78012B01D198
S214027050002C7AD078B19CF800301E335BB29F4287
S214027060D4BF002701279845D4BF00230123BB4283
S21402707006D18A42E0DA0EB0BDE8F04704B07047A7
S2140270803846F8E70020F6E710F0020F18D0C3B132
S214027090490814BF01200020520814BF0123002310
S2140270A08342E8D1AB1BDBB2802B0AD9AE42E9D1D0
S2140270B0B84506DB49D1CA452CBF00200120DAE7D5
S2140270C00BB90120D7E7AE4216D002AC1CAF0FCFE9
S2140270D00FC497E8030044F8040B2180DDE91A0187
S2140270E016AB0090ADF804100FCB12F0EDFB0028A3
S2140270F0E7D1AE42A1D1BEE7BDF8583073451ED0E7
S21402710008AC0DF1700CBCE80F000FC49CE803003D
S21402711044F8040B2180114C638873450FD1082272
S214027120211D0DF12E00F4F77BFA024638B908212C
S214027130201D13F049FF10B96388002BC1D1B84552
S214027140BFDBC2D1CA45BCD3BFE7204693E700BF28
S2140271509C650020F5640020F4640020305700206F
S214027160D46E002084B02DE9F04F8FB06A4E18AC72
S21402717008AD84E80F00162200212846F3F704FF24
S21402718033783BB90024654B32781B789A4239D261
S214027190002726E00021624818F093FA00270446EA
S2140271A0B846DFF87C91002C45D13FB122463946DD
S2140271B05B4813F06CFE3378013B33703378002B58
S2140271C0E0D0002156484FF0000918F07AFA4F46F0
S2140271D08046CA46DFF848B1B8F1000F6CD1002FDE
S2140271E0D1D01621002218A813F0D7FD014648B1C7
S2140271F0002F00F08B802246494813F0EEFD3378CC
S21402720001333370454B32781B789A4207D944488B
S2140272100022018813F03BFE3378013B337033784B
S214027220012B03D13F49404817F00EFE0FB0BDE8D0
S214027230F04F04B070470022214616232846CDF8A8
S214027240008018F0DBFA1622294618A8F4F7E8F9A7
S2140272500028EBD09DF864209DF824309A4225D170
S214027260BDF86020BDF820309A421FD108220DF1E9
S2140272702E010DF16E00F4F7D3F9B8B902AF0DF195
S214027280600CBCE80F000FC79CE8030047F8040B2D
S21402729039800EAB13E903000090ADF8041095E8B0
S2140272A00F00FFF799FE0028C0D027462146484621
S2140272B018F02BFA044676E71623002241462846A3
S2140272C0CDF800A018F09AFA02AF0DF1600CBCE8F7
S2140272D00F000FC79CE8030047F8040B39800EAB7B
S2140272E013E903000090ADF8041095E80F00FFF7CD
S2140272F073FE074620B1B9F1000F04BF444681462B
S2140273004146584618F001FA804665E73A46044870
S21402731018F0DDF973E700BF9C6500205D6F002062
S2140273204A5E002020BF0200386D00202DE9F04F93
S214027330002104469FB00DF14008162240460E91E9
S214027340CDE90C11CDF83B10F3F71EFE05222046C0
S2140273500DF11F0316A911F015FF0228074600F0CB
S214027360F880204613F0FEFC064618F046F98146E1
S214027370F01C18F042F9ADF84000701D18F03DF907
S214027380012FADF84200204640F0E68013F0EAFCFA
S2140273900546204617F06CFC0D3502232D1A009385
S2140273A0214643460820EAB20FF047FD002800F0C7
S2140273B0D080204613F0DBFC012F83469DF84D302B
S2140273C040F0E38000252F4643F001038DF84D3050
S2140273D016AE3388022B4DD1F178204602310CF0DE
S2140273E00FF81B2846D1F178204603310CF008F836
S2140273F019283FD1F178204604310CF001F84A28CA
S21402740038D14FF0050AF1782046013151440BF08D
S214027410F7FFF1780590514420460BF0F1FF059BEB
S21402742000EB032083B200F03F02932B059240F05C
S2140274309B800023F778214602375744FFB23A462C
S21402744000930CA80F2318F0D9F907F10F01204674
S21402745015F003FD07F111010546204615F0FDFC67
S214027460ADF84200059B023353445FFA83FA337940
S2140274705345C8D806360DF17603B342A9D19DF816
S2140274804D20C5F3C03363F3410220468DF84D20EC
S21402749013F0FFFB8DF84400204613F0EFFB8DF847
S2140274A04500204613F0EFFB9DF83230BBF1190F72
S2140274B0C3F3C3028DF84720DDF833208DF846006B
S2140274C0CDF84E20DDF83720CDF8522094BF0022AA
S2140274D09DF83E208DF8482003F003028DF84A20DE
S2140274E06E4A1278022A9DF84D200CBFC3F3800321
S2140274F0DB0963F382026A4B8DF84D201B78022B60
S21402750057D1BDF8406013F0EAFD864251D108A873
S21402751014F0E0F8BBF1190F48D908220DF14E011C
S21402752008A8F4F77DF800283DD1B9F5004F02D03F
S214027530B9F5624F0DD140F6FF7325F440459D42E2
S21402754007D1002208210DF14E0013F03DFD002860
S2140275503FD01FB0BDE8F08F13F004FC054620466E
S21402756017F086FB073518E7412B7FF47BAFF178DF
S2140275702046023151440BF043FF4A4B1B78C3F1BD
S214027580B30318448DF849006CE76FF30003F01D4F
S2140275908DF84D3018F031F80CA90546204614F047
S2140275A0CDF80B276BE700F0B3FFBEE700F0B0FFA5
S2140275B0CFE7B9F5004F02D0B9F5624FC9D140F610
S2140275C0FF7325F440459D42C3D1BBF1190FC0D9C4
S2140275D0B7E7BBF11A0F06D007F11F014246204655
S2140275E0C9B212F079F9304C304D637BDBB12B789F
S2140275F0012B1DD1012323730CAB029314AC94E828
S21402760003000090ADF8041098E80F00FFF70AFC9C
S21402761090B194E803000090ADF8041098E80F00CB
S214027620FFF7A0FD08E0FCF7E9F80028DFD0E1E765
S21402763003F0FD03042BDDD02B78012B01D0042BA5
S21402764087D11B4BDDF84E001B78DDF852108DF803
S2140276502230BDF84030ADF820309DF84D30C3F3EF
S21402766040038DF823309DF8313003F00F038DF878
S2140276702C309DF848308DF82D3009AB03C30D4BE6
S2140276801B681BB1414608A8984762E79DF9462049
S2140276909DF8451008A811F0DBFC5AE7F5640020B7
S2140276A0F4640020A3650020305700208065002087
S2140276B0A2650020245700202DE9F043424B434C9C
S2140276C01B7885B0033B012B22D817F0B1FE237836
S2140276D0022B31D13E4A1468A0422DD03D4910609B
S2140276E00A68121B10443C4A0860127872B1013ACA
S2140276F093403C2253434FF47A72534398421BD929
S214027700032005B0BDE8F043FBF77EBF0A23F2E78D
S21402771017F08EFE2378022B0ED12D4A1568A8424A
S2140277200AD00027DFF8BC802C4E1060451B98F864
S2140277300030FCB2A34202D805B0BDE8F08356F88A
S214027740243020462B4446F8243017F009FDC307A0
S2140277504FF0000910D5204609F0FEF970B156F830
S2140277602430242B08D9102200232046CDF800907E
S21402777009F00CFA46F824900137D8E7184B1B5D3F
S21402778013F00F031FBF03F1FF32022393403C2284
S2140277900CBF0A2353434FF47A72534356F82420FD
S2140277A09A42E9D9204609F067F902A914F0DDFFEA
S2140277B028B1204609F060F902A911F0C7FB20465D
S2140277C015F069F8D8E700BFF5640020F4640020DD
S2140277D0BC480020B8480020226F0020D446002073
S2140277E099640020396F0020064B1B88DB0708D5FA
S2140277F00022054B43F82020044A135C63F00F0373
S214027800135470474C5E0020D44600209964002032
S21402781008B517F00DFE0022024B1860024B1A60E4
S21402782008BD00BFBC480020B8480020014B1868BD
S214027830704700BFB848002008B50C48FBF7E4FDC7
S214027840FBF736FF80B10A4B0322B3F8681001201B
S21402785012F064F84FF47A71064B04481B885943B9
S214027860BDE8084017F0F0BA08BD00BF586D00200A
S21402787044560020B46E0020014B1880002070474A
S214027880D86E0020044A054B1870138823F00303B1
S21402789018431080002070474C5E0020236F0020A3
S2140278A0034B1888C0F30E00003818BF012070473B
S2140278B0FA5D002008B5FFF7F3FF30B10020044957
S2140278C00223044A0880FBF719FE002008BD00BF09
S2140278D0FA5D002027E10100024B1888C0F30E0073
S2140278E0704700BFFA5D00200023084A012013708B
S2140278F0074A08491370084B084A1B7843F00403EA
S21402790013800223064AFBF7F9BD00BF9F650020DD
S2140279109E650020FA5D0020236F00204C5E00204A
S21402792027E1010013B514468DF80710DAB9CAB27A
S2140279300E2A18D80E4B1B881341DB0713D517F0F7
S214027940B7FBFF2811D09DF807200A4B0DF107015F
S2140279501A5400F58330012200F58070E5F7D4F959
S214027960204602B010BD0124FAE70224F8E700BF61
S214027970D86E00209964002030B5012100240B2324
S21402798085B0104D019400918DF80C308DF80D00E5
S2140279900323B5F8680003AA8DF80E4015F016FB0F
S2140279A068B1B5F8681013F0B2FF40B10522064B75
S2140279B064211A70054B06481C7017F045FA05B08C
S2140279C030BD00BF445600209E6500209F65002003
S2140279D0786D0020064B1B78033B012B06D8054B1F
S2140279E01B781BB9044B1878FFF7C6BF704700BF59
S2140279F0F56400209D650020226F002010B5154812
S214027A00FBF702FD144B1978F9B9144A13787BB1C7
S214027A10013B1370124B1B78042B02D10846FAF76F
S214027A20A7FDBDE810404FF496710A4817F00CBA4D
S214027A300C4A128802F00302022A0AD1BDE810405C
S214027A40032201200849FEF729BABDE81040FFF7D5
S214027A50C1BF10BD786D00209F6500209E65002086
S214027A60F5640020FA5D002000F8FF071FB50C231E
S214027A708DF80C300B4B0C461B88012123F00403B7
S214027A808DF80E3000238DF80D00CDE90013204648
S214027A90032303AA15F09AFA10B1214613F037FF12
S214027AA004B010BD4C5E0020F8B5064613F0BDF8D3
S214027AB00546304615F0AEFA411C044689B23046F9
S214027AC00BF09EFC02340746A1B230460BF098FC3F
S214027AD0394602462846FFF725FF022816D02946D1
S214027AE0FFF7C4FF0A4B1B8803F00303022B0DD1DA
S214027AF0284617F0DDFAFF2808D00022054B43F887
S214027B002020054A135C63F00F031354F8BD00BF30
S214027B104C5E0020D446002099640020084B1A7858
S214027B205AB10223013A93404EF660225343032190
S214027B300448B3FBF1F117F087B942F21073F6E787
S214027B40226F0020786D002070B505461748FBF7B7
S214027B505BFC0122164B28461A7015F05BFA411C94
S214027B60044689B228460BF04BFCA11C064689B295
S214027B7028460BF045FC0F4C0223208021460020AD
S214027B800D4AFBF7BBFC86B9238803F00303022BDE
S214027B9003D1FFF73DFEFFF7C1FF23885B0704D53D
S214027BA0BDE870400548FFF747BE70BD786D0020FF
S214027BB09F650020FA5D002027E10100586D002035
S214027BC02DE9F0431F4C0546238889B0002B33D09D
S214027BD01D4E00214FF4807009F09CFA3378DB07C3
S214027BE028D50121208817F07BF80746208813F055
S214027BF0B9F8023017F001FD05A98046208815F075
S214027C000FFB3378384613F0020F104B18BF0025CF
S214027C10B3F8009017F048F80646384617F028F8EA
S214027C20F6B20290424606212846CDE9009605ABFA
S214027C3011F0CCF900232380054809B0BDE8F043D3
S214027C40FBF7E2BB545E0020A0650020505E0020D9
S214027C50986D00202DE9F047304F80463D880E464D
S214027C6014469946ADB3104612F08AFFB0F5006F7F
S214027C702FD1204612F097FF824617F019FAFF28F6
S214027C8027D02EB1264A32F810302B4322F8103075
S214027C90B5F5007F36D0B5F5806F33D0B5F5807F69
S214027CA017D1204B1B88A3421CD14FF6FF718A4581
S214027CB00FD0204612F08DFF284609F059FA50B927
S214027CC03046FFF77DFF0023174A1380174A3B8092
S214027CD01370BDE8F0870220002108F0AFFF0028ED
S214027CE0EED1F0E7104D2B88A342F2D14FF6FF718A
S214027CF08A45EED024B1204612F06BFF00232B807B
S214027D000023E3E70023094A3B80137031464B46C3
S214027D1022464046BDE8F04713F081BB4E5E002087
S214027D20E85D0020545E0020525E0020856500203B
S214027D3010B5044640F62140FFF742FF01214FF4FA
S214027D40807009F0E7F978B10022084B1C80084BD6
S214027D501A700BF0D5FCBDE81040064B1880064B97
S214027D600648198817F070B810BD00BF545E002090
S214027D70A0650020505E0020B66E0020986D0020A0
S214027D80044A137818B943F001031370704743F09E
S214027D900303FAE7A06500202DE9F04FDFF84C91C7
S214027DA087B099F80060002E40F08C80DFF840B172
S214027DB0DFF840A19BF80030F4B2A34207D80022B5
S214027DC0424B1A8007B0BDE8F04FFDF7ABBB20462A
S214027DD03AF8145008F0C0FE8046002860D02046CC
S214027DE008F04AFE15F40071074645D001464FF6E4
S214027DF0FF720E2013F0AEFE0546002850D039461C
S214027E0012F0E7FE4FF400730027304E2046338010
S214027E103AF8142022EA03032AF814301022002328
S214027E20009708F0B3FE2A4B1B88DB0707D5294BC1
S214027E30294A43F82470135D63F00F031355182084
S214027E4000216043254B264C0093019101232A46CC
S214027E50205CFAF7B1FB002814BF0123002389F83F
S214027E60003005D13388B3F5807F01D11D4B1880D1
S214027E70404607B0BDE8F08F680513D5059113F0AC
S214027E80E6FD012205990346009207203A46CDE90F
S214027E900111FDF765FC4FF480630546002DB3D152
S214027EA0013687E7104B18880028F9D0EA05F7D57F
S214027EB0394612F08EFE0C4B1D880A4B1D804FF47D
S214027EC08073EBE74FF00008D2E700BF4E5E00205B
S214027ED04C5E0020D446002099640020557C0200A7
S214027EE080130020525E0020545E0020856500202C
S214027EF0396F0020E85D0020042230B501F040030F
S214027F0087B0002B054614BF012400248DF80C20F0
S214027F108DF80D1004D004A914F027FC38B304AB76
S214027F20CDE9004301210223284603AA15F04EF8A4
S214027F300446F0B1104B1B78033B012B04D80F4BC1
S214027F40B3F8681012F045FE4FF6F7739D4209D952
S214027F50322202212046FDF74BFA80F00100C0B221
S214027F6007B030BD2946204613F0D1FCF5E70120C4
S214027F70F6E71920F4E700BFF56400204456002017
S214027F8010B5FFF797FC04F0DBFF13F019FB002097
S214027F9014F0E6FB17F03CF908B1FCF7B7FA204CF0
S214027FA02378532B12D1032323700023FF22194672
S214027FB00120FDF773FF002016F050FD10B10020DF
S214027FC012F0DEFEBDE8104011F0ACBC062B01D06C
S214027FD0212BF0D10120FDF705FF4FF6FE7013F0BE
S214027FE06DF84FF6FF7013F086F80020FDF732FEAC
S214027FF00020FDF75FFEFDF7AFFD00F087FB11F0F6
S21402800094FC2378212B02D1FDF782FBD3E70020D4
S214028010FBF7FAFA00214FF4004014F0A3F9CAE77E
S214028020F464002010B50A4C0A48FBF7EDF92378F1
S214028030062B02D10120FDF7D5FE2378062B01D0B0
S214028040532B03D1BDE81040FFF79ABF10BD00BF07
S214028050F4640020B86D00202DE9F84FDFF8CC80DC
S21402806004460E461746FFF725FC98F8005015B949
S2140280700220BDE8F88F212DFAD0DFF8B49099F8E7
S2140280800030012B01D1A306F2D4274817F047FB94
S2140280900028EDD114F0200439463046DFF894B0BB
S2140280A0DFF894A005F00F051BD010F04DFF012D50
S2140280B08BF80070AAF8006033D1212388F80030CC
S2140280C0FFF75EFF0020D4E7212388F80030FFF791
S2140280D057FF00214FF6FE70FDF792FFFEF7D6FA25
S2140280E0F0E710F030FF012D8BF80070AAF8006060
S2140280F0EAD0062321464FF6FD7088F80030FFF7D7
S214028100FBFE40F6020240F2262199F800300648AD
S214028110033B012B88BF114616F096FE002CD1D1E8
S214028120D7E75323E6E700BFB86D0020F4640020CB
S214028130F5640020A1650020DA6E00202DE9FF41DB
S2140281400F460546511C38460BF05AF90446384687
S21402815012F008FE0646023017F04FFA424B8046EF
S2140281601B7804F04002022B02D0043B012B06D8F7
S2140281703E4B1B68580205D5A10603D452B304B081
S214028180BDE8F08132B33A4A1278D11E012917D8D7
S214028190384BB3F86830AB42F1D17378180714D570
S2140281A0304614F074FFFBF70BFF0028E7D00122DD
S2140281B0294604F0200004B0BDE8F041FFF74CBFAA
S2140281C0022ADCD1DF01DAD4E7E712F06BFF404582
S2140281D0D5D1ECE7264B1B78013B012BCFD8737821
S2140281E0D906CCD502A9384614F05EFF002002A9B3
S2140281F016F02EFFFF2806460BD0A20601D413F077
S214028200CCFA304608F038FC04F0BAFE304614F0D9
S21402821042FB284617F0CEFAFF280DD0FCF766FB85
S21402822014F0200608D112F03DFF28B13346022290
S214028230284602A905F0E0FF12F034FF00289ED17E
S214028240A3069CD402A94FF6FF73022228460EF01C
S214028250B5FD4FF6FF72034600922846022202A997
S21402826010F064FF8BE700BFF4640020C4480020CF
S214028270F56400204456002038B504460D4616F034
S21402828017FFFF28034615D00B4A127842B10B4A55
S21402829032F81020520403D514F0FDFA002038BD3F
S2140282A0184613F07AFA204645F04001BDE83840F9
S2140282B0FFF722BE0120F2E7F0640020E85D00200E
S2140282C038B5054612F04EFD0446284614F0A2FEC6
S2140282D0411C89B228460BF093F842060DD5637806
S2140282E01B070FD5204614F0D2FE0146002016F0DA
S2140282F0AFFEBDE8384014F0CEBA0348BDE83840B9
S214028300FFF790BE38BD00BFB86D002038B54FF6F7
S214028310FF75A842044617D012F0E1FEA04213D021
S2140283204FF6FD72094B198891420DD9084A1288F8
S214028330AA4201D0A24207D11C804FF47A71BDE84E
S2140283403840044816F080BD38BD00BFC06E00201D
S214028350DC6E00205048002008B50448FBF754F8AD
S2140283604FF6FF72024B1A8008BD00BF504800202D
S214028370C06E002037B505460C4608236946012024
S214028380064AFBF7BBF815B19DF806302B700CB108
S214028390009B2360BDF8040003B030BD25E1010058
S2140283A007B508238DF80600ADF80410009269465A
S2140283B00020034AFBF7A2F803B05DF804FB00BFF7
S2140283C025E10100024A13780BB1013B1370704796
S2140283D0E364002008B512F08EFE00214FF6FF720D
S2140283E0054B08461A80FDF78BFCBDE8084040F6B0
S2140283F0164010F06DBE00BFC06E002008B5FBF739
S21402840003F80A4B1B78023B032B08D84FF6FE7381
S214028410074A108898424FF6FF7301D1138008BDB1
S2140284209842FCD0BDE80840FFF7D4BFF4640020B1
S214028430C06E002010B5084B1B78042B0AD012F031
S21402844031FE002104460846FFF794FF231A5842DD
S214028450584110BD0020FCE7F5640020F0B5002668
S21402846089B00546CDE90566ADF81C6014F0D2FD6C
S2140284700A23024604462946009605A817F0BEF9C6
S2140284809DF815309DF814701F2B27D803A813F0FB
S21402849021F908220DF1160103A8F3F7C1F80646E2
S2140284A0E0B9092F1CD1FFF7C5FFB8B1144B1B78F2
S2140284B0A3B1144B1A884FF6FD739A420ED9124C8A
S2140284C0124A23780433DBB223701278013AB3EBF4
S2140284D0820F03DD58B20EF0C6FE267009B0F0BD5C
S2140284E00A34E4B2214628460AF08AFF13F07BF9E2
S2140284F0611C284614F0B1FCFFF708FFEEE700BF48
S2140285003B6F0020C06E0020E3640020216F002035
S21402851038B5134B1B78033B012B20D9114B4FF672
S214028520FF711B78ABB1104D2B888B4217D112F01E
S214028530D6FD4EF6602104460C4816F085FC4FF632
S214028540FE7322462B800021BDE83840092013F036
S21402855058B9074A13888B421CBF0133138038BDB3
S214028560F56400203B6F0020C06E002050480020BB
S214028570F65D002010B5044661B1FF2112F093FBB0
S2140285800021204612F095FB12F0C3FA014620465F
S21402859012F095FB2146BDE810400022014817F074
S2140285A096B800BF585E00202DE9F0410D461746EA
S2140285B0044612F0D7FB06782846FBF777F92946D9
S2140285C08046204612F005FB12F06CFDA84206D14A
S2140285D020460121FFF7CEFF0120BDE8F0812846A4
S2140285E0B8F1000F0AD0FBF7EFF950B9144B3A4630
S2140285F02046BDE8F0411978FCF7FABE14F0DAF826
S214028600F3E706F00306012E08D012F04BFD002316
S2140286102246294602F030FF0028D9D1204612F021
S21402862094FA430505D52046BDE8F041002112F034
S2140286307BBE204614F091F8B0FA80F04009CCE7F1
S2140286401F6F002010B586B0044614F0E3FC104BF2
S2140286500246186819790290D3F805005B7A01324F
S2140286608DF8143000238DF80C10049021460093E8
S21402867092B2052304A817F0C1F8052204A902A89D
S214028680F2F7CEFFB0FA80F0400906B010BD00BF88
S21402869074DE040008B50748FAF7B6FE064B1B78E8
S2140286A0033B012B05D8BDE8084000210846F9F730
S2140286B05FBF08BDD86D0020F564002008B51148DC
S2140286C012F01FFC104B1B78012B06D8FF2009F076
S2140286D0FDFBFCF751FD08F09DFCFCF76BF902F080
S2140286E06BF9FFF701F914F02CFE0BF05BFBFCF7BD
S2140286F0F9FE0BF085F810F02BFCBDE8084003F0FD
S214028700B1B900BF0C570020206F002008B5EFF764
S21402871001FDFF2803D0094B1B78012B06D9002048
S21402872009F0D4FBFCF728FD08F074FCFCF742F9CC
S21402873002F042F9BDE8084003F094B9206F002029
S214028740064B1878112806D000F0FD00A0F1410370
S2140287505842584170470120704700BFF464002019
S2140287602DE9F0410446FCF7AFFC18B1002630466E
S214028770BDE8F0811D4B1B78033B012B09D81C4B2F
S214028780B3F868104FF6FF739942EFD0204612F006
S21402879020FA184B022120461A88FCF729FE0646C4
S2140287A00028E3D0204612F0DDFA90F8078005464E
S2140287B0043016F022FF074612F074FC41460246C9
S2140287C03846FCF799FCA81C16F017FF4FF6FF7305
S2140287D0984202D12046FFF7ABFA2B789B07C6D108
S2140287E001212046FFF7C6FEC1E700BFF564002060
S2140287F044560020565E00202DE9F04F002585B035
S2140288000746039512F0AEFA0646043016F0F5FE59
S2140288108046B01C16F0F1FE3378044640460093BC
S21402882016F046FC82464046FBF740F83378BAF12B
S214028830FF0F0CBF83464FF0010B9A070AD112F0C6
S21402884031FC404514BFD9464FF00109B3791BB934
S2140288500320B9E0A946F9E712F024FCA04205D1AC
S21402886012F020FC0446994B1B7836E0984B1B7896
S214028870052BF8D0033B012B03D8964BB3F8684080
S214028880F1E7204616F0B3FF737840B313F0040204
S214028890DFF838820BD198F800301A442146384661
S2140288A0D2B2FFF781FE0028D2D000208CE03846F4
S2140288B014F072FB0146054638460AF0A1FD421C3A
S2140288C052002946384602F0FE0212F0E0FF7378A4
S2140288D023F00403737098F800300022DDE75B078C
S2140288E026D5384614F058FB0146064638460AF0A6
S2140288F087FD824606F101091FFA89F9494638467C
S2140289000AF07EFDDFF8C481BAF1000F01D0FF281D
S21402891005D10022494638460AF086FDDBE7B11C3F
S21402892001EB4001C9B2384614F097FA0446D2E782
S214028930204603AA02A914F08DF80546B9F1000FE5
S2140289404AD0009B03F0C003802B0ED1FF232046A3
S2140289508DF809300BF03EFAFF281BD00DF1090204
S2140289600DF10A010BF02AFC14E0402B34D19DF8DD
S21402897008308BB3FF2320468DF809300BF02AFA15
S214028980FF2807D00DF109020DF10A010BF016FCC3
S2140289902D281CD13378404603F03F03337016F07F
S2140289A026FF10B912F07EFB804600234246194687
S2140289B0204608F04FFE00283FF44AAFC82207219F
S2140289C038460AF055FF012005B0BDE8F08F9DF845
S2140289D00930FF2BDED12546039838B99DF80820CA
S2140289E0002A62D1394B2C461B7856E709F032FA38
S2140289F0039AFF280346127908D1CDE900204FF4E6
S214028A00E171354816F01BFDDDE90023B9F1000FD0
S214028A10E4D002F03002102A0AD0202ADED1BBF1BE
S214028A20000F24D05146184609F016FC0028D5D16E
S214028A30DFF8A89099F80030012B45D0204610F0B8
S214028A404DFF28B92A4621464046F37913F085FFA2
S214028A50A54212D1039A137923F00C0313719DF8E1
S214028A600830ABB92C46194B1B78302215E7039B0E
S214028A701B7913F00C0FDBD1B0E799F80030022B0C
S214028A80E8D0039A137923F00C0343F00403E5E7D6
S214028A900121204612F04AFD20B920460BF09AF931
S214028AA0FF280FD0094B1B78DFE70121204612F082
S214028AB03DFD00287FF4D7AE20460BF08BF9FF2849
S214028AC07FF4D1AE02207FE7A542D9E7565E0020AA
S214028AD0F564002044560020A9920400A5650020F3
S214028AE038B50E4B04461B780D46033B012B10D9B6
S214028AF000F108039BB2012B0DD812F0D3FA002323
S214028B0002462946204608F0A5FD80F00100C0B2C4
S214028B1038BD0120FCE70220FAE700BFF56400201A
S214028B202DE9F041064610460D4614F073FAA0F100
S214028B301004E7B256FA84F42146EA1B04F10E004A
S214028B40F2F774FA2823DFF84480F35598F80030D9
S214028B50637301F045FF611C0246012010F0F8FE27
S214028B6008220949601DF2F761FA98F8000013F02E
S214028B7067FC05F10E0130463B460022C9B201F001
S214028B80E1FF1220BDE8F08177650020EF64002047
S214028B902DE9F04F89B0044612F0E4F80546204667
S214028BA012F043F80746281D16F027FD8146A81C3A
S214028BB016F023FD0390384695F807A016F017FE28
S214028BC02B780490990761D12146042002F0C2F85E
S214028BD000285BD0204614F01DFA014620460AF013
S214028BE00FFC820752D1204614F014FA01462046A2
S214028BF00AF006FC10F00303059347D12046FFF760
S214028C0021FD002842D0204614F0F9FA461C2046E0
S214028C1016F04AF8F6B206F10A0B834580F29F80F8
S214028C20504A06AB1068516803C3711C20460AF00E
S214028C30E7FB3146804620460AF0E2FB594600EB47
S214028C40082820460AF0DCFB8346059B2146B21C18
S214028C50009306A8082316F0D1FD1FFA88F82046CE
S214028C6011F0E3FF5A46414610F066FE01224046E6
S214028C7006A901F09BFB002871D102200BF036F802
S214028C80013003D1404606A9EFF712FB12F00AFAAA
S214028C9048453A46514608D112F076FC00285ED185
S214028CA009B0BDE8F04F01F077BB484612F06CFC05
S214028CB0002854D12C4B1B781BB93946484612F073
S214028CC000FE3A4651464846FCF716FA002846D0B9
S214028CD0297811F0030102D12046FFF74BFCAB794D
S214028CE0002B3CD0214B1B78DA1E012A37D9062BE3
S214028CF035D06B78DB070DD503982E7A13F03FFC40
S214028D0010B3F30803F01C0326F01F06334343F0A8
S214028D1001032B724FF6FF71204611F05AFF049B97
S214028D20DBB910F003F900F03F0202212046FCF7FF
S214028D305FFB4FF6FF73039A9A4210D1204609B0A2
S214028D40BDE8F04FFEF7F4BF06F01C031C2BE1D083
S214028D50042B04D9043E2E72DCE70022E5E709B0B4
S214028D60BDE8F08F9B1B0400EB640020F564002036
S214028D702DE9F04385B004460E46174611F0EFFE85
S214028D800C2820467BD111F0EDFF0922002115F0B8
S214028D90AFFE00F11005EDB2294620460AF030FB80
S214028DA0042853D006D8012815D0022822D005B0B0
S214028DB0BDE8F0837C28FAD1204615F075FF0546FB
S214028DC0204615F055FF02463046E9B205B0BDE82A
S214028DD0F04310F0D7B846B91321204614F03DF8F8
S214028DE005B0BDE8F04312F086B905B0BDE8F04321
S214028DF0FCF7ACBE9D4B1B78013B012BD7D8204617
S214028E00E91C0AF0FDFA074686B978B9691C2046BD
S214028E1014F023F80546214613F000FB3A4629468D
S214028E20102005B0BDE8F04316F0B0BB00250823BD
S214028E302146152200950DEB030016F0DFFC2846AE
S214028E4002A916F005F913F026FDB0E7884B1B7849
S214028E50022BACD146B9FEF73FFDC2070AD5FEF794
S214028E60D7FC002F08BF3F26304605B0BDE8F043CA
S214028E7010F094B8FEF714FD0028F0D0F1E711F0D8
S214028E8071FF8046043016F0B8FB074608F1020070
S214028E9016F0B3FB4FF6F773984205460CD8754AA0
S214028EA0138801339BB213800BB9734A13801EB129
S214028EB0714A13880133138098F8009009F0030969
S214028EC0B9F1010F40F08380204614F0A3F8014662
S214028ED020460AF095FA043809283FF668AF01A33F
S214028EE053F820F00D8F0200AF8D0200AF8D020006
S214028EF0318F0200AF8D0200AF8D0200AF8D0200EF
S214028F00198F0200AF8D0200198F0200204605B0AD
S214028F10BDE8F043FFF7D4B9544B1B78042B7FF41B
S214028F2046AF0021084605B0BDE8F043F9F720BB7E
S214028F304E4B1B78013B012B3FF639AF404614F0EF
S214028F40A6F800274D4B01465B898DF80A70ADF8EE
S214028F50083000283FF42BAF384616F079F805465D
S214028F60204614F057F8421C03232146009792B27B
S214028F7002A816F043FC9DF80A30E6B93C4A12787D
S214028F80022A18D1BBB9FF2DBDF808400AD03C4AC8
S214028F90214632F81530284623F4806322F815302D
S214028FA013F058FC204613F036FD0022214610200E
S214028FB016F0ECFAFBE6022B3FF4F9AE2BB9304B77
S214028FC033F815305B053FF5F2AE28463BE7B9F1BC
S214028FD0000F7FF4ECAE3146204604F0BBF8002EBC
S214028FE03FF4E5AE4FF6F7739D423FF6E0AE98F8D3
S214028FF00160284616F0040620D113F059FD0446F7
S21402900028467CB113F0D6FB0346F0B90C2200903A
S2140290102946384612F0B3FD0C220023394628466C
S214029020009308E013F0C6FB0346B8B9154A009051
S21402903012782946384612F0A2FDB8E613F0BAFBBB
S214029040034678B90B220090F3E7062233462946F8
S2140290503846009612F093FD0622DEE72346009479
S2140290600622E6E74B46CDF80090F9E7F5640020C5
S214029070F4640020FE5D0020FC5D002074DE040027
S214029080E85D00205F6F00202DE9F04F05888BB069
S2140290900446284611F066FE8046043016F0ADFA05
S2140290A0074608F1020016F0A8FA05A9019028461C
S2140290B013F0FAFF284613F0ADFF0146064628468F
S2140290C00AF09EF998F80030029003F00303012B91
S2140290D00CBF82464FF0FF0A16F0A5F9B4F806B0A8
S2140290E0814611F0DFFF98F8073000903846039368
S2140290F001F08AF8002838D1019801F085F8002896
S21402910049D1FCF7B9FAA9EB0B0B1FFA8BFB814688
S214029110FAF774FB002844D1FFF712FB002840D16F
S214029120A14B1B78033B012B42D8BAF1060F00F085
S214029130BE80BAF1040F00F0BA80FFF701FB20B13F
S214029140029B03F00303012B32D0FAF7B1FA28B9D7
S214029150964B1B7803F00F03062B6FD1944B2846D1
S214029160B3F8681011F035FD22E0284611F0FAFD3A
S214029170023016F042FA4FF6F773984206D9039B6E
S21402918023B92846FFF75EFA0028B5D1A37823F064
S2140291900F03A37054E0019816F029FB0028B0D103
S2140291A0F4E7A9F104095FFA89F9B9F1020FB7D811
S2140291B0BAF1010F40F0A280284611F0F4FC4FF6F7
S2140291C0FF7398426AD100233146284607AA13F055
S2140291D085FB80460028D9D042799DF825309342F7
S2140291E009D9711D284689B20AF01EF9A37823F020
S2140291F00F030233A3700FF099FE7E23B0FBF3F247
S21402920002FB130303F58073A3809DF8263013F048
S214029210180F0BD0A378190708D1009BBB4205D0C4
S214029220384698F8052005A90FF0C8FE9DF82700D5
S214029230003818BF01200BB0BDE8F08F2823A380AA
S2140292400020F8E7584B1B78033B012B5FD940F60A
S214029250B8339B459AD80FF069FEFF238DF813307A
S214029260002300F03F00C0F5FA70A08007A90DF1B8
S21402927013008DF81C30FBF7A3FF054698F807107D
S214029280384612F075F9002D80D09DF81C20013A60
S214029290032A7BD8DFE802F0807A697D4FF6F773FF
S2140292A0019A9A4224D898F80130DA0720D4284640
S2140292B011F079FC16F038FA012808BF3D4BA27867
S2140292C009BF1B78FA2303EB830303EB830302BF76
S2140292D09B00FA339BB212097FF458AF5B45FFF44A
S2140292E055AF0FF023FE00F01F001030A08053E0B1
S2140292F02D4B1B78033B012BA9D8D8E74FF6F77303
S214029300019A9A429ED898F80130DB079AD4BAF1AD
S214029310020F53D10123314607AA284613F0DEFA7C
S214029320074611F0BFFEBDF82230984236D1002F14
S2140293303FF42CAF01227B883146284608F00EFB0C
S2140293401D4A13780133DBB288F8073013707B8826
S214029350BDF81E209A421FBFA37823F00F030233E4
S214029360A3704FF4C873A38016E0009BBB4213D0D1
S21402937000283FF40BAF426801323FF407AFC278D1
S2140293809DF813309A42BFF401AF05E0009BBB4242
S21402939002D0A2781209EBD101204CE7184616F04B
S2140293A026FA0028C3D182E7F5640020F464002080
S2140293B044560020316F0020F2640020BAF1030FF9
S2140293C07FF475AF009BBB427FF471AF711C2846D9
S2140293D089B20AF015F80C287FF469AFFBF7E2FCB5
S2140293E04FF6FF73984201463FF461AF284611F0EC
S2140293F0F0FB5CE72DE9F3410446008811F0B2FC6D
S2140294000546043016F0F9F80646A81C16F0F5F8DC
S214029410074616F008F805463046B4F8068000F00F
S214029420F3FE064648B9384600F0EEFE58B9194A29
S214029430A3781278033A012A0BD8A378002623F0E1
S2140294400F03A37021E0384616F0D1F90028EED1BA
S214029450F3E71B09F1D1A5EB0805ADB2B5F5C86F68
S214029460EBD80DF10301384601AA019313F0F2FA84
S2140294709DF80350014645B94FF6FF73984204D053
S2140294800126208811F0A5FBA580304602B0BDE873
S214029490F08100BFF56400202DE9F04105460C4638
S2140294A011F05DFB082802D10120BDE8F081201DE5
S2140294B016F0A3F80646284694F8078011F0B5FB86
S2140294C00746284611F041FB010612D5184B1B78B9
S2140294D0042B0ED1174B1B78022B0AD1164BB3F86E
S2140294E068204FF6FF739A4203D000210846F9F728
S2140294F03FF8124B1B78002BD6D1A01C16F07DF835
S2140295004FF6F773984202D86378DA070DD52378B8
S2140295109B070AD13A464146304612F035F880F0AB
S2140295200100C0B200F00100BFE70120FAE700BF69
S214029530F5640020F464002044560020A76500204D
S2140295402DE9F04F9DB0044611F009FB0546204672
S21402955011F005FB08285AD14FF4004310220021CF
S2140295602046ADF8503012F092F9204615F080FBF6
S2140295700DF09EFE002321461A460C2000930DF0A5
S2140295805CFC98B3204615F073FB14A90246102023
S214029590FAF7D6FD0501204615F06AFB14A9024625
S2140295A04020EDB2FAF7CCFD10B120460FF0D2FC07
S2140295B0204615F05DFB14A902468020FAF7C0FD8E
S2140295C0B8B99DB1102517A806F0A2FD2046BDF831
S2140295D0507015F069FB0646204615F049FB2946F1
S2140295E00090F3B2384617AA0FF052FD1DB0BDE840
S2140295F0F08FBDF8503017A8ADF85E40ADF85C307D
S21402960010F094F90028DCD145F08005DBE720460F
S21402961011F0F8FAB0F5006F40F00581204611F01F
S21402962004FB0646042D40F00181204611F08DFA17
S21402963080F40060C0F3C02000223146400015F0DE
S214029640A5FF954B1A78022A0DD0FFF779F850B984
S21402965002F0FD03312B06D0043A012A03D98F4BC0
S2140296601B78002BC2D02146022001F073FB059026
S2140296700028BBD02046ADF8464011F073FB0446E6
S214029680BDF8460011F0D1FA0546201D15F0B5FFCB
S214029690A31C83461846039315F0AFFF12A907468C
S2140296A0BDF8460013F000FD63780690BDF846004C
S2140296B094F80080099313F0ADFC6378064608F030
S2140296C0030828460C93FAF7F1F8B8F1010F0CBF1D
S2140296D0032302230E93724B08BF4FF00B091D8023
S2140296E0237818BF4FF00A0903F03C03082B0D90AD
S2140296F07FF47CAFBDF8460015F0D6FAB0427FF68E
S21402970075AFB8F1010F03D0237898077FF46EAFD8
S214029710644BB3F86830AB420DD1634A634BB2F97F
S214029720001093F90030002900F0A58001EB031326
S214029730A3EB211313804FF0010AA6F11003DBB24C
S21402974007938DF8453010224846BDF84610CDF8EE
S21402975000A00DF145030DF070FB00283FF446AF64
S214029760099B13F002030A9300F00A81504B1B7800
S214029770002B3FF43BAFBDF84690484613F04AFC38
S214029780002308904846CDE917331993ADF86830A0
S21402979011F04BFA089B039003F10E01484689B27A
S2140297A013F00BFC002870D000234946089A009359
S2140297B017A80E2316F022F850460DF15D0110F0A0
S2140297C0D5F89DF869300B9004939DF85C30282BF1
S2140297D05BD10DF16100FAF7F3FB0F90002854D12C
S2140297E0049812F02DFE0F9B002867D1314B049A85
S2140297F01B78D31A190648D404F04CFD50453CD1C8
S21402980015F016FE2C4E0546346824B104F048FDC9
S2140298102C1B844239D30023FF2219461846FCF734
S2140298203DFB356031E04FF6FD76FBE64FF6FF7006
S214029830301A18BF012000223146400015F0A6FE5D
S2140298400C2D0DD12146012001F084FA00283FF4A8
S214029850CDAE214600201DB0BDE8F04FFDF700B9A1
S2140298602DB920461DB0BDE8F04FFDF75FBD042DB3
S2140298707FF4BCAEE5E61B025CE704F00BFD0228B3
S21402988003D104F0E9FC0028BAD00022192003997B
S21402989015F07CFEAAE600BFF4640020A76500204F
S2140298A0745E002044560020465E0020A365002019
S2140298B0F0640020EF640020545700201021484630
S2140298C0089ACDF800A012F0F9FB0028DDD0A64BCE
S2140298D0049A1B78934240F0AA8003990DF1610224
S2140298E014A815F081FB012114A8FAF743F8824662
S2140298F048F2030114A8FAF749F9BAF1000F03D0A7
S214029900082114A80FF0CDFF484613F0A1FB0399D7
S2140299100DF16100FBF7E6FAFE288246B5D0FF2875
S2140299200AD1039815F046FFFF28824600F087808A
S2140299300DF16101FBF750F98B4B049A1B789342A9
S21402994000F0A38050460B99FBF7B2FA00283FF4CA
S2140299504DAE50460B99FBF7BDFA23789A070FD106
S214029960484613F057FB0146484609F049FD00F009
S2140299700300012804D103980DF16101EEF798FC6B
S214029980BDF8460011F0E1F8030440F18580204658
S21402999015F033FE40F4007189B2204615F02FFE12
S2140299A000224FF40041BDF8460011F0BFF8DDF882
S2140299B01490012310220093BDF846100E980DF164
S2140299C045030DF03AFA00283FF410AE032866D19C
S2140299D0204615F012FE40F4007189B2204615F0BA
S2140299E00EFE284615F003FF002840F0B780DDF88B
S2140299F01490B8F1010F40F0C1800320BDF8461064
S214029A0001F0A8F9002840F0B9803146BDF84600BA
S214029A1009F0F6FC0F2801467FF6E8AD4FF6F7731D
S214029A209F423FF6E3AD284611F095FFDEE550462D
S214029A30049903F049FD00287FF44FAF25E7237809
S214029A4003F00303012B08D1484613F0E3FA01465C
S214029A50484609F0D5FC082892D0444B1A78444B65
S214029A601B789A4209D20DF161010398FBF768F858
S214029A70039815F09FFE82465EE7A01C15F0BDFD1A
S214029A804FF6F7739842EED9FFE65046FBF79AFA7E
S214029A9000283FF457AF5CE74FF0000989E72846F5
S214029AA015F0A5FE0028A4D00A9B002B58D1B9F1C8
S214029AB0000F53D1B8F1010FBDF846009DD03146D4
S214029AC009F09EFC8246DFF8B09099F80030002B31
S214029AD05FD011F0E7FA87427FF488ADB8F1010F44
S214029AE040F08280BAF1070F78D8BAF1050F7FF6F8
S214029AF07DAD204B1B78022B02D0043B012B03D8F2
S214029B0099F80030002B4BD00C9B980640F1BB8096
S214029B100D9B002B40F0B380284615F0C9FAFF28AB
S214029B2040F0AD805D457FF461AD069B002B00F0F2
S214029B30A48012AB46F204020124ADF85C20019325
S214029B40214602232846009417AA13F03FFA00285B
S214029B503FF44CAD214611F0E7FB47E5DDF81490E3
S214029B60284607F053FD44E7EF640020EE64002029
S214029B70326F0020F4640020F06400203146BDF805
S214029B80460009F03DFC0A9B824613B9B9F1000F64
S214029B9099D0A84B1B78022B02D0043B012BB3D8DA
S214029BA0284600F031FB814600287FF41FAD11F0F5
S214029BB079FA854222D1A04B1B78033B012B19D898
S214029BC09E4BB3F8684011F06DFA4B4601460D22E3
S214029BD02046CDF8009011F0D2FF07E5AAF10E0359
S214029BE0DBB2012B85D901E50AF00303012B7FF4D2
S214029BF0FDAC7EE7012000F0A5FBF7E4284615F051
S214029C00F6FD58B911F06BFA4FF6FF73984205D07D
S214029C1015F0FEFA10B92846FAF738FF284615F06E
S214029C20E6FD88B111F05BFA4FF6FF7398420BD04F
S214029C3015F0EEFA40B9B8F1010F02D1BAF1060FEB
S214029C4002D0284607F04CFA069BA3B91946012211
S214029C50584600F0ABFB814600287FF4C7AC20468E
S214029C6013F015FA4A460146384600F09FFB0028D4
S214029C703FF44AAFBAE412A9E9E7069B5AE76378CB
S214029C8023F0200363704FF6FC739F4275D16A4B34
S214029C901B78033B012B7FF6A9ACA3790BB1013BE2
S214029CA0A3716378590727D50023584617AA14A923
S214029CB0179312F0CFFE1798F0B108F0CBF8814652
S214029CC0384615F0F5F9179A0146137903F0300075
S214029CD0102806D003F00C0008281CBF23F00C0343
S214029CE01371137903F03303202B05D1FF2903D018
S214029CF00122484608F078FA284615F0D9F9FF28D6
S214029D001EBF00224E4B43F82020099B03F0010998
S214029D104FF6F7739F4200F21381B9F1000F40F03D
S214029D201C812946584611F0CCFD11F0BBF987423A
S214029D3000F0DF80384615F05AFD00284AD0B8F108
S214029D40010F30D1BAF1010F20D14A463146BDF893
S214029D50460007F05FFE384615F049FD394B1B7882
S214029D60002B78D1584615F042FD002870D13846AF
S214029D7015F03DFD00286BD138E44FF6FD739F4287
S214029D808BD12D4B1B78042B87D12FE4384615F048
S214029D902EFD50B3BAF1030F27D13146BDF8460067
S214029DA011F025FF22E4384615F021FD384612F060
S214029DB001FD002848D0002339465846BDF8462003
S214029DC001F05AFB00283FD00021BDF84600FEF7FE
S214029DD0D1FB0BE4384615F00AFD18B1B8F1010FB5
S214029DE0D8D0E3E7B8F1010FE0D1164B1B78002B71
S214029DF0B8D0BAF1050F2ED111F054F98DF85C00E7
S214029E0011F050F9000A8DF85D000123022217A90D
S214029E100DF14600F9F74CFA00287FF4E7AB711C07
S214029E20BDF8460089B209F0D9FA03780133037007
S214029E3011E000BFF4640020F564002044560020C0
S214029E40D4460020386F00209A4B1B78002B89D00E
S214029E50B8F1010FCDD063785A070CD5BDF846404D
S214029E60204613F099F8411C89B2204609F0B6FA4A
S214029E700378013B0370904B1B78033B012B30D8D1
S214029E80B8F1010F06D1BAF1050F1FD111F00AF988
S214029E90834522D1BDF84600FEF7AEFC02281CD14F
S214029EA00021584617AA08F021F930B103794580F7
S214029EB003F03C0343F04003037100237F4A009300
S214029EC039465846127811F05AFE06E0BDF84600AA
S214029ED0FEF792FCBAF1030FE0D1002239461C20AD
S214029EE0D6E4BDF84600FEF787FCB8F1010FD5D1DF
S214029EF0F0E7B8F1010F7FF467AF0AF1FF330C2BDE
S214029F0000F2AA8001A252F823F000BF6F9F02005F
S214029F106F9F02009B9D0200859F0200959F020094
S214029F20B99F0200DB9F020007A002001DA00200EC
S214029F301DA0020029A0020041A002004DA00200BE
S214029F40B8F1010F00F09480B9F1000F08D1BDF806
S214029F504600FEF71DFEFFF749BBB8F1010FCCD055
S214029F60237A03F00303012B7FF440ABEFE7AAF159
S214029F7002035A423146BDF846005A4107F04AFDEE
S214029F80FFF734BB32465846BDF84610FEF7D6F801
S214029F90FFF72CBB711CBDF8460089B209F030FAF7
S214029FA00236F6B20246BDF846305846009612A968
S214029FB00AF054F8FFF71ABB3F4B1B78013B012B04
S214029FC03FF614AB079B0121009300202346BDF801
S214029FD0462011F043FBFFF709BB374B1B785A1E8E
S214029FE0012A07D90120079ABDF84610FCF71AFC89
S214029FF0FFF7FCBA022B7FF4F9AAF9F7FFFB002859
S21402A000F0D1FFF7F3BABDF8460006F069FEFFF797
S21402A010EDBABDF84600FEF721FA98E7BDF846000D
S21402A020FEF71CFAFFF7E2BA234B1B78013B012B23
S21402A0303FF6DCAABDF84600FDF736FDFFF7D6BAB6
S21402A040BDF84600FDF780FDFFF7D0BABDF8460022
S21402A0500FF066FCFFF7CABA334622465046BDF8F2
S21402A06046100FF02FFC00287FF4C0AA5146DAE40F
S21402A0700AF1FF330C2B3FF6B9AA01A252F823F0DD
S21402A0806F9F02006F9F02009B9D0200859F020049
S21402A090959F0200B99F0200DB9F020007A0020004
S21402A0A013A0020013A0020029A0020041A0020091
S21402A0B04DA00200386F0020F56400205F6F00207C
S21402A0C010B50021114810F0C3FE0446E8B110F0A6
S21402A0D0D5FD0F4B1870204610F0D5FD0D4B1870AD
S21402A0E0204610F0D6FD0C4B1870204610F0D6FD18
S21402A0F00A4B1860012015F09FF92046FFF720FA58
S21402A100BDE81040002015F097B910BD245E00206F
S21402A110A4650020A3650020A26500204C570020FD
S21402A12070B5164E044633680D46E3B110F017FDBF
S21402A1300C2818D1204610F015FE092200210446EC
S21402A14014F0D6FC235C042B0DD10D4B1B78033B7D
S21402A150012B08D80B4C25B10B4B22781B789A4260
S21402A16003D300232370002070BD0848316814F022
S21402A1706BFE2378012001332370F5E75057002049
S21402A180F5640020A66500205E6F0020D86D0020D2
S21402A190014B93F901007047465E0020014BB3F86D
S21402A1A0680070474456002070B50024124D2C708B
S21402A1B0EDF762FEE6B2B04212D8104B1B78013BB6
S21402A1C0012B04D800214FF6FF70FBF719FF00227F
S21402A1D00B4B1A700B4B198801B11A80012070BD07
S21402A1E0304614F0BDFFC30748BF2B7804F10104C4
S21402A1F044BF01332B70DBE7ED640020F5640020DA
S21402A200E4640020F85D002038B50B4B05461B7849
S21402A21073B101335C08094B188814F029FD00233A
S21402A22030F81320AA4205D00133DAB2A242F7D39D
S21402A230002038BD0120FCE7E4640020F85D002021
S21402A24030B5054685B008460C4615F0CCFAFF2810
S21402A2500CD011F0FCFB012200210346CDE90112CD
S21402A260009221462A460720FBF77AFA284614F07F
S21402A2701FFFFF2804460FD014F072FFC2070DD549
S21402A280204614F06DFF830708D40B4A32F81430C8
S21402A29043F4806322F8143005B030BD11F0D7FBCA
S21402A2A0012200210346CDE90112009207202A4628
S21402A2B0FBF756FAF0E700BFE85D00204FF6FA72A9
S21402A2C0431E9BB2934270B504462AD8FFF79CFF02
S21402A2D038BB194B1B78042B23D0204615F06AFA9C
S21402A2E0FF2801D0FAF702FB204612F08CFB08B1D9
S21402A2F007F0C6FD2046114E04F046FA20460EF040
S21402A3005BFE31780E4D69B1288814F0B1FC054623
S21402A31001461E220230F0F789FE2C8033781E2B6F
S21402A32007D970BD202014F017FD28800028EBD135
S21402A330F7E702333370F4E7F5640020E4640020A4
S21402A340F85D002037B5134B05461B78022B1FD14C
S21402A35010F0A8FE044610F0A5FEFFF7AFFF11F0BE
S21402A36076FB10F0ABFE0020FBF73CFD40F6074004
S21402A3700EF0AEFE3DB100230D2221464FF6FD70D3
S21402A380009311F0FCFB03B0BDE8304004F032BF8E
S21402A39003B030BDF5640020034B1B7813B90120CF
S21402A3A0FFF7D0BF704700BFEB640020F7B5044646
S21402A3B00D46174610F076FE0646002D47D04FF69D
S21402A3C0FB739C4243D82046FFF71EFF30B1A642DD
S21402A3D004D1204B1B78033B012B38D92046FFF7CC
S21402A3E013FF10B1012003B0F0BD20460EF0B4FDFD
S21402A3F0C0B1A642F6D00CB369462046F9F758FD1E
S21402A4000246D8B90821684610F0DEFDB0B9082227
S21402A41069462846F1F704F980B12946204611F02C
S21402A42046FBDFE7A642E6D12846F9F7C9FD28B97A
S21402A4300120FFF787FF06F0DFFDD3E73FB1214695
S21402A4402846FAF7E7FB2146284604F0B9F9002029
S21402A450C9E700BFF5640020044A13782BB1013B1C
S21402A460DBB213700BB9024A13807047E464002013
S21402A470F85D00200148F8F7D7BC00BFF85D002061
S21402A4802DE9F047804617460D468CB061B903AEFB
S21402A49000211B4815F015F94FF000090446DFF8B5
S21402A4A060A01CB920461DE00E46F1E700222146B8
S21402A4B024233046CDF8009015F0A0F90822414634
S21402A4C03046F1F7ADF8A8B9337C9BB96FB945B9F8
S21402A4D02A4621460A4810F0DAFC0A4A1388013B4B
S21402A4E0138001200CB0BDE8F0873B88B289534048
S21402A4F05B06ECD52146504615F007F90446D0E730
S21402A5005C5E00205A5E0020024B1888003818BF96
S21402A510012070475A5E002040232DE9F04397B091
S21402A520074611A88946ADF80E300EF05BFE0223F0
S21402A5308DF84430002304AE3146384604937360E7
S21402A540F9F7B6FC0546002840F0958038460FF02D
S21402A550C5F9804610F0A6FD0446002840F0BB80F0
S21402A56099F80130042B40F0B980EDF791FC0228EF
S21402A57040F08480EDF78CFC022840F08B8096E851
S21402A580030003238DF8443012AB83E803009DF8E2
S21402A5905130002143F00603102209A88DF85130ED
S21402A5A0F0F7F2FC09A911A80EF0B1FF40B111A80C
S21402A5B00EF018FE30460DAB09AA11A90FF0ACF842
S21402A5C0BDF846300DA943F0040311A8ADF8463095
S21402A5D00EF0F6FF102209F10A010DA8F1F720F895
S21402A5E00546002872D1EDF753FC022806D1314603
S21402A5F0FF2009AA0EF0B2FF00286AD134240025F3
S21402A600EDF746FC022808D19DF851301B0704D40A
S21402A61030460DF10E0111F06AFC2146304611F06B
S21402A6208FFC10238DF8183004238DF81A30334629
S21402A630002203CBCDF81B00CDF81F1006A80B2175
S21402A6408DF8195010F0A9FB024638B1002D14BF40
S21402A650012303233146384603F078F8B8F1000F99
S21402A66009D0342C07D106A83246394614F0BCFC71
S21402A67006A80FF019F917B0BDE8F0832346214665
S21402A6803046009411AA01F05FFE00283FF472AF34
S21402A690AD25C6E7EDF7FCFB012891D1104B1B68F0
S21402A6A003F08403842B8BD196E8030002238DF8F3
S21402A6B044301023ADF8463012AB83E803009DF811
S21402A6C0513043F002038DF8513079E73324AD253B
S21402A6D096E7052494E72C46A325A2E7AA25A0E739
S21402A6E0C44800202DE9F04336488DB0F8F78CFEBA
S21402A6F014F09EFE344D2B68C41A4FF47A73B4FBE2
S21402A700F3F4A4B214B114F093FE28602F4F4FF660
S21402A710FF763B88DFF8B880ADF80A3000233B802E
S21402A72000210DF10A0010F093FB054658B9284B9C
S21402A7301B882BB14FF47A712248714314F084FBC4
S21402A7400DB0BDE8F0834FF0000924234A4629469F
S21402A750CDF8009003A815F051F8BDF81A30A342C0
S21402A76094BFDB1A1B1B9BB2ADF81A30CBB910F0A4
S21402A77099FCBDF8183003F04003184380B218B9AC
S21402A780322103A80EF08AFCBDF818301B0602D54B
S21402A79008980EF090FEB8F80030013BA8F800309A
S21402A7A0BEE79E4228BF1E4601234A46294600931C
S21402A7B003A8242315F022F84A462946384614F000
S21402A7C086FFADE7D0470020585700205C5E002089
S21402A7D05A5E0020F0B50446304A8DB010685168C3
S21402A7E001AB03C3A378012B54D1162200210DF12D
S21402A7F01A00F0F7C9FBD4F82110D4F81D0003ABF9
S21402A80003C32388190644BF62680892DA050BD58B
S21402A810221D08AE04F11407354610685168083246
S21402A82003C5BA422E46F7D1ADF8183013F004032A
S21402A83018BFA3690593EDF749FB0023ADF81A008C
S21402A8408DF81C3010F02EFCE0B906A903A811F012
S21402A8504EFB0022242103A810F09FFA0446D8B12A
S21402A8600020FFF73FFF002221460D4814F02FFF7D
S21402A8700C4A0020138801331380FFF733FF0020B1
S21402A8800DB0F0BD082201A903A8F0F7C9FE002802
S21402A890DFD0DAE70220F3E71920F1E79B1B04007A
S21402A8A05C5E00205A5E0020F7B5044600200E4685
S21402A8B0FFF718FF104B1B88A34202D8212003B0D3
S21402A8C0F0BD00210D4814F0FCFE002501460B4F9A
S21402A8D00029F3D0A54208D100242423224630467C
S21402A8E0009414F08BFF2046E9E7384614F00DFF7B
S21402A8F001350146ECE700BF5A5E00205C5E002090
S21402A9000148F8F791BA00BF5C5E0020014B188838
S21402A910704700BF5A5E002030B5154A8DB05168A8
S21402A9200546106801AB03C307A80EF05BFCDDE921
S21402A9300101032308AC84E803008DF81C309DF85F
S21402A940293003A943F0020307A88DF829300EF038
S21402A950DEFD10B12D200DB030BD23462868696893
S21402A96003C303A907A80EF0B7FD0028F3D0F1E74A
S21402A9709B1B040070B50C4611460E4A23781278CB
S21402A980064613F0200542EA0302227018BF611D34
S21402A9900822F0F74BFB002D0CBF05200D20D4F843
S21402A9A00130B3602378337303F01803082B08BF13
S21402A9B0013070BDF0640020042307B501200DEBC2
S21402A9C00301054AF8F79AFD019B044A1B0313602C
S21402A9D003B05DF804FB00BF63E51100B448002035
S21402A9E010B5064C2368C3F30B0313B90448E2F709
S21402A9F04FF92068431C236010BD00BFB4480020F6
S21402AA0063E51100014B1868704700BFB448002088
S21402AA1007B50020054B064A186004230DEB030118
S21402AA200190F8F76BFD03B05DF804FBB448002014
S21402AA3063E511007FB511230A4A012001A9F8F740
S21402AA405DFD094B9DF814201A70084B1B780BB15C
S21402AA50052B05D10EF069FA012007B05DF804FB5C
S21402AA600020FAE779EB0100EF640020F064002092
S21402AA702DE9F04F0646CBB08846008801211746DE
S21402AA8014F02EF92E4B3A463188ADF8160006A879
S21402AA9011F0E9FA0DF1280B5A464146C4193088DE
S21402AAA011F06BFAE4B208EB0003A34208BF0446B7
S21402AAB005464FF004091CBFA4EB0804E4B2234683
S21402AAC05A460121CDE900090BEB050ACDF808B07C
S21402AAD02D1B06A8EDF746FEEDB20BEB0403009322
S21402AAE0019523465A464146308811F074FA348856
S21402AAF03946204608F084FC394600F0F802204623
S21402AB0008F092FC0121308814F0EAF801234A4644
S21402AB10514680B10DF11600F8F7CAFB0121044632
S21402AB20BDF81620308814F0EFF8B4FA84F0400925
S21402AB304BB0BDE8F08F3046F8F7BAFB0446F4E7B0
S21402AB40776500202DE9F04FC9B004468846924644
S21402AB50C118224A04A81F46FFF70CFF4FF004094B
S21402AB60C519EDB208AB0293A5EB0A0BA8EB0A03D4
S21402AB705FFA8BFBA8EB0506DBB2F6B204EB0A0221
S21402AB80009301215B46CDF8049004A8EDF7EAFD98
S21402AB9006F590730DEB03025A44A2F58072136811
S21402ABA008A844F80830E35D324623F00703E3556D
S21402ABB02C442146F0F778FB08ABCDE9019308AAAE
S21402ABC000230121009604A8EDF7CCFD324620466C
S21402ABD008A9F0F769FB49B0BDE8F08F7765002059
S21402ABE0F8B5064612F00BFB811C054689B23046C4
S21402ABF012F0E3F9F0B1EDB12946304608F000FC58
S21402AC001228074616D80C4B691C1C5C89B23046C3
S21402AC1008F0F6FB2C44052FE4B205D1052809D826
S21402AC20064B1B5C1C44E4B221463046BDE8F840A5
S21402AC3012F0C3B90020F8BDBADE0400B4DE040088
S21402AC40F8B5054612F0E6F90446284610F08AF8EA
S21402AC50A11C074689B2284612F0AFF900283ED05A
S21402AC60002C3CD02146284608F0CAFB0646611C4A
S21402AC70284689B208F0C4FB0F2E30D8194B9B5DCC
S21402AC80E118731E89B2092B0ED8DFE803F0090516
S21402AC900D0D120D0D181E1EC40644BF083189B2D2
S21402ACA0820601D5083189B22846BDE8F84012F07E
S21402ACB084B97B78DB0612D501EB4001F3E700F09E
S21402ACC01F0000EB40000144EDE71F2805D8092EBF
S21402ACD00ABF4000022080B2F5E7C828E4D0002070
S21402ACE0F8BD00BFCDDE0400F8B5064610F03AF80F
S21402ACF009220021054613F0FBFE00F11004284647
S21402AD0014F07BFCE4B207462146304608F078FB96
S21402AD100546304613F0C8FFBA05A0EB0403DBB2C3
S21402AD200AD47C2D0AD0082D0AD8064A505D9842CD
S21402AD308CBF00200120F8BD1220F8E70320F6E7BA
S21402AD40FF20F4E7DEDE0400014B1878704700BFF0
S21402AD50606F002038B5114B04461B7808469BB935
S21402AD60012038BDA24205F101050FD103EBC10354
S21402AD705B6898470028F3D11E2022464FF6FF71E3
S21402AD8014F004FC0020ECE70025054BE9B213F8AA
S21402AD903120002AE6D11446EEE700BF606F00209D
S21402ADA084DE04004FF6FF7307B502220DF106019A
S21402ADB00348ADF80630E1F7A7FF03B05DF804FBE1
S21402ADC0603202E0002307B5ADF80430134B984218
S21402ADD021D10B88DA0703D5232003B05DF804FBE4
S21402ADE09B0748BF4FF47F434FF002020C480DF119
S21402ADF0060148BFADF80430E1F75AFF4FF6FF737D
S21402AE00BDF806209A42E7D10222054801A9E1F7D9
S21402AE107BFF0020E1E72120DFE700BF1FD1BACA8F
S21402AE20603202E0002313B50222038004460DF1CD
S21402AE3006010F48E1F73CFF2D2801D0112805D165
S21402AE404FF6FF73ADF80630FFF7ACFF9DF80630FD
S21402AE50BDF806201BB1238843F00103238000209F
S21402AE60FF2A82BF238843F00203238002B010BD6C
S21402AE70603202E0034B1B78002B14BF442056209E
S21402AE800E307047F06400202DE9F04F8DB0179C0D
S21402AE9006468946CDE90223BDF85870D588ADF836
S21402AEA016103CB9EC0605D500970EF092F90DB0D7
S21402AEB0BDE8F08FC5F380242B054FEA043448BF63
S21402AEC044F40064A80511D544F080040A2E00F26A
S21402AED06981DFE816F09A002F0017003700670135
S21402AEE06701370010009A0037009E00E90548BF48
S21402AEF044F04004EAE74FF001084FF0020B4FF02F
S21402AF00000A14E008A95FFA89F011F0F9FADDF8F0
S21402AF102500DDF8291006AB03C3A44B33F819301D
S21402AF20ADF816304FF00008C3460DF1180A002F90
S21402AF305DD125E006AA0DF116015FFA89F003F04D
S21402AF4003FCEFE74FF6F773994540F22B8115F4B1
S21402AF50026F40F02781964B1B78022B03D0043BEE
S21402AF60012B00F2218147BB032E4FF001080CBFD4
S21402AF704FF00C0B4FF0080BBA4624F4C074A4B280
S21402AF808C4B18884FF6FF73984206D08A49F8F71A
S21402AF908FFF10B124F48054A4B2039B384600936A
S21402AFA0BDF81620534644F4027108F051FAADF883
S21402AFB02000002838D1192079E7384613F074FEAD
S21402AFC00246FFF757FF032E08BF0138824201DD13
S21402AFD038206CE7032E4FF001080CBF4FF00C0B25
S21402AFE04FF0080B4FF0000A24F4C074A4B2029B80
S21402AFF01B889BB91A463946062000930BF040FF81
S21402B0000028BDD140F6014051E74FF00008C34684
S21402B01075E74FF001084FF0030B70E7002339463F
S21402B0201A4607200093E9E74FF6FF73614A118834
S21402B03099421CD00FF096FE03465E4A04301188F1
S21402B040039314F0DCFA5D49039B097814F4805FDD
S21402B050D9715949574A1FBF086898604868D8602E
S21402B0604FF6FF7313804FF0FF330B604B60594669
S21402B070029A08A808F0A8FA00289CD0504C237818
S21402B080002B3CD1A7B1384613F00EFE0746BDF89A
S21402B090200013F009FE23780744002B14BF122267
S21402B0A00022EB1003F0040317443B44842B8FDC8E
S21402B0B015F400570AD0BDF8204020460FF045FD93
S21402B0C040F4806189B220460FF02AFDA6F10803FB
S21402B0D0012B05D801221021BDF820000FF026FD15
S21402B0E0179BBDF8204043B32046BDF816100FF05C
S21402B0F070FDBDF82030179A00201380D7E6AA0606
S21402B100C0D56B0103F020030A2E14BF43F00103DF
S21402B11063F07E03DBB2B8F1000F08D0002152467E
S21402B120009108A800F086FE0028ABD0BFE61A46BB
S21402B130514608A811F0C2F8F6E7204611F06AFF59
S21402B140179B02462146042000930BF099FE002826
S21402B1503FF458AF0A2E18D84FF4D963F340DB07F2
S21402B16013D5072E0AD00A2E08D0BDF8200010F0FC
S21402B170B8FB80F00100C0B2800098E608A80EF086
S21402B180B0FB0028F1D0042091E617B125F0400567
S21402B190ADB22B463146BDF820005FFA89F201F0C7
S21402B1A01BFF84E6012082E6162080E6405B002034
S21402B1B0F4640020DE6E0020616F0020B26500207D
S21402B1C0F0640020F7B50F469DF828100446DDE926
S21402B1D00B061D46F1B94FF6FF739C421CBF174B78
S21402B1E01C804FF000041CBF154B1A70BDF82400DB
S21402B1F008F080FA00232A46CDE9004339460620A5
S21402B2009DF82030FFF740FE10B90EB1AB7A3370CE
S21402B21003B0F0BD78B14FF6FF739C421FBF074BD9
S21402B2201C80074B1A7000220FF0B7FD0446002858
S21402B230DCD11920ECE72120EAE700BFDE6E002011
S21402B240B26500202DE9F04788469DF8281007468B
S21402B25016461D469DF820A0BDF824900B9839B1DD
S21402B26058B300220FF099FD044610B9192025E0C4
S21402B2700C464FF6FF739D421FBF114B1D80114BAC
S21402B28083F800A04FF6F7739E4208D80E4B4FF68F
S21402B290FD761A784FF6FF73002A18BF1E464846F8
S21402B2A008F028FA00233A46CDE9084331464346D9
S21402B2B0BDE8F0470320FFF7E7BD2120BDE8F08791
S21402B2C0DE6E0020B2650020936400202DE9F04770
S21402B2D086B09DF838600546DDE90FA80C4617468D
S21402B2E09946B6BB374B1B78022B1DD125BB4FF6B2
S21402B2F0F7739C4214D80026484608F0FBF9002350
S21402B3003A46CDE900632146FF232846FFF7BCFDF7
S21402B31038B9B8F1000F04D0BB7A88F8003000E0E4
S21402B320012006B0BDE8F087043B012BDED90846B3
S21402B3300EF0D4FA10B31DB3022D31D1ECF796FD00
S21402B340A042EDD9204B33F814204FF6FD739A42F3
S21402B35019E0BAF1000F32D01A4B1B78022B05D136
S21402B360FFF788FDB042E6D23820DAE7043B012B2D
S21402B370F6D908460EF0B2FA0028F1D11620D0E728
S21402B3804FF6F7739C42CBD8002EB4D0314600223B
S21402B39050460FF002FD06460028ADD11920C0E740
S21402B3A0012DBDD104AA0DF10E01E0B203F0CCF9D5
S21402B3B0064B1B78A342B3D9BDF80E20C5E7212061
S21402B3C0AFE700BFF4640020405B00202C6F002033
S21402B3D030B5104B87B005460C461868596803AA64
S21402B3E003C298680C4910609A88DB8852BA23F028
S21402B3F04003ADF812300023CDE90043ADF810202B
S21402B400FF23098803AA0720ADF80E50FFF73CFD7C
S21402B41007B030BD685E0020745E002038B50C466A
S21402B4201146124A124D108022682A6062686A60CB
S21402B430A268AA60E288500616D5EA88520613D594
S21402B44061B1002218460FF0A8FC014650B1608890
S21402B450FFF7BEFF0522074B1A7038BD084611F0EB
S21402B4601AFDF2E71920F5E70220F6E7745E0020DF
S21402B470685E0020C36500202DE9F04F074689B0BC
S21402B480104615461C468A4611F0C4FD014628465B
S21402B49007F0B6FF064628460FF064FC043014F0A8
S21402B4A0ACF880460FF0FEFD804550D0B2074ED174
S21402B4B0DFF8AC80284605A9B8F800B011F0B0FE57
S21402B4C09DF81930A8F8007003BBBDF81430EBB92C
S21402B4D028460FF047FC023014F08FF84FF6F77349
S21402B4E0984294BF4FF000094FF00109012301343E
S21402B4F0E4B22A463846CDF8009005A9039303F035
S21402B500C5FE039B40B901339C421ED20020A8F818
S21402B51000B009B0BDE8F08F022CF8D1012BF6D1AD
S21402B5200C4A0D4BA3F800A01378591C11700B4A55
S21402B5307F3B16F00C01137007D1BDF81A305B067C
S21402B54003D5BDF81600FFF743FF0223D1E700201C
S21402B550DFE700BFF2640020DE6E0020B265002046
S21402B560745E00202DE9F04FABB00F46ADF81E001A
S21402B5700FF0F8FB00F1020A0646504614F03DF8BA
S21402B580BDF81E400546204611F044FD0146204601
S21402B59007F036FF814600F00308301D14F02DF840
S21402B5A0434C20800FF07EFDA8422DD04FF6F77355
S21402B5B09D4229D87378DA0726D4284611F0FAF87D
S21402B5C030B101232946BDF81E202088FFF754FF1C
S21402B5D00FF068FD364B1B8883420FD1BDF81E4024
S21402B5E0204611F017FD0146204607F009FF10F02D
S21402B5F00C0103D1BDF81E0001F0ACFD00222D4B5C
S21402B6001A602BB0BDE8F08F2B49BDF81E0011F072
S21402B61007FE2A49BDF81E0011F046FD0028274BFA
S21402B62008BF0023234ABDF81E0013600FF026FB56
S21402B630234B1870BDF81E000FF025FB214B187027
S21402B640BDF81E000FF02AFB1F4B186000238DF872
S21402B6502230002F3ED0184BDB889B063AD50FF0DF
S21402B66021FD10B3194B1B689D071ED4B8F1010FBC
S21402B67014BF082318230DF12202009200220DF1B6
S21402B6801E00114600F0D6FB20B3B8F1010F9FD181
S21402B6900F4B1B78112B9BD110F0AFFE002897D1D1
S21402B6A040F61D40F9F7E2FF92E70823E3E700BF02
S21402B6B0745E002060570020685E0020AA650020A5
S21402B6C0A4650020A36500204C570020C448002033
S21402B6D0F4640020504613F090FF8246BDF81E0028
S21402B6E013F0E2FAA0F11005EDB22A4631460AA896
S21402B6F0EFF7DAFDFF238DF82F304FF6F7739A45F2
S21402B70040F2DF80B8F1010F00F0E780B8F1020FD7
S21402B71000F04681B8F1000F7FF45AAFA44DBDF891
S21402B7201E00EB88ADF8240004930FF01BFBBDF857
S21402B73024600746304611F06DFC0146304607F09D
S21402B7405FFE8DF82300B81C7E7813F056FF07467E
S21402B7500FF0A8FC06F00106B4F8009003906C887F
S21402B760002E7FF435AF4FF6F77A424649465745E4
S21402B7708CBF0620082013F009FFBDF824B05846F7
S21402B78011F048FC5946024643460420CDF8008094
S21402B7900BF053FB574583460AD8B5F90620EB88CB
S21402B7A0002A05DB580603D541462046FFF710FE61
S21402B7B0BBF1000F3FF40CAF2B88002B5AD16B79EC
S21402B7C0002B57D14FF6F7730DF126019F42BDF8B5
S21402B7D0240094BF4FF0000B4FF0010B10F0EFFE69
S21402B7E0DFF8D8A100F1FF38BAF800301FFA88F166
S21402B7F00593EB88BDF82600069307F001FE069B2C
S21402B80004990190009322465B460598C1F34011C5
S21402B8100EF071F800283FF4DBAE042306200093F6
S21402B820BDF82610624B5FFA88F20BF006FB002882
S21402B8303FF4CEAE48F202036A889A4205D1BDF8BA
S21402B8402410BAF8000000F08DFF594D09AA2946C7
S21402B8500DF123000EF04DF8034600287FF4B8AE33
S21402B8602104BAF80000BDF8242060D523462946F4
S21402B87010F0BAFE9DF823304D4D03F00C030C2B4E
S21402B88075D1288910F07BFE00283FF4A1AE039BF9
S21402B890002029894B4514BF0226032602F02CFEFF
S21402B8A0444B18704FF6F7739F42BDF8240075D8C4
S21402B8B0A4F138025342534132463D4904F066FC35
S21402B8C086E6B8F1020F6BD0394BB3F90630002B7F
S21402B8D026DAB8F1010F7FF41DAF0FF0E3FB2388E1
S21402B8E083423FF475AE0520BDF81E10FFF732FA0C
S21402B8F000283FF46DAE2E4AD3885B0607D5002398
S21402B900CDE900330A20FF232188FFF7BDFA3A4625
S21402B9109DF822302188BDF81E0002F023F957E672
S21402B92029460AA800F070F80028D2D050E6022174
S21402B930DFF88C8088F800102946CDF800B003F0B6
S21402B940A5FC132C96D0EB885D0493D41A4B1B7877
S21402B950D80703D598F80020022A8BD099077FF5DE
S21402B96037AE98F80030012B7FF432AE82E7002221
S21402B9702B79124800936B791146008802F0E4FD99
S21402B9800C4B18709DF8233003F00C03082B89D15A
S21402B990039B4B4514BF0426052683E701238BE74A
S21402B9A04846BDF81E20024901F048FB10E600BFDB
S21402B9B0685E0020C265002095640020745E002048
S21402B9C0B365002010B5002108480FF041FA04467E
S21402B9D050B101460420FFF7BDF928B12046BDE864
S21402B9E010400121FFF7BEBD10BD00BF585E00200B
S21402B9F0034BFF211A7803489200EFF7C5BA00BF3F
S21402BA002D6F0020EC44002070B5451804464FF018
S21402BA10FF31AC4212D1104B10481A78054600236B
S21402BA20934211DB0E4C2078431CB3FBF2F602FB6A
S21402BA30163345F82010237000200CE014F8010B92
S21402BA40E0F7B6FA0146E4E750F8044BA14201D00B
S21402BA500133E5E7012070BD2D6F0020EC44002085
S21402BA60B4650020042307B501200DEB0301054A47
S21402BA70F7F744FD019B044A1B03136003B05DF80D
S21402BA8004FB00BF23E111005C570020014B18683D
S21402BA90704700BF5C570020014B1868704700BF14
S21402BAA05C57002010B5064C2368C3F30B0313B98A
S21402BAB00448E1F7EDF82068431C236010BD00BF80
S21402BAC05C57002023E111002DE9F04F93B0039359
S21402BAD00023DDE91C79069399F8003083460DA809
S21402BAE004930E4615460DF07DFB99F8003013F0D0
S21402BAF003043ED0039B0DF1250A8DF82430002264
S21402BB00082138460FF060FA002870D028880FF017
S21402BB1029F999F800301C074CBF0430023013F0A4
S21402BB206CFD07A98046F7F7D7FE9DF82430044639
S21402BB30980633D5288806F10D0111F03EFAA8B111
S21402BB4000230093384608232988721D13F056FEF8
S21402BB5099F8003003F01803182B4AD1B8F1000FF9
S21402BB6047D0A94BB3F86830434542D040F60A4363
S21402BB7027E02888711D11F020FA0028F6D00094DC
S21402BB8005233246298809A813F038FE9DF824308A
S21402BB900DF1240A03F018030393B0E714BB3946E9
S21402BBA04046F8F785F90028D2D099F80030990770
S21402BBB0DCD0402322462146404610F0C3FD40F624
S21402BBC0094399F8002012F0030440F0F780288811
S21402BBD003930FF02AF8224601461A2013F0D6FCE9
S21402BBE0039BEBE007AB03CB38607960B0E74FF618
S21402BBF0FF780DF061FE044620B104213846F7F7BF
S21402BC0093FE04461E9B002B5AD009231E990DA8AC
S21402BC108DF834300DF060FC209B0BB1209B069310
S21402BC20039B002B40F08E800DA8ECF7FDFD99F8E3
S21402BC3000309A0700F09880FFF734FF514602461C
S21402BC4001200DF085FE99F800309B0710D5594665
S21402BC50288811F0ABFA0BF1090350FA83F35FFA66
S21402BC6083FB5946288811F078FA00EB0B06F6B2E9
S21402BC7099F8003013F0C20F0AF104030DD09DF8B4
S21402BC802420624942F020028DF824200A68CAF86D
S21402BC9004204A685A600AF10C03012209A800929D
S21402BCA01B1A324629889BB213F0A8FD3246594623
S21402BCB02846FEF7DDFE002800F0A48000237DE083
S21402BCC01F9B5BB19E460DF1340CBEE80F00ACE83C
S21402BCD00F00DEF80030CCF800309DE7049B594692
S21402BCE003F020032888049307F08AFB10F0030F62
S21402BCF00CBF012300230593049B059A003B18BF43
S21402BD00012342EA430300930DAA06AB38461F9965
S21402BD1000F01AFB049A034682B1002880D0059BE5
S21402BD200DAA0093384606AB1F9900F00DFB03469A
S21402BD3099F8002022F0200289F80020002B3FF418
S21402BD406FAF3EE7039B102B06D1BDF8363043F0AB
S21402BD500103ADF8363067E7039B182B4FD1BDF8C9
S21402BD60363043F00203F4E701200DF125010DF011
S21402BD70FDFD99F80030824613F0040F288821D181
S21402BD80069B1BB3002C35D00EF04FFF0022014657
S21402BD90162013F0FBFB84B17FB14FF6FF73984574
S21402BDA00BD000230DA91A4638460DF0B5FC3946CD
S21402BDB040469DF835200DF097FD0123184613B036
S21402BDC0BDE8F08F002CDFD1104F01E0002CDBD154
S21402BDD000233246009359463B4610F06FF900287E
S21402BDE03FF4C4AE002C3FF469AF069A0AF1010391
S21402BDF0136063E71B685345C6D80124E8E740F69C
S21402BE000A43DBE71923D9E744560020776500206A
S21402BE10002307B5054A0648136004220DEB02010B
S21402BE200193E0F771FF03B05DF804FB5C57002056
S21402BE3023E111002DE9F04F0446B1B000888DF8D9
S21402BE402F3016468A4611F0E5F8014681462088CC
S21402BE5011F083F900EB0908208811F0D0F90023CD
S21402BE609DF82F505FFA88F815F001070790ADF895
S21402BE70363008D101460DF13602208811F057F807
S21402BE8008B1ADF8367016B9CDE90E660EAEFEF7FD
S21402BE903BFB18B145F020058DF82F500023CDE965
S21402BEA0033302930DF12F03CDE900632246534676
S21402BEB041464846FFF708FE0546002800F0CA80BD
S21402BEC09DF82F3013F0010747D123F020038DF899
S21402BED02F300FF0E7F868B17C4A10AB1068516853
S21402BEE003C3184600F002FA0546FEF70FFDBBB282
S21402BEF098423BD83A9B13B100233A9A1370BDF886
S21402BF003630CBB10121208812F0EAFE278805469A
S21402BF10002800F0CA800121384612F0E1FEBDF882
S21402BF2036700546384612F0BFFE002300903A46A9
S21402BF301946284610F07EFF0023CDE9033302930C
S21402BF400DF12F03CDE9006322465346414648468B
S21402BF50FFF7BAFD054600287CD00FF0A3F80028AC
S21402BF6040F0BA80284631B0BDE8F08F18AB14AA6C
S21402BF7026A9F8B20DF025FC002840F0948008228D
S21402BF8010A927A8EFF74CFB8346ADB19DF8A53064
S21402BF9013F0020F08930FD0082212A927A8EFF772
S21402BFA03FFB48B9089B590706D53A9B13B10123B4
S21402BFB03A9A1370089507E03A9B002B61D1BBF1C1
S21402BFC0000F70D1002308930DF1740C14AB0FCB45
S21402BFD08CE80F00BDF83630CBB10121208812F074
S21402BFE07FFEB4F800B000284FD00121584612F068
S21402BFF077FEBDF8362083461046099212F054FEAC
S21402C00000231946099A0090584610F013FF304B49
S21402C0100DF1740B0493002303930DF12F03CDE966
S21402C02000632246534641464846CDF808B0FFF71D
S21402C0304BFD002837D1002D33D012AA5B464FF4B1
S21402C04082714FF4005000F0D9F8089B13B126A86D
S21402C0500DF0C3F90FF026F888B11E4B1B689A073D
S21402C0600DD4FEF751FA50B1184A18AB1068516851
S21402C07003C3002226A918A80FF0FDFE00BB002568
S21402C08070E700233A9A137099E7BDF836200A90B3
S21402C0901046099212F008FEDDE90923079900907E
S21402C0A0B2E72A46CAE701371FE7BDF836B0584658
S21402C0B012F0FAFD2B4600905A463846079939E7A1
S21402C0C026A918A80FF013FFD3E700BF9B1B040096
S21402C0D0C0480020C44800209DF82F3003F011030A
S21402C0E0102B7FF43FAF3E4B1B78432B7FF43AAFC7
S21402C0F03C4B1B685B067FF535AF208808F10501CF
S21402C10010F05BFF834600283FF42CAF41462088A0
S21402C11007F076F9344B10F0200F08BF1E4612A81F
S21402C12000F0E4F80822314612A8EFF779FA002860
S21402C13052D0314612A80DF098FB012326AE00938A
S21402C1403246002314A912A800F0FEF800287FF455
S21402C15009AF12AB0DF12F07CDE9036002900093F1
S21402C16022465346414648460197FFF7ADFCA8B320
S21402C170BDF89A30102043F0080318AA14A9ADF8A7
S21402C1809A300FF055FE00287FF4ECAE12ABCDE9E4
S21402C1900360CDE901700093224653464146484665
S21402C1A0FFF792FC054600287FF4DCAE18AB4FF48E
S21402C1B09071002012AA00F021F84FF000510020E2
S21402C1C010F0D0F8BBF1000F3FF459AF4FF080519A
S21402C1D0002010F0C7F852E78346AEE714ABE6E756
S21402C1E0F4640020C4480020AE56002001461A23FC
S21402C1F00120014AF7F782B924E10100F0B516469C
S21402C20091B0074609A80D461C46FFF7EFFF3EB160
S21402C210336845F04005CDF826307368CDF82A30ED
S21402C2201B4B1A6822EA070242EA050119604B0410
S21402C2300DD5BDF824200B0A03F4E243C9B222F45A
S21402C240E3420B4322F07F021343ADF824301A2355
S21402C2500020104A09A9F7F751F9B4B104A80CF066
S21402C260C1FF02236A468DF810301546234604F1B4
S21402C2701006144618685968083303C4B3422246A7
S21402C280F7D1294604A80DF027F911B0F0BD00BF7A
S21402C290C448002024E1010047F2FF10044B19684D
S21402C2A041F48042014041F480411A6010F05AB8CD
S21402C2B0C448002000B589B0FEF7BCFB01A8FFF712
S21402C2C095FF0948BDF804200168130221F0FF011A
S21402C2D003F4E2030B43D2B2134343F480430360F6
S21402C2E009B05DF804FB00BFC448002010B50C4B33
S21402C2F00446186888B0830706D54FF0FF332360DC
S21402C3000120636008B010BD10F04000FAD001A80A
S21402C310FFF76CFFDDF806302360DDF80A30EFE742
S21402C320C448002008B5074B02461B6813F04003BA
S21402C33005D118461946FFF761FF012008BD002007
S21402C340FCE700BFC44800202DE9F0479EB08046B7
S21402C3500C461D4691469DF898A0A2B11646304658
S21402C3600CF040FF1AF0020F0FD004B917AC2246A9
S21402C3703146404601AB0DF002FA0DB100232B60A8
S21402C3801EB0BDE8F0870DAEE9E701AB3146404688
S21402C39005AA0DF0C1F973780AF0010AFF2B26D020
S21402C3A0002840F0B68054B105AA09AF134603CB65
S21402C3B0BB42206061601A4604F10804F6D125B13A
S21402C3C07278554B03EB82032B60BAF1000F01D152
S21402C3D00020D5E7BDF80430D906F9D418204FF668
S21402C3E0FF71727813F0D2F840F60E40C8E74B4F52
S21402C3F03DB10EF057FE10B13B689A072BD50023CD
S21402C4002B603B6803F03003102B01D0202B24D185
S21402C41017A8FFF7EBFE082240460DF15E01EFF784
S21402C420FFF820B13B6803F04403402B15D0BAF165
S21402C430000F15D109A80FF099FF02233370002CC4
S21402C4404CD1B9F1000FC3D00EF02CFE60B3301DF4
S21402C450FFF74CFFBCE7324BD2E740F60A408FE7C5
S21402C4603B68DB03E6D509A80FF080FF0223337092
S21402C47074BBB9F1000FB1D00EF014FEF0B1301D4E
S21402C480FFF734FFAAE73B6803F08403842B2CD023
S21402C49009AB0DAF1A4603CABA4220606160134662
S21402C4A004F10804F6D105E025463B6803F0840350
S21402C4B0842B28D0301DFFF719FF26E03B680125A4
S21402C4C003F08403F4E73B68012503F08403DDE709
S21402C4D00EF0E8FD0028F6D00125D9E70EF0E2FDC1
S21402C4E005460028CFD00025D2E712A80CF07AFE27
S21402C4F0022312A88DF84830ECF796F92246082156
S21402C5004046ECF7E9F810237380002D3FF460AF45
S21402C51064E72D2034E700BF48440020C4480020CA
S21402C520C048002049B9084B197849B14EF6602335
S21402C530594328B1054812F087BC41F28831F8E722
S21402C5400248F6F761BF00BF94640020104800203E
S21402C55070B586B005460EF0A5FD10B9022006B0ED
S21402C56070BDF7F745F80028F8D001A8FFF7BEFE21
S21402C57006460028F2D08DB92E4B1C6814F0020431
S21402C58006D02D4B1B78112BE8D12C4BB3F8684004
S21402C5904FF481630221ADF80C3023E02846F7F70A
S21402C5A00FFD0028DAD1234B1C6814F0020406D0D3
S21402C5B0214B1B78112BD1D1204BB3F868400822AF
S21402C5C0294601A8EFF72CF80028E1D04FF40273B1
S21402C5D000260A21ADF80C302B68CDF80E306B68B9
S21402C5E0CDF81230002203A80EF0D7FB024608B997
S21402C5F01920B4E70F4B196801F03003102B17D03F
S21402C600202B14BF01230323490001F004010B432E
S21402C6102046002101F09AF80028E9D000210120E6
S21402C620FFF780FF16B10122054B1A70002096E72D
S21402C6300323E9E7C4480020F4640020445600209F
S21402C640A965002030B5002585B0CDE90055F6F77E
S21402C650DBFE0EF027FD1E4C60B905F0AFFF0D2580
S21402C660002108462170FFF75DFF294668460CF058
S21402C67015FD18E023784BB3164917480A78007858
S21402C680904223D90132012B0A700ED12A464FF46A
S21402C690A071284602F012FDC0B2B8B941F2883144
S21402C6A00E4812F0D1FB05B030BD022B09D1284648
S21402C6B002A9F7F7FDFB0028EED102A8FFF748FF14
S21402C6C0EAE7032B02D101F0FBF9E5E70425C7E709
S21402C6D0B5650020B6650020696F0020104800206E
S21402C6E070B51B4A1B4D04465168106886B02E78FA
S21402C6F001AB03C31EB10224204606B070BDF6F796
S21402C700CFFF0228F7D10EF0CDFC0028F3D003A805
S21402C71000F03AFE082201A90DF10E00EEF780FFA6
S21402C720A0B10D4B32464FF4A07130461C7002F099
S21402C730C5FC04460028DFD10123084A41F28831AD
S21402C74007482B70137012F07FFBD5E72324D3E73C
S21402C750E7DE0400B5650020696F0020B66500209C
S21402C76010480020F0B50C4600219BB02B4F064621
S21402C770492207A80691EEF707FC3B78012B34D135
S21402C7809EBB0DF10E0120460FF019FF0546BDF8BF
S21402C7900E0012F089FA441BE4B2BDF80E102346CE
S21402C7A02A46009606A813F029F8304604A9F7F799
S21402C7B07FFBD0B9CCB19DF81920B2B9BDF82330B1
S21402C7C003F47E43B3F5285F1ED3B3F5385F0ED36A
S21402C7D01349BDF80E000B6843F400030B602946AC
S21402C7E00DF05DF818B104233B701BB0F0BD0122BA
S21402C7F00C4B04A81A70FFF7ABFE41F288310A48C8
S21402C80012F022FB0223EFE711463A70FFF78AFE88
S21402C8101E2104A80CF042FCE7E700BFB565002025
S21402C820C4480020B665002010480020014B18704E
S21402C830704700BFB6650020014B1878704700BFEE
S21402C840B5650020014B1870704700BFB565002023
S21402C8502DE9F04F0446408891B00E298846ADF87F
S21402C8601A0079D094F80890A7790EF07BFA09A9F5
S21402C8700546BDF81A00E67910F0D2FCBDF81A009B
S21402C8800EF063F9420542BFBDF82A3043F4005366
S21402C890ADF82A30E379DB0642BFBDF82A3043F40E
S21402C8A08053ADF82A30BDF82A30980613D5022FE9
S21402C8B057D10CA9207A0FF023FEDDF83500DDF8FB
S21402C8C0391007AB03C307AA0021042300910DF118
S21402C8D01A00FFF7AFFA0121BDF81A0012F000FAAB
S21402C8E0022F824649D1474B33F81950B8F1000F50
S21402C8F07ED0BDF82A2051067AD54FF6FB739D42AC
S21402C90076D8414B1B78033B012B04D83F4BB3F838
S21402C9106830AB426CD0D30502D528460FF0D2FF62
S21402C920BDF82A30D80463D5002F33D1BDF81A00DB
S21402C9300EF00BF9C10663D548F23403BDF8262083
S21402C9409A4209D1324E3078FF2805D00322294672
S21402C950FBF782FBFF2333700023236011B0BDE890
S21402C960F08F012F01BF237A2A4A03EB430302EB1F
S21402C970830314BF00229A1CA6E7012F05D10C23BD
S21402C98003FB09F3234AD55AB0E7A81C12F035FE7A
S21402C9900546ABE7284601F0F7FEBDF81A000EF092
S21402C9A0D4F8C206C8D463895046059312F07CF9BF
S21402C9B08346504612F05CF9059B02905FFA8BF0B4
S21402C9C04A46394601900093404609AB0CF0FEFAFF
S21402C9D0B8F1000F14BF0B20092016F0030218BF8F
S21402C9E002F1FF32294618BFD2B212F0CFFDA3E7FA
S21402C9F0BDF81A000EF0A9F8C3069DD4002FD2D1B6
S21402CA00A946D0E7405B0020F5640020445600208B
S21402CA106D6F0020805A002038B500240F4B104D51
S21402CA202A78A24205D8C2B9BDE838400D48F6F7C2
S21402CA30EBBC598869B9013AD2B2A2422A70EFD049
S21402CA40121B184603F110011201EEF7EFFA034625
S21402CA50E6E701341033E4B2E2E738BD4C44002086
S21402CA60B9650020F86D002070B51A4B1A4A1D7879
S21402CA700023DCB2A54200D870BD14466688013396
S21402CA80864202F11002F4D1E379A588E16003F050
S21402CA9040028DB9CAB123F00403E3710EF062F9C5
S21402CAA0037803F07F03037021880029E4D1BDE8F0
S21402CAB070400A4812F0C8B900216580A180002A99
S21402CAC0E9D1BDE87040FFF7A7BF2046FFF7C0FEDA
S21402CAD0F7E700BFB96500204C440020F86D00203F
S21402CAE02DE9F047044686B040880F4615460EF0FC
S21402CAF039F9A3798046082B52D8DFE803F0052ED1
S21402CB001851515151510500023012F076FD002D98
S21402CB104ED06946F7F7CCF9002841D1684601F0B5
S21402CB20DDFEB0FA80F0400906B0BDE8F08702A943
S21402CB30207A0FF0E5FC6B466E46DDF80D00DDF858
S21402CB401110334A03C3237A32F81390314AD05C69
S21402CB5075B131460FF0F8FCE6E7237A2E4903EB6F
S21402CB60430301EB830231F82390907A961CEFE799
S21402CB704FF6FB7AD14515D9304603F0ADFF4FF696
S21402CB80FF739842054615D00146304601F018FE5E
S21402CB90554508D9E379DA060ED440F62243E36017
S21402CBA00020C1E74D46294608F1020012F027FD93
S21402CBB00120B9E74D46EDE74FF6FC78454512D120
S21402CBC003F00C030C2B1CD1DFB130464FF6FD717F
S21402CBD001F0F6FD40F61F412046E160FFF738FE01
S21402CBE0FFF71AFFDCE74FF6FD739D4209D10023DB
S21402CBF0304619461A4602F02DFB4146304601F0F1
S21402CC00DFFDE37943F00C03E37140F62343C6E706
S21402CC10405B0020A0640020805A002073B50446C2
S21402CC2040880E460EF09EF8023012F0E6FC0CF03B
S21402CC3055FE18B1A11C201D0CF055FEE6B1E57993
S21402CC400135EDB2E57115F0400514D0EBF708F9A1
S21402CC500122054600212046FFF742FF18B1394B54
S21402CC601B882B449DB2384B1B78042B01BF354BD7
S21402CC701B885B199DB22580002231462046FFF7AD
S21402CC802FFF20B360880EF06DF8E2792F4922F06C
S21402CC900C03E3710B7805460133DBB20B70C371EC
S21402CCA02B4BA61C1B780BB3E37998061ED5294995
S21402CCB0097871B159060CD592070AD500220423C9
S21402CCC0114630460092FFF7B5F810B1E06002B0A8
S21402CCD070BD00220123114630460092FFF7AAF8E3
S21402CCE020B1E37943F00303E371EFE730460CF03B
S21402CCF0F8FD0028EAD16088FBF77EFD0328E6D817
S21402CD00DFE800F0020D1D19E37943F00403E37136
S21402CD101B06DCD5104B1A78104B1A70D7E740F674
S21402CD202443E360E37943F00803E3712B7803F0CE
S21402CD307F032B70CBE740F62543E360C7E740F658
S21402CD402643FAE7B66E0020F5640020F26400205F
S21402CD50F06400206A6F002098640020B865002006
S21402CD602DE9F74F064612F05EFB5F4B0546B3F819
S21402CD70009018805D4BA0EB09041B78A4B2A34276
S21402CD8098BF00234FF000084FF6FF7788BF1B1BA3
S21402CD90564A88BFDBB21370DFF864B1A9EB000312
S21402CDA00093534B5FFA88F2197891420ED80EB16F
S21402CDB0FFF732FE4FF6FF739F4200F08E80394631
S21402CDC04C4803B0BDE8F04F12F03EB8BBF8022064
S21402CDD0002A3CD0484B9BF807201878BBF800A0E6
S21402CDE0042818D00020BAF1000F08BFA24620443B
S21402CDF0504523D2BBF80010009B1944ABF8001034
S21402CE00002E4ED002F04802482A4AD10021584647
S21402CE10FFF704FF45E00192F6F790FF30F01003AB
S21402CE20019ADFD1FAF702FD344B019AB3F800C03B
S21402CE308445D7D9ACEB000080B2D4E702F00C00F0
S21402CE40042807D10022ABF800200BF1100B08F1E2
S21402CE500108A6E7510602F0030C02F008000ED500
S21402CE6028B3BCF1030F25D1DEB1DBF80C1058460F
S21402CE70002908BF4FF44261FFF7EAFC11E040B315
S21402CE80BCF1010F25D11206EED44FF4C862ABF8FE
S21402CE9000209BF8072022F0030242F002028BF8E1
S21402CEA00720BBF80020974228BF1746CDE703208D
S21402CEB08445D9D213060ED50C4B1A780AEB02001B
S21402CEC0844208DA4A44521B0AEB0201ABF800100D
S21402CED0E7E70120ECE7012199E7064803B0BDE841
S21402CEE0F04FF6F791BA00BF5E5E0020B8650020EC
S21402CEF0B9650020F86D0020F5640020B66E0020AB
S21402CF004C440020F8B500250A4E0B4F3378ECB29D
S21402CF10A34204D8BDE8F8400848F5F785BF07EBFA
S21402CF200414A01CF5F780FF201DF5F77DFF0135E0
S21402CF30ECE700BFB96500204C440020545E002098
S21402CF4070B500240B4D0C4E2B78A34208D81B1B41
S21402CF50DBB22B706BB9BDE870400848F6F754BADE
S21402CF6006EB041040F621410134FFF771FCE4B2EF
S21402CF70EAE770BDB96500204C440020F86D002039
S21402CF802DE9F041002506462F46114CDFF8448075
S21402CF9098F80020EBB29A4203D8BDE8F041FFF7BA
S21402CFA03BBD60880DF0DEFE023012F026FBB0427A
S21402CFB00AD16088F8F74AFA00230E2118466288DA
S21402CFC003F086F92780678010340135E0E700BF5A
S21402CFD04C440020B9650020F8B5154EDFF858E03D
S21402CFE035789EF800E0134FAE454FEA051C07EB76
S21402CFF0051419D0002503F4835343EA1323A171C1
S21402D0002272E371608027F80C50A58006F078FB48
S21402D01040F60243E360337860810133284633707A
S21402D020FFF79EFE2846F8BD40F60340FBE700BF2A
S21402D030B96500204C4400202B6F00202DE9F04FEC
S21402D040344B0D461C78174685B05CB9B1F906809C
S21402D050DFF8C890DFF8C8A0DFF8C8B099F800304B
S21402D060A34202D805B0BDE8F08F0AEB0416B088DA
S21402D07000B9708801A910F0D3F8AA7A9DF80E308C
S21402D0809A4244D1B8F1000F0FDA297A9DF80C20A3
S21402D0902B89914209D8204800780844824236DA21
S21402D0A0521A1B0A1341D90731D5384610F0A7F891
S21402D0B0BDF80A3004469A0602D5EB889B06D1D5FF
S21402D0C0F37903F00C03042B08D17088F8F7BEF945
S21402D0D0002372881946184603F0FAF800213046F3
S21402D0E0FFF7B6FBFFF798FC384611F0DDFD8442E9
S21402D0F008D2337A01228BF80030294600233846BC
S21402D10003F044F8B8F1000FACDA0024A6E70134C5
S21402D110E4B2A3E7B76500202A6F0020B9650020B5
S21402D1204C440020C265002008B512F07CF9074B7B
S21402D1301B88C01A80B2B0F5807F05D9BDE80840CA
S21402D1400021034811F080BE08BD00BF5E5E0020CD
S21402D150F86D00202DE9F04788B004460D460FF022
S21402D16059FF0146204606F04BF910F0030340F043
S21402D170848010F00C0F06D12946204608B0BDE880
S21402D180F047FFF771BC20460DF0DFFCC10659D40C
S21402D19020460FF03FFF0146204606F031F90746CB
S21402D1A020460DF0DFFD0646023012F026FA05A9EB
S21402D1B08046204607F00C0796F806A010F030F8D6
S21402D1C073780C2F0CBF03270627012113F0010FDB
S21402D1D0204618BF032711F083FD2B4B81461B7890
S21402D1E0033B012B1DD9BAF1010F1AD94FF6F7737B
S21402D1F0984502D8337A1F2B13D9301D12F0FDF949
S21402D200F17982460EF0B4F906465046F7F726FD47
S21402D210DEB173685A1C04D0834340F6284308BF25
S21402D2201D461A4B1B88A34212D1B5FA85F0400957
S21402D230FAF7A6FD20460DF0B6FC002201460720AE
S21402D24012F0A4F908B0BDE8F08740F62845E8E7F2
S21402D25006F056FA8246484611F026FD064648462D
S21402D26011F006FDF6B20290424639462846CDE94E
S21402D27000A605AB0BF0AAFEDCE7012BE2D110F00C
S21402D2800C0FDFD178E700BFF5640020545E002063
S21402D290002210B5094B1C78094BD1B28C4201D83A
S21402D2A0002010BD197A814202D19979022902D052
S21402D2B010330132F1E70120F3E700BFB965002021
S21402D2C04C4400200146002210B5084B1C78084B3F
S21402D2D0D0B2844201D8002010BD187A884202D10A
S21402D2E098790128F8D010330132F1E7B9650020A9
S21402D2F04C440020002210B40A4B1C780A4BD1B2D0
S21402D3008C4203D85DF8044BFFF786BB197A81423C
S21402D31005D19979012902BF00211980598010335D
S21402D3200132ECE7B96500204C440020044B1B6830
S21402D33013F0300F03D0202130200FF013B87047BF
S21402D340C4480020002310B5044608491A4601EADC
S21402D35000414FF07F60FEF751FFE30703D500213F
S21402D36030200EF0FFFF002010BD00BF0000720745
S21402D370044B5B8823F4784323F08D03038000205C
S21402D380704700BFC448002008B500220346C3F811
S21402D3900220C3F806200B4A02301268D1B212F0FD
S21402D3A0200F18BF41F010011980930701D4FEF731
S21402D3B09DFF054B1B78023B032B8CBF17200020DA
S21402D3C008BD00BFC4480020F464002038B50546F6
S21402D3D00C46FDF72FFB98B10E4B187878B10E4B22
S21402D3E01B681A040FD58CB113F0420F00D17DB121
S21402D3F003F44073B3F5407F0CBF0020232038BDF2
S21402D40040F60840FBE740F60B40F8E72046F6E712
S21402D4102320F4E7F0640020C4480020F0B5044658
S21402D4208DB007A80D4616460BF0DCFE1022002132
S21402D43003A8EDF7A9FD5CB1234603AC03F1100780
S21402D440224618685968083303C2BB421446F7D10D
S21402D450012703A986EA070307A88DF81C708DF832
S21402D4601D300CF02AF880EA070401A8E4B2EBF7B4
S21402D47039FAB6B101A88DF80650EBF75FFA64B137
S21402D480002303A907A88DF81D300CF025F80C4BD5
S21402D4901B78432B01D1F7F7CFFC0A4B1D700DB05A
S21402D4A0F0BD01A88DF80750EBF748FA002CF6D02D
S21402D4B003A907A88DF81D700CF00EF8EFE700BF61
S21402D4C0F4640020EF640020F0B5012593B007460F
S21402D4D00DA80C460BF086FE05A90DA8ADF8345033
S21402D4E00CF015F801A8EBF7FDF909A90DA88DF8BF
S21402D4F035509DF806600CF00AF80DA89DF8075006
S21402D5000BF09BFF70BB731BDBB2802B28D91FB1BD
S21402D510A64225D0A54223D105A90DA80BF0DCFF13
S21402D52003A8EBF7DFF903A88DF80F60EBF706FA0E
S21402D5300122294609A8FFF771FFF7F733FD0121FB
S21402D5404FF4007003F0E6FDFDF75CFAB0F1004F11
S21402D55001D9FDF75DFA044B18780BF09DFD01200A
S21402D56013B0F0BD0020FBE7EF64002070B50E4656
S21402D570144605460320FFF765F946F004022946DD
S21402D58020460CF003F80022014B1A6070BD00BF63
S21402D590C0480020F0B587B0078805461022002153
S21402D5A002A8EDF7F1FC3E4B1B78002B76D1BC05AA
S21402D5B05ED407F08403842B63D00022394C1146D4
S21402D5C01046FFF72BFF17F4045F276005F10206EB
S21402D5D01CD0B9040AD5304605F0A4F900284ED16D
S21402D5E0236823F4005343F48073236030460EF01E
S21402D5F047FF002842D10BF0F1FD18B9236843F427
S21402D60080332360236843F02003236022680DF1F1
S21402D610060042F400432360FFF7AAFE12F4805F7E
S21402D620BDF8063031D043F02003ADF8063021684D
S21402D630334611F0400218BF05F123024FF07F6017
S21402D640FEF7DCFDBDF80630DA0703D500213020F0
S21402D6500EF088FE23689B0506D5012295F8221057
S21402D66005F11200FFF7DAFE00200F4B186006E005
S21402D67005F112000EF004FF00289AD0292007B008
S21402D680F0BDB80799D52320F9E723F02003ADF8BB
S21402D6900630FDF7BDF9FEF7BBFBC8E70220EEE752
S21402D6A0F4640020C4480020C048002008B5054B9A
S21402D6B01B7833B1FFF73AFEBDE808400248FEF792
S21402D6C031BE08BDF06400207765002010B5154B0A
S21402D6D01B78D3B1144B1B78033B012B15D90020C2
S21402D6E00FF091F9044698B1EAF7EAFB237913F0B2
S21402D6F0300F0AD148B1012803F0CF0206D0811EAE
S21402D7004B424B415B011343237110BD1023FAE7D2
S21402D710F7F7DAF80028F8D021462046BDE8104090
S21402D72004F096B8F0640020F564002008B50DF009
S21402D730B9FC054B18B91868C0F3800008BD186814
S21402D740C0F30050FAE700BFC44800202DE9F04FAE
S21402D750064689461046002189B01546984605F0C9
S21402D7604FFE102807460AD86A4B0341DB0706D449
S21402D770C8F340049DB9002009B0BDE8F08F664B9F
S21402D7801C78002CF6D0FFF7D1FF00280CBF4FF410
S21402D790F0744FF4D074FC4004F00104EAE74FF052
S21402D7A0000A18F0010F5346524629464FF005006C
S21402D7B0CDF800A00CBF4FF0080B4FF4027B09F027
S21402D7C05FFB0028D7D0C8233246009359465346FB
S21402D7D0284605F03DFEADF80E000028CBD018F026
S21402D7E0080A4AD14FF6F773A7F10F02D2B29E4249
S21402D7F08CBF09230123012A01D843F04003474A7C
S21402D8008DF810301378591C11708DF81130002CD9
S21402D8104FD09DF81030052F43F020038DF81030BE
S21402D82033D03F4B1D78002D5AD04FF6F7730025A4
S21402D8309E424FF00F0248D9012304A90DF10E00B3
S21402D840F5F736FD002896D1002C4DD1BAF100012D
S21402D85033463A4618BF0121BDF80E00CDF80090B7
S21402D8600CF046F8ADF80E00002884D018F0040F2D
S21402D8704DD031460EF04BF87EE749460DF10E00CC
S21402D88005F02AF80028ADD175E70121BDF80E0093
S21402D89011F026FA012105F0B3FD0123834013F0AF
S21402D8A0620F1CD11E4B1B78E3B14FF6F773182597
S21402D8B0BEE71B4B25461B780222002BBCD04FF638
S21402D8C0F7739E42B8D8052FB6D0BAF1000FB3D17F
S21402D8D09DF8103043F040038DF81030ACE7102569
S21402D8E00F22A9E71825FBE7BAF1000F0AD0022398
S21402D8F04A46009029460DF10E00FEF79BFA0028D4
S21402D900A4D038E741235246CDF800A0F2E70DF046
S21402D910E8FF31E79FFEFEFFF0640020F16400207E
S21402D920E26400202DE9DF431E46144B80461B6846
S21402D9300F469B0791460A9C1BD4204614B10BF057
S21402D940BFFFC0B20622CDE902403B460020CDE929
S21402D95000890B490FF0DEFA024650B10021002E74
S21402D9600CBF01230323084604B0BDE8D043FFF7EB
S21402D970EDBE002004B0BDE8D08300BFC44800203E
S21402D980419204002DE9F04F8DB081468A461F462B
S21402D99093469DF85C803AB903A8FEF7A7FCB0BB95
S21402D9A000200DB0BDE8F08F154600222321104658
S21402D9B00DF0F3F9ADF80A000028F1D011F058F98D
S21402D9C00523044618F0100F00F8023B677020D0BB
S21402D9D011220021EDF7D8FA04F11306032F4FF0B7
S21402D9E0080237D159463046EDF720FBC8F38013BC
S21402D9F006F1090533720BF05FFF00283ED00023C4
S21402DA002B706B700123033505F8013C36E003AD3D
S21402DA10CBE7012610221699EDF708FB06FA07F364
S21402DA2013F0620F02D104F11206D7E707A80BF033
S21402DA30D9FB05A88DF81C60EAF754FF9DF816205E
S21402DA4018F0200F9DF8173008BF134604F113068E
S21402DA50A374C3E751463046EDF7E8FA012306F110
S21402DA600802121B28460093BDF80A10082392B239
S21402DA7011F0C4FE042F06F11005BCD02D1BA9B26E
S21402DA800DF10A000FF0AEF9002889D118F0040F44
S21402DA900BD0484611F00CFBFF281FBF074A32F88E
S21402DAA0103023F4804322F810304346514648464D
S21402DAB0BDF80A20FFF74AFE73E700BFE85D0020C4
S21402DAC070B5032690B08DF807600DF0EBFA18B922
S21402DAD00224204610B070BDF5F78AFD0028F7D064
S21402DAE002AD2846FEF702FC0028F1D01B4B1C684C
S21402DAF014F00204ECD140F20F43194AADF8243078
S21402DB00136804A8CDF826305368CDF82A300BF0F7
S21402DB1069FB95E8030005AB83E80300062304A827
S21402DB208DF81D308DF81060EAF77EFE01210DF1AA
S21402DB302E020DF10700EAF7CFFD22461A2109A8A8
S21402DB400DF02BF9024608B91924C2E7012329462B
S21402DB502046FFF7FBFD0028BBD1F5E7C4480020AE
S21402DB60776500202DE9F04F06460F46002199B052
S21402DB701F2210A803930F91EDF706FA30460FF016
S21402DB8049FA0146304605F03BFC8DF81B0030464C
S21402DB900DF0E8F89DF81B3045788146C5F3400540
S21402DBA09806304648BF45F002050FF028FB0446AB
S21402DBB0304611F079F80023001B5FFA80FA0093D2
S21402DBC05346232B28BF2323224631460FA811F0A3
S21402DBD015FE002840D19E4B9DF83C801B789DF890
S21402DBE03DB0002B3BD0FFF7A1FD00280CBF4FF441
S21402DBF0F0734FF4D07323FA08F3D9072FD5AA0788
S21402DC002DD4B8F1080F24D1BBF1040F24D1FAF7B2
S21402DC1097FD08BB012322460093314605200DF1ED
S21402DC201B0309F00AF9B8B1A8F10508B8F10D0FFF
S21402DC3012D8DFE818F02800A001C701EC01F501B0
S21402DC401100110011001100FB019D02A902D7026A
S21402DC50D702B8F1050F08D019B0BDE8F08FB8F1B9
S21402DC60100F05D1039B002BF6D0FAF769FDD1E71A
S21402DC70FAF766FD0028CDD0B8F1050FCAD0B8F184
S21402DC80110FC7D0E8E7BBF1050FE5D830460CF018
S21402DC90CCFF059009F1020011F0AFFC81460DF1B0
S21402DCA01E00FFF765FB01239DF83D70BB4013F095
S21402DCB06203039305D0BDF81E309B0701D5AE075D
S21402DCC0CAD50DF0EFF90028C6D0FAF739FD08B923
S21402DCD0002DC1D00DF13E0A50460EF0D1FB039B3B
S21402DCE00490BBB1032F9DF84EB01AD10DF14F042C
S21402DCF00DF0D8F9814540F01781032DACD19DF87F
S21402DD0056105246003918BF01210DF14E000BF095
S21402DD10FCFDA1E7032FDDF80CB07BD10DF14E041C
S21402DD20E6E74C4B1B689C0729D5FF2208210DF11C
S21402DD3057000DF049F9804608BB034601460DF12F
S21402DD4057020220FEF75AFA0DF0ACF981450DF1A2
S21402DD5057060DF14F0422D04FF6F773994540F25D
S21402DD60E8800022082120460DF02EF9002800F057
S21402DD70E080002259465046FFF750FB6CE70DF153
S21402DD8057060DF14F0430460EF014FB002846D01D
S21402DD900DF088F9814540F0C8804FF00008204613
S21402DDA0F6F70EF9002800F0C080012F58D0042F95
S21402DDB07FF452AF0EF021FB10B1032D7FF44CAF6F
S21402DDC0049B002B7FF448AF324602215046FFF7F1
S21402DDD0CDFB214B1B7863B1FFF772FEFEF72CFDDD
S21402DDE0022806D10120FEF721FD01210846FEF792
S21402DDF099FB1A4B1B78022B1FD1032130460BF0DE
S21402DE004DF9FEF719FD014600287FF425AFFEF70F
S21402DE1089FB21E70DF156060DF14E04B3E70F4BD1
S21402DE201B78432B7FF418AF012F7FF415AF0DF04C
S21402DE3039F9814579D1B846B1E7412B7FF40CAF69
S21402DE40044B1B6858057FF507AFF8F761FC03E73C
S21402DE50F0640020C4480020A9650020F464002075
S21402DE60B64C2378022B22D02378412B3FF4F4AE13
S21402DE70049B33B9FAF764FC594602465046FFF74C
S21402DE80CDFAFAF75DFC00283FF4E6AE0EF0B5FADE
S21402DE90AB4F98B13B681A0502D42378432B0DD1B9
S21402DEA0AB070BD440F61A40F7F7E0FBD4E60EF0C9
S21402DEB0A4FA0028D8D0A907D6D4CDE6386810F040
S21402DEC0020002D1059903F0C3FC2378112B16D168
S21402DED03B685F0513D50020FEF73AFB0446002890
S21402DEE07FF4BAAE0DF0B6FB40F61C40F7F7BEFB69
S21402DEF021462046FEF716FBF7F7C4FBACE6AC0756
S21402DF0001D5FFF713FAB8F1000F9ED00BF066F9B1
S21402DF1018B94FF480310EF025FA0022894B3046AC
S21402DF201A600EF03EFA90E70026039B002B7FF461
S21402DF3013AF4FF6FF73204608A9ADF82030F5F769
S21402DF4091FF20B120460DF088F8ADF820004FF67C
S21402DF50FF73BDF8200098423FF47EAE049B324623
S21402DF60002B0CBF042315232146CDE900A33B4614
S21402DF70FFF708FD70E60DF095F800287FF46CAE0A
S21402DF80714B1B78002B3FF467AEA80704D46C4B8A
S21402DF901B6899013FF560AEBAF10C0F0DF1450012
S21402DFA094BF002412AC11F028FB02469DF84700ED
S21402DFB003283FF651AE394600940DF13D0304F0B6
S21402DFC00BFA49E60DF13D00F5F7FAFF28B10222F9
S21402DFD039460020FAF740F83EE65C4B1B78013BD8
S21402DFE0012B3FF639AE0DF13D0002F075FD4FF6FE
S21402DFF0FF739842044606D10DF13D000DF02DF850
S21402E000A0423FF429AE0021FAF736F924E6EA07E1
S21402E0107FF522AE2A4638460FA904F0DBFA1BE645
S21402E0209DF83D100120FFF74FFA15E6474B1B7887
S21402E030013B012B3FF610AEEB077FF50DAE0DF15F
S21402E0403D0002F049FD4FF6FF73984205468046B2
S21402E05040F080800DF13D000CF0FFFF4045054684
S21402E060074677D10DF13D00F6F71CFCB84205468F
S21402E0703FF4F2AD304610F017FE00220934E4B247
S21402E080071BFFB2394610460CF087FEADF81C009F
S21402E09000283FF4E1AD4FF0010900232A4608218B
S21402E0A0CDF8009005F0D4F9ADF81E0000283FF434
S21402E0B0D3AD214630460FF079F84FF0000A80467D
S21402E0C01622514609A8CDF820A0ECF75DFF43467C
S21402E0D022463146CDF800A008A811F08FFB4B4629
S21402E0E0424608A90DF11E00F5F7E2F800287FF473
S21402E0F0B3ADA7EB0807FFB2394607A80EF072FECB
S21402E100284610F0D5FFFF2818BF114A444418BF0E
S21402E11032F81030E4B21CBF23F4804322F81030E9
S21402E120BDF81C0023463246002100970EF082FE00
S21402E1302946BDF81E000DF0EAFB8DE5F4640020CA
S21402E140C4480020C0480020F0640020F564002087
S21402E150E85D0020284610F0ABFFFF28074689D06E
S21402E160F6F7C6FD002885D0384603F099F881E711
S21402E1701E4B1B78013B012B3FF66EAD2A463846F6
S21402E1800FA9FCF7C9F967E5194B1B78022B20D1BA
S21402E190002F7FF461AD08A8FEF7A8F800283FF428
S21402E1A05BAD144B1F709DF83D30002B14BF6424EA
S21402E1B06524FEF741FB032806D138463946FEF7AA
S21402E1C0B1F93846FEF73EFB214608A80AF066FF7C
S21402E1D042E5043B012BDBD938460BF07FFB0028D7
S21402E1E0D6D139E530460BF07BFB35E5F5640020E9
S21402E1F0F4640020A96500202DE9F34105460E4689
S21402E200174698460EF0F9F8044640B101233A46FE
S21402E21031462846CDF80080FFF784FB04460EF010
S21402E220ECF830B1FFF782FA78B10A4B1B689B0113
S21402E2300BD400233A4631462846CDF80080FFF735
S21402E24071FB002C0CBF0446012404F0010002B04E
S21402E250BDE8F081C448002070B58AB005A80AF06F
S21402E260C1FF022301AA15468DF81430084B03F1AC
S21402E2701006144618685968083303C4B342224687
S21402E280F7D1294605A80BF018F90AB070BD00BFF1
S21402E290EFDE0400014B1878704700BF6B6F00205A
S21402E2A0014B1888704700BFE06E00204FF6FF73E0
S21402E2B02DE9F043994280460D4685B00BD00027E3
S21402E2C04FF6FD791C4EE9F7D1FDFCB2A0420BD801
S21402E2D04FF6FF701DE0F5F773FE0028EFD005B08D
S21402E2E0BDE8F0430CF0DEBE36F814304B4517D8C6
S21402E2F0694620460EF0C8F8082241460DF1050090
S21402E300EDF78EF94FF6FF7360B99D4204D136F8E9
S21402E310140005B0BDE8F08326F814500EF07DF820
S21402E3200137D0E79D42FBD036F81430AB4208BF27
S21402E33026F81490F4E700BF405B00202DE9FF4763
S21402E34006460F4600254FF6FD79DFF83C80DFF8DB
S21402E3503CA0E9F78BFDECB2A04202D804B0BDE8BF
S21402E360F08738F814304B450CD8694620460EF034
S21402E3708BF8082231460DF10500EDF751F908B980
S21402E3800AF804700135E4E7405B0020A064002030
S21402E390014B33F810007047405B0020F0B506468C
S21402E3A000250D4F85B0E9F761FDECB2A04201D819
S21402E3B005B0F0BD37F81430B3420BD1694620469B
S21402E3C00EF09EF89DF80030022B1CBF4FF6FD7330
S21402E3D027F814300135E6E7405B002030B585B0FB
S21402E3E004460D46E9F742FDA0420FD9084B33F822
S21402E3F014204FF6FD739A4208D8694620460EF05E
S21402E4007FF829460DF10500FFF750FF05B030BD35
S21402E410405B002030B585B00446E9F727FDA042F0
S21402E42019D92046FEF734FF0546B0B9694620469C
S21402E4300EF02AF89DF800302BB1694620468DF87A
S21402E44000500EF03FF84FF6FF720020044B23F800
S21402E450142005B030BD2820FBE740F60440F8E75C
S21402E460405B00202DE9F0410B7805460E461BB9AD
S21402E470BDE8F041FFF7CEBFE9F7F8FCA84231D974
S21402E4802846FEF705FF78BB374617F8058B4FF68A
S21402E490FF713846FFF70AFF0446384600F01EFAB8
S21402E4A0B0FA80F04009B8F1000F15D0B8F1030FAA
S21402E4B015D04FF6FF724FF6FD73944208BF1C4606
S21402E4C00B4B314623F815400A4B585528460DF09B
S21402E4D0F9FF0020BDE8F0814FF6FF74F0E74FF633
S21402E4E0FE74EDE72820F5E740F60440F2E700BFA9
S21402E4F0405B0020A06400202DE9FF410D46044643
S21402E5004FF6FE780F4F0E0AE9F7B0FCA04204D889
S21402E510FF24204604B0BDE8F08137F814304345A6
S21402E5200CD1694620460DF0AFFF9DF80520EBB2F0
S21402E5309A4203D19DF80630B342EAD00134E4B2DF
S21402E540E2E700BF405B00202DE9F04F0C4617467D
S21402E550984600254FF6FD7B87B09DF840A0DFF871
S21402E5605C900190E9F782FCEEB2B04201D8FF2639
S21402E57016E039F816205A451ED8304602A90DF084
S21402E58083FF3FB99DF80920424515D19DF80C201E
S21402E590524511D144B939F81620019B9A420BD143
S21402E5A0304607B0BDE8F08F082220460DF10D0177
S21402E5B0EDF736F80028F3D00135D3E7405B0020AC
S21402E5C010B514460DF060FF2046BDE81040082244
S21402E5D00149ECF72BBD00BF776500202DE9FF4708
S21402E5E0074615460846082224491E46EDF718F83F
S21402E5F0044600283FD14FF6FF7ADFF88490E9F709
S21402E60035FC5FFA84F880450BD385B3384608F0AC
S21402E610F5FC01250C9B18700120357004B0BDE88E
S21402E620F08739F8183053451FD0694640460DF03A
S21402E6302BFF7A789DF801309A4216D17A88BDF877
S21402E64002309A4211D13A799DF804309A420CD19E
S21402E65008220DF10501781DECF7E2FF28B9002D1E
S21402E660D7D1404608F0E5FCD3E70134C7E7FF20E0
S21402E67008F0DFFCCEE70020D0E700BF7765002079
S21402E680405B0020F0B50025154E164F85B0E9F721
S21402E690EDFBECB2A04201D805B0F0BD69462046BB
S21402E6A00DF0F2FE9DF80030032B06D900236946D2
S21402E6B020468DF800300DF005FF9DF8002062B16F
S21402E6C04FF6FD734FF6FE71032A08BF0B4626F877
S21402E6D01430002301353B55D9E74FF6FF73F6E7B2
S21402E6E0405B0020A0640020F8B50E4604464FF6B4
S21402E6F0FF770C4B0C4D1B7803EB430305EB8305AE
S21402E700A54202D800242046F8BD2388BB4206D084
S21402E71008223146A01CECF783FF0028F3D00C3405
S21402E720EEE700BF2C6F0020805A0020044BFF212A
S21402E7301A78044802EB42029200ECF725BC00BFAE
S21402E7402C6F0020805A0020F8B504460C4B0D466C
S21402E7501B781046A3420DD90C27022117FB041181
S21402E7607C43084E08223144ECF760FC335B002001
S21402E7702B80F8BD0023136053604FF6FF73F6E755
S21402E7802C6F0020805A002038B504464FF6FD75DF
S21402E790FFF704FE0022084B1878084BD1B28842D5
S21402E7A000D838BD33F80C1C0132A14208BF23F84A
S21402E7B00C5C0C33F2E700BF2C6F00208C5A002052
S21402E7C070B505460E460846FFF7DEFF3146284678
S21402E7D0FFF76CFD29460648FFF786FF00B970BDB5
S21402E7E0044624F80C6B0DF018FE29462046F3E783
S21402E7F0805A002010B5082286B023490446ECF75A
S21402E8000FFF20B906B0BDE810400CF04BBC082242
S21402E81020461E49ECF704FF20B91D4BB3F86800EA
S21402E82006B010BD0023012221464FF6FF7000936A
S21402E830FFF78AFEFF2806D0164B33F810004FF675
S21402E840FB739842ECD903A8FEF79EFD58B9BDF8B3
S21402E8500C305B0607D5082221460DF10E00ECF7B8
S21402E860DFFE0028DCD021460B48FFF73DFF40B113
S21402E8704FF6FB724FF6FF730088904288BF184629
S21402E880CEE74FF6FF70CBE777650020AE56002046
S21402E89044560020405B0020805A002070B50022BB
S21402E8A004464FF6FB7608460A4B1D780A4BD1B251
S21402E8B08D4201D8002009E01988B14207D8A1424A
S21402E8C005D10822991CECF7B1FB012070BD0C3370
S21402E8D00132ECE72C6F0020805A002037B5014643
S21402E8E005460E48FFF700FF044640B1807A2946E7
S21402E8F00DF02AFE80F00100C0B203B030BD034620
S21402E9000090012229464FF6FF70FFF71DFEFF28F2
S21402E91016BF034B2046185CE9E700BF805A00206A
S21402E920A06400202DE9F341224B04461B780F46D3
S21402E9308342154638D9FEF7C5FCB8BB4FF6FD73C1
S21402E9409D421D4E0ED004EB440326F823504FF68C
S21402E950FF739D421FD12046FEF7CCFC002002B07A
S21402E960BDE8F0810DF106013846F5F77BFA4FF661
S21402E970FF72BDF806303846934218BF1D460C2378
S21402E9806343F55206EB0308FFF7A8FFB0FA80F0E0
S21402E990400988F80A000C2303FB04600822394663
S21402E9A00230ECF743FBD9E72820D8E740F60540CB
S21402E9B0D5E700BF2C6F0020805A002038B50446E9
S21402E9C00D46FFF7BBFC21460448FFF78DFE00B953
S21402E9D038BD857221460C30F7E700BF805A00200A
S21402E9E00023074A1370074A1370074A118801B1B9
S21402E9F01380064B1A880AB100221A80704700BF9D
S21402EA00BB650020BA650020645E0020625E0020BE
S21402EA102DE9F04F4C4C9846238889B005900F4656
S21402EA2010469DF848A05BB952B10EF0F4F920806A
S21402EA304FF4FA61454809B0BDE8F04F10F004BA49
S21402EA40DFF81C91B9F80050002D69D0284610F066
S21402EA502BF9C0F34704284610F00AF9DFF804A1A0
S21402EA600294BAF80030DFF800B10193BBF8003028
S21402EA700546009300224346012035490EF04AFA25
S21402EA80ADF81E0010B305EB44080124454512D12B
S21402EA90E4B9BDF81E50CDB12E4B1B782BBB2B46CE
S21402EAA000223946059800F043FA0023ABF80030FE
S21402EAB0AAF800300AE0012329461A460DF11E0084
S21402EAC0F4F7F6FB023504460028DFD00023224A7C
S21402EAD0A9F800301378013BDBB21370002BA7D1E4
S21402EAE009B0BDE8F04FFFF77BBF0CF0A4FA014671
S21402EAF0284604F085FC0A218046284604F080FC5D
S21402EB000646A64202D8FF2CCFD1C8E7284604F113
S21402EB100B0104F075FC8045C1D80134E4B2F0E77D
S21402EB200E4C237823B910F073FB08B90123237027
S21402EB30524641460520F5F757FC0028D0D12070F2
S21402EB4009B0BDE8F08F00BF645E0020186E00209A
S21402EB5047920400BC650020BB650020BA65002011
S21402EB60625E0020FC5D0020FE5D002030B5154D83
S21402EB7087B02C889CB923464FF4A07248F238011D
S21402EB8003A80DF0C4FD21462046F9F7F3FB224602
S21402EB900D4B009403A9FFF73BFF07B030BD20469C
S21402EBA00CF0E0F8043010F028FD03A9044628888B
S21402EBB00EF036FB0023009320462A8803A900F0B5
S21402EBC065FBEAE7645E002000F8FF0737B5002021
S21402EBD001A9F9F7CFFB0D4C014623780C4D7BB10A
S21402EBE00C4B019A1878F9F7DBFB2078F7F716F941
S21402EBF0002323702B700848F4F706FC03B030BDE0
S21402EC002B78002BF7D0FFF7B1FFF4E7BE650020A4
S21402EC10BB650020BD650020186E002008B50548BB
S21402EC20F4F702F90448F4F7FFF8BDE80840034891
S21402EC30F4F7FAB8645E0020625E0020605E002090
S21402EC402DE9F04F89B089460446CDE905239DF8A3
S21402EC504870139E30B316F801ABBAF1000F23D0FA
S21402EC600AF1FF34A400E4B2314601200AF07EFE27
S21402EC70C00E1BD1DFF838B1314601200AF076FE0D
S21402EC809BF8005034442279BDB1002F47D180232F
S21402EC904846CDE90277CDE900773E4A059900F06D
S21402ECA047F93CE08246DFE75446DDE71B28ECD90D
S21402ECB0314601200AF05AFEE7E7DFF8F880FF2A1D
S21402ECC000EA08080BD14246E379A179607901EBA4
S21402ECD0032189B209B0BDE8F04FF9F761BB2E49AE
S21402ECE009688B070AD5FE2A35D101230135EDB214
S21402ECF0202D4FEA43030AD1FF250AE0294628467B
S21402ED000792F9F737FB4845BFD1079AEBE79845D4
S21402ED10ECD1224B1B78FF2B04D0AB4204D009B0B7
S21402ED20BDE8F08FFF2DFAD029460020F3F774F8DD
S21402ED300028F4D09BF800306479002BEFD1FFF75F
S21402ED404FFE17484FF4105110F07EF8154B8BF813
S21402ED5000501C70E3E7052A97D8BAF1010F94D841
S21402ED60B8F1000F91D0002FD9D17379002BD6D0ED
S21402ED700D49098821B9082B28BF08230B490B70B7
S21402ED80434648461292DDE9051209B0BDE8F04F47
S21402ED90FFF73EBE47920400C44800206C6F002076
S21402EDA0186E0020BD650020645E0020BB65002052
S21402EDB0BE65002000F8FF07014B1880FFF7D6BE9D
S21402EDC0625E002037B5184B1B78022B03D017253E
S21402EDD0284603B030BD00210DF10700F4F798FC79
S21402EDE005460028F3D1114B1B78013B012B01D9B4
S21402EDF00225EDE7F4F7F6FB0028F9D00AF096F8BC
S21402EE000446F4F7EFFB0A4B4FF47A7118700B23A3
S21402EE10B4FBF3F203FB12440A34A4B2614305487E
S21402EE2010F012F8D4E700BFF4640020F564002066
S21402EE30E5640020F04700202DE9F043384B00241B
S21402EE401E784FF4F813374FA5B003933D78ADF80C
S21402EE501040F7F78FF8BDF90E30ADF81200A34256
S21402EE60ADF8144006DB304B1C780134E4B21C705B
S21402EE7044F080048DF82C40A94602244FF0000886
S21402EE808DF82D60B14529D3002221460BA83D708E
S21402EE908DF82D800BF081FFE8B1B8F1000F09D094
S21402EEA000234FF6FC71CDE9000303AAFF230620D8
S21402EEB0FBF7EAFFB5422FD20AF038F80B23B0FB75
S21402EEC0F3F24FF47A7102FB13000A3080B2414328
S21402EED016480FF0B9FF25B0BDE8F083484606A9EC
S21402EEE002F004FA98B9512C11D804F190030DEBF4
S21402EEF00302083406AB013508F1010803CBE4B27D
S21402EF0042F8640C42F8601CEDB25FFA88F809F128
S21402EF1001095FFA89F9B5E70448F4F775FADAE702
S21402EF20E5640020E6640020C0650020F04700206B
S21402EF300CB42DE9F04F8BB014AA0E4652F8041BFF
S21402EF4007460992002940F08F80BDF85400ADF8BC
S21402EF502200002800F0A18033794FF6F778002BC4
S21402EF6040F0868047458CBF4FF009084FF00808EE
S21402EF704C4B1C78FF2C40F08380B6F90230002BF5
S21402EF80A9BF494B347A1C780134A2BFE4B21C7084
S21402EF9044F08004DFF81CB12246002104F044FA53
S21402EFA09BF80030BDF82200002B6CD0DFF808A1D9
S21402EFB04FF00009BAF8003007930FF075FE0546C9
S21402EFC0BDF822000FF054FEEBB2CDE90193FF2309
S21402EFD0CDE9030900932246334639460798FCF7E3
S21402EFE0F1F84FF6FF7305468BF80090AAF800304A
S21402EFF0382D33D13246394640460DF122030AF007
S21402F00075FC00284BD04FF6F7739F4226D8B6F908
S21402F01002307088002B21DA48F204022349244B7E
S21402F0204FF00008904214BF894699460CF03AF811
S21402F030494603468A220120CDF800800DF06AFF79
S21402F040814658B12246414604F0EEF9FF23324685
S21402F05039464046CDE90098FBF716FF28460BB026
S21402F060BDE8F04F02B0704701200DF030FF6EE7AA
S21402F070002347458CBF4FF006089846337177E762
S21402F080FF221A7086E7CDE900033246FF2339468F
S21402F0904046FBF7F9FE0546AAE71925DEE70546D0
S21402F0A0DCE700BF6E6F0020C065002058920400A7
S21402F0B04D920400BF650020665E002070B54FF4D6
S21402F0C0003300240546164688B0ADF81A100DF136
S21402F0D00F0204A90593ADF81840ADF81C4004943D
S21402F0E08DF80F400AF0D9FB9DF80F3028460193A1
S21402F0F0049B044A009305A93346FFF719FF08B09C
S21402F10070BD00BF5192040030B54FF48035002424
S21402F11087B00395BDF82850CDE900128DF810305F
S21402F120074A034603A9BDF82C008DF81140ADF836
S21402F1301250ADF81440FFF7FBFE07B030BD00BF1B
S21402F1405D920400B1F1006F2DE9F04314462CBF26
S21402F150392238228BB01D464FF00003ADF81E2030
S21402F1604FF480022CBF4FF001099946FF2C064649
S21402F170ADF81C300892ADF824304FEA11471FFA5A
S21402F18081F80FD10CF024FBB9F1000F19D1154A02
S21402F190CDE9020543463046CDE9007407A9FFF7DC
S21402F1A0C7FE1AE0FE2C0AD10CF012FB0130C0B2E8
S21402F1B00CF019FBB9F1000F12D00B4A02E0E8B2CC
S21402F1C0F8E70A4ACDE9030501233046CDE9017482
S21402F1D0CDF8008007A9FFF7ABFE0BB0BDE8F083C1
S21402F1E0034AD5E7559204005B9204005492040049
S21402F1F05C9204004FF498124FF0806310B586B00C
S21402F200CDE903230023ADF814300BF04BFF044680
S21402F210F6F7B0FE054B01900093054A234603A974
S21402F2204FF6FD70FFF784FE06B010BD776500202E
S21402F2306192040008B5064B1B78022B02D0043BF1
S21402F240012B03D8FFF7D6FF002008BD0220FCE7FB
S21402F250F464002030B500244FF4806587B0CDE911
S21402F26000128DF81030084A034603A94FF6FD70C7
S21402F2708DF811400394ADF81250ADF81440FFF724
S21402F28057FE07B030BD00BF659204002DE9F04F6F
S21402F2909BB00E4605460EA91046CDE90A329DF8E9
S21402F2A090700DF08CF9BDF838A0804650460FF0ED
S21402F2B0FBFCB6F902300446002BB6F80690B6F808
S21402F2C002B004DA0022B24B1A70002049E050461F
S21402F2D00FF0EAFC4045F5D3A4EB0804E3B2002F96
S21402F2E018BF4FF4A079152B099328BF15230024C5
S21402F2F0013308F1FF325146DBB292B2009414A8F1
S21402F30010F07CFA6FEA4B436FEA5343A1499DF82B
S21402F310502008684968ADF846300FAB03C3ADF815
S21402F3204840ADF84440ADF84A90ADF84C20BBF1E9
S21402F330000F24D10DF15100F4F742FEA0B10BF0FC
S21402F340B1FE5C4606460DF1590A0DF151030A9AC2
S21402F3509AF80080012A2DD157B384F0010404F0F4
S21402F36001001BB0BDE8F08F0DF1510001F0B4FBB7
S21402F3704FF6FF74011B4C4206464C41E3E7BBF1D5
S21402F380010F40F09480BDF851600BF08BFE864270
S21402F3900AD030460FA90DF0E8F980F00104E4B275
S21402F3A00DF1530A0FABD2E77B4B0DF1530ACEE7B2
S21402F3B00A9CD4E797B3002C75D1B8F1010F72D826
S21402F3C037D10BF06FFE0BF06DFE224606469AF81A
S21402F3D00170714B00210120CDE9006102976F494F
S21402F3E00DF098FDADF83A0000285CD0002C53D101
S21402F3F0B8F1010F50D12646DFF8B8A19AF80030CE
S21402F4005FFA84F8434538D940460FF0A9FEC20792
S21402F41002D5BFB1013FFFB20134EFE7B8F1010FE9
S21402F42005D1002CCDD081229AF80170D2E7002CAB
S21402F430F9D1B8F1010F94BF002201229AF80170A7
S21402F440D201C7E7404601F017FB0123ADF83400AE
S21402F45002220DA90DF13A00F3F72AFF18BBBDF8F8
S21402F4603A000FF021FC804648460CF01AFF08F1DD
S21402F470010801368045F6B2CEDBB6B132460C2123
S21402F480BDF83A0003F0D0FF00222846BDF83A3015
S21402F49011A9FFF74DFD06E00C210DF13A000DF023
S21402F4A0A1FC0028F0D001205BE70D21F5E70A9BBE
S21402F4B0002B7FF40AAF7388342B57D1099B092B94
S21402F4C07FF403AF002F7FF400AF9DF959603A46F0
S21402F4D0B41008210DF1510004F020040BF074FD65
S21402F4E0D0B12F4B1B78012B3FF4EFAE022B27D166
S21402F4F02C4B1B6813F0807F25D12A4B1B685B02BE
S21402F50001D5002E30DA00232846274A11A9FFF734
S21402F5100FFD264B1C70D8E60DF15100F4F750FD96
S21402F5200028DED10DF1510001F0D6FA4FF6FF7336
S21402F530984208D02146F8F79FFE034618B903E022
S21402F540033B012B06D9C8232846174A11A9FFF701
S21402F550EFFCBAE6164BB3F86830AB42CDD0114B8F
S21402F5601B6813F0805FC7E78D23EDE7099BCDE9A3
S21402F570059204930DF15103CDE9028331462846E4
S21402F580CDE9007A0B9B11AA00F058F89DE600BF61
S21402F590B36500209B1B0400776500206992040077
S21402F5A0F5640020C44800204B4904006D6F00201B
S21402F5B044560020396F0020024B187840F0800035
S21402F5C0704700BFC065002038B50A4B05461C7858
S21402F5D024B10BF067FDB0FA80F46409F8F72AFF4D
S21402F5E008B144F04004E8F74DFC44EA40202840C5
S21402F5F038BD00BFF0640020014B18800020704721
S21402F600E86E00204FF6FF71034602881B798A4295
S21402F61017BF074901200A8041881EBF054A0020FD
S21402F6201180FF2B1EBF044A00201370704700BFD4
S21402F630E46E0020E26E0020C16500202DE9F04F46
S21402F640B7B09946BDF80431439C0D939DF8083136
S21402F65083460E93BDF8143120460F939DF8183159
S21402F660B1F802A00F4690469DF8005110930FF095
S21402F670C4FFBAF1110F064600F28A800BF012FDA3
S21402F680B04200F08F80BAF1060F19D14FF6FD7323
S21402F6909E423ED0DDB9BC4B1B78033B012B36D9CC
S21402F6A030460FF005FDFF2814BF89238123002270
S21402F6B04146CDE900625846B44AFFF739FC06E0F7
S21402F6C02DB9BAF1030F08D8BAF1010F0AD80022F1
S21402F6D0AF4B1A7037B0BDE8F08FAAF10403022BC5
S21402F6E0F5D8D8E7A84B1B78033B012B0DD930463B
S21402F6F00FF0DEFCFF2814BF8923812341465846BB
S21402F700A44A0096FFF714FCE1E78023F6E780237D
S21402F710CDE7A14B1B7859074CD40BF0C3FC00264F
S21402F720034632460120994900960DF0F3FB2379F1
S21402F730ADF86C000F930028CCD0DDE90E320D98A0
S21402F74003EB42090FF0B0FA5FFA89F909F10507EF
S21402F750FFB28742BED239460D9803F051FE109092
S21402F76007EB40070D980FF09FFA8742B2DADDE901
S21402F7700F321343DBB2002B40F03282002DA9D1A8
S21402F7802F463A460421BDF86C0003F04DFE76E1A2
S21402F790814BBAF13A0F1B7811D948F23B039A45CE
S21402F7A008D014E07C4B1B785A070BD5AAF1040349
S21402F7B0022B07D8FB8843F48043FB808AE7BAF122
S21402F7C01B0F1ED8AAF102039AB2132A5ED9109B07
S21402F7D0494602930F9B5046CDE900530E9A5B466C
S21402F7E00AF068F80F287FF475AF0122684B1A708A
S21402F7F0694B1B789B0740F1D982002D7FF46AAFD4
S21402F800D8E7AAF11C021E2AE1D801A151F822F07B
S21402F81035000300CFF70200CFF7020055FC0200C6
S21402F820CFF7020035FD020035FD0200CFF70200D9
S21402F830CFF70200CFF70200CFF70200CFF70200A1
S21402F840CFF70200CFF70200CFF70200CFF7020091
S21402F850CFF70200CFF70200CFF70200CFF7020081
S21402F860CFF7020065FD020065FD0200D1FF02002F
S21402F870CFF70200CFF70200EBFF0200CFF702003D
S21402F880850003009B000300A9000300132B9ED8EB
S21402F89001A252F823F000BFE9F80200B1F9020013
S21402F8A0CFF90200ADFA02001BF70200CFF7020002
S21402F8B0CFF70200CFF70200CFF70200CFF7020021
S21402F8C0CFF70200CFF70200CFF70200CFF7020011
S21402F8D0CFF70200CFF70200CFF70200EFFB0200DD
S21402F8E0CFF702006100030000241BAB5A464846CD
S21402F8F00E9900931DAB1D948DF86C4009F0CEFF57
S21402F9000BF0D0FB204B05461B78012B03D0022BB5
S21402F91014BF02240124E8F7B5FA162894BF002083
S21402F920012044EA4014F6F725FB1C4B0646B3F8C2
S21402F93000A0FBF79FFA1A4B07464FF6FF70B3F884
S21402F9400090FFF741FE174B9DF86C201988124B6A
S21402F9501B7813F002031CBF134B1B780B921D9AE5
S21402F960CDE90701CDE9093240234146CDE90143FD
S21402F97058460023CDE90579CDE9036A0B4A00957E
S21402F980FFF7D6FAA6E600BFF56400204D92040003
S21402F990B36500205892040095640020E86E0020AB
S21402F9A0E46E0020E26E0020C16500206F92040023
S21402F9B00BF078FBA34BA44A1B88CDE94003002337
S21402F9C04146584637B0BDE8F04FFFF7B1BAA478C3
S21402F9D01DA9631EDBB2EF2B204610D9F22C0ED0E7
S21402F9E008F058FA82240BF05DFB00234146CDE96D
S21402F9F00003964A23465846FFF79AFA6AE608F044
S21402FA0049FA002850D00BF04DFB9DF878209DF85F
S21402FA107A100492BDF8762049000392BDF874204D
S21402FA20C9B2CDE901429DF8792003465200D2B20E
S21402FA3008320A4400920120002285490DF06AFA33
S21402FA409DF87930ADF86C008DF8673000283FF4E9
S21402FA5041AE002601230DF167011A461BA8F3F7F3
S21402FA6027FC054600287FF435AE9DF86730EAB2DB
S21402FA70934209D89DF87A308DF8673016B1BDF8F2
S21402FA806C3033E00126E5E73146204608F004FAFA
S21402FA900123ADF8680002221AA91BA8F3F708FC96
S21402FAA001350028E1D015E683249CE70BF0FAFA2C
S21402FAB0044608F010FA234600900022012063490B
S21402FAC00DF028FA00283FF405AE00252C46ADF8C6
S21402FAD0740008F000FAEEB2B0420DD822460421B5
S21402FAE0BDF8740003F0A0FCBDF874300022414655
S21402FAF05846FFF71DFAEDE5304608F0C9F9FF282B
S21402FB008DF86C000AD0012301341A461BA91DA8E1
S21402FB10E4B2F3F7CDFB00287FF4DCAD0135D8E77D
S21402FB205046B4F8029008F0B3F9FF288DF8680042
S21402FB3000F0CF821DA908F0ADF9BDF874304B4530
S21402FB4007D04FF6FF72914540F0C3821B0400F1C6
S21402FB50C0829DF8793012930E9B0533DBB2139365
S21402FB600F9B1493002311934FF000094B4613E0AA
S21402FB7017934900139BC9B219440D9889B20DF028
S21402FB806CF94FF0000A179B159012995FFA8AF2E9
S21402FB908A4217D309F10109149A5FFA89F1914250
S21402FBA0E6D39DF87A201292169A1392002B40F012
S21402FBB08582119B002B40F08C8201231193109BAF
S21402FBC01493D1E711999DF86800179308F064F929
S21402FBD0159A179B0AF1010A824208BF0123D4E74D
S21402FBE009F106095FFA89F33746169372E2A71CF3
S21402FBF039463046A57A09F0B1F90122394630462F
S21402FC00FAF7D4FB30460CF006FF384600F064FFE5
S21402FC102288824207D04FF6FF72904203D00FF03E
S21402FC2047FA0CF038FE85F00804C4F3C0042146F7
S21402FC303846FEF7C3FE2146384637B0BDE8F04FD9
S21402FC4009F065BEE66E00207C9204004D92040028
S21402FC5080920400AD4B1B78033B012B7FF63AAD36
S21402FC600BF020FA58453FF435AD09F05FF90B2347
S21402FC70B0FBF3F24FF47A7102FB13000A3080B243
S21402FC804143A3480FF0E0F8F3F7ACFC00283FF43A
S21402FC9021AD0123002218469E4994F800A00DF0DB
S21402FCA039F9ADF8680000283FF414AD0026354651
S21402FCB034460E9B1BAF01330E93F2B2524514D359
S21402FCC0002C3FF407AD01232A461DA91AA8F3F714
S21402FCD0EFFA00287FF4FEAC22460221BDF8680047
S21402FCE003F0A2FBBDF8683000E74FF000090E995A
S21402FCF0D200D2B20A4408230D993846CDF80090B5
S21402FD000FF07CFD394648460FF0A2F9FF280FD0C7
S21402FD10814B1B5C0F2B0BD997E8030005F1D80328
S21402FD206B44643B83E8030008350134EDB2E4B269
S21402FD300136C2E7002D7FF4CDAC18073FF53AAD89
S21402FD40534622464146584603F066FE00287FF494
S21402FD50C1AC842341465846704A37B0BDE8F04FDE
S21402FD60FFF7E6B823780F9810930CF09AFA002162
S21402FD700646584604F0BAF9644BBAF1310F1B78BE
S21402FD800746A3F103030BD1012B13D9644B654A33
S21402FD901B7812781344DBB20D9316230E930DE0F4
S21402FDA0012B03D9604B1B780D9353BB002D7FF4B8
S21402FDB091ACCEE701231621CDE90D310024109B2C
S21402FDC02246009301202346584901940DF0A2F8DA
S21402FDD000283FF47FACF61BF3B22646544FDFF8FA
S21402FDE05C911193ADF86C000F940D9BE5B2AB429B
S21402FDF009D832460221BDF86C0003F015FB0F9AB3
S21402FE00C0E40523CAE7162200211DA8EBF7BCF8BA
S21402FE10BAF1320F3DD13B7903F00302032A21D116
S21402FE208DF87620109B0136F6B2B34215D2BDF895
S21402FE306C000EF039FF0E9B1844119B98420CDCA6
S21402FE4001230E9A1DA91BA8F3F732FA00287FF4A5
S21402FE5041AC0F9B0133DBB20F930134083709F133
S21402FE601209C2E7B9790029DCD13249C3F3C203C9
S21402FE70CB5C1DA8012A08BF43F0010339888DF820
S21402FE8076300FF0BCFB79880DF177000FF0B7FBE8
S21402FE90C8E71DA80BF01EFC4FF0FF33CDE91F3359
S21402FEA01F4B1B78AB4261D999F804306F2BD4D81C
S21402FEB028461FA9F4F7D0FF0028CED01E4BB9F86B
S21402FEC00020B3F8683092B9003B18BF01235B01EB
S21402FED043F004038DF8863002238DF88730B9F894
S21402FEE002301B0A11468DF8893021A8CEE79B1AEC
S21402FEF018BF01235B0143F005038DF88630022309
S21402FF008DF887300F238DF88830E8E7F5640020F7
S21402FF10F04700208A920400996400204B490400AE
S21402FF20EE640020ED640020376F00208892040003
S21402FF30525D002000DF040044560020D85B0020FB
S21402FF400132D2B2551EEDB22846139312920FF02A
S21402FF5007F9DDE9122310F0010FF1D063490978A1
S21402FF60611A994205D00133DBB2E9E70122002388
S21402FF70E8E75F4B1FA918782844C0B2F4F76CFF75
S21402FF8000283FF46AAF284600F076FD1290284615
S21402FF900FF0E6F810F0010F129A0FD116238DF823
S21402FFA08630544B1B780133DBB20F2B28BF0F234E
S21402FFB08DF88830504B33F8153092E72846129267
S21402FFC00FF0CEF810F0020F129AE7D11223E6E7EE
S21402FFD01A073FF5EFAB23465A4641460F9803F001
S21402FFE073FD00287FF476ABE0E695B1434B1B78B1
S21402FFF0033B012B7FF66EAB0BF054F818B9BBF13E
S214030000000F7FF467AB207837B0BDE8F04FF5F705
S21403001021BE0BF047F820B1384B1B78033B012B6E
S21403002001D8802396E62B4641465846344AFEF7C7
S2140300307FFFE8E70BF036F8B0427FF44BABA01C2B
S214030040F3F7BEFF00283FF445AB0BF02BF804464E
S2140300500BF028F82B4B2C4ACDE940032346AFE49C
S21403006020460FF0CAFAFFF7AFFA00283FF432AB88
S2140300704090002341465846244A37B0BDE8F04F27
S214030080FEF756BF4B46424659460020CDE940543C
S21403009037B0BDE8F04FFEF7D3BD4B464246594650
S2140300A00120CDE94054F3E72B464A4641465846DD
S2140300B0409437B0BDE8F04F09F02EBC01231AA9CF
S2140300C01A461BA8F3F7F4F800287FF403AB0137AE
S2140300D0FFB2013607F0FFFE5FFA86FA50453FF699
S2140300E01FAD002F3FF44AABFFF74BBBEE64002077
S2140300F0326F0020A8650020DA5D0020F56400203A
S2140301004B490400776500208D9204005892040042
S214030110F8B5164B04461D88154B20F8025B196884
S21403012079B10822EAF782FF124B0C201B78124E95
S214030130A372124B19780023DAB2914205D8FF2234
S21403014009E0C4F802104160EEE7013300FB03F751
S214030150F75BAF42F0D10A4BE2721B782373094B6D
S2140301601B786373084B1B682361F8BD745E00201D
S21403017060570020C2650020745A00202C6F0020B0
S214030180A4650020A36500204C570020F0B589B075
S21403019006460C4615460DF032F80DF10A020146E6
S2140301A030460CF0C4FE144F0346F0B901223A70F1
S2140301B02288BDF80A102AB102460090072006F0EE
S2140301C03CFE90B103A8FFF7A3FFBDF80A000EF0AC
S2140301D06BFD0646BDF80A000EF04AFD2146009068
S2140301E0F3B2284603AA08F0EBFE0023034A3B704B
S2140301F0136009B0F0BD00BFC36500206057002040
S21403020073B5ADF806000DF106000AF0D8FD0146F9
S21403021008B102B070BD0DF106000AF019FE0446DF
S2140302200EF026FDC67A002EEDD120460CF0AEFA6F
S214030230FF28E8D00EF07CFF054BD3F88850002D3E
S214030240E1D03346224641213046A847DBE700BFCC
S2140302504456002073B5002200210C2000F0C2FC97
S214030260002119480FF02DFA01250446164E84B1D5
S21403027020460CF08BFAFF2805D1214630460FF0B6
S21403028044FA0446F3E704220023009500F07EFCBC
S214030290F3E721460D480FF014FA012504460B4EEA
S2140302A00CB902B070BD20460CF070FAFF2804D0DB
S2140302B008220023009500F069FC214630460FF023
S2140302C024FA0446ECE700BF785E00207A5E00203E
S2140302D02DE9F84F10460E46174699460AF050FC8D
S2140302E0254A264B0021B0F5006F14BF904698466A
S2140302F040460FF0E6F94FF0000A0446DFF880B0F8
S2140303000CB9BDE8F88FBC4228D120460EF0B0FCED
S214030310857A80F80BA0013DEDB2857216B13F2EAB
S21403032000D02DBB0EF096FF054620460AF028FCAB
S214030330B0F5006F4FF00002214615D10F480AF0C2
S214030340A6FDFFF787FF28460EF07FFFDBF88850F1
S21403035025B14B463A4631460020A847214640463B
S2140303600FF0D3F90446CBE703480AF090FDEAE71B
S214030370FFF770FFF2E700BF7A5E0020785E00208A
S2140303804456002000232DE9F34706460F464FF652
S214030390FF78284CDFF8A090ADF8063020460AF028
S2140303A00EFD054648B9294620460FF08AF98246CF
S2140303B00EF05EFC0389B34217D94C4501D1FFF713
S2140303C049FF002120460FF07CF9054607F1FF3A66
S2140303D05FFA8AFAD5B94C4516D1BDF80600FFF781
S2140303E00FFF404602B0BDE8F0877B1EDBB2FD2B55
S2140303F0D4D9294620460AF02BFD2A4651460DF14C
S21403040006000FF064F9C9E74C46C7E7BAF1FD0FDB
S21403041009D928460EF02CFC03899B1B9BB29845F2
S21403042028BF98460381294620460FF06EF90546F5
S214030430D0E700BF7A5E0020785E002008B50EF095
S214030440F2FF0B4AFF2113881080C31A98B2FFF7F6
S21403045099FF4FF6FF7301469942064803D1BDE85C
S2140304600840F2F7D1BFBDE808400EF0EDBC00BF70
S2140304707C5E0020386E0020174B00282DE9F041E3
S214030480164D18BF1D460F4628464FF000010CBFF9
S2140304904FF008084FF002080FF013F9044610B99E
S2140304A02046BDE8F08120460EF0E2FBC37A0646FE
S2140304B023B1214628460FF028F9EFE720460AF035
S2140304C08EFB424601463846EBF7AAF80028F0D1E1
S2140304D0B378002BEDD1E3E7785E00207A5E002048
S2140304E0014B1860704700BF6457002010B50446E0
S2140304F00548F2F789FF0023044A1380044A138051
S214030500044B1C8010BD00BF386E00207A5E0020AE
S214030510785E0020765E002008B50448F2F784FC77
S214030520BDE808400248F2F77FBC00BF7A5E0020B1
S214030530785E00202DE9F341044688460EF073FFEB
S214030540324B074620461E880CF020F90546204607
S2140305500AF016FBB0F5006F32D1FF2D06D001234B
S214030560042200932846002300F010FBB8F1000F86
S2140305701DD10EF06FFE2146054625480AF024FCE1
S21403058028460EF062FE23480FF0C9F8224BA8B3A4
S2140305901988711A17FA81F086B220460EF068FBA6
S2140305A0032306818372002002B0BDE8F0810EF0BB
S2140305B051FE00222146054615480FF088F8DFE76E
S2140305C016480AF033FC04281ED8FF2D06D0012354
S2140305D0082200932846002300F0D8FAB8F1000F4B
S2140305E005D10EF037FE214605460C48C6E70EF049
S2140305F031FE0022054621460848DEE73146054817
S2140306001F800EF021FCC8E71C20CDE7765E002095
S214030610785E0020386E00207C5E00207A5E002024
S2140306202DE9FF4708460C460AF08FFA00F4805877
S21403063020460AF010FB054620460AF0E3FAB0F51A
S214030640404F1BD1B8F1000F14D029460020FFF706
S21403065013FF054670B10EF00BFB0023404A81786A
S2140306600446009218462A460193F1F7A5FF08B9F7
S2140306700123E372012004B0BDE8F08728460EF09C
S214030680BCFF81460EF014FDFF28074637D0012530
S214030690A0F12006C0F12003324925FA03F305FA38
S2140306A006F61E438540D1E900232A433343C1E9B6
S2140306B000230EF017FD044638B138460EF050FD01
S2140306C010F00C0F14BF01240024B8F1000FD1D092
S2140306D04FF0000A03A90120ADF80C90FFF7CCFEFB
S2140306E081460EF0C5FA8046B9F1000F1ED1BAF165
S2140306F0000F14D1FF2FBDD0002CBBD128E01A4B1E
S2140307001B684BB148469847044628B1B8F1000F1A
S214030710B0D000252E46DBE7B8F1000F01D100204C
S214030720A9E7002501242E46A246D3E774B1002389
S2140307300B4A8178009218464A460193F1F73CFF2C
S214030740002897D1012388F80B3093E7FF2F91D029
S214030750064BD3E9001229433243C3E9001289E763
S214030760D1020300601600206457002058160020AC
S21403077038B504460AF004FA054620460AF02FFA6E
S214030780A5F500630446014658425841FFF774FE38
S214030790B0B9B5F5006F01D0002038BD20460EF085
S2140307A02CFF0EF085FCFF28F6D0064B00B21B6824
S2140307B033F8100000F4E260003818BF0120ECE7BD
S2140307C00120EAE7685700202DE9F7434FF00009B8
S2140307D00746ADF804900EF0C3FC10F00C0F29D0BA
S2140307E04FF00208154D2B88A5F80090ADF806309B
S2140307F00DF106000AF0E3FA044630B1B8F1010F32
S21403080014D04FF001080E4DEDE721460DF106001A
S2140308100AF01EFB06460BF0B9FFB84222463146E5
S21403082014BF284601A80EF052FFE1E7BDF8040006
S214030830FFF7E6FC03B0BDE8F08300BF7A5E002056
S214030840785E00202DE9F04FDFF8208185B0D8E9E7
S214030850003213437CD105B0BDE8F08F02EA0401F1
S21403086003EA0700014327D022EA040223EA070328
S214030870C8E90023DAE9002304EA020507EA030CC1
S21403088055EA0C056FEA04006FEA070124D13046E7
S2140308900EF066FCC2070FD530460EF049FCDBF8B7
S2140308A09C30002B45D11D46304600F0E5F8DBF8BA
S2140308B084300BB12946984724197F4109F1010971
S2140308C0284B5FFA89F61B78B342C4D9D8E90023CC
S2140308D052EA0301C2D1BEE702400B403046CAE9E2
S2140308E000230EF03DFCC307E6D51F4B30461B68BE
S2140308F033F8163003F48873102B10D00EF018FC60
S214030900DBF89C3013BB1D460123102200933046B0
S214030910002300F03BF90020F1F7BCFDC4E70EF01E
S21403092007FCDBF89C300125002BBDD00122039584
S21403093002E000252A460395039200213046984795
S214030940039A002AB0D0002DAED1DDE70025EDE7EF
S2140309504FF0000901244F46DFF814A0DFF814B067
S214030960AEE700BF6F6F00206857002060160020B8
S2140309705816002044560020F8B50346084613B31D
S21403098009B3402A1FD8114900260B6010490027D7
S214030990086010494FF0FF350A7000210C460433F7
S2140309A0914205DB00215200EAF7EEFA0020F8BD7B
S2140309B0C3E9036703F8044C23F8024C1D605D602B
S2140309C001311833ECE72120F1E700BF6C57002014
S2140309D0685700206F6F0020F0B5144CDDE90567FB
S2140309E02568EDB1F0B91248007888421AD901EBB0
S2140309F041014FEAC10C05EBC10415F8311011B9DA
S214030A002169C90710D4002005F80C0062801A6813
S214030A1046F0010662605A68C4E90467A260F0BD46
S214030A200220FCE72120FAE72E20F8E76C57002087
S214030A306F6F00200E4B30B51A68A2B10D4B1B78B2
S214030A40834212D900EB400002EBC003C10000242E
S214030A5000200025C3E9044550544FF0FF32588068
S214030A605A609A6030BD0220FCE72120FAE700BFF7
S214030A706C5700206F6F0020094B1B6863B1094A4F
S214030A801278824208D900EB400003EBC0031A69D0
S214030A90D20701D5588870474FF6FF70704700BFDE
S214030AA06C5700206F6F0020094A0346106870B128
S214030AB0084A12789A4209D903EB430300EBC303AF
S214030AC0186910F0010002D0181D70470020704707
S214030AD06C5700206F6F0020F8B50E4B05461C6858
S214030AE034B128B100260C4B1F78F3B29F4202D8CC
S214030AF04FF6FF7009E008222946201DEAF790FD0D
S214030B0020B92369DB0701D56088F8BD01361834A0
S214030B10EBE700BF6C5700206F6F00200C4B1B6881
S214030B209BB14FF6F77291420DD80A4A1278824269
S214030B3009D900EB400003EBC0031A69D20704D5BA
S214030B40002059807047212070470220704700BF5D
S214030B506C5700206F6F00200A4A0346106878B16E
S214030B60094A12789A420AD903EB430300EBC300FF
S214030B70036913F0010003D0C3F30010704700208D
S214030B80704700BF6C5700206F6F002070B51C467F
S214030B90124B9DF810601968D1B1114B1B78834234
S214030BA018D900EB4000551E01EBC0012543D1E9DF
S214030BB0040301D0C5070FD52EB110432343C1E963
S214030BC00403002070BD20EA020023EA0403F6E7CC
S214030BD00220F7E72120F5E72D20F3E76C570020E6
S214030BE06F6F0020134BF0B51B6803B300266FEA44
S214030BF0000C6FEA010E104C2778F4B2A74201D816
S214030C000020F0BDD3E9044514F0010F07D014F01B
S214030C10020F04D132B104430D43C3E90445013640
S214030C201833EAE70CEA04040EEA0505F5E70220A2
S214030C30E7E700BF6C5700206F6F00200B4B70B5C3
S214030C401B682BB100240A4A1678E2B2964201D8F2
S214030C50002070BDD3E9042502400D402A4304F169
S214030C60010403F11803F0D00120F2E76C570020CB
S214030C706F6F00202DE9F0470026FF27B246164D7A
S214030C80DFF8588098F800305FFA86F94B4502D8AB
S214030C903846BDE8F0872B792F2B0FD928460AF064
S214030CA030FC2B796C7903F0070304F003048342CA
S214030CB02CBFE4182418E4B2A24506D95446B94614
S214030CC0A2464F4612350136DCE7288801F0A6F81F
S214030CD00028F3D1F4E700BFD85B0020EE640020C1
S214030CE02DE9F04F89B0814609F09FFF02904846F0
S214030CF00CF090F90024411C054689B2484602F0E0
S214030D007FFBA246A346A046274600F01F000235F7
S214030D1000EB4000EAB27D4E50FA85F5EDB2AA42EA
S214030D2074D9DFF8FCA19AF8003033B1A400E4B21A
S214030D30B4FBF3F4042C08BF03240298F3F7C4FDB2
S214030D40054600283CD1FFF795FFFF285BD0704B84
S214030D5005B2049018780AF0BBFB87422CBFE11952
S214030D602118002F14BF01230223684E05EBC50587
S214030D7006EB450553FA81F3284603930AF0C1FBB5
S214030D8095F804C06B790CF0070103F0030388425F
S214030D902CBF1B185B18039ADBB29A4233DA049A09
S214030DA02FB921B19AF80030033B5B452BDC104684
S214030DB002990AF04EFB05B205EBC50506EB4505A1
S214030DC02B791E09002F00F08180394628460AF049
S214030DD0C2FB032128460AF0C4FBB8F1000F09D171
S214030DE0002E40F0868008F0A1F8C0F30B014948B6
S214030DF00EF02AF86B79484623F003031C446C7103
S214030E0009F0A8FEA87309B0BDE8F08F50D0424B96
S214030E1049461B8807A8ADF81C304FF000038DF831
S214030E201E3000230093032303920EF0E7FC9DF885
S214030E301E30BDF81C101B09039A18BF08F10108E1
S214030E40CDE9041318BF5FFA88F803920AF02AF96B
S214030E500499039A8842059B03D19DF81E7007F0F8
S214030E600F072E4890F800C016E016F80E0C10F088
S214030E70070003D00BF1010B5FFA8BFBAA4207D0E6
S214030E8036F812EC8E4503D113B108B10134E4B23F
S214030E900AF1010A5FFA8AFAAA4206F112060BD190
S214030EA0D4450FD916F80E0C10F00700E2D1EFE781
S214030EB000234FF6FF71D4E736F8120C884201D8A8
S214030EC0D445D2D80332123ED2B228E7022E14D922
S214030ED05B0707D0394628460AF043FBB8F1000FF4
S214030EE081D087E7032128460AF03BFBB8F1000FC1
S214030EF080D1062E3FF677AF7CE7314628460AF0C8
S214030F0030FB58EA06063FF46EAF73E7D85B002063
S214030F10A46500203048002008DF0400EE640020AB
S214030F20326F00202DE9F0430823002485B08DF8A6
S214030F3008300646022301214FF6FC70CDE9004433
S214030F4002AA0CF043F8ADF80A00D8B12746DFF83A
S214030F50A080DFF8A09099F80020E3B29A4224D844
S214030F60BDF80A4020460CF055F8411C47F06002D5
S214030F70204689B202F058FA0022BDF80A0011464C
S214030F80F4F736FA07F0D2FF184AC0F30B011378CA
S214030F9001F55A51013113B1013B890813703046EC
S214030FA005B0BDE8F0430DF04FBF18F80E5C6F2D8B
S214030FB017D8404630F8123D2D01ADF80C300AF034
S214030FC0A0FA05F0700528448DF80E0001230322CD
S214030FD003A90DF10A00F2F76BF90028D2D1013705
S214030FE0FFB2013408F11208B5E700BFEA64002037
S214030FF0EA5B0020EE64002010B5054C2046F2F7AD
S21403100003FA2046BDE8104000210DF01DBF00BFC7
S214031010304800202DE9F0432A4D87B0F6F7F8FB59
S2140310202A7829492948FFF7A7FC09212A7828485E
S214031030E9F7AAFF0026244FDFF89C80DFF89C9090
S2140310402B78F4B2A34202D807B0BDE8F08304F5C8
S21403105082300B2203A900F5C070DBF729FE4FF69A
S214031060F670BDF814209DF81630511E89B28142E1
S21403107015D80020C3F3C003DB1840EB0001CDE90D
S2140310800031214603ABFFF7A7FC0028DCD14FF461
S214031090805327F8143048F8240029F8140004F580
S2140310A0833001220DF10A0100F58070DBF700FEA4
S2140310B0BDF80A20064B01361A558022054B1A55F1
S2140310C0BEE700BF396F0020E85D002080130020D4
S2140310D099640020DB640020D4460020DA5D0020FB
S2140310E010B50A4B1C780DF0E3FFFF280DD0012C3A
S2140310F038BF0124064A230232F8101019B101EB57
S2140311001313A3EB111322F8103010BDA4650020AF
S214031110DA5D00202DE9F047002506460F46AA466D
S214031120DFF84490DFF8448099F80030ECB2A3422D
S21403113002D85046BDE8F08720460EF011F8C207E5
S2140311400CD520460EF00CF8830707D438F8143075
S21403115037B133434FF0010A28F814300135E3E77B
S21403116023EA0603F6E700BF396F0020E85D002098
S21403117010B5084B084A1C780023D9B28C4201D814
S214031180002010BD32F8021B013330EA0101F4D10E
S2140311900120F6E7396F0020E85D0020F0B50C4625
S2140311A04FF6F77187B08A4286461D469DF8306033
S2140311B002D9002007B0F0BD596818680DF10C0C71
S2140311C0ACE803002C49ADF814200978A142F0D905
S2140311D000218DF81660B61006F0020601917046DF
S2140311E021460096FFF7F8FB0028E2D1234B244A5A
S2140311F043F824009DF83830224E1B0222F81430A0
S2140312004FF4A04304F582300B2226F8143003A9CA
S21403121000F5C070DBF778FD9DF834301A4913F0FB
S214031220040F17BF0123194B0B5536F814300CBFA8
S2140312301B7843F0080304F583300CBF0B5526F8E0
S21403124014300122214400F58070DBF75DFD002198
S2140312500F4B104A1B782846234442F82310E7F71F
S21403126013F80D4B1855284607F0ABFF0B4A012021
S2140312701378013313709DE7396F0020D44600209E
S214031280DA5D0020E85D002099640020226F0020CC
S214031290326F002000460020DB640020ED6400204F
S2140312A0054B1B78834206D90021044B044A1B785E
S2140312B0034442F823107047396F0020326F002032
S2140312C000460020074B084A18780023D9B2884204
S2140312D000D870471188013321F4805122F8021B8D
S2140312E0F4E700BF396F0020E85D002030B585B015
S2140312F004460D46E6F7C0FDA04202D8172005B007
S21403130030BD20460DF02CFFC007F7D504F582301C
S2140313100B2201A900F5C070DBF7CAFC9DF80E206E
S21403132001AB03CB69609107286030D412F0080F35
S2140313300CBF042303232B722046FFF79DFB154B9C
S21403134068811B5D20466B730DF0F2FE124A28730C
S214031350135D4FF47A7103F00F03AB73135D002034
S21403136013F00F031FBF03F1FF32022393403C2207
S21403137018BF5343094A08BF0A2352F82420B2FB76
S214031380F1F29A422CBF00239B1A2B61B7E7022384
S214031390D1E700BFDB64002099640020D446002018
S2140313A0F8B51F4E04463378834237D0FFF764FB05
S2140313B04FF6FF77B84231D020463470FFF704FA71
S2140313C02046FFF759FB054609F06CFE012301464C
S2140313D01A4628460BF0B7FF2046FFF72BFB0546B9
S2140313E0E0B9104A1378013B1370F4F7B5FB2946AE
S2140313F020460BF02FFA80220B4B204623F814507E
S2140314000A4B1A550A4B23F8145009F0D6FD2A4600
S214031410394611200EF0BAF8FF233370F8BD00BF2B
S214031420706F0020ED640020E85D0020DB64002080
S214031430DA5D00202DE9F04F0E4615464FF0000901
S2140314408BB01F469DF854309DF850A0DFF84CB182
S214031450049005939BF800205FFA89F4A24207D80C
S2140314604FF6F7739D421CD817F0020B3FD01AE0D5
S2140314702046FFF701FB804604F582300B2207A9BE
S21403148000F5C070DBF714FC4FF6FF727EB990458B
S21403149016D14FF6F7729DF82630954203F0EF0308
S2140314A011D94FF6FF7528460BB0BDE8F08F90456F
S2140314B006D00822304607A9EAF7B2F80028E8D093
S2140314C009F10109C6E79F4207F002082CD0F3F79B
S2140314D00FFC002857D12D4B2D4A1B78234412F8B6
S2140314E023B020460BF0D7F9B8F1000FDBD1E6F7AF
S2140314F0C3FC284B1B788342D3D0002108460DF04B
S214031500A7FDFF280446CCD0059B0146CDE901A3E1
S2140315102A46334604980097FFF740FE0028C0D0BB
S214031520F4F71AFBD8460FE02046FFF7A5FAA842C1
S214031530CDD1B8F1000FB6D13046E6F7A5FE164B6F
S2140315401855304607F03DFE514620460BF056F937
S2140315502046FFF791FA054609F0A4FD002301464D
S214031560012228460BF0EFFEF3F7C2FB28B9074B20
S214031570074A1B78234442F8238020460BB0BDE875
S214031580F04FFFF779BA4FF0000BAAE7326F00204F
S21403159000460020ED640020DB640020396F002045
S2140315A0F8B50026104F3C78F5B2AC420FD80025AC
S2140315B00E4B6400224629460D481D70E9F7E4FCED
S2140315C022462946BDE8F8400A48E9F7DDBC284626
S2140315D0FFF7FAF8002128460BF03CF92846FFF7F8
S2140315E029FA0136DFE700BF396F0020ED640020DB
S2140315F0E85D0020DA5D0020024B80211A7802485D
S214031600E9F7C2BC396F0020DB64002038B50DF063
S2140316104FFDFF28044616D00B4D35F810301B0738
S21403162011D50A4B0A491B7801220B54014400F5D5
S214031630833000F58070DBF767FB35F8143023F052
S214031640080325F8143038BDE85D0020226F00201B
S214031650996400202DE9F04F794B05461B7889469F
S214031660022B17468BB004D0002630460BB0BDE8DD
S214031670F08F0EF0BCF806460028F5D14FF6F97346
S2140316809D4262D04FF6F8739D4276D02B0A2846C9
S2140316900DF11E018DF81C308DF81B50F2F708FC77
S2140316A0002814BFB0464FF02008B34614BF0623E5
S2140316B00E23022229463846039300F0EBFC012250
S2140316C00446039B002840F0B880DFF880A18DF81D
S2140316D018209AF800204946CDE900008DF81A2014
S2140316E08DF81D0006AA4FF6FC708DF819800BF0D6
S2140316F06DFC81460028B7D009F0D4FCB8420FD061
S214031700484609F02FFB394604300DF078FF38467B
S21403171004A90BF02AF870B1484604A90BF0E4FCC0
S214031720484B1B78033B012B2BD84FF6FF714846DB
S2140317300AF0EDF806469AF80030FF2B0EBF012399
S2140317400133DBB28AF800308FE74FF008084FF01A
S214031750200B3C4B1B78033B012B85D909F0A2FCDD
S214031760B84281D109F09EFCFC238DF81B30FF2381
S21403177005468DF81C3006239BE74FF01008C3463A
S214031780E7E70BF051F980460028D4D009F08AFC2D
S214031790A8422DD12C4B1A7852BB03214846F3F7A7
S2140317A027FE0028C7D09AF80030A8F8007088F8FB
S2140317B00430002388F8053088F8083009F072FCF6
S2140317C0A84202D1204B1B7853B109F06BFCB842F8
S2140317D006D12CB1237923F0030343F001032371CD
S2140317E000224FF6FF710C200DF0D0FE0126A2E773
S2140317F05946284608F1070200F078FC04460028FC
S21403180099D0002203214846F3F7F2FD0028CAD1F7
S214031810237903F00303012B8DD109F043FCA8427F
S21403182003D1094B1B78002B85D0237943F00303A0
S21403183023714FF6FF7323807DE7164615E700BF37
S214031840F4640020F5640020716F0020C465002056
S21403185037B50E4B05461B780C46033B012B11D9B7
S214031860E6F72EFB01280FD0821E5342534159013F
S21403187028460DF1070200F039FC18B10021448018
S2140318800BF0B9F803B030BD1021F1E7F564002082
S2140318902DE9F0438BB0857AB0F8069004460E46E1
S2140318A0174609F0FFFB8145804605F0400541D108
S2140318B00021608809F03AFE0246002E44D1082330
S2140318C004A9C14501EB03060CBF234902A9086816
S2140318D0496803C6A2B3022100268DF81720012209
S2140318E08DF81010217A45F020058DF81210A18886
S2140318F008338DF81310090A8DF81410E188CDE922
S21403190000268DF81510090A8DF8161060883146E2
S21403191004AA8DF811500BF059FB054680B1618877
S21403192009F057F979003246284601F0FE01F3F72D
S2140319305FFD06E0E08802A90AF017FF0028B7D18A
S21403194000200BB0BDE8F0833068716806AB03C3B4
S21403195045F010051023B3E7776500202DE9F7431C
S21403196089461E460746904609F0FCF900210446C0
S214031970304609F0DBFD054609F10701384601F05C
S2140319802DFD7DB1B8F1000F02D103781D44EDB2F1
S214031990057063781A0716D569463046F2F788FA53
S2140319A0024618B1002003B0BDE8F083082168465C
S2140319B009F00AFB0028F5D120460BF068FB082245
S2140319C06946E9F733FB09F06DFB0146201D0DF070
S2140319D016FE6378DB0603D538460C490BF084FB0A
S2140319E03146A01C0DF00BFE3146384609F0F1F8DF
S2140319F0074A13780133DBB21370E371A3790BB193
S214031A000120D0E70123A371FAE700BF7765002022
S214031A10F2640020FF232DE9F04F8FB0814616466F
S214031A2005918DF822301AB301230BAA0AF056FF4C
S214031A309DF836500446EF0625D50027059BBDF8CE
S214031A40308003F108024946D2B20823009709A85A
S214031A50CDE909770DF0D2FE3A46404609A9F8F7D4
S214031A60A5FC002840F08C80A90627D510220DE09F
S214031A7013460BAA0AF032FF9DF836500446A80612
S214031A8063D5062202E0AA0618D508220023059984
S214031A90BDF832700A44CDE9093349460093D2B201
S214031AA0082309A80DF0AAFE384686F0010209A904
S214031AB0F8F77CFC002863D1002E46D0BDF83070C2
S214031AC009F0F0FA874249D038460DF090FE80467A
S214031AD0002E45D1BDF82EB00021584609F026FD4C
S214031AE0BDF82C300390184606930DF080FE06468C
S214031AF009F0D8FA069B834242D0B64B1B78033BC9
S214031B00012B3DD915F04003049339D1039B0BB940
S214031B10002E35D09DF83570039B05F018051F443D
S214031B20FFB2082D8DF835706CD120230493002C5A
S214031B3040F041810AF078FF054608B3002E40F0D6
S214031B40B28033460126B24674E0BDF8327009F01F
S214031B50A9FA8742B8D14FF00108BBE74FF0010856
S214031B60002C43D09C4BE279678803EBC20633F81C
S214031B703220BDF832309A4205D04FF6FF732380E9
S214031B800FB0BDE8F08FBDF82EA0B8F1000F08D057
S214031B90002130460AF02FFFA6F802A00AF03DFC0B
S214031BA0EEE7BDF830000AF02EFF05464146304604
S214031BB00AF021FFA6F802A0884E2DB1414628461A
S214031BC00AF019FF63886B800AF027FC3378002B32
S214031BD0D6D03B46002248460599FFF7BFFE0028AD
S214031BE0CED03946484609F092FEC9E70AF015FCFE
S214031BF07A4B1B78002BC3D0B8F1000FC0D14FF639
S214031C00FF77E6E7102D01D1049590E7B8F1000FB2
S214031C108DD1002C3AD0C2460021BDF832000DF11A
S214031C20220200F063FA03460028A9D0002E40F0F3
S214031C30CA8025460499BDF830000DF123020793A8
S214031C4000F054FA044600289AD0644A079B127898
S214031C50002A78D0BAF1000F26D102462C466179C5
S214031C60B9427ED92546A4F802B067711446002B04
S214031C7000F09E809DF82230EA799A4200F0988020
S214031C80002E40F08E80EB7100253FE00AF0CCFE7C
S214031C90044600283FF474AF4FF0010ABCE7002265
S214031CA001261346DBE70126B8F1000F1ED107F025
S214031CB03DF97E23B0FBF3F202FB130005993A4687
S214031CC005315FFA80FA484601F0AEFB4FF6FF7126
S214031CD0484608F07EFF039B032B2CD9AAF17E0A05
S214031CE0022148465FFA8AF2F3F782FB069BA5F8C1
S214031CF002B02B809DF834306F712B7100232B724A
S214031D00002E42D19DF82230EB710125B8F1000F69
S214031D103FF436AF484609A90BF0C6F900283FF44E
S214031D202FAF2A4609A90BA8FFF7B2FD28E700261E
S214031D3025463446BBE7039B012B94BF0AF1020AF0
S214031D400AF1420ACCE7BAF1000FCFD16979B9425A
S214031D5009D9A5F802B06F71002B8BD1002E93D052
S214031D6024E025461446049A002A3FF409AF8F421E
S214031D707FF406AF039307F0D9F883077FF400AF29
S214031D80039BA5F802B06F7171E7FF23EB71002C7C
S214031D90BBD001252379A4F802B023F003032371F3
S214031DA0B4E7FF23EB71002C3FF46EAF0025F1E799
S214031DB0002CD3D168E7002E7FF471AFB2462546D8
S214031DC00126534636E7BAF1000FB0D156465246BF
S214031DD045E700BFF5640020525D0020386F002001
S214031DE070B50C4B4FF6FF751C78002302460A4865
S214031DF09C4201D1002005E00688964206D1AA42FD
S214031E0001D10B7070BD8679002EFAD001330830ED
S214031E10DBB2EDE7376F0020525D0020002210B5DD
S214031E200A4B1C780A4BD1B28C4201D8002010BD55
S214031E305988814204D11979890701D1997911B159
S214031E4008330132EFE70120F1E700BF376F0020C8
S214031E50525D002010B5084B01461C780023074A44
S214031E60D8B2844201D8FF2010BD914203F101038A
S214031E70FAD00832F4E700BF376F0020525D002027
S214031E8038B50446FFF7E6FFFF28054603D13F2192
S214031E900B480DF0D4FA4FF6FF7320462380A37148
S214031EA003210AF0A8FD074B07481A7800210732DA
S214031EB0D21002FB0500BDE83840E9F765B800BF5D
S214031EC091920400396F0020CA640020F8B50446D6
S214031ED00026124D124F3A78F3B29A4209D80022DE
S214031EE04FF6FF710F4B1D780F4BD0B285420BD8C0
S214031EF0F8BDFF2C02D0AB79A34202D12846FFF7E8
S214031F00BFFF08350136E6E7FF2C02D0187AA04259
S214031F1001D1198019720A330132E6E7525D0020B7
S214031F20376F0020366F00202A5D0020FF28F8B5A3
S214031F3004462CD0164B1B78834203D880211548C1
S214031F400DF07DFA4FF6FF75134A32F8341002EBA4
S214031F50C4000379A94203F0030318D0012B16D15A
S214031F6000220E4B1F780E4BD6B2B74203D8BDE8FD
S214031F70F840FFF785BF1E88AE4205D093F807C02A
S214031F80A44504D0B14202D00A330132ECE7F8BDCF
S214031F90376F002091920400525D0020366F0020B8
S214031FA02A5D00202DE9F74304F083FA324B1B78B1
S214031FB0033B012B21D9314B1D88451BADB2E5B13F
S214031FC018804FF6FF7700202D4A13782B44C3F36F
S214031FD0C81403F07F0313702A4B2B4A1E78C3B230
S214031FE09E420DD800264FF6FF77284CDFF8A090C8
S214031FF099F80020F3B29A4216D803B0BDE8F083EE
S2140320001388BB420DD0137999070AD104EB9311B9
S214032010022928BF022103F03F0389B243EA811352
S214032020137108320130DAE734F80A8CB84506D063
S21403203014F8043CAB4205D95B1B04F8043C013698
S2140320400A34D5E709F02EF8804534F80A3C04F83C
S214032050027C24F80A7C09D018460DF10701FFF725
S214032060BFFE18B19DF80700FFF760FF14F8030CD6
S214032070FFF75CFFE3E700BFF56400207E5E002009
S214032080C5650020376F0020525D0020345D0020B8
S214032090366F0020F0B500244FF6FF77034610484E
S2140320A0DFF844C006780F48E5B2AE4201D80020F8
S2140320B00FE005889D4210D13AB1012A16BFC579B3
S2140320C005793CF83550A94207D1BB4202D1142307
S2140320D08371F0BD057A002DFBD00A300134E3E7A7
S2140320E0366F00202A5D0020525D0020F8B50D46AD
S2140320F0114607461646FFF773FE002836D10246FA
S2140321004FF6FF7C1E4B1F4C1978D3B2994206D864
S21403211000231C4C8B4221D1F8BD0834F5E7B4F8F4
S21403212000E00132E645F8D133700123278023719E
S2140321300021A17165B1144B45F008051A78257185
S214032140D31DDA103078114B02FB0030E8F71CFF82
S2140321502379204603F03F032371DDE722799209B2
S214032160022AE1D001330834DBB2D3E7037904460D
S2140321709A071EBF23F0030343F001030371D7E757
S214032180376F0020525D0020396F0020CA6400209C
S21403219073B50DF107010546FFF722FE40B103793B
S2140321A09A0705D113F0300404D043F003030371F8
S2140321B002B070BD28460AF02EFC094B4FF6FF719D
S2140321C01D7823469DF80760064AD8B28542EFD9A4
S2140321D0D0790133B04204BF118011720A32F4E79A
S2140321E0366F00202A5D002030B50A4BCC081B78DA
S2140321F0094D0733DB1000FB0340012301F0070101
S2140322008B402C5CDBB212B11C432C5430BD24EA49
S2140322100304FAE7396F0020CA64002070B50B4B3D
S21403222004461B78834204D840F24B2108480DF03D
S21403223006F90025074E3378E8B2834200D870BD0E
S21403224000222146FFF7D0FF0135F4E7396F00205F
S21403225091920400376F0020FF2810D0FF290ED07C
S214032260084BCA081B7801F007010733DB1000FB95
S2140322700323054AD05CC84000F0010070470020E5
S214032280704700BF396F0020CA6400200148F0F78A
S214032290CBBD00BF805E00202DE9F0471E464D4BA8
S2140322A08CB01B681546074688469DF8509003F089
S2140322B0080A08F0F7FEA8423FD1B9F1000F14D080
S2140322C06EB9ADF806603D460424224641462846CC
S2140322D00AF03DFC00F001000CB0BDE8F0870023D7
S2140322E0ADF806303D4606243AE038460CF0E0FEEC
S2140322F0FF28044605D0F2F7FBFC10B12046FEF794
S214032300CFFF96B10023ADF80630F8F7FDF80028A6
S214032310E8D0062440460DF1060202A909F0ABFDFB
S214032320D8B94046F8F7F8FA17E0ADF80660F8F7BC
S214032330EBF80028C7D00424ECE73EB3BAF1000F4D
S2140323402ED000230B24ADF80630B9F1000F0AD1C6
S214032350F8F7DAF82F460028DCD13D46002EB4D035
S214032360BAF1000FB1D004F00402414642F0110264
S21403237028460AF0ECFB22460646414628460AF063
S214032380E6FB002814BF30460020A3E7BAF1000F8F
S21403239014D00124ADF80660B9F1000F95D1D7E744
S2140323A00B24284602A9F1F783FD074668B902A85D
S2140323B007F02BFA20B9ADF80600EDE70124F0E7A5
S2140323C044F00204ADF80670E6E70023ADF80630E5
S2140323D0E2E700BFC44800202DE9F0471E46744BD1
S2140323E08CB01B7807460D461446DDF85080002B4C
S2140323F03ED008F057FE30B36E4B1B68980722D4C6
S2140324004FF6F7739C4233D843463A463146204646
S214032410FBF7F2FE08F046FE854200F0C580304624
S214032420FEF75AFBA04203D10CF042FE0AF033FA41
S214032430BA1E534253412946002220460CB0BDE83B
S214032440F0470AF080BFE7B1F91ED1F1000949EB66
S21403245001094FF6F7739C4216D90321204606F06E
S21403246076FD03233A4631462046009506F05EFE87
S21403247008F018FEA84200F097804FF6FF739C42C0
S214032480CBE74FF00109E4E72B463A4631462046B0
S21403249004F094FC2146CDE900082B463246384624
S2140324A007F003FA80460146204606F050FDB8F1D1
S2140324B0000F61D1B9F1000F12D100233A4631461D
S2140324C02046009506F032FE88F001032A46314680
S2140324D02046CDF8009003F00103FFF7DDFE99E7F1
S2140324E0002FEAD003AA9246334B03F1100E94460C
S2140324F0186859680833ACE8030073456246F6D19A
S21403250007A806F06FFE0323306871688DF81C3049
S21403251008AB03C39DF8293007A843F002038DF8E0
S214032520293006F08AFF90B13068716808AB03C3A0
S214032530042307A88DF81C3006F07FFF38B102236A
S21403254007A88DF81C3006F078FF0028B5D1514651
S21403255007A806F0B2FF0028AFD0F4F795FB0028D3
S214032560ABD103233A4631462046009506F0DEFDFE
S21403257008F098FDA84250E743463A4631462046BF
S214032580009506F0D3FDB8F1010F9DD0B8F1020F08
S2140325907FF440AF284607A9F1F78AFC20B93246F4
S2140325A0284607A90AF09AFA0CB0BDE8F08700BFE0
S2140325B0F0640020C448002012DF0400044B1A888D
S2140325C00AB100221A8000210846F9F7ABBF00BF04
S2140325D0805E002000232DE9F0478EB004460D46AA
S2140325E0CDE903334F7808F05DFD50B1B64B1B6859
S2140325F09A0706D4092103A806F050FD0EB0BDE8DD
S214032600F087204603A9F1F753FC0646002840F05E
S2140326105781022F3DD0042FECD1E5F739FC002873
S21403262046D0E5F735FC022840F022810DF1240858
S214032630334632464146304607F06EF8012103A87A
S2140326409DF8255007F05BF92840FF2800F03481F9
S21403265005AD284608F0C3FC002840F02F8195E816
S2140326600F0088E80F003A46414603A806F08EFF9F
S2140326700246002840F02081032303A9CDE9005336
S21403268020463B46FBF77EF900280CBF13210621A4
S214032690B1E78D4B1B689B07ACD40235082229464D
S2140326A08A48E8F7BDFF0028A4D0E5F7FDFB08B984
S2140326B01121A0E7864B874E1B78FBB9FFF77EFFF9
S2140326C03088002860D103AF2946384606F088FDD7
S2140326D0002800F0CA8028460DF10A01F1F7C2FB74
S2140326E040B90DF1240A504608F079FC80460028CC
S2140326F000F08780FFF762FF0F217CE73088002811
S21403270042D101460CF028FB308000283AD0012342
S2140327100822304603A9F0F7CBFD98BB0123082215
S21403272029463046F0F7C4FD60BB01230222694800
S21403273009A9ADF82440F0F7BBFD0346308823B162
S214032740002848D04FF0100920E00CF0ADFA61499C
S2140327500746204601F0CAFC30880CF0A5FAFFB203
S214032760874209D1FF238DF82430012359481A469E
S21403277009A9F0F79DFD28B900210120F9F7D2FE3B
S2140327800C2138E73088DBE74FF007090CF070FAC6
S214032790074630880CF06CFA3488112100F10808DB
S2140327A0204600F02DFE10218246204600F028FE2B
S2140327B00822044603A94046E8F732FF002840F003
S2140327C08180082229463846E8F72AFF002879D16F
S2140327D0B9F1070F01D010210DE704EB0A24454693
S2140327E0A4B271E730884FF0010828B1122100F037
S2140327F007FEFF2881461ED12A46B94620464023B7
S21403280004E03A46A9464346BDF80A0043F00303EC
S214032810CDE900A349460323FBF7B4F800283FF4A9
S21403282069AF0721484606F039FCB8F1000FD9D046
S214032830FFF7C4FEE2E6002108460CF08DFAADF879
S214032840140048B1204605A901F050FCBDF8140059
S2140328500CF02AFA0028CFD1142300934A463946AF
S2140328602046338801F0FAFBC6E7FFF7A7FE1FE70B
S214032870E5F70EFB012801D00621BCE605AD32467E
S21403288033462946009603A8F9F75EFD024608B1CB
S2140328900A21B0E60C4B20461B6803A95B0003F035
S2140328A0040343F00303CDE900533B46FBF76AF802
S2140328B00028E1D113219EE605219CE612219AE623
S2140328C00B2198E60E2196E6C44800207765002083
S2140328D094640020805E0020012330B50D4C85B043
S2140328E022788DF80430D5188DF805200E228DF841
S2140328F006200A682570CDF807204A6801A9CDF896
S2140329000B200B22F0F7D4FCB0FA80F0400905B098
S21403291030BD00BFF1640020014B1878704700BF3C
S214032920C6650020142230B58BB005460DEB0201B8
S2140329301548DAF7BDF910BBBDF81430DA0720D412
S21403294013F0060FC3F3410208BFC3F341220F4B34
S2140329500DF116019C5C68462246E8F7A5FCBDF817
S214032960263004F128026A4402F8283C02341B0A83
S21403297002F8273C69462A46E0B209F059FA0BB03A
S21403298030BD2320FBE700BF703214E022DF0400D3
S21403299010B58AB0ADF826200022CDE905220492B0
S2140329A00CAA02924FF6FF720446AC210120019254
S2140329B0064A039004FB0122603200924CF6200183
S2140329C00DF126020AF0E5F80AB010BD44560020C1
S2140329D000B58BB0ADF824309DF8303003208DF869
S2140329E02630002303900A4909A8CDE90130CDE932
S2140329F00533049301F160030093B1F85C300220C1
S214032A004CF660410AF0C5F80BB05DF804FB00BF56
S214032A104456002010B54FF6FF741E4A8AB0B2F82B
S214032A206800B2F85E10A042ADF82600B2F85C303B
S214032A304FF6FD70ADF8241018D081424FF0000019
S214032A4094BF48F660014CF66001CDE90500CDE978
S214032A500300CDE9010094BF09AA603200920DF18C
S214032A60260204200AF095F80AB010BD81424FF002
S214032A7000008CBF603209AA00928CBF4CF66041FE
S214032A8048F66041CDE90500CDE90300CDE9010034
S214032A90014AE6E744560020AE56002000B50E4B2A
S214032AA00022B3F85E308BB0ADF824304FF6FF73D8
S214032AB0CDE90522CDE90322CDE9012209AA009238
S214032AC04FF400610DF126020720ADF826300AF018
S214032AD060F80BB05DF804FB4456002030B58BB0AD
S214032AE08DF825301B0A8DF8263000230D4991F802
S214032AF05840CD6DB1F85C00CDE905330493072348
S214032B006031039308ABCDE9010300914FF6FF73E1
S214032B104CF62041082008958DF824400AF039F831
S214032B200BB030BD4456002070B54FF6FE76294CE8
S214032B301D46B4F85E10B4F85C30B14294F85C00FD
S214032B40A2B04FEA132321D14FF440416034ADF8CD
S214032B5008108DF80B008DF80C3003CC0DF115041E
S214032B60CDF80D00CDF811102270120A6270002203
S214032B7011461046A270E270ADF8062008F0D0F8B1
S214032B80ADF8060090B9002022B070BD4FF40044A3
S214032B908DF80D10090AADF808408DF80B008DF876
S214032BA00C308DF80E100DF10F04DDE7043402A986
S214032BB0621A012392B20DF10600F0F779FB0028A2
S214032BC0E1D1BDF806002A4601210CF09DF8BDF8B8
S214032BD00600D9E744560020202A10B5144614D818
S214032BE0012A04D10C88B4F5004418BF01246200FE
S214032BF030B10748E8F71AFA064B00201C7010BDE0
S214032C000548E8F713FA054BF7E72120F7E700BF77
S214032C10825E0020C7650020C25E0020C8650020D3
S214032C202DE9F047104617460CF0E7FCDFF814A131
S214032C30DFF814919AF8003099F8002005461343FC
S214032C4002D10020BDE8F08710F4406800F040068B
S214032C5019D186BBB0F5804F5CD24FF48074002345
S214032C609AF80000344AD9B288425DD8002399F80E
S214032C700000324AD9B28842E3D932F8021B013344
S214032C80A142F7D155E0F81C0CF0B7FC4FF6FF73E2
S214032C90984214BF0124022486B1052605F4404356
S214032CA0B3F5004F44F0080424D0B5F5804F23D283
S214032CB044F4807420E044460326EFE7B5F5804FDE
S214032CC04FF00506F4D3B8F5406F14BF0220082072
S214032CD0304438440CF091FC194B05F44045B3F8E6
S214032CE05C3083420CBF44F0080444F00404B5F59A
S214032CF0004F01D144F08004B8F5006F0ED1B81927
S214032D000CF07BFC0E4BB3F85E308342A7D144F045
S214032D101004A4E7444603260220D9E7B8F5406F1B
S214032D2008BF44F020049AE732F8021B0133A1429D
S214032D3099D1012086E700BFC25E0020825E002094
S214032D4044560020C8650020C76500202DE9F04FD3
S214032D50104685B0164698460CF04FFC5D4F00F0C3
S214032D600803B7F85C10044600F00709F01C02934A
S214032D700391B7F85EB00CF040FC06F1050A054671
S214032D8050460CF03AFC03464FF6FF70854218D0C7
S214032D900399A1EB050CDCF1000545EB0C056D0072
S214032DA04FF6FF718B420ED145F004050CF030FA56
S214032DB0029B6BB1B9F1000F11D0422005B0BDE8FC
S214032DC0F08F0125ECE79B4508BF45F00805EDE7C6
S214032DD0B9F1030FF1D8DFE809F0021B795D0CF0B7
S214032DE017FA08B9A807E8D524F00804A4B2B4F57E
S214032DF0004F05D0B4F5624F02D0B4F5404FDCD196
S214032E000025294697F8A820002007F089FF3CE014
S214032E10D7F88030E3B9002132460846FFF700FFB3
S214032E20D8B948F6410224F038039BB29342C4D182
S214032E300A2D49D0062DC0D197F87730023B012BD7
S214032E40BBD8EEF7AFFF0028B7D140F6040505E080
S214032E504146304698470028DDD00825E20648BF9D
S214032E6045F08005A30648BF45F4805505F00C03DE
S214032E70042BC6D1F01D0CF0C0FB97F8A8303246E1
S214032E80009341462B4607F020FF08B30E9B18809D
S214032E90002093E7A90705D14FF6FF73B7F85C2028
S214032EA09A428AD104F44063B3F5006F0AD0B3F5AF
S214032EB0406F82D1082250460749E8F7B1FB002845
S214032EC07FF47BAF0C25C9E70425C7E7432075E7E6
S214032ED0192073E744560020A4560020034B1A78A3
S214032EE01AB1FF2A04BF00221A707047CA65002071
S214032EF070B5084C084E2378F55C1DB13E21074893
S214032F000CF09DFAFF2223782846F2540023237000
S214032F1070BD00BFC9650020CA6500209F920400EB
S214032F20034B044A1B78D05CFF3818BF0120704758
S214032F30C9650020CA6500200023074A07491360B5
S214032F40074A1360074A1360074A11600121074ABC
S214032F501170074A136070477C5700201DCD03008D
S214032F607857002074570020586E0020726F002098
S214032F70845700200E2A70B50C4606461546194699
S214032F8003D9FFF7D9FF502070BD012807D10020D1
S214032F90EEF722FFB0B1FFF7CFFF2120F4E7802240
S214032FA00021224B1A70224B1960224B1B684BB12F
S214032FB034200BF0D1FE204B188018B9FFF7BCFF66
S214032FC00120E1E724F0FF6323F4FF231BB1FFF79F
S214032FD0B3FF4F20D8E774B92046EEF717FF012456
S214032FE0032510F0800F43B21BBF00F01F039C4065
S214032FF09C4044F078440020104B24F078441E7024
S2140330000F4B10491D70104B1C60104B1870104B63
S2140330101A68EFF797FA18B1FFF78EFF0420B3E7A5
S2140330209DF810200B4B1A70AEE700BFCB6500204F
S2140330308057002074570020025F0020D0650020D0
S214033040CE6500203933030084570020CF65002067
S2140330507C570020CC6500207FB5244B00251A78CA
S21403306001232348234903FA02F200781A440A602C
S214033070ADF80E5020B3984236D11F4C1F4B207824
S2140330801B680DF10E0198471D4EBDF80E203070DB
S21403309092B11C4B29460093284602230195EFF76D
S2140330A08BFA3278237822B1012A12BF1B2301330D
S2140330B0DBB2237004B070BD013818BF0120F0E7FF
S2140330C078235A43013A0A6008220F490BF08AFD17
S2140330D00B49094A0978137821B1012912BF1B232A
S2140330E00133DBB21370E5E71846E3E7CE6500204D
S2140330F0D065002088570020CF650020586E00203A
S214033100726F0020753303009DF10300024B1868AD
S214033110003818BF012070477457002037B505469E
S2140331201C460CF075F868B974B1084B1A60084B66
S2140331300A461C600123294600930323FFF71AFF60
S21403314003B030BD4D20FBE72520F9E7705700207C
S2140331507857002013B504460CF05AF858B962B1F4
S214033160074B1A6001230A46009321460323FFF701
S21403317001FF02B010BD4D20FBE72520F9E700BF95
S214033180745700202DE9F0410446DDE906861D4606
S2140331909DF820700CF03CF888B99EB1A2B10B4B99
S2140331A001201A600A4B0A46C3F80080094B2146E1
S2140331B01E602B460697BDE8F041FFF7DBBE4D20A9
S2140331C0BDE8F0812520FBE72120F9E7586E0020B3
S2140331D07C570020785700200148EFF725BE00BF34
S2140331E0025F00202DE9F0410020EFF719F9114B9B
S2140331F0114C1E68114B20881D68114B114FD3F8D4
S214033200008010B13978EFF7E9FF00203870FFF738
S21403321093FEEFF723FC0EB14046B0473DB120883E
S214033220A84700232380BDE8F0410CF083B9BDE82E
S214033230F08100BF78570020025F002074570020FB
S21403324084570020D1650020F8B52F48F0F7DCF846
S2140332502E4B187830BBEEF7D9FD2D4F06463B684C
S21403326003B32C4B2C4D1C6824B195F900301A4639
S2140332701946A047294B1B6883B1294C2378312B69
S2140332800CD8284B18880BF0F3FC23785A1C2270B2
S2140332902A78C25423785A1C2270C65480232B7073
S2140332A000233B60204C23781A2B22D81F4A12781F
S2140332B0012A09D100211E4A156825FA03F0C00722
S2140332C0DAB20ED501B122700020EEF79FFD217809
S2140332D0884212D10022174B1A70FFF7BDFE40B981
S2140332E0F8BD0133D8B21A284FF00101E5D90A44D4
S2140332F02270BDE8F840FFF775BF0020EEF798FD93
S2140333000028E7D0F5E700BF5C6E0020D0650020FC
S2140333108057002070570020CB650020745700208C
S214033320D1650020025F0020CF650020726F002069
S21403333084570020CD65002008B50B4B187880B95C
S2140333400221EEF737FD094B1B782BB100214FF610
S214033350FF720846EEF710FDBDE808400448FFF785
S21403336073BF00210846ECE7D0650020CC6500203B
S2140333705C6E002038B5144B0C461D78012D21D108
S21403338081B90846EEF742FD104A05FA00F01368C5
S2140333900F4923EA0003136020462A46BDE8384057
S2140333A00BF020BC0B4A13780133DBB2022B1370ED
S2140333B004D9BDE838400848FFF746BFFFF74CFE80
S2140333C00028F6D138BD00BFD06500208457002002
S2140333D09DF10300CD6500205C6E002038B50C46D9
S2140333E005460BF061FCA04203D82D2103480CF0E0
S2140333F026F828460BF03CFC204438BDB392040064
S21403340070B506460D460BF033FC044648B130460D
S2140334100BF04AFCA84203D8352102480CF00FF8FB
S214033420605D70BDB392040070B50C460646154643
S2140334300BF03AFCA04203D83E2104480BF0FFFFF2
S21403344030460BF015FC00B1055570BDB392040071
S2140334502DE9F0431E46574B8FB01B780746033BB8
S214033460012B0C4615469DF8588007D8F4F718FA32
S21403347020B1F0F71DF908B144F400544E4B1B7805
S21403348013B924F40074A4B2200509D546B9284616
S21403349004A9F0F70DFD002846D024F40064A4B276
S2140334A0ADF81840ADF81A5007F0FCFD434BADF8E5
S2140334B01C00B8F1000F02D01A78424501D293F8E7
S2140334C000803F4AE105137848BF0DF1210103F15F
S2140334D00103DBB2137058BF08A922058DF81E80BE
S2140334E08DF81F3006D53368083141F8083C7368F9
S2140334F041F8043CE30407D5324A0831136841F81F
S214033500083C536841F8043C0DF11808A1EB080089
S2140335105FFA80F9002148460BF01EFC064628B9E0
S21403352000200FB0BDE8F08304AEB9E70BF0A0FBB4
S21403353041464A46E7F7B8FE30460BF0B5FB8046F1
S21403354030460BF095FB0023024600934FF6FF70C0
S21403355004235FFA88F107F0B8FBADF80E000028E5
S214033560DED040F201131C421AD14FF6F7739D4288
S21403357016D80BF099FB0DF10E010446284600F011
S214033580B5FDBDF80E000BF08FFBE4B2A04207D9E1
S214033590BDF80E0007F0E6FB437843F004034370E0
S2140335A0BDF80E003A4601210BF0AEFBBDF80E0047
S2140335B0B7E700BFF5640020F0640020246F002006
S2140335C0F264002077650020F0B50829D58889B015
S2140335D028D00C2926D0AE0424D405F040030B4390
S2140335E0424C267816B105F0200423432FB2002F51
S2140335F0B8BF43F08003032920D11223AC068DF80D
S2140336000430937A10D48DF805300DF1060401A921
S214033610621A012392B2EFF74BFEB0FA80F040092C
S21403362009B0F0BD0B46DBE732228DF805308DF886
S2140336300420002EE9D00DF11304E8E70C298DF8D9
S21403364004300ABF138953798DF80530548805BFB3
S2140336501B0A8DF806308DF805300DF1070318BFE9
S2140336600DF106031C70240A5C70148802399C70E2
S214033670240ADC70147901291C7111D8917A002F61
S214033680597131DA022112899971DA71120A03F13A
S21403369009041A72002EBAD0AB06B8D50534B6E7BD
S2140336A0A9071AD4002F0CDA117A51B1917A5971FD
S2140336B01189127A03F1080492B102229A71D97120
S2140336C0E8E70B4C217801F1010C84F800C09172F5
S2140336D09C1D002F5971DDDAEAE7917A9C1DF8E705
S2140336E00122090A9A71EAE79C1DD3E7F0640020D9
S2140336F0F1640020014B1880704700BF045F002070
S214033700014B1888704700BF045F00202DE9F8437B
S21403371007460BF08DFE05461B480CF000F81B4BC6
S21403372060B31C683C1B2C44A4B20022184BDFF881
S21403373068901B78174D03EB830399F8006005EB3D
S21403374043055FFA82F846450AD9AB8805F10A00B5
S214033750A34216D90A23B21A29465A43E7F766FC48
S214033760013689F80060AC80B8F1000F03D1394602
S21403377005480BF069FB2846BDE8F8833C461D6008
S214033780D3E705460132DCE77C6E00208C57002029
S214033790D2650020A65B0020D36500201FB5154A1E
S2140337A0154C1378013BDBB213706168206801AADD
S2140337B003C221891180114A1278D21805D00A2330
S2140337C020465A43E118E7F731FC9DF806301B07FD
S2140337D00DD0BDF80C00FFF799FF03468288ADF8BD
S2140337E0082001AA03CA1288186059601A8104B017
S2140337F010BD00BFD2650020A65B0020D365002065
S214033800002108B5084B09481970094B1970094B74
S2140338101A7802EB82025200E7F7B6FBBDE80840CF
S2140338200548EFF7F1BD00BFD3650020A65B002077
S214033830D2650020306F00207C6E0020F8B500248F
S214033840084D094F094E3B783178E2B20B449A4251
S21403385004F1010400DBF8BD2846EFF7E5FA0A3564
S214033860F1E700BFA65B0020D3650020D2650020E9
S214033870F8B516460C4B0D4A1B78127807461344C8
S2140338800B4A0D46127893420CD03046FFF73EFFA4
S214033890013506810780857004460BF0C4FDE08081
S2140338A00120F8BD0020FCE7D2650020D365002088
S2140338B0306F002010B5064C207828B10548F5F780
S2140338C099FD10B1034B188810BDFFF767FFF3E7A8
S2140338D0D2650020A65B002008B50A4A0346107886
S2140338E060B1094A1088984209D121B993781033F8
S2140338F023F00F039370FFF751FF012008BD00204C
S214033900FCE700BFD2650020A65B00202DE9F74F39
S21403391000260BF08DFDDFF8F890B24699F800709C
S214033920B3463A46DFF8EC801FFA80FEB8F800C0CC
S214033930344CAEEB0C039BB201932378324D0093C9
S21403394003EB830305EB4303ACEB0E0C5FFA86FE37
S214033950BE4515D3BAF1000F01D0009B2370BA42BF
S2140339602AD3002F37D00A222378C8F8000002FB98
S21403397003532648998803B0BDE8F04F0BF064BAAA
S214033980B3F804E001998E4512D84FF0010A009966
S21403399093F802E001310EF1FF3EC9B2013AA3F8F3
S2140339A004B083F802E00091D2B20A330136CDE7C1
S2140339B0E644A3F804E0F8E789F800204AB10A22AF
S2140339C02378C8F8000002FB0353104899880BF0CD
S2140339D03BFA237813B903B0BDE8F08FFFF76AFF0D
S2140339E006460028F5D007F0DEF80146304607F015
S2140339F08EFF20B100212888FFF76EFFE9E740F627
S214033A000241F8E7D2650020A65B00207C6E00200A
S214033A10D36500208C5700202DE9F04192F80880EA
S214033A201F4608F1FF33DBB2EF2B05460E4614465E
S214033A3088B00BD982238DF80E30314628469DF880
S214033A400E30204AFBF774FA012037E00E220021DD
S214033A5004A8E7F799FAB4F809308DF81180ADF8A1
S214033A601230E37A03F07F02032A08D0012B24D115
S214033A7003238DF81030A389ADF815300EE0032B21
S214033A8014BF022301238DF81030E368CDF81530F8
S214033A902369CDF81930237D8DF81430A7F1210161
S214033AA04A420DF10E034A41009321460DF10F03DE
S214033AB004A8FAF793FD0028BFD1002008B0BDE89C
S214033AC0F08100BF4B4904002DE9F04F00241D7818
S214033AD095B0CDE902010492234622460120CDE9A2
S214033AE00054404909F016FAADF81E00F8B1A34693
S214033AF0264627460DF120090DF1380AE4F7B6F9F4
S214033B005FFA84F8404516D83A460221BDF81E00EF
S214033B10FFF78AFC32460421BDF81E00FFF784FC3B
S214033B20DDE903100022BDF81E30FBF701FA012081
S214033B3015B0BDE8F08F4A4640460AA9FAF740FD9D
S214033B409DF8282022B12DB1013DEDB20137FFB219
S214033B500134D3E7BBF1000FF8D199E803009DF8D1
S214033B6029308AE803008DF84030BDF82A30032A4E
S214033B708DF841304FEA13238DF8423017BF0323E5
S214033B8001238DF843309DF82C30DDF83110DDF835
S214033B902D0014BF8DF84C308DF8433011AB03C3A2
S214033BA002980CBF4FF00E084FF0150808F079FB8B
S214033BB00590BDF81E000BF077F8059900EB080397
S214033BC099420BDB0123424651460DF11E00EFF7E7
S214033BD06FFB0028ABD10136F6B2B7E74FF0010B07
S214033BE0B4E700BF8892040038B505460D4B0E486F
S214033BF01C88EFF7F5FB012D0CD10C4B1C88FA2122
S214033C00614358B1884209D28408012C204638BF44
S214033C10012038BD022D08BF0224F0E702480BF04E
S214033C2013F9F2E7A25B002090470020A05B002078
S214033C30012208B5054B06481A7000210BF004F95B
S214033C40BDE808400020FFF7CFBF00BFC1640020D7
S214033C50904700201E4B73B51A8802F108039BB2E7
S214033C60012B02D81B4B1B7823B902B0BDE870406A
S214033C70EFF7CABB0024184B184D1C70184B1C706A
S214033C802B787BB14FF6FC73164E009322462346E1
S214033C902146308808F043FD4FF6FD732C703380C1
S214033CA001200FE0104B10461978F4F719FF00288F
S214033CB0F6D10C4B1A884FF6FD739A42F0D00123C7
S214033CC002202B7002B0BDE87040FFF78DBF00BF27
S214033CD0A45B0020C1640020C4640020C2640020EA
S214033CE0C36400209E5B0020C5640020012808B53D
S214033CF00AD002280CD020B9084B18700848EFF7F2
S214033D0083FB4FF0FF3008BDBDE80840FFF790BFC8
S214033D100020BDE80840FFF767BF00BFC16400206E
S214033D209047002002280CD859B1064A137801336D
S214033D30DBB21370044A12789A4202D80220FFF7C5
S214033D40D5BF7047C3640020C664002038B5A0F60C
S214033D501343012B04460D4615D80E4A1378013338
S214033D60DBB213700C4A12789A420CD84FF6FD72E7
S214033D700A4B00201988914201BF00221D80084B80
S214033D801A70FFF731FF29462046BDE8384005F094
S214033D901BB900BFC4640020C76400209E5B0020DC
S214033DA0C264002000234FF6FD71054A1370054ACE
S214033DB01370054A1180054A1370054A137070473D
S214033DC0C4640020C36400209E5B0020C2640020FD
S214033DD0C164002030B5094B02461B7833B1084B4B
S214033DE0084C19780023D8B2884201D3FF2004E098
S214033DF0013334F823509542F5D130BD2F6F0020A0
S214033E00C96400207E5B00200022FF21044B054886
S214033E101A70054B1970054B1A789200E7F7B4B879
S214033E20C9640020825B0020C86400202F6F002036
S214033E30F7B58DF807100DF10701044603F069F88E
S214033E40234B1D78002D41D02046FFF7C3FF214E9C
S214033E50FF283178204B05D1204A107885422DD98A
S214033E60451C1570884219D01C4A1B4D92F800C099
S214033E700022D7B2BC450CD92F4697F803E001328F
S214033E80864505F10405F4D102B203EB8202D2782B
S214033E90FA7002B203EB8202D170307002B203EB07
S214033EA0820123F82240FF228A709DF80720FF2A0A
S214033EB002D003EB8203987003B0F0BD0A461046A7
S214033EC003EB8202D278FF2AF9D1CBE7FF20F3E790
S214033ED02F6F0020C8640020825B0020C964002086
S214033EE02DE9F843FFF776FFFF28044669D04FF61F
S214033EF0FF72354F03B2DFF8DC80344E27F82320F9
S214033F0098F80050A54202D10020BDE8F883337824
S214033F1020B28100A34207EB800090F803E010D0A4
S214033F200023294A5FFA83F94D45944606D99CF83F
S214033F3003900133A14502F10402F3D18CF803E0A8
S214033F4001E086F800E0013DEDB22A1BD2B204314F
S214033F5092003944E7F76AF888F800503378FF2B65
S214033F6004D0A34224BF03F1FF33337000214FF67E
S214033F70FF70154BCAB2AA420CD300234FF6FF714B
S214033F80134ADCB2AC42BBD2013332F82300884278
S214033F90F7D1B5E79A78A2420BD11880DA78FF2AD0
S214033FA004D0A24224BF02F1FF32DA700131043397
S214033FB0E0E7FF2AF2D0A24224BF02F1FF329A7052
S214033FC0ECE72D20A1E700BF825B0020C864002039
S214033FD07E5B0020C9640020F8B51C4B05461B78A1
S214033FE0084673B3FFF7F6FEFF28044629D0284693
S214033FF0FFF7F0FEFF2806D0154B164E1A7800235F
S214034000D9B2914218D3FF212846FFF711FFFF28A4
S214034010014616D00546104F23B207EB830237F846
S21403402023009678FFF704FFA84208BFFF25FF2E5C
S214034030214608D12846F8BD013316F823108142DD
S214034040DED1FF25F6E73446E6E700BF2F6F0020F4
S214034050C9640020805B0020825B00202DE9F041CC
S21403406080460E461F46002386B001A814469DF8D8
S21403407030508DF80330FCF74BF8ADF804802EB1C2
S2140340803368CDF806307368CDF80A3038460AF040
S214034090EFFD0DF103034219214601A804F0A0FF2A
S2140340A09DF8033093B931464046E4F701F90E4BC9
S2140340B01B785BB10B2C09D8FF214046FFF7B8FEEF
S2140340C0064605EB4404E4B2A54202D106B0BDE8B9
S2140340D0F0812946384608F0C0FE3146FFF7A8FEB1
S2140340E002350646EDB2EFE72F6F002000232DE9D9
S2140340F0F3470DF107028DF8073004460E4602F02B
S214034100F3FE9DF80730054663B92046FFF762FEC7
S21403411004465EB130880AF0C7FD5FFA80F8FF2CCC
S21403412045D10025284602B0BDE8F087B046F6E73D
S21403413001320C2AF5D02DB207EB8505AD78FF2D9D
S214034140F6D112F0FF0AECD04FEA4A050235EDB27B
S214034150002EE7D0304605EB080108F043FE0028A2
S214034160DFD1524641463088FFF75EF90AF1FF3247
S21403417008F1010108F102093088D2B2C9B25FFA28
S21403418089F9FFF751F924B207EB8404A478FF2CCE
S214034190C8D023B2494637F82320308808F06DFE8E
S2140341A00028BED109F102095FFA89F9EBE7254633
S2140341B00022014FBFE700BF825B0020FF2818BF25
S2140341C0064B10B51BBF03EB800433F820302D20BD
S2140341D00B801EBFA3780020137010BD825B0020E7
S2140341E008B5D1F701FCD0F7F7FF00F022FAD2F7B3
S2140341F00BFDBDE80840D0F7A9BD10B504460188FD
S2140342000120D1F7AFFCE3880BB9C823E38010BDC8
S21403421037B50446D1F7B4FC658885420ED8A18825
S214034220E288814205D3431B5343491BB3FBF1F397
S2140342309AB280B240EA024003B030BD0022F8E7EB
S21403424070B50C46088800F04BF994F844300546E0
S21403425083420FD004F11C06304600F07CF984F844
S214034260445000F07CF9618BA0643046BDE8704092
S21403427000F06CB970BD38B5044690F844108378E6
S214034280826CCB1A59425941D0F7C6FDE37893B1F5
S214034290257985B900F063F90346A268218A04F1FB
S2140342A01C009C1A8C4236BF52182946D11ABDE808
S2140342B0384000F04BB938BD09B100F0FDB800F046
S2140342C005B938B58388044603B3E3780088A17834
S2140342D004F10C05A3B10023B1FA81F1E370490997
S2140342E0FFF7EAFF4FF6FF72A388218993421CBFAC
S2140342F003F1FF33A3802846BDE8384000F026B913
S2140343000123E370FFF7D8FFE188F4E738BD10B563
S214034310044681780088FFF7CFFF0123E37000236C
S214034320A38010BD10B581780446B1FA81F10088E8
S2140343304909FFF7C1FF0023E370A38010BDFFF711
S214034340F1BF70B50446054600262B4655F8040B08
S21403435010B11B1B0C2B00DD70BD237C8680002B4D
S214034360F3D0637C13B1FFF7D2FFEEE7FFF7DAFF74
S214034370EBE7FFF7E6BF70B5044605464FF6FF7654
S2140343802B4655F8040B10B11B1B0C2B00DD70BD20
S2140343908388B342F4D04FF4FA724FF6FF73114694
S2140343A0D0F78EFDECE709B100F086B800F08EB8C2
S2140343B010B50446C0600830D1F746FD2179208841
S2140343C0B1FA81F14909FFF7EEFFA37943B12179E9
S2140343D06088B1FA81F1BDE810404909FFF7E3BFF1
S2140343E010BD00F0A9B80346184613F8012B8A42FD
S2140343F001D0002AF8D1704710B53B210446006867
S214034400FFF7F1FF0022034603F8012B2068236021
S21403441010BD10B540B1421E0A24002012F8013F19
S214034420303BD9B2092900D910BD04FB0030F5E7AB
S21403443008B500F07EF808B540F2BA420021102015
S214034440D1F70EFB41F2E823584340F6FF7300F220
S214034450FF70B0FBF3F080B208BD50F80C3C23B1FC
S21403446050F8041C30F80E0C18477047084619B16C
S214034470FF21103002F035BC704773B505460E4673
S2140344806DBA1446D1F716FCADF804507EB1012C74
S21403449004D0032C09D00022012101E02246022188
S2140344A001A8D3F705FC02B070BD0022F7E704218C
S2140344B032460DEB0100F4E707B540BAADF8040049
S2140344C001A8D3F729FC03B05DF804FB07B540BA8F
S2140344D0ADF8040001A8D3F74BFC03B05DF804FB6A
S2140344E0002307B540BAADF804000DF1030101A897
S2140344F08DF80330D3F768FC9DF8030003B05DF82E
S21403450004FB007800F0DF03552B07D0642807D0A0
S214034510663818BF4FF0FF30C0B2704701207047AF
S2140345200320704718B12D280CBF012002207047C6
S214034530704708B501F0C7FF08B500F06FF8BDE88F
S214034540084004F013BD50E9023018470A46083005
S214034550FF2102F0BDBBFF21083002F0CABB08B53D
S2140345600AF0C5FFBDE8084009F036BC2DE9F04166
S214034570044600274FF00C0E8F4202DB0020BDE8F6
S214034580F0812078904204D1002594F807804545B1
S21403459002DB01370C34EFE70EFB05F6D4F808C050
S2140345A00CEB06003CF806609E42E8D00135EEE7C9
S2140345B0F0B585B005460E461746D1F79BFC044674
S2140345C0A0B131462846D1F74DFC83783A46002BF6
S2140345D0A36831460293A378284601934FF000035D
S2140345E000930CBF80234023E0F776F805B0F0BDB8
S2140345F008B51288D1F77EFC50B10279BDF80C30AD
S2140346009A4207D881680298E6F710FD002008BD95
S2140346108620FCE78920FAE7D1F76ABD002004F07C
S21403462029BD08B504F096FD002814BF032000201A
S21403463008BD704708B502F030FAFFF7D1FDD1F791
S214034640BDFD642004F0DFF8642004F0DBF802F01C
S21403465026FAD0F7A7FB09F019F8F8E7642230B575
S21403466042F21075418AB0F87E305143848A681A44
S214034670834202FB04F40AD2A3420AD91B1B02FBA1
S21403468003F021446D1AB0FBF5F0C0B230BD1046FE
S214034690FCE70020FAE710B589B1632911D8642432
S2140346A0828A438A624304FB0323C3F51C531033F5
S2140346B001FB03F0B0FBF4F0104480B210BD0846D3
S2140346C0FCE742F21070F9E738B5037B0446002B8B
S2140346D036D0FFF744FF217BE289022903D1238AE0
S2140346E0002B18BF1A466423534342F210721FBFAF
S2140346F0D4F88450401B5043B0FBF3F20129B4F8BE
S214034700883017D1134442F21072934228BF1346DF
S2140347109BB2A4F87E302046FFF7A0FFA37D83421A
S2140347200ED0A075082260784FF48171BDE838403A
S214034730FFF73EBF934201D39B1AE9E70023E8E75E
S21403474038BD10B50446B430FFF705FF04F1DC00AE
S214034750BDE81040FFF7FFBE037BC189022B03D1E0
S214034760038A002B18BF1946642342F20F724B4389
S214034770DC30934298BF6421FFF7E8BE10B50446C9
S214034780FFF7A2FF237B23B12046BDE81040FFF7C7
S214034790E3BF10BD10B504464FF6FE71D1F7AEFE6B
S2140347A0B4F880302046A4F87E30FFF757FFA37D89
S2140347B0834208D0A075082260784FF48171BDE863
S2140347C01040FFF7F5BE10BDF8B50E460446154675
S2140347D000F18C073846FFF7BEFE29463846A4F894
S2140347E07C60BDE8F840FFF7B1BEF8B504460D4659
S2140347F0FFF7B5FE4FF6FE71A36F8D42227BA0EB4B
S214034800030717D162B94FF6FF75B4F87C30AB4295
S21403481005D004F18C00FFF79EFEA4F87C50F8BD8B
S214034820C72F1BD8C8331A1A29462046BDE8F840B6
S214034830FFF7CABFB4F87E60AE422CBF022601263D
S214034840B24211D14FF6FF76B4F87C30B34205D0AE
S21403485004F18C00FFF77FFEA4F87C60294620460F
S214034860BDE8F840D1F74ABEC72FDBD9002AF5D0FA
S2140348702046D1F743FEC822D6E74FF6FF73994288
S21403488001D0FFF7B2BF70474FF6FF72B0F87C1047
S214034890A0F87C20FFF7F1BF42F21071FFF7A5BF27
S2140348A00021FFF7A2BF4FF6FE71FFF79EBF4FF63C
S2140348B00173994210B5044603D14FF6FE71FFF714
S2140348C094FF638A2046322B84BF32236382A38AF3
S2140348D0322B84BF3223A382BDE81040D1F7B4BE87
S2140348E0032910B504462BD0007B30B9012903D029
S2140348F002290CBF0120FF2010BD032A07D8DFE8DA
S21403490002F00208101401291CD002291FD0FF2030
S214034910F2E70029FBD1B4F85C20012A12D0022A60
S214034920F4E704290ED00529F0E7042914D0052955
S21403493014D00029EBD1B4F85C20111F0129ECD860
S2140349400220D9E75A1E534253415800D4E7022B9C
S2140349500CBF02200120CFE70020CDE70120CBE7E4
S21403496030B587B005460C46D1F7B0FB012820D1F9
S2140349701CB1611E4B424B4158006B784FF480725A
S2140349808DF804304FF48273ADF806304FF481731C
S214034990ADF8083001238DF80B30002385F890001E
S2140349A001A8CDE903238DF80A408DF81430D1F71A
S2140349B0C5FB07B030BD41680346C978027B99B989
S2140349C08168C97899B9002A08BF0321D1F77ABF4D
S2140349D09B7B002B0CBF01210221F7E79B7B002B5F
S2140349E00CBF02210121F1E7012AF1D17047012A08
S2140349F0F4D17047042910B5044604D831B1BDE894
S214034A001040D1F7E3BF05290DD010BD037B552217
S214034A10002B08BF0321A0F85C1040781221FFF793
S214034A20C7FD2046EBE743681A8A83681A82E6E7DF
S214034A30012303730378013343734FF44073C38135
S214034A40032303740023A0F85C3080F8903070478B
S214034A5010B50446806BD8B1E278022A04D0636BA3
S214034A605B7972B984F83C3094F83C306BB1FFF74D
S214034A704EFC60784FF60272BDE810400621FFF741
S214034A8097BDB3FA83F35B09ECE7FFF74BFCF0E75C
S214034A9010BD10B50446406BD0F778FA2046BDE843
S214034AA01040FFF7D5BF10B50446406BD0F792FA17
S214034AB02046BDE81040FFF7CBBF10B50446406B59
S214034AC0D0F7AEFA2046BDE81040FFF7C1BF10B5D9
S214034AD00446002206214078FFF76AFDA378022BDE
S214034AE001D0FF2B04D12046BDE81040D2F70CB905
S214034AF010BD4FF60273994210B5044601D1FFF775
S214034B00A7FFE378022B02D02046FFF7A1FF20463B
S214034B10BDE81040D2F7F8B810B5D0F8A4407CB181
S214034B2003791BB14079D2F7AFF948B9A3883BB9EB
S214034B3032222046BDE8104001231146D0F7C0B903
S214034B4010BD10B50446FFF7E7FFA278237982B9B4
S214034B5013B12046D2F7BEF92046D2F7FBF903235A
S214034B606078A4F86C305522BDE810401221FFF798
S214034B701FBD012B02D12046D2F7ACF9A379012B36
S214034B8002D12046D2F7E6F90123E9E710B5837888
S214034B900446ABB9FFF7C0FFA3788BB9237913B1EB
S214034BA02046D2F7B7F92046D2F718FA04236078DE
S214034BB0A4F86C305522BDE810401221FFF7F8BC6C
S214034BC0B4F86C30022B0DD02379032B02D1204688
S214034BD0D2F780F9A379032B02D12046D2F7BAF98C
S214034BE00023E4E72046D2F73BFAF9E782788368A6
S214034BF05AB9DB78002B14BF03230423A0F86C30C8
S214034C00552212214078FFF7D3BC1A7922B9DB78F4
S214034C10003B18BF0123F1E70223EFE77FB500232C
S214034C209E6A0446B6F5804F0D460CD201A8D2F70D
S214034C30C3FB039B5B0506D529462046336C04B0AD
S214034C40BDE87040184704B070BD00239B6AB3F5F7
S214034C50804F05D21B6BB3F5804F01D29B68184774
S214034C604FF4817070471FB500239A6AB2F5804FE0
S214034C7004D340F2011005B05DF804FB126BB2F5E5
S214034C80804FF6D2012201A8CDE902338DF8042025
S214034C90D2F792FB039BDB03EBD5029B1A0EE8D0FD
S214034CA0012A03D1C3F307430A2BE2D900239B6AE5
S214034CB01B6B1B6C9847DEE708B50AF0DDFDB0FA00
S214034CC080F0400908BD134610B542B103439B0765
S214034CD007D10AF0D5FDB0FA80F0400910BD0120D7
S214034CE0FCE70020FAE700230360704703680B60C5
S214034CF00160704710B538B132B129B100230139CC
S214034D00D45C14B90023037010BD8B42FAD200F8AA
S214034D10014B0133F4E7034638B10020814204D047
S214034D201A5C02B970470130F8E770474FF0FF315D
S214034D30FFF7F1BF70B50C461646054660B15AB18B
S214034D4051B1FFF7F3FF844206D9211A32462844AD
S214034D50BDE87040FFF7CEBF70BDFEE7FEE7002359
S214034D609A4200D1704710B550F8234041F82340CB
S214034D7001339A42F8D110BDD2F77EBF4369426C25
S214034D80D91C143AB1FBF2F103EBC1000330B0FBBC
S214034D90F2F00230704738B505460C46FFF7EEFFD3
S214034DA06A6CE31D143AB3FBF2F3013304EBC3045A
S214034DB002FB004038BD38B5054644692146FFF777
S214034DC0EAFF6A6CE31D143AB3FBF2F3013304EB18
S214034DD0C304204438BDF7B507460E4600257C6C51
S214034DE0A819644280EA06031C4003D02C462046DA
S214034DF003B0F0BDFB6B01225B6901A99847019BD9
S214034E000133F4D10435EAE770B505460C46D4F70A
S214034E1009FDEB6B2046BDE87040DB68184770B5AC
S214034E200025044686B00562E369AB4202D8206AD1
S214034E3006B070BD666C2068E36B05225B6901A94A
S214034E4006FB0500984701A800F023FC00F046FC8B
S214034E5010B1236A013323620135E5E738B504460A
S214034E60456C006804F1400305FB0101E06B00F0AC
S214034E7042FC05462046FFF7D2FF284638BDF0B56C
S214034E800546002687B0EC69013CB44203D80C46BD
S214034E90204607B0F0BD01B14C1E6F6C2868EB6B63
S214034EA005225B6901A907FB0400984701A800F0E7
S214034EB0F0FB00F013FC0028EAD121460136E2E7B6
S214034EC0F0B504460D46466CE36B006887B00522D2
S214034ED05B6901A906FB0500984701A800F0D9FB0A
S214034EE000F0FCFB20B101A800F0AAFB07B0F0BD60
S214034EF029462046FFF7C3FF0646676C2068E36B28
S214034F0005225B6901A907FB0600984701A800F084
S214034F1097FB431CEAD0B54238BF0130E6E72DE9DC
S214034F20F0434FF6FF79D0F8248004460E46C84572
S214034F3014BF45460025002787B0E369BB4202D865
S214034F4007B0BDE8F083E26B2368606CD2F814C048
S214034F5000FB0530052201A9E04701A800F099FBF4
S214034F60022806D0C8450CD1721C29462046FFF7F6
S214034F7075FFE3690135B5FBF3F2013703FB125501
S214034F80DBE729462046FFF79BFFB0F1FF3F14BF40
S214034F90024632460132E8E70368F0B5CC1A436CA2
S214034FA00646B4FBF3F4002587B0F36937685A1E48
S214034FB09542706C08D3706C336800FB043007B0FE
S214034FC0BDE8F04000F095BB0134B4FBF3F203FBFD
S214034FD01244F36B05225B6901A900FB0470984732
S214034FE001A800F056FB00F079FB0028E3D1013559
S214034FF0DBE710B423F0030422449B070A44436C04
S21403500018BF04325B4281EA0204234203D05DF8F0
S214035010044BFFF7C1BF10465DF8044B70472DE9FC
S214035020F041D0E90A369E42044686B028D11422BF
S214035030C369456802FB1355284606B0BDE8F081F0
S2140350402068676C331AB3FBF7F3E26B07FB0300C6
S214035050D2F8148001A90522C04701A800F019FB65
S214035060012804D0636C1D44013B3340ED1A3146DE
S2140350702046FFF791FF0646A36AB342E0D1DBE77B
S2140350800025F9E708B508301346D1E90012D4F72E
S2140350904FFB012008BD13B50C4600212176009373
S2140350A0616813462246D2F73DFF18B1E37D03B18C
S2140350B0A07EA075A07D02B010BD73B5164600F1A4
S2140350C008050C46284609680DF1070200F098F912
S2140350D0032E06D16368834203D12846216800F075
S2140350E076F9012002B070BDD01E009B42424241B9
S2140350F0187E824211D11A688A420ED85A688A42AA
S2140351000BD35A6901325A61D3E9030282423FBF85
S214035110986840F8221001321A610120704710B5D2
S214035120032A029C07D1A26A5340626C524213427E
S21403513001D100F04CF9012010BD08B5C36800206A
S2140351409847BDE80840D4F775BB012814BF042070
S214035150022070B5002442431C70CC7D101D02F063
S21403516002024CB91AB1012220F003001A7000F1B2
S21403517008034868184470BD1AB1012220F00300E2
S2140351801A7000230C7E01F12005DAB2A24201D385
S2140351900020F0E735F833205E1C824206D901EB87
S2140351A0C30300F10802D8691044E4E73346801AC3
S2140351B0EBE773B5054690F842601C4630460DF1A2
S2140351C00303FFF7C2FFEB6B012E5B690DD132467B
S2140351D001A998479DF8033013B1BDF80630019333
S2140351E0BDF80430236002B070BD0122214602B030
S2140351F0BDE870401847F0B5054600244868EB6BD9
S21403520087B00E4601225B69029402A908309847CC
S214035210274695F84230012B40F0AC80632C00F211
S214035220AB80612C08D805AB224631462846FFF7EB
S214035230C0FF9DF814305BB305AB224631462846C3
S2140352408DF81070FFF7B5FF95F84230012B059BDC
S2140352507FD14FF6FF72934256D0082205A904A8C1
S21403526000F063FA059B9DF81010C3F307229142E2
S2140352704AD1DBB2029A1A44029245E0DCD005AB6F
S214035280224631462846FFF794FFBDF81430D2E78E
S21403529095F84230012B39D1612C2ED8224631465F
S2140352A0284603ABFFF785FF3146284604AB621C4E
S2140352B0FFF77FFF3146284605ABA21CFFF779FFB1
S2140352C0102208230DEB02010DF107008DF80730BD
S2140352D000F02BFA102205A90DF1070000F025FABD
S2140352E0039BDAB24AB99DF80720B2EB132F04D119
S2140352F0DDE9043203EB0243029395F84230012BB7
S21403530014BF012302231C44013482E7302CF4D853
S21403531022463146284603ABFFF74BFF3146284665
S21403532004AB621CFFF745FF102320220DEB03019D
S2140353300DF107008DF8073000F0F7F9039B9AB2DA
S214035340002ADAD19DF80720B2EB134FD5D1049B80
S214035350D2E70133D8D0102205A90DEB020000F0E6
S214035360E4F9059B9DF81010C3F307429142CBD195
S2140353709BB27FE7312C81D9029807B0F0BD13B5F5
S21403538000240194049C0094D3F7A8FA02B010BD3D
S21403539013B501240194049C0094D3F79FFA02B03A
S2140353A010BD00234FF0FF3230B544689C4202D153
S2140353B00023037230BD016801EBC30541F83320B7
S2140353C06A600133F2E7C0E90012FFF7EABF002381
S2140353D0F0B545689D4210D00468DF0054F83320CA
S2140353E004EBC306B2F1FF3F08D0C2F313029142A7
S2140353F004D14FF0FF33E3517360F0BD0133E9E7A7
S2140354000023F0B545689D4202D14FF0FF300EE011
S2140354100468DE0054F83340671C09D0C4F313074E
S214035420B94205D1240D1470036833445868F0BD9F
S2140354300133E8E7704770B59400224605460E46EA
S2140354400AF01EFA431C0AD058B9224631462846AB
S214035450E6F7E6F8002814BF3D20002070BD6E2056
S214035460FCE77120FAE713B5044601A8D5F760FAFE
S2140354709DF8063023804FF480736380D5F766FA71
S2140354806060002002B010BDD5F7D6B908B5D5F7D1
S214035490C7F9002008BD10B5044644EA010313F01B
S2140354A00303084609D1934201D1002010BD54F8E6
S2140354B0231040F823100133F5E721469200E5F761
S2140354C0F3FEF2E710B504460AF0D6F9431C10D0F3
S2140354D088B9D5F73BFA234620F0030020449842C8
S2140354E001D1002010BD53F8042B0132F7D03E2023
S2140354F0F8E76E20F6E77120F4E7704713B500234C
S214035500044601461B220DF107008DF8073000F014
S2140355100CF922689DF80730B3EBD26F0CBF01205D
S214035520002002B010BD13B5002304460146202216
S2140355300DF107008DF8073000F0F7F80DF10700BE
S2140355401A22211D00F0F1F862689DF80730B3EBCC
S214035550926F0CBF0120002002B010BD0068431CF0
S214035560584258417047006810F07E0F0CBFC0F3D6
S214035570C160002070470068C0F3D310704700680E
S21403558000F07F0001288CBF0020012070470368CD
S21403559013F07E0F14BF042008207047036813F02F
S2140355A07E0F03D1406820F07C40704713F07800EC
S2140355B01CBF03F07F03D81F7047006800F07F000E
S2140355C07047032809D0022803D1C1F10201C8B2EB
S2140355D0704700290CBF07200020704737B50546E3
S2140355E001F10C0443696946012220469847BDF839
S2140355F00030012201932046AB6901A9984703B006
S21403560030BD37B501F10C044369012269460546EE
S214035610204698474FF6FF72009B99B291420DD1F0
S2140356206FF30F0343F4254343F0A50301930122CD
S2140356302046AB6901A9984703B030BD0020FBE7BD
S21403564037B5044600251B22011D0DF107008DF812
S214035650075000F06AF860689DF80720B2EBD06F39
S21403566003D120F0784003B030BD0DF107001B22B4
S21403567004F108018DF8075000F057F8A0689DF86C
S2140356800730B3EBD06F01D1C043EAE74FF0FF30EA
S214035690E9E74BF29A22036810B5B2EB134F0446C0
S2140356A013D19BB2012B13D1FFF7CAFF01300CD0E5
S2140356B04FF6FF72E068B2EB104F4FEA104309D182
S2140356C080B2C01A18BF012010BD2368013303D06F
S2140356D00420F9E70220F7E70320F5E701288CBF4B
S2140356E0002001207047033801288CBF00200120CA
S2140356F07047143070472DE9F04105469846036914
S21403570008460E4617469847044638B943463A466F
S21403571031462846D4F7FEF8044618B131462846E3
S214035720FFF75CFF2046BDE8F0811F2A0B689EBF8B
S2140357304FF0FF3191408B43590801F055315B1A06
S21403574003F033319B0803F033330B44017803EB48
S21403575013130A444FF0013103F00F334B43A2EB0C
S21403576013620270704708B507F038FEBDE80840BC
S2140357700021D4F7D9B902210320D4F7D3BB70474D
S21403578070477047704770B5054614460E4609F0D5
S21403579054FD2B685C4034405C402C60BDE8704090
S2140357A009F046BD10B5002422B1032A0CD00360CD
S2140357B0047110BD11F4000218BF4FF07F4221F0B0
S2140357C07F4313430C0EF2E721F0FF03CCB2EEE760
S2140357D030B5012400F5805345685C60CB784A7881
S2140357E05B0443EA02230A7813438A78120402F41A
S2140357F080321343C0F89830EB075CBF00F50050C7
S214035800446030BD70B501260C46054600F50053CE
S2140358105E600B78497803F0070343EAC103E17837
S21403582043EA0123A178090101F030010B43036722
S214035830C36AA17923F48B3323F4807343EA0143C9
S2140358402179090201F4E0610B436179090301F44C
S21403585080510B43C3621146FFF7BAFF05F5805329
S2140358605E60E37903B1EE6070BD08B50A6FC96F79
S21403587002F00702FFF796FF08BD13B5044601A81A
S214035880D5F756F8042C04D8DFE804F00616031000
S2140358901300002002B010BD40F29C4040F2BA4311
S2140358A09DF80520012A08BF1846F3E740F6B830EE
S2140358B0F0E74FF41660EDE740F2E240EAE74FF018
S2140358C050234FF400321A6770474FF0B0435A68BC
S2140358D012B19A6A002AFAD1704770B50546144683
S2140358E00E4609F0AAFC2B685C4034405C402C60F2
S2140358F0BDE8704009F09CBC0122417803788A40D9
S21403590030214B4342F2100103F1A04303F57033F9
S2140359105A50704721FA00F2D20730B5034600F01A
S214035920FC040FD500220132D2B2042A02D14FF072
S214035930FF3008E0831803F00303234421FA03F53A
S214035940ED07F0D4184630BD00207047002070479E
S21403595000207047002070470120704701207047E1
S2140359600F207047E6F776BB002307B5CDE9003373
S214035970012369464FF0FF308DF8023004F0C8FB70
S21403598003B05DF804FB0020704710B508B921206A
S21403599010BD0029FBD0036813F0704205D1C3F392
S2140359A00E030B607BB10020F2E703F05044B4F122
S2140359B0004F05D0B2F1304F02D0B2F1404FE6D1DE
S2140359C003F07F03EDE74368002BE0D00B60EAE7C4
S2140359D037B50C46054610B9212003B030BD002963
S2140359E0FAD0002301A90193FFF7CFFF0028F4D1D3
S2140359F02968019A11F0704102F1030222F00302B2
S214035A0001D12260E9E7AD68B1F1004FC5F38033F9
S214035A10C5F3403504D103EB450353432360DCE76A
S214035A20B1F1204F01D12B44F7E7B1F1304FFAD053
S214035A30B1F1404FF7D0CFE737B50C4605460028FF
S214035A4000F08780002900F0848000230B60036841
S214035A5003F070430B60C26822B1032A79D143F086
S214035A6080630B60AB689A0149D403F08073EA68DD
S214035A700AB9002B6DD1226822F0407213432360CB
S214035A80EA68032A05D12A69F62A62D962F317431C
S214035A902360AB681B0442BF236843F400432360C0
S214035AA0EB68032B1FBF23682A6862F30E03236089
S214035AB02B68AA68002B2ADB12F4C84F49D12B683F
S214035AC003F0704303F10043B3F1804F05D253054F
S214035AD042BF236843F4806323600023284601A95A
S214035AE00193FFF752FF40B92B6813F070421FD1A2
S214035AF02368019A62F30E03236003B030BD03F0FC
S214035B004073B3F1407F18BF4FF00073AFE7500404
S214035B1002F4005105D4E1B1236843F40053236033
S214035B20CDE7236843F4804323600029C7D0F3E717
S214035B3003F05043B3F1004F05D0B2F1304F02D01B
S214035B40B2F1404F05D1019B5A1E236862F3060348
S214035B50D2E72120D1E738B131B101234B604FF0B2
S214035B60005300208B6070472120704737B50C46E2
S214035B70054608B9212016E00029FBD001234B6017
S214035B80C368A3B901A90193FFF722FF58B9019B84
S214035B906A699A4209D32A69002AEBD0226043F045
S214035BA000530020A36003B030BD1D20FBE7032B8A
S214035BB0E0D10023F5E7436813B9416070475B689B
S214035BC05A68012AFBD159607047FFF7DCBE08B557
S214035BD0FFF7D9FE002814BF6FF09200002008BD1F
S214035BE01346428870B50732072A0C464FEAD2019D
S214035BF001D0A14222D146680588202218460021FA
S214035C00E5F7C2F9360A0346DEB9BCB141F2010232
S214035C10954205D0B5F5885F02D0B5F5905F02D101
S214035C2000205C6070BDB5F5105F0DD1182C03D055
S214035C30202C01D0102C01D11C60F1E76FF08600F8
S214035C40F0E76FF08B00EDE76FF08500EAE7F0B55D
S214035C501C46436806461B0A0F46154689B035D1CF
S214035C6022462946FFF7BCFF68B9EB1C23F0030363
S214035C70C4E90307636145B9202200212046E5F7FE
S214035C8083F96FF0860009B0F0BD0146202268460E
S214035C90E5F77AF96A4629463046FFF7A1FF00285A
S214035CA0EAD12368009A9A42E6D16368019A9A4237
S214035CB0E2D1A368029A9A42DED1A369069A9A426F
S214035CC0DAD1E369079A9A42DDD0D5E76FF08B0005
S214035CD0D9E7D5F775B9D5F78FBA7047002070475F
S214035CE000207047C3681944836853F8210030F8CE
S214035CF0023B13607047012310B580F888300378A1
S214035D00044653B100F061FA21462046D5F766FBF8
S214035D102046BDE8104000F04DBA10BD38B50D461C
S214035D200446D5F743FB6B682046C4F8B032A9682F
S214035D3000F096F94FF0FF332046C4F8B432FFF76D
S214035D40CDFF38BDD0F8B43210B50133044601D0C8
S214035D50002010BD00F0BCFAC4F8B4020130F7D13D
S214035D6094F8B80280F00100F3E708B5D5F75AFBBC
S214035D7008BD0A7801382D2A0ABF01220022891895
S214035D80D5F7ACBB07281BD8DFE800F0060A0D10D2
S214035D90131504170120704700220820D5F79EBB71
S214035DA000221020FAE700222020F7E70820FFF75A
S214035DB0E0BF1020FBE72020F9E70846D5F7F0BB45
S214035DC0002070472DE9F74307280C46DDE90A76DD
S214035DD090461D4608D8013806280AD8DFE800F0A2
S214035DE01D27303A44574A00212850D003B0BDE857
S214035DF0F083002220461146E5F792F83368C0B2D6
S214035E0005EB83013A6845F82300013348F822106E
S214035E1033603B6801333B60E8E7002220461146C7
S214035E20E5F77EF8336880B205EB8301EAE70022E4
S214035E3020461146E5F774F8336805EB8301E1E77E
S214035E40002220461146E5F719FA336840B205EBFF
S214035E508301D7E7002220461146E5F70FFA336899
S214035E6000B205EB8301CDE7002220461146E5F795
S214035E7005FAE1E7002389461E461D468DF80630DF
S214035E8019F8013F7D2B06D125702D0A65703B68F6
S214035E9048F82340BDE7202BF2D006F00102013676
S214035EA012B98DF80430EBE71022002101A88DF813
S214035EB00530E5F7E3F9631901359870ADB2DFE70E
S214035EC02DE9F04F9B46002385B08B4581468846D7
S214035ED09246CDE902336BDC1A461E4619F8034098
S214035EE0212C09D81F2C04D8103C072C98BF01225C
S214035EF000E001260133F1E7FF2CFBD15B4436B10A
S214035F00013B43450ADD2B2005B0BDE8F08F62B1A7
S214035F10013B4345F7DC3546374602E000252F466E
S214035F202E46454504DB0020EEE79845F3D0EAE726
S214035F305D453BDB19F80730202B18D109EB070327
S214035F405B78FF2BDFD1CEB920465AF82510FFF732
S214035F5019FF78B303AB019302AB00932046DDE948
S214035F600E235AF82510FFF72DFF0135D9E7212B0D
S214035F700ED109EB07035B78FF2BC4D1029B5AF8BB
S214035F8025200E99012641F8232001330293ECE7DE
S214035F90A3F11004072C02D91C460137D3E709EBFB
S214035FA007035B78FF2BAED1E4B2CCE70624CAE73F
S214035FB02120A9E72620A7E72DE9F04F07460E463E
S214035FC015469846044685B0DDF84490DDE90FABE8
S214035FD0206808B3DAF80020D8F800108A421BDAE3
S214035FE00E9B53F82210D1F77BFD48BBDAF800204E
S214035FF00132CAF800206268117BFE291BD10E9B72
S2140360001068012100932A464346CDE902B9CDF82C
S21403601004A0FFF7D1FF04462B7843B999F8003064
S2140360202BB97EB101233C4689F800302B702046FD
S21403603005B0BDE8F08F01238BF800302B70EBE73B
S2140360400C34C5E73446F2E710B50446236803B9B3
S21403605010BD237A13B92046D5F7D8FA0C34F5E7E2
S21403606010B541B10A7932B901249C300C71FEF7A0
S2140360703DFE204610BD0020FCE72DE9F041BAB0F6
S21403608005460AAA084603A900F05FF90446B0B914
S2140360900DF10A0301930DF10B038DF80A0000932B
S2140360A00AAA284604AB03A9D5F760FC9DF80A2084
S2140360B0B2B19DF80B2048B12AB1D5F7A7FA20460E
S2140360C03AB0BDE8F081FFF7BFFFF8E7D5F89C507C
S2140360D0002DF4D0A86808B1FFF7B6FF2D68F7E7E0
S2140360E000B346681AAB06F10C082AAF0193404684
S2140360F0049B039900970AAAFFF7E2FE04460028CA
S214036100DDD1039B05A8CDE90637049B0595CDE9AC
S2140361100838D6F7F3FE05A83368984705A800F0B5
S2140361203FFDCCE72D24CAE710B50446AC30E4F7B0
S21403613027FE04F1AB031A180020934200D110BDCA
S21403614013F8011F0029FAD00A2908BF0130F4E723
S2140361500023F0B50B6013600646D0F8AC0278B1A6
S21403616096F8AC0060B1012406F1AC07D6F8AC0291
S214036170844210D306F1AC00B3F5007F10D30120A0
S214036180F0BD0D6801350D60156801351560F85CC6
S21403619001330A2802D0B3F5007FF2D30134E5E7D2
S2140361A0C15C0A29EBD00029E9D01168013301311B
S2140361B01160E1E710B50021D0F88C200446E4F71F
S2140361C0E3FE0023C4E9243310BD73B5044600F18F
S2140361D0AC0580212046FEF79EFD4FF4007106466F
S2140361E02846FEF798FD0136C0F500708642204625
S2140361F01FD8E4F7C5FD06462846E4F7C1FD013679
S2140362002946421CA819E4F711FF2046E4F7B8FD17
S214036210214602462846E5F747F82046E4F7B0FD50
S2140362200A23204480F8AC300023C4F8AC3202B012
S21403623070BDFFF779FF01AAC4F8AC026946204691
S214036240FFF786FF0022009B234483F8AC20C0E7B9
S21403625073B50D460446FFF767FF6B1C19D1D4F8D8
S214036260AC3213B1013BC4F8AC3200252046E4F748
S21403627087FDA84215D82046FFF79CFFD4F8AC321A
S2140362802BB16946204601AAFFF762FFA0B902B008
S21403629070BD012DFBD1D4F8AC328342F7D2013363
S2140362A0E1E7082000F023F8202000F020F808207B
S2140362B000F01DF80135D9E7009D04F1AC06019BFB
S2140362C0AB42E4D9715D2046D5F77EFC0135F6E78F
S2140362D007B500200DF1070100F0E7F820B99DF897
S2140362E0070003B05DF804FB4FF0FF30F9E710B585
S2140362F0C1B20446002000F0C8F800280CBF2046B0
S2140363004FF0FF3010BD0FB407B504AA52F8041BB4
S21403631000200192D5F7F4FD002003B05DF804EBEE
S21403632004B0704710B54C1C0B460119045D222CB3
S21403633003D07B2C01D05C2C05D1D21A1844E4F789
S21403634075FE012010BD0020FCE72DE9F047054649
S21403635091468846E4F714FD2A46064613461978FE
S21403636001322029FAD0C9F800305C1B01236FF0F4
S214036370404AC8F80030A64201D8002014E02F5D3A
S21403638029197B2F12D0222F2ED1D8F80030621C69
S21403639053442A4449F82320012C09D911F8013C17
S2140363A013F0DF0F04D02120BDE8F0877D27F3E745
S2140363B001342B5DBB4209D12B195B7813F0DF0345
S2140363C0F1D1222F00D12B550134D4E75C2B07D112
S2140363D0324621462846FFF7A5FF0028E3D0013EB4
S2140363E00134A642E5D8DEE75C2F08D132462146C3
S2140363F02846FFF797FF0028D5D0013EE4E7202F75
S214036400E2D10022631CB3420A70DDD2EA18EB5CC9
S214036410202BD9D0D8F800300F2B05DC49F82320E1
S2140364200133C8F80030CFE71E20BDE700F000B800
S21403643000207047D1F742BB70B50C46154610B91D
S214036440D5F752FD38B143682BB12A462146BDE83D
S214036450704000681847232070BDF7B50D461646F2
S2140364601C4638B9D5F740FD04B901AC20B9232042
S21403647003B0F0BD03B901ACC768002FF7D02346BD
S214036480324629460068B847F2E707B501228DF879
S21403649007100DF10701FFF7CFFF03B05DF804FB0C
S2140364A00B4601461846FFF7F0BF00230122FFF70D
S2140364B0D4BF08B508F0BCFFFA23B0FBF3F080B2F4
S2140364C008BD0420704740F20160D5F703BE70474D
S2140364D0012070470020704749BA89B280EA010359
S2140364E0C3F303125340180380B258405B0103F40E
S2140364F0FF535840704708B5D6F7B8F958B1A0F11E
S2140365005903042B06D8042B04D8DFE803F004044D
S214036510040304005C2008BDD6F700BB7047F8B53B
S2140365200C468D18073552421540A5F10807064656
S214036530384600F0DFF9A188381B628801EBE001DA
S21403654089B2A2EBE00225F8041C25F8062CA288E3
S214036550C310AAB1A4EBC202B2F802C0D18003EB07
S2140365600C015180E28892B1D31A9BB204EBC204A9
S21403657025F8023CA380B3680344B3603846F8BDED
S21403658015F8082C42F0020205F8082CEAE725F86D
S214036590022CF0E72DE9F04F4FF0000887B099463C
S2140365A0531C109B0546174614BF14460824CDF803
S2140365B01480002B00F0C580C3F80080002900F08B
S2140365C0C28042688A4240F2BE80073121F0070645
S2140365D008F040FE05AACDE9008282463A464B46BD
S2140365E03146284600F08AF9059F834607B130B93D
S2140365F0504608F02AFE192007B0BDE8F08FB7F81A
S214036600028029694FEAC802C0EBC8080139B8F10D
S214036610270F29617AD9B9F1000F51D1864206F1C5
S214036620080848D0224639462846FFF778FF04462E
S2140366300590059B9844404600F05CF9059906F1E1
S2140366400F004A88C308A2EBD002A8F80220CA8823
S214036650A8F80430002A30D0D31A9BB201EBC2024A
S214036660A8F8063093808B88F608A380B8F8043021
S2140366703A46E380414600232846668000F0A6F9A2
S214036680AB680833AB60237843F0010323702B69B0
S21403669001332B616288AB68504603EBC203EA689A
S2140366A0AB60934288BFEB6008F0CFFD109B0834C5
S2140366B000201C60A0E73C46BBE7A8F80620D2E70C
S2140366C007EB08042046039200F014F90BF10703C6
S2140366D0DB080599638008F10703DB08A380CB88F2
S2140366E093B1DB00039AD81D821A5A44C2F3CF0231
S2140366F00B44E2809A80A38808F1FF384FEAD80853
S214036700A1F80280CB80BBE7E380F4E7B9F1010F81
S2140367101BD107F10803B3FBF4F204FB1233B3B146
S214036720224639462846FFF7FAFE044623783A46B9
S21403673043F00103237021460123284600F046F95F
S214036740A8E7222058E7212056E78642E8D13C46B0
S214036750ECE707B500224FF0FF3101AB0192D5F706
S2140367603DFE019803B05DF804FB2DE9F74F0446A0
S2140367700D46002900F0AB80D0E9056808F06AFDF5
S21403678015F8087C35F8061CFB07009000D531B9D0
S214036790009808F05AFD012003B0BDE8F08FA36807
S2140367A0D4F8109035F804ECA3EBC10B09F1010300
S2140367B0A5F1080C4A1CC4F808B02361BEF1000F0B
S2140367C07BD0ACEBCE03D888B3F802A00190187840
S2140367D007F00207C00765D4002F64D10198A0EB29
S2140367E00A07012F69D18A1CABF108075244C4F883
S2140367F01090A76035F802ECBEF1000F61D0D4E923
S21403680000700CEBCE0A07EB0009CA4559D21CF8F8
S2140368103EC057461CF0010C15D1AEEB0101012911
S21403682011D1BAF80210AAF802C001310A44BAF824
S2140368300610002943D00AEBC107216901392161FB
S214036840A1680839A16015F8081C013A21F0010176
S21403685005F8081C002125F8061C5A801A7861F3EF
S21403686000021A707FB3C3F107023A44C2F3CF02A1
S214036870DA80BA804EB3B34227D37288002A08BFA1
S2140368801E46B8F1000F06D0434504D8B8F80220D8
S214036890002A18BF43460098C4E9056308F0D5FCF0
S2140368A0002079E74FB115F8087C724427F00207F9
S2140368B005F8087C00279F809CE763469AE70F4607
S2140368C0BBE70027BFE7DF80D4E71E46D9E72220D1
S2140368D062E710B50446D5F799FD2146BDE810409A
S2140368E0FFF743BFFFF7F5BF0846FFF732BF08467B
S2140368F0FFF7F8BF0023036043607047F0B5D0E9A5
S2140369000554561C08BF0822002B4FF0000008BF92
S2140369102C46DDF818C0CCF80000002C37D09DF8C4
S21403692014706588FF0007EBC505C2F1000E2078DA
S214036930C00708D51BBBE088A0B104EBC00465887C
S21403694007EBC505F3E78D42F4D363B904F10806F4
S214036950B6FBF2F002FB106670180EB1A842EAD836
S214036960CCF80040F0BD082A0FD06088013004EB55
S214036970C000461A06EA0E06801B8542F0D2A0889F
S2140369800028EFD0A4EBC004D9E70846E8E7204682
S214036990E8E703460069C0B10AB951B91A68104658
S2140369A00378DB0711D531B9C3885BB100EBC300AD
S2140369B0F6E79A69F3E7012904D1838823B1A0EBAC
S2140369C0C300EDE700207047184670472DE9F041F5
S2140369D0D0E90554074688461646ABB1954200D023
S2140369E00ABB424600213846FFF7D3FFB4420546AA
S2140369F000D02EB9424601213846FFF7CAFF0446A7
S214036A00C7E90554BDE8F081954208D08D4228BFFA
S214036A100D46B44205D0444538BF4446F0E70D461C
S214036A20F7E74446ECE79442EAD1E3E770B500267D
S214036A301C46C3E90001C3E90266C3E905001E61FB
S214036A401A775E62FFF756FF23690139C9080133D7
S214036A5041802361A36830460833A360E3680833A4
S214036A60E36070BD002307B5684600938DF80430D5
S214036A70D3F748FC03B05DF804FB10B508F0DDFB64
S214036A80044606F03DFD2046BDE8104008F0D0BBA6
S214036A9070474FF4C870D5F719BDD5F7CBBD00F0D6
S214036AA01CB87047704708B503F07BF903F083F909
S214036AB003F08AF903F099F9BDE8084003F0A8B992
S214036AC0704708B503F068F903F067F903F066F951
S214036AD003F066F9FFF7F4FF08BD08B503F099F96C
S214036AE003F098F903F098F9BDE8084003F09BB962
S214036AF07047012070472DE9F34112F00105044663
S214036B00884622D110F0030525D12F465208BA42F3
S214036B1009D1D3F785FE0026B74204EB860008D1D9
S214036B20D3F78AFE11E054F8273001330CD101372E
S214036B30EDE7042258F826300DEB0201019308F026
S214036B409FFE30B1D3F778FE3D25284602B0BDE858
S214036B50F0810136E0E70125F7E77047B0F1006FF3
S214036B600FD300F07843B3F1006F0CD000F0604011
S214036B70B0F1404F09D0B0F1604F14BF042003209A
S214036B80704700207047012070470220704700209E
S214036B9070471AB111B180B2D5F7C0BF2120704734
S214036BA001F094BEDEF770BEFFF78DBCD0E902326B
S214036BB053F8223000211878DEF7B8BA704702F08F
S214036BC0D5B901F015BEC3688268013BDBB252F843
S214036BD023305B78652B02D10020E0F7F7BD6E2BE0
S214036BE001D10120F9E7662B01D10220F5E77047B2
S214036BF010B5D0E90232044653F82230187802F072
S214036C009FFAE368A268013352F82330BDE81040C8
S214036C10187802F093BA10B50446C0B2D7F74CF909
S214036C20200ABDE81040D7F747B9D0E9023253F837
S214036C3022301878D7F748BA02F032BADFF7C4BA68
S214036C4008B501F0F6FEBDE80840E0F7ADBCD0E9B4
S214036C50023253F82230186801F0E9BE0020E0F74C
S214036C60A9BD0120E0F7A6BD0221D7F7C3B90321CA
S214036C70D7F7C0B90521D7F7BDB908B501460C202B
S214036C80D7F794F9BDE80840D7F722B908B5014607
S214036C900020D7F78BF9BDE80840D7F719B907B531
S214036CA0C2688368043253F8223001211B880DF131
S214036CB00602ADF806300023D7F720FF03B05DF8D1
S214036CC004FB08B508F0C8FBBDE80840EDF786B836
S214036CD010B51446D8F72EFA2146BDE8104008F042
S214036CE0B3B808B5D8F726FABDE80840002108F07F
S214036CF0ABB808B5D8F71EFABDE80840ECF784BB76
S214036D0008B5D8F717FABDE80840ECF769BB704733
S214036D10704708B508F0A0FBFFF7FAFF03F0DDF8AD
S214036D20BDE80840D8F752BA7047012070470120E3
S214036D30704708B5D8F7E6FA00280CBF04200120F0
S214036D4008BD70472DE9F34104460D4616461F4617
S214036D50DDF8208008F018FC3B46324629462046DC
S214036D60CDF8008003F0BAF83B4632462946204663
S214036D70CDF80080FFF7E5FF02B0BDE8F04101F073
S214036D80A5BD2DE9FF4704460D4616461F46BDF82A
S214036D9030809DF83490DDF838A008F0F5FB3B46CC
S214036DA0324629462046CDE9019ACDF8008001F007
S214036DB040F804B0BDE8F04701F088BDF8B50446D6
S214036DC00D4616461F4608F0DFFB3B46324629466D
S214036DD02046DDF7E5FE044601F078FD2046F8BDC3
S214036DE070472DE9F34104460D4616461F46BDF887
S214036DF0208008F0C9FB3B46324629462046CDF89C
S214036E00008003F06EF83346424629462046009734
S214036E10FFF7E6FF02B0BDE8F04101F057BD70474B
S214036E2008B508F0B1FB03F05DF8FFF7F8FFBDE81F
S214036E30084001F04BBD012070472DE9F743044697
S214036E400D4616461F469DF8289008F09DFB3B46C8
S214036E50324629462046CDF80090FFF7ECFF8046E1
S214036E603B46324629462046CDF8009003F03BF8D1
S214036E7001F02CFD404603B0BDE8F08301207047C7
S214036E802DE9F74304460D4616461F469DF82890FF
S214036E9008F07AFB3B46324629462046CDF800905A
S214036EA0FFF7ECFF80463B46324629462046CDF8A0
S214036EB0009003F019F801F009FD404603B0BDE861
S214036EC0F083F8B504460D4616461F4608F05CFBED
S214036ED03B4632462946204603F007F8BDE8F8400D
S214036EE001F0F4BC00207047F8B504460D4616467C
S214036EF008F04AFB324629462046FFF7F3FF0746CB
S214036F0032462946204602F0F1FF01F0DFFC384600
S214036F10F8BD38B504460D4608F036FB294620462C
S214036F2002F0E5FFBDE8384001F0D0BC10B50446DA
S214036F3008F02AFB204602F0DBFF2046FDF76CFB39
S214036F40BDE8104001F0C2BC704738B504460D4694
S214036F5008F01AFB2946204602F0D9FF29462046A8
S214036F60FFF7F2FFBDE8384001F0B0BC704770B5DC
S214036F7004460D46164608F007FB324629462046C9
S214036F8002F0C7FF324629462046FFF7EFFFBDE86B
S214036F90704001F09BBC704738B504460D4608F0B8
S214036FA0F3FA2946204602F0B6FF29462046FFF7A5
S214036FB0F2FFBDE8384001F089BC70472DE9F34184
S214036FC004460D4616461F469DF8208008F0DCFA58
S214036FD03B46324629462046CDF8008002F09DFF08
S214036FE03B46324629462046CDF80080FFF7E5FFAC
S214036FF002B0BDE8F04101F069BC704738B50546FC
S21403700008F0C2FA284600F0E1FE04460146284688
S21403701001F0AAFF01F05AFC204638BD38B50446F5
S2140370200D4602F07BFF29462046FFF7E6FF38BDF4
S214037030704738B5054608F0A7FA2846DEF7D0FBB2
S21403704004460146284601F08DFF01F03FFC20462A
S21403705038BD38B504460D4602F061FF2946204682
S214037060FFF7E6FF38BD704710B5044608F08CFA04
S214037070204602F055FF2046FFF7F5FFBDE8104017
S21403708001F024BC704738B504460D4608F07CFA78
S2140370902946204602F045FF29462046FFF7F2FF21
S2140370A0BDE8384001F012BC704770B504460D4683
S2140370B0164608F069FA32462946204602F032FFA1
S2140370C0324629462046FFF7EFFFBDE8704001F041
S2140370D0FDBB704738B504460D4608F055FA2946F9
S2140370E0204602F020FF29462046FFF7F2FFBDE8C0
S2140370F0384001F0EBBB704738B504460D4608F040
S21403710043FA2946204602F00FFF29462046FFF79A
S214037110F2FFBDE8384001F0D9BB704710B504460E
S21403712008F032FA204602F000FF2046FFF7F5FF8C
S214037130BDE8104001F0CABB704710B5044608F01E
S21403714023FA204602F0F2FE2046FFF7F5FFBDE8DD
S214037150104001F0BBBB7047704770B504460D4640
S214037160164608F011FA32462946204602F0E1FE9A
S214037170324629462046FFF7EFFFBDE8704001F090
S214037180A5BB704710B5044608F0FEF9204602F08A
S214037190D1FE2046FFF7F5FFBDE8104001F096BB91
S2140371A0704738B504460D4608F0EEF929462046E2
S2140371B002F0C1FE29462046FFF7F2FFBDE838403D
S2140371C001F084BB7047F8B504460D4616461F46C5
S2140371D008F0DAF93B4632462946204602F0ADFE71
S2140371E03B46324629462046FFF7ECFFBDE8F8400B
S2140371F001F06CBB704770B504460D46164608F0A2
S214037200C3F932462946204602F098FE32462946FE
S2140372102046FFF7EFFFBDE8704001F057BB70470D
S2140372202DE9F34104460D4616461F46DDF8208039
S21403723008F0AAF93B46324629462046CDF8008098
S21403724002F07DFE3B46324629462046CDF80080B6
S214037250FFF7E5FF02B0BDE8F04101F037BB0E20B3
S21403726070470E20704738B5044608F08DF920465F
S214037270FFF7F7FF0546204602F062FE2046FFF7BB
S214037280EEFF01F023FB284638BD704710B50446D1
S21403729008F07AF9204602F054FE2046FFF7F5FF81
S2140372A0BDE8104001F012BB002070470020704775
S2140372B038B5044608F068F92046FFF7F7FF054699
S2140372C0204602F03FFE2046FFF7EEFF01F0FEFAEF
S2140372D0284638BD704708B508F056F902F033FE65
S2140372E0FFF7F8FFBDE8084001F0F0BA002070474A
S2140372F07047704708B5D8F7D7F800280CBF0420A6
S214037300012008BD70470B68DA7B1AB9DB7C0BB922
S214037310D8F7EEB88120704708B5D8F701F9BDE86D
S2140373200840D8F70BB97047D8F7FAB8D8F706B9B4
S214037330082808D84FF48B73C34013F0010F0CBF13
S214037340212000207047212070470121D8F7E8B993
S2140373500221D8F7E5B90421D8F7E2B90821D8F70E
S214037360DFB91021D8F7DCB901207047D0E9023223
S21403737053F822301878D8F77FBB0868C37B1BB94D
S214037380C37C0BB9D8F7A8BB81207047D0E902327B
S21403739053F822301878D8F7E1BB704730B5054666
S2140373A0044615F8100B85B0029565691D44CDE9B2
S2140373B000250B46A21D618801F036FE05B030BDE0
S2140373C0704710B492F80A4192F8053103EB042390
S2140373D00B8100235DF8044B1A4601F023BE1FB54C
S2140373E00446084671B12178FF290BD0238B0293FC
S2140373F063690193237C00936288A31DDEF70CFA6E
S214037400FF23237004B010BD0868C37B73B9C37C25
S214037410032B0BD8DFE803F002080406D8F79EBE5A
S214037420D8F7CEBED8F7FEBED8F7ACBE81207047DD
S2140374307047704700207047137810B5032B0CD1A4
S2140374405479CBB29C4208D19379B3EB112F04D174
S21403745053781B1A5842584110BD0020FCE77FB5ED
S21403746005460E4600246946E0B201F083FD28B9BE
S2140374706A4631462846FFF7DFFF18B90134202C49
S214037480F1D1002004B070BDFFF7E9BF0868C37BE5
S2140374909BB9C37C052B10D8DFE803F0030D070B5D
S2140374A00905D8F763BFD9F79FB9D8F7F9BFD9F756
S2140374B04BB9D9F7C9B8D8F79BBF812070470020CE
S2140374C0704730B5102587B001AA00210195FEF755
S2140374D009FC04462A46002102A8E3F755FD2A467E
S2140374E0214602A8E3F7A2FD012102A8D9F75AFB19
S2140374F007B030BDD9F7E8BA7047FFF7FDBF0B6892
S214037500DA7B5AB9DB7C012B04D0022B04D02BB9CF
S214037510D9F76CBFD9F776BFD9F780BF81207047FC
S214037520002307B5012101A80193D0F71FF908B975
S214037530CFF758FF012003B05DF804FB08B502F04F
S2140375406EFA052803D0003818BF012008BD0220B4
S214037550FCE77047D0E9023253F822301878003837
S21403756018BF0120DBF7DABADBF7DEBA0020704774
S214037570002070477047FF207047FF2070470020A9
S21403758070470020704700207047704706207047FA
S214037590DAF782BD0868DBF75BBA70B50D460446BA
S2140375A000212846164601F076F93246208002214D
S2140375B0284601F070F9324660800421284601F01F
S2140375C067F90023A360E3606060082070BD03468C
S2140375D041B181424FF0640005D94343B3FBF1F058
S2140375E0C0B2704708467047DBF7ACBADCF7A2B800
S2140375F0DCF7AAB9B0F5807F05D0A0F50073584232
S2140376005841400170470820704730B599B00D4681
S21403761069461446DCF7FCF830B915B1BDF80230FC
S2140376202B600CB10D9B236019B030BD2DE9F047DC
S21403763088B00E46904604A905AA07461D46FFF7DE
S214037640E4FF044638BB28800DF10C09DDE904A3EA
S2140376509A4520D2062251463846CDF8009006AB0E
S214037660DCF7F2F8D8B9039B062B18D12A88DDF885
S2140376701A3042450ED2BDF8181026F832102A8862
S21403768006EBC20253602A885344013206332A802B
S2140376900493DBE7F7D9204608B0BDE8F08701245A
S2140376A0F9E72DE9F0438FB00F46904601A9002273
S2140376B004469946FFF7A9FF18B101200FB0BDE8AD
S2140376C0F083062220460DF1020302A9FFF7AEFF60
S2140376D00028F2D105460246BDF80210019CEEB220
S2140376E08E42EAD20EAB03EBC60656F82C3C36F8AF
S2140376F0306C0634BE4217BFE4180122134600223C
S214037700013522B1C8F80040C9F80030D6E71A465A
S214037710E5E770B50024012602F05BF9E5B2C2681E
S21403772006FA05F59542234604F10104F4D3D8B2CC
S21403773070BD70B586B0DBF7B9FE00F11006E1F751
S214037740ADFA00240546142201A9301902F048F9BF
S2140377501CB99DF80430FF2B16D0002303F1180242
S2140377606A4412F8142CFF2A06D11C44601E90FBB0
S214037770F5F080B206B070BD2B44DBB2132BEDD907
S2140377801434B4F5826FDED14FF0FF30F2E7DBF747
S214037790C3BC07B504220DEB020102F021F90198E0
S2140377A003B05DF804FB37B5054608460C46FFF7FD
S2140377B0F0FFA84206D0042220460DEB02010195F5
S2140377C0E1F7BEFA03B030BD07B50B4600920021C1
S2140377D002460120DBF732FD03B05DF804FB08B573
S2140377E00121DBF763FCBDE80840E1F755BCDBF796
S2140377F0A1BF08B5FFF7F3FF002008BD08B5134681
S2140378000A4601461846DBF7ADFD80F00100C0B21C
S21403781008BD00207047704708B1DCF7ABB8704767
S21403782030B4DDE902451DB1029430BC00F0C6B9A0
S21403783030BC70471F2804D8142200F5A030D5F7B3
S21403784037BA70471F2804D8142200F5A030D5F79E
S2140378505BBA7047152808B505D1FFF7DCFFBDE80E
S2140378600840DCF7CDB908BD10B5142486B022460F
S214037870002101A8E3F788FB2023224601A94FF441
S214037880A03001F095FC06B010BD0020704713B57C
S21403789000230C461A460146CDE90033E0B2DCF776
S2140378A073FF02B010BD13B50023144601900122E6
S2140378B00093E0B2DCF768FF02B010BDD0E90232F5
S2140378C053F822301868DDF7D7B8194491420ADC1A
S2140378D04218002003B9704712F8011D013B01EB63
S2140378E00020DBB2F6E7002070472DE9F04F4FF09B
S2140378F0000A85B0019381460F4615465346019A02
S21403790011785FFA8AF2914203D8002005B0BDE8E9
S214037910F08F019909EB050801EB4202517892F8C2
S21403792002B011F04004009101F03F061BD0AC19E1
S214037930BC42D4BF0024012433466400A20740F1AE
S2140379408880009B1B0640F192800E9B324603EB19
S2140379500B000021E3F718FB3D4600231D44ADB2A0
S2140379600AF1010ACBE7042E07D866B1B31E022B31
S2140379700BD8DFE803F0122130003E2E37D03F2E1F
S2140379805BD03D2E4BD00320C0E7BD4234BF00245E
S2140379900124012664003346D0E7AB1CBB4250DC0F
S2140379A002233A4629464846FFF78FFFADF80A00FA
S2140379B002230DF10A08C1E7EB1CBB4243DC032399
S2140379C03A4629464846FFF780FF039004260323DA
S2140379D00DF10C08B2E72B1DBB4236DC04233A46F6
S2140379E029464846FFF771FF03900423F0E77A1E03
S2140379F095422CDA02233A4629464846FFF765FFA6
S214037A004FF6FF7380B298420EBF0223023083B252
S214037A105C19A742B4BF0324012404268EE7BD42A3
S214037A2015D298F80030FF2B0CBF01230133EC1856
S214037A30BC42CCBF03240124EFE701240426002321
S214037A407CE73446B4E70224C0E70224CDE70324E8
S214037A50E3E70E9A02EB0B0014B142F80B807DE7C6
S214037A60324641460093E3F71FFC009B76E702206D
S214037A704CE710B5144686B018811A460A9B029145
S214037A80CDE9034301230193099B01460093032099
S214037A90BDF82030DDF70EF906B010BD1FB5002483
S214037AA00294079C0194BDF818400094FFF7E1FF89
S214037AB004B010BD2DE9F0410E461746054686B0C4
S214037AC098B391B38AB34FF0000802A95FFA88F01F
S214037AD001F050FA044640B99DF80830032B08D04D
S214037AE008F10108B8F1200FEFD1204606B0BDE833
S214037AF0F0819DF809202B799A42F1D1BDF80A202E
S214037B006B889A42ECD19DF80C30BDF80D006B7172
S214037B1028812B4622464FF6FF71CDE90067FFF713
S214037B20BDFF0028DCD00446DFE72124DDE710B5DF
S214037B3086B00A9C04949DF824400394BDF8204024
S214037B4002940124CDE9003413460A460146062072
S214037B50DDF7B0F806B010BD1FB504460846194653
S214037B6000230094CDE90123079BBDF81820FFF7F7
S214037B70DEFF04B010BDF0B5022805460E461446D7
S214037B801F468BB00AD106A9F0B201F0F3F998B9F3
S214037B909DF8193023719DF81C306371119B2246A2
S214037BA004930023CDE902330193109B31460093DF
S214037BB028463B46DDF77EF80BB0F0BD13B5002430
S214037BC00194049C0094FFF7D6FF02B010BD2DE984
S214037BD0F0450646884614469A46002701258BB08C
S214037BE006A9F8B201F0C6F920BB9DF81830012BA0
S214037BF019D19DF8192033799A4214D1BDF81A2069
S214037C0073889A420FD19DF81C3032467371B9B20D
S214037C10CDE9030ACDE90100434602200094DDF7CF
S214037C2049F8054610B90137202FD9D128460BB09D
S214037C30BDE8F0850546F9E70023FFF7C8BF10B592
S214037C400446DDF715FE0021631E04F10F0213F848
S214037C50010FFF2808BF19709342F8D1002323743D
S214037C6010BD0020704770B506461D46DDF774FC50
S214037C70044608B9212070BD3046DDF73BFF0028D7
S214037C80F8D0A0682A46FF21FFF722F89DF81030A7
S214037C90002063719DF81430A371ECE713B59DF8CB
S214037CA01040CDE9003413460122FFF7DCFF02B093
S214037CB010BD08B5DDF750FC28B18068FF21FFF73B
S214037CC018F8002008BD2120FCE70122FFF7F1BFCA
S214037CD01FB50B466A460146184601F041F96A4647
S214037CE00823002032F8021B013B13F0FF0380EA4F
S214037CF00100F7D1012838BF012080B205B05DF836
S214037D0004FB2DE9F04F87B0DDE9109B0546884656
S214037D10484619461F461446BDF848609DF84CA0D1
S214037D20FFF7D6FF042D0346ABF800001AD8022D42
S214037D301DD9042D07D04FF2F222A188914222D1F9
S214037D40E28891071FD5E17A0022CDE90137204664
S214037D503346CDE90392CDF800A001F056F907B0FB
S214037D60BDE8F08F6A1F012A11D92120F7E7002208
S214037D704146CDE9119228462246109707B0BDE842
S214037D80F04F01F051B94FF6FF760C21DCE7052DD5
S214037D900ED10023E17A0022CDE90137CDE9039223
S214037DA00091234652464146304601F021F9D6E774
S214037DB04FF2F222A188914204D1E288920701D5BC
S214037DC0E17AE8E74FF6FF760C21E4E7F0B585B0F5
S214037DD00546DDF781F848B16B88B3F5006F05D12A
S214037DE0681D05B0BDE8F04000F0EFBC284600F083
S214037DF003FD0446C8B9E7B26946384601F0BAF847
S214037E0078B99DF8006066B92946384601F0B6F899
S214037E1020B140F60443984207D08C26304605B07E
S214037E20F0BD0134202CE6D1F7E78D26F6E7DDF723
S214037E3039BA2DE9FF4704460D460146184617464C
S214037E401E46BDF830809DF83490DDF838A0D7F78D
S214037E50C5FFD0B92146284601F036F933463A46DF
S214037E6029462046CDE9019ACDF80080DDF7BEFA13
S214037E7033463A4629462046CDE90D9ACDF830805A
S214037E8004B0BDE8F04702F02BB804B0BDE8F087B5
S214037E90DDF756BCDDF70EBCDDF732BC10B5044685
S214037EA001F01EF9082201462046BDE81040E3F71C
S214037EB0BDB801F017B9002101F014B901F026B9D5
S214037EC00020704720207047EAF748BFEAF792BFC2
S214037ED0EDF734BC7047DDF77FBD70B506460C463C
S214037EE0154600F04CF850B13CB135B1204600F0D1
S214037EF0D8FC013080B2A84200D9002070BD3046BD
S214037F0000F043F840B1002CF7D0012DF5D92046F8
S214037F1000F0CCFC0230EDE73046DDF7BDFCEAE7C7
S214037F20F8B5BDF8185010B3967855B9D478A6F1BD
S214037F304107012F07D8621ED2B200F0D1FD002000
S214037F40F8BD2C46F3E7433E012E04D8A21E92B298
S214037F5000F0DEFDF3E7D27813B90DB1AA4206D8D6
S214037F6011B9E3F711F8EAE7E3F760F8E7E78920E2
S214037F70E6E7413803288CBF0020012070474138CC
S214037F8001288CBF002001207047433801288CBF8E
S214037F9000200120704700207047002070470388A8
S214037FA0B3F57C4F01D3FFF7F8BF0846FFF7F3BFDF
S214037FB010B54A880488A2420DD1037B0C7923406E
S214037FC009D0B2F57C4F08D3FFF7E7FF0B891B1ADE
S214037FD05842584110BD0020FCE70120FAE738B5A7
S214037FE00D88D488A5420AD10388B3F57C4F08D2FE
S214037FF0FFF7D5FF13891B1A5842584138BD002096
S214038000FCE70120FAE72DE9F04715460446B8B128
S21403801049B1EAB100264FF0140AB04690F804902E
S214038020F3B2994501D800240AE027680AFB0677CD
S2140380303846FFF7BDFF013628B13C46A5F8008059
S2140380402046BDE8F0877B8943441FFA83F8E7E7B9
S2140380501446F5E72DE9F0470E4615460446B8B133
S21403806049B112B300274FF00C0AB846B0F808908F
S214038070BBB2994501D800240AE06368324620461D
S2140380800AFB0731FFF7ABFF28B10C46A5F80080C3
S2140380902046BDE8F0870B79013713F0300F02BF97
S2140380A0CB7843441FFA83F8E2E71446F0E72DE95A
S2140380B0F04186B00D461446984604AA05AB03A9BC
S2140380C00646DDF7BFFC40B30DB1049B2B6034B30B
S2140380D0049D03982946FFF762FF2B88074602464E
S2140380E07188307800F050FBD8B1297911F010036D
S2140380F00BD0EB782A46CDE900433B4671883078AF
S214038100FCF776FA06B0BDE8F0812A4620460599C4
S214038110CDF80080FFF704FFF4E78620F2E7204659
S214038120F0E77E20EEE71FB51C460023ADF80A20D5
S214038130BDF818208DF80400ADF80610ADF80C2035
S21403814069461A4601A800938DF80840FFF7AFFF6B
S214038150009804B010BDF0B587B00E4605AB04AA70
S21403816003A90446DDF76EFC08B3049D039829466D
S214038170FFF715FF2B88074602466188207800F034
S21403818005FBB0B1297911F0100108D000963B46E3
S2140381902A4661882078CDF77DFF07B0F0BD0091B1
S2140381A001232A4631460598FFF7BAFEF5E78620EF
S2140381B0F3E77E20F1E72DE9F041064600254FF070
S2140381C014080779E8B2874201D800241AE008FBAE
S2140381D005F0D6F800C00CEB00043CF80000814222
S2140381E01AD132B1802A10D194F90CC0BCF1000F19
S2140381F012DAB0F57C4F05D32046FFF7CEFE834256
S21403820000D04BB92046BDE8F081402A04D194F84B
S2140382100CC01CF0400FECD10135D3E70121DDF78C
S2140382204DBB08B513460022DDF776FC003818BFB1
S214038230012008BD08B513464022DDF76DFC003863
S21403824018BF012008BD08B513468022DDF764FC7D
S214038250003818BF012008BD08B540220023DDF70B
S2140382605BFC003818BF012008BD08B58022002338
S214038270DDF752FC003818BF012008BD0023DDF7E8
S2140382804BBC0021DDF7B8BC10B504460121DDF771
S214038290B3FC2046BDE8104001F056BE7047F8B563
S2140382A016461F469DF81820BDF81C300546DDF718
S2140382B033FC78B10421DDF71DFD044650B1284692
S2140382C000F010FB3A4631462846A047BDE8F84082
S2140382D000F0FCBAF8BD2DE9F74F1E46DDE90C9B0E
S2140382E0074688461446BDF838302AB3B9F1000F5E
S2140382F022D00EB392F804A099F80020504612F04C
S214038300080F0CBF802240226188DDF705FC98B178
S2140383100821DDF7EFFC054670B1504600F0E2FA9F
S2140383203346224641463846CDE9009BA84703B06C
S214038330BDE8F04F00F0CABA03B0BDE8F08FF8B559
S214038340BDF8187016461A463B460446DDF7E4FBAE
S214038350E0B177B90221DDF7CDFC0546B0B1204682
S21403836000F0C0FA31462046A847BDE8F84000F0C2
S214038370ADBA1021DDF7BEFC054638B1204600F045
S214038380B1FA3A4631462046A847EEE7F8BD73B53C
S214038390BDF8184016461A4623460546DDF7BCFBCD
S2140383A0B8B1C4B92021DDF7A5FC044670B1284650
S2140383B000F098FA099B3146009328469DF8203032
S2140383C09DF81C20A047044600F080FA204602B021
S2140383D070BD8624FAE70024F8E72DE9F0418668A5
S2140383E00446007800F07EFA002514273279EBB2B3
S2140383F09A4203D8BDE8F04100F068BA7B4332687E
S2140384002078D15A02EB030800F0C2F90121404656
S214038410DDF770FC034608B1207898470135E5E799
S2140384202DE9F04F1C4689B09DF84C30BDF84880C6
S21403843001939DF8503092460293224643460746E0
S2140384400D46DDF769FB8DF814700646ADF8165039
S2140384508DF81840ADF81AA0ADF81C8018B90120A5
S21403846009B0BDE8F08F05A9FFF7A2FD0028F6D0F6
S21403847000252F46A8462C4634E00C231FFA85F920
S21403848003FB09F931887368B1F57C4F33F809208B
S21403849003EB090B1AD333F8090050452CD3019B81
S2140384A0A3422DD900F0BAF99BF80200DEF7CEF806
S2140384B0029B43B19BF8043013F0010F0CBF052059
S2140384C00720DEF7C3F80134A4B219E0ADF81A208A
S2140384D05946304605AA0393FFF781FD039B002800
S2140384E0D9D101353289ABB29A42C6D804EB08001B
S2140384F0C31B58425841B3E708F101081FFA88F82E
S2140385000137BFB2EDE710B5012488B006949DF895
S2140385103C4005949DF8384004949DF834400394F9
S2140385209DF8304002940B9C0194BDF828400094BB
S214038530DDF724FD08B010BD2DE9F04786B0BDF881
S2140385403880DDF83C909DF840A0CDF80080CDE95A
S214038550019A04460D4616461F4600F013F9B8B1B5
S214038560431EDBB2012B10D800230122811E484292
S2140385704841CDE90432CDE902A03B4632462946BE
S2140385802046CDE90089FFF7BEFF06B0BDE8F087B9
S2140385900120FAE730B50024012587B0CDE904456C
S2140385A003959DF82C5002950A9DCDE90045FFF7EB
S2140385B0AAFF07B030BD30B50024012587B0CDE94A
S2140385C0044503959DF828500094CDE901354023D2
S2140385D0FFF799FF07B030BD10B5012486B0CDE98B
S2140385E00444002403949DF828400294099C0194B3
S2140385F0BDF820400094FFF786FF06B010BD1FB5F8
S214038600089C03949DF81C400294069C0194002445
S2140386100094DDF7AFFD04B010BD70472DE9F84FA9
S2140386200229074688460C9D04D84FF0000A504698
S214038630BDE8F88F1BB10429F7D942F004023A705B
S2140386402BB303247B701B0ABB70DFF7A9F84FF02C
S21403865000099DF82830385504F1020A01343B55C9
S2140386600B9A5FFA89F3D45C002CE0D0732C10D8F5
S2140386702E464C2C56F804BB3DD0532C15D0622CFA
S21403868045D1AC8805F1080600231A4616E00124F6
S214038690DBE7A4F17503032BC7D8763C2E1D022C0B
S2140386A052D8DFE804F0565A58006A6805F10806FF
S2140386B094B2D2B2B2F1FF0318BF01230AEB04014E
S2140386C019448845B1DB50461946002947D153441F
S2140386D01FFA83FA5CB1BBF1000FA6D0224607EB64
S2140386E00A005946E2F7E0FD54441FFA84FA354679
S2140386F009F10109B4E74FF6FF736A6805F1080646
S21403870094B222469C4214BF02230023D6E76C2C65
S21403871005D1584600F0CAF8841CA4B2B4E7732CFB
S21403872004D1584600F0BDF8441CF6E7A4F1300324
S214038730DAB2092A01D89CB2A6E7A4F14103062BB4
S2140387403FF673AF373CE8E7012300242A68A346C5
S214038750B4E70223F9E70323F7E70423F5E700F179
S214038760010C01393A54C9B2120A1FFA8CF0ACE76D
S2140387700020DDF7F3BE0022DDF710BF0023DDF790
S21403878023BF7047012070470120704701207047C0
S2140387907047002070470020704700207047002075
S2140387A07047002070470020704770470E207047C0
S2140387B00020704700207047002070470020704755
S2140387C07047FF2070470E2070478420704770471D
S2140387D07047002070470020704700207047002035
S2140387E0704700207047002070470020704770478E
S2140387F00E20704700207047002070477047002007
S214038800704770477047704770470E207047704731
S21403881000207047812070477047704738B505467B
S214038820C0B2DDF713FF0446280ADDF70FFF14B1C5
S214038830002808BF0024204638BDF8B50546C0B258
S214038840DDF704FF0446C5F30720DDF7FFFE074602
S214038850C5F30740DDF7FAFE0646280EDDF7F6FEFB
S21403886024B12FB136B1002808BF00242046F8BD36
S2140388703C46FBE73446F9E710B4CC18944203DCD5
S2140388805DF8044BFFF721B800205DF8044B7047F2
S2140388900423FFF7F1BF08B50223FFF7EDFF80B20D
S2140388A008BD0078FF2808BF0020704708B50222DD
S2140388B00021FFF7F0FF4FF6FF73984208BF002032
S2140388C008BD003818BF01204000704700207047DD
S2140388D008B5FFF7A3FCFF284FF0FF3018BF0020B2
S2140388E0C0B208BD08B5FFF7F3FFFF280CBF212071
S2140388F0002008BDF8B506460C4615461F4600F090
S21403890011F810B12544AC4200D1F8BD39463046C3
S21403891014F8012BDDF78CFFF5E701460022022051
S214038920DDF716BF0120704737B50546DCF7A0F91B
S214038930044601950CB981201CE0237823B1204618
S214038940DCF79EF90446F5E72B6862685B889A4273
S214038950F5D1A368EA7B99B272B12A8A9142EED125
S2140389606A7DB2EB134FEAD10020E36801A998476A
S2140389708128E4D003B030BD4FF6FF72EEE72DE951
S214038980F84304460F46904699460BB3012A1FD870
S2140389900C20E2F7FFFC064610B91920BDE8F88361
S2140389A01020E2F7F7FC18B93046E2F7FBFCF4E7D1
S2140389B00123002547EA084770600570C0F80C904D
S2140389C04460876033803046DCF74AF92846E5E79B
S2140389D02120E3E738B50446436808460D46984722
S2140389E0B4F90830002B02DB2B78042B06D10023C6
S2140389F020466360BDE83840DEF7ACBA38BD30B514
S214038A004FF48A5587B0ADF816200DF116041A46B2
S214038A10029543B100230122CDE90033234600F03B
S214038A201EFA07B030BD019401240094F7E7FFF760
S214038A30EBBEFFF7BDBE0020704708B500F014FB81
S214038A4020B900F05BFB08B9DBF7A8FAFFF7CFFE07
S214038A50BDE80840FFF7DBBE0020DEF7E3BE0021DB
S214038A60DEF780BF0022DEF73FBF1FB5D2880B4676
S214038A7012F0200F4FF6FD7114BF49245224ADF8AF
S214038A800610510544BF083CE4B2110544BF083C38
S214038A90E4B2120444BF023CE4B2032805D8DFE87C
S214038AA000F0020F161CADF80630BDF80600FFF7FF
S214038AB088FEFF281CBF241AE4B2204604B010BD6B
S214038AC002AA0DF10601D8B200F08CFAEDE7D8B28F
S214038AD000F052FAADF80600E7E7013CE4B2E4E73B
S214038AE0F8B5064617460D4681B10C78FF2C0BD019
S214038AF00846FFF7D6FEB84228BF3846C4B2224619
S214038B00691C701CE2F792FA3470F8BD0C46FBE75A
S214038B1070B5044615460E4611B94170017070BD16
S214038B200B78FF2B05D14B78FF2B02D103704370D4
S214038B30F5E73046FFF7BAFEA84228BF284685B2B7
S214038B402A46B11CA01CE2F771FA25702D0A65703F
S214038B50E5E7F0B523B9013A531C2FD1002020E0F6
S214038B60042AFBD800231C46551E6E1C1AD1042A61
S214038B7010D00121D200501E01FA00F020421EBF81
S214038B80914049420C4318421EBF4FF0FF3101FA91
S214038B9002F213439C421EDCB4BF4FF0FF300020AA
S214038BA040B2F0BD40B1465DEF00BE4034434E5D7B
S214038BB0013DBE403343D8E70646F5E78C5C38B93B
S214038BC00346A34202F1FF32C6D24FF0FF30E8E776
S214038BD0835CA342F5D90120E3E7283807288CBF36
S214038BE00020012070471D2810D004D840B11C284F
S214038BF004D0552070471E380128FAD81A2901E0F8
S214038C000B390F298CBF5520002070470829F9E738
S214038C10002000217047F7B59DF820400546082C34
S214038C20104619469DF8246036D8002213462C4475
S214038C30AC4208D106F0FD04382C0ED10096FFF79F
S214038C40E7FF03B0F0BD14F8017D1B0243EA12638D
S214038C501202BA1843F10003EAE7392E10D107EEE1
S214038C60100A07EE902AB4EEE77AF1EE10FACCBFBC
S214038C7077EE677A77EEC77A002117EE900AE0E779
S214038C80824273EB010403D2801A61EB0301D8E737
S214038C90101A63EB0101D4E700200146D1E738B58B
S214038CA0C36814461944836853F821501AB12846FA
S214038CB0E2F766F82070284638BD2DE9F3411C46D6
S214038CC016460DF107029DF82050FFF7E8FF9DF8C2
S214038CD007308046A34288BF8DF807409DF807708B
S214038CE00DB1E41BE5B22A4600213046E2F74CF903
S214038CF03A4641467019E2F799F9384602B0BDE89C
S214038D00F0812DE9F3411D46164601AA9DF8204041
S214038D10FCF7E8FF019B80469D4238BF0195019F03
S214038D2004B1EC1B224600213046E2F72DF93A4601
S214038D3041463019E2F77AF9F8B202B0BDE8F0819D
S214038D4073B50024154601AA1E460194FCF7CAFF14
S214038D50019B072B0AD92146CCB216B1C4F10704EE
S214038D60E4B2425C013108292A55F5D1D8B202B0E3
S214038D7070BD1FB5030A8DF80E300323009303ABB3
S214038D808DF80D0000F0BBF805B05DF804FB1FB5C9
S214038D908DF80F100421030A8DF80E30009103ABF3
S214038DA08DF80D0000F0ABF805B05DF804FBF0B5E8
S214038DB089B016689DF83C50CDF809608DF81130DF
S214038DC05668BDF83830012D109FBDF84440CDF8E5
S214038DD00D60ADF812308DF8145014D0032D19D150
S214038DE03B68CDF815307B68CDF819309DF84830D0
S214038DF08DF81D3016230093BDF84C2002AB00F00F
S214038E007EF809B0F0BD8DF81540240A0F238DF8BF
S214038E101640F0E70120F4E71FB50446084611465E
S214038E201A4602238DF80D100093214603AB00F07B
S214038E3066F804B010BD10B514461A460B6886B023
S214038E40CDF80D304B683421CDF811300A2300934A
S214038E5003AB8DF8154000F052F806B010BD2DE9AF
S214038E60F041B6B014461D4606460F469DF8F08000
S214038E70DEF79CFF03AA8DF80C001046330A8DF824
S214038E800F703F0A8DF80E308DF80D602B468DF867
S214038E9010708DF8114005EB4405AB4202F1020257
S214038EA01FD16200D2B2931DDBB23D99D8336B4417
S214038EB0073203F8CC8C01EB4805D3B250FA82F2A2
S214038EC0A94202F1020212D103EB480300900621E5
S214038ED03046BDF8F820DBB2DEF772FF36B0BDE8E9
S214038EE0F08133F8021B1171090A5171D5E731F885
S214038EF0024B02F8024C240A02F8014CE0E72DE983
S214038F00F0411C4605460E4617469DF81880DEF7C8
S214038F104DFF207043463A46314628460694BDE840
S214038F20F041DEF74DBF002070477047D3F72ABAEB
S214038F3008B5E9F711FA002840F6124018BF0020DA
S214038F4008BD704770477047704770477047704753
S214038F50002070477047704700207047704770477F
S214038F6002F066BFFEF775B8FEF758B803F0D7BA37
S214038F70F5F750BA03F0C4BAF5F70ABAF5F772BABA
S214038F80F5F72CBAFEF737B9FEF71DB910B49DF8FE
S214038F90044001945DF8044BFEF710B8FEF764B87E
S214038FA0FEF771B8F1F7F4B8F1F7F8B8EEF764BC6A
S214038FB0EEF768BCEAF7ECBAFEF7B0B8FEF775B89A
S214038FC0FDF7C0BEFEF798B8FEF784B830B4BDF818
S214038FD008409DF80C50CDE9024530BCFDF7D1BEE4
S214038FE0FDF76FBFF5F7B0BBDEF73ABFF5F776BC14
S214038FF070B49DF80C40BDF810509DF814600394AF
S214039000CDE9045670BCF2F7DDB870B49DF80C4099
S214039010BDF810509DF814600394CDE9045670BC57
S214039020F2F710B9F2F7FAB910B49DF804400194B8
S2140390305DF8044BF2F74AB910B49DF80440019466
S2140390405DF8044B01F0BABF01F0BABFFDF77DBF70
S214039050FDF78DBFFEF71AB9FDF79EBFECF71EBFEF
S214039060EDF776BEEDF748BEECF742BB02F051BB18
S214039070EDF7FAB802F0A7BBEDF786BAECF7EABD50
S214039080EDF76CBEEDF7E8BDEDF704BEEBF7ACB954
S214039090FEF7C6B8FEF761B8FEF774B8FEF781B8F8
S2140390A000F036BC00F02FBCF4F76EB9F1F7BABE89
S2140390B0F4F748B9F4F76EBAF1F784BEEAF754BA90
S2140390C0F3F70EBBFFF732BFFAF72CBEFEF703B972
S2140390D0FDF72CBFFEF731B801F020BDDEF71EBE4C
S2140390E0EAF76ABFEAF714BB01F0DCBF01F0B3BFCF
S2140390F0EAF762BBEAF7B0BEEAF7DABEEAF7D0BA37
S214039100DEF728BEDEF73ABEDEF712BEEAF770BA1F
S214039110DEF718BEF6F776BA01F09BBF01F062BF22
S214039120EAF76CBAEAF732BFEAF7C2BA10B4BDF888
S214039130044001945DF8044BFDF753BEDEF7BABE58
S214039140DEF7ACBEF5F7FEBFF6F736BA03F0FABAAB
S21403915003F000BBF6F76EB8F6F74EBA00F06DB93B
S21403916000F0ABB900F0D3B900F0B9BA00F029BBF0
S21403917000F092BADFF7B6BB00F0F0B900F01DBA04
S21403918000F030B810B51C4601F0ECFD06F035FAD9
S2140391900023C0F340202370400010BD002208B512
S2140391A00B461146FFF7EEFF023818BF012008BD35
S2140391B0002070477047B1FA81F0400970470120DC
S2140391C0704770477047002070477047002070470D
S2140391D070470E2070470120704770470120704784
S2140391E00120704714220021E1F7CEBE704770B508
S2140391F005460C468AB0252200210DF10300E1F74F
S214039200C3FE6B68CDF81D30AB68CDF8213023461E
S21403921001AC03F11006224618685968083303C2E6
S214039220B3421446F7D101236A7B8DF8023012F05D
S214039230040F0CBF4FF480734FF4A073110748BF9D
S21403924043F48063ADF80030930748BFBDF80030A1
S214039250684644BF43F00803ADF80030F1F7BAFAA6
S2140392600AB070BD30B5427B0D46D10704468BB0BD
S21403927007D5407801A9F1F717FBD8B12D200BB01D
S21403928030BD9307FAD5C2F3800310074FEA831362
S214039290ADF8023044BF43F48063ADF80230BDF846
S2140392A00220201D0AB10DF1020201A902F0DDFD24
S2140392B00028E3D001AB03CB9DF81430A1602373E1
S2140392C0BDF810306060590642BF627B42F004026C
S2140392D062735A0542BF627B42F0080262731B0741
S2140392E042BF637B43F0020363732B4606AC0AADAF
S2140392F0224603CAAA4218605960144603F10803BB
S214039300F6D10020BBE7F0B504460D4693B0252200
S21403931000210DF12300E1F737FE636804F1040C26
S214039320CDF83D30A36809AECDF841302B4605F1A4
S2140393301007324618685968083303C2BB421646FC
S214039340F7D105238DF82230637B5B0103F40073AA
S214039350ADF820306378FF2B1AD1002360461A46F7
S21403936001A900F0D9F99DF80530FF2B0DD1002394
S21403937001A91A46184600F0CFF99DF80530FF2BD1
S21403938003D11C26304613B0F0BD9DF8053063703C
S2140393900020617808AA00F0B4FA06460028F1D146
S2140393A0607801A900F03EFA2B4603AD2A461868FA
S2140393B05968083303C2BB421546F7D1637B60780E
S2140393C0DB0648BF9DF81C3001A944BF63F07F034A
S2140393D08DF81C3000F03DFAD4E710B504468AB089
S2140393E02422002101A8E1F7CFFD637B590744BF80
S2140393F04022ADF810201A0742BFBDF8102042F4F1
S2140394008062ADF81020DB070FD5607801A9F1F76D
S2140394104BFA10B12D200AB010BD01AB03CB637B12
S214039420606043F00203A160637304A9201D02F089
S2140394301EFD0028EED00020EDE71FB5694600F0BC
S21403944066F8002818BF2D2005B05DF804FB73B539
S2140394500D4614460646DEF76DFE6B881A071AD5C8
S21403946022463146102002F0E3FC2046DEF762FE79
S2140394706B88D90717D50023224601210DF1070073
S2140394808DF80730DFF728F96B88002B0CBF2120F7
S214039490002002B070BDDE06EAD522460821281D4C
S2140394A0DFF71AF9E1E79A0701D50223E4E75B073A
S2140394B0EAD50323E0E70F2070471FB50C4669463D
S2140394C000F025F8102221466846E2F7A9F8B0FA1C
S2140394D080F0400904B010BDB8B1B1B14388A3B958
S2140394E00378013B082B10D8DFE803F00507090BC8
S2140394F00F0F0F0F0D00DEF7F1BFDFF74BB8FFF7C7
S21403950076BEFFF700BFDFF7D9B92120704738B51D
S2140395100D4609B300B30378013B082B1AD8DFE8DE
S21403952003F0050D1013191919191600DFF70EF8B5
S2140395300446284602F099FE204638BDDFF74AF86F
S214039540F6E7FFF78FFEF3E7DFF77AF8F0E7DFF7E4
S214039550BFF9EDE72124ECE72124EDE770B586B0EB
S214039560064601A80C461546FFF73CFE04238DF875
S21403957004301CB12068616802AB03C3294601A806
S2140395808DF80560FFF7A8FF06B070BD70B586B00E
S214039590044601A80D461646FFF724FE032320685B
S2140395A061688DF8043002AB8DF8116003C3294659
S2140395B001A8FFF791FF06B070BD0022FFF7E6BFD4
S2140395C030B585B00D4669460446FFF7A0FF20B9BF
S2140395D02A4621466846FFF73AFF05B030BD30B548
S2140395E0437B044613F001020D468BB007D0407848
S2140395F001A9F1F759F970B12D200BB030BD9B07C7
S214039600FAD5ADF8022001A90DF10202043002F0EA
S2140396102CFC0028F0D000210E22A81CE1F7B4FC95
S214039620BDF810302B80039BAB60BDF81230AB81C6
S2140396309DF81430237301AB03CB6060A160002058
S214039640DBE770B5437B0446DB070E468AB003D4DC
S2140396502D2528460AB070BD6946407800F04DF9BE
S21403966005460028F4D1DDF81D300E226360DDF8D0
S21403967021300146A360637BB01C43F0020363738F
S214039680E1F782FCBDF80030069A43F0040333800A
S214039690059BB2607360DCE70B4610B504461022E8
S2140396A000211846E1F770FC2278032A09D0042A21
S2140396B00DD0022A11D101462046BDE81040DFF73F
S2140396C06DB901462046BDE81040FFF788BF014646
S2140396D02046BDE81040FFF7B4BF262010BDF8B5FE
S2140396E0074608460C4616461D46FFF77BFD042331
S2140396F02370637B314643F0010320466770637330
S214039700FFF705FF08B12D20F8BD29462046FFF7D1
S214039710C3FF0028F8D0F6E7F8B5054608460C461A
S2140397201F461646FFF75EFD0423237025B1082265
S2140397302946E018E1F77AFC637B43F00203637380
S2140397404EB932460121284600F0E4F8FF2860703F
S21403975007D12D20F8BD31462046FFF7D8FE002856
S214039760F7D1637B43F0010363730DB90020F1E780
S214039770002FFBD039462046FFF78EFFF6E7F8B5F5
S2140397800C460746084616461D46FFF72BFD0323E1
S2140397902046394600F8043B0822E1F747FC637B82
S2140397A0314643F0020320466373FFF7B0FE08B169
S2140397B02D20F8BD29462046FFF76EFF0028F8D077
S2140397C0F6E7F8B5074608460C4616461D46FFF765
S2140397D009FD03232370637B314643F001032046D0
S2140397E067706373FFF793FE08B12D20F8BD294613
S2140397F02046FFF751FF0028F8D0F6E718B180227D
S214039800012100F087B8FF207047002307B51A46EA
S21403981019460093F2F798FDB0FA80F0400903B0BA
S2140398205DF804FB0B4610B519220446FF211846C3
S214039830E1F7AAFB7E2C01468CBF04F5C43004F581
S21403984083304FF01902BDE8104088BFAD30D3F720
S2140398502FBA7E2888BF00F5C4304FF0190294BF94
S21403986000F58330AD30D3F74FBA30B589B00D4627
S214039870FFF7C4FFFF2804460DD001A9FFF7D2FF68
S2140398802868696801AB03C3204601A9FFF7E1FF17
S214039890002009B030BD2D20FBE77047704700203D
S2140398A0704770470F20704770479DF80000704759
S2140398B00F2070470F207047002070470F20704717
S2140398C0002070470020704784B08DE80F0000200A
S2140398D004B07047002070477047704700207047F9
S2140398E0704700207047704700207047012070477C
S2140398F0704700207047012070470E207047FF20F6
S21403990070470E2070470E20704700207047704740
S2140399100E207047FF20704770477047002070473F
S21403992070477047704700207047704700207047A5
S214039930002070470020704770477047002070472C
S214039940704700207047002070477047002070471C
S21403995010B50024E3B210B9C3F10303DBB201343C
S214039960042CCA544FEA1222F4D110BD10B50B785A
S2140399704C788A78C97828B91046224604460846A1
S2140399801946034642EA012043EA042343EA004019
S21403999010BD7047DFF7B6B808B5CDF725FE00282B
S2140399A014BF8620002008BD08B5CDF7EDFF0038AC
S2140399B018BF012008BD08B5CDF7A6FF003818BFAD
S2140399C0012008BD08B5CEF72BF8003818BF0120D4
S2140399D008BD08B5DFF776F9BDE80840DFF724B918
S2140399E070B504460D461646DFF76CF90420DFF71C
S2140399F00DF9324629462046FFF7DDFF04460220CE
S214039A00DFF704F9204670BD08B5DFF75BF9BDE85C
S214039A100840CDF75DBFDFF78DBCDFF76DBC08B53B
S214039A20DFF76AFC20B1BDE808400020DFF7A2BDDF
S214039A30112008BD10B5044608B1DFF77DFE2046A9
S214039A40BDE81040FCF74EBF10B50446006A10B1DF
S214039A50616AFFF7EFFF0020C4E9080010BD38B5C0
S214039A600546FFF7F1FF2B7E0446012B0ED0023B83
S214039A70012B0ED8EB69012B18BF6FF09604282232
S214039A8000212846E1F780FA204638BDEB69002B13
S214039A90F2E76FF09604F2E718220021E1F774BAB2
S214039AA070472DE9F84F9846DDE90B490D9B15469F
S214039AB09A0706460F4623D02A460A9B03EB040A58
S214039AC01444A24220D10D9B9B0705D5A2EB050AA1
S214039AD0D14505EB0A0420D82046BDE8F88F434657
S214039AE039462020B0470AF1010ACA450AEB0B02A1
S214039AF0F5D3A9EB04024C4588BF00222A44DCE7D1
S214039B00A246A5EB040BF0E702F1010B43463946E8
S214039B101AF8010DB0475A46D3E74346224639465C
S214039B202020B0470AF1010AD2E72DE9F047DDE924
S214039B300D7616F0020F9DF82880DDE90854DDE95E
S214039B400BCE1FD106F001094FB1B9F1000F06D0B5
S214039B50B8F1000F02D116F00C0F00D0013F4FF002
S214039B60300A04E0202C04D005F804A00134744520
S214039B70F8D3B9F1000F05D04FF03009A74201D949
S214039B80202C2DD116F0100F1FD016F4806F2CD179
S214039B905CB3744501D0BC4227D1B4F1010E23D087
S214039BA0BCF1100F46D1023C16F0200F28D1202C12
S214039BB028D04FF0780C05F804C00134202C21D0AF
S214039BC04FF0300C05F804C00134202C1AD0B8F13D
S214039BD0000F23D04FF02D0C05F804C0013412E01B
S214039BE005F804900134C9E77446BCF1100FDBD0C6
S214039BF0BCF1020FE2D1202C04D04FF0620CDAE75E
S214039C00202C08D12024CDE90A76CDE90854BDE8F6
S214039C10F047FFF746BF4FF0580CCCE716F0040F9B
S214039C2002D04FF02B0CD7E716F0080FEBD04FF00F
S214039C30200CD1E7BCF1020F7446C1D1DDE72DE954
S214039C40F04391B0189D1A9E1D9F0DB927F010077B
S214039C507C0500D515B317F0200F14BF4FF0410E47
S214039C604FF0610EAC4600250DF12008AEF10A0E4A
S214039C70BCFBF6F906FB19C95FFA89F4B9F1090FBB
S214039C8094BF30347444E4B2B44508F8014B05F18C
S214039C900105BCFBF6F401D3202D10D11C9C0697BE
S214039CA005941B9CCDE903649DF86440CDE90154FB
S214039CB008AC0094FFF739FF11B0BDE8F083A44663
S214039CC0D6E72DE9F04F95B0269ECDE90A23DDE9C8
S214039CD01E74DDE9229B57EA040308BF26F010062C
S214039CE07205CDE9080102D557EA040337D016F00A
S214039CF0200F14BF4123612300250DF1300AA3F181
S214039D000A0821464A465B463846E0F7D1FDD2B2FA
S214039D10092A94BF303242444F45D2B274EB0B0447
S214039D2005F101050AF8012B01D3202D14D1259B3B
S214039D3006960593249BDDE90801CDE903939DF878
S214039D408030CDE901530CAB0093DDE90A23FFF71E
S214039D50ECFE15B0BDE8F08F07460C46D1E70025AC
S214039D60E5E708B100F014B8704710B1D1E9003147
S214039D701847704738B5441E14F8015F25B90A2002
S214039D8000F006F8284638BD284600F001F8F3E749
S214039D9001460020FCF779BB70477047E8F7F8BF29
S214039DA0704708B5FCF742FBCDF71EFCBDE808403C
S214039DB0CFF72EBD704708B5CDF75EFFFAF7DCFF89
S214039DC0BDE80840DEF77EBF08B5FBF7FEFEDFF70B
S214039DD0E7FCFBF7D8FDE0F785F8E0F771F8DFF767
S214039DE0F3FFBDE80840D2F73DBF08B5D0F754FFF0
S214039DF0FBF7B8FDD0F75CFFFBF7B6FDD5F744F9E4
S214039E00D5F7EAF9D5F7F2FABDE80840D5F710BA60
S214039E1070477047DFF7FEBF08B5FCF752FFBDE893
S214039E200840FCF776BF704707B500220346114685
S214039E3001200092D4F7A2FA03B05DF804FB07B53D
S214039E4000920B46027D81898068FDF74EFD00383F
S214039E5018BF0120C00103B05DF804FB08B500205D
S214039E60DBF79AFB0020DDF72BF90020D5F766FE1B
S214039E700020D6F753F90020D6F77CFE0020D9F74A
S214039E80ABF90020D9F716FF0020DAF70BFDBDE883
S214039E9008400020DAF7F6BD08B50120FDF73CFAC6
S214039EA0BDE808400120D6F739B908B50220DBF72C
S214039EB067FC0220DAF700FE0220DDF70FFC022023
S214039EC0FFF7ABFD0220FDF792FC0220D9F7F2FE66
S214039ED0BDE808400220DBF7F3B87047FDF7A7BFDD
S214039EE070477047704770477047704770477047B2
S214039EF010B50446DAF7FEFF2046D7F74DF920469D
S214039F00D8F7A0F82046BDE81040FDF7A3BCFDF740
S214039F10BEBCFDF7C8BCDAF7CFBC704770477047C6
S214039F20704770477047704770477047704705F033
S214039F302ABB70477047DAF759BD704770477047BA
S214039F4070477047704770477047CBF7F5BFFEF70B
S214039F5048BC704700207047FEF745BCFEF74FBC71
S214039F607047431E012B03D9031F584258417047BD
S214039F700120704700F021BC4FF4D0720021E1F7B6
S214039F8003B870B50446E3F7D7F80546A8B9A16940
S214039F90F1B1238AD3B1204604F11002E2F77AFF27
S214039FA038BBE16919B3638AA3B1204604F11202F0
S214039FB000F0CAFA78B1054603E00023A3612361E3
S214039FC0E361002328466361236270BDA061E8E76E
S214039FD02082E6E7E361216A0029F2D0A28A002AFA
S214039FE0EFD02046E38ABDE8704000F06FBA618286
S214039FF0F1E76582E561DEE711B9D0F8DC1021B13F
S21403A000CB6813B18B68D88970474FF6FF707047DB
S21403A010E2F776B910B50C461146E2F797F9E3F77F
S21403A020C5FB012801D1002010BD002CF7D1052067
S21403A030FAE700F0CFB900F0E3B970B500232425A2
S21403A040D0F8DC00C4689C4201D1212070BD826830
S21403A05005FB0322D6898E4202D8128A8A4201D28F
S21403A0600133F0E70020F1E7F8B506460D46E1F7C1
S21403A070E3FBD8B94FF6FF734FF0240CEF68C1B279
S21403A0808F4208D81C4621463046E1F78BFD00F088
S21403A0909AFB2046F8BDAA680CFB0122D4899C4291
S21403A0A002D2002CEFD023460130E8E70024F0E785
S21403A0B0C08D70470A7838B505461046FFF751FF3E
S21403A0C060B14C782046FFF74CFF38B12243530764
S21403A0D004D42846BDE83840E2F784BB212038BDC7
S21403A0E010B504460878FFF73CFF58B14A78104687
S21403A0F0FFF737FF30B1042A04D02046BDE81040EE
S21403A100E2F78EBB212010BD00F0E8B8E2F7F0BE00
S21403A110084600F008BBE2F72FBA38B504460D46EA
S21403A12000F08EF850B129462046E1F73BFD30B9E2
S21403A13029462046BDE83840E2F7E6B90E2038BD8A
S21403A14070B516460C4605F078F8314605462046A7
S21403A150E5F7C8FB0446284605F06AF8204670BDB6
S21403A16000F032B970B5044600200E4600F027FB17
S21403A170D4F8F0503DB1002331462046AC46BDE846
S21403A18070401A4660472B46012231462046E2F7C6
S21403A19053FC284670BD38B5044648880D4600F083
S21403A1A00EFBD4F8F0302BB929462046BDE83840DC
S21403A1B0E2F750BB022038BD00F003BB00F03CB909
S21403A1C0E2F770B8E4F768BB70B5BDF810600546F3
S21403A1D006B16BB1334428469BB200F077F90446C8
S21403A1E020B91EB13146284600F0ABF9204670BDB3
S21403A1F02124FBE7E3F7D6BEC0F8EC100020704737
S21403A200E2F762BD00F05EB910B4BDF804400194F5
S21403A2105DF8044B00F09FB80B4610B5144618467D
S21403A220A1689288E1F740F8E168034631B1A08857
S21403A2306288121A92B21844E1F736F8002010BD6D
S21403A2400346408A18B1188A003818BF01207047A1
S21403A2500846E4F72DBC00F0ECBA00F0EABAE4F7DF
S21403A26039BE084708B5E2F765F8C0B208BD022A4A
S21403A27001D800F0E2B921207047022A01D800F085
S21403A280EDB921207047022A01D800F0F9B9212040
S21403A2907047E3F779BB0846E3F794BB00F018BAB8
S21403A2A000207047002070477047D0F8943003F0C2
S21403A2B06003402B0DD0602B03D0203B58425841FF
S21403A2C0704749B10B68012B06D9486940F0010075
S21403A2D0704740F20110704700207047F7B50446F8
S21403A2E01046D4E954C7DDE908268CEA020587EA56
S21403A2F006010540194085EA0C057940C4E9545126
S21403A300002523F4004106EA010320F0010043F48C
S21403A3100073024043F00203CDE90055E6F7ACF9BB
S21403A32094F824309A0713D5D4F854319B050FD5E7
S21403A3304FF48811204600F058FB94F82430024668
S21403A34065F3410384F8243020460B46E1F7C6FF45
S21403A350002003B0F0BDF0B587B01C461746BDF825
S21403A36030601AB90024204607B0F0BD002BF9D0A0
S21403A3700029F7D001AAE3F715FE0028F2D0BDF8AE
S21403A3800630A2199A42BDF80850C4BF9B1B9CB264
S21403A390B54212D90399AD1BADB23144A542039120
S21403A3A0ADF808500DD22A463846E0F77DFF0499EB
S21403A3B0621B7819E0F778FFD5E70499761B3144DA
S21403A3C0049122463846F5E70846E5F72BBA0220FD
S21403A3D0E4F776BD08B5D0F8E4304BB11A68022A24
S21403A3E006D993F825204AB1186AB0FBF2F008BDE7
S21403A3F04FF446624C210020E1F736FC0020F6E7D6
S21403A400D0F8E42008B57AB11368022B0CD9536A46
S21403A41013F47F4FC3F3072106D0126ADBB253430C
S21403A4208B42B3FBF1F006D2002040F67F424C216C
S21403A430E1F71AFC002008BD0346D0F83001086097
S21403A440B3F8343100208B80704790F830310C2BF2
S21403A45014BF90F82B00FF20704738B50C464FF416
S21403A46000610546E7F7ACF970B17CB195F81E318B
S21403A47073B94FF480724FF480712846E7F78CF96E
S21403A480003818BF012038BD2202F4E72246F2E75F
S21403A4900020F8E74FF48071E7F792B908B54A024F
S21403A4A04FF40071E7F778F9002008BD08B58A0273
S21403A4B04FF48061E7F770F9002008BD4FF4007190
S21403A4C0E7F77EB9062300208B717047B2F5805FED
S21403A4D0F8B50F460646154619462ED89A422CD38B
S21403A4E03F2A26D9B2FA82F40122C4F11F03DBB253
S21403A4F09A4092B2AA422CBFC4F11904C4F11A04BA
S21403A500E2B20124931DDBB29C40A4B2AC4212D04B
S21403A51096F8F5309BB9012096F8243060F3C713FC
S21403A52086F824303846E3F751FB00203762B582BD
S21403A530F8BD0022ECE70020EEE72120F8E70E2026
S21403A540F6E70846E3F762BB70B505460E461446C3
S21403A55002B313883F2B1DD9B3FA83F3C3F1190152
S21403A560C9B2062901D8192B12D0062928BF0621FD
S21403A57001238A1DD2B2934030462380E3F74EFB75
S21403A58023882846EE616B82E3F7D2FB002070BD7A
S21403A5900021EDE72120FAE710B51446084601210D
S21403A5A0E5F716F82046BDE810400121E5F710B898
S21403A5B0F8B504460E46174604F03FFE3A460546EF
S21403A5C031462046E5F7C2FA0446284604F030FE34
S21403A5D02046F8BD0220704703207047E4F768BCA6
S21403A5E010B50023E2F7E8FE044608B9E6F762FA78
S21403A5F0204610BD704770B505460E46144600F05B
S21403A600E3F831462846FFF72FFD00F0DDF8230771
S21403A61004D50B2C9CBF24F00804A4B2214628467C
S21403A620E1F78EFE00224FF400312846E7F7B4F830
S21403A630002070BD8021E7F7C3B87FB5531C05AA79
S21403A640ADF81410029202210022DBB2CDE90021FC
S21403A6501146E7F7BFF807B05DF804FB7FB5531C58
S21403A66005AAADF81410029204210222DBB2CDE94A
S21403A670002100220121E7F7ADF807B05DF804FBDF
S21403A6801FB5531C029100220821CDE900210122A7
S21403A690DBB21146E7F79EF805B05DF804FB07B595
S21403A6A091F82830009391F82B3091F8292091F8EF
S21403A6B02A10E3F72FF903B05DF804FB10B5044640
S21403A6C0E1F738FE01462046BDE81040E1F738BE04
S21403A6D0002914BF21200020704738B505461046D0
S21403A6E00C46E3F79DF9D5B1D5F8E030BBB15B690D
S21403A6F0ABB1421ED2B2FD2A13D90A68013204BF97
S21403A7006FF001020A600A68FF281A6007D16268C0
S21403A710013202D16FF00102626062685A60002063
S21403A72038BD0128F2E738B50546E5F737FA04469B
S21403A7300021A878E3F7DCF9204638BD2DE9F74F6A
S21403A74001251C469DF830300646019303681746DC
S21403A75003F0070306339D4005F1FF380B46A1B10E
S21403A760416804EA080BA5EB0B0A41F00059524571
S21403A77009EB0B0114D952461846E0F795FD4946F6
S21403A7807A1B5A445044E0F78FFD019B2BB13C449F
S21403A79048EA050804EA0804F46003B0BDE8F08F4D
S21403A7A01846F0E737B5002514460095FFF7C6FFB1
S21403A7B0204603B030BDE2F7AFBF0020704700204D
S21403A7C07047002070477047704730B5490004460D
S21403A7D0056812B102291FD90339C90395B9E1B136
S21403A7E0B1FA81F3C3F12003C3F10F00012838BF88
S21403A7F0012003F01F03D940A94201D901384908B3
S21403A800216030BDB5FA85F339B1B1FA81F29B1AEE
S21403A810002BE9DC0F20EFE700210F20F0E70128EB
S21403A82005D9023818BF4FF0FF30C0B27047012079
S21403A830704708B5E4F796FCBDE80840E4F7BABCF1
S21403A84038B50446FFF7F5FF0546FFF7F2FF431B4F
S21403A850A342FAD338BD38B50D460446E4F782FC66
S21403A86035B1844200D90139204601F0030138BDD1
S21403A870844238BF0131F7E708B50121FFF7EBFF44
S21403A880BDE80840E4F796BC0B0C23F48053B3F5FD
S21403A890284FF7B50D468FB2064699B216D04AF63C
S21403A8A00103994214D04AF60203994212D0B1F535
S21403A8B0204F14BF04240324D6F8E0300BB11968E4
S21403A8C051B9D6F8DC3093B928680EE00024F3E7D4
S21403A8D00124F1E70224EFE7234668463A46E4F705
S21403A8E0C5FCDDE90003002BEBD103B0F0BD19680E
S21403A8F00029E9D0234668463A46E4F7B7FCDDE983
S21403A9000003002BE0D1F0E702F070BD0204C0F3B1
S21403A910891307D56FEA83536FEA935313F5007FC2
S21403A92018B206D0A3F1C8006FF4FF739842B8BFFD
S21403A930184670474FF0384359699A6903F5005330
S21403A9400A405A6170470E207047E6F7A7BAE6F743
S21403A950A5BAE6F7A3BAE6F7A1BA08B50846E6F736
S21403A960C3FE08BDE6F79ABA022070470220704776
S21403A9700020704701207047002070470E20704764
S21403A98000207047E2F712BF084611460122FFF780
S21403A99041BB70B505460C4611461A46E6F756FF08
S21403A9A006682B462046B446BDE87040604710B59F
S21403A9B0E6F74CFFBDE8104083681847FFF710BE64
S21403A9C0E2F71CBEFFF7A9BBE2F726BB70B5044649
S21403A9D00D4616464FF4881100F01CF832462946F9
S21403A9E02046BDE87040E3F73BB838B505460C464D
S21403A9F004F023FCD5F890301C40D5F88C30234364
S21403AA00C5F88C3004F014FC211E18BF0121002069
S21403AA10490238BD38B504460D4604F00EFCD4F89A
S21403AA2090301D40D4F88C3023EA0505C4F88C50CA
S21403AA3004F0FEFB284638BD38B504460D464FF4F1
S21403AA408811FFF7E7FF29462046BDE83840E3F7BD
S21403AA502FB873B50D7806460C4635B304238DF828
S21403AA6004302379304601A98DF80530FFF738FB0B
S21403AA700546B8B92278A37952BB8DF80430E3793A
S21403AA80304601A98DF80530FFF714FB054648B993
S21403AA9023783BB161883046E2F7DCF80121304683
S21403AAA0FFF7DBFC284602B070BD2946FFF7D5FC4E
S21403AAB029463046FFF7F2FC29463046FFF7F6FCF8
S21403AAC02378002BCAD123798DF804306379C9E73C
S21403AAD002228DF80420D3E7FFF7E0BCFFF7EEBCB5
S21403AAE00020704710B50446E6F74AFF21460020CB
S21403AAF0E7F7A8FDBDE81040002000F03EB9704718
S21403AB000120704708B5E8F7CBFB80F00100C0B220
S21403AB1008BD4FF0FF30FFF79EBB7047002070471D
S21403AB2010B50C4604F0A4F8048010BD38B50C46E6
S21403AB30154604F09DF803881DB11C43A1B201809D
S21403AB4038BD23EA040189B2F9E708B504F090F8A2
S21403AB50008808BD08B504F08BF8C07808BD08B5B2
S21403AB6004F086F8008800F00C0008BD08B504F071
S21403AB707FF8008800F00C00031F5842584108BDB8
S21403AB8038B5054604F074F804462846FFF7EEFF8A
S21403AB9030B904F1100004F030FD00F4406038BD15
S21403ABA04FF40060FBE738B5054604F061F8044649
S21403ABB02846FFF7DBFF014648B910342046042237
S21403ABC003F096FF2044BDE8384004F016BDA08885
S21403ABD038BD10B50C4604F04BF8848010BD38B56C
S21403ABE0054604F045F804462846FFF7BFFF01462E
S21403ABF008B1201D38BD10340422204603F078FF28
S21403AC002044F7E738B5054604F032F804462846EC
S21403AC10FFF7ACFF30B904F1100004F0EEFC00F4CB
S21403AC20404038BD4FF40060FBE738B5054604F0F6
S21403AC301FF804462846FFF799FF014648B9103423
S21403AC402046062203F054FF2044BDE8384004F0B3
S21403AC50D4BCA08838BD38B5054604F009F80446C8
S21403AC602846FFF783FF014608B1201D38BD103480
S21403AC700622204603F03CFF2044F7E708B503F01E
S21403AC80F7FF007A08BD08B503F0F2FF90F9090054
S21403AC9008BD08B503F0ECFF807A08BD08B503F0DD
S21403ACA0E7FFC06808BD10B50C4603F0E1FF047269
S21403ACB010BD10B50C4603F0DBFF447210BD10B593
S21403ACC00C4603F0D5FFC46010BD2DE9F8430F46CC
S21403ACD08046002107F110001646994604F03CF81A
S21403ACE00446D0B103F0C4FF0546204603F0DCFF5C
S21403ACF0002102462846E0F747F900232046AB70BA
S21403AD0049F00401FFF70CFFA5F804802EB13A467C
S21403AD10314605F11000E0F7C7FA2046BDE8F88390
S21403AD20F8B505460F461020002104F015F8044632
S21403AD30B0B103F09DFF0646204603F0B5FF0021A1
S21403AD4002463046E0F720F9002339462046B37022
S21403AD50FFF7E6FE25B12A460121204603F0D4FF7D
S21403AD602046F8BD08B503F083FF103008BD08B5CC
S21403AD7003F09AFF1038C0B208BD0020E7F78ABB7D
S21403AD8008B5E7F7E5FD002008BD4088C0F30C00D2
S21403AD900330800840000430704770B50E46054601
S21403ADA01146304603F0D8FF044635B128B103F008
S21403ADB05FFF32462946E0F739F9204670BD008822
S21403ADC0B0FA80F04009704738B50588002204467B
S21403ADD004F07DFC05B1258038BDF8B507460D4661
S21403ADE000880021164603F07BFFB042044605D1D7
S21403ADF029463846BDE8F840FFF7E6BF002120465F
S21403AE0003F06EFFB04205D02046002103F068FF32
S21403AE100446F3E72A462046002103F075FF324630
S21403AE202846BDE8F840002103F06EBF38B5044657
S21403AE3038B1002104F045FC002301465D1C09B926
S21403AE4098B238BD204604F060FC2B460146F5E771
S21403AE50F8B5058807467DB1CCB22146284603F0EF
S21403AE603FFF8542064609D100233B800022214648
S21403AE70304603F049FF35462846F8BD214603F021
S21403AE802FFF21460246284603F03EFFEEE72DE954
S21403AE90F04707888246884614465FB3384603F071
S21403AEA003FF3D460646E4B22146284603F018FF54
S21403AEB04045814616D1214603F012FF214602463D
S21403AEC0284603F021FF474504D1454508BF002522
S21403AED0AAF8005000222146404603F015FF3046EC
S21403AEE0BDE8F0878742FAD003F0DEFE30444D46D5
S21403AEF086B2D9E73E46F2E700220123C0E90023E3
S21403AF007047F8B504460127002604F0A3F9236822
S21403AF103BB904F09AF900226368012B0ED16360F3
S21403AF20F8BD1D691F61266004F08FF9012DF2D06C
S21403AF302B462D691E61012DFAD1E6E719691A61C0
S21403AF400B46EAE7036823B94068012803D0E8F70D
S21403AF5047BA002070474FF0FF307047F8B50546F4
S21403AF6004F066FA012306460027A8602B7304F054
S21403AF7071F92B6802467BB11C692169A1420CBF9B
S21403AF802F6019612761104604F05FF9012C08D081
S21403AF90204663689847EAE76C68012C04D104F0FE
S21403AFA054F900232B73F8BD6169711AB1F1004F90
S21403AFB0F5D8216969602361E5E770470220704789
S21403AFC002207047002070470144884201D10120C7
S21403AFD0704710F8013B9342F7D0002070470821D2
S21403AFE0FDF7A6BF70B50146064692B00020E6F709
S21403AFF0F3FE044670B9FDF796FF054601466A461A
S21403B0002046E7F73DFA6A46294620468DF8026051
S21403B010E7F7ECFC204612B070BD00B593B0FDF721
S21403B02082FF6A4601460020E7F72AFA9DF90200E6
S21403B03013B05DF804FB00B593B0FDF774FF6A46E2
S21403B04001460020E7F71CFA9DF8000013B05DF8F0
S21403B05004FBE7F7D9B9012070477FB54FF6FF71B8
S21403B06001AAE8F799FC20B1BDF80C0007B05DF81B
S21403B07004FB4FF6FF70F9E708B504F085FB0038CC
S21403B08018BF012008BD08B51046E9F759FDBDE80D
S21403B0900840E9F713BE704770477047704770471C
S21403B0A070477047002100B593B06A460846E7F735
S21403B0B0E7F9BDF8060013B05DF804FB002110B5F0
S21403B0C092B004466A460846E7F7DAF900216A466C
S21403B0D00846ADF80640E7F789FC12B010BD00211C
S21403B0E000B593B06A460846E7F7CAF9BDF8040008
S21403B0F013B05DF804FB002110B592B004466A460F
S21403B1000846E7F7BDF900216A460846ADF804404D
S21403B110E7F76CFC12B010BD704773B50646E8F748
S21403B12061FF04463046EBF7DFFE22460346002166
S21403B1303046F7F7F9FC0546D0B1FFF713FE044691
S21403B140284603F095FD0023E21D121A294608201F
S21403B1500093D2B2FBF794FE0138C0B2012807D899
S21403B16001222946304602B0BDE87040E8F770BFBA
S21403B17002B070BD134610B50A4600210446F7F721
S21403B180ADFC014628B12046BDE810400222E8F790
S21403B1905FBF012010BD07B5009313460A46002182
S21403B1A0F7F716FC28B1002103B05DF804EBF5F7BA
S21403B1B0C1B9012003B05DF804FB2DE9F04F87B059
S21403B1C00C4691460746FFF7CAFC0546661C304602
S21403B1D004F013FA042D40F090803846FFF7C2FDC2
S21403B1E00378092203F00303012B14BF022303236E
S21403B1F001212046039303F07BFC09220021054628
S21403B200204603F075FC21788DF8170001390022DB
S21403B210204689B2FFF7C1FD04EB09088346F0B167
S21403B2204FF0010A2A460146CDF800A003980DF117
S21403B2301703FBF725FE0228054626D1584603F0DA
S21403B24033FD00222070C0B2431E00929BB25246CA
S21403B2505946304604F0D2FA2378534423703846CE
S21403B260FFF773FC020424D498F8013021789B0777
S21403B2701FD50139A1EB09013A464046C9B2EDF79D
S21403B2804FFC23781844207013E020B9207028461A
S21403B29007B0BDE8F08F032809D1404604F0ADF9A6
S21403B2A020F4007189B2404604F0A9F9D7E70428D0
S21403B2B0D5D10125002220462178FFF76EFD0746EB
S21403B2C00028E4D04FF000080146434601224046DA
S21403B2D0CDF80080FBF7D4FD022819D1384603F0D9
S21403B2E0E3FCC2B2013A207093B2394601223046DB
S21403B2F0CDF8008004F082FAC9E780F0800520F0DC
S21403B300800081B23046C5F3C01504F078F9D1E762
S21403B3100028BCD12070BAE708B50020FFF7F2FB7F
S21403B32080F00100C0B208BD0A4608B501460020F9
S21403B330E8F78EFEB0FA80F0400908BD0020E7F774
S21403B34089BC00210846E7F72DB90020FFF7D8BBD4
S21403B35070B5044604F051F904220021064620463F
S21403B36003F0C6FB204404F048F9032205460021F7
S21403B370204603F0BDFB204404F03FF94FF6FF736D
S21403B3800540ADB29D4214D1F30712D50622002123
S21403B390204603F0ADFB204404F02FF90446E8F7FB
S21403B3A0C9FE844214BF02240624E8F7BDFE2040EB
S21403B3B070BD2046FBF77CFFC400E4B2F5E708B592
S21403B3C0FFF7C6FF003818BF012008BD01207047ED
S21403B3D010B50446FEF7B5FA08B9FEF7B4FA030546
S21403B3E00FD40C231B2B01D1002009E020FA03F114
S21403B3F0C90703F1010206D5DBB2E31A58425841E6
S21403B40010BD0B23F9E71346ECE710B50C46098885
S21403B41019B90846F7F742FB2080012010BD08B58E
S21403B42010461A4600F0B8FABDE8084004F083B8A0
S21403B43070B504460D46164692B06A46E7F720F8FE
S21403B4406A46294620468DF81F60E7F7CFFA12B002
S21403B45070BD10B50C46E9F749FA2046BDE8104022
S21403B460E9F75AB90129F8B505460C461DD0032954
S21403B4701ED0052920D0072922D000260024002725
S21403B4800120E6F741FF304485421DDA0320E6F744
S21403B4903BFF2044854219DA0520E6F735FF38449A
S21403B4A08542B4BF07200520F8BD6FF00406E5E724
S21403B4B06FF004040526E2E700266FF00407DFE7D3
S21403B4C0002405272646DBE70120EDE70320EBE70C
S21403B4D038B5054600242046E6F716FF0134A84291
S21403B4E0E4B202D9062CF6D10724204638BD38B17B
S21403B4F04379490023F00C0301F00C010B4343711D
S21403B500704710B5044678B141794088490801F080
S21403B51006010131000AFFF7A5FF02460146204651
S21403B520FFF7E5FF104610BD0722FBE738B50D46CB
S21403B530E9F7CAF9044608B9002038BDFFF7E1FF6A
S21403B540002DFAD1237913F00703F5D0984238BFBC
S21403B5501846C0B2F1E7037923F0070319430171D4
S21403B5607047037903F00F0343EA0113037170472F
S21403B5700022E9F74DBD0021012208B5E9F748FD91
S21403B580401A18BF012008BD38B51546FFF7F0FF6F
S21403B5900446284604F00EF984B1FF2804D06268F6
S21403B5A022FA00F3DB0701D5012038BD01238340CF
S21403B5B013436360E3780133E370F5E72046F4E76B
S21403B5C0E9F790BF10B503F053FB00F110042046D3
S21403B5D004F013F820F4007189B22046BDE8104049
S21403B5E004F00DB82DE9FF411546019101218DF8B0
S21403B5F00D301B0A8DF80E309DF82C308DF80C009C
S21403B6008DF80F3028460423009103AA9DF828805E
S21403B6109DF830709DF8346001F0D8FC044670B194
S21403B6202946FFF7D6FAB8F1000F02D12046FFF7F6
S21403B630C9FF2FB146B931462046F4F77BFF0024F5
S21403B640204604B0BDE8F081002220461146E9F703
S21403B650CFFEF4E74FF47A70EAF724B8F0B506465F
S21403B66087B010461C460F461546FFF77BFB9DF832
S21403B6703030184443789CB16178012211F0020FF0
S21403B6800CBF032100210020CDE90142CDE90310C0
S21403B6900722394630460095EAF7A0F807B0F0BD12
S21403B6A022462146EFE708B5E7F7AEFEBDE80840B9
S21403B6B00020EAF7CFBA00B58BB06846E9F7CEFFAD
S21403B6C0009BBDF8060004A90693E9F76DFF0BB0CF
S21403B6D05DF804FB1FB504466846E9F7BFFF02ABF7
S21403B6E003CB2060616004B010BD1FB5062304467B
S21403B6F08DF80C30EAF73EFC00238DF80D00CDE9FB
S21403B700003301210223204603AA01F05FFC04B0A4
S21403B71010BD70B50C4605460120EBF71FFB237BD7
S21403B7204BB1FFF7BFFC014623462A46BDE87040EF
S21403B7300120EAF7CDBE4FF6FE71F5E7F8B50E46E3
S21403B7400746FFF70FFB054603F057FF00F440409C
S21403B750B0F5404F14BF0022062202F10A03EB5C49
S21403B7600B325C0004F00E045B08144403F0380349
S21403B77038461C44FFF7FBFA844208D2001BC2B2C9
S21403B7800F2A28BF0F2230462919DFF78DFD2046E2
S21403B790F8BD40F62740ECF713BA13B5F5F76CF986
S21403B7A06946044600F0E1FF58B1FFF77BFC40B161
S21403B7B0E7F71EFF28B10023022269462046F2F768
S21403B7C01BFD02B010BDFF224FF6FF71ECF744BC21
S21403B7D007B500210DF10700ECF7CCFD9DF8070037
S21403B7E003B05DF804FB13B5044601A90020ECF78B
S21403B7F0C1FD019A01462046ECF7D2FD204602B071
S21403B80010BDF0B50F46002187B00446084616461D
S21403B810ECF7B0FD012305460DF10A008DF808404C
S21403B8208DF80930FFF756FF092C1DD131460DF16F
S21403B830120003F0E4FE05AB002102AA9B1A284679
S21403B840CDE90011DBB2642101F0C0FB0546E0B18F
S21403B850092C15D1ECF7EEFD044688B12846ECF723
S21403B860FDFD204607B0F0BD31460DF113008DF8FF
S21403B87012704FF6FF7503F0C2FE0DF11503DBE7FA
S21403B880284600F02EF80446EBE70446E9E77FB5C2
S21403B8900D461646ADF80E0003F006FA841BE4B216
S21403B8A0BDF80E20631B9BB21046294600937319FE
S21403B8B001F0C0FA21460DF10E0001F093FA04B030
S21403B8C070BD38B504460D4603F091FF40B1AC4257
S21403B8D006D0204603F0ECFBBDE8384000F0DBBFA3
S21403B8E038BD10B50446FFF73DFA023003F085FE77
S21403B8F04FF6F7739842204603D9BDE81040ECF79D
S21403B9002FBFECF779FFB0FA80F0400910BD002294
S21403B910ECF74ABE70B50546FFF724FA06462846F6
S21403B92001F078FB01462846F7F76AFD04462846E9
S21403B930FFF739F94FF6F773984208D8337803F0D0
S21403B9400303012B05D1A31E5842584170BD0120A5
S21403B950FCE70020FAE741F2033330B585B00D4625
S21403B960ADF808300446FFF79DFB8DF80A00FFF795
S21403B97099FB0021000A8DF80B0005232046CDE92C
S21403B980001102AA8DF80C5001F020FB10B12146DD
S21403B990FFF7BDFF05B030BD2DE9F041044617465D
S21403B9A00D46E1B13F294FF0000600D1354620464B
S21403B9B0FFF7D5F8082814D10121204603F090F9A3
S21403B9C0064603F071F90446304603F051F93B4648
S21403B9D001462A46E0B2BDE8F041FDF75BBB01260F
S21403B9E0E5E72046FFF7BBF8024630B9BDE8F0416D
S21403B9F04FF6FF71012003F0C9BD2046FFF7C0F8DC
S21403BA00B0F5006F0ED12046FFF7CDF84FF6FF7363
S21403BA109842014617D0002D0CBF032005200022B4
S21403BA2003F0B4FD29462046E9F79AFD68B929468E
S21403BA302046EEF775FB40B9324629462046BDE858
S21403BA40F041EDF795B90120E9E7BDE8F08137B598
S21403BA504FF6F675FDF76AFA431E9BB2AB420446F1
S21403BA60F8D8E8F731FF0028F4D169462046E8F70E
S21403BA701FFA0028EED0204600F0DCFF0028E9D1AC
S21403BA802046FFF778FD0028E4D12046EEF7BCFBFE
S21403BA900028DFD1204603F0AAFE0028DAD120468C
S21403BAA0FDF75AFA0028D5D1204603B030BD73B54A
S21403BAB004460E46EEF7A8FB054688B92046EEF781
S21403BAC0FDFB21462B460D224FF6FD70009500F038
S21403BAD056F83146204602B0BDE87040EEF7B0BBDC
S21403BAE002B070BD37B5054614460C2914D8DFE8F6
S21403BAF001F02C132C13131307131313132424000E
S21403BB006946E8F7D5F918B901216846F2F756FFF2
S21403BB1041202946F8F71AF9D4B12046FFF722F94F
S21403BB20023003F06AFD4FF6F773984210D92046A9
S21403BB3003B0BDE83040EDF72BB840F6144040F6AE
S21403BB4013430B2908BF1846E3E7F6F721FBE3E7A1
S21403BB5003B030BD1FB50346084603218DF80D30EC
S21403BB608DF80C1001230021ADF80E20CDE900312D
S21403BB7003AA042301F02AFA05B05DF804FB2DE9B5
S21403BB80F34106460F4614461D469DF82080FFF7F0
S21403BB9089FAB04207D100222146384602B0BDE8F2
S21403BBA0F041FFF79FBF3A4631462046FFF7D2FFE4
S21403BBB0ADF8060060B10D2C05D100224FF6FF71DB
S21403BBC0282003F0E3FC35B9BDF80600FFF789FE2D
S21403BBD002B0BDE8F0810123424629460DF1060076
S21403BBE0E7F766FBBDF80630002BEDD1F0E7F7B5B7
S21403BBF00C460546FFF7B6F8611C06462846F7F7D7
S21403BC00FFFBA11C0746284601F027F90146044618
S21403BC103846FDF7D7F90D2F34D12046EEF7F4FA60
S21403BC2078B1301D03F0E9FC04462846F679FEF7A2
S21403BC30FCFF31460246204603B0BDE8F040FFF75E
S21403BC40A3BCB01C03F0D9FC4FF6F773984202D995
S21403BC502846ECF79DFF2046EEF730FBFFF722FA67
S21403BC60A04205D1002003B0BDE8F040EEF76ABB62
S21403BC706B46B068F16803C369462046EEF7E0FA00
S21403BC8003B0F0BD2A463946204603B0BDE8F0406F
S21403BC90FFF728BF14220021DFF776B92DE9F04F0E
S21403BCA011F00F0704460E4615468FB05CD10120EF
S21403BCB0DCF7E8FD09A8FDF795FA092309A88DF82E
S21403BCC02430FDF793FA09A8DCF7AEFD01A909A80D
S21403BCD0FDF71DFC26F00F08A84404F1100904F133
S21403BCE00F0A454511D1236901A93344236109A8E5
S21403BCF0FDF7F2FB0020DCF7C5FDB6F1005F28BFB9
S21403BD00272738460FB0BDE8F08F05AA2346964688
S21403BD109446186859680833ACE803004B456246F6
S21403BD20F6D12B46224605F1100B53F8041B5B4550
S21403BD3042F8041BF9D1714609A8FDF7CDFB09A803
S21403BD40DCF772FD224621460120DCF757FD013D54
S21403BD50631E13F8012F15F8011F534582EA0102EB
S21403BD601A70F6D15D46BCE70227CAE7F0B5174658
S21403BD7085B005460C46102200216846DFF704F915
S21403BD80BFB3C4B30F2C04F00F0608D924F00F0476
S21403BD903A4621462846FFF781FF40BB27443246F2
S21403BDA039466846DFF780FA80222F6906F11003CA
S21403BDB037446B44B7F5005F03F8102C2F61C6F1C8
S21403BDC010061AD3062E1FDDFB001A0E8DF80A2066
S21403BDD01A0C5BBA8DF80B20ADF80C306A461021AE
S21403BDE02846FFF75BFF00202B69103B2B6105B04D
S21403BDF0F0BD3E46D8E72646D6E7022E04DDFB0016
S21403BE005BBAADF80E30E9E76A4610212846FFF71D
S21403BE1045FF2B691022A3F11004002168462C610C
S21403BE20DFF7B2F8B7F5005F4FEAC403CDD2E7E712
S21403BE3070B50E46054686B001A81446FFF72AFFDE
S21403BE403246294601A8FFF791FF2246054601AB75
S21403BE5005AE1C4603CCB44210605160234602F183
S21403BE600802F6D1284606B070BDEEF709BB0A46AF
S21403BE700021EEF705BBF0B58BB00C4601A9EEF733
S21403BE80FFFA054680B325220021E01CDFF77CF885
S21403BE900123A3700E23BDF810702380FA0510D576
S21403BEA023464FF4877206AE23F8042B0DF1280CB5
S21403BEB0324603CA624518605960164603F1080302
S21403BEC0F6D13B0605D5238843F080032380069BE3
S21403BED0636001AB03CB039BC4F81D00C4F82110B9
S21403BEE0A361EFF7D9FD606128460BB0F0BD30B50E
S21403BEF005460C4687B001A8FDF774F928686968FB
S21403BF0002AB03C39DF8113043F002028DF81120F3
S21403BF1074B12288510644BF43F006038DF81130EE
S21403BF20530542BF9DF8113043F008038DF81130D6
S21403BF3001A8FDF752FAB0FA80F0400907B030BD09
S21403BF4070B58AB00D46002201A90446EEF798FAAA
S21403BF5088B1204604A9FFF7CAFF60B1BDF8106098
S21403BF60FFF7A0F838B9720601D5730503D529463D
S21403BF702046FDF793F80AB070BD2DE9F3410F464E
S21403BF800546164602F090FE4FF00008C41BE4B2C6
S21403BF90294623463A463046CDF8008003F02EFC69
S21403BFA00121284602F09CFE88B10121284602F0B2
S21403BFB097FE074602F078FE0546C3B2424630199E
S21403BFC03946CDF8008003F019FC2544ECB2204630
S21403BFD002B0BDE8F0812DE9F04F85B00C4605466A
S21403BFE091461F464FF0010ADDF838809DF83CB0B5
S21403BFF002F05AFE22463B4629460646CDF800A0E6
S21403C000484603F0FBFB5146284602F069FE3C44D3
S21403C01018B35146284602F063FEF6B2B442814690
S21403C02010DAE7B2F31BDBB2404622462946CDF8C8
S21403C03000A003935F4403F0E1FB039BBF1B9844FC
S21403C04007F0FF0B012300220E9349465B4640464A
S21403C05005B0BDE8F04F03F0D1BB5B462246294648
S21403C060CDF838A0F3E72DE9F041002686B0074661
S21403C07008460C4615469846CDE9026604968DF8A2
S21403C080146002F011FE411BCBB20D2B28BF0D230B
S21403C0902A462146009602A803F0B0FB424602A9B0
S21403C0A03846EEF767FC0646294620469DF80820E4
S21403C0B0F7F7BAF9304606B0BDE8F0812DE9F04F40
S21403C0C00E46CBB00121054617461C4602F008FE75
S21403C0D023463A462946814606A8FFF7C4FF0DF1D4
S21403C0E0280A00EB070B5246314628465FFA8BFBBD
S21403C0F0FFF743FFB34503D200204BB0BDE8F08FF4
S21403C100ABEB06085FFA88F808F104039842F3DB02
S21403C110331F18440423C4B20193A31BDBB200935A
S21403C120524643460021CDF808A006A8DCF71AFBC2
S21403C1300028E1D1A4EB0B040AEB0803E4B2524651
S21403C14028463146009301944346FFF744FF394699
S21403C1502846F7F755F9394600F0F8022846F7F768
S21403C16063F90121284602F0BBFD002818BF4D469F
S21403C1702846ADF8165002F097FD011FC9B20DF11F
S21403C180160000F02FFE0120B7E72DE9D84106463A
S21403C19000F040FF411C044689B2304600F00DFF14
S21403C1A098B394B321463046F7F72AF900F00C0308
S21403C1B0042B074629D000F00308B8F1020F00D17C
S21403C1C01BBB384600F0AFFF3B060444A4B216D5AB
S21403C1D0611C304689B200F0F0FEB0B1214630460D
S21403C1E0F7F70EF9B8F1010F014600F003030CD080
S21403C1F0032B0AD0384600F0A5FF03199CB221464C
S21403C2003046BDE8D84100F0D8BE0020BDE8D8814E
S21403C210F8B5064600F0C0FE054604463046FEF76F
S21403C220A1FD43785B0718D5AC1CA4B22146304663
S21403C23000F0C3FEB8B129463046F7F7E1F80746E3
S21403C240691C304689B2F7F7DBF81FB1874201D87D
S21403C250FF2808D104EB4704A4B221463046BDE8C4
S21403C260F84000F0AABE0020F8BD13B5044601A8A6
S21403C270EEF7D8FDBDF80430DA0710D49B0707D4D1
S21403C28010220021204602B0BDE81040DEF77CBE37
S21403C290224621461020FFF7CBFD0028F0D102B03E
S21403C2A010BD024608B5EEF7E5FD510544BF083854
S21403C2B0C0B2130544BF0838C0B208BDF0B5D307F3
S21403C2C005460C468BB04AD5008800F0A3FE002333
S21403C2D00646029314B9CDE9034403AC00220821B1
S21403C2E02046FEF771FEA8B12888FEF73BFD023014
S21403C2F003F083F921460746E7F7DAFD50B100223B
S21403C30040231146384600F01DFA40F609452846F4
S21403C3100BB0F0BD31462888F7F772F810F0030F1C
S21403C3200CBF01260026EEF7EFF846EA4000C0B23F
S21403C33000900021204602AB05AAF0F705F8054653
S21403C340EEF7E2F80028E2D0002DE0D000212046E8
S21403C350009602AB05AAEFF7F7FF0546D7E740F6C8
S21403C3600A45D4E700231A46EFF748BF30B58BB02B
S21403C37005AD04462846FCF735FF0223284601A9E7
S21403C3808DF81430FDF7C3F8234601AA144603CCF0
S21403C390AC4218605960224603F10803F6D10BB08D
S21403C3A030BD08B50023024619461846EFF726FFA8
S21403C3B0012008BD37B504466846EFF797FF0546E4
S21403C3C048B1082221466846DFF72AF9B0FA80F01A
S21403C3D0400903B030BDFF2208212046FEF7F4FDD6
S21403C3E0034628B106212846FFF7BCFF0120F0E7E5
S21403C3F022460146EFF702FFF8E707B56846EFF770
S21403C40075FF10B16846FDF700FA00F0010003B0AF
S21403C4105DF804FB0120F0F7A3BC704737B504466C
S21403C4200846FEF7DCFB0546FEF73CFE0023014606
S21403C430009322462B460120F5F7CEFF03B030BD0E
S21403C44030B50124054689B003A8FCF7CBFE01A846
S21403C4508DF80C40DCF746FA9DF806209DF8073069
S21403C460AA4209D0AB4209D103A88DF80D40DCF7E8
S21403C470DBF9012009B030BD0024F5E70020F9E719
S21403C48000221021FEF7A0BD7FB50D4600F58230D1
S21403C4900D22694600F58070D0F70AFC6B462A46E3
S21403C4A002AE1C4603CCB44210605160234602F130
S21403C4B00802F6D1206810602379137100236B738A
S21403C4C004B070BDF0B585B06A4605460B46164601
S21403C4D001F10807144618685968083303C4BB42B9
S21403C4E02246F7D118680D2220601B7905F58230A5
S21403C4F03146237100F58070D0F706FC05B0F0BD19
S21403C50038B504460D46DBF7B1FCA04205D92046F4
S21403C5102946FFF7B9FF002038BD2820FCE730B5D1
S21403C520002485B08DF80040DBF7A0FCE5B2A842F6
S21403C53004D8F2F7A7F8002005B030BD69462846B0
S21403C540FFF7C0FF0134EFE738B50446002002F0DA
S21403C5507FFDFF2805460FD002F002FE10F0010013
S21403C56009D0284602F0FCFD400840EAC17080F07E
S21403C570010000F0010038BD04F00100FBE70146AE
S21403C580F8B506460020F1F7B7FFFF2801D00120D3
S21403C590F8BDDBF75BFC00240546871CDBF75AFC7B
S21403C5A0E3B2984201D80020F2E735F82430B342CC
S21403C5B003D117F82430002BE9D10134EEE738B560
S21403C5C00D460121044602F08BFB30B101212046C3
S21403C5D002F086FB2880012038BD20462C8000F020
S21403C5E00EFE0130C0B2F7E72DE9F04788B00746E4
S21403C5F0894610460DF10A011D469046FFF7DFFFF8
S21403C6004FF0000ABDF80A6004463046CDE905AA95
S21403C610CDF81BA002F048FB031BDBB20B2B28BF95
S21403C6200B2322463146CDF800A005A803F0E6F812
S21403C63048F21F039D4243D00BD885F40043012BD9
S21403C64015D923464246494628460097FDF730F952
S21403C65033E048F23A039D42F3D1FEF723FDB84296
S21403C6602BD02246414605A8FDF757F925E09DF84D
S21403C670143013BBBDF81D40DDF81500DDF81910A6
S21403C68003AB03C3204603A9DBF712FE01222046B1
S21403C69003A9EDF78BFEA74206460ED0012103A899
S21403C6A0F2F78CF948F201039D4206D12EB93346C0
S21403C6B032463946204600F046FE08B0BDE8F0870D
S21403C6C09DF81450002DF8D12F469DF8158002349E
S21403C6D0EAB24245F1D2D200D2B22244082331460E
S21403C6E092B2009703A8CDE9037703F087F803A86F
S21403C6F0F4F7F2F902F0DCFC00F0CDF80135E7E7D9
S21403C70008B5E6F781FEBDE80840F2F795BB10B51D
S21403C7100024418084800480C280038110BD13B549
S21403C720BDF81040CDE900340023F2F7EDFC02B06B
S21403C73010BD13B5BDF8104001900094F2F7E4FC69
S21403C74002B010BD07B500930123FFF7F2FF03B055
S21403C7505DF804FB0123F2F77DBD0121F3F7EABE82
S21403C76001464FF6FF70F3F70DBE10B50C4602F008
S21403C7709FFCFF2808D0F4F797F920B103682360DD
S21403C78043680120636010BD0020FCE710B5044633
S21403C790FEF7F6F9B0F5006F204605D1FEF703FA6B
S21403C7A0BDE8104002F084BCFEF719FABDE810405D
S21403C7B003F019B808B502F07BFCFF280CD002F092
S21403C7C0CFFC10F0010309D0400840EAC17080F0A6
S21403C7D0010000F0010008BD0020FCE71846FAE758
S21403C7E01FB500F582300B2201A900F5C070D0F703
S21403C7F05FFA9DF80E0005B05DF804FB30B589B00E
S21403C80001F0010503A90446F4F770FD9DB190B944
S21403C810204602F0A5FC10F0010109D0204602F0E4
S21403C8209FFC430843EAC17383F0010303F001014D
S21403C83003A8F2F7C3F82046F5F7F0FC9DF814308A
S21403C840294600932046BDF8162003ABFCF79EFB53
S21403C85009B030BD7FB50C460546F4F70DF9A04286
S21403C86017D04FF6F7739C4213D805F5823606F5B4
S21403C870C0760B2201A93046D0F71AFA01A90B227B
S21403C8803046ADF80C40D0F73FFA21462846F4F779
S21403C89045F904B070BD10B50446DBF7EDFAA042C7
S21403C8A00FD92046F4F7E8F84FF6FF73984208D0FE
S21403C8B020460021FFF7A2FF2046BDE81040F4F70C
S21403C8C06FBD10BD10B50446FEF7ECFB0023024611
S21403C8D019462046BDE81040F4F7BCBE2DE9F041EA
S21403C8E014460F4605469846FEF73CFA06460430BD
S21403C8F002F083FE20802846FEF797F96080B3791E
S21403C900791CE372C9B22846F6F77AFDB91CA07201
S21403C910C9B22846F6F774FDFE1C2072F6B2B8F1CB
S21403C920000F18D03146284600F097FA0537FEB2B6
S21403C9303146A080284600F090FAB11CE080C9B2C8
S21403C9402846F6F75DFD6072217AA0880122BDE8CD
S21403C950F041F5F79FBB2088EAE72DE9F04186B062
S21403C96090461E4604460D46FEF79CFB4FF6F773AD
S21403C9709845074632D80523A0428DF80C304FF071
S21403C980010214BF012300234FF0000118BF8DF8E6
S21403C9900D30CDE9002114BFADF80E008DF80D3033
S21403C9A0284614BF0423022303AA00F00FFB054600
S21403C9B0A0B1A7421AD0FEF7D5F9074621460430A0
S21403C9C0803E02F01CFE2046FE7104A9FFF7CDFE52
S21403C9D040B9204604A9E6F77FFF18B9002006B041
S21403C9E0BDE8F081284604A900F07EFB41462846B0
S21403C9F0FEF78DFFF3E7037923F00303194301F0F2
S21403CA003F010171704707B50DF10701F5F7E8F926
S21403CA1003B05DF804FB08B5FFF7F5FF18B1BDE8F2
S21403CA200840F5F72DBA08BD00224FF6FF701146F1
S21403CA30F5F730BB10B50446FFF7E5FF024638B9F5
S21403CA4001462046F5F726FB003818BF012010BD27
S21403CA500120FCE7F8B5174604460E46FFF7D3FF5A
S21403CA600546386068B1037903F00303337023B9CE
S21403CA703A68137903F03F0313713B685C882046DA
S21403CA80F8BD01462046FEF751FD074628B1E8F7F4
S21403CA9029F9874201D83570F1E731462046FCF77D
S21403CAA001FF0028EBD003234FF6FF743370E6E74D
S21403CAB007B501AA0DF10301FFF7CCFF9DF803307C
S21403CAC053B9019828B1037913F0300F14BF01202E
S21403CAD0002003B05DF804FB0020FAE72DE9FF41D0
S21403CAE00646104688461546F3F7F6FF0746FEF752
S21403CAF0D9FA044648BB4FF6FF739E4225D09F42A1
S21403CB0006D00146384604B0BDE8F041EBF7B4BBA7
S21403CB1007238DF804302B680246CDF805306B6882
S21403CB20092101A8CDF80930FEF737F9024618B9EE
S21403CB30192004B0BDE8F081012341463046F0F7E2
S21403CB4005FE0028F4D02046F3E70220F1E72DE99E
S21403CB50F04390460F4606464FF0010991B00BA8E6
S21403CB6003ADFCF73FFB07AC29460BA8ADF82C90AA
S21403CB70FCF7CDFC95E80F0084E80F004B46002237
S21403CB8039463046CDE90048F0F7FCFE11B0BDE863
S21403CB90F0832DE9F04F002785B081460C467E20B2
S21403CBA039469846BDF83CB09DF844A0BDF84C50B5
S21403CBB00192ADF80E7002F0CFF80646002800F09A
S21403CBC0AA8002F055F839467E22DEF7DDF93046B4
S21403CBD002F04EF80090304602F04AF8B9F1FF0F23
S21403CBE00CBF274644F003073B0A14F44062077061
S21403CBF043705FD14FF00808C31C1846424601999C
S21403CC00DEF714FA034604F44044434484B1790639
S21403CC1006D419464FEA1B2201F802BB5A700B468C
S21403CC20B4F5004F56D0A4F5404254425441E400B4
S21403CC30224618460E99DEF7F9F9009A0346204471
S21403CC40A0EB02085FFA88F89DB14FF47C521A53A2
S21403CC50841C284602F00CF88346284602F024F883
S21403CC60C5B22A4659462046DEF71EFB6019023532
S21403CC70EDB2B9F1FF0F2FD05246109900F8019B81
S21403CC80DEF712FB08F101015AFA81F12944304616
S21403CC90E6F7A4FA0C210022FF0007F080071046EF
S21403CCA03943FEF73DF8ADF80E00E8B9002005B0AD
S21403CCB0BDE8F08FB2F5006F80F803804FEA1828BE
S21403CCC080F8048000F1050314BF4FF008084FF006
S21403CCD0020892E70224ABE708EB0A012944304630
S21403CCE0E6F77CFA0821D6E7304601F0C1FF044692
S21403CCF0304601F0D9FF0123024621460DF10E000E
S21403CD00E6F7D6FA0028D1D10121BDF84820BDF8B0
S21403CD100E0001F0F9FFBDF80E00C8E710B50C468B
S21403CD20098821B90846F5F7B9FE208008B1012025
S21403CD3010BD0220FCE72DE9F04780460F46064665
S21403CD40002402F1FF39BC4202D219F8015F25B96B
S21403CD50A6EB080080B2BDE8F0879A46A5F131023B
S21403CD60012A5AF8041B10D83246322D02F8011B4A
S21403CD7006D10134A4B2A74232D30912B21C717091
S21403CD80013453461646A4B2DDE7342D0CD10334E2
S21403CD90BC42DDDA0B0A317073700B0C090EB370EC
S21403CDA0321DF170A4B2EBE7A5F13302062A0DD8C3
S21403CDB0303DADB22B19BB42CADA2A463046013C97
S21403CDC0DEF734F915FA84F47219EBE7A5F141029C
S21403CDD0062A01D8373DECE79D8803F1080AE9E700
S21403CDE01646B5E770B5054600880C4601F05CFFAD
S21403CDF0A04228880AD201F057FF0023221A1946B8
S21403CE002846BDE8704092B2E6F752BA2146E6F7E6
S21403CE10E5F9002070BD38B5054601F029FF044644
S21403CE20284601F041FF002201462046BDE838406F
S21403CE30FDF7B3BFF8B516460C461D46BDF8187089
S21403CE4001F016FF0444304601F012FF3A4641193A
S21403CE502046BDE8F840DEF7E9B870B50C46013168
S21403CE6089B20646F6F7CCFA214605463046F6F76B
S21403CE70C7FA00EB052080B270BD1FB50123ADF8DD
S21403CE800C2000930A460223014603A802F0B6FCD0
S21403CE9005B05DF804FB0FB437B5069D0021A8B2B4
S21403CEA001F05AFF044601F0E3FE2CB1002207AB63
S21403CEB00193D1B28D4205D8204603B0BDE8304079
S21403CEC004B0704753F8041B81540132F1E773B57D
S21403CED004460D4640200021164601F03DFFADF8FE
S21403CEE0060001F0C5FEBDF8063013B9002002B0F7
S21403CEF070BD402133462A462044FFF71CFF211805
S21403CF0089B20DF10600FFF76DFF0028EED1BDF8DC
S21403CF100600ECE70EB403B503AA52F8041B01920D
S21403CF20FFF7D5FF02B05DF804EB03B070472DE9B9
S21403CF30F7430F4601218146164601F0D1FE05460A
S21403CF4058B1FFF768FF308088B9284601F0ACFE79
S21403CF5068B1192003B0BDE8F083484601F0A4FE8B
S21403CF60FF2FA0EB0704E4B214D014B934800020DA
S21403CF70F0E72A4621462846FDF70FFF804600289D
S21403CF80E7D03B464A4629460094FFF753FFA6F8E8
S21403CF900080ECE70120DDE708B5FDF7E3FE437804
S21403CFA003F001001A074CBF10300830DB0644BFFD
S21403CFB00830C0B21030C0B208BD10B50C4601F040
S21403CFC073FEA04234BF0020012010BD7FB5144677
S21403CFD00091024641F2092141F609209DF820609E
S21403CFE01D46002E18BF0146099B0020F6F730FAAF
S21403CFF0ADF80E0010B9002004B070BD01232A4618
S21403D00021460DF10E00E6F753F90028F3D1BDF8DB
S21403D0100E00F1E738B50546FFF7BEFF044628467F
S21403D02001F042FE631C9BB283420FD82846FDF7ED
S21403D03099FE43785B0707D521462846F6F7E0F9BD
S21403D040013004EB4004E4B2204638BD0024FBE77D
S21403D0501FB5ADF80E0001F027FE0446BDF80E001E
S21403D060FFF7D8FF00F10E03DBB2BDF80E20014632
S21403D070E01A80B200901046FFF7DCFEA4F10E0122
S21403D08089B20DF10E00FFF7ADFE04B010BD427875
S21403D090034612F0080006D0D20702D403F10800B4
S21403D0A0704703F10900704737B505460C46FDF790
S21403D0B059FE437813F0100212D09CB103F001021C
S21403D0C01B074FF000032946009320464FF0080342
S21403D0D054BF1832203202F091FB012003B030BD5A
S21403D0E01046FBE72046F9E773B505460C46FDF701
S21403D0F039FE437813F0100211D094B1012603F0E1
S21403D10001021B0729464FF00803204654BF183276
S21403D1102032009602F072FB304602B070BD104615
S21403D120FBE72046F9E700F00303012B08D0C3060C
S21403D13006D400F00C000C2814BF08200920704702
S21403D14002207047034611F0030005D003F00303E3
S21403D150022B14BF022003207047F8B50C46064680
S21403D16001F0A2FD631C834202D900252846F8BDC0
S21403D17021463046F6F744F90746FFF7D4FF3B0649
S21403D1800546F3D50444304601F08EFDA4B2631C75
S21403D1909BB28342E9D821463046F6F731F9014679
S21403D1A03846FFF7CFFF2844C5B2DFE770B506461B
S21403D1B00D46FFF7D2FF044610B90024204670BD83
S21403D1C029463046F6F71CF98206F7D5304601F0B5
S21403D1D06BFD2544ADB26B1C9BB28342EDD829464A
S21403D1E03046F6F70DF900F01803082B14BF053484
S21403D1F00634E4B2830644BF0834E4B2DEE738B547
S21403D2000546FFF707FF044608B9002038BD014668
S21403D2102846FFF7CBFF0028F7D02044C0B2F5E737
S21403D2202DE9F04387B005460C46FDF79BFD804687
S21403D23002F0E3F907462846FFF7ECFE06460146EA
S21403D2402846FFF78AFF0022034600922946324605
S21403D25002A802F0D3FA9DF8086006F00C030C2B24
S21403D26006F003090BD0B9F1010F59D0F10657D4D4
S21403D2709DF809300DF10A050020637107E0FF23CE
S21403D2800DF10900637102F0B8F90DF10B05208169
S21403D29098F80130DA0704D508F1020002F0ADF978
S21403D2A02081B9F1010F5FFA89F83DD0F3063BD42C
S21403D2B0284602F0A2F96080A81C02F09EF9053504
S21403D2C015F8013C208023712B78B006A37206F074
S21403D2D0400348BF43F02003390627D543F40073C1
S21403D2E0F80448BF43F48063390548BF43F400633A
S21403D2F03206E38011D56A7812F003020DD06FEA86
S21403D30043436FEA5343A978B8F1020FE3800B4611
S21403D31011D1EB7841EA0321218107B0BDE8F08300
S21403D320FF230DF10905A7E7FF23CCE77A0648BFDD
S21403D33043F48073D4E7012A04BF0B029BB2238114
S21403D340EBE7F6F761BD0BB1F6F7CABD0AB9F6F718
S21403D35043BEFF21F6F76CBD431C08BF0020DFF772
S21403D360C9B80000034B5868C0F30800003818BF5C
S21403D3700120704700ED00E0014B1868704700BFBE
S21403D38048690020084B1B6F03F00703022B04D0E9
S21403D390032B05D0012B05D0FEE7044B1868704716
S21403D3A0034BFBE7034870470080005048690020A2
S21403D3B050690020002D310108B5FFF7E3FF054B48
S21403D3C01B6FC3F301330133B0FBF3F0024B18605A
S21403D3D008BD00BF00800050446900200048704725
S21403D3E000B4C40400487047002D3101014B18688F
S21403D3F0704700BF50690020174A9368C3F304437D
S21403D4000C2B0AD8DFE803F00B09090909090721E1
S21403D41019091B1D1F0011487047002070479368A9
S21403D42003F04073B3F1807F11D0B3F1007F10D0C7
S21403D430002B0B4818BF002070470A4870470A485D
S21403D44070470A4870470A4870470A4870470A48B0
S21403D45070470A48704700BF0040015A405DC60047
S21403D46000093D00C0EA210180BA8C010048E801AA
S21403D470005A62020024F40080841E0040420F001B
S21403D480014B1868704700BF4C69002007B500F0D1
S21403D49065FC6A4600F0C2FC18B14721034801F058
S21403D4A0CEFFDDE9000103B05DF804FBB7FF030020
S21403D4B00229F8B596BF104B00245C5C012805468C
S21403D4C00E4608D0022809D008B944F002040B4BD4
S21403D4D01F6837B9F8BD44F00804F8E744F02004A1
S21403D4E0F5E77B681A68144203D0314628465B6822
S21403D4F098473F68EDE700BF229704003C3E0020B4
S21403D50038B5104D2B78ABB10F4C23781BB100F018
S21403D51031FA00232370002001F0A4FF0B4C50B116
S21403D52000F07AFA0023012120782B70FFF7C0FF62
S21403D5300123237038BD0122054B1A702278054B50
S21403D5401A70F7E7365F0020345F00203B5F002049
S21403D550375F0020385F00200E490B78FF2B01D180
S21403D56098B170470BB990B97047002814BF0122D1
S21403D570FF2213440B7060B1074B1B78012B08D9AD
S21403D580064B1B782BB9FFF7BBBF1A46F1E7012200
S21403D590EFE770473A5F00203B5F0020375F0020CD
S21403D5A010B501F04AFE064B04461B781BB1BDE8D6
S21403D5B0104001F03DBEFFF7A3FF2046F7E700BF8C
S21403D5C0335F002002282DE9F04147D0294803782D
S21403D5D0FF2B41D1002941D11A461344DBB2037015
S21403D5E000293BD0244E3278012A37D9002B3ED06F
S21403D5F001F023FE214F04463B780BB3204D2B78D6
S21403D6001BB901222A701F4A1370DFF87C8098F832
S21403D610003023B100F0AEF9002388F8003020462E
S21403D62001F006FE012001F01DFF01F006FE2B7837
S21403D63004461BB100F0F0F900232B7000233B7067
S21403D640204601F0F5FD01243078A04206D021469D
S21403D650FFF72EFF347001E013B931B9BDE8F0814E
S21403D660002914BF0122FF22B7E70122B5E70224EF
S21403D670EAE700BF3A5F00203B5F0020365F0020EA
S21403D680335F0020375F0020345F00202DE9F0432E
S21403D69085B0EFF3108572B6AFF3008001F0B7FFE5
S21403D6A0002800F09280624E624F337823B1002048
S21403D6B0FFF752FF00233370387878B903A900F0D8
S21403D6C01DFB044650B95C4B039A1B689A4200F252
S21403D6D084800120FFF740FF012333703B78002B43
S21403D6E040F09980554B1B78002B00F091804FF04B
S21403D6F00208534CDFF868912078404507D099F824
S21403D700003013B94146FFF7D3FE84F80080B8F122
S21403D710020F0FD1DFF8248198F8003053B9494B34
S21403D7201B7823B900F020F90122474B1A70012316
S21403D73088F80030207800F0F7F899F8003013B135
S21403D740424B1B782370AFF30080284601F085FE1A
S21403D750EFF3108572B63E4B1A7852B100221A7058
S21403D7603A4B20781B78984203D101212170FFF7AA
S21403D7709FFE384800F082FA01F05DFF80460028DD
S21403D78093D12E4F3B789BB189F80000DFF8B89011
S21403D79099F800301BB100F0EDF889F800800020FE
S21403D7A001F060FE002839D000F036F900233B7004
S21403D7B0337823B10020FFF7CFFE00233370002118
S21403D7C02078FFF775FE00232370AFF3008028460A
S21403D7D005B0BDE8F04301F040BE1F4BD3F8008010
S21403D7E000F048F9039B80449845BFF472AF00F0FD
S21403D7F03BF98200039942F0020292B2CDE900425D
S21403D8002346164AA1EB0801124801F02DFE65E7F0
S21403D81000F09CF86BE74FF001086AE7012000F080
S21403D82083F8284601F019FEEFF3108572B6B6E7C3
S21403D830355F00203A5F0020443E0020365F00201C
S21403D8403B5F0020395F0020345F0020385F0020F4
S21403D850315F0020483E0020403E0020A1D5030053
S21403D860375F002010B501F0E8FC0022054B1C785A
S21403D8701A7001F0DDFC00F005FBE4B22043C0B2F1
S21403D88010BD00BF325F002038B501F0D6FC094B4F
S21403D89005461B78012B04D801F0CAFC0024204659
S21403D8A038BD054B1C6800F0E5F80444284601F033
S21403D8B0BFFCF4E73B5F0020403E00201549164AB4
S21403D8C00B6F10B503F007031360144A144C9269E8
S21403D8D0032B02F00200C2F34002227017D0D1F8E5
S21403D8E0203103F00703022B11D0D1F8803203F066
S21403D8F001030C4A137048B143B9064BD3F8003101
S21403D90003F00303591E4B424B41137010BD012312
S21403D910EFE700BF00800050A43E002000C0015087
S21403D920405F0020415F0020012805D0023801280F
S21403D93008D80020CCF7C6BC034A136923F00403B7
S21403D940136130BF704700BF00ED00E0044B054A8B
S21403D950D3F8203103F007031360F7F712BF00BFB5
S21403D96000800050AC3E00200122014B1A70704725
S21403D9703F5F0020F8B51F4B1B78002B39D01E4C99
S21403D9802378B3B91D4B9A6DD10302D5DA6D92078E
S21403D9902FD49B6DDB072CD401F0A9FD184B194A35
S21403D9A01860136F23F0070343F003031367FFF7AF
S21403D9B003FD01F09CFD124B134D1B68134EC01A5A
S21403D9C02B78134F56F8232046F82300111A3A688B
S21403D9D01048521A0A213A600932B2FBF1F20133B7
S21403D9E0DBB20260B3FBF1F201FB12332B700023B0
S21403D9F02370F8BD415F00203E5F002000C000504A
S21403DA009C3E0020008000503D5F0020743E0020B6
S21403DA10703E00206C3E002008B5F7F7B3FE0D4AB3
S21403DA200D49136F096823F007030B4313670B496C
S21403DA30D2F82031096823F007030B43C2F82031DC
S21403DA40074B1B7813B10122064B9A62BDE80840C8
S21403DA50FFF7B2BC00800050A43E0020AC3E00207E
S21403DA60415F002000E00050014B1878704700BF6C
S21403DA70415F0020054B187818B1054B186800EB7A
S21403DA80D000044B1B681844704700BF415F00205A
S21403DA906C3E0020A03E002008B50D4B1A7892B1CC
S21403DAA000221A700B4A136F23F0070343F0010397
S21403DAB01367D2F8203123F0070343F00403C2F8B8
S21403DAC02031FFF779FC0122034B5A6708BD00BFDC
S21403DAD03F5F00200080005000E000500D490B68B7
S21403DAE0A0B10022A3B1834203D1836822B90B609D
S21403DAF003E01A469B68F5E7936083680BB900203A
S21403DB0070475A6941690A445A61F8E72220704708
S21403DB1002207047B83E002010B501F004FD0A4C01
S21403DB200A4B19682368C31A09B9206010BD002B75
S21403DB30FBD04A699A423ABF9B1A0022D21A4A611C
S21403DB4028BF00238968EFE7B43E0020B83E0020D4
S21403DB5038B5154D2B682BB35B69B3B1134A022056
S21403DB6014681C4400F088FA204600F047FA0022A6
S21403DB700F492B680A70012A05D823B1D888800775
S21403DB800AD501230B70002038BD022000F074FA7A
S21403DB90022000F093FAEAE79B68002BF3D058695B
S21403DBA00244E8E72220EFE7B83E0020B43E002018
S21403DBB0435F0020C38870B504460D463BB9FFF7A4
S21403DBC063FE8542064602D2F8F757FF35460E4AED
S21403DBD0656113689BB91460A3600FE02D1A9868FB
S21403DBE019466561034618B15869A842F6D941B18A
S21403DBF08C60A36013B15A69521B5A6170BD002131
S21403DC00F2E71460F5E700BFB83E002070B516468D
S21403DC109DF81420C0E903360271049ABDF8183043
S21403DC200260002204460D468260C38006BB01F0F4
S21403DC307AFC2844A0613DB9E368656113B12046C8
S21403DC402168984796B1354601F0F7FA0646FFF77E
S21403DC5063FF29462046FFF7ADFF074B1B68A34229
S21403DC6001D1FFF775FF304601F0E2FA002070BDE0
S21403DC7001F059FC3044DDE7B83E0020F8B5054610
S21403DC80D0B101F0DAFA0646FFF746FF0B4B2846FB
S21403DC901F68FFF723FF044620B1304601F0C8FA99
S21403DCA02046F8BDAF42F8D1FFF752FF2228F4D141
S21403DCB0022000F0EDF9F0E72224F1E7B83E002059
S21403DCC038B50C460546A8B1A1B100230B7001F088
S21403DCD0C1FA0121084B1B6833B901F0B6FA0020DC
S21403DCE038BD9D4204D121702278002AF9D0F4E78A
S21403DCF09B68F1E72220F3E7B83E0020F8B5064616
S21403DD000F4601F0A7FA00250446124B1B6823B9F9
S21403DD10204601F09AFA1B2011E05A691544DA8866
S21403DD20B2420DD101F0FFFB0B4E3368C01AA84276
S21403DD300AD3002320463B6001F087FA0020F8BD93
S21403DD40FF2EEFD09B68E2E701F0EDFB33682B4430
S21403DD501B1AEFE7B83E0020B43E002070B501F072
S21403DD6079FA064601F0DFFB084B044601201D68DE
S21403DD7001F0C9FB18B101F0D6FB04460135304665
S21403DD8001F063FA2046294670BD00BFC03E00205E
S21403DD90014B1868704700BFBC3E0020F8B50C4B1B
S21403DDA005461B680E4683420FD3002440F2E73035
S21403DDB02146084B4FF47A721F680023E5FB0701E0
S21403DDC0DCF776FD30602046F8BD2120FCE700BF77
S21403DDD0B03E0020BC3E00200F4B10B51A689AB127
S21403DDE04FF47A71531E1342A0FB01010ED1B2FA0F
S21403DDF082F2C2F11F04531CD243E04001FA03F33C
S21403DE00184321FA02F20243104610BD0023DCF742
S21403DE104FFD0246F8E700BFBC3E002038B5164B60
S21403DE2014468342154B8B4123D3154B1A6802B312
S21403DE304FF47A75A0FB050305FB0131531E13420D
S21403DE4011D1B2FA82F3C3F11F055A1CDB4301FA60
S21403DE5002F2E84021FA03F310431843E940C4E909
S21403DE600001002038BD0023DCF722FDC4E90001D1
S21403DE70F7E72120F6E700BFEFA7C64B3789410037
S21403DE80BC3E002010B501F0E5F9034B1C7801F009
S21403DE90DCF9E4B2204610BD425F002008B5084B0B
S21403DEA01B7803F0FF004BB101F021FB054B1B6809
S21403DEB09B69C01A02288CBF0020012008BD00BF42
S21403DEC0435F0020B83E0020C2072DE9F84304460E
S21403DED007D5474A136801331360FFF71DFEFFF7A4
S21403DEE037FEA30740F1818001F0B4F94FF0000834
S21403DEF005464646FFF710FE3E4F3C680CB1636985
S21403DF00A3B100223C4B012E1A7003D118F0020F66
S21403DF1018BF1E70FFF71CFE222802D1022000F055
S21403DF20B7F82846BDE8F84301F08FB923465A6987
S21403DF303AB91A792179914288BF1C469B68002B0F
S21403DF40F5D1284601F081F9D4F81080B8F1000F16
S21403DF503FD001F0E8FAA269851AEB17454573F13D
S21403DF60000337DB23691344A36101232269CAB183
S21403DF70C3B9A38BB8EB050833B1E28B13449BB24A
S21403DF80B3F57A7F1CD2E38301F064F90546414674
S21403DF902046FFF70FFEA369226928461344A361B0
S21403DFA001F053F9E36813B1204621689847B4F8A3
S21403DFB0068001F04FF901360546FFF7ADFD9CE7F5
S21403DFC0A3F57A73E383A36918F1FF38013BA361D2
S21403DFD0DAE7454601F03EF981462046FFF77EFD27
S21403DFE0484601F032F90023C0E7BDE8F88300BFD6
S21403DFF0C03E0020B83E0020425F002010B5044615
S21403E00001F01BF94FF0B042936A1907FCD4136A68
S21403E010116C5269120704D4CA1A032A01D899420A
S21403E0200ED1E21A022A98BFDC1CB4F1FF3F38BFB8
S21403E030013C4FF0B04308221C6403F580539A61F9
S21403E04001F0F6F8054A13783BB14FF0B041CB6BBD
S21403E05043F00203CB630023137010BDEC6E002065
S21403E06007B5044B01A9187901F08DF9019803B09F
S21403E0705DF804FB6095040000F001038207034A81
S21403E08048BF43F008039361704700BF0010005871
S21403E090820700F001030AD50121064A43F008036C
S21403E0A011704FF0B041CA6B22F00302CA63024AF2
S21403E0B093617047EC6E002000200058830742BF30
S21403E0C00822014B5A6170470010005873B502AB23
S21403E0D0164603E90600044600F052FF05462046AE
S21403E0E000F05EFF9DF800208DB1202C33780ED80B
S21403E0F0012B2ED84FF6FF752D4803EB431323440D
S21403E10030F81310A94202D0013120F81310294B1E
S21403E110294E33F8141036F81400814232D34FF6E2
S21403E120FF75A9424FF0010502D0013123F8141000
S21403E13004F0FD01092927D1998AB68A0A44B24216
S21403E140B4BF9A829E8233F81430834227D202B039
S21403E15070BD022BDBD14FF6FF704FF6FF75144BE5
S21403E16033F81410814218BF013104F1210018BF9F
S21403E17023F8141033F81010A9421CBF013123F8FA
S21403E1801010C4E70025D0E71D2CDCD1598F8E185C
S21403E190864203DA01390A445A87D4E75887002DA2
S21403E1A0D5D1204602B0BDE8704001F0D7B900BF14
S21403E1B0545900202C5A0020D859002038B50D4653
S21403E1C0044601F047F8064A13889BB22DB1234351
S21403E1D01380BDE8384001F038B823EA0403F7E7B4
S21403E1E01A5E00200022034B01214FF480701A7040
S21403E1F0FFF7E4BF7165002008B5054B1868FCF708
S21403E200C1FB00F00300C31E5842584108BD00BFBF
S21403E2104056002038B5044601F03EFA0C4B05463E
S21403E2201978187981420FD0631E082B0CD8DFE8C3
S21403E23003F0050D0B0D0B0D0D0D0D000022014611
S21403E240044B1868FCF79CFB284638BD0022F7E70A
S21403E2501A6F00204056002038B54FF0FF300C46AA
S21403E260FFF77AF80A4B05461868FFF775F8641B3C
S21403E270241A20B210F1630F06DB10F1240F05DA1F
S21403E28064308000C0B238BD0020FCE7FF20FAE708
S21403E2904056002008B5134B1B78062B04D040F6D7
S21403E2A02101114801F0CBF8104B1B881B0704D43F
S21403E2B040F622010C4801F0C2F80D4B2A201978CB
S21403E2C0FFF7A8FF00210820FFF778FF0222094B7B
S21403E2D01A70094B1868E3F703FBBDE8084001F022
S21403E2E02AB900BF71650020C59104001A5E00209C
S21403E2F06E6500204F6F00204056002010B50E4C70
S21403E300236823B940F6A3410C4801F098F8206827
S21403E310013001F072F900F0070003280AD12468DF
S21403E32009220121204600F0E3FB205C031F58422C
S21403E330584110BD0020FCE730560020C59104006C
S21403E34038B50C4640B100210420FFF737FF01F033
S21403E350F2F8012C1DD038BD244B1B889B07F6D53D
S21403E3600129234A2FD1117869B30139C9B2117033
S21403E37011B92020FFF722FF00210220FFF71EFF1E
S21403E38004221C4B00211C481A7000F05DFD01F0AE
S21403E390D2F81A4C2068013001F02FF900F44060DF
S21403E3A0B0F5006F1FD1246801210422204600F037
S21403E3B09FFB204401F021F90146BDE838400022C6
S21403E3C0202001F0E3B800210D4D02201170FFF765
S21403E3D0F5FE2B78FF2B04D040F29961094801F033
S21403E3E02EF82C70B3E74FF6FF71E6E71A5E0020AF
S21403E3F07065002071650020506C002030560020A8
S21403E400506F0020C591040038B5134C0546238889
S21403E410580709D5FFF7F0FE01460720FFF7FAFE77
S21403E420FF210120FFF78CFF238899070BD50B4BA1
S21403E430284619788A1F51425141FFF7EBFE012106
S21403E4400020FFF77DFF23881B0703D5BDE8384070
S21403E450FFF720BF38BD00BF1A5E0020716500209D
S21403E460F7B5124CD4E9006586EA020C85EA030781
S21403E4700CEA000C0F405CEA070E15D086EA0C0681
S21403E4807D40C4E90065CDE900230B4608490246F2
S21403E4900868FBF739FE38B14FF4FD71054803B041
S21403E4A0BDE8F04000F0CBBF03B0F0BD501600202F
S21403E4B040560020C591040008B50A4B1B88DB06AE
S21403E4C004D440F64701084800F0B9FF00211020A5
S21403E4D0FFF774FE002000F06BFBBDE8084001F078
S21403E4E02AB800BF1A5E0020C59104002DE9F04F3C
S21403E4F05706804614461D4691B005D5FFF77CFEA9
S21403E50001460120FFF786FEEE0403D500212D20E9
S21403E510FFF780FEA00224D54046FCF7DFFA01464B
S21403E520F8B94020FFF74AFE40460AA9FBF7B3FEB8
S21403E530B8B99DF83030022B40F0D980BDF82800DA
S21403E54000F0B6FDFF2808D14046FBF7A2FE40B90F
S21403E55001214020FFF732FE03E000F0C3FD002850
S21403E560F2D1A10305D5FFF747FE01460320FFF7C7
S21403E57051FEE20104F0807640F1C080854B1B8893
S21403E5809B072DD5844E3068FBF71AFE40BB834BA2
S21403E590834F18703B78FF2B04D040F257618148B5
S21403E5A000F04DFF4FF0000900210220FFF706FEA2
S21403E5B087F800907C4F3B78062B07D10121082073
S21403E5C0FFF7FCFD49462820FFF724FE3B78052B82
S21403E5D006D100212B20FFF71DFE3068E3F780F9F4
S21403E5E000F0A9FF220717D56B4F0321386805AA49
S21403E5F0FBF700FE064620B940F2C961694800F001
S21403E6001EFF9DF81430072B00F0D080FFF7F4FDB3
S21403E61001460420FFF7FEFDE10505D5FFF7ECFDF7
S21403E62001460420FFF7F6FD14F4863F05D0FFF7F6
S21403E630E3FD01460220FFF7EDFDA20113D5FFF728
S21403E640DBFD01460820FFF7E5FD00210420FFF768
S21403E650B5FD554B1B78012B03D14F4B1868E3F7D9
S21403E6603FF900F068FF14F0084F09D0FFF7C4FD28
S21403E67001460720FFF7CEFDFF210120FFF760FECE
S21403E680A30009D5FFF7B8FD01460620FFF7C2FD34
S21403E690FF210120FFF754FEA70705D53D4B1B8836
S21403E6A01E0701D5FFF7F6FD6C0603D500210A20E9
S21403E6B0FFF7B0FD280602D50120FCF720FAE9058E
S21403E6C040F1858140460AAA05A9FCF757F99DF84B
S21403E6D01430222B00F06D8100F28281152B40F25C
S21403E6E06A8140F60A112F4800F0A9FE6FE1032B5A
S21403E6F07FF437AF0AA801F06AF830E705F002079F
S21403E70056EA07030DD0284B26201978A1F1060EEA
S21403E710DEF1000141EB0E01FFF77CFD01213046DF
S21403E72011E004F0805656EA07030FD01E4B26204E
S21403E7301978A1F1060CDCF1000141EB0C01FFF79F
S21403E74069FD02213846FFF7FBFD4BE704F08841DD
S21403E75051EA060309D0144B272019788F1F7942F4
S21403E7607941FFF757FD0221D9E705F008030B436C
S21403E77002D02320FFF74EFD680703D5002124208F
S21403E780FFF748FDE9077FF52DAF00212520FFF7AA
S21403E79041FD27E71A5E00204056002070650020E2
S21403E7A0506F0020C591040071650020314638681B
S21403E7B00AAAFBF725FD20B14FF4DA619E4800F064
S21403E7C03EFEBDF81630386802330AA9ADF82C3081
S21403E7D0FBF718FD20B140F2DF61974800F02FFEEB
S21403E7E00023009331460423386804AAFBF70CFD84
S21403E7F0042804D040F2E4618F4800F020FEDFF8DE
S21403E800589299F80030C3BB0DF1110000F0F5FEE5
S21403E81000F00700022830D1FFF7EEFC014609207E
S21403E820FFF7F8FC854B1B78062B23D1844B9DF80A
S21403E83013201B789A421DD19DF8353023B940F238
S21403E840FA617D4800F0FBFD0DF1110000F0D5FEE6
S21403E850C0F3001631462920FFF7DCFC0021082010
S21403E860FFF7ACFC774B1E70FFF748FD10B938680E
S21403E870E3F736F800F05FFECEE6BDF8160001219A
S21403E880083080B200F068FA039030B9FFF7B4FCA2
S21403E89001460420FFF7BEFCECE700F0E9F905AA01
S21403E8A0014606463868FBF7B7FC99F800A0BAF1AC
S21403E8B0000F22D106F1010B584600F09EFE830698
S21403E8C05AD53868FCF70AF90746FFF795FC05376B
S21403E8D00146F8B2FFF79EFC584600F08EFE00F0A5
S21403E8E007000328584F2DD001210420FFF766FCAC
S21403E8F04FF0FF30FBF7AFFC386000225349BDF8FA
S21403E90016300978F718F1549DF83630BB709DF829
S21403E9103730FB700A9B190E3971190C7971FB712C
S21403E920190A99F80030B97123B9737892B343F092
S21403E93020037370002000F069F97870039800F0E4
S21403E94071FA97E701210922304600F0D1F8305CCE
S21403E95001210428C9D1FFF731FC4FF0FF30FBF744
S21403E9607AFC3B4B38601B885806C6D55146402078
S21403E970FFF724FC0122C1E7FFF73EFC014609200E
S21403E980FFF748FC2D4B1B78012BB6D13868E2F70E
S21403E990A7FFB2E723F02003CBE701227E33DBB2E7
S21403E9A002FA03F313F00A1F31D113F0011F3FF4E9
S21403E9B098AE27202CE0012202FA03F3254A1A40D8
S21403E9C02ABB13F0041FF4D1DA077FF58AAEAB0532
S21403E9D02FD50121802011B0BDE8F04FFFF7EEBB25
S21403E9E0652B1AD8622B12D8452B0CD8422B0ED87F
S21403E9F0352B06D8322B0AD8252B08D9322BD8D05C
S21403EA006FE6422BFBE7552B05D8522BF7D926206A
S21403EA10FFF7FAFCDBE7622BF1E7952B3FF661AED7
S21403EA20812BBAD8722BC4D0733B022B3FF659AE58
S21403EA30EDE711B0BDE8F08FC591040071650020C5
S21403EA406D6500204F6F00202C560020516F00206C
S21403EA501A5E00203A00380074650020024B1878CE
S21403EA60B0FA80F0400970477165002008B5064B80
S21403EA704FF0FF311868FBF7A7FF0028B8BF033035
S21403EA8040F3870008BD00BF4056002008B5074B7B
S21403EA901868FBF7CEFA30B1054BB3FBF0F083B240
S21403EAA00BB1184608BD0120FCE700BF4056002006
S21403EAB040420F0038B510200C460121FFF77EFBBD
S21403EAC0064B1D68FFF7E2FF012200FB04F1044B2F
S21403EAD02846FBF75EFF002038BD00BF40560020E7
S21403EAE0B9E40300014800F0AABC00BFDF910400AC
S21403EAF0032A70B5144602D82C4B985C70BD81F07F
S21403EB00010519B90D2A07D1FF20F7E70D2A03D10E
S21403EB1000780538C0B2F1E7084400F06EFDC5F191
S21403EB20040110F440660246C9B209D1042C084613
S21403EB30E4D0052C16D112F0400F18BF0846DDE7C7
S21403EB40C5F10603042CD8B2D8D0B6F5006F03D1AE
S21403EB50C5F10805E8B2ECE7B6F5406FE9D1C5F1B3
S21403EB600E05F7E712F4404107D1062CC6D0072C52
S21403EB70C4D0082C13D10130CCE755065CBF831CE8
S21403EB80D8B2062CBAD0B1F5004F02D1831CD8B246
S21403EB90EDE7B1F5404FEAD100F10803F7E71307B5
S21403EBA044BF0530C0B20C2CA8D9ADE74CDD040039
S21403EBB0AC2370B5094C054603FB00435E6D26B9CE
S21403EBC040F2FD31064800F03AFCAC2303FB054453
S21403EBD0002363653346BDE870401847445600205B
S21403EBE01C92040010B40C461146AC22064B02FBE2
S21403EBF00033586D20B95C655DF8044BFFF75ABFC8
S21403EC0002205DF8044B704744560020AC22034BA9
S21403EC1002FB003393F8A800704700BF4456002059
S21403EC2028B1034B1B68C01A4010013080B27047EE
S21403EC300457002030B1044B00F100401B68013834
S21403EC4003EB4000704700BF04570020064B1B68C9
S21403EC50834206D8054B1B68834294BF00200120DD
S21403EC6070470020704700BF04570020005700205D
S21403EC7010B5044608B9002010BD00F01BFD20B9EE
S21403EC8040F2CD41074800F0DAFB2046FFF7D2FFFB
S21403EC900028F0D00388DB0B14BFD0F80A00083036
S21403ECA0EAE700BFF391040010B508B9002010BDD1
S21403ECB0FFF7C0FF044600F0F4FC20B94FF49D6153
S21403ECC0064800F0BCFB002CF0D02388DB0B0ABF01
S21403ECD060882089C0F30C00E9E700BFF3910400C5
S21403ECE038B5FFF7A7FF0D46044650B100F0D9FC30
S21403ECF020B940F24151034800F0A1FB023534F835
S21403ED00150038BDF391040070B5FFF793FF0C466A
S21403ED1016460546B0B100F0C4FC20B940F24D518A
S21403ED200C4800F08CFB3046FFF784FF00F0B9FC7C
S21403ED3020B940F24E51074800F081FB023425F813
S21403ED40146070BD40F25251BDE87040014800F0B7
S21403ED5076BB00BFF39104002DE9F84307468846C7
S21403ED6000F00FFC20B940F28E512A4800F067FBF2
S21403ED70FC1CA408284B64000434B7F5005F1E6827
S21403ED80A4B204D340F29551224800F058FB00F099
S21403ED9061FA224981460B687BB9214B1D68761BB5
S21403EDA0C6F34F06B44227D90025484600F04DFA6D
S21403EDB02846BDE8F843FFF733BFB8F1000F11D07C
S21403EDC0174A15685A1BC2F34F029442ECD81448EC
S21403EDD0620005EB44040460B8F1000F0FD113443E
S21403EDE00B600CE0F61AC6F34F0676B940F2A6514E
S21403EDF0084800F024FBD7E705EB44041C60002317
S21403EE006F80AB80EB802B80CFE7B442CCD8044A2C
S21403EE101568DCE7F391040008570020F05600203D
S21403EE200057002038B5054600F014FA0446294674
S21403EE300448002200F04BFC2046BDE8384000F0B2
S21403EE4004BA00BF205E002082684B4B2DE9F041D8
S21403EE509A4204460E46056815D121B140F21311B5
S21403EE60464800F0ECFA00F0F5F923691BB92B6865
S21403EE702BB924612C60BDE8F04100F0E6B91A69AD
S21403EE8022611C61F6E700F0D3FA8046FEF76AFAC1
S21403EE9020B14FF49571394800F0D1FA6FF0004372
S21403EEA09E4221694BD22B7B08EB0602002B4DD0EA
S21403EEB0AB6893424AD1531C002949D061699942F1
S21403EEC042D01EB9521AB2F1004F3DD9636123698D
S21403EED06E689C4203D19D21284800F0B0FA2F4665
S21403EEE00023B4420BD0002B41D172696169891AA1
S21403EEF0B1F1004F32D83269374694422CD1226999
S21403EF00BD420CBF6A603A617BB92669B44203D13D
S21403EF10B8211A4800F093FA3B46012E05D06269E1
S21403EF207169521AB2F1004F23D99D420BBF6B6829
S21403EF301A69236122610CBF6C601C6104E04344C0
S21403EF4031B162699342C1D1BDE8F0811346B3E79C
S21403EF506A6822616C60B9E71646C6E7A8EB020248
S21403EF60B2F1004FC7D93B4637463669B9E71F4665
S21403EF70F9E733463669D0E7D53302000792040033
S21403EF800823064A12F8011B814205D0013B13F001
S21403EF90FF03F7D11846704701207047FDDD0400D4
S21403EFA00823064A12F8011B814205D0013B13F0E1
S21403EFB0FF03F7D11846704701207047F5DD0400BC
S21403EFC010B5082207490446DCF72AFBB0FA80F09E
S21403EFD04FF6FF732289400940009A4208BF40F06B
S21403EFE0010010BD0EDE040030B504460D4685B0A4
S21403EFF002B9084A1068516801AB03C301AB03CBDF
S21403F00020602046ADF80C501B886160238105B054
S21403F01030BD00BF9B1B0400002270B50A4B1C7852
S21403F0200A4BD5B2AC4202D800200C7008E01E880A
S21403F0300132864205D30D701B881B1A584258416D
S21403F04070BD1233EDE700BFEE640020D85B0020EE
S21403F050F8B5154B04461D680E46E5B1134B1F78ED
S21403F060874218D900EB400305EBC30526B92B6985
S21403F070DA0712D42046F8BD08223146281DDCF7ED
S21403F080CFFA50B92B69DB07F4D40134E4B2A742B4
S21403F09005F11805F0D1FF24ECE70134E4B2A742EA
S21403F0A005F11805E2D1F6E76C5700206F6F0020D4
S21403F0B00A4B01461B6830B52BB1094A1478002267
S21403F0C0D0B2844201D8FF2030BD5D888D4202D184
S21403F0D01D69ED07F8D401321833F1E76C570020A9
S21403F0E06F6F00200F4A03461068D0B10E4A12789D
S21403F0F09A4215D919B203EB430300EBC300036925
S21403F10013F001000DD0094A126832F8112002F4F8
S21403F110E2622AB913F00C0F14BF012000207047D7
S21403F120012070476C5700206F6F0020685700203F
S21403F130094B1B686BB1094A1278824209D900EB66
S21403F1404000C20003EBC0000169C90701D5985C03
S21403F1507047FF20704700BF6C5700206F6F00207A
S21403F1600C4A0346106890B10B4A12789A420DD99E
S21403F17003EB430300EBC300D0E9043213F00100B2
S21403F1804FF0000104D01846114670470020014690
S21403F190704700BF6C5700206F6F002010B5164BEA
S21403F1A0187860B1154C2368CBB14FF47072002009
S21403F1B01349FFF717FD2368013B236010BDFFF7D4
S21403F1C055FC1049104A91F90040136884420B4CD1
S21403F1D003F1010313602368B8BF087053B90B48E3
S21403F1E000F09DFA0028E9D1BDE810400146074823
S21403F1F0FFF72ABE0822DAE7D065002088570020EA
S21403F2009DF10300CB650020805700205C6E002034
S21403F210054B1B682BB9054B1868003818BF01202F
S21403F22070470120704700BF7857002074570020AE
S21403F23010B962B6BFF36F8F7047EFF3108072B6E4
S21403F2407047302383F31188704780F31188BFF328
S21403F2506F8F7047EFF31180302383F31188704765
S21403F260002070474FF4004070474FF47A707047A1
S21403F2700122417803788A4030214B4341F2100142
S21403F28003F1A04303F570335A507047B0F5802F4F
S21403F29024D010D8B0F5003F22D006D828B3B0F556
S21403F2A0803F14BF012048207047B0F5403F14BF8D
S21403F2B001202C207047B0F5302F13D008D8B0F5B6
S21403F2C0E02F11D0B0F5202F14BF01201020704777
S21403F2D0B0F57F0F14BF0120062070474B20704700
S21403F2E02A207047112070472120704708B570B157
S21403F2F000F022F84FF098435A6CD202FCD5586DB2
S21403F30010F4702004D0BDE80840FFF7BFBF2120EB
S21403F31008BD08B528B128220021DBF735FE0020FA
S21403F32008BD2120FCE7036A042B9FBF00EB830282
S21403F3300133D16003627047036A052B14D84FF07C
S21403F3409842116CC902FCD504339B00136501680F
S21403F350103B11604168116050F8081F11604FF0B0
S21403F36098420344984200D1704750F8041F116036
S21403F370F8E7836813B9816070475B685A68012AA7
S21403F380FBD15960704709B100F008B822207047D6
S21403F390012100F046B8002100F043B870B50646D8
S21403F3A00D46FFF757FF04461D2E37D8DFE806F055
S21403F3B00F18361C1E203622243636362628362AC2
S21403F3C02C2E303636363634363636363632FDF76B
S21403F3D0D9FF002628602046FFF737FF304670BD6A
S21403F3E00120CAF709FDF4E70320FAE70420F8E74B
S21403F3F00C20F6E70220F4E70620F2E70720F0E702
S21403F4000820EEE70520ECE70920EAE70A20E8E70C
S21403F4100D20E6E71020E4E70B20E2E70020212694
S21403F420D8E70020704708B5FEF730F880B208BD6D
S21403F43008B5FEF72BF808BD704742DE704738B5AF
S21403F44004460D4600F008F8FFF7FBFE2946204663
S21403F450BDE83840FFF7F1BF704710B962B6BFF397
S21403F4606F8F7047012070472DE9FF410D46164602
S21403F4701F460446A8B14FF00008C0F81C80FEF7EC
S21403F480FDFBBDF82C30424602939DF828302946F2
S21403F490CDE9007320463346FEF7B8FB04B0BDE85B
S21403F4A0F0812220FAE7F0B51F46002387B00D4609
S21403F4B0164604468DF81730A8B1C3610DF117013F
S21403F4C0FEF7FEFB9DF817207AB9BDF834302946BF
S21403F4D002939DF830302046CDE900733346FEF79D
S21403F4E095FB07B0F0BD2220FBE70320F9E738B50C
S21403F4F0FFF7B0FE054600F016F804462846FFF769
S21403F500A4FE204638BD4FF0B04301285B6904D003
S21403F510022805D1C3F3C000704703F0010070470B
S21403F5200020704770474FF0B0439A6A1207FCD426
S21403F530186A7047704708B5FFF7FCFF00F01DF820
S21403F54008BD10B5FFF779FE012104460846FEF70D
S21403F55039F82046BDE81040FFF76ABE10B50446EA
S21403F56000F012F82046FAF7E2FC2046F7F7F3FD20
S21403F570BDE81040F9F7AAB9704708B5FFF7FCFFD6
S21403F58008BD0120704770470020704730B589B02A
S21403F5900446ADF806108DF81020FFF7F1FC05467B
S21403F5A02046FFF7FDFC03469DB1BDF80600ABB948
S21403F5B000F0BAF8FF2808BF00200DF10F038DF8FE
S21403F5C00F001A46204604990593FEF77FFD09B0FF
S21403F5D030BD0028F5D00DF10603F2E700F0A4F8DD
S21403F5E0FF2808BF0020BDF806308DF80F00ADF8E1
S21403F5F01A308DF8180006ABE3E7008870470170F1
S21403F600090A41707047012070470120704738B5DA
S21403F610DAF7FAFB0446CFF775FE051E18BF254634
S21403F620CFF742FF041E18BF2C46FFF7ECFF002857
S21403F63018BF204638BD38B5FEF714F90446F6F76A
S21403F64040FF04281ED002284FF0000508BF0124FF
S21403F650F7F750FE042817D0022808BF0124F7F74F
S21403F66068FB042812D0022808BF0124FFF7CDFF49
S21403F67004280DD0022808BF0124002D18BF00243B
S21403F680204638BD0125E3E70125E8E70125EDE738
S21403F6900024F5E7FF20704708B5FFF7FBFF0020BF
S21403F6A008BD08B520B1FFF7D1FA00F0010008BD88
S21403F6B00120FAE708B5FFF7BDFABDE80840FFF7F3
S21403F6C0F0BF008810B1C9B2FFF70ABB70472DE937
S21403F6D0F041B0F8008006460C46D5B2B8F1000FEC
S21403F6E011D029464046FFF7FBFA2246074629462D
S21403F6F04046FFF709FB3A4629462046FFF704FB38
S21403F7003480BDE8F0810F46F5E703461B880846BC
S21403F7108B4202D00021FFF7E3BA0020704700694E
S21403F720003818BF0120704700207047F8B506461A
S21403F7300D46FFF745FC0328044621D02846FFF76D
S21403F7403FFC032807461BD010F0020318D1A0077E
S21403F7500DD5F90716D401233C43E20704D43189B7
S21403F7602A89914218BF002303F00100F8BD08223E
S21403F77029463046DBF754FFB0FA80F35B09EBE724
S21403F7800020F3E71846F1E770B50D46002106465C
S21403F790FFF797FF044630B1FFF76AFA014628469B
S21403F7A0FFF7C4FF08B1204670BD21463046FFF779
S21403F7B0ACFFEFE707B50DF10701FFF72DFC20B10E
S21403F7C09DF8070003B05DF804FBFF20FAE708B5D1
S21403F7D000F009F8FF2804D0FFF7C2FCC0F3C0000E
S21403F7E008BD0120FCE701460020FFF731BC08B541
S21403F7F0FFF75EFCFF3818BF012008BD2DE9F8436C
S21403F80007460846154688461C469DF82090FFF78F
S21403F8102FFA4619A4B19EB14046FFF745FA254490
S21403F82085420FDC2246B9F1000F06D13146384631
S21403F830DBF7FCFB0020BDE8F88339463046F7E7E4
S21403F8402120F8E71D20F6E7000000000000000076
S21403F85000000000000000000000000000000000A0
S21403F860F8B500BFF8BC08BC9E467047F8B500BFA5
S21403F870F8BC08BC9E4670475FF800F0016700209E
S21403F8805FF800F09D670020446576696365207421
S21403F890797065206368616E676520646574656367
S21403F8A07465643A202564202D3E2025640D0A00E5
S21403F8B050726573732064657465637465640D0ABA
S21403F8C0004D756C7469207072657373206465747B
S21403F8D065637465643A2025640D0A0052656C6599
S21403F8E06173652064657465637465640D0A004C12
S21403F8F06F6E6720707265737320646574656374D6
S21403F90065640D0A0072656C61795F737461727465
S21403F9105F6C61746368696E675F70756C73653A74
S21403F92020616E6F746865722070756C73652069EC
S21403F93073206163746976650D0A0072656C61797C
S21403F9405F6F6E0D0A0072656C61795F6F66660D98
S21403F9500A0072656C61795F746F67676C650D0A80
S21403F9600057726974696E6720636F6E66696720F5
S21403F970746F206E763A2025730D0A0053697A65F4
S21403F9803A2025640D0A004661696C656420746F2D
S21403F990207772697465204445564943455F434F53
S21403F9A04E4649475F4441544120746F204E562CBF
S21403F9B0207374617475733A2025642E2028627947
S21403F9C07465733A202564290D0A007375636365AD
S21403F9D07373210D0A004661696C656420746F2099
S21403F9E072656164204E565F4954454D5F444556E3
S21403F9F04943455F434F4E4649472C207573696E0E
S21403FA00672064656661756C7420636F6E666967EC
S21403FA1020696E73746561642C20737461747573E6
S21403FA203A2025642E202862797465733A2025646B
S21403FA30290D0A005573696E6720636F6E666967E2
S21403FA403A2025642063686172732066726F6D0DB9
S21403FA500A25730D0A00786162636B7131763B5435
S21403FA6053303034462D545559413B534130643B53
S21403FA70494331693B534133643B494332693B5302
S21403FA804134643B494330693B534230643B494409
S21403FA9030693B425441303B4D3B004E6574776FB3
S21403FAA0726B20737461747573206368616E676527
S21403FAB06420746F2025640D0A004D616E756661BF
S21403FAC063747572657220746F6F206269670D0ABE
S21403FAD0004D6F64656C20746F6F206269670D0A52
S21403FAE000496E697469616C697A696E67205A6940
S21403FAF06762656520776974682025642073776973
S21403FB0074636865732C2025642072656C61797351
S21403FB102C20256420636F7665722073776974637F
S21403FB206865732C20256420636F766572730D0AEF
S21403FB3000436F6E66696720706172736564207335
S21403FB4075636365737366756C6C790D0A0072650D
S21403FB5061642076657273696F6E20666F726D20BE
S21403FB606E6577206C6F636174696F6E0D0A00466D
S21403FB7061696C656420746F207772697465206CA4
S21403FB806173745365656E56657273696F6E207420
S21403FB906F204E562C2073743A2025640D0A004FAE
S21403FBA06C642076657273696F6E3A2025640D0A5D
S21403FBB00043757272656E742076657273696F6E34
S21403FBC03A2025640D0A00524553455420414C4CB7
S21403FBD0210D0A0068616C5F6770696F5F63616C13
S21403FBE06C6261636B3A2065787469206C696E6534
S21403FBF020256C642073746174757320256C750DF1
S21403FC000A0068616C5F6770696F5F63616C6C6242
S21403FC1061636B3A206E6F206672656520455854A3
S21403FC2049206C696E65730D0A002F686F6D652F2A
S21403FC3072756E6E65722F776F726B2F747579613E
S21403FC402D7A69676265652D7377697463682F74A7
S21403FC507579612D7A69676265652D737769746353
S21403FC60682F73696C6162735F746F6F6C732F7345
S21403FC70696D706C69636974795F73646B2F2E2E7C
S21403FC802F2E2E2F7372632F73696C6162732F6826
S21403FC90616C2F7A69676265652E630044726F70C4
S21403FCA070696E67206F6C64204F544120696D61E4
S21403FCB067652C2063757272656E74206F66667353
S21403FCC065743A20256C750A00556E6B6E6F776EF9
S21403FCD020636F76657220636F6D6D616E643A2084
S21403FCE025640D0A00556E6B6E6F776E20636D6428
S21403FCF02025640D0A00427574746F6E2070726559
S21403FD0073732064657465637465642C206275740C
S21403FD10206E6F20627574746F6E20697320707224
S21403FD2065737365640D0A00427574746F6E206C98
S21403FD306F6E672070726573732064657465637491
S21403FD4065642C20627574206E6F20627574746F00
S21403FD506E206973206C6F6E6720707265737365AF
S21403FD60640D0A004E6F20636F76657220737769A1
S21403FD7074636820636F6E66696720696E204E56EB
S21403FD802C207573696E672064656661756C747381
S21403FD900D0A004174747269627574652063686144
S21403FDA06E6765642C2065703A2025642C20636C8E
S21403FDB075737465723A2025642C20617474723AE4
S21403FDC02025640D0A00556E6B6E6F776E204C65AA
S21403FDD076656C4374726C20636F6D6D616E643A06
S21403FDE02025640D0A00556E6B6E6F776E204F6E7E
S21403FDF04F666620636F6D6D616E643A2025640DF1
S21403FE000A00496E646578206174207772697465A8
S21403FE1020617474723A2025640D0A004E6F2073B5
S21403FE20776974636820636F6E66696720696E20FE
S21403FE304E562C207573696E672064656661756C13
S21403FE4074730D0A00496E76616C69642072656C82
S21403FE5061795F696E64657820256420696E204E3B
S21403FE60562C20726573657474696E6720746F20F0
S21403FE7064656661756C740D0A003E2000556E6BF2
S21403FE806E6F776E206572726F7200496E7075744E
S21403FE90206275666665722069732046554C4C0071
S21403FEA04D6178696D756D206E756D626572206F34
S21403FEB06620617267756D656E7473206578636519
S21403FEC0656465640054686520617267756D656E68
S21403FED074206973206E6F7420666F726D6174741C
S21403FEE0656420636F72726563746C7900496E6330
S21403FEF06F727265637420617267756D656E7420C8
S21403FF007479706500496E636F7272656374206EF0
S21403FF10756D626572206F6620617267756D656EBA
S21403FF207473004E6F20636F6D6D616E6420666F31
S21403FF30756E640075696E7438006164646974690B
S21403FF406F6E616C002A00756E6B6E6F776E00774E
S21403FF50696C6463617264006865786F70740073BB
S21403FF607472696E676F70740075696E7433326F7E
S21403FF7070740075696E7431366F70740075696ECF
S21403FF8074386F70740068657800737472696E678E
S21403FF900075696E7431360075696E743332002EDF
S21403FFA02E2E200068656C70000A25730A257325BB
S21403FFB0730025732008002F686F6D652F72756EAA
S21403FFC06E65722F776F726B2F747579612D7A69F0
S21403FFD0676265652D7377697463682F74757961D5
S21403FFE02D7A69676265652D7377697463682F7305
S21403FFF0696C6162735F746F6F6C732F73696D7076
S2140400006C69636974795F73646B2F706C61746672
S2140400106F726D2F736572766963652F6C656761A1
S21404002063795F68616C2F7372632F626173652DE9
S2140400307265706C6163656D656E742E63002F68FF
S2140400406F6D652F72756E6E65722F776F726B2F7C
S214040050747579612D7A69676265652D737769743D
S21404006063682F747579612D7A69676265652D7387
S21404007077697463682F73696C6162735F746F6FFA
S2140400806C732F73696D706C69636974795F7364DC
S2140400906B2F706C6174666F726D2F736572766900
S2140400A063652F746F6B656E5F6D616E61676572F5
S2140400B02F6C65676163792F7372632F736C5F743B
S2140400C06F6B656E5F6D616E616765722E63002F80
S2140400D0686F6D652F72756E6E65722F776F726BB3
S2140400E02F747579612D7A69676265652D737769F2
S2140400F07463682F747579612D7A69676265652DF6
S2140401007377697463682F73696C6162735F746F65
S2140401106F6C732F73696D706C69636974795F7340
S214040120646B2F706C6174666F726D2F7365727674
S2140401306963652F746F6B656E5F6D616E6167656D
S214040140722F6C65676163792F7372632F736C5FAC
S214040150746F6B656E5F6D616E75666163747572E0
S214040160696E672E630043757272656E7420436F02
S2140401706E6669673A2025307800536574204343D9
S21404018041206D6F646520746F2025643A20253005
S2140401907800656E61626C65640064697361626CA4
S2140401A06564006F757428636C69656E74290069EC
S2140401B06E202873657276657229004D4647205373
S2140401C07472696E673A20257300417070427569CF
S2140401D06C646572204D464720436F64653A203050
S2140401E07825303458006E6F6465205B0041646483
S2140401F06974696F6E616C20696E7465726661639A
S214040200657300202025643A200070616765205BD2
S21404021025645D206368616E205B25645D207077CD
S21404022072205B25645D006E6F742061637469766A
S21404023065006572726F7220307825303858007009
S214040240616E4944205B3078253034585D206E6FEB
S21404025064654944205B3078253034585D20007846
S21404026070616E205B307800706172656E7449440C
S214040270205B3078253034585D20706172656E746A
S21404028052737369205B25645D006E6F64655479F0
S2140402907065205B005365637572697479206C65BC
S2140402A076656C205B253032585D006E6574776F1A
S2140402B0726B207374617465205B253032585D2040
S2140402C0004275666665722062797465733A202505
S2140402D064202F20256400457020636E743A202520
S2140402E064006570202564205B656E64706F696EBB
S2140402F0742025732C206465766963652025735DF8
S21404030020006E776B205B25645D2070726F6669D3
S2140403106C65205B3078253034585D2064657649FA
S21404032064205B3078253034585D20766572205B17
S2140403303078253032585D00202020202573206335
S2140403406C75737465723A20307825303458200002
S2140403504E776B20636E743A202564006E776B20AC
S2140403602564205B25735D005072696D6172792087
S2140403702870726F290020206E6F6465547970654A
S214040380205B3078253032585D0020207365637515
S2140403907269747950726F66696C65205B30782573
S2140403A03032585D0045502025643A2025732000DD
S2140403B04572726F723A2020556E6B6E6F776E20A0
S2140403C0656E64706F696E742E00456E61626C654E
S2140403D0206576656E7420646562756720696E664E
S2140403E06F20696E20436F726520434C4920636F0B
S2140403F06D706F6E656E74006F6E6C7920636F6FD0
S2140404007264696E61746F72732063616E20666FC6
S214040410726D0A006A6F696E203078253038580A83
S214040420006C656176650025732030782530325877
S2140404300A0072656A6F696E446966664465766921
S214040440636554797065006578742E2050414E209B
S21404045049443A20004E574B206F70656E3A20256B
S2140404607520736563004E574B20636C6F73656429
S2140404700066696E64206A6F696E61626C653A2014
S2140404803078253032580066696E6420756E757350
S21404049065643A20307825303258004368616E67C8
S2140404A0696E6720746F206368616E6E656C2025C4
S2140404B0643A2030782530325800696E76616C696B
S2140404C064206E6574776F726B20696E646578005D
S2140404D053686F72742049443A2030782530345873
S2140404E02C2045554936343A20002C2050616E2085
S2140404F049443A2030782530345800537461727475
S2140405006564206D756C74692D70687920696E74E5
S214040510657266616365004661696C656420746F24
S21404052020257320257320307825303258005465F2
S214040530726D696E61746564202573203078253089
S2140405403258004B65657020616C6976652073755A
S21404055070706F727420656E61626C65642E0066DE
S21404056061696C656420746F20736574206B6565BF
S2140405707020616C697665206D6F64652E007375F6
S214040580636365737366756C6C7920736574207425
S2140405906865206368696C642074696D656F75743A
S2140405A0206F7074696F6E206D61736B2E006661C8
S2140405B0696C656420746F207365742074686520A4
S2140405C06368696C642074696D656F7574206F70F8
S2140405D074696F6E206D61736B2E00646973636F4C
S2140405E0766572004D61746368202573792066729F
S2140405F06F6D203078253034582C206570202564A3
S214040600004E574B204164647265737320726573A1
S214040610706F6E73653A203078253034580049453B
S2140406204545204164647265737320726573706F08
S2140406306E73653A20005365727669636520257388
S2140406407920646F6E652E002320207479706520EF
S21404065020206E776B20206C6F6320202072656DDF
S214040660202020636C75732020206E6F6465202024
S21404067020657569002020256420202020307825F8
S21404068030345820203078253034582020307825CF
S214040690303458203078253034582000736C5F7A14
S2140406A069676265655F6765745F62696E64696ED3
S2140406B067204572726F723A203078253038580AAF
S2140406C0002564206F662025642062696E64696E66
S2140406D06773207573656400656E61626C6564207B
S2140406E07072696E740064697361626C656420700C
S2140406F072696E7400616464206C696E6B206B654D
S21404070079004552523A2043616C63756C61746596
S214040710642043524320646F6573206E6F74206DAB
S21404072061746368004552523A20496E7374616C72
S2140407306C20436F6465206D757374206265203881
S2140407402C2031302C2031342C206F72203138206C
S214040750627974657320696E206C656E67746800D0
S2140407604552523A204145532D4D4D4F20686173F2
S21404077068206661696C65643A20307825303258A2
S21404078000536574206A6F696E696E67206C696EC3
S2140407906B206B6579007365742062696E6420252E
S2140407A0643A2030782530327800454D505459004C
S2140407B0554E494341004D324F4E45004D554C541D
S2140407C049003F2020202000496E64657820494572
S2140407D045452041646472657373202020202020E0
S2140407E02020204E574B496E6465782020496E20A1
S2140407F04643202020202054544C28732920466C3D
S2140408006167202020204B65792020202000256465
S21404081020202020200020202564202020202020A6
S214040820200020202530385820200020307825301D
S2140408303458202000496E64657820494545452093
S21404084041646472657373202020202020202020B9
S214040850496E2046432020202020547970652020AD
S2140408604175746820204B6579002D2020202020B7
S214040870002563202020202025632020202020001F
S214040880696573005741524E494E473A20205245F7
S2140408904144494E47204F46204B45592056414C2B
S2140408A05545532044495341424C4544204259201F
S2140408B04D464720544F4B454E004E574B204B65F4
S2140408C079002573206F75742046433A2025303806
S2140408D05800257320736571206E756D3A20307844
S2140408E025303258002573206F75742046433A200D
S2140408F0253038780054432025732000257320546F
S21404090061626C650025642F256420656E747269C7
S214040910657320757365642E005472616E73696521
S2140409206E74204B657900256420656E7472257399
S21404093020636F6E73756D696E6720256420706121
S214040940636B65742062756666657225732E005740
S214040950494C4C0057494C4C204E4F540054727529
S21404096073742043656E74657220257320616C6C05
S2140409706F772074727573742063656E7465722065
S21404098072656A6F696E73207573696E6720776522
S2140409906C6C2D6B6E6F776E206B65792E005365CD
S2140409A0742074696D656F757420666F7220547256
S2140409B07573742043656E7465722072656A6F6918
S2140409C06E73207573696E672077656C6C2D6B6E1D
S2140409D06F776E206C696E6B206B657920746F2060
S2140409E02564207365636F6E64732E004552524F00
S2140409F0523A20002573737461636B206D757374AB
S214040A0020626520646F776E2E0052656164696E9D
S214040A106720416C6C6F7765640048617368696E23
S214040A2067206F6E6C7900736C5F7A6967626565C0
S214040A305F6B65795F73657474696E67735F743A28
S214040A40203078253034580020205065726D697344
S214040A5073696F6E733A202573004572726F723A2B
S214040A60204661696C656420746F20676574206332
S214040A706F6E6669672C207374617475733A2030E0
S214040A807825303858004661696C65643A203078B9
S214040A9025303858004D73673A20636C75732030E0
S214040AA078253034582C20636D6420307825303215
S214040AB0582C206C656E2025640062756666657227
S214040AC03A2000454D4245525F0025735345435531
S214040AD0524954595F4C4556454C3A2025303258B5
S214040AE00025736572617365206B65792025643A09
S214040AF02030782530385800636D64206E6F74207B
S214040B006275696C740073726320657020253032D8
S214040B10782C20636C757320253034780073656EEA
S214040B2064696E6720746F206D756C746963617395
S214040B30742062696E640025733A2065703A202535
S214040B40642C20636C3A203078253034582C20618D
S214040B507474723A20307825303458002C2073761A
S214040B60723A2025630025733A20726561643A2040
S214040B70307825303278002C207376723A2025633C
S214040B802C2064747970653A203078253032580009
S214040B90417267756D656E7420617420696E646554
S214040BA0783A202564206973206F7574206F662058
S214040BB072616E676500436F6D6D616E6420616C73
S214040BC07265616479206275696C742E20204361B5
S214040BD06E6E6F7420736574204D4647207370657F
S214040BE0636966696320636F646520666F72206359
S214040BF06F6D6D616E642E004D464720436F6465CD
S214040C002053657420666F72206E65787420636F57
S214040C106D6D616E643A2030782530345800557313
S214040C2065204E6578742053657175656E6365201E
S214040C3053657420666F72206E65787420636F6DDA
S214040C406D616E643A2030782530325800446973FA
S214040C5061626C652044656661756C7420526573C8
S214040C60706F6E73652053657420666F72206E65B0
S214040C70787420636F6D6D616E643A203078253029
S214040C803258004552523A2072656164696E672094
S214040C906174747269627574652025303278004513
S214040CA052523A206174747269627574652073696D
S214040CB07A6520256420746F6F206C6172676520E6
S214040CC0666F7220627566666572004572726F7230
S214040CD03A206174747269627574652049442030E0
S214040CE07825303458207265706F727461626C6552
S214040CF0206368616E67652069732073697A65206E
S214040D002564422C206275742025644220656E7426
S214040D10657265640A006E6F20636D6400457272C6
S214040D206F723A20434C492053656E6420666169AD
S214040D306C65642C207374617475733A203078255E
S214040D40303858004572726F723A2020455549363D
S214040D503420617267756D656E7420697320656DE5
S214040D6070747920616E64206C6F6F6B757020628E
S214040D7079206E6F6465204944206661696C6564F9
S214040D802E0047726F757000556E69636173740048
S214040D90556E62696E64202573202573307825307D
S214040DA0325800526571756573743A20005A444F80
S214040DB02073696D706C6520646573632072657159
S214040DC02025303278005A444F206E6F64652064C4
S214040DD0657363207265712025303278005A444F5B
S214040DE0206D617463682064657363207265712086
S214040DF025303258005573696E67206D79206C6F04
S214040E0063616C20455549363420666F72206465EC
S214040E10737420455549363420696E2062696E64C1
S214040E20696E67005A444F2062696E642072657169
S214040E30202530327800636C7573746572206C6993
S214040E406D6974207265616368656400696E7661B5
S214040E506C696420706167653A202564206F72208F
S214040E606368616E6E656C3A202564004368616E43
S214040E706765206368616E6E656C20737461747553
S214040E80733A20307825303278006475726174695C
S214040E906F6E206D75737420626520696E207261B2
S214040EA06E67652030202D203500636F756E7420C4
S214040EB06D75737420626520696E2072616E676555
S214040EC02031202D2038007363616E2073746174A2
S214040ED0757320307825303258006E6574776F72DB
S214040EE06B20757064617465207365742073746117
S214040EF074757320307825303258004163746976EF
S214040F00652045502072657175657374207374612D
S214040F107475733A20307825303258004C51492085
S214040F205461626C6520726571756573743A20301D
S214040F3078253032580042696E64696E67205461C1
S214040F40626C6520726571756573743A2030782515
S214040F50303258004C65617665202573307825302C
S214040F60325800506F7765722044657363726970F7
S214040F70746F7220257330782530325800557369A3
S214040F806E67206D79206C6F63616C204555493619
S214040F903420666F72206465737420455549363470
S214040FA020696E20756E62696E64696E6700526FA2
S214040FB0757465205461626C65202573307825301D
S214040FC03258002F686F6D652F72756E6E65722FBE
S214040FD0776F726B2F747579612D7A6967626565B0
S214040FE02D7377697463682F747579612D7A6967D0
S214040FF06265652D7377697463682F73696C6162C3
S214041000735F746F6F6C732F73696D706C6963694B
S21404101074795F73646B2F70726F746F636F6C2F69
S2140410207A69676265652F6170702F6672616D6597
S214041030776F726B2F636F6D6D6F6E2F736C5F7A45
S21404104069676265655F73797374656D5F636F6DF9
S2140410506D6F6E2E6300457874656E646564205209
S2140410606573657420696E666F3A2030782530346F
S214041070582028257329002F686F6D652F72756EAA
S2140410806E65722F776F726B2F747579612D7A691E
S214041090676265652D7377697463682F7475796103
S2140410A02D7A69676265652D7377697463682F7333
S2140410B0696C6162735F746F6F6C732F73696D70A4
S2140410C06C69636974795F73646B2F70726F746F85
S2140410D0636F6C2F7A69676265652F6170702F661F
S2140410E072616D65776F726B2F636F6D6D6F6E2FA8
S2140410F07A69676265655F6170705F6672616D6567
S214041100776F726B5F736C6565702E6300537461E2
S21404111079206177616B65207768656E206E6F74E1
S214041120206A6F696E65643A20257300466F7263A1
S21404113065642073746179206177616B653A202059
S2140411402020202020202020257300466F7263690B
S2140411506E672064657669636520746F20737461B6
S21404116079206177616B6500416C6C6F77696E6797
S2140411702064657669636520746F20676F20746FDA
S21404118020736C656570002F686F6D652F72756EC1
S2140411906E65722F776F726B2F747579612D7A690D
S2140411A0676265652D7377697463682F74757961F2
S2140411B02D7A69676265652D7377697463682F7322
S2140411C0696C6162735F746F6F6C732F73696D7093
S2140411D06C69636974795F73646B2F70726F746F74
S2140411E0636F6C2F7A69676265652F6170702F660E
S2140411F072616D65776F726B2F636F6D6D6F6E2F97
S2140412007A69676265655F737461636B5F736C6547
S21404121065702E630052583A205265736574546F95
S214041220466163746F727944656661756C74734362
S214041230616C6C6261636B00657A737020636F75B2
S2140412406E74657273206661696C6564202575002A
S214041250657A73702052657365742054687265737A
S214041260686F6C64206572726F7220257500657AEB
S214041270737020536574205468726573686F6C6469
S214041280206572726F7220257500257529202573D6
S2140412903A2025750053657474696E672054687225
S2140412A06573686F6C6420636F6D6D616E64003F78
S2140412B03F3F004D6163205278204263617374009F
S2140412C04D6163205478204263617374004D6163FA
S2140412D0205278205563617374004D6163205478FE
S2140412E0205563617374004D616320547820556300
S2140412F0617374205265747279004D61632054786A
S214041300205563617374204661696C004150532014
S21404131052782042636173740041505320547820FD
S21404132042636173740041505320527820556361C0
S21404133073740041505320547820556361737420AD
S2140413405375636365737300415053205478205576
S214041350636173742052657472790041505320544B
S21404136078205563617374204661696C00526F750A
S2140413707465204469736320496E69746961746591
S21404138064004E65696768626F72204164646564D0
S214041390004E65696768626F722052656D6F766588
S2140413A064004E65696768626F72205374616C6589
S2140413B0004A6F696E20496E6469636174696F6E72
S2140413C0004368696C64204D6F7665640041534839
S2140413D0204F766572666C6F7700415348204672DC
S2140413E0616D65204572726F7200415348204F76D6
S2140413F0657272756E204572726F72004E574B207E
S2140414004643204661696C75726500415053204618
S21404141043204661696C7572650041534820584FF5
S21404142066660041505320556E617574686F726924
S2140414307A6564204B6579004E574B204465637289
S214041440797074204661696C7572657300415053F7
S2140414502044656372797074204661696C757265A0
S21404146073005061636B657420427566666572200E
S214041470416C6C6F63617465204661696C75726556
S214041480730052656C6179656420556361737400FA
S21404149050687920746F204D4143207175657565D9
S2140414A0206C696D697420726561636865640050B8
S2140414B061636B65742056616C696461746520644D
S2140414C0726F7020636F756E74004E574B20726592
S2140414D0747279206F766572666C6F770043434149
S2140414E0204661696C757265730042726F6164634D
S2140414F0617374207461626C652066756C6C005050
S2140415005441204C6F20507269205265710050542B
S2140415104120486920507269205265710050544138
S214041520204C6F205072692044656E6965640050D3
S2140415305441204869205072692044656E69656488
S21404154000505441204C6F2050726920547820413A
S21404155062727400505441204869205072692054C5
S2140415607820416272740041646472657373204328
S2140415706F6E666C6963742053656E740043534CD7
S214041580205278207363686564756C6520666169AB
S2140415906C6564000D004465627567207072696E40
S2140415A0742067726F75702025730A0057726F6E09
S2140415B06720706172616D657465720A0046696EB3
S2140415C06420616E642042696E6420496E697469A1
S2140415D061746F723A20436F6D706C6574653A205F
S2140415E030782530325800537461727420746172F6
S2140415F06765740046696E6420616E642042696E95
S21404160064205461726765740025733A2025733A22
S2140416102030782530325800467261676D656E74E6
S2140416206174696F6E2052582077696E646F7720F4
S21404163073697A652073657420746F202564002F9F
S214041640686F6D652F72756E6E65722F776F726B2D
S2140416502F747579612D7A69676265652D7377696C
S2140416607463682F747579612D7A69676265652D70
S2140416707377697463682F73696C6162735F746FE0
S2140416806F6C732F73696D706C69636974795F73BB
S214041690646B2F70726F746F636F6C2F7A696762F6
S2140416A065652F6170702F6672616D65776F726BFA
S2140416B02F706C7567696E2F667261676D656E74E0
S2140416C06174696F6E2F667261676D656E7461749E
S2140416D0696F6E2E630052583A2041646447726FF5
S2140416E07570526573706F6E73652030782530326E
S2140416F0582C203078253034580052583A205669F1
S214041700657747726F7570526573706F6E73652078
S2140417103078253032582C203078253034582C2018
S214041720220052583A2047657447726F75704D65AB
S2140417306D62657273686970526573706F6E7365F7
S214041740203078253032582C203078253032582CEA
S21404175000205B3078253034585D0052583A2052C9
S214041760656D6F766547726F7570526573706F6ED0
S2140417707365203078253032582C20307825303464
S214041780580065705B253032585D2069645B2530EF
S21404179034585D00436C656172696E6720616C6CD9
S2140417A02067726F7570732E004552523A20466158
S2140417B0696C656420746F20637265617465206269
S2140417C0696E64696E67202830782530325829009F
S2140417D04552523A2042696E64696E6720746162AB
S2140417E06C652069732066756C6C004552523A200D
S2140417F077726974696E67206E616D6520737570A3
S214041800706F727420253032580052583A20416462
S2140418106447726F7570203078253034582C202237
S2140418200075760052583A205669657747726F7588
S21404183070203078253034580075767300766965E4
S214041840775F67726F75700047726F7570733A20B2
S2140418506661696C656420746F2073656E64202508
S2140418607320726573706F6E73653A203078253016
S2140418703258006765745F67726F75705F6D656D6B
S2140418806265727368697020726573706F6E7365D3
S2140418900064656661756C745F726573706F6E73F1
S2140418A0650052583A2047657447726F75704D65E7
S2140418B06D62657273686970203078253032582CF2
S2140418C0007575620047726F7570733A20666169B9
S2140418D06C656420746F2073656E642025733A20EB
S2140418E03078253032580052583A2052656D6F765B
S2140418F06547726F7570203078253034580045522D
S214041900523A204661696C656420746F2064656C85
S2140419106574652062696E64696E67202830782570
S214041920303258290072656D6F76655F67726F7521
S214041930700052583A2052656D6F7665416C6C475C
S214041940726F7570730052583A2041646447726F20
S214041950757049664964656E74696679696E672050
S2140419603078253034582C202200616464004368A3
S214041970616E6E656C206E6F742076616C69643A75
S214041980202564005072696D617279002573206D9C
S21404199061736B206E6F772030782530385800538B
S2140419A065636F6E64617279004D61736B206E6F50
S2140419B0742076616C69643A202564007072696DDF
S2140419C0617279007365636F6E6461727900257362
S2140419D03A20536574202573206D61736B20746FF1
S2140419E02030782530385800537461747573002598
S2140419F0733A2025733A004368616E6E656C206DF9
S214041A0061736B3A00202020202831292030782565
S214041A10303858205B0020202020283229203078B7
S214041A2025303858205B0053746174653A2030784A
S214041A302530325820282573290043757272656E46
S214041A4074206368616E6E656C3A20256400546F7A
S214041A5074616C20626561636F6E733A202564005E
S214041A604A6F696E20617474656D7074733A2025CC
S214041A7064004E6574776F726B2073746174653A94
S214041A80203078253032580053746F700025732048
S214041A9053746F702E2020436C65616E696E6720E8
S214041AA075702E0042726F616463617374696E6749
S214041AB0207065726D6974206A6F696E0054727561
S214041AC073742063656E746572206C696E6B206B2C
S214041AD065792075706461746520737461747573B8
S214041AE00025733A205741524E494E473A20736CAC
S214041AF05F7A69676265655F7365745F696E69744A
S214041B0069616C5F73656375726974795F73746118
S214041B107465206661696C65642E20436F6E746913
S214041B206E75696E6720776974686F757420696E60
S214041B307374616C6C20636F64652E004572726FFB
S214041B40723A20696E7374616C6C20636F646520EE
S214041B507365747570206661696C65642E204973BC
S214041B6020616E20696E7374616C6C20636F6465AB
S214041B7020666C6173686564206F6E746F20746889
S214041B8065206465766963653F00D0D1D2D3D4D529
S214041B90D6D7D8D9DADBDCDDDEDF00FFFFFFFFFFB8
S214041BA0FFFFFF005A6967426565416C6C69616EA8
S214041BB0636530390025733A2069737375696E67F7
S214041BC0207363616E206F6E202573206368616ED8
S214041BD06E656C7320286D61736B20307825303801
S214041BE0582900257320697320616C7265616479D5
S214041BF020696E2070726F67726573730053746128
S214041C007274004578616D696E696E6720626561FD
S214041C10636F6E206F6E206368616E6E656C202540
S214041C206420776974682070616E49642030782572
S214041C30303458005468697320626561636F6E209F
S214041C406973206E6F742070617274206F662074DE
S214041C5068652063757272656E74206368616E6E63
S214041C60656C206D61736B202830782530385829D0
S214041C702E2047657474696E67206E6578742062DA
S214041C806561636F6E2077686F7365206368616E45
S214041C906E656C206269746D61736B206973207362
S214041CA065742E004572726F723A20257320636F36
S214041CB0756C64206E6F7420617474656D70742026
S214041CC06A6F696E3A20307825303258004E6F209D
S214041CD0626561636F6E73206C656674206F6E2038
S214041CE063757272656E74206D61736B2E204D6F12
S214041CF076696E6720746F206E65787420737461DD
S214041D007465002573206A6F696E696E6720307883
S214041D1025303458206F6E206368616E6E656C20C3
S214041D2025640025732053746174653A2025730076
S214041D304572726F723A20257320636F756C642047
S214041D406E6F74207365747570207365637572693D
S214041D5074793A20307825303258004572726F72A2
S214041D603A205363616E20636F6D706C65746520F2
S214041D7068616E646C65722072657475726E6564F3
S214041D8020307825303258002573207363616E2026
S214041D90636F6D706C6574652E20426561636F6E4B
S214041DA0732068656172643A202564002573207385
S214041DB07461636B20737461747573203078253096
S214041DC03258002573206E6574776F726B206A6FC5
S214041DD0696E65642E00257320747279696E6720B7
S214041DE06E657874206E6574776F726B2E004E6F16
S214041DF06E65005363616E205072696D617279205E
S214041E004368616E6E656C7320616E6420757365DD
S214041E1020436F6E66696775726564204B6579004A
S214041E205363616E205072696D61727920436861F4
S214041E306E6E656C7320616E642075736520496EE2
S214041E407374616C6C20436F6465005363616E2029
S214041E505072696D617279204368616E6E656C7349
S214041E6020616E64205573652043656E7472616CE0
S214041E70697A6564204B6579005363616E205072FD
S214041E80696D617279204368616E6E656C7320615A
S214041E906E64205573652044697374726962757440
S214041EA06564204B6579005363616E205365636FE8
S214041EB06E64617279204368616E6E656C7320612E
S214041EC06E642075736520436F6E66696775726508
S214041ED064204B6579005363616E205365636F6EAF
S214041EE064617279204368616E6E656C7320616EFE
S214041EF0642075736520496E7374616C6C20436F3F
S214041F006465005363616E205365636F6E6461722B
S214041F1079204368616E6E656C7320616E6420552B
S214041F2073652043656E7472616C697A6564204BD0
S214041F306579005363616E205365636F6E646172E6
S214041F4079204368616E6E656C7320616E642055FB
S214041F507365204469737472696275746564204B92
S214041F606579005363616E205072696D61727920E1
S214041F704368616E6E656C7320616E64205573658C
S214041F8020416C6C204B6579732028696E737461EC
S214041F906C6C20636F64652C2063656E7472616C70
S214041FA0697A65642C2064697374726962757465F1
S214041FB06429005363616E205365636F6E646172B7
S214041FC079204368616E6E656C7320616E6420557B
S214041FD0736520416C6C204B6579732028696E7399
S214041FE074616C6C20636F64652C2063656E747218
S214041FF0616C697A65642C206469737472696275AD
S21404200074656429004F6E2F4F66662073657420CE
S21404201076616C75653A2025303258202530325862
S214042020004552523A2072656164696E67206F6E8D
S2140420302F6F66662025303258004F6E2F6F666607
S21404204020616C72656164792073657420746F20F6
S2140420506E65772076616C756500546F67676C658E
S214042060206F6E2F6F66662066726F6D2025303285
S2140420705820746F2025303258004552523A207743
S214042080726974696E67206F6E2F6F6666202530DE
S214042090325800496E7374616C6C656420547970B0
S2140420A065202842617365293A202030782530322D
S2140420B058004361706162696C69746965733A209B
S2140420C0202020202020202020203078253034583E
S2140420D000426F6F746C6F6164657220566572732C
S2140420E0696F6E3A2020202020307825303458003E
S2140420F053656375726520426F6F746C6F616465B7
S21404210072204B65793A20202020202000426F6FF1
S214042110746C6F6164696E67206661696C656421BE
S21404212000446F776E6C6F6164206661696C6564E9
S2140421302E0044656C6574696E67206661696C651B
S2140421406420646F776E6C6F61642C2073746174A2
S21404215075733A2030782530325800496D616765CA
S21404216020646F6573206E6F7420636F6E7461698C
S2140421706E20616E205570677261646520496D61DA
S2140421806765205461672028307825303458292E16
S21404219020536B697070696E67207570677261642E
S2140421A0652E00457865637574696E6720626F6F87
S2140421B0746C6F61642063616C6C6261636B2E0087
S2140421C05374617274696E672045424C207665725A
S2140421D0696669636174696F6E0045424C20666186
S2140421E0696C656420766572696669636174696F93
S2140421F06E2E0045424C20706173736564207665CC
S21404220072696669636174696F6E2E002573696E00
S21404221067204F544120636C69656E742073746143
S2140422207465206D616368696E650073746F7070A1
S214042230004572726F723A204E6F20696D61676551
S21404224020617420696E646578202564004E6F747E
S21404225020737570706F727465642E00436C6965C4
S2140422606E7420696D616765207175657279206981
S2140422706E666F004D616E75662049443A202020D4
S21404228020202020202030782530345800496D61E5
S214042290676520547970652049443A202020203010
S2140422A078253034580043757272656E742056650E
S2140422B07273696F6E3A202030782530385800489B
S2140422C0617264776172652056657273696F6E3ADF
S2140422D020004E410051756572792044656C617921
S2140422E0206D733A2020202020202020202020202B
S2140422F0256C640053657276657220446973636F57
S214042300766572792044656C6179206D733A202570
S2140423106C6400446F776E6C6F61642044656C6116
S21404232079206D733A202020202020202020256C40
S214042330640052756E20557067726164652044654A
S2140423406C6179206D733A202020202020256C644F
S214042350005665726966792044656C6179206D73F0
S2140423603A2020202020202020202020256C6400D5
S214042370446F776E6C6F6164204572726F7220547E
S21404238068726573686F6C643A2020256400557023
S2140423906772616465205761697420546872657356
S2140423A0686F6C643A202020202564004F54412036
S2140423B0446F776E6772616465733A20446973612B
S2140423C0626C6564004F544120446F776E67726197
S2140423D06465733A20456E61626C656400426F6F93
S2140423E0746C6F61642073746174653A202573009D
S2140423F0496E76616C6964204550202564207768B0
S214042400656E20747279696E6720746F2073656ECA
S21404241064204F5441206D6573736167652E0053C5
S214042420656E64696E6720557067726164652045E1
S2140424306E6420726571756573742E0025733A2078
S214042440696E76616C696420636D644964203078D3
S21404245025303258004572726F723A202046616900
S2140424606C656420746F2073656E64204F5441203D
S214042470636F6D6D616E64203078253032582C2081
S2140424807374617475733A2030782530325800536B
S214042490657276657220756E6B6E6F776E2C20662D
S2140424A0616C6C696E67206261636B20746F206474
S2140424B06973636F766572792E004D6178696D7500
S2140424C06D207175657279206572726F72732068FB
S2140424D0697420282564292C207374617274696ECB
S2140424E0672073656172636820666F72206E657715
S2140424F0204F5441207365727665722E0A0041702F
S214042500706C79696E672075706772616465002502
S214042510733A20696E76616C6964206F66667365CB
S214042520742063757272656E7454696D65283078AC
S2140425302530385829203E207570677261646554CA
S214042540696D652830782530385829004F54412065
S214042550436C75737465723A207761697420666F8C
S21404256072202564207300525865642074696D6572
S2140425704F75742030782530385820732C204D4100
S214042580582074696D654F75742030782530385836
S2140425902073004D6178696D756D20757067726182
S2140425A06465207265717565737473206D61646506
S2140425B0202825642920776974686F7574207265ED
S2140425C073706F6E73652066726F6D2073657276B6
S2140425D065722E00557067726164696E6720616E5D
S2140425E079776179004F5441205365727669636543
S2140425F020646973636F7665727920707265766598
S2140426006E746564202D20616E6F7468657220692F
S2140426107320616C726561647920696E2070726FD4
S2140426206772657373004661696C656420746F2015
S214042630696E697469617465207365727669636529
S21404264020646973636F766572792E004F54412057
S2140426505365727669636520446973636F76657241
S2140426607920696E2070726F677265737300436CAD
S21404267069656E7420766572696669636174696FEC
S2140426806E206661696C65642E005369676E6174BA
S21404269075726500437573746F6D0070617373654E
S2140426A064004641494C4544004E6F207369676E8A
S2140426B061747572652076657269666963617469AA
S2140426C06F6E20737570706F72742C2061737375DF
S2140426D06D696E6720696D616765206973206F6B2D
S2140426E061792E0025732076657269666963617464
S2140426F0696F6E2025733A20307825303258004DA5
S2140427006178696D756D206E756D626572206F6691
S21404271020646F776E6C6F6164206572726F72737B
S21404272020726561636820282564292C2061626F05
S2140427307274696E672E004F544120436C7573742F
S21404274065723A2073657474696E67204945454519
S2140427502061646472657373206F66204F54412051
S214042760636C7573746572005061727469616C2071
S21404277066696C6520646F776E6C6F616420666F43
S214042780756E642C20636F6E74696E75696E67204F
S21404279066726F6D206F66667365742030782530B8
S2140427A0385800466F756E642066756C6C792064C4
S2140427B06F776E6C6F616465642066696C6520690A
S2140427C06E2073746F72616765202876657273690C
S2140427D06F6E20307825303858292E00466F756E77
S2140427E0642066696C6520696E2073746F72616715
S2140427F065207769746820646966666572656E74B8
S2140428002076657273696F6E2028307825303858C4
S21404281029207468616E2063757272656E74207602
S214042820657273696F6E2028307825303858290011
S21404283046696C6520696E2073746F7261676520E3
S21404284069732073616D65206173206375727265A8
S2140428506E742072756E6E696E6720766572736923
S2140428606F6E202830782530385829004E6F20693E
S2140428706D61676520666F756E6420696E2073747B
S2140428806F726167652E004F5441205365727669F6
S214042890636520446973636F7665727920756E622A
S2140428A06C6F636B65640049676E6F72696E672050
S2140428B07365727665722066726F6D206C6F6F70CA
S2140428C06261636B20616464726573730049676E4A
S2140428D06F72696E6720307825303458204F544123
S2140428E02073657276657220696E20736561726303
S2140428F068206F662054430053657474696E6720BD
S2140429004F54412053657276657220746F20307878
S214042910253034580044656C6179696E67202564F7
S214042920207365636F6E6473206265666F726520DC
S2140429307374617274696E67204F544120636C69C6
S214042940656E740054696D656F757420776169747B
S214042950696E6720666F72206D6573736167652E96
S21404296000426164204F544120636F6D6D616E6454
S2140429703A20307825303258004F544120636F6D2A
S2140429806D616E642030782530325820746F6F2065
S21404299073686F727420286C656E202564203C2052
S2140429A06D696E20256429004F544120636F6D6D58
S2140429B0616E642066726F6D20756E7265636F67F4
S2140429C06E697A6564207365727665722030782540
S2140429D03034582E20204D79204F54412073657290
S2140429E07665723A2030782530345800496D616730
S2140429F065204E6F7469667900476F7420756E653E
S214042A00787065637465642025732E202053746182
S214042A10727420646973636F766572792E006465D8
S214042A206661756C74004F54413A206661696C6542
S214042A306420746F2073656E64202573207265733A
S214042A40706F6E73653A2030782530325800496DC1
S214042A50616765206E6F7469667900476F742075C8
S214042A606E65787065637465642025732E2020492E
S214042A70676E6F7265642E004F54413A2044656653
S214042A8061756C7420726573706F6E736520666F03
S214042A907220496D616765206E6F746966792C20B3
S214042AA07374617475732030782530325800496D1C
S214042AB0616765206E6F7469667920636F6D6D61FA
S214042AC06E6400257320756E69636173742C2071BF
S214042AD075657279696E6700496E76616C69640023
S214042AE02573202573207061796C6F616420747976
S214042AF07065203078253032580025732025733AC7
S214042B00206F7574206F662072616E6765206A692F
S214042B10747465722025640025732025733A20702A
S214042B2061796C6F6164206C656E67746820646F8D
S214042B3065736E2774206D6174636820747970659C
S214042B402030782530325820282564203C202564FF
S214042B50290025732025732064756520746F206E04
S214042B606F6E2D6D61746368696E67206D616E7536
S214042B706661637475726572204944002573202566
S214042B80732064756520746F206E6F6E2D6D61748E
S214042B906368696E6720696D61676520747970651E
S214042BA02049440025732025732064756520746FBE
S214042BB0206D61746368696E67206669726D7761FB
S214042BC072652076657273696F6E002573202573AF
S214042BD02C2052782764204A697474657220283041
S214042BE07825303258292C205069636B6564204A56
S214042BF0697474657220283078253032582900515B
S214042C0075657279206E65787420696D61676520D4
S214042C10726573706F6E73650025732072657475C4
S214042C20726E6564203078253032582E20204E6F20
S214042C30206E657720696D61676520746F20646F08
S214042C40776E6C6F61642E00257320746F6F20732B
S214042C50686F727420282564203C2025642900258A
S214042C60733A204E657720696D6167652069732025
S214042C70617661696C61626C6520666F7220646F50
S214042C80776E6C6F61642E002573206973206E6FF7
S214042C9074207573696E67206D7920696D61676548
S214042CA020696E666F2E004552524F523A204E658A
S214042CB0787420496D61676520697320746F6F208E
S214042CC062696720746F2073746F72652028307889
S214042CD025303858203E20307825303858290025AD
S214042CE0732072657475726E65642073616D6520F9
S214042CF046696C6556657273696F6E2061732063EE
S214042D00757272656E746C7920696E7374616C6C1E
S214042D1065642E004F544120446F776E6772616479
S214042D2065732044697361626C65643A2046696C15
S214042D306556657273696F6E20626568696E642095
S214042D4063757272656E7420696E7374616C6C61FF
S214042D5074696F6E005374617274696E6720646F71
S214042D60776E6C6F61642C2056657273696F6E2083
S214042D70307825303858004572726F723A204661B2
S214042D80696C656420746F2064656C65746520697D
S214042D906D6167652E004572726F723A20466169EE
S214042DA06C656420746F206572617365206F6C6453
S214042DB02074656D7020646174612E00496D6167CE
S214042DC06520626C6F636B20726573706F6E7365DB
S214042DD0004F54413A20496D616765426C6F636BDE
S214042DE05265706F6E736520636F6E7461696E737F
S214042DF020696E76616C6964206F7220696E636FF9
S214042E006D706C65746520646174610055706461EE
S214042E1074696E67204D696E20426C6F636B205236
S214042E2065717565737420506572696F6420746F7C
S214042E30202564206D7300446F776E6C6F61642088
S214042E4064656C6179206279207365727665722098
S214042E502564206D7300446F776E6C6F6164206127
S214042E60626F727465642062792073657276657227
S214042E702E0053657276657220646F65736E2774D0
S214042E8020737570706F7274207061676520726548
S214042E9071756573742C206F6E6C79207573696E0A
S214042EA06720626C6F636B20726571756573742E30
S214042EB0005365727665722072657475726E656409
S214042EC02027756E737570706F7274656420636CFA
S214042ED0757374657220636F6D6D616E64272E0062
S214042EE0556E6B6E6F776E202573207374617475E0
S214042EF07320636F6465203078253032580025735C
S214042F002068617320646174612073697A6520287F
S214042F1025642920736D616C6C6572207468616E1B
S214042F202061637475616C207061636B65742073D3
S214042F30697A6520282564292E0025732065727217
S214042F406F723A204578706563746564206F6666B0
S214042F50736574203078253038582C2062757420B8
S214042F60676F74203078253038582E202049676ED5
S214042F706F72696E6700257320696E666F206469D8
S214042F8064206E6F74206D61746368206D792065AB
S214042F907870656374656420696E666F2E202044BD
S214042FA0726F7070696E672E004661696C65642086
S214042FB0746F20777269746520746F2073746F72EF
S214042FC0616765206465766963652100446F776E82
S214042FD06C6F6164005570677261646520656E6429
S214042FE020726573706F6E736500536572766572D2
S214042FF02061626F727465642075706772616465BF
S2140430002C207374617475733A20307825303258E6
S214043010004572726F723A202573206861642069D5
S2140430206E76616C69642025733A200066696C6567
S2140430302076657273696F6E00416464696E6720FA
S2140430402564206D732E2064656C617920666F722A
S21404305020696D6D65646961746520757067726159
S21404306064652E00436F756E74646F776E20746F9C
S21404307020757067726164653A202564206D73005C
S2140430802053746174653A2020202573002057610C
S2140430906974696E6720666F7220726573706F6EEE
S2140430A073653A20257300204E657874204576654E
S2140430B06E742054696D65723A202564206D730021
S2140430C02043757272656E7420446F776E6C6F6100
S2140430D064204F66667365743A2030782530385815
S2140430E0202825642525290025733A206661696C05
S2140430F065642070617273696E67204F5441206363
S2140431006D6420307825303258004F544120446591
S2140431106661756C7420726573706F6E7365207467
S2140431206F20636F6D6D616E64204944203078258E
S2140431303032582C207374617475732030782530BF
S214043140325800496D61676520626C6F636B20724C
S2140431506571756573742074657374206F6E6C790D
S21404316020776F726B73207768656E207374617452
S2140431706520697320424F4F544C4F41445F53546B
S2140431804154455F4E4F4E450052616E646F6D204C
S21404319044656C6179206265666F7265207374613C
S2140431A0727400446973636F766572696E67204F44
S2140431B054412053657276657200476574204F54F7
S2140431C0412053657276657220455549004F6274F6
S2140431D061696E206C696E6B206B6579005175654C
S2140431E07279696E67204E65787420496D616765EB
S2140431F000446F776E6C6F6164696E6720496D6119
S214043200676500566572696679696E6720496D61FF
S21404321067650057616974696E6720666F7220552A
S214043220706772616465206D6573736167650043DA
S2140432306F756E74646F776E20746F205570677246
S2140432406164650057616974696E6720746F2075E0
S21404325070677261646520766961206F75742D6F7E
S214043260662D62616E64206D656368616E69736D58
S2140432700025733A202564252520636F6D706C65E0
S214043280746500496D6167652025640020204552F9
S214043290524F523A20436F756C64206E6F742067E9
S2140432A065742066756C6C206865616465722100BF
S2140432B020204865616465722056657273696F6E76
S2140432C03A203078253034580020204865616465FB
S2140432D072204C656E6774683A20202564206279F3
S2140432E07465730020204669656C6420436F6E74B1
S2140432F0726F6C3A20203078253034580020204DE8
S214043300616E75662049443A202020202020203013
S2140433107825303458002020496D6167652054793B
S21404332070653A202020202030782530345800203C
S2140433302056657273696F6E3A2020202020202064
S214043340203078253038580020205A696762656531
S2140433502056657273696F6E3A203078253034587B
S21404336000202048656164657220537472696E6734
S2140433703A20202573002020496D61676520536933
S2140433807A653A2020202020256C642062797465B2
S21404339073002020536563757269747920437265DF
S2140433A0643A202030782530325800202055706743
S2140433B07261646520446573743A202020002020DE
S2140433C04D696E2E204857205665723A20202020DC
S2140433D03078253034580020204D61782E20485708
S2140433E0205665723A202020203078253034580044
S2140433F02020546F74616C20546167733A202564EE
S21404340000202020205461673A2030782530345834
S214043410002020202020204C656E6774683A202502
S2140434206C64004572726F723A20436F756C642048
S2140434306E6F74206F627461696E207461672069B0
S2140434406E666F2066726F6D20696D6167652E000B
S2140434500A256420696D6167657320696E204F5480
S214043460412073746F726167652E00496D616765EC
S2140434702064656C65746525732E004572726F72E0
S2140434803A2020436F756C64206E6F7420726561F9
S2140434906420626C6F636B3A203078253032582E85
S2140434A00A005374617274696E672065726173658D
S2140434B02066726F6D206F6666736574203078259B
S2140434C030385820746F2030782530385800436FD1
S2140434D0756C64206E6F7420737461727420455228
S2140434E04153452120283078253032582900454557
S2140434F050524F4D20457261736520636F6D706C3A
S214043500657465002F686F6D652F72756E6E6572D3
S2140435102F776F726B2F747579612D7A6967626580
S214043520652D7377697463682F747579612D7A696C
S214043530676265652D7377697463682F73696C6158
S21404354062735F746F6F6C732F73696D706C6963ED
S2140435506974795F73646B2F70726F746F636F6CCA
S2140435602F7A69676265652F6170702F6672616D68
S21404357065776F726B2F706C7567696E2F6F7461E9
S2140435802D73746F726167652D73696D706C652D2C
S214043590656570726F6D2F6F74612D73746F7261D1
S2140435A067652D656570726F6D2D706167652D6535
S2140435B0726173652E63002F686F6D652F72756E6A
S2140435C06E65722F776F726B2F747579612D7A69B9
S2140435D0676265652D7377697463682F747579619E
S2140435E02D7A69676265652D7377697463682F73CE
S2140435F0696C6162735F746F6F6C732F73696D703F
S2140436006C69636974795F73646B2F70726F746F1F
S214043610636F6C2F7A69676265652F6170702F66B9
S21404362072616D65776F726B2F706C7567696E2F3C
S2140436306F74612D73746F726167652D73696D7035
S2140436406C652D656570726F6D2F6F74612D737464
S2140436506F726167652D656570726F6D2E63004FBE
S21404366054412053696D706C652053746F726167A2
S2140436706520454550524F4D207761726E696E67DE
S2140436803A20636F756C64206E6F742067657420CF
S214043690736C6F7420696E666F20666F7220736C2D
S2140436A06F7420256420286572726F722030782526
S2140436B0303258292E2044656661756C74696E67CD
S2140436C020746F207370656369666965642061643D
S2140436D06472657373206F666673657473005374DF
S2140436E06F72616765204472697665723A2020209D
S2140436F0202020202020202020204F5441205369C1
S2140437006D706C652053746F726167652045455013
S214043710524F4D20506C7567696E00526561642087
S2140437204D6F6469667920577269746520537570A5
S214043730706F72743A20206E6F00534F4320426FAE
S2140437406F746C6F6164696E6720537570706F7206
S214043750743A2020202079657300426F6F746C6F72
S214043760616465722053746F726167652053757067
S214043770706F72743A20557365206669727374208C
S214043780736C6F7400536C6F7420746F207573655C
S2140437903A20202020202020202020202020202006
S2140437A02025640043757272656E7420446F776ECC
S2140437B06C6F6164204F66667365743A202020201F
S2140437C03078253038580045424C20537461727462
S2140437D0204F66667365743A20202020202020201F
S2140437E020202030782530385800454550524F4D1B
S2140437F02053746172743A20202020202020202038
S2140438002020202020203078253038580045455088
S214043810524F4D20456E643A202020202020202040
S21404382020202020202020202030782530385800E2
S214043830496D61676520496E666F205374617274C2
S2140438403A202020202020202020202030782530D8
S2140438503858005361766520526174652028627971
S214043860746573292020202020202020202020304A
S2140438707825303858004F6666736574206F662066
S214043880646F776E6C6F6164206F66667365742010
S2140438902020307825303858004F666673657420CB
S2140438A06F662045424C206F66667365743A202026
S2140438B02020202020307825303858004F66667344
S2140438C06574206F6620696D616765207374617224
S2140438D0743A202020202020307825303858007371
S2140438E06C5F7A69676265655F61665F6F74615F66
S2140438F073746F726167655F6472697665725F720E
S2140439006561645F63622829206661696C65642169
S21404391000426164206D61676963206E756D62653F
S2140439207220696E2066696C653A203078253032DC
S21404393058203078253032582030782530325820B8
S2140439403078253032580042616420766572736997
S2140439506F6E20696E2066696C6520307825303479
S21404396058004572726F723A2072656164416E64E3
S21404397056616C696461746553746F726564496DED
S214043980616765282920747269656420746F2072E3
S214043990656164206D6F726520646174612074686B
S2140439A0616E20697420636F756C6420686F6C6444
S2140439B02E00736C5F7A69676265655F61665F6F28
S2140439C074615F73746F726167655F64726976654C
S2140439D0725F726561645F63622829204641494CC0
S2140439E0454421004C617374206F666673657420C9
S2140439F0646F776E6C6F616465643A203078253046
S214043A0038580053746F72616765204D6F64756C27
S214043A10653A204F54412053696D706C6520537489
S214043A206F7261676520506C7567696E00496D61D9
S214043A306765732053746F7265643A20202564208A
S214043A406F6620310A00253032583A00657020250A
S214043A5030325820636C75732025303458206174D6
S214043A607472202530345820737672202563002023
S214043A706D6667202530325800207265706F727448
S214043A80206D696E2025303458206D6178202530ED
S214043A903458207270742D636867202530385800B7
S214043AA020726563656976652066726F6D202530C1
S214043AB0345820657020253032582074696D656F3F
S214043AC0757420253034580072656D6F7665006312
S214043AD06C656172696E67206C61737420726570C0
S214043AE06F72742074696D65206F6620616C6C203B
S214043AF0617474726962757465730074657374694D
S214043B006E672074696D696E67206F6620766172D1
S214043B10696F7573207265706F7274696E67206F53
S214043B207065726174696F6E73002D2D2D2D2D2DA9
S214043B302D2D2D2D2D2D2D2D2D2D2D2D2D2D2D2DAC
S214043B402D2D2D2D2D2D2D2D2D2D2D2D2D2D2D2D9C
S214043B502D2D2D2D2D2D2D2D2D002D2D7461626CCA
S214043B6065207265616473202D2066756C6C207404
S214043B7061626C652D2D00726573756C74203D2032
S214043B802564206D73002D2D696E6974202F2073B3
S214043B9063686564756C65207469636B2D2D2D00F0
S214043BA02D2D6C6F616420636F6E66696775726134
S214043BB074696F6E2064656661756C74732D2D0070
S214043BC02F686F6D652F72756E6E65722F776F72C4
S214043BD06B2F747579612D7A69676265652D7377C5
S214043BE0697463682F747579612D7A69676265658F
S214043BF02D7377697463682F73696C6162735F747D
S214043C006F6F6C732F73696D706C69636974795F19
S214043C1073646B2F70726F746F636F6C2F7A69673F
S214043C206265652F6170702F6672616D65776F725D
S214043C306B2F706C7567696E2F7265706F7274691E
S214043C406E672F7265706F7274696E672E630052AA
S214043C504541445F5250545F434647007265616471
S214043C605F7265706F7274696E675F636F6E6669A4
S214043C706775726174696F6E005265706F727469ED
S214043C806E673A206661696C656420746F2073659C
S214043C906E6420257320726573706F6E73653A20A8
S214043CA0307825303258004552523A2072656164A5
S214043CB0696E6720636C757374657220307825307E
S214043CC0345820617474726962757465203078257E
S214043CD03034583A20307825303258004552523A1B
S214043CE0207265706F7274696E67206F66204C4F21
S214043CF04E4720737472696E6720617474726962C9
S214043D007574652074797065206E6F742073757091
S214043D10706F727465643A20636C75737465722090
S214043D20307825303458206174747269627574650D
S214043D3020307825303458005265706F7274696E7E
S214043D406720456E7472792046756C6C202D20634E
S214043D5072656174696E67206E6577207265706F30
S214043D607274004346475F52505400202D20646905
S214043D7072656374696F6E3A253032582C2061740C
S214043D8074723A2530345800202020747970653ACD
S214043D90253032582C206D696E3A253034582C2044
S214043DA06D61783A25303458002020206368616EAF
S214043DB067653A0020202074696D656F75743A252E
S214043DC030345800636F6E6669677572655F726536
S214043DD0706F7274696E67002054434C4B20757084
S214043DE06461746520616C726561647920696E2013
S214043DF070726F6772657373004D616E75616C20C7
S214043E0054434C4B20757064617465206661696C1C
S214043E1065642E2573005374617274696E67207529
S214043E2070646174652074727573742063656E744F
S214043E306572206C696E6B206B65792070726F6397
S214043E4065737300557064617465205443204C692F
S214043E506E6B204B657900204E6577206B65792064
S214043E6065737461626C69736865643A00204572B0
S214043E70726F723A00506172746E65723A20005A1C
S214043E80434C20676C6F62616C20636C7573746559
S214043E907220636F6D6D616E64730064697265632E
S214043EA074696F6E00646973632D636F6D2D676547
S214043EB06E00646973632D636F6D2D7265630065B0
S214043EC078706563742D7265706F72742D66726F88
S214043ED06D2D6D6500757772697465006E7772690D
S214043EE07465007265706F72742D72656164007318
S214043EF0656E642D6D652D612D7265706F7274002C
S214043F0043726561746573206120676C6F62616CCF
S214043F1020646973636F76657220636F6D6D616E7E
S214043F206420666F7220746865206173736F6369BA
S214043F30617465642076616C7565732E00636C75B8
S214043F407374657249641F6174747269627574650A
S214043F5049641F6D61784E756D626572546F526563
S214043F60706F72741F0043726561746573206120FC
S214043F70676C6F62616C2073656E64206D6520618A
S214043F80207265706F727420636F6D6D616E64204D
S214043F90666F7220746865206173736F63696174F9
S214043FA065642076616C7565732E00636C75737436
S214043FB0657249641F6174747269627574654964D4
S214043FC01F64617461547970651F6D696E52657003
S214043FD06F727454696D651F6D61785265706F7287
S214043FE07454696D651F7265706F727461626C6576
S214043FF04368616E67651F0043726561746573206C
S2140440006120676C6F62616C207265616420726502
S214044010706F7274696E6720636F6D6D616E642075
S214044020666F7220746865206173736F6369617468
S214044030656420636C75737465722C206174747285
S214044040696275746520616E642073657276657244
S2140440502F636C69656E7420646972656374696F36
S2140440606E2E00636C757374657249641F61747494
S21404407072696275746549641F64697265637469FC
S2140440806F6E1F00476C6F62616C207265706F7292
S21404409074696E6720636F6D6D616E6400656E642F
S2140440A0706F696E741F636C757374657249641FF0
S2140440B061747472696275746549641F6D61736BAB
S2140440C01F0043726561746573206120676C6F62BC
S2140440D0616C207265616420636F6D6D616E64202F
S2140440E06D65737361676520746F20726561642003
S2140440F066726F6D2074686520636C757374657280
S21404410020616E64206174747269627574652073CC
S21404411070656369666965642E00636C757374659F
S2140441207249641F61747472696275746549641FA8
S2140441300043726561746573206120676C6F626109
S2140441406C20777269746520636F6D6D616E642090
S2140441506D65737361676520746F20777269746523
S21404416020746F2074686520636C757374657220A0
S214044170616E64206174747269627574652073700C
S2140441806563696669656400636C75737465724912
S214044190641F61747472696275746549641F747906
S2140441A070651F646174611F0043726561746520E5
S2140441B061206578706563742D7265706F72742DF6
S2140441C066726F6D2D6D65206D657373616765200E
S2140441D077697468206173736F63696174656420BA
S2140441E076616C7565732E00636C757374657249BD
S2140441F0641F61747472696275746549641F7469B6
S2140442006D656F75741F0043726561746520612067
S214044210446973636F76657220436F6D6D616E6477
S214044220732047656E65726174656420636F6D6D97
S214044230616E642077697468206173736F63696163
S2140442407465642076616C7565732E00636C757393
S21404425074657249641F7374617274436F6D6D6123
S2140442606E6449641F6D6178436F6D6D616E644959
S214044270641F0053657473207468652064697265EE
S2140442806374696F6E20666F7220676C6F62616C10
S21404429020636F6D6D616E64732C20656974686548
S2140442A07220636C69656E7420746F207365727611
S2140442B06572206F722073657276657220746F2043
S2140442C0636C69656E742E00536574732061206692
S2140442D06C616720736F207468617420746865204D
S2140442E06170706C69636174696F6E206672616D6B
S2140442F065776F726B2057494C4C204E4F54207292
S2140443006573706F6E6420746F20746865206E65C4
S2140443107874205A434C206D657373616765207406
S21404432068617420636F6D657320696E206F7665AF
S2140443307220746865206169722E00536574732058
S2140443406120666C616720736F20746861742074E2
S2140443506865206170706C69636174696F6E20664D
S21404436072616D65776F726B2057494C4C2072658D
S21404437073706F6E6420746F20746865206E657841
S21404438074205A434C206D657373616765207468A6
S214044390617420636F6D657320696E206F76657235
S2140443A020746865206169722E00536574732074E6
S2140443B068652044697361626C652044656661754E
S2140443C06C7420526573706F6E7365204672616DEF
S2140443D06520436F6E74726F6C2062697420746F0C
S2140443E02075736520666F7220746865206E657824
S2140443F07420636F6D6D616E6420696620746865F1
S21404440020636F6D6D616E64206973206E6F742017
S214044410616C7265616479206275696C742E0064DF
S214044420697361626C6544656661756C7452657324
S214044430706F6E73651F005365747320746865200F
S214044440666C616720746F207573652074686520D8
S214044450696E6372656D656E7465642073657175E7
S214044460656E6365206E756D6265722066726F6D2B
S21404447020746865206672616D65776F726B20665E
S2140444806F7220746865206E657874207261772078
S214044490636F6D6D616E642E007573654E6578741A
S2140444A053657175656E63651F00436C6920636FA1
S2140444B06D6D616E6420746F2063616C6C20736C28
S2140444C05F7A69676265655F61665F7365745F746A
S2140444D0696D652066756E6374696F6E20646F63BC
S2140444E0756D656E74656420696E2061662E68005D
S2140444F075746354696D651F00536574732074681E
S214044500652074776F2062797465206D616E7566B8
S2140445106163747572657220737065636966696336
S214044520206964656E74696669657220746F2075A7
S214044530736520666F7220746865206E65787420D3
S214044540636F6D6D616E64206966207468652063B0
S2140445506F6D6D616E64206973206E6F7420616C7C
S2140445607265616479206275696C742E006D666785
S214044570537065636966696349641F005472757392
S214044580742043656E746572204A6F696E204861B4
S2140445906E646C65723A20737461747573203D2082
S2140445A025732C206465636973696F6E203D20252E
S2140445B073202825303258292C2073686F7274694A
S2140445C0642030782530345800554E736563757210
S2140445D06564206A6F696E00646576696365206C3D
S2140445E065667400554E73656375726564207265FE
S2140445F06A6F696E0075736520707265636F6E66A8
S214044600696775726564206B65790073656E6420EE
S2140446106B657920696E2074686520636C656172C9
S2140446200064656E79206A6F696E006E6F20616340
S21404463074696F6E00616C6C6F772072656A6F695F
S2140446406E73206F6E6C79006E6F742000534C5F2F
S2140446505354415455535F4E4554574F524B5F5530
S21404466050203078253034580054727573742043C3
S214044670656E7465722045554920686173202573FC
S2140446806368616E6765642E00534C5F53544154EF
S21404469055535F4E4554574F524B5F444F574E0049
S2140446A0534C5F5354415455535F4E4F545F4A4FD7
S2140446B0494E454400534C5F5354415455535F5A36
S2140446C049474245455F4E4554574F524B5F4F50FE
S2140446D0454E45443A2025642073656300534C5F79
S2140446E05354415455535F5A49474245455F4E45D6
S2140446F054574F524B5F434C4F5345440025733A2F
S2140447002025730064697374726962757465640045
S21404471063656E7472616C697A656400466F726D67
S214044720002573696E67206F6E2063682025642CED
S2140447302070616E49642030782530345800457204
S214044740726F723A2044657669636520646F657398
S214044750206E6F7420737570706F727420257320CA
S2140447606E6574776F726B20666F726D6174696FB5
S2140447706E004A6F696E00496E76616C69642053F8
S214044780656375726974792050726F66696C653AF0
S2140447902030782530325800704A6F696E20666F74
S2140447A072202564207365633A20307825303258A9
S2140447B0004C696D6974696E67206475726174690A
S2140447C06F6E206F66207065726D6974206A6F69FB
S2140447D06E2066726F6D20666F726576657220282D
S2140447E03235352920746F203235340052583A2039
S2140447F05A444F2C20636F6D6D616E6420307825AB
S2140448003034582C207374617475733A20307825CC
S2140448103032580053696D706C650052583A202542
S2140448207320446573632052657370004D6174632E
S21404483068002C204D6174636865733A2025640013
S21404484044657669636520416E6E6F756E63653A7E
S214044850203078253034580052583A20494545458A
S214044860204164647265737320526573706F6E734F
S214044870650052583A204163746976652045502095
S214044880526573706F6E73652C20436F756E743A41
S214044890202564004E6F6465002C204D61746368A7
S2140448A065733A2030782530345800737461636B2E
S2140448B0207665722E205B25642E25642E256400E2
S2140448C0202573206275696C642025645D005A4453
S2140448D04F00534500484100436C7573746572007D
S2140448E0476C6F62616C00257374782030782530CD
S2140448F038582C200050726F66696C653A20257310
S2140449002028307825303458292C20436C7573744D
S21404491065723A203078253034582C20256420627D
S214044920797465732C00205A434C20257320436DFC
S214044930642049443A202564005072652D52656C03
S2140449406561736500416C706861203100416C706C
S2140449506861203200416C706861203300426574DF
S2140449606120310042657461203200426574612022
S2140449703300474100526573657420696E666F3A6A
S2140449802030782530325820282573290064656C39
S2140449906574652062696E64696E673A20253032F4
S2140449A0582025303258000102030405060708097A
S2140449B00A0B0C00010101010101010101010101C1
S2140449C0005752495445204552523A2000257365F3
S2140449D070202530325820636C7573202530345887
S2140449E020617474722025303458206E6F742073DE
S2140449F07570706F72746564002573696E76616C89
S214044A00696420646174612074797065002573613B
S214044A10747472206E6F74207772697461626C6548
S214044A200057524954453A206E6F20777269746570
S214044A302C206A7573742061207465737400524563
S214044A4041443A20617474726962757465207369AE
S214044A507A6520746F6F206C6172676520666F726A
S214044A602063616C6C657200636C6E74007372769E
S214044A707200525700524F00202052414D20200011
S214044A8020746F6B656E200065787465726E200006
S214044A90454E44504F494E54202530325800636CDE
S214044AA07573202F2073696465202F2061747472D7
S214044AB0202F206D666720202F74797065286C651A
S214044AC06E292F207277202F2073746F72616765AA
S214044AD0202F2064617461202872617729002530B4
S214044AE03458202F202573202F2025303458202F8B
S214044AF02000202F202530325820282530325829EF
S214044B00202F202573202F202573202F2000556E5C
S214044B10737570706F72746564004F54412052450B
S214044B2041443A2065703A25303258206369643A25
S214044B30253034582061747469643A25303458201A
S214044B406D736B3A25303258206D66636F64653A30
S214044B502530345800524541443A20636C7573201E
S214044B60253034582C206174747220253034582033
S214044B706661696C656420253032580052454144AC
S214044B803A20636C757320253034582C2061747475
S214044B907220253034582C20646174614C656E3A5A
S214044BA020253032582C204F4B00282563292530E9
S214044BB03258253032582530325825303258253070
S214044BC03258253032582530325825303258006451
S214044BD0697361626C65002573642C2064726F705F
S214044BE070696E67206570203078253032582063EF
S214044BF06C75732030782530345820636D6420300B
S214044C0078253032580047656E65726174656400B5
S214044C10526563656976656400446973636F766597
S214044C207220436F6D6D616E647320726573706F6E
S214044C306E73652028636F6D706C6574653A202505
S214044C4063292C202573204944733A2000307825A4
S214044C5030325820005F45585400524541445F4165
S214044C605454520057524954453A20636C75732085
S214044C70253034582061747472202530345820004E
S214044C804641494C20253032580057524954453A3B
S214044C9020746F6F2073686F727400444953435FC7
S214044CA04154545200257325733A20636C7573205F
S214044CB0253034580053766320446973633A2000E1
S214044CC0257357616974696E67202564207365636C
S214044CD020666F7220646973636F766572792074D8
S214044CE06F20636F6D706C657465005374617465D2
S214044CF020636F72726573706F6E64696E6720747A
S214044D006F207468652074686520726571756573B4
S214044D1074206E6F7420666F756E640A0025736364
S214044D206F6D706C6574652E0A0025735365727614
S214044D3069636520446973636F766572792053747A
S214044D40617465206C696D6974732072656163684B
S214044D5065640A002573496C6C6567616C20627231
S214044D606F61646361737420616464726573732C29
S214044D702072656D617070696E6720746F2076614D
S214044D806C6964206F6E652E0025734661696C65D8
S214044D906420746F2073656E64206D61746368208C
S214044DA0646973636F766572793A20307825303299
S214044DB0580025735374617274696E67206469734E
S214044DC0636F7665727920666F7220636C75737490
S214044DD06572203078253034580025734661696C36
S214044DE0656420746F2073656E642073696D706CDF
S214044DF0652064657363726970746F72207265717E
S214044E00756573743A203078253032580025734619
S214044E1061696C656420746F2073656E642049450F
S214044E2045452061646472657373207265717565A7
S214044E3073743A20307825303258002573466169F9
S214044E406C656420746F2073656E64204E574B2027
S214044E506164647265737320726571756573743A00
S214044E6020307825303258004572726F723A202509
S214044E7073206261642073696D706C652064657369
S214044E8063726970746F72206C656E6774682E0046
S214044E9025734D65737361676520746F6F2073683F
S214044EA06F72740025734D65737361676520746F44
S214044EB06F2073686F727420666F72206E756D2E25
S214044EC020656E64706F696E74730025734D61742B
S214044ED06368257320666F756E642066726F6D2036
S214044EE03078253034582E004572726F723A202579
S214044EF07320696E76616C6964206C656E6774688D
S214044F002028256420213D2025642920666F7220F0
S214044F1041637469766520456E64706F696E7420AB
S214044F20726573706F6E7365002573676F742061A6
S214044F30637469766520455020726573706F6E736E
S214044F4065005554432074696D653A2025642F2501
S214044F50642F25642025643A25643A256420282590
S214044F60303858290028556E6B6E6F776E20636C48
S214044F7075732E205B3078253034585D29000D0A71
S214044F8054253038583A005258206C656E202564F3
S214044F902C20657020253032582C20636C757320C5
S214044FA03078253034582000206D66674964202503
S214044FB0303458002046432025303258207365711B
S214044FC0202530325820636D6420253032582070F6
S214044FD061796C6F61645B004261736963004F764C
S214044FE06572207468652041697220426F6F746C24
S214044FF06F6164696E67002573525820706B742065
S214045000746F6F2073686F72743A202564203C2096
S2140450102564002573525820706B74206D616C668D
S2140450206F726D65643A202564203C202564002058
S214045030204861766520526F7574657220537570CA
S214045040706F7274002020456E6420446576696330
S21404505065204F6E6C79002020456E61626C656435
S21404506000202044697361626C6564004572726F47
S214045070722072657472696576696E6720696E66F9
S2140450806F20666F72206C6962726172792049447F
S214045090202564002573206C696272617279257319
S2140450A02070726573656E74005A69676265652060
S2140450B050726F0042696E64696E6700536563756B
S2140450C07269747920436F726500536563757269FB
S2140450D07479204C696E6B204B6579730043424BA0
S2140450E045203136334B310043424B45204453412F
S2140450F0205369676E004543430043424B452044B2
S214045100534120566572696679005061636B657415
S2140451102056616C6964617465005A4C4C004342C5
S2140451204B45203238334B31004543432032383325
S2140451304B310043424B4520636F7265004E43502B
S214045140004D756C7469206E6574776F726B0045DC
S2140451506E68616E63656420426561636F6E20529B
S21404516065710043424B45203238334B312044535B
S2140451704120566572696679004D756C74692D50C8
S214045180414E002F686F6D652F72756E6E65722FB7
S214045190776F726B2F747579612D7A6967626565AE
S2140451A02D7377697463682F747579612D7A6967CE
S2140451B06265652D7377697463682F73696C6162C1
S2140451C0735F746F6F6C732F73696D706C6963694A
S2140451D074795F73646B2F70726F746F636F6C2F68
S2140451E07A69676265652F737461636B2F636F6E8C
S2140451F06669672F736C5F7A69676265655F636F5C
S2140452006E66696775726174696F6E2E63002F68C7
S2140452106F6D652F72756E6E65722F776F726B2F5A
S214045220747579612D7A69676265652D737769741B
S21404523063682F747579612D7A69676265652D7365
S21404524077697463682F73696C6162735F746F6FD8
S2140452506C732F73696D706C69636974795F7364BA
S2140452606B2F70726F746F636F6C2F7A69676265E9
S214045270652F737461636B2F6672616D65776F72E9
S2140452806B2F6165732D6563622E63002F686F6DE7
S214045290652F72756E6E65722F776F726B2F7475CD
S2140452A079612D7A69676265652D737769746368B9
S2140452B02F747579612D7A69676265652D737769D0
S2140452C07463682F73696C6162735F746F6F6C7359
S2140452D02F73696D706C69636974795F73646B2F7F
S2140452E070726F746F636F6C2F7A69676265652F6F
S2140452F0737461636B2F73656375726974792F7A3F
S21404530069676265652D73656375726974792D6D59
S214045310616E616765722D6E6F2D7661756C742E85
S21404532063004572726F723A20204661696C656448
S21404533020746F20726561642066726F6D20454527
S21404534050524F4D2061742030782534582C2073E9
S21404535074617475733A20256400454550524F4D68
S21404536020496E697469616C697A65643A202563BC
S21404537000454550524F4D20427573793A202563B7
S214045380005061727469616C20576F7264205374A4
S2140453906F7261676520436F756E743A20256400EA
S2140453A0416464726573733A2030782534582C202F
S2140453B05061727469616C20576F72643A20307859
S2140453C0255800636F6E6669726D65640061737359
S2140453D0756D6564000A454550524F4D20496E660A
S2140453E06F004E6F7420617661696C61626C652033
S2140453F0286F6C64657220626F6F746C6F6164658D
S2140454007229005061727420446573637269707403
S214045410696F6E3A2020202020202020202025732B
S214045420004361706162696C69746965733A20202F
S21404543020202020202020202020202030782532E4
S2140454405800506167652045726173652074696D04
S21404545065202873293A2020202020202564005027
S2140454606172742045726173652074696D652028C5
S21404547073293A202020202020256400506172746D
S2140454802045726173652074696D6520286D7329E3
S2140454903A20202020202025640050616765207370
S2140454A0697A6520286279746573293A2020202059
S2140454B02020202020256C00506172742073697AA5
S2140454C06520286279746573293A202020202020DC
S2140454D0202020256C00576F72642073697A65203B
S2140454E0286279746573293A202020202020202001
S2140454F0202564202825702900454550524F4D200C
S214045500696E69743A2030782558002F686F6D6587
S2140455102F72756E6E65722F776F726B2F74757936
S214045520612D7A69676265652D7377697463682F80
S214045530747579612D7A69676265652D7377697408
S21404554063682F73696C6162735F746F6F6C732F1B
S21404555073696D706C69636974795F73646B2F75B6
S21404556074696C2F706C7567696E2F706C756769DB
S2140455706E2D636F6D6D6F6E2F656570726F6D2F18
S214045580656570726F6D2E6300556E61626C652082
S214045590746F20626F6F7420696D61676520617433
S2140455A020736C6F7420256C640A00536C6F74202F
S2140455B04D616E61676572206661696C656420740E
S2140455C06F20657261736520736C6F740A004D6199
S2140455D0782072656164206C696D697420736574E3
S2140455E020746F2025642062797465730A00416410
S2140455F064726573732020202020202020202044FD
S2140456006174610A00307825346C782020202020CC
S2140456102020307825780A004661696C6564207419
S2140456206F20726561642066726F6D20666C6173AC
S214045630680A00536C6F7420256C640A2020416449
S214045640647265737320202020203A203078253435
S2140456506C580A20204C656E677468202020202031
S214045660203A20307825346C582028256C64206233
S21404567079746573290A00202054797065202020E7
S21404568020202020203A20004E6F2047424C2070D5
S214045690726573656E740A005A69674265650A0026
S2140456A05468726561640A00436F6E6E6563740ABB
S2140456B000426C7565746F6F74680A00426C756599
S2140456C0746F6F7468206170706C69636174696F5D
S2140456D06E0A004D43550A004F74686572202830E0
S2140456E078256C58290A00202056657273696F6EF7
S2140456F020202020203A203078256C580A002020CC
S2140457004361706162696C69746965733A203078C4
S21404571025346C580A00202050726F647563742018
S214045720494420203A2000307825582000536C6FD6
S21404573074204D616E616765723A206661696C65B6
S2140457406420746F20696E697469616C697A652077
S214045750626F6F746C6F6164657220286572726F15
S21404576072203078253478290A0056657273696F7A
S2140457706E20202020203A2025640A00506172748E
S21404578020202020202020203A2025730A00436170
S214045790706162696C69746965733A20307825783B
S2140457A00A00506172742073697A652020203A20BA
S2140457B0256420420A00506167652073697A652073
S2140457C020203A20256420420A00576F7264207312
S2140457D0697A652020203A20256420420A00536C0A
S2140457E06F7473202020202020203A2025640A008D
S2140457F04661696C656420746F2072656164206616
S214045800726F6D2073746F7261676520666C617366
S2140458106820286572726F72202564290A00496E12
S21404582076616C696420736C6F7420256420286D1F
S214045830617820736C6F74202564290A00466169B8
S2140458406C656420746F2067657420696E666F20CB
S214045850666F7220736C6F742025640A00536C6F35
S21404586074204D616E616765723A20736C6F7420A4
S2140458707772697465206661696C7572652E20415D
S214045880646472657373206F666673657420282576
S2140458906429202B207772697465206C656E6774A2
S2140458A068202825642920677265617465722074EF
S2140458B068616E20746F74616C20736C6F74206CF6
S2140458C0656E67746820282564290A00536C6F7413
S2140458D0204D616E61676572207761726E696E67CE
S2140458E03A20736C6F74202564206C656E67746848
S2140458F02028256429206E6F7420616C69676E65A4
S2140459006420746F20706167652073697A65202847
S2140459102564292E2054686520656E746972652096
S214045920736C6F742077696C6C206E6F742062657C
S214045930206572617365642E0A00536C6F74204D83
S214045940616E616765723A206661696C656420748D
S2140459506F206572617365202564206279746573AF
S21404596020696E20736C6F74202564206174206136
S21404597064647265737320307825347820286572E1
S214045980726F722030782578290A00457261736533
S2140459906420256420627974657320696E20736CB4
S2140459A06F742025640A004661696C656420746F10
S2140459B02073657420736C6F7420746F20626F6F2D
S2140459C07420286572726F72203078253478290A1C
S2140459D0004661696C656420746F20736574206C7E
S2140459E0697374206F6620736C6F747320746F20F1
S2140459F0626F6F7420286572726F72203078253457
S214045A0078290A004661696C656420746F206765AE
S214045A1074206E6577206C697374206F6620736CCF
S214045A206F747320746F20626F6F742028657272AF
S214045A306F72203078253478290A00426567696ECB
S214045A406E696E6720696D61676520766572696642
S214045A5069636174696F6E2E2E2E002E6661696C02
S214045A6065642120284572726F7220307825347858
S214045A70290A002E7061737365642120426F6F7467
S214045A80696E6720736C6F742025640A00666E69FD
S214045A902B00666E69006E616E00666E692D006C82
S214045AA0696273006273656E640072657365740080
S214045AB07261770073656E645F6D756C746963619B
S214045AC073740073656E642D7573696E672D6D75DA
S214045AD06C7469636173742D62696E64696E6700C1
S214045AE074696D6573796E63006765742D70746987
S214045AF02D726164696F2D636F6E66696700636FEC
S214045B006E6669672D6363612D6D6F6465006576E7
S214045B10656E7473007365637572697479007A6967
S214045B20676265655F7072696E7400706C7567692C
S214045B306E006E6574006B657973006F7074696FC0
S214045B406E00706C7567006368616E67656B657977
S214045B50006368616E67656B007A646F00707269D3
S214045B606E742072656C6174656420636F6D6D611C
S214045B706E64732E0061747472005A646F207265CA
S214045B806C6174656420636F6D6D616E64732E0062
S214045B90726F75746500706F776572006D676D74EB
S214045BA02D6C7169006D676D742D62696E64006E8C
S214045BB06F64650073696D706C6500696565650082
S214045BC06E776B00756E62696E64006E776B2D750A
S214045BD07064006F75742D636C2D6C697374006942
S214045BE06E2D636C2D6C697374005A646F20696E35
S214045BF02D636C2D6C6973742072656C61746564B6
S214045C0020636F6D6D616E64732E005A646F206F2F
S214045C1075742D636C2D6C6973742072656C617475
S214045C20656420636F6D6D616E64732E005A646FD5
S214045C30206E776B2D7570642072656C6174656474
S214045C4020636F6D6D616E64732E007363616E2DD9
S214045C506368616E2D6D61736B007363616E0063C0
S214045C6068616E5067006368616E005A646F2075E1
S214045C706E62696E642072656C6174656420636F1D
S214045C806D6D616E64732E00756E69636173740066
S214045C906368616E67656B65792072656C617465AF
S214045CA06420636F6D6D616E64732E006C696E6B39
S214045CB0004F7074696F6E2072656C617465642041
S214045CC0636F6D6D616E64732E00726567697374BD
S214045CD06572006469736300696E7374616C6C2D1D
S214045CE0636F64650062696E64696E672D746162D1
S214045CF06C65007072696E742D72782D6D7367739F
S214045D000061707372657472790041505320726535
S214045D1074727920666C616720666F7263652063AF
S214045D206F6D6D616E647300456E61626C65732F92
S214045D3044697361626C6573207072696E74696E0F
S214045D4067206F66205278206D657373616765738C
S214045D502E00656E61626C650042696E64696E67EA
S214045D60207461626C652072656C6174656420637E
S214045D706F6D6D616E64732E00536563757269741E
S214045D8079206B6579732072656C61746564206331
S214045D906F6D6D616E64732E0064656C657465006A
S214045DA04E6574776F726B2072656C6174656420DF
S214045DB0636F6D6D616E64732E00666F726D007234
S214045DC0656A6F696E2D646966662D6465766963B7
S214045DD0652D747970650065787470616E69640009
S214045DE069736F70656E0062726F61642D706A6F9E
S214045DF0696E006368616E67652D6368616E6E65C3
S214045E006C00696E6974006368616E67652D6B6506
S214045E1065702D616C6976652D6D6F6465007469B7
S214045E206D656F75742D6F7074696F6E2D6D61730B
S214045E306B006D756C74692D7068792D737461725E
S214045E4074006D756C74692D7068792D73746F7039
S214045E500066696E64006E6574776F726B2066699F
S214045E606E6420636F6D6D616E64732E006A6F6975
S214045E706E61626C6500756E7573656400736C6F35
S214045E80742D6D616E6167657200636F756E7465FF
S214045E9072730066696E642D616E642D62696E6449
S214045EA000667261676D656E746174696F6E006713
S214045EB0726F7570732D736572766572006E657495
S214045EC0776F726B2D7374656572696E67006F7495
S214045ED0612D626F6F746C6F6164006F74612D6303
S214045EE06C69656E74006F74612D73746F7261678C
S214045EF0652D636F6D6D6F6E006F74612D73746FB7
S214045F00726167652D656570726F6D0069646C6596
S214045F102D736C656570007570646174652D7463AB
S214045F202D6C696E6B2D6B65790075706461746594
S214045F302D74632D6C696E6B2D6B65792072656CA0
S214045F406174656420636F6D6D616E64730074695B
S214045F506D6572006E6F7700436F6D6D616E64736E
S214045F6020746F20636F6E74726F6C2069646C6942
S214045F706E672F736C656570696E67206F66207434
S214045F8068652064657669636500666F7263652D6F
S214045F906177616B65006177616B652D7768656E07
S214045FA02D6E6F742D6A6F696E6564007265706F0E
S214045FB07274696E672072656C6174656420636FC1
S214045FC06D6D616E64732E00636C6561722D6C6119
S214045FD073742D7265706F72742D74696D650074B8
S214045FE06573742D74696D696E67006F74612D73C3
S214045FF0746F726167652D656570726F6D2072656A
S2140460006C6174656420636F6D6D616E64732E00DD
S21404601077697065006F74612D73746F726167655C
S2140460202D636F6D6D6F6E2072656C617465642090
S214046030636F6D6D616E6473007072696E74496D22
S214046040616765730072656C6F61640073746F7268
S2140460506167652D696E666F00646174612D707288
S214046060696E74006F74612D636C69656E7420725A
S214046070656C6174656420636F6D6D616E64732E08
S2140460800076657269667900626C6F636B2D746561
S214046090737400706167652D72657175657374003D
S2140460A0757067726164652D7265717565737400C9
S2140460B064697361626C652D646F776E6772616480
S2140460C0657300656E61626C652D646F776E6772CA
S2140460D061646573006F74612D626F6F746C6F61B9
S2140460E0642072656C6174656420636F6D6D616EA7
S2140460F06473006E6574776F726B2D737465657266
S214046100696E672072656C6174656420636F6D6D7B
S214046110616E64732E007072652D636F6E666967B8
S214046120757265642D6B65792D736574006D617386
S2140461306B2072656C6174656420636F6D6D616E4F
S214046140642E0073756274726163740067726F758F
S21404615070732D7365727665722072656C617465F2
S2140461606420636F6D6D616E64732E006672616782
S2140461706D656E746174696F6E2072656C617465AA
S2140461806420636F6D6D616E64732E007365742D89
S21404619072782D77696E646F772D73697A650061FE
S2140461A072746966696369616C2D626C6F636B2DCA
S2140461B064726F700046696E6420616E6420626962
S2140461C06E642072656C6174656420636F6D6D61C6
S2140461D06E64732E00696E69746961746F7200650B
S2140461E06E61626C655F7479706500737461636B6D
S2140461F000617070007A636C006C65676163795F38
S21404620061665F646562756700636F756E74657258
S214046210732072656C6174656420636F6D6D616E66
S21404622064732E007072696E742D636F756E746578
S214046230722D747970650073696D706C652D70725B
S214046240696E74007072696E742D74687265736812
S2140462506F6C6473007365742D7468726573686F0D
S2140462606C640072657365742D7468726573686F08
S2140462706C64730073656E642D72657175657374F2
S2140462800073656375726974792072656C617465F0
S2140462906420636F6D6D616E6473007365742D6145
S2140462A06C6C6F772D74727573742D63656E74657C
S2140462B0722D72656A6F696E2D7573696E672D77B8
S2140462C0656C6C2D6B6E6F776E2D6B6579007365E0
S2140462D0742D616C6C6F772D74727573742D636591
S2140462E06E7465722D72656A6F696E2D7573696E4C
S2140462F0672D77656C6C2D6B6E6F776E2D6B65797D
S2140463002D74696D656F7574007365742D6B65798E
S2140463102D726571756573742D706F6C6963790081
S2140463206D66672D746F6B656E00617073005365E0
S214046330637572697479206170732072656C617418
S214046340656420636F6D6D616E64732E00476574BB
S2140463502F736574204D464720746F6B656E2E0050
S214046360656E64706F696E742072656C61746564C2
S21404637020636F6D6D616E64732E00656570726F59
S2140463806D207574696C6974792072656C617465C6
S2140463906420636F6D6D616E647300536C6F74205C
S2140463A04D616E616765722072656C617465642008
S2140463B0636F6D6D616E647300626F6F742D736CC2
S2140463C06F740065726173652D736C6F7400657805
S2140463D0742D666C6173682D696E666F00736C6FDE
S2140463E074732D696E666F005072696E74732074D0
S2140463F0696D652E005072696E74732061747472D0
S21404640069627574652E00436C65617273207468E6
S21404641065205A444F206C697374206F6620636C41
S21404642069656E742028696E2920636C75737465BB
S21404643072732E004164647320636C7573746572A2
S2140464407320746F20746865206B6E6F776E20639C
S2140464506C69656E742028696E2920636C75737484
S214046460657273206F6E207468697320646576693C
S21404647063652E00436C6561727320746865205AE8
S214046480444F206C697374206F6620636C69656E74
S2140464907420286F75742920636C75737465727321
S2140464A02E004164647320636C7573746572732084
S2140464B0746F20746865206B6E6F776E20636C69EA
S2140464C0656E7420286F75742920636C7573746503
S2140464D07273206F6E2074686973206465766963CE
S2140464E0652E0053656E647320616E20757064615A
S2140464F07465206368616E6E656C2072657175657F
S21404650073742E006368616E6E656C1F0053656E4F
S214046510647320616E2075706461746520636861BD
S2140465206E6E656C2070616765207265712E2054EE
S214046530686520737461636B2073656E6473206E84
S214046540776B20656E68616E636564207570646140
S21404655074652072657120666F72206E6F6E2D7A78
S21404656065726F20706167652E006368616E6E6584
S2140465706C1F706167651F00506572666F726D737D
S21404658020616E20656E65726779207363616E2E76
S214046590007461726765744E6F646549641F736343
S2140465A0616E4475726174696F6E1F7363616E43C6
S2140465B06F756E741F0042726F61646361737473E7
S2140465C020746865204944206F6620746865206ED0
S2140465D06577206E6574776F726B206D616E616788
S2140465E0657220616E6420616374697665206368F1
S2140465F0616E6E656C732E006E776B4D67654964CD
S2140466001F6368616E6E656C4D61736B1F00506529
S21404661072666F726D7320616E20656E657267793F
S214046620207363616E206F6E20676976656E2063E3
S21404663068616E6E656C206D61736B2E007461729A
S2140466406765744E6F646549641F7363616E447551
S214046650726174696F6E1F7363616E436F756E74D7
S2140466601F6368616E6E656C4D61736B1F005365C6
S2140466706E64732061206E6574776F726B2061643C
S2140466806472657373207265717565737420666FC2
S214046690722074686520676976656E2049454545AD
S2140466A020616464726573732E00696565651F00F6
S2140466B0526571756573747320616E20494545454E
S2140466C02061646472657373206261736564206F0D
S2140466D06E206120676976656E206E6F646520495A
S2140466E0442E006E6F646549641F0053656E6473C0
S2140466F020612073696D706C6520646573637269CC
S21404670070746F72207265717565737420666F722B
S214046710207468652073686F72742061646472659F
S214046720737320616E6420656E64706F696E742086
S2140467307370656369666965642E00646573741FA7
S214046740746172676574456E64706F696E741F0059
S21404675053656E64732061206D6174636844657369
S21404676063726970746F72735265717565737420A1
S214046770746F2074686520676976656E2064657337
S21404678074696E6174696F6E2077697468207468C2
S2140467906520676976656E2070726F66696C652E13
S2140467A0006E6F646549641F70726F66696C651F5E
S2140467B00053656E64732061206E6F6465206465A3
S2140467C07363726970746F72207265717565737421
S2140467D020746F206120676976656E207461726725
S2140467E06574206465766963652E007461726765F6
S2140467F0741F0053656E64732061205A444F204210
S214046800696E6420636F6D6D616E6420746F2061C1
S2140468102064657669636520737065636966696577
S2140468206420696E2074686520636F6D6D616E64A4
S21404683020617267756D656E74732E00446573749B
S214046840696E6174696F6E1F536F75726365206538
S2140468506E64706F696E741F44657374696E6174D8
S214046860696F6E20656E64706F696E741F636C75F5
S2140468707374657249441F72656D6F746545554936
S21404688036341F6465737445554936341F005365A2
S2140468906E647320616E2061637469766520656E2C
S2140468A064706F696E742072657175657374207494
S2140468B06F207468652064657669636520776974FB
S2140468C0682074686520676976656E2073686F72E1
S2140468D0742049442E0053656E647320616E2075DF
S2140468E06E62696E64207265717565737420666F76
S2140468F072206120756E69636173742062696E64C8
S214046900696E6720746F20746865207461726765A9
S21404691074206465766963652E00746172676574B5
S2140469201F736F757263652065756936341F736FE0
S2140469307572636520656E64706F696E741F636C30
S214046940757374657249441F64657374696E617403
S214046950696F6E45554936341F64657374696E6194
S21404696074696F6E20656E64706F696E741F005371
S214046970656E647320616E20756E62696E64207243
S21404698065717565737420666F722061206D756C11
S2140469907469636173742062696E64696E672074D7
S2140469A06F20746865207461726765742064657608
S2140469B06963652E007461726765741F736F757200
S2140469C063652065756936341F736F757263652059
S2140469D0656E64706F696E741F636C75737465722C
S2140469E049441F67726F7570416464726573731FE0
S2140469F00053656E64732061205A444F204D616EC7
S214046A006167656D656E74204C6561766520636F9D
S214046A106D6D616E6420746F207468652074617295
S214046A20676574206465766963652E0074617267B1
S214046A3065741F72656D6F76654368696C6472650C
S214046A406E1F72656A6F696E1F0053656E647320ED
S214046A5061205A444F204D474D542D42696E6420A0
S214046A602842696E64696E67205461626C652920E9
S214046A705265717565737420746F2074686520742C
S214046A806172676574206465766963652E00746157
S214046A90726765741F7374617274496E6465781FD7
S214046AA00053656E64732061205A444F204D474D51
S214046AB0542D4C514920284C5149205461626C6530
S214046AC029205265717565737420746F2074686527
S214046AD020746172676574206465766963652E0048
S214046AE053656E64732061205A444F20506F776557
S214046AF0722044657363726970746F722052657194
S214046B007565737420746F20746865207461726789
S214046B106574206465766963652E0053656E6473D8
S214046B202061205A444F20726F7574652072657117
S214046B307565737420636F6D6D616E6420746F2069
S214046B40746865207461726765742E007461726778
S214046B5065741F696E6465781F00696E6465781FC6
S214046B6065756936341F696E7374616C6C436F6443
S214046B70651F00696E6465781F65756936341F6B1A
S214046B8065791F005443206C696E6B206B65792011
S214046B907265717565737420706F6C6963791F41D3
S214046BA07070206C696E6B206B65792072657175E8
S214046BB065737420706F6C6963791F00426F6F6C25
S214046BC03A20616C6C6F77207472757374206365F9
S214046BD06E7465722072656A6F696E207573696E6D
S214046BE0672077656C6C2D6B6E6F776E206B65799E
S214046BF01F0070726F66696C6549641F636C7573F9
S214046C0074657249641F0074617267657449641F11
S214046C1000456E61626C6573207072696E74696E8D
S214046C2067206F66205278206D657373616765739D
S214046C302E0053657473207468652062696E6469F7
S214046C406E67207461626C6500696E6465781F63A4
S214046C506C75737465721F6C6F63616C45701F721C
S214046C60656D6F746545701F65756936341F00431E
S214046C706C65617273207468652062696E64696EFF
S214046C8067207461626C652E005072696E7473209E
S214046C907468652062696E64696E67207461626CEC
S214046CA06520746F2074686520636F6D6D616E6413
S214046CB0206C696E652E00436C6561727320616C8E
S214046CC06C207365637572697479206B6579732EAD
S214046CD00044656C6574652074686520737065632C
S214046CE06966696564206C696E6B206B65792069DA
S214046CF06E6465782E005072696E747320616C6CD5
S214046D00207365637572697479206B6579732E00D8
S214046D105465726D696E6174657320746865206D60
S214046D20756C74692D50485920696E746572666175
S214046D306365005573656420746F207374617274A0
S214046D40206D756C74692D50485920696E7465728F
S214046D5066616365206F74686572207468616E206E
S214046D606E617469766520616E6420666F726D204C
S214046D70746865206E6574776F726B2E2054686530
S214046D8020737461636B20757365732073616D651E
S214046D902050616E4964206173206E617469766563
S214046DA020726164696F206E6574776F726B2E0053
S214046DB0706167651F6368616E6E656C1F706F77C0
S214046DC065721F6F7074696F6E734D61736B2028E4
S214046DD04269742030203D20526F757465727320AA
S214046DE0616C6C6F7765642C204269742031203D99
S214046DF02042726F61646361737420616C6C6F7798
S214046E006564291F00417474656D70747320746F13
S214046E10206368616E676520746865206368696CC2
S214046E20642074696D656F7574206F7074696F6E15
S214046E30206D61736B20746F2066696C74657220B4
S214046E406F757420756E646573697261626C652013
S214046E5076616C7565732028652E672E206E6F200C
S214046E606D6F7265207468616E2033206461797377
S214046E70292E0074696D656F7574206F7074696F60
S214046E806E206D61736B1F00537769746368657356
S214046E90206265747765656E2064696666657265EA
S214046EA06E74206B65657020616C697665206D6F05
S214046EB064657320737570706F727465642062798C
S214046EC0206120726F757465722E004B65657020A4
S214046ED0616C697665206D6F64651F005072696E1B
S214046EE07473207468652063757272656E74204EC0
S214046EF06F64652049442C2045554936342C20615E
S214046F006E642050616E2049442E00496E6974698F
S214046F10616C697A65732061206E6574776F726B35
S214046F203B207468697320697320612074657374E8
S214046F3020636F6D6D616E64207573656420666F83
S214046F40722074632D737761702D6F757420746569
S214046F507374696E672E00536574732074686520B5
S214046F606E6574776F726B20696E646578207573CE
S214046F70656420627920616C6C2066757475726530
S214046F8020434C4920636F6D6D616E64732E202020
S214046F904265666F726520657865637574696E67A9
S214046FA0206120434C4920636F6D6D616E642C2014
S214046FB0746865206672616D65776F726B2073778F
S214046FC069746368657320746F2074686973206ECF
S214046FD06574776F726B2E20204166746572207418
S214046FE0686520636F6D6D616E642066696E697393
S214046FF068657320657865637574696E672C20749C
S2140470006865206672616D65776F726B2073776949
S2140470107463686573206261636B20746F207468A0
S214047020652070726576696F7573206E6574776F08
S214047030726B2E202054686520434C492075736576
S21404704073207468652073616D65206E6574776F50
S214047050726B20696E64657820756E74696C207432
S2140470606865206465766963652072657365747304
S214047070206F72206974206973206368616E676587
S21404708064207468726F7567682074686973206317
S2140470906F6D6D616E642E00417474656D707473EB
S2140470A020746F206368616E676520646576696323
S2140470B065206F76657220746F2061206469666649
S2140470C06572656E74206368616E6E656C206769B0
S2140470D076656E20696E20746865206368616E6EDE
S2140470E0656C20617267756D656E742E00546865F4
S2140470F0206368616E6E656C20746F206368616ED1
S214047100676520746F1F0066696E64556E757365D7
S2140471106450616E49640066696E644A6F696E61A4
S214047120626C654E6574776F726B005065726D693C
S2140471307473206A6F696E696E67206F6E20746858
S21404714065206E6574776F726B20666F722061209F
S214047150676976656E206E756D626572206F66204F
S2140471607365636F6E647320414E442062726F6170
S2140471706463617374732061205A444F204D676DB5
S21404718074205065726D6974204A6F696E696E6703
S214047190207265717565737420746F20616C6C2041
S2140471A0726F75746572732E00412073696E676C16
S2140471B065206279746520696E6469636174696EBA
S2140471C06720686F77206C6F6E672074686520642C
S2140471D065766963652073686F756C64206861768C
S2140471E065207065726D6974206A6F696E696E6772
S2140471F0207475726E6564206F6E20666F722E2022
S214047200412076616C7565206F662030786666204E
S2140472107475726E73206F6E207065726D6974205B
S2140472206A6F696E20696E646566696E6974656CFA
S214047230792E1F00436865636B73206E6574776FE1
S214047240726B20706A6F696E207374617475732E26
S2140472500057726974657320746865206578746570
S2140472606E6465642070616E20494420666F7220E7
S214047270746865206465766963652E006578747045
S214047280616E69641F0052656A6F696E7320616E71
S214047290206578697374696E67206E6574776F729B
S2140472A06B20696E206120736563757265206F724A
S2140472B020696E736563757265206D616E6E6572A6
S2140472C02077697468206120646966666572656EF5
S2140472D0742064657669636520747970652E00424F
S2140472E06F6F6C65616E206E6574776F726B206B62
S2140472F0657920617661696C6162696C6974791F6D
S2140473004368616E6E656C206D61736B1F416E2001
S214047310656E756D65726174696F6E20696E6469F9
S214047320636174696E672074686520646576696352
S21404733065207479706520746F2072656A6F696E53
S2140473402061732E54686520737461636B206F6EBE
S2140473506C79206163636570747320534C5F5A497B
S214047360474245455F454E445F444556494345209C
S214047370616E6420534C5F5A49474245455F534CFF
S214047380454550595F454E445F4445564943452E4E
S2140473901F0052654A6F696E732061206E657477AC
S2140473A06F726B2E00426F6F6C65616E206E657433
S2140473B0776F726B206B657920617661696C6162A8
S2140473C0696C6974791F4368616E6E656C206D61C3
S2140473D0736B1F004C65617665732061206E65745F
S2140473E0776F726B2E005475726E73207065726DB3
S2140473F06974206A6F696E696E67206F6E20666FA7
S214047400722074686520616D6F756E74206F6620D7
S21404741074696D6520696E646963617465642E00C1
S214047420412073696E676C65206279746520696EA5
S2140474306469636174696E6720686F77206C6F6E29
S2140474406720746865206465766963652073686F71
S214047450756C642068617665207065726D69742049
S2140474606A6F696E696E67207475726E206F6E201F
S214047470666F722E20412076616C7565206F6620DB
S21404748030786666207475726E73207065726D69E6
S21404749074206A6F696E20696E646566696E6974C5
S2140474A0656C792E1F004A6F696E732061206E65C5
S2140474B074776F726B206F6E206120676976656ED5
S2140474C0206368616E6E656C2C2077697468206131
S2140474D020676976656E20545820506F7765722051
S2140474E0616E642050414E2049442E005468652045
S2140474F06368616E6E656C206F6E2077686963687A
S21404750020746F206A6F696E20746865206E6574D7
S214047510776F726B1F4F6E652D6279746520736981
S214047520676E65642076616C756520696E64696350
S2140475306174696E672074686520545820506F77AC
S2140475406572207468617420746865207261646969
S2140475506F2073686F756C64206265207365742091
S214047560746F1F5468652050414E204944206F6E46
S21404757020776869636820746F206A6F696E207468
S2140475806865206E6574776F726B1F00466F726D48
S214047590732061206E6574776F726B206F6E206146
S2140475A020676976656E206368616E6E656C2C2054
S2140475B077697468206120676976656E2054582060
S2140475C0506F77657220616E642050414E204944A6
S2140475D02E00546865206368616E6E656C206F6E5D
S2140475E020776869636820746F20666F726D2074F4
S2140475F06865206E6574776F726B1F4F6E652D62BB
S214047600797465207369676E65642076616C756548
S21404761020696E6469636174696E672074686520A6
S214047620545820506F7765722074686174207468AB
S2140476306520726164696F2073686F756C6420627C
S214047640652073657420746F1F5468652050414E1E
S214047650204944206F6E20776869636820746F2021
S214047660666F726D20746865206E6574776F726BD2
S2140476701F005468697320696E6974696174657360
S21404768020612054434C4B207570646174652070EF
S214047690726F6365647572652E0053706563696600
S2140476A0792074686520616D6F756E74206F66202E
S2140476B074696D6520746F207761697420616674DF
S2140476C06572206F6E652054434C4B207570646160
S2140476D07465206F7065726174696F6E20636F6D78
S2140476E0706C65746573206265666F72652062658A
S2140476F067696E6E696E672061206E6577205443F5
S2140477004C4B20757064617465206F70657261748B
S214047710696F6E2E0054686520616D6F756E7420F7
S2140477206F662074696D65206265747765656E2082
S21404773073756273657175656E742074727573748F
S2140477402063656E746572206C696E6B206B657958
S214047750207570646174657320696E206D696C6C45
S214047760697365636F6E64731F00536574206F726C
S21404777020636C6561722073746179206177616B34
S21404778065207768656E206E6F74206A6F696E6513
S2140477906400536574206F7220636C6561722066A2
S2140477A06F726365206177616B6500446973706C02
S2140477B061792074686520736C65657020737461E4
S2140477C074757300464F522054455354494E47200F
S2140477D0505552504F534553202D206761746865A9
S2140477E0722074696D696E67206D6574726963735F
S2140477F020666F72207265706F7274696E6720748B
S21404780061626C65206F7065726174696F6E732E49
S21404781000436C6561727320746865206C617374D0
S214047820207265706F72742074696D65206F6620AF
S214047830617474726962757465732E00416464734E
S2140478402061206E657720656E74727920746F20CF
S214047850746865207265706F7274207461626C65FA
S2140478602E00546865206C6F63616C20656E6470CE
S2140478706F696E742066726F6D207768696368201E
S21404788074686520617474726962757465206973BE
S214047890207265706F727465641F54686520636C2B
S2140478A075737465722077686572652074686520E0
S2140478B0617474726962757465206973206C6F6391
S2140478C0617465641F546865204944206F6620749B
S2140478D0686520617474726962757465206265698E
S2140478E06E67207265706F727465641F3020666FF1
S2140478F07220636C69656E742D73696465206174A7
S2140479007472696275746573206F72203120666FB5
S21404791072207365727665722D736964652061746E
S21404792074726962757465731F546865206D696E38
S214047930696D756D207265706F7274696E67206903
S2140479406E74657276616C2C206D656173757265F4
S2140479506420696E207365636F6E64732E1F5468AB
S21404796065206D6178696D756D207265706F7274CF
S214047970696E6720696E74657276616C2C206D651D
S21404798061737572656420696E207365636F6E64D7
S214047990732E1F546865206D696E696D756D20635E
S2140479A068616E676520746F2074686520617474FE
S2140479B072696275746520746861742077696C6C8A
S2140479C020726573756C7420696E20612072657010
S2140479D06F7274206265696E672073656E742E1FFD
S2140479E00052656D6F76657320616E20656E7472E5
S2140479F0792066726F6D20746865207265706F7288
S214047A0074207461626C652E0054686520696E6427
S214047A106578206F6620746865207265706F72746E
S214047A2020746F2062652072656D6F7665641F0032
S214047A30436C6561727320616C6C20656E74726948
S214047A4065732066726F6D20746865207265706F4A
S214047A507274207461626C652E005072696E747361
S214047A6020746865207265706F7274207461626C2D
S214047A70652E00576970657320616C6C20646174B0
S214047A806120696E207468652073746F726167651F
S214047A90206465766963652E005072696E7473207F
S214047AA06172626974726172792062797465732096
S214047AB06F6620746865204F544120696D61676560
S214047AC0206F6E206469736B2E0054686520696E9F
S214047AD0646578206F662074686520696D616765E3
S214047AE020746F207072696E7420697473206461E8
S214047AF074611F546865206F666673657420696ECA
S214047B00746F20746865204F544120696D61676501
S214047B1020746861742077696C6C206265207072CA
S214047B20696E7465641F005072696E747320696EA2
S214047B30666F726D6174696F6E2061626F75742012
S214047B407468652073746F7261676520646576690E
S214047B5063652E0052656C6F6164207468652073DB
S214047B60746F72616765206465766963652E004488
S214047B70656C657465732074686520696D616765F6
S214047B80206174207468652073706563696669652E
S214047B906420696E6465782E0054686520696E6496
S214047BA0657820617420776869636820746F206242
S214047BB06567696E2064656C6574696E67207468B1
S214047BC06520696D6167651F005072696E74732065
S214047BD074686520696D616765732E00456E616221
S214047BE06C6573204F544120646F776E67726164CE
S214047BF065732E0044697361626C6573204F54414B
S214047C0020646F776E6772616465732E0053656EC9
S214047C10647320616E2055706772616465456E6496
S214047C205265717565737420746F20616E204F54AD
S214047C3041207365727665722E0043616E2062651C
S214047C40207573656420746F2064796E616D696352
S214047C50616C6C79207475726E206F66662073652D
S214047C606E64696E672070616765207265717565FC
S214047C70737473206F6E2074686520636C69656E18
S214047C807420736964652C206966207468652073A3
S214047C90657276657220646F65736E2774207375DB
S214047CA070706F7274207468697320666561747589
S214047CB072652E00426F6F6C65616E2076616C751E
S214047CC065207475726E696E67206F6E2028312980
S214047CD0206F72206F66662028302920746865201D
S214047CE070616765207265717565737420666C6172
S214047CF0671F0053656E647320616E20696D61674B
S214047D006520626C6F636B20726571756573742091
S214047D10666F7220612066696C65207468652073DE
S214047D2065727665722073686F756C64206E6F7406
S214047D3020686176652E202054657374206861720D
S214047D406E657373206F6E6C792028746573742067
S214047D506361736520392E352E36202D204D6973C8
S214047D6073696E672046696C6529005072696E7483
S214047D707320696E666F726D6174696F6E206F6EC4
S214047D80207468652063757272656E7420737461FE
S214047D907465206F6620746865204F544120636CB8
S214047DA069656E7420646F776E6C6F61642E005321
S214047DB0746F707320746865204F54412073746127
S214047DC07465206D616368696E652E005374617214
S214047DD0747320746865204F544120636C69656E23
S214047DE074207374617465206D616368696E652EB2
S214047DF020546865207374617465206D61636869D6
S214047E006E6520646973636F766572732074686543
S214047E10204F5441207365727665722C2071756507
S214047E207269657320666F72206E657720696D616E
S214047E306765732C20646F776E6C6F61647320744F
S214047E40686520696D6167657320616E642077617B
S214047E5069747320666F7220746865207365727621
S214047E60657220636F6D6D616E6420746F2075702B
S214047E7067726164652E005072696E74732074684C
S214047E8065206D616E7566616374757265722049EE
S214047E90442C20496D6167652054797065204944F7
S214047EA02C20616E642056657273696F6E20696E4D
S214047EB0666F726D6174696F6E2074686174206198
S214047EC072652075736564207768656E206120711D
S214047ED075657279206E65787420696D61676520B2
S214047EE069732073656E7420746F207468652073DC
S214047EF065727665722062792074686520636C69A1
S214047F00656E742E00506572666F726D73207369A9
S214047F10676E6174757265207665726966696361F9
S214047F2074696F6E206F6E2074686520696D616772
S214047F30652061742074686520737065636966697A
S214047F40656420696E6465782E0054686520696EE1
S214047F5064657820617420776869636820746F208C
S214047F60626567696E2076657269666963617469BD
S214047F706F6E206F662074686520696D6167651F83
S214047F8000426F6F746C6F61647320746865206957
S214047F906D6167652061742074686520737065631D
S214047FA0696669656420696E646578206279206311
S214047FB0616C6C696E6720746865204F544120625A
S214047FC06F6F746C6F61642063616C6C6261636B69
S214047FD02E0054686520696E646578206174207785
S214047FE06869636820746F20626567696E20626FD3
S214047FF06F746C6F6164696E672074686520696D60
S2140480006167651F005072696E747320696E666FCF
S2140480102061626F75742074686520696E7374617C
S2140480206C6C656420626F6F746C6F616465722E2D
S21404803000537562747261637473206120636861AF
S2140480406E6E656C2066726F6D2065697468657205
S21404805020746865207072696D617279206F722071
S2140480607365636F6E64617279206368616E6E65B2
S2140480706C206D61736B206F6620746865206E6576
S21404808074776F726B2D7374656572696E6720639F
S2140480906F6D706F6E656E742E005468652063682D
S2140480A0616E6E656C206D61736B20746F207375E2
S2140480B062747261637420746865206368616E6EAE
S2140480C0656C2066726F6D1F546865206368616E08
S2140480D06E656C20746F20737562747261637420AD
S2140480E0746865206D61736B2066726F6D1F004146
S2140480F06464732061206368616E6E656C20746FBF
S2140481002065697468657220746865207072696D8C
S214048110617279206F72207365636F6E6461727921
S214048120206368616E6E656C206D61736B206F668C
S21404813020746865206E6574776F726B2D73746532
S2140481406572696E6720636F6D706F6E656E742EF0
S21404815000546865206368616E6E656C206D61739B
S2140481606B20746F206164642061206368616E6EA6
S214048170656C20746F1F546865206368616E6E6555
S2140481806C20746F2061646420746F2074686520AA
S2140481906D61736B1F00536574732065697468653D
S2140481A07220746865207072696D617279206F72CE
S2140481B0207365636F6E64617279206368616E6EA6
S2140481C0656C206D61736B2E00546865206368616E
S2140481D06E6E656C206D61736B20746F20737562B0
S2140481E0747261637420746865206368616E6E657A
S2140481F06C2066726F6D1F5468652076616C7565B9
S21404820020746F2073657420746865206368616EDB
S2140482106E656C206D61736B20746F2E1F00536542
S214048220747320746865207072652D636F6E66695A
S2140482306775726564206B657920736F2074686156
S2140482407420746865206A6F696E696E6720646559
S214048250766963652063616E20656E74657220744A
S2140482606865206E6574776F726B2E005365747341
S2140482702074686520707265636F6E6669677572D0
S2140482806564206B65791F0053746F70732074687F
S21404829065206E6574776F726B207374656572699A
S2140482A06E672070726F636573732E005374617209
S2140482B0747320746865206E6574776F726B2073B0
S2140482C074656572696E672070726F636573732E6A
S2140482D00041206D61736B206F66206F7074696F48
S2140482E06E7320666F7220696E6469636174696E6A
S2140482F06720737065636966696320626568617682
S214048300696F722077697468696E20746865206E78
S2140483106574776F726B2D7374656572696E67200A
S21404832070726F636573732E1F00446973706C619B
S2140483307973207468652063757272656E74207331
S2140483407461747573206F6620746865206E657436
S214048350776F726B207374656572696E67207072CE
S2140483606F636573732E00436C6561727320746863
S214048370652067726F757073207461626C65206F18
S2140483806E20657665727920656E64706F696E74AA
S214048390005072696E747320696E666F726D6174D4
S2140483A0696F6E2061626F75742074686520636FF0
S2140483B06E74656E7473206F6620746865206772C9
S2140483C06F757073207461626C652E0041727469F7
S2140483D066696369616C6C792064726F707320746B
S2140483E0686520626C6F636B206E756D62657220C3
S2140483F0646566696E6564206279207468652070B9
S214048400617373656420617267756D656E74206F41
S2140484106E6C79206F6E63652C20616E64207468C0
S214048420656E20616C6C6F77732069742075706F4D
S2140484306E20612072657472792E0054686520621D
S2140484406C6F636B206E756D62657220746F20614D
S21404845072746966696369616C6C792064726F70A2
S21404846020746F20666F7263652061207265747273
S21404847079202D2073657420746F2030784646204A
S214048480746F2064697361626C651F00536574734E
S2140484902074686520726563656976652077696E01
S2140484A0646F772073697A652E202042792064658C
S2140484B066696E6974696F6E20696E2074686520DB
S2140484C0536D61727420456E657267792070726FA1
S2140484D066696C65206974206D7573742062652006
S2140484E073657420746F2031206275742074686913
S2140484F07320616C6C6F777320697420746F2062CC
S21404850065206368616E6765642E00546865206D37
S2140485106178206E756D626572206F66207468657A
S21404852020626C6F636B732072656365697665643D
S214048530206265666F726520616E2041505320612B
S214048540636B2069732067656E6572617465641F6A
S214048550004D616B65732074686973206E6F646583
S214048560207374617274206964656E7469667969CF
S2140485706E6720617320612074617267657420667B
S2140485806F722062696E64696E672077697468200A
S214048590616E20696E69746961746F72206E6F64AF
S2140485A0652E0054686520656E64706F696E74206D
S2140485B06F6E20776869636820746F2062656769E8
S2140485C06E207468652046696E64696E6720616E05
S2140485D0642042696E64696E6720746172676574AC
S2140485E02070726F636573731F004D616B65732033
S2140485F074686973206E6F64652073746172742086
S21404860074686520696E69746961746F722070613C
S2140486107274206F66207468652066696E64696E7D
S2140486206720616E642062696E64696E672070728A
S2140486306F636573732E0054686520656E64706F8F
S214048640696E74206F6E20776869636820746F2083
S214048650626567696E207468652046696E64696E33
S2140486606720616E642042696E64696E6720696E75
S21404867069746961746F722070726F636573731FB7
S21404868000456E61626C652F64697361626C652077
S214048690646562756720606C6567616379206170E4
S2140486A070206672616D65776F726B2064656275A3
S2140486B06760207072696E7420747970652E004548
S2140486C06E61626C652F64697361626C651F004538
S2140486D06E61626C652F64697361626C65206465A3
S2140486E062756720607A636C60207072696E7420AD
S2140486F0747970652E00456E61626C652F646973CB
S21404870061626C6520646562756720606170706084
S214048710207072696E7420747970652E00456E61DF
S214048720626C652F64697361626C6520646562754A
S214048730672060636F726560207072696E7420745F
S2140487407970652E00456E61626C652F646973618D
S214048750626C652064656275672060737461636B20
S21404876060207072696E7420747970652E0053658B
S2140487706E64732061207265717565737420666F0C
S21404878072204F544120636F756E746572732E00A9
S21404879052657365747320616C6C207468726573BB
S2140487A0686F6C64732076616C75657320746F20D3
S2140487B03078464646462E0053657473206120740E
S2140487C068726573686F6C642076616C7565206684
S2140487D06F72206120706172746963756C617220B7
S2140487E074797065206F6620636F756E7465722E7B
S2140487F00054797065206F6620636F756E746572B9
S2140488001F5468726573686F6C642056616C756576
S2140488101F005072696E74732074686520746872E1
S2140488206573686F6C6473206F6620616C6C20746B
S214048830686520636F756E746572732E00436C658D
S21404884061727320616C6C20636F756E7465722040
S21404885076616C7565732E005072696E7473206150
S2140488606C6C20636F756E7465722076616C7565CA
S214048870732E005072696E74732074686520766176
S2140488806C7565206F6620746869732070617274F5
S2140488906963756C617220636F756E7465722E0001
S2140488A054686520636F756E74657220747970659C
S2140488B020746F207072696E741F005072696E7433
S2140488C07320616C6C20636F756E746572207661BC
S2140488D06C75657320616E6420636C6561727320C9
S2140488E07468656D2E00536574204D464720746F7A
S2140488F06B656E2C2043414E4E4F54204245205506
S2140489004E53455420425920434C492E0050726918
S2140489106E74204D464720746F6B656E2E00507241
S214048920696E7420616374697665206576656E7415
S214048930732E0044697361626C65207468652065F3
S2140489406E64706F696E7420666F72205A434C2092
S2140489506D657373616765732E00456E64706F6929
S2140489606E7420696E6465781F00456E61626C657E
S214048970732074686520656E64706F696E74206613
S2140489806F72205A434C206D657373616765732E4E
S214048990005072696E7420737461747573206F6608
S2140489A020656E64706F696E74732E0053686F77FB
S2140489B073207468652076657273696F6E206F66BF
S2140489C02074686520736F6674776172652E005331
S2140489D065742074686520636F6E66696775726572
S2140489E064203830322E31352E3420434341206DF6
S2140489F06F646520696E2074686520726164696FAF
S214048A002E2053656520646F63756D656E7461749E
S214048A10696F6E20726567617264696E6720524181
S214048A20494C5F494545453830323135345F4363F8
S214048A30614D6F64655F742E0041205241494C5F5E
S214048A40494545453830323135345F4363614D6FAF
S214048A5064655F742076616C75651F005265747575
S214048A60726E732050544920726164696F20636F7C
S214048A706E66696720696E666F726D6174696F6E83
S214048A8020746F2064657465726D696E6520746801
S214048A9065205048592074797065206265696E6750
S214048AA02075736564206279205241494C2E2072E9
S214048AB0657475726E2076616C75652069732065C1
S214048AC06E756D205241494C5F49454545383032F4
S214048AD03135345F507469526164696F436F6E66F2
S214048AE069675F7420652E6720205241494C5F49B0
S214048AF04545453830323135345F5054495F52412C
S214048B0044494F5F434F4E4649475F3250344748C7
S214048B105A203D203078303055205241494C5F4928
S214048B204545453830323135345F5054495F5241FB
S214048B3044494F5F434F4E4649475F325034474897
S214048B405A5F414E54444956203D203078303155C2
S214048B50205241494C5F4945454538303231353419
S214048B605F5054495F524144494F5F434F4E464914
S214048B70475F32503447485A5F434F4558203D209C
S214048B803078303255205241494C5F494545453886
S214048B9030323135345F5054495F524144494F5F57
S214048BA0434F4E4649475F32503447485A5F414E1A
S214048BB0544449565F434F4558203D20307830335F
S214048BC0550053656E64732061207265616420618C
S214048BD074747220666F72207468652074696D659B
S214048BE0206F662074686520646576696365207303
S214048BF070656369666965642E20497420736574BC
S214048C0073206120666C616720736F207768656ED9
S214048C1020697420676574732074686520726573B0
S214048C20706F6E736520697420777269746573203B
S214048C307468652074696D6520746F206974732088
S214048C406F776E2074696D6520617474722E0049A6
S214048C50641F737263456E64706F696E741F646517
S214048C607374456E64706F696E741F005768656E22
S214048C702073656E64696E67207573696E6720611C
S214048C802062696E64696E672C207370656369661A
S214048C9069657320776865746865722061206D75F0
S214048CA06C7469636173742062696E64696E6720AC
S214048CB073686F756C6420626520757365642E0036
S214048CC07573654D756C74696361737442696E641B
S214048CD0696E671F0053656E647320612070726549
S214048CE02D6275666665726564206D756C7469635D
S214048CF0617374206D65737361676520746F20619A
S214048D0020676976656E2067726F75702049442007
S214048D1066726F6D206120676976656E20656E6485
S214048D20706F696E742E0067726F757049641F7376
S214048D3072632D656E64706F696E741F004372658E
S214048D40617465732061206D657373616765206265
S214048D50792073706563696679696E6720746865DF
S214048D60207261772062797465732E2055736520AE
S214048D707468652073656E6420636F6D6D616E64E0
S214048D8020746F2073656E6420746865206D657347
S214048D9073616765206F6E6365206974206861730C
S214048DA0206265656E20637265617465642E204575
S214048DB0783A2072617720307830303046207B3025
S214048DC030203041203030203131203232203333CD
S214048DD02034342035357D2073656E64732061201D
S214048DE06D65737361676520746F20636C75737447
S214048DF06572203135202830783030304629206F8F
S214048E0066206C656E6774682038207768696368C6
S214048E1020696E636C7564657320746865205A43B4
S214048E204C206865616465722E00436C75737465C6
S214048E307249641F446174611F00526573657473DC
S214048E4020746865206E6F64652E005772697465B9
S214048E50732061206D6573736167652E00456E64CB
S214048E60706F696E741F436C757374657220494421
S214048E701F4174747269627574652049441F4D619C
S214048E80736B1F4461746120747970651F44617448
S214048E906120627974651F005265616473206120E5
S214048EA06D6573736167652E00456E64706F696ED9
S214048EB0741F436C75737465722049441F4174743F
S214048EC07269627574652049441F3120696620738F
S214048ED0657276657220646972656374696F6E2C58
S214048EE0203020696620636C69656E74206469723C
S214048EF0656374696F6E1F0053656E64732061202A
S214048F006D6573736167652E0044657374696E617D
S214048F1074696F6E1F536F7572636520656E647037
S214048F206F696E741F44657374696E6174696F6EDD
S214048F3020656E64706F696E741F00536F7572637C
S214048F406520656E64706F696E741F004C69737477
S214048F5073207768696368206F7074696F6E616CDC
S214048F60206C6962726172696573206F662074682A
S214048F706520737461636B2061726520696D706C23
S214048F80656D656E746564206F6E20746869732001
S214048F906465766963652E005072696E7473206921
S214048FA06E666F726D6174696F6E2061626F757440
S214048FB020746865206E6574776F726B20737461B5
S214048FC074652C20636C7573746572732C20616EE3
S214048FD06420656E64706F696E74732E006F6666C7
S214048FE07365741F005072696E747320696E666FC1
S214048FF0726D6174696F6E20666F7220616C6C208E
S214049000617661696C61626C6520736C6F74732E33
S2140490100052656164732072617720646174612014
S21404902066726F6D20666C6173682073746F72610C
S21404903067652E004164647265737320746F2072D2
S2140490406561641F4E756D626572206F6620627975
S21404905074657320746F20726561641F00507269B2
S2140490606E747320666C6173682073746F726167C4
S2140490706520696E666F726D6174696F6E2E004549
S21404908072617365732074686520737065636966BE
S21404909069656420736C6F742049442E0053746FA2
S2140490A07261676520736C6F74206E756D6265728D
S2140490B01F00426F6F74732074686520696D616762
S2140490C06520696E207468652073706563696669D7
S2140490D0656420736C6F742049442E00434C492009
S2140490E0696E7374616E6365206578616D706C6516
S2140490F00064756D6D795F696E7374005A434C2015
S214049100636F6D6D616E647300626173696300679B
S2140491106C6F62616C006D66672D636F64650075C5
S21404912073652D6E6578742D73657175656E6365EC
S21404913000782D64656661756C742D7265737000B5
S214049140746573742D726573706F6E73652D6F6EB0
S21404915000746573742D726573706F6E73652D6F0E
S2140491606666005A434C20626173696320636C75BB
S2140491707374657220636F6D6D616E6473007274D0
S214049180666400436F6D6D616E642074686174205C
S21404919072657365747320616C6C20617474726993
S2140491A0627574652076616C75657320746F2066CD
S2140491B06163746F72792064656661756C742E00E1
S2140491C05241494C006C6F7765722D6D61632D7248
S2140491D061696C2D3830322E31352E342E63006C96
S2140491E069627261696C2E6100756E636C61696D8B
S2140491F06564006275666665722D6D616E6167658D
S2140492006D656E742E63006576656E742D71756576
S21404921075652E63007A69676265652D757070657D
S214049220722D6D61632E63006E65696768626F7286
S2140492302E63006173736F63696174696F6E2E6366
S2140492400031383231730031343232310031323148
S2140492500032730031323231313200313232313140
S2140492600032383100383131003138323131003192
S21404927032313131323132323231730031323200EE
S214049280313231313232310031313131003232381B
S21404929000726F7574652D7461626C652E63006D63
S2140492A061632D6D756C74692D6E6574776F726B62
S2140492B02E63006C65676163792D7061636B6574FA
S2140492C02D6275666665722E63000000000002005B
S2140492D00000000000000000BA04000000000200C5
S2140492E00000000000000000BA04000000010203B1
S2140492F00E312E312E322D663831326166643700D7
S2140493000100000203030100060000000000030041
S2140493100000000013B779FAC925DDB7ADF3CFE036
S214049320F1B614B80102000000000000FFFFFFFFC2
S2140493300100000001000000000000000000000022
S2140493400000000000000000000000000000000014
S2140493500000000000000000000000000000000004
S21404936000000000033F1F008D54030089540300CF
S2140493706754030035540300C55403009754030090
S214049380375403002C000000020202030000000011
S21404939001020000000801B43C9404000008015ACD
S2140493A0F893040000080040B49304000000000092
S2140493B0000000000000FCFEFFFF000000000000AC
S2140493C0FFFF000000000000FFFF00000000000098
S2140493D0FFFF00000000000040001806F4D2000062
S2140493E02C00B0023DBE00001700F2000C7C00000A
S2140493F00C0041009E4200006400FCFEFFFF0000DB
S21404940000000000FFFF0000000000005A00F30602
S214049410A554FEFF2100A301A1FEFFFF1100A60034
S214049420832700000A006100DC26000006003B00DB
S214049430F820000003001500AD130000C800FCFE71
S214049440B4008B087BC0FBFF4D00E402E756FFFF29
S2140494502C00A20183EBFFFF1A000301B31A0000DD
S2140494601100A300552900000A005E005A280000D7
S21404947006003A00212200000400180073160000BB
S214049480C04904007DFE03007DFE03007DFE03004C
S2140494907DFE03007DFE03007DFE03007DFE0300CB
S2140494A07DFE03007DFE03007DFE03007DFE0300BB
S2140494B07DFE03007DFE03007DFE03007DFE0300AB
S2140494C07DFE03007DFE03007DFE03007DFE03009B
S2140494D07DFE03007DFE03007DFE03007DFE03008B
S2140494E07DFE03007DFE03007DFE03007DFE03007B
S2140494F08BFE03007DFE0300A0FE03007DFE03003A
S2140495007DFE0300C5FE03007DFE03007DFE030012
S2140495107DFE03007DFE0300EDFE03007DFE0300DA
S2140495207DFE03007DFE03007DFE030005FF0300B1
S2140495307DFE030023FF03000B0000000B00000069
S21404954002000000000020200000000003000000CD
S2140495508C8C3C00000000000000000000000000AE
S214049560000000581200000000000000FFFFFFFF8C
S214049570FFFFFFFFFFFFFFFF554E4B00474F200046
S21404958042544C00474F3200474F3300474F340095
S214049590474F3500474F3600474F3700474F380090
S2140495A0474F3900474F4100474F4200474F43005B
S2140495B0474F4400474F4500474F46004A4D50002A
S2140495C0424452005550520042544D004D534D00F3
S2140495D046544C00554E4B00474F200042544C0016
S2140495E04241440046544C00465243004F54410006
S2140495F044534C004241500055504700544D4500DA
S21404960046415500545A4600554E4B0050494E00AC
S214049610454D3400554E4B0048562000554E4B00E1
S214049620455850004C574D00554E4B00524254007E
S21404963044534C00454D3400554E4B0041535400A2
S214049640554E4B0056465900494E4800554E4B0061
S2140496504C434B0058544C004F424600554E4B006A
S214049660485244004D454D0042555300555347005B
S21404967044424700444D410056435400554E4B0067
S21404968055502000525020004150300041503100C7
S214049690415020004450200044454300789504007F
S2140496A07C950400D49504000896040014960400DF
S2140496B01C9604002896040038960400409604007D
S2140496C04C9604005C9604007C960400554E4B00B1
S2140496D04649420042544C004558540050575200E4
S2140496E057444700205357004352530046534800FC
S2140496F042414400464C540042524F0001040103C8
S21404970003060105010501090600060B0000070B08
S214049710050B000000000000000000000400E40C3C
S2140497200A00010410010000000500020000030006
S214049730B8990400B4990400A09904009C99040004
S214049740989904009499040082990400729904007C
S214049750589904005099040046990400449904005A
S2140497602C990400299904002199040010990400F6
S21404977000990400EE980400D4980400CC980400E1
S214049780C0980400BC980400B8980400AA98040082
S2140497909F980400869804006D98040011980400AD
S2140497A01098040000980400D8970400CD9704008D
S2140497B0CC970400B89704000000000000000000E6
S2140497C00000000000000000000000000F00000081
S2140497D00000000000000000000000000000000080
S2140497E00000000000000000000000000000000070
S2140497F00000000000000000000000000000000060
S214049800010000000000000000000000000000004E
S2140498100F00000000000000000000000000000030
S214049820000000000000000000000000000000002F
S214049830000000000000000000000000000000001F
S214049840000000000000000000000000000000000F
S21404985000000000000000000000000000000000FF
S21404986000000000000000000000000000000000EF
S21404987000000000000000000000000000000000DF
S21404988000000000000000000000000000000000CF
S21404989000000000000000000000000000000000BF
S2140498A000000000000000000000000000000000AF
S2140498B0000000000000000000000000000000009F
S2140498C0FFFFFFFFFFFFFFFFFFFF00000000000099
S2140498D0000000000000000000000000000000007F
S2140498E0000000000000000000000000000000006F
S2140498F0000000000000000000000000000000005F
S214049900000000000000000000000000000000004E
S214049910000000000000000000000000000000003E
S21404992000FFFFFFFFFFFFFFFF9C0000FF0000009B
S214049930000000000000000000000000000000001E
S214049940800000000000FFFFFFFFFFFFFFFFFFFF98
S21404995000000000FFFF0000000000000000000000
S21404996000000000000000000000000000000000EE
S2140499700000FFFFFF0000000000000000000000E1
S21404998000000000000000000000000000000000CE
S21404999000000000000000000000000000000000BE
S2140499A000000000000000000000000000000000AE
S2140499B00000000000000000FC0301010101010199
S2140499C00101010101010101010000000000000184
S2140499D00020060000000601010000200204110415
S2140499E0040211101A080A021801081110111A08A4
S2140499F00A04020D0B19195C0110280B011400004F
S214049A00000000000000000000000000000101014A
S214049A100101010001010101010101000001010130
S214049A20000100010100000000000000000000002A
S214049A30000000000001000000000000000000001C
S214049A400000000001FF010023E1010075E40100AD
S214049A5063E2010063E5010062E1010079EB0100C5
S214049A6064EE010024E1010025E1010026E1010085
S214049A7027E1010028E1010029E101002AE10100B3
S214049A8000000100800001000001010080010100C7
S214049A90000201008002010020E201000003010030
S214049AA00005010080050100000601002C89010064
S214049AB0800601000007010001E5010002E501003F
S214049AC000080100800801000040010086321010E2
S214049AD0FFFFFFFFFFFFFFFFAA070400B007040015
S214049AE0B6070400BC070400C20704005A696742AC
S214049AF06565416C6C69616E636530394E574B2001
S214049B005374656572696E6700009596959595051C
S214049B1007090D000000000000010203040600000F
S214049B20EE1D040089310400A3310400BA31040098
S214049B30CD310400DD310400F131040003320400A9
S214049B40133204002F320400443204000208010DCC
S214049B500D01010112010000FFFFFFFFFFFFFFFFE1
S214049B6000000000000000000109050100020000DA
S214049B70000000031EF1EE0B889B04007F3E0400E9
S214049B80C0490400FE0000009B3E0400E89C04005C
S214049B9000000000A53E0400D89C0400000000005D
S214049BA0B23E0400C89C040000000000BF3E04004F
S214049BB0B89C040000000000DD3E0400A49C0400E1
S214049BC000000000D53E0400909C04000000000045
S214049BD0DC3E04007C9C040000000000EA3E040016
S214049BE06C9C0400000000005C3D0400589C0400CB
S214049BF000000000E33E0400489C0400000000004F
S214049C00EF3E0400349C040000000000DB05040062
S214049C10249C040000000000000000000000000077
S214049C20000000007B6C0300003F04003D3F04007E
S214049C30010100FF65E80000663F0400AB3F040036
S214049C40010100010107FF0021E80000F83F0400BD
S214049C5063400400010100FF61E700008440040043
S214049C609D40040000010100FF0000008D6C03000D
S214049C70C24004001A4104000101FF00756C030091
S214049C80314104008841040001010207FF0000007E
S214049C906F6C03003141040088410400010102078F
S214049CA0FF000000696C0300314104008841040091
S214049CB001010207FF00000015E70000A9410400A7
S214049CC0E8410400010101FFB5E600000742040074
S214049CD04C420400010000FF71E600000742040045
S214049CE04C420400010000FFF9E600007342040041
S214049CF07940040000FF0000636C0300C8420400BF
S214049D00036E0400FF0000005D6C03003B43040088
S214049D10036E0400FF00000051E60000AA4304009E
S214049D201F44040000FF000029E600003744040036
S214049D309944040000FF00004F6C0300AA4404008A
S214049D40F044040002FF0000F1E50000F9440400BA
S214049D506D45040001FF0000E6450400C945040003
S214049D60D8450400E4450400F54504000B46040009
S214049D70214604002B46040035460400000000007B
S214049D80394904001100000045490400120000008F
S214049D904D4904001300000055490400210000004A
S214049DA05D4904002200000064490400230000000A
S214049DB06B490400AA00000072490400FF0000007A
S214049DC000000000FFFFFFFFFFFFFFFF0000000092
S214049DD000000000000001080109020A030B040C3D
S214049DE0050D060E070F081001180119021A031BA9
S214049DF0041C051D061E071F08200121022203233A
S214049E00042405250626072708280129022A032BE9
S214049E10042C052D062E072F083001310232033894
S214049E200239043A08E004E104E204E802E902EA3A
S214049E3004F008F110000000000000000205000015
S214049E40A09E040002000F00C89E040002000F003B
S214049E50F09E040002000F00189F040002000F008A
S214049E60409F040002000F00689F040002000F00D9
S214049E70909F040002000F00B89F040002000F0029
S214049E80E09F040002000F0008A0040002000F0078
S214049E9030A0040002000F0058A0040002000F00C7
S214049EA00000000080A00400030000004000000042
S214049EB00000000019000000A4A0040004000F0025
S214049EC080000000000000000000000080A00400E5
S214049ED0030000004000000000000000190000001D
S214049EE0A4A0040004000F0080000000000000008E
S214049EF00000000080A004000300000040000000F2
S214049F000000000019000000A4A0040004000F00D4
S214049F1080000000000000000000000080A0040094
S214049F2003000000400000000000000019000000CC
S214049F30A4A0040004000F0080000000000000003D
S214049F400000000080A004000300000040000000A1
S214049F500000000019000000A4A0040004000F0084
S214049F6080000000000000000000000080A0040044
S214049F70030000004000000000000000190000007C
S214049F80A4A0040004000F008000000000000000ED
S214049F900000000080A00400030000004000000051
S214049FA00000000019000000A4A0040004000F0034
S214049FB080000000000000000000000080A00400F4
S214049FC0030000004000000000000000190000002C
S214049FD0A4A0040004000F0080000000000000009D
S214049FE00000000080A00400030000004000000001
S214049FF00000000019000000A4A0040004000F00E4
S21404A00080000000000000000000000080A00400A3
S21404A01003000000400000000000000019000000DB
S21404A020A4A0040004000F0080000000000000004C
S21404A0300000000080A004000300000040000000B0
S21404A0400000000019000000A4A0040004000F0093
S21404A05080000000000000000000000080A0040053
S21404A060030000004000000000000000190000008B
S21404A070A4A0040004000F008000000000000000FC
S21404A0800000200120000000080000000400422117
S21404A0903000000018A1040000FF42003000000059
S21404A0A0000000000000F0084000000039A1040091
S21404A0B0010023044000000041A104000600300112
S21404A0C04000000000000000FDFF210240000000E8
S21404A0D0010000001900000419000101190002041F
S21404A0E019000301190005041900060119000704E4
S21404A0F0040041002503010006004100FB74030030
S21404A100190081001520010019008400A12A01000D
S21404A110008000000000000006435553544F4D00D5
S21404A1200000000000000000000000000000000026
S21404A130000000000000000000FFFFFFFFFFFFFF1D
S21404A140FFFFFFFFFF0004010401040104010401F2
S21404A1500401040104010401040104010401FFFFD5
S21404A160FFFFFFFFFFFFFFFFFFFFFFFFFFFFFFFFF6
S21404A170FFFFFFFFFFFF00010203040506070809AF
S21404A1800A0B1F1C1F1E1F1E1F1F1E1F1E1F07023B
S21404A1901F012F0037013F005701DF02E700FF02CF
S21404A1A000000000000000000000000000000000A6
S21404A1B00000000000000000000000000000000096
S21404A1C000000000D84F040019000000DE4F040011
S21404A1D0FFFF000000000000A9500400B450040073
S21404A1E0C0490400BC500400CA500400C04904001E
S21404A1F0DD500400E8500400F6500400FA50040051
S21404A2000A510400F61E04001A5104001E510400EC
S21404A21029510400335104003D5104004151040007
S21404A2204F5104006351040079510400008000007B
S21404A230000000000000000000000000FFFFFFFF19
S21404A240FF0000000000000089AF010000000000CD
S21404A250000000000000F03F000000000000244062
S21404A26000000000000059400000000000408F403D
S21404A270000000000088C34000000000006AF840A8
S21404A2800000000080842E4100000000D0126341CC
S21404A2900000000084D797410000000065CDCD4142
S21404A2A06F22040090B80400000000009F5A0400C7
S21404A2B080B8040000000000A45A040070B804002B
S21404A2C000000000A55A040060B804000000000066
S21404A2D0EA3E04004CB8040000000000DD3E040022
S21404A2E038B8040000000000AA5A040028B8040085
S21404A2F000000000B05A040018B804000000000073
S21404A300B45A040008B8040000000000C35A04004D
S21404A310F8B7040000000000E05A0400E8B70400A0
S21404A32000000000E95A0400D8B70400000000004A
S21404A330FE5A0400C8B704000000000031300400D0
S21404A340B8B70400000000000E5B040078B70400F1
S21404A35000000000055F040004AF040000000000D5
S21404A360C14E0400C4AE040000000000155B0400E7
S21404A37004AE0400000000001E5B040008AD0400E8
S21404A380000000002B5B0400FCA804000000000092
S21404A39047510400D4A7040000000000325B040008
S21404A3A0D4A7040001000000365B040094A7040050
S21404A3B0000000003B5B040058A6040000000000F8
S21404A3C06FFF030058A60400010000002B5B040086
S21404A3D0FCA8040000000000425B0400FCA8040083
S21404A3E001000000475B040024A6040000000000EF
S21404A3F0515B040024A6040001000000595B04001D
S21404A40054A4040000000000E006040020A4040095
S21404A4100000000000000000000000000000000033
S21404A42030A404005D5B0400C0490400FE00000084
S21404A430755B0400ACAF040000000000DA5F0400A3
S21404A4409CAF0400000000000000000000000000B4
S21404A4500000000064A404007A5B0400C049040001
S21404A460FE000000905B04002CB104000000000015
S21404A470965B04001CB10400000000009C5B040012
S21404A4800CB1040000000000A55B0400FCB004004E
S21404A4900000000021040400ECB0040000000000EA
S21404A4A02B020400B4B0040000000000320B0400C9
S21404A4B0A0B0040000000000AF5B040090B00400ED
S21404A4C0000000001F07040080B004000000000025
S21404A4D0B45B040070B0040000000000BB5B040022
S21404A4E060B0040000000000C05B040050B004002C
S21404A4F000000000C45B0400F0A504000000000097
S21404A500CB5B040098A5040000000000D35B0400A5
S21404A51064A5040000000000DF5B040030A504000E
S21404A5200000000000000000000000000000000022
S21404A53040A50400EA5B0400C0490400FE000000D5
S21404A5406A190400CCAF0400000000001B46040097
S21404A550BCAF040000000000000000000000000083
S21404A5600000000074A504000B5C0400C04904004D
S21404A570FE0000006A190400ECAF040000000000AE
S21404A5801B460400DCAF04000000000000000000CE
S21404A5900000000000000000A8A504002D5C0400D4
S21404A5A0C0490400FE0000004B5C04003CB00400FC
S21404A5B000000000296104002CB004000000000024
S21404A5C05A5C04001CB00400000000005F5C040039
S21404A5D00CB0040000000000665C0400FCAF04003D
S21404A5E00000000000000000000000000000000062
S21404A5F000A604006B5C0400C0490400FE000000D2
S21404A6002C190400D8B0040000000000885C040084
S21404A610C4B00400000000000000000000000000B9
S21404A6200000000034A60400905C0400C049040046
S21404A630FE000000AC5C04006CB1040000000000E6
S21404A640475104005CB10400000000000000000054
S21404A650000000000000000068A60400B15C0400CE
S21404A660C0490400FE000000CA5C04001CB20400DA
S21404A67000000000ED1504000CB204000000000009
S21404A680D35C0400FCB1040000000000AC5C0400D1
S21404A6904CB1040000000000D85C04003CB1040087
S21404A6A000000000E55C040054A70400000000005D
S21404A6B0F35C040020A7040000000000015D040011
S21404A6C0E0A6040000000000155B040004AE0400CD
S21404A6D00000000000000000000000000000000071
S21404A6E0F0A604000A5D0400C0490400FE00000051
S21404A6F04E910400ECB10400000000005F910400D9
S21404A700DCB10400000000001E2A0400CCB10400E2
S21404A7100000000000000000000000000000000030
S21404A72030A70400285D0400C0490400FE000000B1
S21404A730525D04003CB2040000000000CF4B04004D
S21404A7402CB204000000000000000000000000001E
S21404A7500000000064A70400595D0400C04904001A
S21404A760FE000000E006040070B2040000000000D2
S21404A7701B46040060B204000000000029610400C7
S21404A7804CB20400000000000000000000000000BE
S21404A79000000000A4A70400795D0400C04904007A
S21404A7A0FE000000E0060400A0B204000000000062
S21404A7B0995D040090B20400000000001B460400EB
S21404A7C080B204000000000000000000000000004A
S21404A7D000000000E4A70400A05D0400C0490400D3
S21404A7E0FE000000BA5D0400D4B3040000000000BC
S21404A7F0D3450400C4B3040000000000ED5D04006B
S21404A800B4B304000000000021040400A4B3040050
S21404A81000000000EE45040094B3040000000000AD
S21404A820BF5D040084B3040000000000D75D04008C
S21404A83074B3040000000000E05D040064B3040088
S21404A84000000000E75D040054B3040000000000AC
S21404A850F35D040024B30400000000002961040032
S21404A86014B3040000000000025E040004B30400F5
S21404A87000000000DD2A0400F4B20400000000001A
S21404A880075E0400E4B20400000000001E5E04003C
S21404A890D4B2040000000000325E0400C0B204001B
S21404A8A000000000425E0400B0B204000000000095
S21404A8B0515E0400C8A80400000000000000000068
S21404A8C00000000000000000D8A80400565E040043
S21404A8D0C0490400FE0000006D5E040044B304009A
S21404A8E000000000765E040034B30400000000009C
S21404A8F00000000000000000000000000CA9040096
S21404A900C0490400C0490400FE0000007D5E040047
S21404A91044AF0400000000008A5E040088AD040012
S21404A92000000000935E0400D4AC040000000000A5
S21404A930A15E0400A0AC040000000000AF5E0400AA
S21404A9406CAC040000000000BD5E0400D4AB040040
S21404A95000000000CE5E0400ACAB04000000000063
S21404A960DB5E04000CAB040000000000E65E04009E
S21404A970B4AA040000000000F95E04008CAA0400D7
S21404A98000000000CE3D040028AA040000000000D9
S21404A9900C5F0400E8A9040000000000175F040030
S21404A9A0B4A904000000000000000000000000003D
S21404A9B000000000C4A904002A5F0400C049040083
S21404A9C0FE0000004E5F0400F4B304000000000024
S21404A9D0545F0400E4B3040000000000000000001C
S21404A9E00000000000000000F8A90400585F0400FE
S21404A9F0C0490400FE000000DA1A040024B404006F
S21404AA00000000008A5F040014B404000000000084
S21404AA10965F040004B40400000000000000000078
S21404AA20000000000000000038AA0400AC5F040028
S21404AA30C0490400FE000000E006040088B40400D8
S21404AA40000000001B46040078B404000000000068
S21404AA50C83A040068B40400000000006A19040040
S21404AA6054B4040000000000C85F040044B40400AA
S21404AA7000000000DF5F040034B40400000000009F
S21404AA800000000000000000000000009CAA040073
S21404AA90EB5F0400C0490400FE00000010600400E0
S21404AAA098B404000000000000000000000000004D
S21404AAB000000000C4AA040015600400C049040095
S21404AAC0FE00000039600400E8B404000000000042
S21404AAD0995D0400D8B4040000000000456004003A
S21404AAE0C8B40400000000004C600400B8B40400BD
S21404AAF00000000059600400A8B404000000000030
S21404AB000000000000000000000000001CAB040071
S21404AB1064600400C0490400FE000000D25E040025
S21404AB2098B50400000000008160040088B50400A5
S21404AB30000000006F22040078B504000000000046
S21404AB409D31040068B50400000000004C5E04005B
S21404AB5058B5040000000000DA1A040048B50400E2
S21404AB60000000008860040038B5040000000000FF
S21404AB709360040028B5040000000000A0600400F0
S21404AB8018B5040000000000B060040008B5040016
S21404AB9000000000C3600400F8B4040000000000D5
S21404ABA0000000000000000000000000BCAB040031
S21404ABB0D5600400C0490400FE0000006F220400B3
S21404ABC0A8B504000000000000000000000000001B
S21404ABD000000000E4AB0400F3600400C049040075
S21404ABE0FE000000DA1A040018B604000000000094
S21404ABF09D31040008B60400000000004C5E04000A
S21404AC00F8B504000000000016610400E8B504006E
S21404AC1000000000555C04002CAC0400000000009A
S21404AC200000000000000000000000003CAC04002F
S21404AC302D610400C0490400FE00000029610400E0
S21404AC40D8B50400000000006A190400C8B5040062
S21404AC500000000043610400B8B5040000000000D2
S21404AC600000000000000000000000007CAC0400AF
S21404AC704C610400C0490400FE000000E006040025
S21404AC8038B60400000000001B46040028B6040082
S21404AC9000000000000000000000000000000000AB
S21404ACA0B0AC04006C610400C0490400FE0000005F
S21404ACB08C61040058B60400000000009F61040084
S21404ACC048B6040000000000000000000000000079
S21404ACD000000000E4AC0400B5610400C0490400B0
S21404ACE0FE000000D561040078B6040000000000F1
S21404ACF0ED15040068B60400000000000000000023
S21404AD00000000000000000018AD0400C049040064
S21404AD10C0490400FE000000DF61040030AD0400FA
S21404AD20000000000000000000000000000000001A
S21404AD3040AD0400C0490400C0490400FE00000001
S21404AD40EB610400C8B6040000000000385104009B
S21404AD50B8B6040000000000F1610400A8B60400C0
S21404AD6000000000F561040098B60400000000002E
S21404AD70F961040088B6040000000000000000002A
S21404AD80000000000000000098AD04000962040002
S21404AD90C0490400FE000000E006040048B70400B2
S21404ADA0000000002462040038B70400000000001D
S21404ADB03762040028B70400000000001B460400A5
S21404ADC018B70400000000004462040008B704003A
S21404ADD00000000055620400F8B6040000000000FD
S21404ADE063620400E8B60400000000007462040015
S21404ADF0D8B60400000000000000000000000000B8
S21404AE000000000014AE040081620400C04904007F
S21404AE10FE0000009B6204009CB1040000000000D9
S21404AE20CE6204008CB10400000000000963040034
S21404AE307CB10400000000002063040090AE04000F
S21404AE40000000002A6304005CAE0400000000005A
S21404AE500000000000000000000000006CAE0400CB
S21404AE602E630400C0490400FE0000004E91040056
S21404AE70BCB10400000000005F910400ACB1040003
S21404AE8000000000000000000000000000000000B9
S21404AE90A0AE04004D630400C0490400FE00000098
S21404AEA00516040068B704000000000029610400C9
S21404AEB058B7040000000000000000000000000076
S21404AEC000000000D4AE040060630400C04904001F
S21404AED0FE000000E0060400A8B70400000000001E
S21404AEE0525D040098B7040000000000CF4B040035
S21404AEF088B7040000000000000000000000000006
S21404AF000000000014AF04007B630400C049040082
S21404AF10FE00000059600400C0B8040000000000F1
S21404AF20DA1A0400B0B80400000000006F2204001F
S21404AF30A0B80400000000000000000000000000AC
S21404AF400000000054AF04009B630400C0490400E2
S21404AF50FE000000B963040010B9040000000000FD
S21404AF60C363040000B9040000000000CE630400BC
S21404AF70F0B8040000000000EA3E0400E0B8040054
S21404AF8000000000DD630400D0B8040000000000E8
S21404AF90000000000000000000000000416C0300F8
S21404AFA0E8630400C0490400FF0000003D6C030091
S21404AFB0F5630400C0490400FF00000065ED0000CE
S21404AFC007640400C0490400FF00000001ED00000F
S21404AFD034640400FC6B040001FF000065ED00000F
S21404AFE074640400C0490400FF00000001ED000082
S21404AFF0A2640400FC6B040001FF000099ED00004D
S21404B000E36404000465040000FF000099ED0000FA
S21404B0100D6504006A6504000000FF0015EE0000DC
S21404B0207865040091650400010001FF81EE0000CC
S21404B030B6650400F86504000102FF0015EE000082
S21404B0400E6604003D66040001000102FF000000D5
S21404B05091EB00006E660400AA66040007FF000079
S21404B060B1EB0000B0660400E366040001FF0000D4
S21404B070C5EB0000EB6604003B6704000100FF001C
S21404B08021EC000050670400A16704000101FF00E2
S21404B090F5EB0000B1670400EB67040001FF000055
S21404B0A075EC0000F36704003C680400010000012E
S21404B0B00707FF00B1EE00008E680400E366040094
S21404B0C001FF0000B1EF0000D66804001A6904000E
S21404B0D0010700010700FF009F6C03006F6904006E
S21404B0E0B56904000107000101FF000039EF000004
S21404B0F0F16904002C6A0400010000FF09EF000057
S21404B1004A6A04008E6A04000100FF00D9EE0000BB
S21404B110A16A04008E6A04000100FF0081EF0000AB
S21404B120E06A0400EB67040001FF0000F1EF000092
S21404B1301B6B04004C6B04000100FF0021D90000C7
S21404B140C04904005A6B0400000707FFC5D8000076
S21404B150C0490400736B0400000707FFD1DD00003C
S21404B160C04904007F6B040007FF0000D1DD000027
S21404B170C04904007F6B040007FF0000F16B030066
S21404B180C0490400846B04000000FF00ADDD00002D
S21404B190C0490400FE41040001FF000075DD000004
S21404B1A0C0490400BC6B040000FF0000A5D80000E2
S21404B1B0C0490400C0490400FF000000A5D80000F0
S21404B1C0C0490400C0490400FF000000C76B030028
S21404B1D0C0490400C0490400FF000000C76B030018
S21404B1E0C0490400C0490400FF000000C76B030008
S21404B1F0C0490400C0490400FF00000075D80000E0
S21404B200C0490400F26B04000101FF0061D800008D
S21404B210C0490400076C040001FF0000C36B030070
S21404B220C0490400C0490400FF00000029D80000FB
S21404B230305D0400C0490400FF00000029D8000067
S21404B240116C0400C0490400FF000000A9D90000E6
S21404B250326C0400496C04000001000007FF000083
S21404B260BF6B03006F6C0400C0490400FF000000BD
S21404B27025D70000896C0400C0490400FF000000C4
S21404B280396C0300B76C0400C0490400FF000000DA
S21404B2902B6C0300D16C0400536B040000FF000009
S21404B2A0A5E00000F66C0400C0490400FF0000009E
S21404B2B0F9D50000106D0400C0490400FF0000002A
S21404B2C08DD50000336D0400B06D0400000003103B
S21404B2D0FF00000069D60000056E0400736E0400CB
S21404B2E001FF00003DD60000886E0400CB6E04000B
S21404B2F000FF000051D50000DC6E0400C0490400C5
S21404B300FF000000BD6B03000B6F0400C04904007F
S21404B310FF0000002DD50000576F0400536B040097
S21404B32000FF0000F9D4000098700400ED700400DB
S21404B33000FF0000DDD4000007710400C0490400CB
S21404B340FF000000C1D4000017710400C0490400C7
S21404B350FF000000AD6B03002B710400A97104000C
S21404B36000FF000091D4000034720400C0490400B9
S21404B370FF0000004DD40000517204007C720400EB
S21404B38007FF00000DD4000086720400DF7204007C
S21404B390000500FFC5D3000092730400A5730400E3
S21404B3A00002FF00A1D30000D4730400C0490400C7
S21404B3B0FF000000AD6B0300E67304002074040075
S21404B3C000FF000035D30000A6740400EC740400EB
S21404B3D0000301FF25D300008C750400D275040019
S21404B3E0000301FF1949010072760400C0490400F5
S21404B3F0FF000000BD7803009A7604001577040069
S21404B40002FF0000D1F300006A770400036E040014
S21404B41000FF00009DF3000092770400036E040012
S21404B42000FF00004DF30000AB770400C0490400A1
S21404B430FF000000253B0100C4770400C049040057
S21404B440FF000000FD3A010011780400C049040022
S21404B450FF000000893A01003C780400627804008A
S21404B46000010100010102FF613A0100E1790400D4
S21404B470097A040000FF0000413A0100307A040013
S21404B480C0490400FF000000893901005A7A04000C
S21404B490C0490400FF0000008F770300737A04009D
S21404B4A0C0490400FF000000592E0100997A0400E8
S21404B4B0CA7A04000002FF00F1750300277B04002B
S21404B4C0C0490400FF000000ED750300547B04002F
S21404B4D0C0490400FF0000000D2E01006F7B04002D
S21404B4E0997B040000FF0000CD2B0100C97B0400FB
S21404B4F0C0490400FF00000049170100DC7B04007B
S21404B500C0490400FF00000031170100F47B04006A
S21404B510C0490400FF000000697503000D7C0400A8
S21404B520C0490400FF000000557503003A7C04007F
S21404B530B47C040000FF0000D92A0100F37C040058
S21404B540C0490400FF000000C92901006B7D040007
S21404B550C0490400FF000000ED150100AF7D0400A3
S21404B560C0490400FF000000D1150100CC7D040092
S21404B570C0490400FF00000049160100777E04005D
S21404B580C0490400FF0000003D160100057F0400CA
S21404B5904A7F040000FF000009160100817F0400B2
S21404B5A0D27F040000FF000035140100058004006B
S21404B5B0C0490400FF000000CD08010031800400EB
S21404B5C09A8004000000FF00CD080100EF8004000C
S21404B5D0518104000000FF006D09010096810400FB
S21404B5E0C98104000002FF00C37403001E82040025
S21404B5F06C82040007FF0000A10A01008882040090
S21404B600C0490400FF000000B5080100AC82040035
S21404B610D182040000FF0000C10901002A8304004F
S21404B620C0490400FF00000085020100678304008F
S21404B630C0490400FF0000004D020100918304008D
S21404B640C0490400FF0000009B730300CC83040081
S21404B6503B84040000FF0000A9FB00008C84040067
S21404B6600B85040000FF00008D7303005185040061
S21404B670A385040000FF00006D730300EA85040040
S21404B6803786040000FF000063730300818604000D
S21404B690BF86040000FF00005D730300CF8604002D
S21404B6A0BF86040000FF000057730300F6860400FC
S21404B6B0BF86040000FF0000517303001D870400CA
S21404B6C0BF86040000FF00004B7303004587040098
S21404B6D0BF86040000FF0000277303006E87040083
S21404B6E0C0490400FF0000002D7303009087040087
S21404B6F0C0490400FF00000051F60000B8870400AB
S21404B700F18704000001FF007DF6000012880400A3
S21404B710C0490400FF000000297303003D880400AC
S21404B720C0490400FF00000039F6000058880400F1
S21404B730C0490400FF000000F5F50000738804000B
S21404B740A088040000FF0000DDF50000BB880400AC
S21404B750C0490400FF00000025DE0000E68804005F
S21404B760C0490400FF00000025DE00000D89040027
S21404B770C0490400FF00000015D300001E89040021
S21404B780C0490400FF000000E1D200003389040031
S21404B7905A89040000FF0000E1D200006A89040010
S21404B7A05A89040000FF000079D200009189040041
S21404B7B0C0490400FF000000A56B0300AC89040028
S21404B7C0C0490400FF000000D5CE0000CF89040065
S21404B7D0398A040000FF0000B5CE00005C8A04002D
S21404B7E0C0490400FF0000009DEA0000C28B04006C
S21404B7F04F8C0400010000FF81E900006C8C0400FB
S21404B800C08C040000FF0000B5E90000D58C0400DD
S21404B810278D04000100FF0021E900003D8D04008F
S21404B8202A8E04000107FF00A96B03003A8E040069
S21404B830C0490400FF00000081E200004B8E0400B3
S21404B8405D8E0400000101000007FF0079E100009E
S21404B850988E0400A98E040000010100FF00000079
S21404B860B5E90000F88E0400098F0400010000FF0B
S21404B870F1E00000F88E04003B8F040000FF000097
S21404B8806D7C01004C8F0400C0490400FF000000DA
S21404B89009CF0000988F0400C0490400FF00000090
S21404B8A095990300C0490400C0490400FF00000045
S21404B8B0918A0100C0490400C0490400FF0000004A
S21404B8C0558A0100C0490400DD8F040002FF000011
S21404B8D001920100E58F0400C0490400FF00000047
S21404B8E08D91010011900400349004000200FF00C2
S21404B8F0179A03005D900400C0490400FF0000008E
S21404B900699101007F9004009D90040002FF0000EE
S21404B91041910100B29004009D90040002FF0000D3
S21404B920010000002C4E0020000000000000000073
S21404B930FFFF000007730300000000000300000080
S21404B940FFFF01007B7303000000000004000000FA
S21404B950FFFF01000974030000000000040000005B
S21404B960FFFF00008D7403000000000006000000C6
S21404B970FFFF0000FF740300000000001900000031
S21404B980FFFF010095750300F5610400846B002039
S21404B990000000000000000000000000000000009E
S21404B9A0099104000CBA0400000000000F91040082
S21404B9B0789B04000000000016910400489D0400D3
S21404B9C000000000DA5F0400389D04000000000058
S21404B9D01F910400289D040000000000319104001B
S21404B9E0189D04000000000040910400089D040017
S21404B9F00000000051910400F89C040000000000C0
S21404BA000000000000000000000000001CBA040053
S21404BA1063910400C0490400FE0000007E91040007
S21404BA2034BA04000000000000000000000000001B
S21404BA3000000000299E030083910400C04904000E
S21404BA40FF03010001013F040201003F040202005B
S21404BA503D040202003D040102000102000301004D
S21404BA6002023D040201000202020100020200007A
S21404BA7000202020202020202020282828282820B5
S21404BA8020202020202020202020202020202020AD
S21404BA902088101010101010101010101010101015
S21404BAA01004040404040404040404101010101005
S21404BAB010104141414141410101010101010101CF
S21404BAC00101010101010101010101011010101021
S21404BAD010104242424242420202020202020202A1
S21404BAE002020202020202020202020210101010F5
S21404BAF0200000000000000000000000000000001D
S21404BB00000000000000000000000000000000002C
S21404BB10000000000000000000000000000000001C
S21404BB20000000000000000000000000000000000C
S21404BB3000000000000000000000000000000000FC
S21404BB4000000000000000000000000000000000EC
S21404BB5000000000000000000000000000000000DC
S21404BB6000000000000000000000000000000000CC
S21404BB700000000000000000A001000028140020BF
S21404BB8000021000C8520020C81500200000020859
S21404BB9000000000FFFFFFFFFFFFFFFFFFFFFFFFA8
S21404BBA0000000000000000000000000000000008C
S21404BBB0000000000000000020000000D9BD0100C5
S21404BBC010000000B9BE01000000000100000101E1
S21404BBD00001010120C001B80000000000000000C0
S21404BBE0FFFFFFFFFFFFFFFFFFFFFFFFFFFFFFFF5C
S21404BBF0FFFFFFFFFFFFFFFFFFFFFFFFFFFFFFFF4C
S21404BC00000102020303040506080C0C0C000102E2
S21404BC1003040707C8C8C8C8C8C8C8C8C8C8C8C8A6
S21404BC20030404080808080800B801B802B800B0FD
S21404BC3014D80400FCD70400030404080805000014
S21404BC4000000000000000000000000000000000EB
S21404BC50EA06000048704C0F44700E0E30707E13D7
S21404BC6002989A173870340F34705A0F3070481090
S21404BC702C7048102870D0112470E81120703E0FE4
S21404BC801C70901218700C1314703A0FB1100860E0
S21404BC9001D80A7104B87F78020C7E78641000C656
S21404BCA0881F00A01DB8707803B018600F3027B343
S21404BCB00F330111C04806987C0229B0086001D8E9
S21404BCC0087109DD047109BB11101660A0480860EC
S21404BCD004100112FF3221500860D0480860008822
S21404BCE00698381400C4441F00A000BA03DF10717D
S21404BCF009DF0672029836031DB8507800A0441374
S21404BD00281441158110086002D81471108806980A
S21404BD10201900C014C000B80698861B0091069827
S21404BD2092020160B83020D806711EBC637C784D40
S21404BD305412F03240DE0472404804DB08720DDD13
S21404BD400C72044BEF3014480698F20400C4E0402A
S21404BD5000544412086201322140087C811140D903
S21404BD601C72B1123032CF4A013AB1DA107208D8D6
S21404BD70067104D80871804C237C5670684C4412B3
S21404BD8000C4A41E00A04414413AF3240164415C98
S21404BD90412A047580B800C46040005481D83671C6
S21404BDA040D90472237C084B0698F20404BA1CB9E2
S21404BDB0767900C1204001B835797F216121007968
S21404BDC006B906A901D8067102981002804C307C88
S21404BDD00298640208D86A7100C1544000B814116D
S21404BDE010D95E71584C441280BDA26DFF25784C64
S21404BDF04412FC22513A2814104C00C20CC101B85B
S21404BE0024122814086228140862281408622814C5
S21404BE10304C304C00C11C4000B814111814086192
S21404BE2000C5284001B85415FF350471104918148C
S21404BE30B04C441208620132067102980401804C28
S21404BE4008D80C7107BA24D8047106BA187004D836
S21404BE500C7101BA40D80E7102BA0A7005BA20D81D
S21404BE60047203BA204C4411C04C18140861181408
S21404BE709111383111429111186110D90472EF32C0
S21404BE8000C1084001B8141110311E611142281473
S21404BE90A1110861181406986C1B181400C10840F8
S21404BEA001B814111861FF31181400C1448001B898
S21404BEB0141118140861181430880248069894035C
S21404BEC0009308DB047101F800A027B00F3000A02F
S21404BED01088B111186180D90A7100C1884000B871
S21404BEE00811009100A000C4684000B8441000A0E7
S21404BEF000C0884000500411826104108260105013
S21404BF00F07200A054155045127106980205069862
S21404BF10920407B8707802B841781EBA5B7A5C7AE5
S21404BF205D7A00C220C001B8241206982A1900C5FA
S21404BF30481F00A05415511400C3FF010000313DF2
S21404BF4009647F3406989C020158512804750158E8
S21404BF5041280E758111086102D90472FF0FCC7056
S21404BF6007B8727800F8EBBD00C0441F00A00411A7
S21404BF70113D10D91271FF33186300C1781002B84E
S21404BF80381107B97479581000A0069892020D303B
S21404BF900472044809DC0472084800C11CC101B8D4
S21404BFA0141100C3D01E00A0911504351A7218137C
S21404BFB01CBB08D804716C7B04D804716A7B1DBB57
S21404BFC02F7C5B7B1670044B18131CBB08D80471BB
S21404BFD06F7B04D804716D7B217C0C30026006985C
S21404BFE07E040698C40B00B8B111186140D90672D5
S21404BFF00298580401BC00C2084001B800DC0A716B
S21404C00024150265604A0A702C4A241508654C4AB1
S21404C010043508D90471202400C13C1F00A0141262
S21404C02000DC327120D8067101B80C70F0DA0C729C
S21404C0300CDB087102B806988604482400C338410D
S21404C04001B834138F7B0E7102B9911308DB0472A6
S21404C05003B928707C4914111110FD300DDC1C72D4
S21404C06000C0A01E00A0041080D8107100C0448038
S21404C07001B80410E5200475804900C3884000B860
S21404C080FFB8012011410871014118130824014228
S21404C09000C1284000B8141101411C655141911596
S21404C0A020351E65514118132813481300C38440D5
S21404C0B000B8341003D81671073005DC1071B110BF
S21404C0C08F780A7200C384C40350217B1DB850784D
S21404C0D000B800C13C1F00A014121C602150F030B0
S21404C0E00152281100A04024076400C0FFFF01008D
S21404C0F0013C17B0022001584028067518AC01EC24
S21404C10000A0208800C020C001B8041217B4211370
S21404C11004123052F8711964402400C35C1F00A056
S21404C120341014110698F60D19610092115921293C
S21404C130067600BB11590698D60D8762313B047209
S21404C140215A412A00A000C2686000B8B8B91F612D
S21404C1500D49181200A0308801B9116100C300000F
S21404C160C0FF3110312800BC002D0C75115418ACDA
S21404C17001EC312DF470196451134155312C0093A0
S21404C18000A000C3C00FFEFF50B2313A014250AACD
S21404C19000A006983E07FFB0867808715CB86B78F6
S21404C1A06E7800C2548001B800C0D81F00A00410E6
S21404C1B00812B822217A237A52B8417801B80C6062
S21404C1C021A809B819604CA800C0FFD1C1FF4FB21E
S21404C1D0013A00C0002E300001424FAA24B86E78FF
S21404C1E0ACB9FFB004D804714CB923A90698A805C5
S21404C1F000C01390010006982E0500A006980205BC
S21404C20019B81460FFB28C620F32826A2140069815
S21404C2102E0549BC21B952B849B207DE2A7105DE9B
S21404C2200871627C607C1D0C6179677864786B7831
S21404C2306278657863786078617C010C010C6878B4
S21404C240020C69786C78020C00C22C8001B8277A3C
S21404C250287A267A6A78050C41790A0CB11040D8F7
S21404C26006710298BA06784A2B7A327A584A247AA1
S21404C27000C400011100404A00C0108400000812E7
S21404C280508800C584100100FBAD10BD01BB8A6B4D
S21404C29021B9FAA9C44A1812217A227A00C0341F96
S21404C2A000A00410FCA88264411030300129F9A9CA
S21404C2B0F8ADFBB08260FBA80330A06521100448EB
S21404C2C020EC237A0410037A184A2411DC4A015815
S21404C2D00029241004753150F8B1115081632A7175
S21404C2E0514031400812FCB18461FCA90F310E7133
S21404C2F017B0112817B111591028FA76C44AF9B1A3
S21404C3001812217A227AA07000950812F8A800C2A2
S21404C3100C8001B8207A844A00B80812020CA44A99
S21404C320087A020C21B84178784A0B7A127A00C24D
S21404C330C81F00A0FFB008D80472184A241000DCF6
S21404C3400A7140A80422241041A806989C0200C240
S21404C350481F00A02410015100C4FF010000413909
S21404C3601150081200A006983E0700BC00C20C80BC
S21404C37001B8217A52B84978020C4878020C49B8B8
S21404C380417852AC21AC204A087A067A077A49AC3E
S21404C39000A059B840785AB101D9FC72427857B80F
S21404C3A0407858B101D9FC72427800A000C20C80D3
S21404C3B001B8217A227A21B8547852B8BC4A24119A
S21404C3C09979127107B915614CA9617800BB03BC51
S21404C3D00C64147009B919614CA9417801BB126345
S21404C3E000C4002E300000C0FFD1C1FF4FB1013998
S21404C3F041414FA9E44AC8B8081224AB4CB823A854
S21404C4000698A80500C004900100FFB1867904715F
S21404C410084806982E0500C08009004040A809B8C0
S21404C420FFB108D9047103B853A8B11004D80C712D
S21404C43056BB607B57BA627A607A02D80C7156BBD8
S21404C440607B59BA627A607A04B86E783DB86078D0
S21404C45000C05638000000C1B08001B814119979A4
S21404C460087200C0D604000000C124C000B814112D
S21404C4709F79047208484CA82EB8FFB108D90671F3
S21404C4804AA804704BA80FB834A800C00C5E00007D
S21404C49046B2014246AA00C12C4001B814110861F4
S21404C4A00631087100B90698501106983E14B11169
S21404C4B001D90E710698921B02D906720698A00C32
S21404C4C00698381451140698920406982A11069869
S21404C4D0641700A006984E1701D80A711CB85B783A
S21404C4E007B8757800B84CA84AA84BA800C0F32132
S21404C4F0FFFF46B1013946A904B86F7800A0FABC1C
S21404C5001964415C512C00C0581F00A00410012C73
S21404C5100675069892040698780FB110186005D828
S21404C520327140BA06980E1404B86578911004D88F
S21404C53016711CB86E7800C0684000B8217806985A
S21404C540781101400A721DB8427806984A14029877
S21404C5505E0B1DB8717804B86C7841B8427863787D
S21404C5604478FFB104D906720298CA0900C0049040
S21404C5700100FFB186790471084806982E0500C3A9
S21404C5802C1F00A000C274C000B82414481300BCBA
S21404C59048121C4B1C4A2414481300BC4812084B6F
S21404C5A0584A2414481301BC48124ABA447A427AB8
S21404C5B04BBA447A427AFFB086780472617A4CBAEF
S21404C5C0647A657A3DBA607A4DB942B83FBB5B7906
S21404C5D066796179020C6479050C63796079050CD7
S21404C5E0627965795A7900C2340102B8241305B811
S21404C5F019603140081242B86A78020C4A78020C74
S21404C60040BCFFB208DA06714ABA06704BBA627AC0
S21404C610657A677A667A6A79667B0298A40A00C3A2
S21404C6202C1F00A000C274C000B8241448131C4B6E
S21404C6301C4A241448133FBC48121C4A00BC481227
S21404C640084B444A2414481301BC48124ABA647A74
S21404C650627A4BBA647A627AFFB3867B0472617A32
S21404C6604CBA647A657A3DBA607A01D94E716478B8
S21404C67000C1708001B800C0800008000811069848
S21404C680860B42B861784DB97F797E796A78687886
S21404C6906278020C7B790F0C7A79140C74794178E1
S21404C6A060787579050CFFB208DA06714AB804702A
S21404C6B04BB8657801BC1664407002D93C71069884
S21404C6C0860B42B84DB96878407841787F797E7990
S21404C6D07B790F0C7A79140CFFB208DA0871717939
S21404C6E04ABA067070794BBA7279657A6A78020C1F
S21404C6F04A78050C01BC1664020C417940790C0C8E
S21404C70000C04C0102B848100698F20400C47840F1
S21404C71000B8007C00C0A01E00A0041180D93271AD
S21404C720911104D92C727F2021200411FD310DDDD6
S21404C730207200C0448001B80411E521147600C0BC
S21404C740244001B804118A790871207C104C207C9E
S21404C7502AB86278511400C0581F00A00410012C97
S21404C76017B001118768015841280E76052187699C
S21404C770415C412D112D06700698920442B84DBBBB
S21404C7807C7B6478020C29B868785114404406759A
S21404C7900698920442B844782AB84278FFB101D980
S21404C7A00C7100C1548001B8CBB80811911004D89C
S21404C7B0147100C0A01E00A0041080D8067107B82B
S21404C7C0537800F807B800C1CC1E00A000C220C0F1
S21404C7D001B824122811777800F8B11094783871CB
S21404C7E006989C02E4B911591128067600B80C7014
S21404C7F0A0B9115901290475A0B8826000C3C01FEE
S21404C80000A03413012B341000C3FFFF00FF42B115
S21404C8103139114042A800A01DB09178FA7142B88F
S21404C8206478020C00BA29AA00C4548001B842B83D
S21404C8304DB900C3C04001B83413977B047240EC72
S21404C840020C44785C7953AA0A0C281442B84DB9F1
S21404C850FFB301DB2671244C00C3FF0FFF0138141D
S21404C8605479407841785579020C5B795A79140CDE
S21404C8705F795E794A784278347002DB14715279B3
S21404C88051795079020C5B795A795F795E791E701A
S21404C89004DB1A7100C4FF07000000C3342102B889
S21404C8A048133FBB467B020C5B795A793DBB407B01
S21404C8B04CBB447B457B00C3301F00A03414403C73
S21404C8C0207100C068C000B8481028131C4B1C48D0
S21404C8D0341448102813144B4448341448102813AE
S21404C8E04AAA4BAA04B86D781DB851785CB84B7840
S21404C8F04E7800A000C074C000B80411108800B9B7
S21404C900181068480411108801B90B6118102C48D7
S21404C91004111088008800C1231C000018104AB8AF
S21404C92064784BB86478260C28B000C1FFFF0FF07B
S21404C930113871B90B61114028A828B97379747934
S21404C94000C21010303045AA54790E0C00C0E840DE
S21404C95001B8041100C23030101045AA0E0C0410A1
S21404C960008810880698620D0091009020888F61D8
S21404C9708F600698620D0090886A21400112906AC2
S21404C980035800C13F3F00001138FFBC0224412871
S21404C9901138014245AA28B953794AB844784BB8A5
S21404C9A0447800900091181000912C4818100091BB
S21404C9B06848181000A09168436091694361115B50
S21404C9C0012B112841603128315B00BA30280676E5
S21404C9D03128204A4163302806763128104A4163BC
S21404C9E0302806763128084A4163302806763128EE
S21404C9F0044A4163302806763128024A41633028C7
S21404CA000476014A00A0115910D90671086008601E
S21404CA1008D90471086004D90471046002D9047149
S21404CA20026001D90471016000A000BA01D8067141
S21404CA300148112A1F61016001D8F6720138F672A6
S21404CA4000A000C220C001B8241211592129127373
S21404CA5000210E7100C238C001B824120121212918
S21404CA6000A002B020D8147100C0B01E00A00410AC
S21404CA7002B9457906987613EA7003B09F7808726F
S21404CA8000B806A800F806983E0700C5641F00A074
S21404CA905088044D1CBC00C0B41E00A0811101D9EE
S21404CAA01E71407C009501150C4D5088044DFFBB4B
S21404CAB01863315B04110698EE0D3129F875069853
S21404CAC0681A54150698921B01D9087206985807D6
S21404CAD006700698F4071CBB547B06984E1701D8BC
S21404CAE0067202981A0FFFB901211038F6728112E5
S21404CAF09B7AF07100C2448001B8241400C0C01EA2
S21404CB0000A0041001130020041040500C7200B959
S21404CB100698280F18B90A7018B90698280F00B98D
S21404CB2000B806981E0F704A08B806981E0F00C272
S21404CB30284000B814B806981E0F00C2EC4001B88E
S21404CB400CB806981E0F202210B806981E0F1088E0
S21404CB50308806985807009300910698280F00C05E
S21404CB60C41E00A00412FFB901212141181000952B
S21404CB7000F8312811280410081200A004B831283F
S21404CB801128F8B1181000A0069880080E700698B0
S21404CB90C40B06988008069872120698120791121B
S21404CBA0211900C02C4001B80A78097800F810B999
S21404CBB001BA0698041406982A110698641700C544
S21404CBC0641F00A081109D78FC7200F89112033255
S21404CBD01CB900C3A01E00A0341300C4B040005407
S21404CBE01DB84278707903DE067144783A7071791C
S21404CBF0A11020D806710298541080DB1C7102D84C
S21404CC00187205B80814A11010300248081400B8A9
S21404CC1008149110086008141DB86278A11000DC8E
S21404CC200676517900BA06984E1701D822729111E9
S21404CC3020311D61911004D80E7200C1501F00A04F
S21404CC40141101D90A71208806985011009200C167
S21404CC50204000B801DB1871084C03DE0471904CC8
S21404CC60441400C3FF1F0000413BFF2338119449BE
S21404CC7000C3384101B83413086380DB0C7103BA6F
S21404CC80186206983C100870186206983C100C4906
S21404CC900879097914102140081100A000BD0698EF
S21404CCA0760210B903DC047100B901BA06980414BC
S21404CCB002D9067100404E7203B118610F3106980E
S21404CCC07811FFD82872811008D8187106DD0A7109
S21404CCD00698760203DC0C720698BC1106984A1471
S21404CCE00C7006DD10710698C211487020B804A8AE
S21404CCF006DD1072069880080698120701F840B8F8
S21404CD0004A800F800C0A01E00A00413086301DBFA
S21404CD10227191100111186111381DB910D80871CB
S21404CD2044790298541002DBFA72A11328DBF472D9
S21404CD3003BD06981E11069880081DBA7F7A0698C9
S21404CD40F20400C5681F00A00698760200BA03DC49
S21404CD501672044DA11002D804711C4D00C10CC1FA
S21404CD6001B80698AE045415212D06983E0502987F
S21404CD70AA089110015503355150011900A000C1AD
S21404CD804C1F00A0141001D8427101480860FE2010
S21404CD900E75811020D8087100C1501F00A0141110
S21404CDA001D9287100C02C4001B804122151086131
S21404CDB00F3118611152281000C0084001B8041140
S21404CDC09112215120311152211900A0811380DBC8
S21404CDD0067201B800A000C314C001B834100630AF
S21404CDE02E726C4B34121C4B3410186002302072B6
S21404CDF0811080D8DE713410014A086204608030E5
S21404CE0021508C480A717F234D233410013000A032
S21404CE1000BD06981E111CB847784578437802B8BA
S21404CE20447800A0069880080698BC1100C5741FB4
S21404CE3000A0541506983E050298AA08B1138F7BE5
S21404CE400A7200C384C40350017B06983E1400C1D2
S21404CE50384101B814118F790E7100C1B84000B87A
S21404CE6000BA06983C1050BA06980E140698781124
S21404CE70FFD84A71911004D84872811008601CD8F3
S21404CE80407220D938721112FF3221513471802138
S21404CE908021111400C0D81E00A00413FFBA31511B
S21404CEA0113A215111531DB938107B7940440E7242
S21404CEB000B900C2AC1E00A01812067004B8607850
S21404CEC00698381400F800B900C2A440005418129A
S21404CED0644A0AB918121CBA507A517A1DB94279B2
S21404CEE05F7900A00698760207DC10729110002085
S21404CEF00A75069872120298660F0698120701B908
S21404CF00911004D8047100B910BA0698041400BA33
S21404CF100040347100C0A01E00A00411086101D9AD
S21404CF20127104D9E2728110086001D8DA711DB852
S21404CF30647800C11CC101B80698AE0401B811603B
S21404CF40002A047600BA00C5781F00A05415212DC7
S21404CF50069872120698580700C57C1F00A000F8B1
S21404CF6000BC811108D9167280D9207201B910BA92
S21404CF700698041400400E7101BC10700698BC118B
S21404CF8006984A1420B804A800F80698721281116C
S21404CF900231127100B900C2144000541812244A17
S21404CFA002B918120698BC1100C5801F00A05415BB
S21404CFB00698F01A0298AA080411012114711CBAE2
S21404CFC0737A042004122811042004110121F47237
S21404CFD000A00698F20401F806984E1701D81671B8
S21404CFE0FFB9012110380E7281109B78087104B9BC
S21404CFF0677900F8911010D8287100C51CC101B8D3
S21404D00054110698EE0D00C5C81E00A054155129EB
S21404D010EA7507B876781DB8447801B804A800F80D
S21404D020B110186010D82E7100C05040005400C3D0
S21404D030084000B83114984C44113411086101D9E1
S21404D040FA71441228100862281008622810086230
S21404D0502810E8700298B0020698920211380472FA
S21404D0601E6202BB00C1D81E00A0141120390C7227
S21404D070911210DA0672417B00A006983E1400C294
S21404D080A01E00A0241220DA0472617B1CBA527A15
S21404D09000A01CBA727A811204DAFC7200A01CB8D2
S21404D0A06B7800C0684000B82F7800A006984E172A
S21404D0B001D83A7100C22C4001B8241003609111C3
S21404D0C020310151383111501D6008121DB94579BF
S21404D0D000C2448001B8241200C0C01E00A0041080
S21404D0E018200020041020500471657910631EB9BE
S21404D0F0637900B902EC00CD114502EC00CC01DBEB
S21404D100087100BB0298D61803B841110731FA21FA
S21404D1101C760621911210DA087102DD10721E7058
S21404D12020B80698B20D3038147208B806987E04F3
S21404D13000C02C4000B82978207800F8056020D874
S21404D140067102980C1602EC00CA05B823DA1871A8
S21404D15004DBDA7120DAD67110DAD2721EB861787E
S21404D16000B801DA067202EC00C8911110D92671D3
S21404D17000C1B81E00A014111150FF300C720761D4
S21404D180A110115002300A7180DB0A720AB89E7030
S21404D1901DB97C791860911111402111C0311140DC
S21404D1A001191EB8411108D90471667820D9047291
S21404D1B06578A11002D80672C0DA1E711EB827312F
S21404D1C023DD087210DB1072607825DD0A7121DD1C
S21404D1D0087208DB0471627803B8411107310872DB
S21404D1E0A1152035AA7102DD2072A11120D9A071E3
S21404D1F002D91672CCDA9872411140D9927206B8E6
S21404D200054D5A720298AE1421114049C0D94C718A
S21404D210A03141154035026551410461086308DABE
S21404D2201E7204DA36721049A1150235067110DB37
S21404D2300E7201340A7108DB22711EB86778CC328C
S21404D24011101A300ADC0872CCDE0471FD3100C0FD
S21404D2500D0F0C0D216001D85C7207B80298D81423
S21404D26000BA411108D90C7102EC00CA05B830DACC
S21404D270EC720734F031036101DA0471014900C02D
S21404D280F300A3E3216001D8D27100C0981440686B
S21404D29021604030014440DA0471204C04320262BA
S21404D2A0204A111006301F60014218311D611142D8
S21404D2B00298F614204A00C0051708502160113061
S21404D2C001422088FFBB0DDA507100C1DE1B250128
S21404D2D080BC04DA107208DA0A7200C120841000D6
S21404D2E0E024A02408634143026401DA06711E495F
S21404D2F0024B00C0201F00A008633810BC2002DACE
S21404D300127101B91159A11380DB087100C100FC28
S21404D310FF0118100298621800C4A01E00A0441052
S21404D32080D87C710092D0DA06710DDA0C711EBDBD
S21404D330437DEFBD0698140304620DDA8672A111CC
S21404D34005D95C7100C240400054241214242814E9
S21404D35001D9067202D9327140D91E7102EC00CA94
S21404D360211018320471FA2220D804720822FE22F0
S21404D370087502EC00C8F87001D90E7102EC00C8FA
S21404D38002D9067204DC187200C0A01E00A00410A5
S21404D3901D6001D806711EB8647807B873780298C1
S21404D3A0D61800C0A01E00A0041080300A7100C069
S21404D3B0C41E00A0041000A006984E1701D82E71B3
S21404D3C0911010D828728110A0D8227203B08478E5
S21404D3D01C7200C12C4001B814100DBA487A697A40
S21404D3E06B7A08111CB87B7807B8757800A06410AF
S21404D3F000C6881F00A0C3B806987C0200C4441F59
S21404D40000A014BA281400B8011AB1108F780A7252
S21404D41000C084C40350017891101030011905BA75
S21404D42006980E1402D9067101B804A800C0A01EFE
S21404D43000A004130698641180DB06710298581441
S21404D4401DBA7C7A01DB6A7100C2241F00A0241175
S21404D4501114FF3402EC00C8FF24FA76086106981B
S21404D460C20D046111380F3004611114011141100A
S21404D4700698C20D01D8087203B80298D8140C4A4C
S21404D48001DB2271241011281128041202300471C1
S21404D490106200C0FFFF0000213800C2204000B820
S21404D4A0FF200812411008600698C20D01D87C714E
S21404D4B020BC1033767100BB00C1201F00A01415D9
S21404D4C0C021112C511218620F320E71408851146B
S21404D4D00698FA1841430094511208651C620F32EC
S21404D4E00E71411151140698FA181C6441430865DC
S21404D4F0513B00C1DC1E00A01411111231100F3074
S21404D500127100BA056101D80471114201600FD886
S21404D510F472311003601E30047201B8003A0872C7
S21404D52004B80298D8140298C41600C0384101B84A
S21404D53004118F7914717F20692004110861303139
S21404D54010DD06711DBA637A0698120300F8308857
S21404D5505088FF34087102ECFF24F87002EC00CD0A
S21404D5601410595001440421FF22F2720F4C009506
S21404D570009300A000C1A81E00A0141100A03088CB
S21404D5800698421B8111086102D906720298061A8F
S21404D5901CBB557B086120D906710298F6190088D1
S21404D5A0A11018600698201908211415FC251EBB26
S21404D5B05C7B5D7B00C1084001B814110731FE2175
S21404D5C0307608D82A725113FC23341304DB2071F6
S21404D5D01863FF33315B00C110C000B81411086132
S21404D5E080490C71FF31302954751EBB7B7B10704B
S21404D5F07B7B7C7B00DD04717D7B01BB3815EC25D1
S21404D600541300DF5471042505DF54715415211199
S21404D61020880698EE0D009251293E7500C10840F8
S21404D62001B8141102DB0C710731315B31292A76FB
S21404D6300C7004DF0872016180D91E7206982019E6
S21404D64000C010C000B80698861B0698201914114E
S21404D650FFD9607202984C1A0090009300A05415EB
S21404D660A111186110D9A672082508D8A07108253A
S21404D67010D89A71208821110698EE0DFC255412B4
S21404D680112AF82554110C2520D80871F0255411B8
S21404D6901025202904762159181500920298B819E5
S21404D6A007B97179811010D80A711CB8447802B889
S21404D6B041781CB9747904B9677900F88110A0D848
S21404D6C008711CB9497900A0086002D8FA71069856
S21404D6D02019108806983E14106210DA0871082182
S21404D6E01415F025541100C20020FEFF20291275DF
S21404D6F00698921B01D90A720698800806981207A3
S21404D70000941CBB41100C20069864134111082198
S21404D7101410069864133128441111120861FF315D
S21404D720FF32012210521072186118140424441394
S21404D730042438140C7018612141181408240814A1
S21404D740029838144044147100C1AC1E00A014158D
S21404D75051131C630FDB0C721965069802054115FC
S21404D76000A000C3784000B83413807B0672069885
S21404D770120706983E1408BB51140698B01A4415AE
S21404D780FC25541500C3784000B83413807B04711C
S21404D79000A002983E051CB900C3A01E00A03413C6
S21404D7A0086308DB1A718113A0DB067149791070CF
S21404D7B06979086302DB087204B9677900F800A087
S21404D7C08111086102D910711CB97579069820195F
S21404D7D01411FF3100A0FFB900A004100821141191
S21404D7E0F421081100A08111106110310E71069801
S21404D7F0201908211411F821141100A054DA040089
S21404D800000000002CD80400010000000000000006
S21404D81000F0490254DA04000000000050D8040066
S21404D820010000000000000000F0490274D8040063
S21404D8304063598F404B4C000B000B001A00FF7FCF
S21404D840186C002000000000F6DC04000000000055
S21404D85064D904004063598F404B4C000B000B0006
S21404D8601A00FF7F186C002000000000F4DC04009F
S21404D87000000000FC1F010354DC04001CC001105F
S21404D88000F807001CC001301402080050C0010054
S21404D8908741300424400601070062003870000007
S21404D8A000000000000000030068010F40B8244098
S21404D8B058400101FC006900804005012363E01123
S21404D8C09BC34A74F003000003800000BE0A0000F5
S21404D8D0E040010133000000F0400401590B000051
S21404D8E0640483078813C83A90200A00284101017B
S21404D8F0001E00003C410B0100148C00141A212861
S21404D9002E343B42495043557698BA0C2869000099
S21404D910010000000721286414171A002004C869AF
S21404D920A1203A093C42010129000000A08002011E
S21404D93070780300D5C00000A8800111F001000033
S21404D940A88001310542CB01AC800111F001000032
S21404D950AC80013105228D00B08001010003000275
S21404D960FFFFFFFFFC1F0103A4DC04001CC0011022
S21404D97000F807001CC00130F502080050C0010082
S21404D9808741300C2440060107C052000000000006
S21404D990000000000000000300000000000000007B
S21404D9A0584001016402FF00804005014B01A008B5
S21404D9B09BC34A74F003000000000000000000004F
S21404D9C0E040010133000000F040040100000000C4
S21404D9D0640483078813C83A9C200A00284101017E
S21404D9E0031000003C410B01000000000000000092
S21404D9F0000000000000000000000000000000001E
S21404DA00010000000000000000000000000000000C
S21404DA10000000003C42010100000000A08002015A
S21404DA2070780300D5C00000A8800111F001000042
S21404DA30A88001310542CB01AC800111F001000041
S21404DA40AC80013105228D00B08001010003000284
S21404DA50FFFFFFFF0C400200018014007F4000001F
S21404DA6020400200000000000000000030400700D4
S21404DA70000000000000000000000000000000009D
S21404DA800000000000000000A00700005040010055
S21404DA90000000005C4002000000000000000000DF
S21404DAA0A840010007000000B44004000040000045
S21404DAB0FF4C000000410000FF4D000008C00100BC
S21404DAC00000000020C00110FF00000020C001304C
S21404DAD00043000024C00400EC80B3034375A8028E
S21404DAE0000000002E02000054C003000E2D09E6BC
S21404DAF054060708D1B6020064C0080004300000CB
S21404DB0040201006C8F248181FE8F600BD4B7215F0
S21404DB1011A3180510325476980A000088C0010034
S21404DB2000000000080001010407000018000101BD
S21404DB300000000020000101088400001C400201CF
S21404DB401000000020F913045C40050141080000A1
S21404DB5001000000B0070800A70000000000000055
S21404DB60944007010101103050707F7F00000000D0
S21404DB70000000000000000000000000000000009C
S21404DB80E440010100000000EC4001017DA8D98BAF
S21404DB900041020100612000B75635120C41030112
S21404DBA0F95412002030042988BB400024410101A6
S21404DBB000000000304103016406660C0C010000FE
S21404DBC0E853FA006841030164048307881382005B
S21404DBD00000000030420301000000000000000EB8
S21404DBE00000000044420101000000001080010112
S21404DBF003000000388002011149100001000000F3
S21404DC0088800101000000009C800101EB400200B6
S21404DC10B48001013700000188000202000C0004F1
S21404DC204C0000009400010200040000D000020230
S21404DC300E00000090029608E40001023D0942042A
S21404DC40F400010200000000180101026000510205
S21404DC50FFFFFFFF1200000066666600000000007B
S21404DC6008DD0400F8DC040000000000001A9A0036
S21404DC70005A620280841E000420FE0011495002ED
S21404DC80000000000000000000000000000000008B
S21404DC9000000000B1841E00000000000000000028
S21404DCA00000000012000000666666000000000027
S21404DCB008DD0400F8DC0400000C0000001A9A00DA
S21404DCC0005A620280841E0004200000114950029B
S21404DCD0000000000000000000000000000000003B
S21404DCE000000000B1841E000000000000000000D8
S21404DCF00000000005040000E1190000E11900001E
S21404DD000000000000000000193F01060410010096
S21404DD1000010106001027000009000000000000B2
S21404DD20000000001DC70100CDC60100D9C60100D1
S21404DD30C9C70100CFA3030069A903006DA90300A6
S21404DD4071A9030075A9030079A90300000103045F
S21404DD5064EE01001000000024E101001A00000037
S21404DD6079EB01001100000075E4010011000000C9
S21404DD7063E511000400000023E111000400000024
S21404DD8025E101000800000026E101000A00000069
S21404DD9027E101000200000000000000000000006F
S21404DDA010DF0400FFDE04000000000011DF0400A2
S21404DDB037A204000000000031A2040033A20400CD
S21404DDC00000000035A20400DDDE040026DF0400A7
S21404DDD038A2040032A204000000000036A20400A8
S21404DDE0F4DD04002FA2040030A2040034A20400D0
S21404DDF02EA20400000203040508090A0B0001020F
S21404DE000304051D2000B40108020200AA00FFFF57
S21404DE10FFFFFFFFFFFFFFFF190503005124020069
S21404DE20BD5302003D380300CD5602009BB00300EC
S21404DE309DB003009FB00300A1B0030005CF02000D
S21404DE4075A402001DEC0200D9310300DD43020074
S21404DE5097B0030001A902008D220300F1340200EA
S21404DE6099B003004B990300E93B0200216E0300BE
S21404DE700000000000130000000000000000000086
S21404DE800000000001000000E9AC020002000000EF
S21404DE9011C203000300000041AC020004000000AD
S21404DEA08BC1030005000000E1AB02000000000087
S21404DEB0000000000023001B2200FF0000000000FA
S21404DEC00C090202000000001C1A0B0303FF0608DC
S21404DED00402020204020A0B030302030480FF0284
S21404DEE004FF010101010800000000000000005AC0
S21404DEF06967426565416C6C69616E63653039803B
S21404DF000000183810300000000000008F8E8C804F
S21404DF1081815A6967426565416C6C69616E6365A7
S20C04DF20303906080C108000DD
S20C04DF28B46DFB7F010000004C
S21004DF303CDF040010680020DB01000049
S21404DF3C0000000000000000FFFF000001000000CD
S21404DF4C00000000000000000000000000000000BC
S21404DF5C00000000000000000000000000000000AC
S21404DF6C000000000000000000000000000000009C
S21404DF7C000000000000000000000000000000008C
S21404DF8C000000000000000000000000000000007C
S21404DF9C000000000000000000000000000000006C
S21404DFAC000000000000000000000000000000005C
S21404DFBC000000000000000000000000000000004C
S21404DFCC000000000000000000000000000000003C
S21404DFDC000000000000000000000000000000002C
S21404DFEC000000000000000000000000000000001C
S21404DFFC000000000000000000000000000000000C
S21404E00C00000000000000000000000000000000FB
S21404E01C00000000000000000000000000000000EB
S21404E02C00000000000000000000000000000000DB
S21404E03C0000000000000000000100000000F001D9
S21404E04C0800000008100020010023010400000052
S21404E05C10100020060030010100000014100020EF
S21404E06CFFFFFFFFC0EA2101C0EA21010080000087
S21404E07C00F049025869002000600B000080000084
S21404E08CEC360020C8000000FE0000000000000073
S21404E09C6893040018100020FFFFFFFF1C97040071
S21404E0AC330000001DF2000033000000F172030080
S21404E0BCAF120400B3120400C0120400CD12040004
S21404E0CCDA120400E7120400FA1204000C1304001B
S21404E0DC1913040026130400331304004813040015
S21404E0EC5B1304006D1304008213040091130400E4
S21404E0FCA2130400B1130400C1130400CD130400CE
S21404E10CDA130400EA130400FC1304000B140400D2
S21404E11C1A14040023140400381404004D140400C8
S21404E12C621404008214040090140400AF14040057
S21404E13CCA140400DD140400EA140400FF140400DA
S21404E14C0E1504001D1504002F15040041150400BB
S21404E15C54150400671504007D1504000000000027
S21404E16C0F000000FF00000000000000000000008C
S21404E17C000000000000000000000000000000008A
S21404E18C000000000030E70400C81803EE1D04006D
S21404E19CF31D0400201E04004B1E0400791E04000C
S21404E1ACA71E0400D61E0400031F0400331F04001D
S21404E1BC631F0400B31F0400FFFFFFFF00F80300F7
S21404E1CCFFFFFFFF0000040000000400005C2605AF
S21404E1DCB46A00200600000028B904000000000001
S21404E1EC010019000100000074420020010019000F
S21404E1FC0100000074420020010019000100000018
S21404E20C7442002001001900010000007442002032
S21404E21C01001900010000007442002001001900DE
S21404E22C01000000744200200100190001000000E7
S21404E23C7442002001001900010000007442002002
S21404E24C01001900010000007442002001001900AE
S21404E25C01000000744200200100190001000000B7
S21404E26C74420020010019000100000074420020D2
S21404E27CF04600200000000000000000A0A20400ED
S21404E28C2C4E0020686B0020EC500020F19004000B
S21404E29C0600000000000000000000000000000063
S21404E2AC88B90400A0B90400FC900400C04904001A
S21404E2BCFE000000986B002000000000FC500020BC
S21404E2CC64510020CC510020000000000000000027
S21404E2DC0000000000000000000000000000000029
S21404E2EC0000000000000000000000000000000019
S21404E2FC0000000000000000000000000000000009
S21404E30C00000000619F030074BB0400FFFFFFFFC6
S21404E31CA5A20300A1A20300FFFFFFFFA9A203000E
S21404E32CFFFFFFFF49F20100FFFFFFFFFFFFFFFFA8
S21404E33CFFFFFFFFFFFFFFFFFFFFFFFFFFFFFFFFD8
S21404E34C0000000020A1070000000000EDE403001C
S21404E35C00000000000000000000000000000000A8
S21404E36C0000000000000000000000000000000098
S21404E37C0C570020451A0200D5330200C04904008D
S21404E38C0000000000000000000000000000000078
S21404E39C0C570020DD20020000000000C0490400D9
S21404E3AC0000000000000000000000000000000058
S21404E3BC0C570020212B0200D5330200C049040060
S21404E3CC0000000000000000000000000000000038
S21404E3DCE99104000C570020793802000000000074
S21404E3ECC04904000000000000000000000000000B
S21404E3FC000000000C570020FD4C0200000000003A
S21404E40CC0490400000000000000000000000000EA
S21404E41C000000000C5700206D52020000000000A3
S21404E42CC0490400000000000000000000000000CA
S21404E43C000000000C570020696702000000000072
S21404E44CC0490400000000000000000000000000AA
S21404E45C00000000B80B00000C570020D96C02001A
S21404E46C00000000C049040000000000000000008A
S21404E47C00000000000000000C5700203978020051
S21404E48C00000000C049040000000000000000006A
S21404E49C00000000000000000C570020FD7902006C
S21404E4AC00000000C049040000000000000000004A
S21404E4BC00000000000000000C57002093B7030077
S21404E4CC00000000C049040000000000000000002A
S21404E4DC00000000000000000C57002025800200FD
S21404E4EC00000000C049040000000000000000000A
S21404E4FC00000000000000000C5700209586020067
S21404E50C00000000C04904000000000000000000E9
S21404E51C00000000000000000C57002015C4030087
S21404E52C00000000C04904000000000000000000C9
S21404E53C00000000000000000C570020CDEB020089
S21404E54C00000000C04904000000000000000000A9
S21404E55C00000000000000000C5700203D040300DF
S21404E56C00000000C0490400000000000000000089
S21404E57C00000000000000001DCD03000C57002016
S21404E58C49320300D5330200C049040000000000E1
S21404E59C0000000000000000000000000C570020E3
S21404E5AC0D39030000000000C04904000000000000
S21404E5BC000000000000000000000000FFFFD00771
S21404E5CCB80B0000FFFFFFFFCEFAEFBEFFFFFDFF08
S21404E5DCFDFF0C002C01001E2C01400680001027A9
S21404E5ECFFFF04F8FFFF0C000000000000004000D2
S21404E5FCFDFF2C019C000000FFFFFDFFFFFFFFFF4B
S21404E60C60EA8000800010C1CDAB0A0101FFFFFF59
S21404E61CFFFFFFFFFFFFFFFFFFFFFFFFFFFFFFFFF5
S21404E62CFFFFFFFFFFFFFFFFFFFFFFFFFF01FF05DD
S21404E63CFFFFFF0101FFFF0201FFFF640250FF0F03
S21404E64C010208031E0605021601010A0C05200722
S21404E65C051010010F080410010601010104FF0344
S21404E66C0101FF0C01FF405AB47F0150403000FFFB
S21404E67CFFFF0B03FF050B0101FF03010305020259
S21404E68C01FFFFFFFFFFFFFFFF010102FFFFFF403B
S21004E69CFF010100BD4C0000954C00007E
S804007B413F
