S01B00006275696C642F72656C656173652F7A69676265652E73333714
S21400400008100020117F0000A5C60000AB0A0300C0
S214004010AB0A0300ADC60000B5C60000AB0A03003D
S214004020AB0A0300AB0A0300AB0A0300AB0A0300AB
S214004030B9C60000E84D0400AB0A0300AB0A030053
S214004040AB0A0300AB0A0300AB0A0300297A0000A0
S214004050AB0A0300AB0A0300AB0A0300AB0A03007B
S214004060AB0A0300AB0A0300B9CB0000AB0A03009F
S214004070AB0A0300AB0A0300AB0A0300AB0A03005B
S214004080AB0A0300AB0A0300AB0A0300AB0A03004B
S214004090AB0A0300AB0A0300AB0A0300AB0A03003B
S2140040A0AB0A0300D9820000BD820000AB0A030001
S2140040B0AB0A0300AB0A0300AB0A0300A11F020011
S2140040C0BD650300B965030005170200D36503004C
S2140040D0C1650300611F0200C56503009503020069
S2140040E0E11F0200AB0A0300AB0A0300AB0A0300A1
S2140040F0AB0A0300AB0A0300AB0A0300AB0A0300DB
S214004100AB0A0300AB0A0300AB0A0300AB0A0300CA
S214004110AB0A0300AB0A0300AB0A0300AB0A0300BA
S214004120AB0A0300AB0A0300AB0A0300AB0A0300AA
S208004130AB0A0300CE
S214004134F0B5114A114C124E00F00105E3695F0711
S21400414413D40DB9334213D103EA00078F4207D1C3
S2140041540B4A1A40002A14BF6FF001000020F0BD7D
S214004164013AEBD16FF00200F9E74FF0FF30F6E7C3
S2140041746FF00100F3E700BF80969800000003503C
S214004184020001000B4B70B5D96911F480310DD1D2
S21400419401244FF48072084E084DF46020462C64C7
S2140041A41A61FFF7C5FF3464EC6070BD6FF0010060
S2140041B4FBE700BF0000035000100350002003502C
S2140041C438B541F6713301220C4C0021E569E363EE
S2140041D40B4B05F48035DA600223606121202361ED
S2140041E4FFF7A6FF10B92120FFF7A2FF0122054B17
S2140041F4DA600DB10023E36338BD00BF000003504E
S214004204001003500020035070B5134C6061E3693E
S2140042145B071ED40E4656F8043B8D18A361AE42C7
S2140042240BD10423002121202361FFF781FF58B915
S214004234BDE870402120FFF77BBF08210846FFF742
S21400424477FF10B10423236170BD56F8043BA361C5
S214004254E5E74FF0FF30F7E7000003502DE9F84399
S214004264154641F67132164B8946DF69DA63012238
S214004274064603F58053DFF8508007F48037DA608B
S21400428455B9284601220F4BDA601FB10022A3F568
S2140042940053DA63BDE8F88306F5005404EA08041C
S2140042A4A41BAC4228BF2C46494622463046FFF79C
S2140042B4ABFF0028E6D12644A1442D1BE0E700BF4F
S2100042C4000003500020035000E0FFFF45
S2140042D02DE9F04F4FF0FD0BC9B09A460DF11B09C2
S2140042E09DF8503108AFCDF80C90CDF808B0019786
S2140042F0059303890446009383790E4690464188C9
S2140043008288407812F098FB054650B10090A3884A
S214004310002062883A4912F0D3FE284649B0BDE82C
S214004320F08F99F800002FF09BFC38B12846A38840
S2140043306288344912F0C4FE8D25EEE75A463946A7
S21400434099F800002FF034FC8346002851D0529B89
S2140043501BB1BDF84C3198424BD8002399F8009019
S2140043600793A9F14102012A5FFA8BF123D8384658
S2140043700139254ADFF898C05FFA81FE734513DBE2
S214004380059B04210792C3B907AF18221F489FED6B
S2140043901A7B02FB060420460A460830394684ED9E
S2140043A0027B17F0B5FB11E010F8011F01335140F6
S2140043B00CFB01F2E2E7059B33B123464A4638463A
S2140043C0009610F0BBFAA8E70829DED9B8F1000F6E
S2140043D001D088F80090BAF1000F01D0AAF800B01A
S2140043E0529B002B99D05A46184608A917F090FB06
S2140043F093E7012591E700BF0000000000000000E1
S214004400BAF60300EFF60300C59D1C81801000205D
S21400441093010001000000002DE9F04F93B0CDE9B4
S2140044200A32DDE91C530E9353EC102BCDE908013C
S214004430104619468DED060B1E9E16F0F3FD80B154
S214004440DDE906014FF0FF32C54B16F013FE40B90A
S214004450DDE906014FF0FF326FF4801316F0ECFD35
S21400446070B1DDE908019DED060B0E9B1E96CDE9A9
S2140044701C53DDE90A3213B0BDE8F04F00F088B9EE
S2140044800022DDE90601002316F0D6FD002800F024
S2140044903381DDE906A303F1004BCBF30A5016F493
S2140044A08063A0F2FF3008BF06250F9316F0E8FAE7
S2140044B09BA3D3E9002316F04DFB9BA3D3E900236F
S2140044C016F092F9CBF31304894644F07F518046E8
S2140044D00022A44B504641F4401116F083F994A3F1
S2140044E0D3E9002316F036FB02460B464046494603
S2140044F016F07AF916F0C8FD044616F0C1FA8EA337
S214004500D3E900238046894616F024FB0022964B0A
S21400451016F06AF916F0B8FD89A3D3E9002307461A
S2140045204946404616F016FB80463846894616F041
S214004530A7FA85A3D3E9002316F00CFB02460B4628
S2140045404046494616F04EF902460B46CDE90C2386
S21400455016F000FBDDE90C23804689461046194616
S21400456016F042F90022CDE91001804B404649463C
S21400457016F01AFC00227E4B16F036F902460B4661
S2140045804046494616F010FC00227A4B16F02CF9ED
S21400459002460B464046494616F006FCDDE90C236B
S2140045A08046894600204FF0804116F01BF90246EF
S2140045B00B464046494616F017F902460B46DDE91B
S2140045C0100116F0F1FB07F2FF3700226A4B16F0D7
S2140045D00BF900223B0516F0BDFA52465B468046B4
S2140045E0894616F047FD002840F08980CDE90C8901
S2140045F004F16303C62B8CBF0527042731051BD5A2
S21400460053A3D3E900235046594616F029FD002847
S2140046107FD051A3D3E900235046594616F00CFD2F
S214004620002876D00027A542C6BF2C1B04F1FF3514
S21400463000253C4646F480660E9B9F422CBF4FF0FA
S2140046400008A3EB070816F0020903D0002F18BFD6
S2140046504FF000083CB1DDE90C235046594616F0F1
S214004660A3FB82468B46DDE906010022002316F0F6
S214004670E3FC10B10BF100439B46DDE9080126F48C
S2140046800063CDE90183DDE90A324BEC10AB0095FF
S21400469000F07EF802465FB3DDE9091316F0200F3E
S2140046A000F10105089E0CBF65204520B047DDE9F6
S2140046B008010523002205930A23002CCDE90232C7
S2140046C007F1FF374FEAD473B8BF64422A46019316
S2140046D004970A9B009431F0DFF80246B9F1000F08
S2140046E006D00B9BC41A0B9B1A190E9BA34245D8E7
S2140046F0104613B0BDE8F08FDDE906ABCDE600222C
S214004700404649461A4B16F04FFB013CCDE90C01DA
S2140047106EE7002D90D00F9B002B8DD0013D8BE7D0
S214004720FB799F501344D33FB3C8608B288AC63F9B
S21400473061436F63A787D23F71A379094F930A40FD
S2140047401655B5BBB16B0240EF39FAFE422EE63F76
S2140047502D431CEBE2361A3F0000000080842E41F9
S214004760FFFFEF7F0000F83F0000E03F00002C4016
S21400477000002440000018400000F03F2020DDE943
S2140047800913089DA8470134ADE700BF00000000EC
S2140047902DE9F04F5BEC10AB97B0CDE90501DDE9F4
S2140047A02058CDE90723504652465B465946229F7D
S2140047B016F038FC70B90323CDE902870193AA4BA3
S2140047C00093DDE90501DDE9072330F097FF17B018
S2140047D0BDE8F08F4FF0FF326FF480135046594615
S2140047E016F02AFC28B10423CDE9028701939F4BDB
S2140047F0E6E74FF0FF32504659469D4B16F03AFC1E
S21400480068B19C4A07F00403002B08BF03229A4BAA
S2140048101CBF13460422CDE902870192D0E750461A
S2140048208DA3D3E90023594616F024FC38B98CA38F
S214004830D3E900235046594616F0FEFB68B1DDE981
S2140048400723DDE905014BEC10ABCDE92187209568
S21400485017B0BDE8F04FFFF7DFBD0022002350463B
S214004860594616F0E9FB002800F091805B46524658
S2140048700020002115F0B6FF012382468B460993DF
S21400488017F4806400F08580092D40F285800024AE
S21400489030210EABA5F109020134202C03F8011BD0
S2140048A0A5EB040901D09442F6D15946504616F0BD
S2140048B0EBFB724B054603EBC90393ED007B8DEDD6
S2140048C00A7B16F0DDF802460B465046594615F0B0
S2140048D089FFDDE90A2316F03DF902460B46CDE9CD
S2140048E00C2316F0F9FB064616F0BAF802460B46FD
S2140048F0DDE90C0115F076FF02460B46CDE90C23E8
S21400490000225F4B16F0B6FB002848D00136304632
S21400491016F0A6F802460B46DDE90A0116F096FBED
S21400492008B100260135B9F1000F45D1284616F02A
S214004930A7F802460B465046594615F053FF00228C
S2140049404F4B16F079FB10B9E90700D501350A215F
S2140049500EAB1A19202C0AD095FBF1F001FB10556E
S214004960303502F8015B013405460028F2D107F025
S2140049700302012A55D1B8F1000F52D0099A12B994
S21400498017F00C0F01D008F1FF38302240E00990F4
S21400499076E74FF0060988E7A946002485E7002257
S2140049A0DDE90C01364B16F047FB0028BBD10EB1F3
S2140049B0F007B8D50136B6E70A210EAB1A19202C37
S2140049C00DD0B6FBF1F001FB1063092E03F13003A6
S2140049D009F1FF3904F1010402F8013B11D8302136
S2140049E0A1440EAA202CB2D04C4504F101030AD1F2
S2140049F004F158020DEB02042E2204F8202C1C466B
S214004A00A5E70646DBE7A1541C46EBE71A5501343A
S214004A10444506D2202CF9D1CDE9028701940EAB8D
S214004A20CEE6202CF8D0099B3BB12D2204F158038A
S214004A306B4403F8202C0134EEE77A0704D504F122
S214004A4058032B226B44F4E73B07E5D504F15803E3
S214004A5020226B44EDE700BF0000000065CDCD418D
S214004A600000000065CDCDC1DD130400E113040095
S214004A70FFFFEF7FD4130400D9130400205D040069
S214004A800000E03F0000000070B58EB02C22002130
S214004A9003A816F0ADFE64234FF002320893CDE96A
S214004AA005230B2301218DF834305B4B8DF8101055
S214004AB01D880D4040F0A980084634F049FF0A22C0
S214004AC0564B574C1A704FF42873ADF812304FF00F
S214004AD0FF332360534B54491B8820460B82534BAD
S214004AE0534A1B68CD828B61524B0D621B884B82EA
S214004AF0514B1B68CB611DF0E9FA20B14FF41B71D6
S214004B004E4835F0C0FF0521206831F0B8F820B1D6
S214004B1040F27D21494835F0B6FF206815F01EFEAC
S214004B20474B2068196831F06DF90C2535F078FB95
S214004B306843099035F074FB68430DEB0501079058
S214004B40206817F017FD20B140F295213B4835F05C
S214004B509AFF25681FF0F2FC00220146284631F035
S214004B60C9F920B140F29721344835F08CFF40F265
S214004B700353344D344E2B80052396F90000AB705A
S214004B807F2801D11DF098FB3378EB7035F048FB99
S214004B9000EB80008000A88035F042FB0023C000B8
S214004BA04FF0FF31E880AB604FF0FF3018A3D3E939
S214004BB0002335F01FF82549206831F054F92068A5
S214004BC002A931F070FD20B14FF434711B4835F066
S214004BD05AFF042220680DEB020131F0E8F80428A1
S214004BE004D040F2D721154835F04DFF01A9012029
S214004BF030F0E9FC07F09AFD01201DF0E1FF2CF0F3
S214004C004CFD1EF007F81DF0EFFA0EB070BD00BFA9
S214004C100A0020FF42030000C65B0020F26200206C
S214004C20E0550020CE760400A4690020D476040067
S214004C3079990300CC760400D0760400A64C0400D4
S214004C40EC660020D4550020796C0020ED99030016
S214004C500348044B834202D0034B03B11847704706
S214004C60A86C0020A86C002000000000064B074936
S214004C70C91A891048BF0131491003D0044B0BB143
S214004C8001481847704700BFA86C0020A86C002099
S214004C900000000010B5064C237843B9FFF7D8FF94
S214004CA0044B13B10448AFF300800123237010BDFA
S214004CB0B015002000000000549A040008B5044B0C
S214004CC01BB104490448AFF30080BDE80840CDE7B7
S214004CD000000000B4150020549A0400A3F5803AA2
S214004CE0704700BF154B002B08BF114B9D46FFF7C2
S214004CF0F5FF00218B460F461148124A121A16F08D
S214004D0077FD0C4B002B00D098470B4B002B00D0A8
S214004D1098470020002104000D000B4817F0AEF85D
S214004D2016F03EFD200029002BF00EFB17F094F83D
S214004D30000008000000000000000000081000202E
S214004D400810002048630020E5BE010007B50121D9
S214004D5020200DF1070201F03BF858B10223012193
S214004D6020200DF107028DF8073001F041F803B05E
S214004D705DF804FB9DF807100229F8D002220948C6
S214004D8015F024FC022301210DF1070220208DF8E6
S214004D90073001F02DF82BF031FA4FF4FA6000F0EE
S214004DA061FEE4E7A8AE030038B502F009F901F0A9
S214004DB0ADF9012805D001F0A9F9022801D001F0CB
S214004DC0CBF9064D2B783BB901F0A0F90128044633
S214004DD002D12BF09CFA2C7038BD00BFA45C0020DA
S214004DE010B5044600882BF0DDF9A37884F844005B
S214004DF0834202BF0123E3702371074B04F11C00BA
S214004E00C4E9073401F03AF8224620880349BDE891
S214004E10104000F077BF00BF3BFF020005FF020016
S214004E2070B5C37804460D461646002B34D1D1B172
S214004E30214815F0CBFB0123E370E36CA6600BB1B1
S214004E40E06D9847E368F61A63699E4221D2217E98
S214004E501A480131C9B2217615F0B8FBA36D13B11B
S214004E60217EE06D9847E5702BF0DBF915B32379CA
S214004E7003BBA268238A801A83421BD801231048EA
S214004E80237115F0A3FB236DA3B1E06DBDE8704060
S214004E90184701232376E6E70029E4D1094815F0F0
S214004EA095FB636DE660E5702571002BDBD0E06D49
S214004EB09847D8E770BD00BFD0AE0300E1AE030050
S214004EC00FAF0300FCAE030070B51E468388044691
S214004ED00D46C18002810BB1868070BD8178008846
S214004EE02BF04CF80123E370064BA680C4E903348C
S214004EF00C34204600F0C2FF29462046BDE870402C
S214004F002BF086B987FF020010B501790446B1FA86
S214004F1081F1008849092BF0A8F821796088B1FA58
S214004F2081F149092BF0A1F8034B1A68A24204BF8D
S214004F3000221A6010BD00BFCC15002070B5437962
S214004F400446A3B100880E4E04F10805336813B179
S214004F500C4B1B786BB121792BF087F864210A4B38
S214004F603460A3602846BDE870402BF051B94088F5
S214004F70E9E7064815F02AFB054B3221A360F1E766
S214004F80CC150020A55C0020094F000025AF0300CB
S214004F903D4F000010B50446E0B10F4815F016FB73
S214004FA001236371A37953B9217920882BF05DF82A
S214004FB0236B7BB1606B0121BDE81040184720468B
S214004FC0FFF7A2FF04F108002BF027F92046FFF7B1
S214004FD0B5FFEDE710BD00BF5BAF030010B504469C
S214004FE0F8B1104815F0F2FA00236371A3796BB993
S214004FF021792088B1FA81F149092BF036F8236B24
S2140050007BB1606B0021BDE8104018472046FFF7D3
S2140050107BFF04F108002BF000F92046FFF78EFF17
S214005020EDE710BD66AF030010B5044668B107484B
S21400503015F0CCFA637920461BB1BDE81040FFF7A7
S214005040CDBFBDE81040FFF7A5BF10BD72AF03008F
S21400505010B50E4C0E48214615F0B8FA82210D48C0
S21400506015F0B4FA82210220A21E00F0C1FE01460D
S21400507030B134F8022C0848BDE8104015F0A6BA46
S2140050800648BDE8104015F0A1BA00BF265700201C
S21400509081AF03009CAF0300A7AF0300EBAF030094
S2140050A038B5124C82212246022000F091FEA51C43
S2140050B0014698B122880E4815F088FA2A460D4B0C
S2140050C003F1340153F8040B8B4242F8040BF9D178
S2140050D019889B78118093703623238035F8021C3C
S2140050E0054A0648BDE8384015F070BA2457002037
S2140050F0F6AF030076B003002657002054B0030036
S214005100034B1B781BB18B4201D82BF077B8704746
S214005110206C002010B5044601460E4815F056FADD
S214005120012C11D10C4B0D481A884FF6FF739A428A
S2140051301EBF0022094B5A742AF07DFF02F096F833
S214005140BDE8104001F068BF0448BDE810402AF0F2
S21400515074BF00BFADB00300D46B0020786600209B
S21400516070B500241A4D1B4E3378A3421BDC002476
S214005170194D1A4E3378A3421BDC0024184D194EE5
S2140051803378A3421BDC00F0C1FF012816481CD16F
S2140051902AF051FF02F06AF801F03EFFBDE87040C9
S2140051A0124800F0D3BF2846FFF71AFE01346035D8
S2140051B0DAE728462AF025FF01343435DAE72846B0
S2140051C02AF058FF01343835DAE72AF036FFE5E7EB
S2140051D034230020AB5C002054270020AC5C002069
S2140051E004210020AA5C00207866002015510000EB
S2140051F02DE9F04F87B0FFF753FFB94B05A805938D
S2140052002AF05CFF054616F0EFF9B64CC2B21F2A2C
S214005210627004D9B44815F0D9F900F017FC294695
S214005220A01C16F075FC05A82AF048FF054616F0E7
S214005230DBF9C2B21F2A84F8212001D9AB48EAE77D
S214005240294604F1220016F063FC05A82AF036FF72
S2140052503226044600272578002D40F09F80A44C77
S214005260FFF77EFF2378DFF8C8A2DFF8C882A14FD9
S21400527000939AF8003098F8002039789E4815F088
S214005280A5F93A7898F800109AF8000053180344E5
S214005290DFF894B220782C4603445846DBB2AA4284
S2140052A000F3E582012B38BF0123944E0293324669
S2140052B0002335464FF482714FF6FF74029801338F
S2140052C0984213705180948002F10C02F6DC8C4BED
S2140052D08A498448AB6000F0EFFFE879AB68DFF8F6
S2140052E0449200EB400003EB800000F0BBFDEB793E
S2140052F0B9F800200133A242EB7103D07F49814800
S21400530001F0DCF84FF6FF73B9F800207B49D21A9B
S21400531018BF01227C4801F0BFFD4FF00009784C11
S2140053203A784A4500F3CC8200264FF00C09774ABB
S214005330DFF8C8B198F800003978B04200F3D4829C
S21400534046180C21002501FB06B19AF800009423AC
S214005350A8426F4A00F3E6820C253E7898F80030A3
S21400536000274FF482781E44064405FB06B5DFF896
S214005370C8A15F4B1B78BB4200F3E78202995F48E7
S21400538000F0FEFD059B56491A468B4240F0F0821F
S214005390604807B0BDE8F04F15F018B9532D0FD18F
S2140053A063784C2B40F04881A378502B40F0448122
S2140053B00122594B1A7005A82AF080FE04464AE7D7
S2140053C0442D13D16378303B092BF4D8601C2AF0A7
S2140053D082FE524B524A1978002386B2994202F155
S2140053E06002E8DD22F8466C0133F7E7422D0BD168
S2140053F06378542B54D1A01C00F0D2FC494B188083
S21400540018462AF05CFDD6E7582D33D8412DD2D960
S214005410433D152DCFD801A353F825F0DB570000E8
S214005420B7530000B7530000B7530000B75300004F
S214005430B75300008B550000B7530000B753000069
S2140054403D55000087540000B7530000B7530000D6
S214005450B7530000B7530000BD5600003956000091
S214005460B7530000B7530000B7530000B75300000F
S21400547033570000692D9ED1601C2AF02CFE80B2A6
S2140054802AF0B8FE97E71B4B012019780023264A1E
S214005490994202F1A8028EDD02F8A60C0133F7E766
S2140054A0601C00F07DFC0546E01C2AF08CFE012105
S2140054B0024628462AF043FE60211848184C037816
S2140054C05943621865524FF4FA6111824FF44871DD
S2140054D05161164956831165013303706BE700BFAF
S2140054E0265700208C650020CCB00300E3B00300F4
S2140054F0A65C0020A95C0020F3B0030098160020EC
S2140055001017002048160020D0150020581D002037
S2140055109C1B002043B10300A55C0020AB5C002070
S21400552034230020D46B0020581E0020A700030060
S214005530A75C0020A85C002090180020601C00F0EB
S2140055402FFC00224FF034088146CD4F11462AF03A
S214005550F6FD3878CB4D08FB00F325F80390EA18E3
S214005560E3781046693B18BF012393702AF049FD83
S2140055700021C54A3B785160012103FB08550B44C6
S2140055803B7015600F46117415E7601C00F008FCB0
S2140055900022114681462AF0D2FD3422B84DDFF8AB
S2140055A0E482287802FB00F328F8039008EB030156
S2140055B0E3780846693B18BF01238B702AF021FD6B
S2140055C0B24A00231046916B31BB00EB83103423A4
S2140055D02A7802FB03838363AD4A00231046D2F881
S2140055E0A410F9B9A82202FB030034232A7802FB90
S2140055F00383C0F8A4305FB9A34A3B46114652F86D
S214005600040BA8B93422287800FB028241F8232034
S2140056102B7801332B70CEE60133042B02F14002C7
S214005620D1D1D9E70133042B02F1A802D7D1E2E7A2
S2140056300133042BE3D1EBE7601C00F0B1FB80469E
S214005640E01C2AF0C0FD0121024640462AF077FD04
S21400565060219048904D0278DFF858C251436B188D
S21400566025F801804FF44871198259618B495E8391
S2140056709965E178A824642904BF012199709CF8F3
S2140056800030DFF80CE25C430EEB04010EF8043049
S2140056904FF400744C8003240C718C7102EB4204AE
S2140056A005EB441532240133DBB201324B718D60B9
S2140056B081F8A04002708CF800307CE6601C00F098
S2140056C06FFB00224FF0380A8146DFF8E081114672
S2140056D02AF035FD98F80030714D0AFB03F325F8E3
S2140056E003904FF00109EA1882F80490E37873B14A
S2140056F0E01C00F055FB0022044611462AF01FFD70
S21400570098F800300AFB03535C8083F806906548DF
S2140057105E4A03789901535498F8001002EB8314FC
S214005720C1EBC10205EBC2054A1C656388F8002080
S214005730D2E6601C00F034FB8046E01C00F030FB34
S2140057400546601D2AF03FFD0446024601214046FC
S2140057502AF0F5FC2246284601212AF0F0FC6020BB
S2140057604FF4487CDFF82CE14B4A9EF8003000FBF3
S21400577003F422F80480DFF824811119A1F810C080
S214005780C1F814C04E83C1F85880591CC9B24843AA
S2140057901418A4F810C0C4F814C06683C4F858805F
S2140057A094241552404D981C8EF800002878DFF897
S2140057B008C1444303EB430301EB41010CEB040E29
S2140057C002EB431302EB41120CF80400CEF804304F
S2140057D0CEF8082001302870EDE5601C00F0E0FAF5
S2140057E08046E01C00F0DCFA0022054611464046E2
S2140057F02AF0A5FC00223824114628462AF09FFCF1
S2140058002A48274A03784FF0000E04FB03FC22F8D0
S2140058100C804FF0010802EB0C0181F806E081F8DD
S214005820048003EB0801C9B24C4302EB040C155389
S2140058309C1C04704FF482741D4D8CF806E028788A
S2140058408CF804804443DFF874C0C3EBC303C1EB99
S214005850C1010CEB040E02EBC30302EBC1020CF811
S2140058600400CEF80430CEF808204044B3E746796A
S21400587001358E4284BF04714471A8300FE500BF25
S214005880AC5C00205427002078660020581D0020BD
S214005890581E0020AB5C002034230020015100007D
S2140058A004210020A85C0020A75C0020AA5C002041
S2140058B0A65C0020A95C00209C1B002090180020FD
S2140058C0B9F1000F06D016F8052C02EB420204EBE5
S2140058D08204B4603146584601F09CFE09F1010985
S2140058E00BF1A80B0C361BE571180AD0481E09FBF5
S2140058F000B0C07900EB400004EB800409FB01B067
S2140059008460104609FB0151039201F041FC39788E
S2140059101C48314409FB015101F0A8F9039A0136ED
S214005920403207E5F54218BF11F8050C03911EBF7B
S21400593000EB400004EB80048C6003FB052001F0C4
S214005940A5F8039901350C31FFE4F74218BF15F8A6
S214005950053C29461CBF03EB430304EB830408FB0A
S21400596007A018BFAC6000F043FF01370C3500E518
S21400597013F8011D00297FF406AD3B2102F8011C37
S21400598001E500BFF820002007B5012121200DF118
S214005990070200F01DFA18B99DF80720024B1A708E
S2140059A003B05DF804FB00BF206C002007B5064B73
S2140059B08DF80700187001210DF10702212000F074
S2140059C017FA03B05DF804FB206C002007B502212F
S2140059D001200DF1060200F0FBF938B9044814F076
S2140059E0F5FDBDF8060003B05DF804FB0020FAE7FD
S2140059F060B1030007B50221ADF806000DF10602FE
S214005A00012000F0F5F9014610B1034814F0DEFD60
S214005A1003B05DF804FB00BF81B1030010B5FFF7CB
S214005A20D5FF04460146074814F0D0FD012106487C
S214005A3014F0CCFD24B9BDE810400120FFF7DABF12
S214005A4010BD00BFB1B10300C3B1030008B50448E0
S214005A5014F0BCFD00F0DCF92AF0D0FB2AF0CBFBFA
S214005A60D9B1030038B50446084D094B28462B60CB
S214005A7000F004FA002C18BF21462846BDE838403E
S214005A8008BF4FF496712AF0C3BB00BF5828002009
S214005A90F50003002DE9F043384D91B008AC0746F9
S214005AA0894690460FCD0FC495E80F00002684E87F
S214005AB00F0001250323324C3248CDE90366CDE9B9
S214005AC005668DF80E300796029534F085FF2E4851
S214005AD034F082FF32462D4920468DF8176004F0D8
S214005AE0C1FE334632462A498DF8190000902046FA
S214005AF08DF82390CDF82C808DF8216004F0CCFE34
S214005B000A9020468DF8097004F02EFE204608AA5A
S214005B1005A904F0E7FE02AA204603A92BF019FD0A
S214005B204FF400721B4B5A62194BE560626A92058D
S214005B3010D46BB94FF40072164B11485A6204F039
S214005B4013FE114834F04BFF002011B0BDE8F0837F
S214005B50013BEBE7002BEDD0094908A82BF02CFD04
S214005B604FF400720B4B06485A6204F0FDFD0648DF
S214005B7034F035FFBDF82000E7E700BFA04D040075
S214005B800040005A485004004450040080841E0020
S214005B9040420F000060005A0122034B1870034B6E
S214005BA01980034B1A707047AE5C0020DC6B002037
S214005BB0AD5C0020F8B5454B1B780BB90020F8BD4E
S214005BC0434B1B78012B03D1BDE8F8402AF095BA69
S214005BD0404B1C884FF6FF739C42EFD03E4834F093
S214005BE0FBFE0023260AE4B21A462146304604F09D
S214005BF07BFD012E354604F0010335D015D9B51EC0
S214005C00012DDBD8002B0BBF4FF480754FF080754D
S214005C104FF470614FF070610BBF01274FF480376F
S214005C200F204FF470202D4B11E0002B0BBF4FF4CC
S214005C3080754FF080754FF470614FF070610BBF48
S214005C4001274FF480370F204FF47020244B1A683A
S214005C5002401CD0BA421AD01A680A4032D11A68DA
S214005C6022EA01022A4316E0002B0BBF4FF4807590
S214005C704FF080754FF470614FF070610BBF0127D5
S214005C804FF480370F204FF47020164BDFE71A686A
S214005C9022EA00023A431A602AF02FFA0546002844
S214005CA08CD0083644EA06102A460321C0B2FFF715
S214005CB0F1FE40F6FF73684300F2FF70B0FBF3F0AE
S214005CC080B27CE795427FF479AFC8E7AD5C0020F0
S214005CD0AE5C0020DC6B00204850040028C3035054
S214005CE020C3035024C3035010B5044C237823B9B3
S214005CF0034834F071FE0123237010BDB05C002011
S214005D00485004002DE9F0431F4C85B007468846EE
S214005D109146FFF7E9FF23781BB902F095F90123B6
S214005D2023707BBAADF80C3030220023174E02FBEE
S214005D3003F4315DA51901BB012333554FF0FF3342
S214005D4004F1100012493044AB606F80C5F804803F
S214005D50C5F80C9009F00AFC04F10801042231444D
S214005D600C4B009503A802F045FAA96802460A48BB
S214005D7014F02CFC05B0BDE8F0830133102BD6D10F
S214005D80064814F023FCF5E7AF5C002080280020CE
S214005D901F01030031010300E6B1030014B2030043
S214005DA080B10278A2F14103032B0BD8407830383B
S214005DB0C0B2082806D8054B134413F8413C40EA05
S214005DC0032070474FF6FF70704700BFC04D0400B9
S214005DD008B50B4642B101460448006803F04EFB86
S214005DE0BDE808402AF000BA022008BDE46600209C
S214005DF008B50B4642B101460448006803F0C6FCED
S214005E00BDE808402AF0F0B9022008BDE46600208C
S214005E10F0B50026124F8DB0FF2300930A223346BA
S214005E20386802A92BF052F9C0B102AB1D4603EB4D
S214005E30800404E055F8043BB34228BF5E1CAC4225
S214005E403868E9D9296803F027FE0028F2D02D2803
S214005E50F0D00DB0BDE8F0402AF0C6B90DB0F0BDE8
S214005E60E466002028B1034B0360034B4360002325
S214005E7083607047190000038C660020FF2307B577
S214005E800021044A0093083009F0F4FA03B05DF8E4
S214005E9004FB00BF0B0203000B46044902460868D9
S214005EA00349097808B12AF0D7B970478C2B00202F
S214005EB0B25C0020F7B50C4618B12921194834F019
S214005EC0E2FD246823685E795F8830463946FFF72E
S214005ED0E3FFF0B18568E5B1A089227D394690429E
S214005EE091BF0020801AA36880B294BF03469B1817
S214005EF0E27C00903046A8470138032803D8DFE844
S214005F0000F0080F0B0D002420462EF011FC204652
S214005F1000E0812003B0F0BD8024F5E79324F3E78A
S214005F208724F1E73CB20300F8B515460D4A04464F
S214005F3010680D4A0B46117850B122462AF08CF9AB
S214005F40034628B100210C27C678B14201DB0020A9
S214005F50F8BD07FB01F45A681019125BAA42F7D085
S214005F600131F2E78C2B0020B25C002008B5034B11
S214005F701B6803B19847002008BD00BF882B00208F
S214005F802DE9F74F04460D460026454B454F186051
S214005F90454B197033010021F85C013610F03AFBCE
S214005FA00C2EF7D10C2D28BF0C254FF000090195BB
S214005FB03C4EDFF800A13D4DDFF8FC80019B4B45D1
S214005FC002DC03B0BDE8F08F23784FF0000B33708F
S214005FD063887380A388B380A379C6F80880B371FA
S214005FE0E379C8F8005088F804304FF00003A7683B
S214005FF0A8F80630E3795B450ADC012116F8100B99
S21400600010F008FB08F1080809F101090C34D5E77F
S2140060104FF0000338886B812880FB784FF0000C27
S2140060202B81BA78C5F804A0002A00920CBF802203
S21400603040222A7379680AF10C02634513DC03EBED
S21400604043030AEB830ABB6843B1009A4FF6FF711D
S214006050B2FA82F2164B52092EF0FAFA14350BF108
S214006060010B0C37C6E7B1F800E00CF1010C22F882
S2140060700CEC91F802E00C3202F816EC91F804E011
S2140060800C3102F815EC11F809ECBEF1010F14BF43
S2140060904FF0100E4FF0110E02F814ECCDE700BFD3
S2140060A08C2B0020C4420020B25C002090310020DF
S2140060B0B55E0000902B002010340020014B1860C5
S2140060C0704700BF842B0020014B1860704700BF4C
S2140060D0882B002070B5128805460E46FFF724FF71
S2140060E0044670B102790499806815F0D3FB064B1C
S2140060F01B680BB9002070BD314628462288984799
S214006100F8E78620F7E700BF842B002008B50FF0DD
S2140061101DFB022806D0012806D0044B1878400044
S214006120C0B208BD0120FCE70220FAE7B15C0020FF
S214006130054B10B51C682CB1FFF7E8FF2346BDE8F9
S2140061401040184710BD00BF802B0020014B186080
S214006150704700BF802B0020034B1A781AB9012223
S2140061601A700BF053BB7047B15C00200022024B44
S2140061701A70FFF7DDBF00BFB15C002037B50446DC
S214006180002832D00FF0E2FA022830D160892EF0D3
S21400619031FEE079237A003818BF0120012B637A9C
S2140061A008BF40F008000BB140F0100063890BB147
S2140061B040F00400257CA188A2790DB1E36873B98C
S2140061C00C4B10F003FE2178084610F07BFE2EF0F4
S2140061D03AF9002814BF0320002003B030BDCDE9F3
S2140061E00035054B10F0F2FDEDE70220F5E7012043
S2140061F0F3E700BF07030400D0D2030008B50DF094
S21400620063FC014630B1044814F0E0F9BDE80840EC
S2140062100DF0FEBF08BD00BFAEB20300034B044A3C
S2140062205B7C012103201370FFF7E2BD7866002037
S214006230B35C002010B50446FFF7F0FFB4F57F4FBF
S2140062400BD100240F4B1A8813449C70FEF700FFF6
S2140062502046BDE81040FFF705BC4FF601739C4290
S21400626004D1BDE81040084829F0CDBE4FF60273B1
S2140062709C4205D1BDE81040044B1878FFF796BB4A
S21400628010BD00BF2457002078660020206C002038
S21400629010B5074C012122460320FFF799FD28B9C7
S2140062A02378044A003B18BF0123537410BD00BF77
S2140062B0B35C002078660020F8B5564B32251A8865
S2140062C04FF6FF739A4218BF03234FF00802524C52
S2140062D018BF2370514B1A7030225D70DD70362562
S2140062E09A705A71DA7137221D7135251A724FF479
S2140062F000129D714A4D4264C5644A4D01220565EF
S214006300494D86188565494DC667C565484D494E51
S2140063104566494D80F848208566484D80F85420EB
S2140063200567474D80F860204567202580F878503F
S21400633080F8845000F12105C0F88850414D80F85F
S2140063406C20C0F88C50C0F8806080F89020C0F8B0
S2140063509440C0F8B8303C4B3C4CC0F8BC300223EC
S214006360C0F898403A4C80F8C030C0F8A4400F24DB
S214006370384B80F8A840C0F8C430374B374CC0F8CC
S214006380C8308223C0F8AC40354C80F8CC30C0F81A
S214006390B0400924334B344DC0F8D030334B80F82E
S2140063A0B440C0F8D4302C7C314B80F89C20C0F828
S2140063B0A00080F8D820C0F8DC3044B12D4B80F81F
S2140063C0E420C0F8E03005F11103C0F8E8304FF0E3
S2140063D0000CCA798E6802EB42039F00443006EB3D
S2140063E0830326F807C0586001200D349870DC70CF
S2140063F01318CB71FFF7C8FAFFF74AFFFFF786FEC0
S214006400012806D12B7C23B1BDE8F840164829F0B8
S214006410FABDF8BDD46B0020216C0020B45C0020CF
S214006420D94D040001002000D84D040002002000D1
S214006430D74D04000500420003002000D64D04009E
S2140064400400420007003000FDFF2100120010018A
S21400645000404200D44D040000FF4401C44D040037
S21400646006004200245700207866002002FF200124
S214006470206C002001FF100113B504460D4829F0DA
S21400648029FD6422C0F30F43637083B2B3FBF2F3BB
S214006490A07823702022012129F000FFA078212275
S2140064A0012129F0FBFE0449201D02B0BDE8104082
S2140064B029F0AEBED46B0020E09304000B7870B5D4
S2140064C083704CF61E0303804FF02013C362012333
S2140064D080F8303080F83C30C3180364124B044612
S2140064E043640223114A80F84830114B8263C36428
S2140064F04063CA798D6802EB420305EB830004F122
S2140065002C0646600B4E45F8236000238360531C20
S214006510CB71094B201DC4E90134FFF7AFFC2046C0
S214006520BDE87040FFF7A8BFFDFF21002100200056
S214006530DA4D04000100010379640000F8B54FF657
S214006540FF73994204460D4609D0B0F87E308B4260
S21400655005D04FF6FE729142037B01D10BB9F8BD10
S214006560EBB1204629F07BFF204629F037FF4FF697
S214006570FE739D4213D1A068FEF730FD6068FEF7FB
S2140065802DFD29F04EFE00232373A0674FF47F42B3
S21400659060784FF48171BDE8F84029F07FBEB4F80A
S2140065A07E60237BAE422CBF02260126B34218D063
S2140065B0D4E90107637B13B13B4607461846012E14
S2140065C045D1FEF7E7FC3846FEF708FD29F029FE20
S2140065D04FF47F42A0674FF481716078267329F0EC
S2140065E05DFEE389A4F8805004F1B4050BB9238A54
S2140065F09BB3B4F87E30A4F8883029F012FE012E42
S214006600C4F88400B4F87E20B4F880003CD1821A26
S214006610022EE38903D1218A002918BF0B4603EB1B
S214006620830303EB8303990042F2107389B251434C
S214006630B1FBF3F108B1984201D101F6B831284612
S21400664029F0E6FD2046BDE8F84029F013BFFEF726
S214006650C5FC3846FEF79EFCB8E742F21072012EE3
S21400666008BF1346A4F87E3014BF00236423607866
S2140066704FF48171A375082229F010FE2846BDE864
S214006680F840024929F0C4BD121AC1E7E09304009D
S214006690094A437B0C211370C3895380038A938075
S2140066A0438AD380838A1381B0F87E305381007882
S2140066B01130C0B2FFF79CBBA657002038B5044681
S2140066C000780D4D11302A460C21C0B2FFF780FB32
S2140066D080B92B78204663736B88E381AB8823826E
S2140066E0EB8863822B89A3826B89A4F87E3029F01D
S2140066F03FFEA07538BD00BFA6570020024B53F8DA
S214006700200029F068BF00BF7034002010B5044692
S214006710052923D8DFE801F003080C2222102046C2
S21400672029F04EFF002010BD204629F04DFFF9E766
S214006730204629F04CFFF5E7E18911B9218A0029A6
S214006740F0D082B17BB1117864290ED8204629F0AA
S2140067502CFE0146204629F024FFE3E7044813F008
S21400676035FF0120DFE70320DDE70220DBE700BF7F
S214006770DBB2030010B4054C114654F820001A464C
S214006780BDF804305DF8044BFFF7C0BF703400203E
S21400679000234FF0967210B5C0E903233222044658
S2140067A082750F4A8382C267C0F88430A0F88830AA
S2140067B08367A0F880308C30FFF760FB094B04F14C
S2140067C0B400C4E92334FFF759FB074B04F1DC009F
S2140067D0C4E92D34FFF752FB044BC4E9373410BD2F
S2140067E0FFFF8813B1050300BD040300A5040300E2
S2140067F038B504460B78294A43700D4642F8230004
S214006800FFF7C6FF2046FFF759FF4FF44013A3617A
S2140068100123237784F8283084F8343084F8403015
S21400682004F10D0363641E4B1E4AA3640223226216
S2140068301D4A84F84C30626204F11602E2621B4A7A
S21400684084F85830226304F10C02A263184A84F8D4
S2140068506430E26304F10E022265164A84F8703052
S214006860626504F11002E265134A04F1140322661D
S21400687004F11202A266114A6367E266EA79A86822
S21400688002EB420300EB830118344C600C4C40F8DA
S21400689023400C4B8B60531CEB7138BD70340020CA
S2140068A002FF2101BD5C00200800200000FF300030
S2140068B001FF100103FF210104FF210105FF210153
S2140068C0020101087567000010B44FF48274427B21
S2140068D00C48013A012904FB020006D0022908D020
S2140068E059B95DF8044B29F06BBE5DF8044B29F0EE
S2140068F06BBE5DF8044B29F06ABE03485DF8044B96
S21400690013F064BE90180020F7B20300B0F85C30B5
S2140069102DE9F0418B4204460E4639D0437B077C76
S21400692093B31C4A12789A422ED34FF482751A4AB1
S214006930013B05FB032390F80F801B7B424629F0A2
S21400694063FEB845054601D1FF281FD13A463146B9
S214006950204694F8903029F057FE2F4605465522DB
S21400696012216078A4F85C6029F098FCFF2F03D011
S21400697039462046FFF7A8FFFF2D09D029462046B6
S214006980BDE8F04129F080BEFF25DFE70746E6E7D1
S214006990BDE8F081A65C002090180020416882685F
S2140069A0C978D27849B112B10321FFF7AFBF837B14
S2140069B0002B0CBF01210221F7E72AB1837B002BB5
S2140069C00CBF02210121F0E7014813F0FFBD00BF14
S2140069D008B30300037BD3B14368DA7812B1826848
S2140069E0D278A2B91B7933B1837B002B0CBF04216C
S2140069F00521FFF78BBF83681B792BB1837B002BA8
S214006A000CBF05210421F4E7014813F0DFBD7047F1
S214006A103AB30300084A437B05211370837B537007
S214006A20C37B9370037CD370037B137100780E30A6
S214006A30C0B2FFF7DDB900BFBE5C002038B5044623
S214006A4000780C4D0E302A460521C0B2FFF7C0F97B
S214006A5020B1BDE83840084813F0B8BD2B78637302
S214006A606B78A373AB78E373EB7823742B7923737B
S214006A7038BD00BFBE5C002076B30300024B53F85F
S214006A80200029F04BBE00BF98340020F8B504461D
S214006A900B78424A43700D4642F82300404E29F0D8
S214006AA05BFEFFF7CBFF6268A3683E483E49D664AC
S214006AB01165D4655065C3E91410DE64DC654FF0DB
S214006AC0987302266361012304F10C01E1613749E2
S214006AD01032216204F10D01A16235492376E1628C
S214006AE004F10E016163334984F82430A16304F194
S214006AF00F012164304984F83030616404F11001DC
S214006B00E1642E4984F83C3084F84830216584F8E6
S214006B105460A265E879A96800EB400201EB8207A1
S214006B2004F1140CC7F804C04FF4817C244F41F8DC
S214006B302270C218D2B202EB420241F822C001EB28
S214006B40820700227A601F4A84F8703022661E4A46
S214006B5084F88830A2661D4A1D4BE2661D4AC4F8BA
S214006B608C3062671C4A8319A26704F15C02C4F881
S214006B708020DBB2194A03EB4303C4F8842084F870
S214006B80646084F87C6001EB830260345460144ACD
S214006B90033041F82320E871F8BD00BF9834002088
S214006BA09D690000DF060300D56900000100200192
S214006BB0020010010300300104003001050021012D
S214006BC001FC01064A002100DC4D040051001000C3
S214006BD0DE4D0400DF4D0400550021006F00180054
S214006BE01200010470B50D460646144613460A46C2
S214006BF001461A4813F0EAFC25B92046BDE8704065
S214006C00FFF718BB072D05D121463046BDE870407A
S214006C1000F0C4BC4FF601439D4205D121463046E4
S214006C20BDE87040FFF72ABF062D05D12146304645
S214006C30BDE8704000F066BAB5F5817F05D1214603
S214006C403046BDE87040FFF759BD202D04D12046E0
S214006C50BDE8704000F0ECB870BD00BFA5B30300FF
S214006C600148FFF72BBA00BFE56B00004FF4C013D6
S214006C7030B5036001230371074B8C688360CA79C3
S214006C8002EB420304EB83056860044844F82300E3
S214006C90531CCB7130BD00BFE04D04000400010161
S214006CA00368064A0C211360436853600389138106
S214006CB0438922205381FFF79BB800BFC0340020D1
S214006CC010B50368044686B0FBB1114813F07EFC8D
S214006CD0A37B104A8DF804304FF48273ADF806306B
S214006CE00123CDE90223002301A804938DF8143074
S214006CF0FFF744FA2046618929F03EFD2046FA2136
S214006D0050F8143B594329F083FA06B010BD00BF73
S214006D10D8B303002000000110B5064C236843B129
S214006D20054813F053FC2068BDE81040418929F05F
S214006D3023BD10BDCC340020F9B3030070B536492E
S214006D4010460C68BDF81020002C5ED003285CD8D6
S214006D50DFE800F0021E2745002B5AD0022A58D939
S214006D601D78B3F80160291E18BF012132462B4852
S214006D7013F02CFC2DB13146204629F0FDFC0020F6
S214006D8070BDE573FA206368584329F0C8FAF6E741
S214006D90234813F01BFCE37B002B38D00023E3735F
S214006DA0F0E7002B35D0032A33D91D681D48294645
S214006DB013F00CFC1C4B2A1F9A4201D90220DFE775
S214006DC023680BB19D42F9D823899D42F6D3E37B15
S214006DD06560B3B9FA20684329F0A1FA11E0002BE8
S214006DE0CED0012ACCD91D881048294613F0EEFBD8
S214006DF0002DE3D063689D42E0D8E37B2581002B1D
S214006E00E8D12046FFF74CFFB9E70120B8E7042099
S214006E10B6E70320B4E700BFCC3400201CB4030060
S214006E2053B4030072B40300FCFF6D009DB403006E
S214006E3038B5154B1C6834B3F0B92168134813F005
S214006E40C5FB23683BB16268934204D2104813F036
S214006E50BDFB6368236004F11405284629F0DDF9BC
S214006E60236823B1FA212846594329F0D1F9204650
S214006E70BDE83840FFF714BF032804D161890548F0
S214006E8013F0A4FBF3E738BDCC340020C8B40300ED
S214006E90F6B403002BB5030070B53E4B0D46044612
S214006EA009781860002A6FD101231A46A1730021C1
S214006EB0E1730121A1814FF46151C4E90013282335
S214006EC0354E22810C21324622206381FEF780FF58
S214006ED060B9D6E900230AB19A4207D331899942AC
S214006EE09FBFC4E900237389218163812B4B2C4A01
S214006EF0E363042384F8403084F84C30E3182365B9
S214006F00284BA2646365022304F10802E265264A60
S214006F1084F85830226604F10A02A266234A84F8EE
S214006F20643084F8703004F10C03E26663676464CE
S214006F30EA79A86802EB420300EB830104F13C0601
S214006F404E601B4E40F82360FA261A4B1A488B6098
S214006F50531CEB71FFF7B8F8208904F11405704351
S214006F6029F0DDF96189204629F006FC134B2846F6
S214006F70C4E90534FEF782FF216849B1284671430B
S214006F80BDE8704029F044B94FF4F07302228DE753
S214006F9070BD00BFCC340020C034002000002301A8
S214006FA0010023000200210003002101FDFF210053
S214006FB0200001053D6D0000196D0000C16C000049
S214006FC0134B10B51C680CB3E37BEBB129F029F921
S214006FD02369C01A002809DB0E4813F0F7FA0023CD
S214006FE0FA20E3736368584329F099F9E37B5BB1B1
S214006FF02489FA235C4329F09DF9A04206D0204656
S214007000BDE8104029F08BB96468F2E710BD00BFF8
S214007010CC34002058B5030038B50024044D55F88C
S214007020040B08B129F0BBFB01340A2CF7D138BD9C
S214007030D0340020042908B50AD172B16BB1137898
S2140070401BB929F0D7FB002008BD29F0C9FBFAE7D9
S214007050034813F0BBFA0120F6E70320F4E700BF6D
S21400706092B5030010B4054C114654F820001A4699
S214007070BDF804305DF8044BFFF7DCBFD0340020C9
S2140070800229024608B50ED004D839B9104629F0B0
S214007090B1FB06E04029F9D0412907D1104629F076
S2140070A09FFB002008BD29F0AFFBFAE7024813F06B
S2140070B08DFA0120F6E700BFB2B5030010B4054C08
S2140070C0114654F820001A46BDF804305DF8044B0B
S2140070D0FFF7D6BFD0340020426B094B52791A70A6
S2140070E082785A70C2789A70826B12B190F83C20FF
S2140070F0DA70007804210930014AC0B2FEF778BE83
S214007100C35C0020024B53F8200029F099BB00BF57
S214007110D034002038B504460078084D09302A4699
S2140071200421C0B2FEF754FE30B96B78A370AB787A
S214007130E370EB7884F83C3038BD00BFC35C0020B9
S21400714038B504460078114D09302A460421C0B2ED
S214007150FEF73EFEC8B9A3782A78022B0CD004D8D6
S21400716063B9204629F046FB01E0FF2B0AD02046F3
S214007170BDE8384029F013BB002AF2D1204629F09A
S2140071802FFBF4E7002AF9D1EBE738BDC35C0020FB
S214007190F8B504460B78284A0D4642F8230043709B
S2140071A0FFF7B8FF636B254A5C631A632046FFF758
S2140071B0C7FF204629F0F3FA4FF4801363600123DB
S2140071C0626BA66B0532E2601D4A23722261A21C26
S2140071D02375A26166B11B4A84F82030E261E21C86
S2140071E06262194A84F82C3004F13C03A2622363DD
S2140071F00627EA79A96802EB4203002E21F82370DD
S21400720001EB83000CBF02230423C37001238370A9
S2140072100E4B04348360531C4460DBB20C4C03EB0F
S214007220430341F8234001EB830000234360094BEE
S21400723002328360EA71F8BDD03400201D080300D6
S2140072400340300101FF300102FF1001BD70000055
S214007250080001006570000028B1034B1B788342CC
S21400726034BF002001207047A85C002070B50025C0
S2140072700A4C0B4E3378AB4200DC70BDD4F8A42029
S21400728042B123791BB16079FFF7E6FF10B91046CB
S21400729028F0AAFE0135A834ECE700BF581E0020EF
S2140072A0A95C002008B5427901461046FFF7D4FFD6
S2140072B0A8B1CB780A48013A042B00EB82100ED80E
S2140072C0012B08D81BB9BDE8084029F089BABDE8EB
S2140072D0084029F08FBABDE8084029F095BA08BDE5
S2140072E0581D002008B5427901461046FFF7B4FF46
S2140072F0A8B1CB780A48013A042B00EB82100ED8CE
S214007300012B08D81BB9BDE8084029F073BABDE8C0
S214007310084029F065BABDE8084029F075BA08BDEE
S214007320581D002010B586B00446FEF7EFFE012873
S21400733030D1E278042A2DD8DFE802F01332340385
S214007340030061790846FFF787FF58B31648032AFB
S21400735000EB811050F80C3C58791DD1003818BF4E
S214007360012063784FF480728DF804304FF48273F6
S214007370ADF806300623ADF8083001238DF80B3043
S21400738000238DF80A0001A8CDE903238DF81430F8
S214007390FEF7F4FE06B010BDB0FA80F04009E0E754
S2140073A00020DEE70220DCE7581D002010B586B07E
S2140073B00446FEF7ABFE012830D1E278042A2DD829
S2140073C0DFE802F013133203030061790846FFF783
S2140073D043FF48B31548032A00EB811050F80C3CD5
S2140073E05B791DD11A1E18BF012263788DF80A201A
S2140073F08DF804304FF48273ADF806300623ADF8EE
S214007400083001234FF480728DF80B30002301A85A
S214007410CDE903238DF81430FEF7B0FE06B010BD9C
S214007420B3FA83F25209E0E70222DEE7581D002095
S21400743010B586B00446FEF769FE012812D16378BF
S214007440094A8DF804304FF48273ADF806304FF4D5
S2140074508073CDE90223002301A804938DF814302D
S214007460FEF78CFE06B010BD0800070110B586B00A
S2140074700446FEF74BFE012820D16278104B8DF8AB
S21400748004204FF4827294F8A01094F8A10059706A
S2140074901870ADF8062004934FF480720223094951
S2140074A001A88DF81430CDE90212FEF767FE94F8B5
S2140074B0A130013B18BF012384F8A13006B010BDEF
S2140074C0C75C00200800050110B58378044603B3A6
S2140074D00379022B0AD142791046FFF7BDFE28B188
S2140074E00C48013A00EB821029F08EF9A379022BA2
S2140074F002D12046FFF716FF2046FFF7B7FF02230C
S2140075006078A4F86C305522BDE81040122128F0AF
S214007510C5BE10BD581D00204388094A08211380A7
S2140075208388538083681B8A938090F8A030937179
S2140075308379D37100780430C0B2FEF759BC00BF1F
S214007540B257002038B50D4604460178114813F0AE
S2140075503DF84FF602739D420ED10F4B1B782BB9A8
S21400756063712046BDE83840FFF7D6BF62790AB19E
S2140075709342F6D20123F3E7B5F57F4FF1D12046CB
S21400758029F0DBF9A378022B0CBF01220022A368A6
S2140075909A70E6E7CEB50300A85C0020024B53F8CD
S2140075A02000FFF7CFBF00BFF834002038B50446F0
S2140075B00078144D04302A460821C0B2FEF708FCB5
S2140075C020B1BDE83840104813F000B82B8863801F
S2140075D06B88E978A380AA88A3681A82AB7984F8B6
S2140075E0A030EB79A371094B1B780BB9637138BDDA
S2140075F009B19942FBD9064812F0E8FF2378013317
S214007600F4E700BFB2570020E8B50300A85C0020EE
S21400761011B60300F8B504460B78474A0D4642F803
S21400762023004370FFF7C2FFA268444BD465D364BF
S214007630434B02265365434BA11C13654FF440137E
S214007640E36001236161E1623F49103221632265F4
S214007650211D3E4AA1633E483E49626504F1A002F0
S214007660A061E163E265E01C611D3B4A2062616443
S2140076703A483B492266A21D2374237784F82830B3
S21400768084F8343084F84030A16484F84C6084F880
S214007690583084F864306062A266E879AA6800EB25
S2140076A0400102EB810704F10C0CC7F804C04FF050
S2140076B0060C2C4F42F82170C118C9B201EB4101EB
S2140076C042F821C002EB810700217960264F84F83A
S2140076D080302767254F84F89830A767244F254BBE
S2140076E0E767254F84F8746084F88C60C4F89C3093
S2140076F004F16C06831CC4F88470C4F890601F4FB5
S2140077001F4EDBB203EB4303C4F89460C4F88870E2
S21400771002EB83067034746008261A4C42F8234045
S214007720C31CDBB203EB430302EB8304043042F8D2
S21400773023606160E871F8BDF8340020910803000A
S214007740DB080300C974000001FF300104FF2001BC
S2140077501000300102FF200105FF300100FF30015C
S21400776003FF2101070001084A002100E24D040042
S21400777051001000E44D0400E54D040055002100C2
S2140077806F0018001200010400239B6AB3F5804FB7
S21400779003D21968064A914203D00023037083601F
S2140077A07047012202709A689B694260F7E700BF43
S2140077B007B0CD5E024B034A1A602AF0E2BC00BF57
S2140077C00000002002020FF073B53F4B04461A7803
S2140077D01AB102221A7002B070BDCDE9002200284C
S2140077E0F9D001261E7033F059F8384D384B186022
S2140077F017F0CEFC2B785BB902F0F2F940B93548A9
S2140078000823354A3549006801F038FE00B92E7065
S214007810334B5A68E260334A9A601A6E22605A6E98
S2140078206260D3F87021A2601B6E5C042CD52E4AD1
S214007830D368D807FCD42D4B1A68531C29D04FF4B4
S214007840801393402A4A13660423294C4FF0804243
S21400785023664FF480632366102323664FF4005399
S2140078606846236601A92266636629F07EF8009BB7
S2140078702366019B63662B78002BACD0164B1A68E8
S21400788022665B686366A6E71A4AD368D907FCD403
S214007890D1E7194B1B78002BD6D1184B5A68144BDE
S2140078A012B94FF480121A66154A526812B94FF48C
S2140078B000121A66134B5B68002BC5D14FF480028A
S2140078C00B4B1A66C0E700BFCA5C0020CB5C0020EA
S2140078D030350020E46600203435002000710800B2
S2140078E00080004455CEAC0000000440B066002086
S2140078F00090004400000450C95C00200080055041
S21400790000C005500000065038B5224D04462B78BE
S214007910012B02D001232B7038BD0028FCD029F0A3
S21400792049F8013009D029F045F840F20113984291
S21400793003D0194AD368DB07FCD42268174B1A66B3
S21400794062685A66A268C3F87021E268D40744BF2A
S21400795000229A60124B1A68013213D1114A12782B
S21400796082B911494968C80748BF1A600F4A526869
S214007970D10744BF01221A600D4A5268D20744BF9D
S21400798002221A6017F00CFC0A4B186832F081FFCE
S2140079900023C0E7CA5C00200000044000800044CA
S2140079A0B0660020C95C00200080055000C005506D
S2140079B0000006503035002070B50024A36AB3F5E9
S2140079C0804F23D21A68134B9A421FD1124E337837
S2140079D013F0FD0518D14FF480341048FFF7F4FE7D
S2140079E0032004F04FFC0E4B0320DC6004F02EFC5A
S2140079F00C4B1C61AB6ADB69984704460748FFF7E7
S214007A0083FF0CB901233370204670BD4FF4817498
S214007A10FAE700BF07B0CD5EC95C00202035002025
S214007A2000A000440090004413B5204B1B7803B917
S214007A30FEE700231E4CCDE900336A4608231D49A5
S214007A40206801F01BFDF8B91B4AD2F84031D2F885
S214007A5040211F2B4FF0010311D9203A9340019A81
S214007A601A43019208236A461249206801F08EFEE6
S214007A70124B134A1A602AF084FB02B010BD9340E2
S214007A80009A1A430092EDE72D28F1D10A4AD2F85F
S214007A904031D2F840211F2B4FF0010385BF203A1A
S214007AA093409340019398BF0093DBE7CA5C0020A5
S214007AB0E4660020007108000080004400000020FA
S214007AC00B020FF038B50025AB6A0446B3F5804FBD
S214007AD010D21B6BB3F5804F0CD20748FFF774FE2D
S214007AE0AB6A20461B6B5B689847BDE83840024887
S214007AF0FFF70ABF38BD00BF3C35002013B5002491
S214007B00A36A0190B3F5804F13D21B6BB3F5804F79
S214007B100FD20948FFF758FEA36A01211B6B01A884
S214007B209B69984704460448FFF7EEFE204602B0DD
S214007B3010BD4FF48174F9E73C35002070B500267F
S214007B40B36A0446B3F5804F0D4612D21B6BB3F5ED
S214007B50804F0ED20848FFF737FEB36A20461B6BED
S214007B6029469B69984704460348FFF7CDFE204602
S214007B7070BD4FF48174FAE73C35002070B50026DE
S214007B80B36A0446B3F5804F0D4612D21B6BB3F5AD
S214007B90804F0ED20848FFF717FEB36A20461B6BCD
S214007BA02946DB69984704460348FFF7ADFE2046A2
S214007BB070BD4FF48174FAE73C350020F8B5002715
S214007BC0BB6A0446B3F5804F0D46164611D21B6BB2
S214007BD07BB10948FFF7F8FDBB6A20461B6B3246AF
S214007BE029465B6A984704460348FFF78DFE204601
S214007BF0F8BD4FF40174FAE73C35002070B5002656
S214007C00B36A0446B3F5804F0D4612D21B6BB3F52C
S214007C10804F0ED20848FFF7D7FDB36A20461B6B8D
S214007C2029469B6A984704460348FFF76DFE2046A0
S214007C3070BD4FF40174FAE73C350020F0B500271C
S214007C40BB6A0446B3F5804F0D461646ADF5337D48
S214007C5020D21B6BB3F5804F1CD21048FFF7B4FD43
S214007C60BB6A20461B6B40F2C1225B6A01A998479B
S214007C70044630B10948FFF747FE20460DF5337D30
S214007C80F0BD836A32461B6B2946DB6A01A898471B
S214007C900446EFE74FF40174EFE700BF3C350020E1
S214007CA010B50024A36AB3F5804F10D21B6BB3F552
S214007CB0804F0CD20748FFF787FDA36A1B6B1B6B30
S214007CC0984704460348FFF71FFE204610BD0124D0
S214007CD0FBE700BF3C350020F0B58FB0044601A896
S214007CE00E461546FFF7EEFE9DF80C30012B12D11E
S214007CF0B5F5402F27D8B4F5402F24D86319B3F52F
S214007D00402F20D821462A46304613F001FF002493
S214007D1020460FB0F0BD0027BB6AB3F5804F15D2E2
S214007D201B6BB3F5804F11D20A48FFF74DFDBB6AB7
S214007D302A461B6B314620465B6B9847044605482F
S214007D40FFF7E2FDE4E740F20244E1E740F2011407
S214007D50DEE700BF3C350020F0B58FB0044601A832
S214007D600E461546FFF7AEFE9DF80C30012B1FD1D0
S214007D70B5F5402F06D8B4F5402F03D86319B3F5F0
S214007D80402F13D940F2024420460FB0F0BDE2580F
S214007D90013225D104339D42F9D82A463146204681
S214007DA028F038FE0028EDD00024EDE70023F2E7A7
S214007DB00027BB6AB3F5804F15D21B6BB3F5804F17
S214007DC011D20A48FFF700FDBB6A2A461B6B3146F4
S214007DD020469B6B984704460448FFF795FDD3E77B
S214007DE040F20344D0E740F20114CDE73C350020D2
S214007DF070B58EB0044601A80D46FFF763FE9DF8E9
S214007E000C30012B22D144EA0503C3F30C03002BEC
S214007E1033D1B5F5402F04D940F2024420460EB0C7
S214007E2070BDB4F5402FF7D82544B5F5402FF3D8EC
S214007E30204604F5005428F0E6FDAC4202D00028A7
S214007E40F6D1E9E70028E7D00024E7E70026B36A82
S214007E50B3F5804F14D21B6BB3F5804F10D20A488F
S214007E60FFF7B2FCB36A29461B6B2046DB6B9847CC
S214007E7004460548FFF748FDD0E740F20444CDE746
S214007E8040F20114CAE700BF3C350020BFF34F8F15
S214007E900549064BCA6802F4E0621343CB60BFF3A1
S214007EA04F8F00BFFDE700BF00ED00E00400FA05BD
S214007EB070B5D0B1C9B10E4E431E013913F8014F4B
S214007EC02046325D02F00302012A11F8012F08BF96
S214007ED004F12000B55C05F00305012D08BF203233
S214007EE0801A01D1002CE9D170BD0120FCE700BF4B
S214007EF0BD7504000348044A0449121A921028F07B
S214007F00D5BD00BF34410000D0420000E46300202D
S214007F1008B5154B83F30A8800F030F8FFF7EAFF40
S214007F20124B13498B4212D30020124B12498B423C
S214007F3018D3FCF7D7FE186850F82240586840F867
S214007F402240013298688242F5D30C33EAE70022D9
S214007F50F8E71C6844F8220001325C68A242F8D3B5
S214007F600833E4E70022F8E7080000205C9A0400E3
S214007F70689A0400689A0400689A0400124B134A30
S214007F8070B59A60D3F88820114D42F47002C3F899
S214007F9088206FF0010205F50054226641F2FF7258
S214007FA062660222C3F8D020BFF34F8FBFF36F8FF5
S214007FB04FF44036032004F065F90320E66004F031
S214007FC045F92E6170BD00BF00ED00E000400000E6
S214007FD000800044014B1860704700BFB866002060
S214007FE0054B1860054B1B6F03F00703032B01D1ED
S214007FF030F0ACBD704700BFC06600200080005067
S2140080002DE9F04104464FF001080C250D4E0CB941
S214008010BDE8F08194FAA4F0B0FA80F00F2808FAD0
S21400802000F2C8BF103824EA0204CABF05FB00628B
S21400803005FB0062B4325768002FE8D09168C0B2E2
S214008040B847E4E74C35002008B50C4832F0C4FCCD
S214008050192004F009F928B1192004F013F91920A1
S21400806004F0F4F81A2004F0FFF828B11A2004F0FF
S21400807009F91A2004F0EAF8002008BD4850040068
S2140080802DE9F0410E461746054618B30F2923D8AA
S2140080900378DBB1013BDBB2022B19D8104AD35C64
S2140080A06A78D340DB0717D50E4BD3F81043ACB92C
S2140080B032F0F4FB80463A462846314602F042FE4D
S2140080C0404632F0E6FB2046BDE8F0817F23E7E736
S2140080D00023E5E72224F6E72124F4E70224F2E76A
S2140080E0384E040000C0035010B5044610B30378A1
S2140080F0E3B1013BDBB2022B1AD8104AD35C62789C
S214008100D340DB0718D532F0C9FB0122617823780B
S2140081108A4030214B4341F2100103F1A04303F59E
S21400812070335A5032F0B5FB002010BD7F23E6E7CF
S2140081300023E4E72220F8E72120F6E7384E040083
S21400814010B5044610B30378E3B1013BDBB2022B53
S2140081501AD8104AD35C6278D340DB0718D532F0C1
S2140081609DFB0122617823788A4030214B4342F2FE
S214008170100103F1A04303F570335A5032F089FB27
S214008180002010BD7F23E6E70023E4E72220F8E77F
S2140081902120F6E7384E040038B50D46044618B3DD
S2140081A011B30378E3B1013BDBB2022B1AD8104AB5
S2140081B0D35C6278D340DB0718D532F06FFB3022F1
S2140081C02378534303F1A04303F570335B69627869
S2140081D0D34003F001032B7032F05BFB002038BD68
S2140081E07F23E6E70023E4E72220F8E72120F6E7EE
S2140081F0384E04002DE9F0410D46164698460446D2
S21400820000284FD000294DD00178002940D04B1EC1
S214008210DBB2022B3ED8254AD25C6378DA40D2071E
S21400822001D4FF2940D1022E01D9042E3CD132F0D0
S21400823035FB23780746FF2B05D0324620462968B3
S21400824002F0C6FD28602B68013309D12378FF2B86
S21400825006D1174B6078D3F8241429F002FA286068
S21400826029684B1C18D00C23124A03FB0122069BDC
S214008270C2F8048093602378FF2B04D001230E4AB3
S2140082808B40C2F82434384632F003FB002007E067
S2140082907F22C2E70022C0E7384632F0FAFA2D20E5
S2140082A0BDE8F0812220FBE72120F9E7384E0400E4
S2140082B000C003504C35002000D0035008B502F033
S2140082C037FD044B00F05530C3F82004BDE80840E5
S2140082D0FFF796BE00E0035008B502F029FD044BF8
S2140082E000F0AA30C3F82004BDE80840FFF788BEB7
S2140082F000E003502DE9F04F144605460E469B4617
S214008300C36B87B001225B6902A960689847EB6B74
S21400831001225B6903A93046984702A828F0C5FFEA
S214008320074648B10023A37563754FF0FF33A3607B
S214008330002007B0BDE8F08F03A828F0C3FF012394
S214008340A375237E04EBC303DE611F846368B34218
S2140083500ED1206003A828F0D7FF4FF0FF3320751A
S214008360A360237D043B022B26D80023A375DFE7FA
S21400837023681A1A53425341A37503A828F0C4FF72
S214008380237D834218BFA77503A828F09FFF0746E2
S21400839002A828F09BFF874218BF002303A818BF37
S2140083A0A37528F09BFF074602A828F097FF874290
S2140083B01CBF0023A375D4E703A828F087FF80B16D
S2140083C0EB6B022230465B6904A9984704A828F0A4
S2140083D08CFF0346207D032839D8DFE800F03838C4
S2140083E0040903A8F3E7CC22237E04EBC3031A8414
S2140083F001F06EFC109B187003A8277E28F05AFF29
S21400840004EBC70787F82200237E03A804EBC30308
S214008410B3F8209093F8227028F058FF804603A8FF
S21400842028F05CFF8246B8F1000F15D0EB6B0222F5
S21400843030465B6904A9984704A828F01BFF6075BE
S214008440637D6BB90023A3754FF0000838E0227EE9
S21400845004EBC2021384CBE703A828F0F6FEEEE78F
S21400846094F81680B8F1000FEED0B9F1000F09D1DC
S214008470DFB10123E375637E002B4FD1012F42D17C
S214008480677614E06B6C06EB0A015A4286EA010036
S21400849010421CBF0022A2755A1E0A409B1A99451C
S2140084A0D0D8A37D002BE3D1CEE7E37D43B94FF0D0
S2140084B000084B4652463146284628F041FCA0604C
S2140084C0A27D12B123694B4423611A49237E0978A1
S2140084D099422AD901332376BBF1000F27D032B355
S2140084E0E37D23B3B8F1000F21D1032F1FD0A1687D
S2140084F04B1C1CD0109B2246009328460123FFF7F6
S214008500F9FEA07513E095F8343063B9EB6A0133D1
S214008510CFD1032FCDD10123A376C8E7012FCFD02B
S214008520032FC4D1F7E79846C3E70023A375A07DC1
S214008530FFE600BF5C4E04002DE9F04F0E4698465D
S21400854000238BB004464FF0FF31104617468DF8D7
S214008550133001F0A7FBB6F5801F20D2314605AADE
S21400856004F1080028F0F3FD451C014603D1237CE6
S214008570BBB92D2010E0384601F094FB01223946A5
S21400858020460DF1130328F02DFC0028EFD09DF8AF
S214008590133088F8003000200BB0BDE8F08FB01C18
S2140085A0E5D1E56A691C36D12046616A28F00EFBE3
S2140085B00546B31C18BF0123DFF8CC900193636A0D
S2140085C0626C0293236805A902FB053AE36B052259
S2140085D05B695046984705A828F002FF28F025FF5B
S2140085E0504628F02DFF4FF0000B824601464B1CEC
S2140085F005D0636C81EA0A025B42134211D0294619
S214008600204628F0E3FA029BAB422CD0BBF1000FC9
S2140086102CD10546D3E72368ED1A636CB5FBF3F55A
S214008620C7E7484601F03EFB0DF1130349462046D6
S214008630019A28F0D7FB034690B1B21C03D0D9F8B4
S2140086400020B2420CD19DF8132003930D4B88F8FE
S214008650002049461A68384613F05AFA039B9B4690
S214008660D9F80810C3E7BBF1000F82D0B6F5801F1B
S21400867091D2314698F800307A6804F1080001F08B
S2140086803FFA88E7584E0400283D00202DE9F341C4
S2140086900446174698460E46184D816AE36A8B4292
S2140086A001D04B1C02D102B0BDE8F081284601F093
S2140086B0F9FA0122294620460DF1070328F092FB1D
S2140086C038B14346294620469DF80720B84700287B
S2140086D0E9D0A9684A1C04D16968204628F003FB43
S2140086E00146012EDAD16B6881EA0302636C5B42B5
S2140086F01A4218BF4FF0FF31D0E700BFFC3C002005
S2140087002DE9F04F4FF0FF334FF6FF720025044679
S21400871000F10806C0E909238BB0C3620562056351
S2140087203046884628F0E4FC204628F01FFA60BB56
S2140087302046414628F09AFA204628F017FA60BBF1
S2140087405E200BB0BDE8F08F2368E26B606C576963
S21400875000FB0530052205A9B84705A828F040FE0D
S214008760012807460CD12946204628F050FA012F4A
S214008770024600D101322946204628F016FA03E0C8
S21400878028F058FE0028EED10135E3699D42DBD380
S214008790204628F0EBF90028CAD000254FF0FF3914
S2140087A04FF6FF73CA46A846C4E90853E3699845DE
S2140087B00AD3A5EB0905012D2CD84FF6FF72636A84
S2140087C093423CD16720BCE72368E26B606C576934
S2140087D000FB0830052205A9B84705A828F000FECA
S2140087E0834605A828F0D3FD0746584628F01DFE08
S2140087F068B1574538BFC4F82480B94528BFB94684
S214008800BD4238BF3D46BA46236A0133236208F1AB
S2140088100108CBE74FF6FF7300256362E3699D42CC
S214008820CBD2676C2068E36B052207FB05005B690B
S21400883005A9984705A828F0AAFD0135EEE7E26BE2
S214008840676C2068694607FB030055690522A84740
S214008850684628F09CFD626A2368606C4B4D00FBFE
S214008860023028F0EDFD4FF0FF33A062E3622A46A7
S2140088706FF00101204605ABFFF75EFE002846D1EB
S214008880AD6829462046E56228F04CF9206320B9F9
S2140088902046E16A28F027FAE0622946204628F0BA
S2140088A022FA0546A36A9D4233D1204628F00DF9E8
S2140088B000278046B946E36999453CD3B84559D95F
S2140088C02046616A28F082F90026054604F1400A2F
S2140088D0B74212D8626C2368694602FB0539E36B1F
S2140088E005225B6948469847684628F050FD53467F
S2140088F002464946E06B28F0A5FD2946204628F0AA
S21400890065F90136B0450546E2D1642019E7A56A47
S214008910B7E72946204628F005F9236B2946034485
S21400892007462363204628F0DEF90546002FB9D116
S214008930C4E90B07B6E7636C2568052203FB0955F7
S214008940E36B05A95B692846984705A828F048FD0B
S21400895028F06BFD58B1284628F072FD01462046E7
S21400896028F0E0F8636C143B984208BF013709F121
S2140089700109A0E7304628F0BBFB00232046194635
S214008980034AFFF783FE0020DBE600BF543D0020CD
S214008990D30D03002DE9F041036B9046826B076808
S2140089A09A4288BF8363426C436A90B002FB0377A7
S2140089B0C36B0E46052201A95B69044638469847F4
S2140089C001A828F00DFD01280146307057D0656CCF
S2140089D0E26B2368606AD2F814C005FB00300522FB
S2140089E006A9E04706A828F0FBFC01284FF0000582
S2140089F023D0D4E90A3201219342CDE90B458DF804
S214008A0034800E958DF83C102AD11946204628F061
S214008A106AF9236B626C14339B1AE06223630C9B27
S214008A2053B99DF83C303BB1626A616C2368E06BD9
S214008A3001FB023128F08CFC0C9DE36B05225B6980
S214008A4001A93846984701A828F0CAFC3070284685
S214008A50236BA26B9A4288BFA36310B0BDE8F08177
S214008A60237C33B91C490BAA04F1080001F096F8E0
S214008A70D5E72046194A0BABFFF708FECFE7237C65
S214008A8023BB2246164904F1080001F087F8616A04
S214008A90204628F0BCF8616A421C204628F085F87B
S214008AA0054620B9236B626C1344143B23632046AF
S214008AB0A16A28F018F92368A062C01A636CB0FB9C
S214008AC0F3F06062204628F051F9B6E7002320460E
S214008AD0044AFFF7DBFDDAE739920000B5910000A3
S214008AE06D0E0300090E030073B50D46D11E4A42F3
S214008AF01C461B7E4A419A4226D129682368994221
S214008B0022D3636899421FD8114E0DF107033246EF
S214008B10FFF712FDC0B972686B689A4214D19DF8CF
S214008B200730DA1E53425341227E93420CD16369CA
S214008B3001336361D4E90323934205D22968A2680E
S214008B4042F8231001332361012002B070BD00BF3C
S214008B50543D00202DE9F04F9B4689B09DF84830E3
S214008B609046514A0193136907465B450D46C0F08F
S214008B709580D94653680093B9F1000F7BD0FB6B04
S214008B8001225B6905A90098984705A828F09AFB7A
S214008B90454B1B68984240F0848005A828F09EFB51
S214008BA00428064615D105A828F09FFB009B04461E
S214008BB01E44019B002B3ED1804512D91C46A8EBD3
S214008BC000083846009928F08EF8A9EB04090090B2
S214008BD0D2E7FB6B02225B69009806A9984706A8B5
S214008BE0E2E7A0EB08045C4528BF5C46032C46443D
S214008BF0ABEB040B1DD9FB6B294630465B69A2081C
S214008C00984724F0030304F0030A1E441D44DDF8CD
S214008C100480BAF1000FD4D0FB6B012206A93046BF
S214008C205B6998475246284606A912F071FF5544DC
S214008C30C7E7A246EBE7824600F0030302932B1831
S214008C4003930644039BA6EB0A00A3EB0A05029BCC
S214008C509A4514D1BAF1000FB3D0FB6B012206A9D6
S214008C605B6998475246284606A913F00DF9002876
S214008C70DDD04FF03609484609B0BDE8F08FFB6BF3
S214008C80012206A95B6998470422284606A913F024
S214008C90FBF80028EDD1AAF1040AD3E74FF06309E8
S214008CA0E9E74FF06F09E6E7803D00202DE9F04147
S214008CB00F4616469846044688B060B390F834507F
S214008CC0FDB1012127F047FF00210E9BCDE90511DC
S214008CD0CDE902379DF83C30CDF804808DF81C3085
S214008CE0237C04968BB90D4901AA04F1080000F014
S214008CF055FFDDE90553E06B002E08BF1D4628F042
S214008D00C3F8284608B0BDE8F0812046044A01AB07
S214008D10FFF7BCFCEDE70546F3E700BF370E0300A0
S214008D20E98A00007FB590F84260044601920DF192
S214008D300B030A463046114928F0AEF8012E0546C8
S214008D40E36B17D132465B6903A998479DF80B1071
S214008D50039B019A59B19BB243EA0243012228467B
S214008D600393E36B03A99B69984704B070BD62F355
S214008D700F03F3E701229B6901A9F5E7803D002078
S214008D802DE9F04F99B00E460D920A69416C0B938F
S214008D901439D31DB3FBF1F3013302EBC302036BAB
S214008DA004469342C0F001820023DFF8049408933F
S214008DB0E36A48461946059300F074FFD6E9033780
S214008DC007930B9B022B4DD1CC2F40F0D7810D9BE8
S214008DD03BB13146204628F0B5F8656C149001206A
S214008DE044E00120079B656C1B68149300F00100AB
S214008DF000280CBF04230823782F0E9349D8059A21
S214008E006B1E1340ED1A3B1D9D423CD2002F3DD0F9
S214008E10082D3ED80023042506934FF0040A336835
S214008E2006990B98C9F80030C9F8107028F070FA47
S214008E304FEA9A030F93059B89F8140003930023C7
S214008E4009930C9304930A93616C039B4A1E1A4081
S214008E508B1A27B35544AB4223D8236B5B1A1344B3
S214008E6023632FE1782F656CB9D8F07D0D9B002B1E
S214008E70BCD0E36B01225B69706816A9984716A8F8
S214008E8028F024FAB4E700250695C6E704250697D9
S214008E90C3E7012300254FF0080A0693BFE75345B2
S214008EA0DBD3A3EB0A029742039BB84628BF904643
S214008EB09742534428D90122D9F8101089F8172070
S214008EC08F4226D10399C9F80410049299F8172006
S214008ED00AB399F818100398CA1C09EBC20250602E
S214008EE004980131A2F80880907289F81810B8F139
S214008EF0000F07D00B9A022A40F08180099A72B1BF
S214008F00012209929B46ABE0049A002A18BF03226E
S214008F10DBE70222D9E7039AC9F80420E7E70C9AB0
S214008F204244032AEED9E26B1846956914A9012239
S214008F300993A847099B05460028E1D03D2D40F03F
S214008F401E8104F1080303932368059A606CA2EB64
S214008F50030ABAFBF0FA00FB0A3028F071FAE16A5D
S214008F608046204627F0BFFEA26A824200F00F81AC
S214008F70626CD9F80830511E0B40216B2768891A9D
S214008F800B442363089BE062DF1BB7FBF2F7BA458E
S214008F9040F0FA80059BB3EB080A12D0E36B4FEA69
S214008FA09A0241469B6998478346E36A059A53446A
S214008FB0E362236B03989B1A4344236328F098F8D4
S214008FC0DA462368616CE06B01FB073128F0ADF9E7
S214008FD0204627F0CBFD204627F0C8FE2063BAF1D6
S214008FE0000F00F0D4803269616CD31D1439B3FBD6
S214008FF0F1F3013302EBC3029042A5D2BFE00D9A13
S214009000002A77D1B8F1030F4FEA98026ED9E16BC8
S21400901018468D6907991093A847109B0546C0B956
S21400902018F0030515D0079A28F0030B02EB0B0186
S2140090309B444FF0FF3215A815922A46109312F063
S21400904067FDE26B5846956915A90122A8470546B3
S214009050109B9B46079A42440792002D40F08B8057
S214009060049B16A80193069B009399F81420434688
S214009070316800F0CDFDE36B0F9A9B69039816A943
S2140090809847039A051E089B18BF13460893434645
S21400909052462046039927F053FE236B08F103023D
S2140090A0A3EB0A0322F003029B1AC9F80800236305
S2140090B0002D7FF443AF0C9BA7EB080743440C93AB
S2140090C0CDF80CB02046039927F00DFE002503903E
S2140090D0002F7FF4B9AE364A3168936804F1080071
S2140090E0E36252680B9B00F00BFD49E09B46454649
S2140090F007999EE79B4606F120021092F27D706863
S214009100A2B1002296F818C00A99D5B2AC4511D97A
S214009110109D02F1010E35F832508D4228D90E9876
S21400912006EBC2020144D069084403E00E9A0A998D
S2140091300A441044E26B15A9556901221193A84709
S214009140159A0A9B1392E26B0433956958460122DE
S21400915013A90A93A847119B054603EB0802A2EB46
S2140091600B02042A7FF679AF28B90BF1040BC5E78A
S2140091707246491BC9E7CDF820B088E770252F4610
S214009180384619B0BDE8F08F4FF0000A19E732698B
S214009190616CD31D1439B3FBF1F3013302EBC30248
S2140091A0236B9342BFF404AEE9E71C27E8E700BF51
S2140091B0283D0020032A2DE9F34106460D461746B2
S2140091C01C4606D1237A012B23D0012002B0BDE82D
S2140091D0F081DFF86080096842460DF10703FFF76B
S2140091E0ABF960600028EDD19DF80720237A032AAA
S2140091F0E8D0D8F804106A689142E3D1012B2969B7
S214009200D4F80CC007D172690CEB0103934202D963
S2140092102074207CDAE708316144E1603B46012295
S21400922029463046FFF7ACFD60600028CAD0002013
S214009230CCE700BF543D00202DE9F341089C032AEB
S2140092401746266806D1237A012B24D0012002B0C7
S214009250BDE8F081DFF89080304642460DF1070306
S214009260FFF76AF960600028EDD12568D8F8040099
S214009270A96AD5F844C04840CCF100031840227AC9
S214009280E1D1012A09D1E268D8F810301344726996
S214009290934202D92074207CD9E72868EB6A1B1A0F
S2140092A0081AB3FBFCF3B0FBFCF083420BD1706CE6
S2140092B0F36A421E1340326B121A13442846336375
S2140092C027F011FDE862D8F81020E368083213444E
S2140092D0E36001223B4604492068FFF751FD6060C9
S2140092E00028B0D00020B2E7543D00202DE9F04120
S2140092F00025604B0E46D3F8008004461D6018B962
S21400930021252846BDE8F08190F8347007B30A6836
S21400931003689A4240F0A3804A6843689A4240F045
S2140093209E808A6883689A4240F09980CA68C368BB
S2140093309A4240F094800A6943699A4240F08F80CE
S2140093408A69C36B9A4240F08A804B698361D8E78A
S21400935068223946856B12F04BFAD6E9021233685A
S21400936004F1080023607368A56363603369636172
S2140093707369A36127F0CEFEB36904F14000E3638E
S2140093809B68984720B9676C17B16368B3FBF7F71B
S21400939094F84330E761002BB2D00023656C236657
S2140093A0002D64D0002F62D02368B3FBF5F205FBD6
S2140093B01233002B55D16668B6FBF5F305FB136335
S2140093C0002B4ED1204627F09DFBA36904330344AF
S2140093D09E4248D340F634726369CC3B934244D8ED
S2140093E0B5F5805F43D30321204627F0B4FBD4E9CC
S2140093F00001E36B1B6898470546E36B0220DB68B9
S2140094009847CDB941462046FFF77AF964280546C5
S21400941004D141462046FFF773F90546666C5DB9F0
S214009420236A2046143E5E4327F06CFBA369043390
S21400943003449E4238BF5A25002D0CBF012300234B
S21400944084F8343007D1D4E900010B4A136801339D
S214009450136027F0F9FEE06B27F016FD51E75D2557
S2140094604FE759254DE75A254BE75F2549E75B252A
S21400947047E700BFB8360020B43600202DE9FF418C
S2140094800C4616461F46054680B390F834307BB32C
S214009490B1F5801F2ED2DFF86080012127F05BFB3C
S2140094A02146424628460DF10F03FFF745F80446CD
S2140094B070B99DF80F30012B11D1D8F81030BB428F
S2140094C012D10246009031462846FFF743FB044679
S2140094D0E86B27F0D9FC204604B0BDE8F081022BEB
S2140094E014BF2D246024F3E76324F1E72124F2E778
S2140094F01124F0E72924EEE7803D00202DE9F04313
S21400950085B00C4617461E460546DDF8308098B3F3
S21400951090F8343093B3B1F5801F31D2DFF8649001
S214009520012127F018FB21464A4628460DF10F0375
S214009530FFF702F8044688B99DF80F30012B14D1C6
S214009540D9F8102006EB08039A4213D3009043463E
S214009550324639462846FFF7FDFA0446E86B27F000
S21400956093FC204605B0BDE8F083022B14BF2D24E3
S2140095706024F3E76324F1E72124F2E71124F0E7FF
S2140095802924EEE7803D002073B50C4616460546B6
S21400959030B390F834302BB3B1F5801F24D20121BC
S2140095A027F0D9FA21462846104A0DF10703FEF7A0
S2140095B0C3FF044680B99DF80730032B0CD0022B5E
S2140095C00CD12846094927F0BDFC3060E86B27F02F
S2140095D05BFC204602B070BD2D24F7E76124F5E75A
S2140095E02124F6E71124F4E72924F2E7803D002041
S2140095F02DE9F3411E4600230C4617460546336008
S21400960050B390F834304BB3B1F5801F28D2DFF852
S2140096105480012127F09FFA2146424628460DF144
S2140096200703FEF789FF0446A0B99DF80730032B11
S21400963010D0022B03BF01233B600423D8F8103060
S21400964018BF38603360E86B27F01EFC204602B077
S214009650BDE8F0812D24F6E72124F7E71124F5E78D
S2140096602924F3E7803D002073B50446056B27F0F8
S21400967049FA636E03449D422CBF002301238542B2
S21400968094BF00252D1A207C84F85030656584F838
S2140096905800A8B100230C4E1A46194620460096DC
S2140096A027F014FD002305461A4619462046009664
S2140096B027F015FDE3682844984294BF0020C01A9E
S2140096C0E06502B070BD00BFFFFF0F002DE9F34755
S2140096D01E4643690446B342884617469DF82890BE
S2140096E04ED300258DF80750204627F00BFAD4F805
S2140096F030A082450AD2236AB5EB430F06D2002279
S21400970020460DF10701FFF745F9B8B39DF807307D
S214009710012B05D1002220460DF10701FFF73AF98B
S214009720B9F1030F06D03146204627F0DBF9256B4A
S214009730854227D3144D4FF0FF31284600F0B2FA89
S2140097404B46294600222046C5E90376C5F8008028
S214009750FFF716FB236E054663B12046FFF784FF2E
S21400976094F8503013B994F858301BB1236E04F1B6
S21400977050009847284602B0BDE8F0870135B3E7A9
S2140097806225F7E71C25F5E7543D00202DE9FF414B
S2140097900F4690461E46054698B390F8343093B36D
S2140097A0B1F5801F31D21A4C022127F0D4F9224697
S2140097B0394628460DF10F03FEF7BEFE024678B185
S2140097C0012342460093394633462846FFF77EFF7C
S2140097D00446E86B27F058FB204604B0BDE8F0814D
S2140097E09DF80F30012BEBD12169B142E8D10093EF
S2140097F0414633462846FFF7ADF904460028DFD138
S214009800E7E72124E8E71124E6E72924E4E700BF98
S214009810803D00202DE9F04790F8423086B0012BBD
S21400982005460391A1EB020740F0AA80FF2F03D85C
S2140098301E464FF0640807E00226012B14BF4FF0C7
S21400984032084FF06408013600244FF6FF79DFF83F
S21400985044A195F84230012B14BF322364239C4266
S21400986002D35FFA88F40DE005AB2246514628463F
S21400987027F046FB95F84230012B059B34D14B452B
S2140098802DD1E4B295F84230012B14BF3222642267
S214009890121BB24217D3012E39D10022012B059795
S2140098A08DF8132027D1082205A90DF1130027F003
S2140098B0E3FD9DF81330059A42EA03222146284626
S2140098C0FFF730FA40B10223324900932846CC23F2
S2140098D0096803AAFFF7FAFE06B0BDE8F087DBB218
S2140098E003B902340134B4E7591CCAD09BB2002B2A
S2140098F0F8D10134F6E7102205A90DF1130027F080
S214009900BBFD9DF81330059A42EA0342D6E7039A58
S214009910012B059223D10823202205A90DF113005F
S2140099208DF8133027F0A8FD9DF81320120221466B
S2140099302846FFF7F7F995F84230611C012BC9B2AB
S2140099401AD10028BFD12846BDF81420FFF7EAF93F
S2140099500028B8D10234BDF81620E1B2AFE71023D4
S214009960202205A90DF113008DF8133027F084FD91
S2140099709DF813201204DAE70028A4D1059A9EE782
S214009980B7F5803F4FF00106BFF457AF4FF03208EF
S2140099905AE700BF803D002070B586B00E460546EB
S2140099A00392A0B390F834309BB3B1F5801F32D247
S2140099B0022127F0D0F831462846184A0DF1170341
S2140099C0FEF7BAFD044618B99DF81730032B0ED1E2
S2140099D00223314600932846CC2303AAFFF776FEDF
S2140099E00446E86B27F050FA204606B070BD022BFE
S2140099F00BD10A49284627F0A5FA03990246814268
S214009A00EFD02846FFF706FFEAE76124E9E72124BE
S214009A10EAE71124E8E72924E6E700BF803D0020B6
S214009A20F7B50C461646054668B390F8343063B36F
S214009A30B1F5801F2BD2022127F08DF8214628464B
S214009A40144A0DF10703FEF777FDC0B99DF80730FD
S214009A50032B14D0022B14D10E49284627F072FA95
S214009A60471C024639462846FFF7D4FE044606B190
S214009A703760E86B27F008FA204603B0F0BD2D24C7
S214009A80F7E76124F5E72124F6E71124F4E7292413
S214009A90F2E700BF803D002030B50C46054685B095
S214009AA028B390F8343023B3B1F5801F23D20221B7
S214009AB027F051F80DF10F03214628460F4AFEF70E
S214009AC03BFD034688B99DF80F20032A0DD00322DC
S214009AD02146009202462846FFF7F8FD0446E86B4A
S214009AE027F0D2F9204605B030BD2D24F7E7212413
S214009AF0F8E71124F6E72924F4E700BF803D0020AC
S214009B002DE9F043466886B3056898464FF0000C8A
S214009B10A946AE4655F83C400CF1010CC4F31307B9
S214009B20013401D0B94217D0B4450EF1080EF1D178
S214009B302F46002403E0B44207F1080712D055F878
S214009B40343001340133F6D1C1F3130141EA085130
S214009B50C7E90012BDE8F08341EA0851CEE90012D9
S214009B60BDE8F083B8F1030F03D101230372BDE80B
S214009B70F083002303E0B34209F10809F5D055F855
S214009B8033400133C4F30754032CF4D1C1F3130359
S214009B9043EA0853C9E90032BDE8F0832DE9F041F5
S214009BA00646406882B0B8B10F4690460024336837
S214009BB053F8345003EBC403C5F30752C5F313013F
S214009BC0013506D05B683046CDF80080B84718B13E
S214009BD0706801348442EAD302B0BDE8F08100BF69
S214009BE0024B1968024B1868FFF780BBC46600205A
S214009BF0E466002008B530F044FE014B186008BD4E
S214009C00AC3D0020014B186830F036BEAC3D00205D
S214009C1073B504462248012A00EAC1119DF818507F
S214009C2023F07C4007D9961E012E28D9073303F06F
S214009C307F03194308E09DF81C300A43DB0603F057
S214009C40C053134343F060410023C4E900108DF86D
S214009C500730B5B1202221460DF1070027F00CFC95
S214009C601A220DF10700211D27F006FC0820636864
S214009C709DF8072043EA8263636002B070BD11431B
S214009C80E2E71B220DF10700214627F0F5FB2368CB
S214009C909DF80720042043EAC2632360EDE700BF77
S214009CA080FFFF0738B5094B0D461A6800210446A9
S214009CB011F09EFD00234FF0FF322383C4E90025F8
S214009CC02361A260E382A37638BD00BF584E04002D
S214009CD00138C0B205289ABF014B185C01207047B6
S214009CE05D4E04002DE9F0410746154600240E4659
S214009CF0596888B0490A012922464FEA510104F101
S214009D000104F8D8DC78997824031B88C90201F48A
S214009D10006104F480540C43C3F30A035203234443
S214009D2092B24FF000089C18274B6FEA0444039346
S214009D3025F07843ED4302A90DF107001B2202939C
S214009D408DF8078027F098FB9DF80720029B02A954
S214009D5043EAC2630DF107001B2225F07845049301
S214009D6002958DF8078027F087FB9DF80720029B59
S214009D706FEA144443EAC26305934FF0FF33079437
S214009D80069307A9BB69012206F110009847BB6934
S214009D9005A90446012206F108009847BB6940451C
S214009DA018BF044604A90122301D984701224045E9
S214009DB018BF0446BB69304603A99847404508BF0C
S214009DC0204608B0BDE8F08101009AB238B5104BC5
S214009DD00546D3F800310C4603F00303022B0BD0E4
S214009DE0032B0DD0012B0FD12EF0CAFE032305B195
S214009DF0286004B1236038BD2EF00CFF0723F6E779
S214009E0030F052FD0623F2E701230020EFE700BF03
S214009E100080005038B5134B0546D3F820010C4699
S214009E2000F0070004281AD8DFE800F003090D1137
S214009E301500012305B1286004B1236038BD2EF05B
S214009E4065FE0423F6E72EF09BFE0323F2E72EF0D2
S214009E509DFE0523EEE72EF08FFE0223EAE70023A1
S214009E601846E7E70080005038B5104B0546D3F893
S214009E7040310C4603F00303022B0BD0032B0DD00E
S214009E80012B0FD130F012FD082305B1286004B174
S214009E90236038BD2EF0BEFE0723F6E730F009FD3E
S214009EA00923F2E701230020EFE700BF00800050FF
S214009EB038B5104B0546D3F860310C4603F0030363
S214009EC0022B0BD0032B0DD0012B0FD130F0EEFC64
S214009ED0082305B1286004B1236038BD2EF09AFE31
S214009EE00723F6E730F0E5FC0923F2E7012300201C
S214009EF0EFE700BF0080005041F6713210B5104CFD
S214009F00104BA04294BF00240124D969DA639A68F2
S214009F1001F4803122F4401242EA04529A600A4A5E
S214009F2090420A4AD2F818028CBF40F0020020F095
S214009F300200C2F8180209B10022DA6310BD00BFA1
S214009F40005A62020000035080F0FA0200C0075078
S214009F502E4B98424AD022D82D4B984240D014D847
S214009F602C4B984239D00AD82B4B984232D02B4BE8
S214009F7098422FD02A4B98422CD000207047294B6D
S214009F809842FAD1284B186F7047284B98422AD02F
S214009F90274B9842F1D1244BD3F880007047254BCD
S214009FA098422BD009D8244B984223D0234B984272
S214009FB0E3D11D4BD3F88C007047214B984221D03B
S214009FC003F5740303F510539842D6D1164BD3F815
S214009FD098007047144B986D7047134B586E704737
S214009FE0114B586F7047104B986F70470E4BD3F855
S214009FF0840070470C4BD3F8880070470A4BD3F8A0
S21400A00090007047084BD3F8940070470048E8016A
S21400A0100024F400C0CF6A0080841E0000093D00C2
S21400A02040420F00405DC6000080E00FC0EA2101FC
S21400A03080BA8C01007E560380D54302006CDC0299
S21400A0400090D00337B50C460021114B0191D3F890
S21400A0508031054603F00303022B0ED0032B11D0EC
S21400A060012B03D101A8FFF7D5FE0D210DB1019BF1
S21400A0702B6004B1216003B030BD2EF087FD0521B2
S21400A0800190F3E72EF078FD02210190EEE700BF85
S21400A0900080005038B5104B0546D3F840320C46C9
S21400A0A003F00303022B0BD0032B0DD0012B0FD193
S21400A0B030F0FCFB082305B1286004B1236038BDEE
S21400A0C02EF0A8FD0723F6E730F0F3FB0923F2E7AE
S21400A0D000231846EFE700BF0080005038B5144B49
S21400A0E00546D3F800020C4600F0070004281BD8EB
S21400A0F0DFE800F003090D111500012305B1286003
S21400A10004B1236038BD30F0D1FB0823F6E72EF00B
S21400A11081FD0723F2E730F0CCFB0923EEE72EF0B3
S21400A12015FD0C23800AE9E700231846E6E700BF82
S21400A1300080005038B5144B0546D3F808020C468C
S21400A14000F0070004281BD8DFE800F003090D1113
S21400A1501500012305B1286004B1236038BD30F036
S21400A160A5FB0823F6E72EF055FD0723F2E730F0AF
S21400A170A0FB0923EEE72EF0E9FC0C23800AE9E7B2
S21400A18000231846E6E700BF00800050032814D0DE
S21400A19005D8012805D0022809D0002005E00F28A0
S21400A1A0FBD1084B186FC0F3013001307047054BE8
S21400A1B0D3F89000C0F30460F7E7024B186FC0F3C3
S21400A1C08020F2E7008000501FB500230193252869
S21400A1D017D8DFE800F0131A1D272C363B51565BC4
S21400A1E060656A78161A401616561A272C27361AED
S21400A1F05127783B3B3B3B2727275B602EF08CFCA8
S21400A2000190019805B05DF804FB2EF09FFCF7E77F
S21400A2102EF082FC02460220FFF7B8FFB2FBF0F2F7
S21400A2200192EEE72EF092FC02460320F4E72EF0B1
S21400A2308DFC02460320FFF7A9FFB2FBF0F252089E
S21400A240EEE7002101A8FFF7FDFEDAE7002101A8EE
S21400A250FFF7E0FDD5E702934FF0E0231B695B07AD
S21400A26005D52EF073FC0290029B0193C9E703A963
S21400A27002A8FFF7F9FDF7E7002101A8FFF7F4FDB4
S21400A280BFE7002101A8FFF713FEBAE7002101A8E7
S21400A290FFF724FFB5E7002101A8FFF74BFFB0E763
S21400A2A0002101A8FFF792FDABE7094BD3F88030F9
S21400A2B003F00303022BA8D0032B01D000209FE756
S21400A2C02EF064FC9CE7002101A8FFF7E3FE98E768
S21400A2D00080005008B50120FFF776FFBDE8084073
S21400A2E00349884294BF01210221032000F002B8EE
S21400A2F080F0FA02032810B50C4627D004D80128AF
S21400A30004D0022817D010BD0F28FCD127F0D2F8B1
S21400A31027F0D8F8124A013C136F23F4405343EA5F
S21400A320043313672EF012FC0021FFF7E5FDBDE8AD
S21400A3301040FFF7CFBF0A4A4C1ED2F8903023F0E9
S21400A340F85343EA0463C2F89030DCE7044A4C1E34
S21400A350136F23F4806343EA84231367D3E700BFB5
S21400A360008000501FB500230193252821D8DFE880
S21400A37000F013202020202A2F454A4F54595E71A2
S21400A38020203420204A202020202A204520712FFB
S21400A3902F2F2F2020204F54314B1B6F03F0070325
S21400A3A0013B032B05D8DFE803F00C02080A042360
S21400A3B00193019805B05DF804FB0323F8E7062334
S21400A3C0F6E70223F4E7002001A9FFF73BFEF0E7DB
S21400A3D0002001A9FFF71EFDEBE702934FF0E023F4
S21400A3E01B695B0705D52EF0B1FB0B230393039B7C
S21400A3F0DEE703A902A8FFF737FDF8E7002001A96A
S21400A400FFF732FDD5E7002001A9FFF751FDD0E7A1
S21400A410002001A9FFF762FECBE7002001A9FFF7A5
S21400A42089FEC6E7002001A9FFF7D0FCC1E70C4B68
S21400A430D3F8803003F00303022B03D0032B05D0A0
S21400A4400023B5E72EF082FB0B23B1E72EF09EFB30
S21400A4500523ADE7002001A9FFF71CFEA9E700BF12
S21400A4600080005008B50320FFF790FE034B1870DD
S21400A47027F020F8BDE8084027F024B8CC5C002080
S21400A48010B504462EF062FB0021FFF735FD1CB127
S21400A490BDE81040FFF71EBF034B0320BDE8104089
S21400A4A01978FFF727BF00BFCC5C002038B50546FB
S21400A4B0FFF74EFD204B04465A68012A04D11F4977
S21400A4C04A609A699207FCD10020FFF74BFF0428E8
S21400A4D003D126F0EFFF26F0F5FF194A24F040736B
S21400A4E095421FD0174A95421FD0174AD16811F0DF
S21400A4F0060FFBD19068936091684B4013F4F81FE9
S21400A50016D12846FDF766FD0020FFF72BFF04282E
S21400A51010D12EF01BFB0021FFF7EEFCBDE8384003
S21400A520FFF7D8BE43F00073DFE743F08073DCE745
S21400A5309060E9E738BD00BF00C0015000E0015060
S21400A54040420F0080841E000000015070B5044693
S21400A5500020FFF707FF03287CD045F60E030221F4
S21400A560414AC2F88030414B9962012103F580537D
S21400A5709962936DD903FCD4D4E900131B0543EA12
S21400A5800163E17B94F823500B43217B43EA0143AC
S21400A590617B43EA0133A17B43EA8113136191692E
S21400A5A0D4E904031B0643EA806301F000410B4331
S21400A5B0A17EE07E0B43217E43EA0143617E43EAAF
S21400A5C001239361E169136A002923F00D0343EA2E
S21400A5D0010314BF0121002143EA800343EAC103BB
S21400A5E0136294F8203094F82200916A4FEA4313DD
S21400A5F031D194F8216021F0330143EA06130B436E
S21400A60043F0010393621A49174A936D31EA030334
S21400A610FBD10221154B9962936D5B00FCD4136944
S21400A620A16823F4700343EA015313614FF000421C
S21400A6300E4B9A6118B9022203F580539A6215B937
S21400A64001220C4B9A6294F824301BB1064B0A4A3E
S21400A650C3F8802070BD21F0330129430B4343EA41
S21400A66040039362EFE700BF00C0005000D00050E8
S21400A6700300014000E00050F1A7FFFF014B93F9F3
S21400A68000007047CD5C0020014B1880704700BF6B
S21400A690DE6B00200C4A10B51369044643F0040331
S21400A6A013612EF0C3FD26F011FF084B084AC3F8CD
S21400A6B0202430BF26F00BFF02F066F91CB9BDE877
S21400A6C010402EF043BA10BD00ED00E000E003504D
S21400A6D00000FFFF034A0179D36E23F030030B43DB
S21400A6E0D366704700400050F8B504460D461F4636
S21400A6F016464AB101238B403021184A01FB00223E
S21400A700F7B141F21001535004EB4403072D4FF00C
S21400A7100F014FEA031316D8A80006FA00F281408C
S21400A7200F48184426F0D6FE4EB9012330210B4AB6
S21400A730AB4001FB042277B141F210015350F8BD43
S21400A74042F21001DFE7A5F10800800006FA00F2E9
S21400A75081400448E5E742F21001EFE700C00350ED
S21400A76004C003500CC00350012200F5805310B5FE
S21400A7705A60244B244AC36043691340FCD183616A
S21400A780C0F89830436913F4401FFBD14369DA05DB
S21400A7902CD4836F53BB43699B0529D4D0F88830EB
S21400A7A033BB0121C26FD0F88C2000F500525160F7
S21400A7B0302183600361C36203620167C0F88010C2
S21400A7C01249884208D142F2600411498464016546
S21400A7D043658465016643660C49884202D10020C1
S21400A7E0102B08D10B4B5362936210BD436FCDE71D
S21400A7F0D0F88430CFE703F1280441F82400013371
S21400A800EEE700BF12000200520001000040005AAE
S21400A81000C002808F330F80084608B569B918203B
S21400A820FFF7D2FCB0B10C4B984206D90B4B9B6895
S21400A830C3F302730133B0FBF3F0094B00F5742049
S21400A84000F23F20B0FBF3F001387F2828BF7F20BE
S21400A850C0B208BD0120F0E7005A62020040005A6C
S21400A86040420F000B4B10B5994228BF19460C46C4
S21400A8701AB91820FFF7A8FC0246631E1344B3FB60
S21400A880F4F0A34228BF00F1FF30032828BF0320BE
S21400A890C0B210BD005A620210B51048104C002B12
S21400A8A008BF04468C4228BF0C461AB91820FFF78A
S21400A8B08BFC02469DF8083040F2FF300133B2FBB5
S21400A8C0F3F2631E1A44B2FBF4F3A24228BF03F16C
S21400A8D0FF33984228BF184610BD00BF80969800E8
S21400A8E0404B4C002DE9F04F2DED068BB64D0C4637
S21400A8F016462946002285B00746FFF7B3FF94F8B0
S21400A90005800122804538BF804607F500535A600F
S21400A91020795FFA88F850B91820FFF755FCA8424E
S21400A920014628BFB0FBF8F13846FFF775FF4FF039
S21400A9300009E37822781B01524202F0020203F07B
S21400A9403003134362780004524202F004021343B9
S21400A950A27800F4FE00524202F0080213434FEAC7
S21400A960087202F0E04213431843E3882289B86075
S21400A9703B616389DFF85CA243EA02433B625745CA
S21400A98002D1B9F1020F08D1012307F580577B6089
S21400A99005B0BDEC068BBDE8F08F002235788B48FD
S21400A9A08B49B468954218BF01462B468948CDF8B6
S21400A9B00080FFF771FF07EB09118B6CA2B223F042
S21400A9C0405323F4EE2323F01F0305F003041C4337
S21400A9D0737882424FEA830303F01C0344EA0304BD
S21400A9E0B37838BF02461B03F07803F4E0432343F2
S21400A9F0040404F4E024234334794FEA091C2407B2
S21400AA0004F0405423438B648C6C09F1050BC4F3AB
S21400AA100234013C7049042C26D8DFE804F02525D2
S21400AA2003101A00D1F88041240C2DB3C2F309029A
S21400AA300AEB0B135A6009F1010910369FE7D1F8AB
S21400AA408441002DF2D1D1F88C11A4B2091449002A
S21400AA5015E0D1F88441002DE8D1D1F88C11240CF2
S21400AA60091401EB41010AE0D1F88041A4B2002D9F
S21400AA70DCD1DFED5A7A06E0D1F88C11091407EE26
S21400AA80901AF8EEE77A01210CF1B44C0CF5804CE4
S21400AA902304DCF8483024F4C045C3F3820C0CF1E0
S21400AAA0010C01FA0CF107EE101A4FEA854548BF73
S21400AAB045F0004513F01C0FB8EEC79AF6EE008A74
S21400AAC0454B55D1D3F88C110BB208EE103AB8EEC0
S21400AAD0C88A38EE278A9FED42AAF7EE049A002825
S21400AAE05DD1039226F070FD07EE900AF8EE677AC5
S21400AAF087EE8A7AC9EE877A27EE888A039A9FEDD0
S21400AB00397AC7EE097A9FED387A67EE877AB1EE22
S21400AB10007AB5F1004F48EE077A0BD09FED337AF6
S21400AB2006EE104A77EE876ABAEEE86AF0EE477AE3
S21400AB3056EE267AF5EEC07AF1EE10FACBBFF1EEBD
S21400AB40677A78EEE78A77EEE87AFDEEE87AC8BFAD
S21400AB50FDEEE77A17EE901AB1F5003F2ADB6FEAB2
S21400AB6055456FEA45451B484FEA0B1145505DE7D2
S21400AB70D3F8901169EE286A09B207EE101AB8EEFB
S21400AB80C77AD3F8881177EE677A0BB208EE103AD8
S21400AB9087EEA67AB8EEC88A38EE078A9BE7D6ED27
S21400ABA0037AF8EE677A87EE8A7AC9EE877A27EE16
S21400ABB0888AA4E711F5003FAABFC1F3110145F446
S21400ABC000350D43CFE700BF005A6202404B4C00F1
S21400ABD0809698000040005A0080E00F00000000B9
S21400ABE000007A4400008043000020440000004932
S21400ABF041F67132034BDA63012203F50053DA6043
S21400AC00704700BF0000035041F671320121044B2B
S21400AC10DA6303F50052D1600022DA63704700BFA2
S21400AC2000000350044B1868421C02BF034AD2F8C7
S21400AC3094001860704700BFE8660020004000508F
S21400AC40CB784A7810B55B010C7843EA82030A7920
S21400AC50234343EA02130C22424302F1B042136339
S21400AC60012C02BF8A78024B43F8202010BD00BF9B
S21400AC70D080035008B54FF0B0435A6802B960B1AF
S21400AC805B680BB126F0C8FC4FF0B04130B1012034
S21400AC90074B586026F0C0FCC86008BD26F0BCFC18
S21400ACA00223CB6026F0B8FC0122024B5A60F4E780
S21400ACB000100058002000584FF0B0414B6810B507
S21400ACC00BB126F0A9FC01220B4BC4785A6083789E
S21400ACD0934043EA840344782343047943EA041305
S21400ACE0447943EAC4038B60044B5A600378C3F18B
S21400ACF00203CB6010BD00BF0020005800100058B3
S21400AD00054B5B69C3F38512827003F03F021B0B91
S21400AD1042700370704700BF00C007500120034B0D
S21400AD209B680A3303F01F03984070470080E00FCB
S21400AD30034BD3F82424D3F820041040704700BFF8
S21400AD4000C003502DE9F8431E4B0546D3F81033D8
S21400AD504B1E0E2B0E46174690F8009044781DD9D1
S21400AD6009B34FF000082846D7B12FF0A5FD09EB30
S21400AD704903072C4FF00F014FEA031315D8A40020
S21400AD80114808FA04F2A140184426F04DFCBEB95A
S21400AD9028468FB1BDE8F8432FF08EBD8846E2E71F
S21400ADA026F051FCE3E78846E1E7083CA4000748A4
S21400ADB008FA04F2A140E7E7BDE8F84326F043BCF2
S21400ADC0BDE8F88300C0035004C003500CC0035015
S21400ADD02DE9F041204B1646D3F810234A1C0546B1
S21400ADE00C46407804D1D3F8241426F03AFC0446E6
S21400ADF0002C2EDB072C14DC03274FEA84082A7865
S21400AE0007FA08F73946154802FA08F226F00CFC4D
S21400AE106A78394602F00302114802FA08F226F070
S21400AE2003FC012316F0050F0E4A18BF0E4903FA5D
S21400AE3004F30CBFC2F81034C1F8103416F0060F35
S21400AE4018BF094AC2F814340123064AA340C2F8C0
S21400AE5020342046BDE8F08100C0035000C40350F3
S21400AE6008C4035000E0035000D0035070B50446F9
S21400AE702AF0D9FF064630B90FCC044D0FC594E82A
S21400AE800F0085E80F00304670BD00BFB03D0020C3
S21400AE9047F6FF739A42F0B570D0022970D8394B46
S21400AEA05B5C022B6CD8384DDE0005EBC304A7783C
S21400AEB015F83330012F394638BF0121012B16D142
S21400AEC0E078401A0021884205D8012F2CBFC0190F
S21400AED00130C0B2F0BD431A6568A0EB530335F9E4
S21400AEE013509542D4BF194603F1FF30EBE7606874
S21400AEF00028EFD0B0F90040944204DBB0F90240DD
S21400AF009442B8BF144683883544FF2B19BFC82324
S21400AF102827B0F90630B0F90870A3EB04030CBF7D
S21400AF200122002293FBF7F36E7813441BB29E4275
S21400AF3001DD002B01DA731E1BB24FF47A7C00EBA6
S21400AF40C305EA88AD685F1C14FB02521D4622EA60
S21400AF50E2723BB25C329E42B2FBFCF204DD00EBD6
S21400AF60C307BF889742EAD200EBC5039888904291
S21400AF7028BF1046884238BF0846AAE7FF20A9E740
S21400AF800020A7E7634E0400B03D00200229F0B57C
S21400AF9060D8314B595C02295CD8304B13F831002D
S21400AFA0012816D103EBC1039C78D878012C2146E2
S21400AFB038BF0121904294BFC1EB0001C1EB0201F2
S21400AFC0001BCAB28242C8BF00225B6833F9120077
S21400AFD0F0BD002A3CD003EBC1035968002939D0E4
S21400AFE09878904202D3B1F90200F1E7DC78B1F923
S21400AFF000009442ECD95C788B88013CA3F1FF06F4
S21400B000734201F10405E4B2734101F10C07DEB2AC
S21400B010B44216D805EBC3034FF47A756A43B3F906
S21400B02002405B68D21A04EBD47302EB630292FB15
S21400B030F4F29042CCDBB1F902009042C8DC10B2C8
S21400B040C6E737F833C05E1C9445E3D33346DEE7E5
S21400B0500348BDE70348BBE7634E0400B03D00204D
S21400B0600CFEFFFF0080FFFF08B50448FFF7FEFE5A
S21400B070BDE8084001202AF0DCBE00BF684E040090
S21400B0807FB51422002101A810F0B2FB044B01A9E1
S21400B0904FF0FF3002932AF012FF07B05DF804FB72
S21400B0A0006A18002DE9F0418CB08846DDE912767A
S21400B0B01D460446002847D0002945D0002F43D01F
S21400B0C0002E41D013F00F033ED120482049A36044
S21400B0D0002A08BF01462362C4E90013404609A9B6
S21400B0E026F051FB68BB204609992FF040FC294604
S21400B0F020462FF03CFC6946404626F0D3FB00BBBA
S21400B1006946204626F0FEFB404603A926F0D5FBFE
S21400B110B8B9204603A926F0F5FB06970127204676
S21400B12045F0005506A90797089526F0EBFB204644
S21400B13009A909960A970B952FF03FFC20462FF099
S21400B140F9FB0CB0BDE8F0812120FAE7000100040D
S21400B150000101042DE9F04F97B0894690461F463E
S21400B1600546DDF880A0002800F0BB80002900F02E
S21400B170B8803AB1229B002B00F0B380239B002BB3
S21400B18000F0AF80BAF1000F00F0AB80219B002BDF
S21400B19000F0A78067B13C680026229B43440293D8
S21400B1A0464507D307B13C60002017B0BDE8F08FD6
S21400B1B03C46F1E75CB1229B219A9B5D125D01340F
S21400B1C05340239A04F00F0493550136E8E7A8EBA2
S21400B1D0060BBBF10F0F58D9434B4846C5E9003460
S21400B1E0AC602C6213A926F0CEFA0028DDD12846E2
S21400B1F013992BF00F0B2FF0BAFB594628462FF069
S21400B200B6FB484604A926F04DFB0028CDD12846BB
S21400B21004A926F077FB484607A926F04EFB00282F
S21400B220C3D1284607A926F06DFB012322992F4A91
S21400B230CDF828A00B930C928A190D9228464BF055
S21400B24000520AA90E9303920F9226F05BFB284643
S21400B2500DA926F057FB239B039A991901231091F9
S21400B26011931292214A284610A9CDF84CA01493A7
S21400B27015922FF0A2FB284613A92FF09EFB284616
S21400B2802FF058FB5E4400288FD1229B03EB060B61
S21400B290239B1E44029B9B4501D1464680E7ACB9E2
S21400B2A0219B2246CDE900A3494610232846FFF7F6
S21400B2B0F9FE00287FF479AF0AF1100212F8013D7A
S21400B2C00133DBB213700BB95245F7D1219A1BF844
S21400B2D0013B125D0134534006F8013B04F00F04B5
S21400B2E0D8E7212061E700BF030300041000002018
S21400B2F07FB50E461D460446F0B102B9E3B90123F8
S21400B3000192029345F00053039300230B4AA36077
S21400B310C4E900232362204601A926F0F3FA314649
S21400B32020462FF024FB204629462FF020FB2046FF
S21400B3302FF000FB04B070BD2120FBE7000009439E
S21400B340084B984202D0084B984207D10B88B3F5B9
S21400B350105F14BF6FF08500002070476FF0850007
S21400B360704700BF004440040013C0041038102883
S21400B37008D8064BC34013F0010F0CBF6FF08600D1
S21400B380002070476FF08600704700BF0101010083
S21400B3902DE9F04FA7B008AFCDE90501DDE93295FC
S21400B3A0DDE9346A00210792384610229846DDF817
S21400B3B0D8B010F01DFA102200210CA810F018FAD0
S21400B3C0069B2BB96FF08604204627B0BDE8F08FA9
S21400B3D0079B002BF6D0B9F1000F01D1002DF1D15B
S21400B3E0309B13B9319B002BECD116B9BAF1000F84
S21400B3F0E8D1BBF1000FE5D040460599FFF7A0FF66
S21400B40004460028E0D1014628221CA810F0F0F9D6
S21400B4102022214614A810F0EBF91CA82FF09DFA64
S21400B420002840F0AF80DDE90612059814AB26F040
S21400B430B5FA04460028C7D11498FFF797FF0446CC
S21400B4400028C1D115B9CBF80000BDE7B14518D228
S21400B45009EB05039E4214D25545B3D82A46494601
S21400B460304610F017FA554B984526D006D3544B65
S21400B470984524D003F54073984520D06FF0850496
S21400B480A2E74F4B98451BD003F54073984517D05D
S21400B4904A4B9845F2D1554594D815F00F0291D1F4
S21400B4A02B46CDE9009614A91CA8FFF7FBFD8146A4
S21400B4B000285CD1CBF8005086E7B146EDE7B146F0
S21400B4C01022002110A810F093F955453FF67AAFE8
S21400B4D03C4B9845319B39D10D2B7FF473AF01233C
S21400B4E08DF84030309B0DF1410203F10C0153F80A
S21400B4F0040B8B4242F8040BF9D11B78137001231E
S21400B5008DF84F3015F00F0842D025F00F034B444E
S21400B5100DF1300C03F1100E6246186859680833B6
S21400B52003C273459446F7D10F2D33D825F00F0389
S21400B530334403930CABCDE9017310AB0093424642
S21400B540002314A91CA8FFF705FEB0E7102B7FF414
S21400B55039AF309B10AA03F1100E9446186859684C
S21400B5600833ACE8030073456246F6D1CAE7524694
S21400B5700021304610F03CF90023B9F1010FCBF85A
S21400B580003002D06FF092041EE76FF08B041BE7CA
S21400B5900F2D8FD910ABCDE90296009301970023AB
S21400B5A025F00F0214A91CA8FFF7D4FD8146002839
S21400B5B0DDD1B8F1000F3FF47DAFB7E7004440049B
S21400B5C00010C0040013C0042DE9F04F8A46A1B055
S21400B5D00021DDE92A56DDE92C790590934606A878
S21400B5E01022984610F004F9102200210AA810F044
S21400B5F0FFF8BAF1000F05D16FF08604204621B09F
S21400B600BDE8F08FBBF1000FF6D00DB9002EF3D1D8
S21400B61017B9B9F1000FEFD12E9B002BECD04046A6
S21400B6200599FFF78DFE04460028E7D1014628223B
S21400B63016A810F0DDF8202221460EA810F0D8F843
S21400B64016A82FF08AF9002854D15A465146059874
S21400B6500EAB26F0A3F904460028CFD10E98FFF7CC
S21400B66085FE04460028C9D116B92E9B1860C5E78A
S21400B670BD4216D2AB199F4213D24E45BCD83246B5
S21400B6802946384610F006F93A4B98455BD003F544
S21400B6904073984531D0384B984511D06FF08504EB
S21400B6A0ACE7344B98454FD003F54073984525D00A
S21400B6B0314B9845F2D14E4503D96FF089049DE78A
S21400B6C03D46330798D133460122CDE900570EA9EF
S21400B6D016A8FFF7E7FC2E9B05461E6000288DD0B7
S21400B6E04A460021384610F083F800232E9A012D92
S21400B6F013603BD06FF0920480E73D460D3E4E450A
S21400B700DBD801238DF828302B460DF1290205F1F0
S21400B7100C0153F8040B8B4242F8040BF9D11B784A
S21400B7200D3513704FF48073ADF8363006AB0193C9
S21400B7300AAB009332460023CDE902570EA916A89D
S21400B740FFF708FDC7E73D46103E4E45B5D82B46E9
S21400B7500DF1280C05F1100E62461868596808337A
S21400B76003C273459446F7D11035DFE76FF08B04BC
S21400B77044E700BF0010C0040044400410B54FF476
S21400B7802F720021044610F033F88023C4F88C3062
S21400B790054B04F19C00C4F88430012384F88830FB
S21400B7A0BDE8104025F046B946B6030010B5D0F8FF
S21400B7B0A0400A468CB926F007FB044610B90024C0
S21400B7C0204610BD2D2896BF064B074953F820107B
S21400B7D0064A074826F03EFCF2E7D0F8A4101046CA
S21400B7E0A047ECE7544F040049B60300E4B1030059
S21400B7F079B70300F8B590F88060044616B10026C5
S21400B8003046F8BD26F013F90028F8D1012384F855
S21400B810803094F8883033B1D4F884101F4884F808
S21400B820886026F017FC4FF0FF37D4F8B402421CAD
S21400B8301FD0C4F8B47210F0FF052CD0204626F0B6
S21400B840F3F82946204600F0A7FB0028EDD0204656
S21400B85026F0F8F894F888303BB1D4F884100F48F6
S21400B86026F0F8FB002384F88830002384F8803024
S21400B870C6E726F0D4FB431CDDD1D4F88C30D4F8D0
S21400B8809420013B9A4204DB054A0649064826F006
S21400B890E1FB0126E9E70126C7E700BF1BC9030055
S21400B8A0E4B1030057B6030079B70300F8B50B7888
S21400B8B00446302B0D46164604D14B7803F0DF03C2
S21400B8C0582B11D0284F6A1E12F8011F002934D1B8
S21400B8D028460A220FF07CFE202C03460D4631D166
S21400B8E0B1FA81F040091AE04A1C1F4912F8013FDC
S21400B8F08BB928460FF078FE1C4B02382340032BEA
S21400B90012D10134A41084420AD1A87837288CBFFB
S21400B9100020012003E0CB5C13F04400E6D1F8BD24
S21400B920CCBF01200020FAE7002CB8BF0334B0EBF0
S21400B930A40FD4BF01200020F1E77B5C13F00400C5
S21400B940C2D1ECE726B1084302D0013B61F1000505
S21400B9500122A240013A1A40002D08BF9A420CBFAD
S21400B96001200020DBE700BFBD7504000300008057
S21400B970F0B5037801467B2B17D106460224002239
S21400B9800B4F16F8015F7D2D05D10B5D6BB9D243C9
S21400B99002F0010008E07B5D13F0440002D00132A3
S21400B9A00134EEE7202DFBD0F0BD0020FCE700BF01
S21400B9B0BD75040070B506460D460FF015FE04462C
S21400B9C0304626F047FB044EAC4200D370BD3046EE
S21400B9D026F040FB0134F7E7F3BF03002DE9F84FEC
S21400B9E0044602215148FFF7E5FF1E212068FFF7B5
S21400B9F0E1FF6368586826F02DFB4D4826F02AFBC9
S21400BA0067683B7BFD2B12D8D7F808804FF0FF36CF
S21400BA1040460FF0E9FD0546DFF81091DFF870A10B
S21400BA20DFF84CB10C3717F8013BFF2B01D1BDE80E
S21400BA30F88F212B18D8212B36D8DFE803F0377281
S21400BA4074111B1D1F213535353535353535232504
S21400BA5027292B2D2F3135353535353535353D33C1
S21400BA60344C002D2BD12EE0334C344AFE2B08BF2D
S21400BA701446F6E7324CF4E7324CF2E7324CF0E785
S21400BA80324CEEE7324CECE7324CEAE7324CE8E771
S21400BA90324CE6E7324CE4E7324CE2E7324CE0E781
S21400BAA0324CDEE7324CDCE7234CDAE7314CD8E7A1
S21400BAB026F0C4FA01362AE0002DB4D02E4C202BF6
S21400BAC006F10106AFD002214846FFF773FF1E219C
S21400BAD04846FFF76FFF504626F0BCFA5946204608
S21400BAE010F0DCF82549002818BF2146244826F027
S21400BAF0B1FA3B78202B02D12B2026F09FFA214862
S21400BB0026F0A8FA4DB118F806301F2B05D018F805
S21400BB1006001F2801D0AE42CADB054826F09AFA76
S21400BB2081E7194C9DE7194C9BE700BF070304000B
S21400BB30E4B1030001B7030013B7030039D30300D1
S21400BB405EB7030065B7030056B7030052B703009D
S21400BB5049B703003FB7030035B703004AB70300F1
S21400BB6040B7030036B703002BB7030024B7030023
S21400BB701BB7030000B7030006B7030011B70300A6
S21400BB801BC903008ABA03005DB7030064B703004D
S21400BB9021D403002DE9F04F9BB005468B460024C8
S21400BBA0009203930FF020FD249F039B04901C60DB
S21400BBB028463C600AAA09A926F06EFA064658B935
S21400BBC00A980FF011FD3446B046039B1860D5F86E
S21400BBD09C300293029B1BB920461BB0BDE8F08F39
S21400BBE0029BD3F80890B9F1000F6CD02E4416F8DB
S21400BBF0013B202B11D000260C23734309EB030ACC
S21400BC0059F803300193002B58D0099B434555DB68
S21400BC109AF808202AB1721C39E03B6801333B6071
S21400BC20E5E73968D5F894200793039B521A1A6003
S21400BC301AAB03EB880151F8403C0199184605936E
S21400BC400FF0ECFF06900028E5D101980FF0CCFC31
S21400BC50DDE906230146DAF80400D7F800A090F8DC
S21400BC600CC0BCF1FE0F16D103F1FF3EC64512D044
S21400BC70D0F80090059801920FF0B6FC0AF1010A80
S21400BC80019A50442B5C23B1386008F1010816462F
S21400BC90B2E70130F6E7D5F894200591A2EB0A0248
S21400BCA08A4220DC58460FF09FFC059901447B2908
S21400BCB00DD958461F4A009924F0E3FE2B46049AF5
S21400BCC02A4493422CD1029B1B68029382E7DDE94B
S21400BCD00012584624F0D5FE5846174A00990134FB
S21400BCE024F0CFFE97E7BCF1FE0F94D1013B43450D
S21400BCF091D1D0F800A0DFF840905AF80C2B22B96A
S21400BD00049B3B60039B1A60D8E75846009924F0D2
S21400BD10B8FE4A465846009924F0B3FE0134ECE7D4
S21400BD2013F8011B0029CCD14FF0200103F8011CA9
S21400BD30C7E700BF6BB70300F3BF03002DE9F0476A
S21400BD40002486B01C60DDE90EA8064689468AF8FF
S21400BD5000401168154888F8004017461D468DF8C3
S21400BD601740FCF7A5F818B901242B6801332B609F
S21400BD700020D6F89C6036B914B1012388F800304C
S21400BD8006B0BDE8F087B06868B14B460021CDE943
S21400BD9002A8CDE900750DF1170225F0B4FF9DF855
S21400BDA01730002BE8D13668E5E700BF70B7030010
S21400BDB02DE9F0470446ADF5447D8022002104A815
S21400BDC002AF0FF015FD80222046009703AB04A9B2
S21400BDD0FFF7E0FE01283DD104A80FF005FC03990B
S21400BDE03B68461A0B4426EAE6762344054604A832
S21400BDF03246014418460FF08BFE00228255D4F8D6
S21400BE009060039B3968D4F890201944B14212DC44
S21400BE10D4F89410E81A0244C4F89020014404AA06
S21400BE20C4F89410D41825182B1B002B0DDC0DF528
S21400BE30447DBDE8F087A05C26F000F9D4F8903089
S21400BE4001360133C4F89030DBE714F8010B26F016
S21400BE50F5F8E9E7EBDD24AD8022002128460DF554
S21400BE60887A0FF0C5FC0DF110094FF4007200211E
S21400BE7050460FF0BDFC4FF001084A46002312F86A
S21400BE80016BA6B904A84AF828300FF0ADFB294686
S21400BE90334698451CDB19F8016B0DF5887C5CF879
S21400BEA0042B82420CD101F8016B0133F1E7202EFE
S21400BEB003F1010304BF4AF8283008F10108DEE761
S21400BEC00DF1100E7244D25CB242E8D00022EA5461
S21400BED0D4F89060039BB3422FDC23462C4A04A977
S21400BEE02C4826F0B7F828460FF07EFB0646039B44
S21400BEF03F68F61A1F4426EAE672E01917441D4406
S21400BF00E11904F1900399423CD904F19803984250
S21400BF1038D26A1E81190B1A002B27DD12F8013F52
S21400BF2000F8013BD4F890300133C4F89030D4F8D0
S21400BF3094300133C4F89430EDE7D4F890300136ED
S21400BF40E05C26F07BF8D4F890300133C4F89030EB
S21400BF50C0E7D4F89020013B0132C4F89020D4F812
S21400BF6094200132C4F89420002BF2DC00232E44E7
S21400BF70E355731B002B7FF75AAF15F8010B26F01D
S21400BF805DF8F6E729460FF0C3FD3346ECE700BF41
S21400BF9046B6030075B703002DE9F843D0E92456EA
S21400BFA004460F46002294F89830012B07D10A2F3A
S21400BFB007D1002384F898300020BDE8F88300F20B
S21400BFC09F801B2F01D10223F4E70D2F0DD10123F3
S21400BFD084F898300D2026F031F80A2026F02EF846
S21400BFE000230120C4E92433E7E74FF00008082FB8
S21400BFF084F8988034D1454530DDB5420FD13846B7
S21400C00026F01CF8202026F019F8013D384626F0C8
S21400C01015F8013E04F80580C4E92456CCE7FBDA9F
S21400C02005F1FF39384626F009F804EB0903A6EBBC
S21400C0300902611918460FF02DFC04F80680014627
S21400C040013E484826F006F835464D4501DC4D468B
S21400C050E2E7082025F0F2FF013DF6E7ACD0DBE78B
S21400C0607F2F1CD1002EA7DDB542A5DA6319691C07
S21400C07021441846721B0FF00DFC04F8068001469A
S21400C080394825F0E7FF0820013E25F0D7FFB542E6
S21400C090F9D1D4F89430013BC4F894308CE70A2FD9
S21400C0A098D0092F03D12046FFF782FE84E7D4F804
S21400C0B08C30013BB3427FF77FAFB54204EB0508F7
S21400C0C005F101090CDB384688F80070D4F8943086
S21400C0D0C4F890900133C4F8943025F0AFFF6BE7B6
S21400C0E04146721B04EB09000FF0D4FB404625F0D6
S21400C0F0B1FF0820013E25F0A1FFB542F9DDE2E7D9
S21400C100022B06D15B2F01D1032353E784F8982036
S21400C11049E7032B7FF450AF413F84F89820032F64
S21400C1203FF64AAFDFE807F002070A16012120466D
S21400C13025F035FF40E74FF0FF31F8E7B542BFF690
S21400C1403BAF605D25F07AFFD4F890300133C4F839
S21400C150903031E7002D7FF72FAF013D0820C4F85F
S21400C1609050BAE77EB7030078BB030008B50248D4
S21400C170FEF79CF9002008BD00B4C40430B58BB0AF
S21400C1806C46174D0FCD0FC40FCD0FC495E80300B6
S21400C19084E80300134BD3F84C2112031CD5A3F5F7
S21400C1A0FE431C884FF6FF739C4208BF8C248DF814
S21400C1B01940FEF763FA204480F308008DF8180053
S21400C1C00948FBF70DFF6846FEF7C0F93220FEF778
S21400C1D05BFA00200BB030BDD3F85041E4B2E6E77E
S21400C1E00C5004000080E00F00F049020028ACBFAD
S21400C1F000F16040064B4FEA0111C9B2ABBF00F533
S21400C200614000F00F0080F800131954704700BF1B
S21400C21014ED00E008B52EF041FB0B4B1A7872B90E
S21400C22001221A702EF035FB6FF004021046013220
S21400C230052152B2FFF7DAFF3D2AF7D108BDBDE867
S21400C24008402EF026BB00BFCE5C0020002807DB8F
S21400C25001234109034A00F01F00834042F82130C1
S21400C260704700BF00E100E0054B421153F8223052
S21400C27000F01F0023FA00F0C04300F001007047F2
S21400C28000E100E0002808DB01224309034900F032
S21400C2901F008240603341F82320704700E100E031
S21400C2A010B504462EF0EDFA024B1C602EF0E4FAB0
S21400C2B0002010BDD83D002010B52EF0E2FA034B4A
S21400C2C01C682EF0D9FA204610BD00BFD83D0020CD
S21400C2D038B50C461546014610B9FFF7EDFF014686
S21400C2E02B46224603480EF093F90028D4BF372089
S21400C2F0002038BDEF21030008B500F0E3FB18B1BD
S21400C3006A2102482EF0BFFB002008BD83B7030059
S21400C31008B500F049F80C4A536A43F47023536298
S21400C320EFF308834FF0CD31084A043B934208D21E
S21400C33000F070FAFFF7E0FFBDE808400448FEF79B
S21400C34095BD43F80419F1E700ED00E00800002071
S21400C350684E040007B5042200200DEB020129F008
S21400C36026FD042803D0D72104482EF08CFB019824
S21400C37000F0DCF903B05DF804FB00BF83B70300F0
S21400C380082310B50C0A41400648C9B241F3000222
S21400C390013B024013F0FF0382EA5101F6D184EA22
S21400C3A0010010BD2083B8ED38B5FEF73BFC04460F
S21400C3B025F02CF9E3072AD401221046114600FA8C
S21400C3C001F3234002F1010223D01D4B33F8113054
S21400C3D01C48062B028844881B4920D14FF20F03C5
S21400C3E09C4219D1B2F5406F28BF4FF4C0624CF2A0
S21400C3F03C330A80438040F201730A889A4201BFA8
S21400C400124B134AD2E90001C3E9000115E00021EE
S21400C410DBE7102AD2D1DBE74FF4C062E7E740F251
S21400C4200725AB420AD14FF20F05AC4206D19A421D
S21400C43004D14CF23C320B80428038BD0B80DAE7E8
S21400C440D0510400E0630020BA570020DC3D0020F5
S21400C450D8630020014B1888704700BFBA570020E9
S21400C460014B1888000A7047BA570020044B05484D
S21400C4701B881A0AB3F5406F38BF00EB820070477E
S21400C480BA570020A0510400044B1888044B020A37
S21400C49053F82230C0B203EB80007047BA57002032
S21400C4A07051040010B504462EF0EFF94FF20F025B
S21400C4B0044B1C805A80BFF35F8FBDE8104025F008
S21400C4C060BE00BFE06300206D4A2DE9F0416D4B71
S21400C4D055686D4C5D65516A99656C49D1F80002E6
S21400C4E0D865D1F80412586B1966916A10F0040FDB
S21400C4F05966D16A4FF000009966116BD966516B88
S21400C5001967D26BD8645A67D3E90E1218BF114662
S21400C5105F4A91421A655DD301F12000A04259D8C6
S21400C5208869C5F308051864CE69062D5E6455D182
S21400C530584DA84252D3584DA8424FD205884DF6C2
S21400C540426085424AD11868C3F890005868C3F81C
S21400C550940040F20170A242154604D22E680432BE
S21400C560B6F1CD3FF7D00022C3E91E22C3E9202250
S21400C570C3E92222641BDFF81CC1434DDFF818E133
S21400C5809C648D422DD8D3E91EC7D3E92065D3E934
S21400C59022414FF0000E013AD2B2FF2A3CD1BEF142
S21400C5A0000F05D0C3E91EC7C3E92065C3E92241D1
S21400C5B0B3F85430C3F308030C2B3BD8022B54D9E2
S21400C5C0DA1E092A51D8DFE802F0315740435050AE
S21400C5D05050504D0021C3E910112D494FF42060F2
S21400C5E0B9E755F8044D6445CBD37445C9D2E60780
S21400C5F0C7D50026294F57F8048FA045C1D001366D
S21400C600062EF8D132B1013AD2B202F11E0643F834
S21400C6102640B6E70522F8E7E0464FF0010EBC4696
S21400C62037462E4625460C464146B4E740F60120DE
S21400C630BDE8F0813B2B18D1194B9B6913F0020F14
S21400C64040F2025318BF1846F2E740F60320EFE721
S21400C65040F6042240F20173B0F5206F0CBF10467E
S21400C6601846E5E740F60520E2E740F60722013BDC
S21400C6704B2B98BF1046DBE740F60220D8E700BFFA
S21400C68000ED00E0486300200810002000E100E014
S21400C69008000020D042000080AE0300BC630020EB
S21400C6A00080015A00F00CB800F00AB800F008B894
S21400C6B000F006B800F004B800F002B800F000B8C9
S21400C6C072B61EF0080F09D01EF0040F0DD0DFF86A
S21400C6D050E0AEE8FF1F6FF002000CE0DFF840E02D
S21400C6E0AEE8FF1F6FF00E0005E0DFF834E0AEE8BE
S21400C6F0FF1F6FF006006946EFF309828EE8070019
S21400C70086460848084C854501D3A54501D384F3E1
S21400C7100888FFF7D9FE84F30888FFF7C3FE0000F9
S21400C7204863002048000020081000204BF6EF6207
S21400C73083B2002B08BF1346044A000C13804FF642
S21400C740CE2308BF1846024B18807047E26B0020C5
S21400C750E06B00200B4BB3F900201888002AB8BF06
S21400C76080F0620042001A80074AB2F9001013886F
S21400C7700029BCBF83F4805383F00B03590011805B
S21400C78058407047E26B0020E06B002007B5684613
S21400C79000F01AF8DDE900010022034B03B05DF853
S21400C7A004EB25F0EABF00BFE43D002007B5009388
S21400C7B013460A460146034825F093FD03B05DF88C
S21400C7C004FB00BFE43D00200249034A0160521A00
S21400C7D042607047A86C00200000012000487047A7
S21400C7E0E43D002038B5416004462EF04AF8054680
S21400C7F02146044824F021F92846BDE838402EF0AA
S21400C8003BB800BF0C3E0020014824F013B900BF1F
S21400C8100C3E00200222014B1A6770470040005071
S21400C82070B52EF02EF8174E054617482EF0D4F8A1
S21400C8303378CBB900F046F9044620B128462EF0EE
S21400C8401BF8204670BDFFF7DFFF2EF08FF90F4B69
S21400C8501C602CF067FE0E4B0E4A1860536F43F0B8
S21400C8600103536725F0A5FF00F028F825F0B8FF70
S21400C870094B002418600123284633702DF0FCFF76
S21400C880DFE700BFDA5C002048500400103E0020BE
S21400C890383E002000400050143E0020054B1B6828
S21400C8A05843054B00F5742000F23F20B0FBF3F030
S21400C8B0704700BF383E002040420F00294B2A4AEE
S21400C8C0D3F8003170B503F0030313602CF0C0FBFF
S21400C8D04FF4C870FFF7E2FF0022244B244918608B
S21400C8E0244C0B680132D2B20A2A44F8040BF9D160
S21400C8F0034400EBC00003440B601F4B1F4D1B7826
S21400C90013B3184BD3F8003103F00303022B22D0E5
S21400C910032B23D0012B17D12CF032F9024698B105
S21400C920174B184EDC6800231946C4F30B04013479
S21400C93004EB84040138E4FB06010EF0EDFBFFF780
S21400C940ADFF2B6803442B601F20FFF7A7FF2B6863
S21400C95003442B6070BD2CF05DF9DFE72DF0A4FFDB
S21400C960DCE700BF00800050783E00203C3E002000
S21400C970403E0020443E0020DE5C0020703E00204A
S21400C98000C0015040420F000122154B10B55A67F7
S21400C990144B154C1B7813B302202EF0D8F8F0B1C8
S21400C9A02CF046FED8B1A36DD90302D5E36D9A07E5
S21400C9B015D40D4B9B6DDB0711D401220B4B1A705F
S21400C9C02EF0B9F8BDE81040094B0A4A1860136FFC
S21400C9D023F0070343F0030313672CF0B7B810BD2A
S21400C9E000D00050DF5C002000C00050DC5C00205F
S21400C9F06C3E0020008000500122014B1A707047E8
S21400CA00DF5C002007B5FFF7C1FE01A8FEF778F946
S21400CA109DF80530012B25D1234B9A6DD20311D4F6
S21400CA205A6B6FF3162242F4BC1242F4A0625A63A9
S21400CA301A6B22F4704242F440421A631A6B42F4B4
S21400CA40E0621A639DF8043063B94FF000531B6828
S21400CA50164B1B68164B1B68164B1B68164B1B6841
S21400CA60164B1B68164AD2F8803043F00303C2F810
S21400CA70803025F0BDFEFFF7CDFBFFF777FBFFF715
S21400CA807DFB0DF00FFEFFF7CBFE00F01BF825F048
S21400CA90B0FEFFF73DFC25F0BBFE28F0B8FF03B064
S21400CAA05DF804EB25F0A6BE00C000500040002054
S21400CAB00080002000C0002000000120004001206F
S21400CAC00080005070B52DF0E9FE144E054634780F
S21400CAD0FCB9134B1C60134B1C60134B1C6000F01E
S21400CAE031F801202CF092FE2CF084FE0F4B02460B
S21400CAF0186020B928462DF0CCFE232070BD2346B2
S21400CB0040F2E7310A480EF007FB0A4B1860012393
S21400CB10337028462DF0BDFE0020EFE7E25C0020D3
S21400CB20883E0020843E0020903E00208C3E002060
S21400CB3018FCFFFF803E0020014B1868704700BFBE
S21400CB40803E00201FB50024184B18689A88029073
S21400CB50D3F806009B7A00901548ADF80C208DF8A7
S21400CB6004302DF039FF02A88DF808408DF80C40EF
S21400CB70FEF7A2F8694601208DF80040FEF760F83F
S21400CB801F220C4B9A615A614FF0B042936A13F021
S21400CB900803FBD113620120FEF76CF80A20FFF7AA
S21400CBA071FB0A20FFF752FB04B010BDF9510400D8
S21400CBB0405004000020005810B52DF06FFE4FF0D6
S21400CBC0B04304465B691A07074A03F0010003F006
S21400CBD00D0348BF40F0020053612CF03FFD204695
S21400CBE0BDE810402DF055BE0020005821282DE944
S21400CBF0F341054604D82C46204602B0BDE8F08135
S21400CC0000240B4E0B4FDFF830800023CDF8008059
S21400CC101A461946386824F059FA8442EBD2222C78
S21400CC20E9D056F8043BAB42E6D00134EDE700BF4E
S21400CC3018550400E4660020FFFF0F002DE9F04FB2
S21400CC40644E654D89B025F02FFE31682868FCF7E4
S21400CC504DFB0446002827D033680024D3E90001A2
S21400CC609A6912689047336804A89B699B6898473E
S21400CC70336802209B69DB689847326805985368DA
S21400CC80E7B2B3FBF0F3BB42916904F101044ED85E
S21400CC90CB680020984733689B695B689847316883
S21400CCA02868FCF723FB04460027DFF844A1DFF8DA
S21400CCB04481DFF84491F4B9484B2868DB5D002BCB
S21400CCC000F08380D8F8006002AB314603AAFCF778
S21400CCD08FFC2D2807D070B9039B012B0BD0314653
S21400CCE02868FCF7D9FEDAF8003031461A6828685A
S21400CCF0FCF752FE04460137222F0AF1040A08F117
S21400CD00040809F10109D6D1B4FA84F3344A5B0960
S21400CD1013702B681B7C33B125F092FD18B1DB2114
S21400CD2030482DF0B0FE204609B0BDE8F08F1268FE
S21400CD300B6907FB002098479FE7D8F8003003AA46
S21400CD40194402AB0191FCF753FC2D2803460199C8
S21400CD502BD0286813B30BF1010B5FFA8BF18E42D0
S21400CD602868EAD8204BDB5D002BC4D0F3B27E2BBC
S21400CD702868C0D8D8F8003003AA06EB030B59463B
S21400CD8002ABFCF735FC2D28B5D059462868FCF7D1
S21400CD9083FE013604460028E8D0ACE7039B7BB947
S21400CDA099F80020029B9A42D5D099F80030DAF81C
S21400CDB000202868FCF7EAFC0028CCD00446D1E71F
S21400CDC00191FCF769FE0199EFE7084BA346DE5D8B
S21400CDD0C3E700BFC4660020E4660020F4540400E5
S21400CDE0E45C00200AB80300D25404008E54040009
S21400CDF00452040018550400B0540400F8B51F4649
S21400CE00214B04461B780D46164623B100F47E23BC
S21400CE10B3F50E2F2BD02046FFF7E8FE2128044658
S21400CE2014D81A4B53F82010194B1B78ABB1194B7A
S21400CE30212C18681DD8184B1B5DD3B13268FCF73F
S21400CE40ABFD044650B125F0FAFC07E0FF2807D9F1
S21400CE503A46314680B225F006FA00242046F8BD50
S21400CE604FF4A9710D482DF00EFE0021DCE70146B7
S21400CE70DAE77F2D08BF00253B46324651FA85F19A
S21400CE80FCF784FCDDE700BFE35C002018550400D7
S21400CE90E45C0020E4660020F45404000AB80300B2
S21400CEA030B5134600F07E62B2F17E6F8BB00DD1C6
S21400CEB00A46C0F30B016846FEF71AFA20B140F2A4
S21400CEC0931109482DF0DFFD0BB030BD5A0825F050
S21400CED0B9FC0028F8D04FF49C7103480BB0BDE8AD
S21400CEE030402DF0D0BD00BF9BB803002DE9F743BE
S21400CEF0C70705460E46144604D540F2E3114948D6
S21400CF002DF0C1FDE10704D54FF4F27145482DF030
S21400CF10BAFD454B93F80080B8F1000F20D043F2DD
S21400CF2060239D4208D12246314640480EF0F0FD6F
S21400CF30002003B0BDE8F083C5F30B0705F44055A9
S21400CF40B5F5805F14BF4FF40F204FF40E20234634
S21400CF5032467F21384303B0BDE8F043FFF74EBFAB
S21400CF6005F47043B3F5805F3FD1C5F30B05304A37
S21400CF7005F17E65631E2B44934230D82F46DFF8BA
S21400CF80A49007EB0408474542D1AA070ED04FF6F7
S21400CF90FF7336F8022BA81E43EA024304220DEB69
S21400CFA002010193FFF77CFF0235023CA3070ED077
S21400CFB0023C24F00103F35A04226FEA03436FEAAB
S21400CFC013430DEB020128190193FFF769FF002CAC
S21400CFD0AED0224631462846FFF762FFA8E740F269
S21400CFE0FD1110482DF04FFDC8E705F46043B3F57A
S21400CFF0005F04D1C5F30B0505F53E25BEE740F2FC
S21400D000052108482DF03FFD6FF00F074546B6E7AF
S21400D01017F8013BFF2BB6D04FF4047148462DF0AD
S21400D02032FDB0E79BB80300E35C0020E46B002011
S21400D030FF03E00F10B500F077F825F04FFC04462C
S21400D04018B100F079F8204610BD00F07BF80446D1
S21400D0500028F6D10122014B1A70F2E7E55C0020A9
S21400D060054B1B7833B1054BC0F31301002218683B
S21400D070FCF7D6BC11207047E55C0020E466002073
S21400D080144B2DE9F0411B7805460E461746FBB1BA
S21400D09025F00BFC012805D9841EE4B2012C09D921
S21400D0A0212412E03B4631462846BDE8F0410022E6
S21400D0B000F052B800F038F83B46002231462846C9
S21400D0C000F076F8044600F037F82046BDE8F08118
S21400D0D01124FAE7E55C0020124B70B51B78044675
S21400D0E00D461646E3B125F0E0FB012805D9831E60
S21400D0F0DBB2012B08D9212410E03246294620460F
S21400D100BDE8704000F040B800F00EF82046324609
S21400D110294625F0E5FB044600F00EF8204670BDD3
S21400D1201124FBE7E55C002008B52DF0AAFB014BB7
S21400D130186008BD943E0020014B18682DF09CBB7B
S21400D140943E0020024B1968024B1868FCF7CEB8D4
S21400D150C4660020E466002037B505460C46C0F3DA
S21400D16013010848ED02006805D5224603B0BDE865
S21400D1703040FCF709BA009313462246FCF7BEF986
S21400D18003B030BDE466002030B405461346074AB7
S21400D1900C46C0F313011068EA0203D5226830BCBF
S21400D1A0FCF7FABB224630BCFCF7F0BAE466002077
S21400D1B0F7B505460F4614461E461BB921252846D8
S21400D1C003B0F0BD0029F9D025F06FFB4BF23462B6
S21400D1D0ABB2934220D14FF0FF3322466946CDE9E9
S21400D1E0003325483346FFF7E3FF08220546234968
S21400D1F068460EF049FE38B933462246694641F283
S21400D200F010FFF7D5FF0546002DD8D13246694607
S21400D21038460EF07DFCD2E741F2F01293420FD171
S21400D220174B311908299A6CDB6CC7D8CDE9002357
S21400D23032460DEB040138460EF06AFC0025BEE7C8
S21400D24002280BD1C5F30C4332199342B6D3C5F36B
S21400D2500B0104F17E6432462144ECE7032809D131
S21400D260C5F30C4332199342A8D3C5F30B0104F55A
S21400D2703E24F0E70125A2E7021008C0A4550400EA
S21400D2800080E00F10B527F08BFD28F022FEBDE8E9
S21400D2901040034601210220014A02F00BBC00BFE9
S21400D2A032B9030013B5D0E9023253F822301C78A5
S21400D2B0204627F087FD2346009001210220024ADF
S21400D2C002F0F8FB02B010BD46B90300014B187817
S21400D2D027F060B9E65C0020FF232DE9F04F8FB001
S21400D2E01122002108A88DF813300EF081FA08A844
S21400D2F026F010FB01210220B04A08AB02F0DAFB50
S21400D30041F24903AE4A0121022002F0D3FB06A8EF
S21400D31026F02FFC08A90DF1130026F035FC02209C
S21400D3200021A84A02F0C6FB002027F064F910B1DD
S21400D33006A809F047FE9DF92A3001210220A24ADC
S21400D34000939DF82B3002F0B5FB27F025FD831ED9
S21400D350DBB2FC2B054631D8012102209B4A02F0A5
S21400D360A9FB01249A4E9B4FDFF8D0822346324613
S21400D3700021022002F09EFB05A9E0B227F00EFD78
S21400D380034650B1A0F11602012A40F2AA80424696
S21400D3900121022002F08EFB0CE09DF914303A4683
S21400D3A001939DF816300121009302209DF8153058
S21400D3B002F080FB0134E3B29D42D7D8BDF8284086
S21400D3C008F0ECF923460021834A0090022002F080
S21400D3D071FB02200021814A02F06CFB002027F03E
S21400D3E00AF910B108A809F0EDFD01217C4A0220D7
S21400D3F002F060FB27F02CFC044627F027FC2346AF
S21400D4000121784A0090022002F054FB08F09EFEAC
S21400D41000210220744A02F04DFB9DF81330FF2BCA
S21400D42065D000210220714A02F044FB01216C4ABB
S21400D430022002F03FFB26F0ACFB012103466C4ABB
S21400D440022002F037FB08F081F900210346694A02
S21400D450022002F02FFB26F0A2FB044626F0A1FBDA
S21400D46023460121644A0090022002F023FB2DF09F
S21400D47017FB08F013FF01210346604A022002F062
S21400D48019FB0025DFF8B88108F008FFECB2A042CF
S21400D49033D82DF005FB0123594A1946022002F025
S21400D4A009FB002027F076F8564B574C00930121D5
S21400D4B000230220554A02F0FDFA236863B10121D9
S21400D4C002201B78524A02F0F5FA23680121022056
S21400D4D05B78504A02F0EEFA27F061F80FB0BDE82C
S21400D4E0F08F012102204C4A02F0E4FA62E70021A4
S21400D4F002204A4A02F0DEFA98E7494B204603EB40
S21400D5000416D6F8089008F083FF8246204608F0F6
S21400D510CBFE444F00280CBFC346BB46204608F04F
S21400D52077FF0AF031FD002808BF47465346002122
S21400D5300220CDE900B73C4A02F0BCFAB3790121DB
S21400D5400293B388022001937388384A0093337B92
S21400D55002F0B0FA0026DFF8ECB099F80430F4B226
S21400D560A34203D82DF09CFA01358DE714235C43C3
S21400D570D9F8007002203A5B07EB040A9AF90C30DF
S21400D58000922B4A002132EA230228BF5A4613464D
S21400D590284A02F08FFA002027F02DF838B15046BE
S21400D5A03C5B26F065FB014620460AF03BFD012168
S21400D5B00220214A02F07EFA0136CEE787B9030040
S21400D5C096B90300B2B90300DEB90300B9B9030087
S21400D5D0CFB90300D6B903000BBA03002BBA030079
S21400D5E075BA030034BA030056BA0300B8DA03006B
S21400D5F061BA030077BA03008DBA0300A3BA03002A
S21400D6001CBB030034BB03009043002028BB030070
S21400D61042BB030056BB0300F3B9030013B7030075
S21400D620C44200205EB90300AEBA0300CEBA0300BF
S21400D6307BB9030004BB030007030400FEB9030024
S21400D64066B903006FB903002DE9F7430025134EB2
S21400D650DFF8588008F022FEECB2A04202D803B0F1
S21400D660BDE8F0832701204616F8079008F01CFE58
S21400D6700B4A4B46002808BF424600210220009273
S21400D680084A02F017FAF05D26F08FFA0121022010
S21400D690054A02F00FFA0135DCE700BFC44200205D
S21400D6A0A009040071BB030007030400AA090400D4
S21400D6B008B583685A681178C26853F82230A1F119
S21400D6C0650251425141187808F0A4FF30B9BDE810
S21400D6D0084001210220024A02F0ECB908BD00BF52
S21400D6E07CBB030000210220014A02F0E3B900BF20
S21400D6F096BB030000210220014A02F0DBB900BFFE
S21400D700C4BB030010B5044686B018220021684644
S21400D7100EF06EF8684626F0BDFED4E9022052F8F8
S21400D720203002EB80021B788DF80B30516891F99F
S21400D73000108DF80A1091680988ADF80810616825
S21400D740091A032907DDD26803F01F03127843EA9B
S21400D75042138DF80B30684608F0CEF800210346D9
S21400D760024A022002F0A6F906B010BDE0BB030094
S21400D77007B5002027F0D4FA00210090034B0220C2
S21400D780034A02F097F903B05DF804FBEDBB030013
S21400D790F3BB030013B5D0E9023253F8221003EBB3
S21400D7A082035B68087819680023094CA222994214
S21400D7B008BF2146C01A18BF012027F0A5FA01218C
S21400D7C00090044B0420044A02F074F902B010BD25
S21400D7D000F8FF07FEBB03000CBD030013B5D0E93D
S21400D7E0023203EB820153F82230D1E90114187893
S21400D7F0FF22003818BF01202378096827F084FA32
S21400D80001210090034B0420034A02F053F902B0B2
S21400D81010BD00BF05BC03000CBD030008B5002109
S21400D82001230C4A27F0F5F80A4826F055FE00209A
S21400D830094909F05FFC002026F0DDFE10B105481E
S21400D84009F0C0FBBDE8084001210420034A02F0AD
S21400D85031B900BF186200201ABC03000703040099
S21400D86010B526F0A0F9034630B1BDE810400121FE
S21400D8700420054A02F01EB90121BDE8104004202C
S21400D880024A02F017B900BF28BC030039BC0300E7
S21400D89010B526F023FEBDE8104003460121022005
S21400D8A0014A02F007B900BF44BC030010B526F0D9
S21400D8B0E7FDBDE81040034601210220014A02F0C0
S21400D8C0F9B800BF5ABC030037B5D0E902320124CC
S21400D8D053F822304FF6FF701D78FE2204FA05F149
S21400D8E0002327F07DFA2B46009021460420024AAA
S21400D8F002F0E0F803B030BD6EBC0300D0E902329F
S21400D90053F822301B7823B101210220024A02F08C
S21400D910D1B8024A137070478DBC0300E65C002045
S21400D92007B5684626F025F907F038FF01210346BB
S21400D930084A022002F0BEF8684609F043FB08F0E9
S21400D940A1F901210346044A022002F0B3F803B00D
S21400D9505DF804FBA3BC0300BDBC030037B5D0E9EB
S21400D9600245406854F82530401B0328D8BF0020E5
S21400D97004EB8504C8BFE06819786368C8BF007800
S21400D9801A78A36893F900300090012027F0ACF9CC
S21400D99038B901210220084A03B0BDE8304002F041
S21400D9A089B8064B0190009301210220044B054ADA
S21400D9B002F080F803B030BDCEBC0300D6BC030036
S21400D9C0AAEB0300EABC030007B5012027F094F990
S21400D9D048B9009001210220084B094A02F06AF873
S21400D9E003B05DF804FB054B019000930121022073
S21400D9F0044B054A02F05EF8F2E700BFD6BC03000F
S21400DA0001BD03008F170400EABC030008B5D0E987
S21400DA10023253F82230187827F020F930B9044A39
S21400DA200121BDE80840042002F044B8014AF7E7A7
S21400DA3016BD030032BD030008B5D0E9023253F824
S21400DA402230188827F008F930B9044A0121BDE8C9
S21400DA500840042002F02EB8014AF7E751BD030043
S21400DA6081BD030073B50378044613F0050F0ED08E
S21400DA704588062D17D1836801215B68174A1B78F5
S21400DA800193838804200093154B02F013F8237843
S21400DA90012B20D001210420114B124A02B0BDE810
S21400DAA0704002F007B835B98388012104200E4A79
S21400DAB002F000F8EBE7012DE9D186680B4900205B
S21400DAC009F018FB304609F07DFA29460420084A7A
S21400DAD001F0F0FFDBE702B070BD00BFB7BD03008A
S21400DAE0AEBD030009BE0300D4BD0300F1BD0300B4
S21400DAF0070304002DE9F04F00268FB0364D09AC21
S21400DB000FCD0FC42B6801210220344A236001F098
S21400DB10D1FF3446DFF8DC9026F03FF8F5B2A84295
S21400DB200BD826F03AF823460090012102202C4A12
S21400DB3001F0C0FF0FB0BDE8F08F284605A927F01A
S21400DB4077F80346002841D19DF81430032B39D9C5
S21400DB5004238DF814302B4600210220214A01F0C0
S21400DB60A9FF9DF814300EAA02EB830300214A4653
S21400DB7053F8143C022001F09DFF28469DF821A092
S21400DB809DF815B09DF81870BDF8168027F052F86D
S21400DB905346CDE9028000210220CDE900B7124AA3
S21400DBA001F088FF01340020E4B226F024FD18B10D
S21400DBB00DF1190009F006FA002102200B4A01F0C7
S21400DBC079FF01E0002BC6D10136A5E7002102202F
S21400DBD0074A01F06FFFF7E7AC5504001BBE0300D1
S21400DBE094BE0300D1B9030048BE0300E4B10300AD
S21400DBF06FBE03001BC90300C3688268013BDBB22B
S21400DC0052F8233002201B78652B14BF0022012116
S21400DC10044B1BBF01211A70034A044A08BF19703F
S21400DC2001F048BF4A6C0020ABBE0300B9BE03003B
S21400DC30D0E9023253F822301A88014B1A80704716
S21400DC40E66B002007B5D0E9023103EB810253F8FA
S21400DC50213052681988054B0548128800930088C1
S21400DC60012309F0A3FE03B05DF804FB65DA0000AB
S21400DC70E66B0020C3688268013BDBB252F82330B3
S21400DC805B78A3F1660253425341014A1370704712
S21400DC904D6C002030B5D0E9023253F8223089B0FE
S21400DCA01D78012302AA1946044626F0B2FE012377
S21400DCB00093102302210DEB0302204626F08AFE75
S21400DCC0284604AA02A927F0A5F80446002026F054
S21400DCD092FC18B12146044807F0F0FD00200349E5
S21400DCE009F0EEF909B030BDC8BE03000703040012
S21400DCF0002330B58FB00221009309AA12230546EF
S21400DD0026F068FE05AA014609A807F0B5FB0446FA
S21400DD1098B1232805D1134A0121042001F0CAFE38
S21400DD2009E0212801D1104AF6E703460121042024
S21400DD300E4A01F0BFFE0FB030BD0123284619463B
S21400DD4003AA26F066FE05A903A827F065F805468F
S21400DD50204626F050FC18B12946054807F0AEFDCF
S21400DD60044AD9E7D5BE0300F8BE030033BF03005C
S21400DD7054BF030007030400F0B5D0E9023253F89D
S21400DD80221003EB82039B6805461F7887B038464F
S21400DD900E7826F010FC044608BBD5E902210123C4
S21400DDA08DF80830194452F8210002EB81020088F1
S21400DDB08DF809709268ADF80A00127804218DF883
S21400DDC00C2028460DF10D0226F023FE304602A94F
S21400DDD08DF8154026F030FF044626F0E0FB33466B
S21400DDE001210420024A009401F064FE07B0F0BD51
S21400DDF069BF03002DE9F04101218EB00220274AB9
S21400DE0001F058FE002005AB01AA09A926F0FCFF88
S21400DE1000250446224E234FDFF898801CB1284682
S21400DE200EB0BDE8F08102202B463246214601F0B6
S21400DE3041FE204626F0DFFB10B10AA809F0C2F822
S21400DE403A46002102209DF8303001F033FE42466B
S21400DE5000210220079B01F02DFE00210220BDF8C4
S21400DE602030114A01F026FEBDF8143000210F4A7A
S21400DE70022001F01FFE013501A826F0B7FBEDB227
S21400DE80012102200A4A01F015FE284605AB01AA28
S21400DE9009A926F0B9FF0446C0E700BF9BBF0300F0
S21400DEA0E1BF0300E9BF0300D7DA0300FEBF0300AB
S21400DEB007030400F5BF03002DE9F047064698B0B7
S21400DEC0C0B925F068FE074600250EA826F0A6FF76
S21400DED001210220384A01F0EDFD2C46DFF8E080F3
S21400DEE0DFF8E090DFF8E0A0BC4205D3284618B083
S21400DEF0BDE8F0870127E7E713A826F08FFF002E7E
S21400DF004CD0022306A913A88DF84C30FE2426F028
S21400DF1077FF00283FD102A913A826F077FF9DF8C7
S21400DF20593043F001038DF85930002E3DD1234679
S21400DF3031460220214A01F0BDFD9DF859300AA95C
S21400DF4043F0010313A88DF8593026F05FFF002038
S21400DF5026F051FB10B114A809F034F80C9B424689
S21400DF600021022001F0A6FDBDF82820002112F4B1
S21400DF70007F0CBF4C23412312F0100F0CBF6E2203
S21400DF807922022000924A4601F094FD06A826F067
S21400DF902DFB0135EDB20134E4B2A5E720460AAB0D
S21400DFA006AA13A926F02EFFB3E752460021022048
S21400DFB001F080FDC1E700BF08C00300E1BF030019
S21400DFC0F5BF030044C003003DC0030030B5012484
S21400DFD099B00EA826F022FF13A88DF8384026F038
S21400DFE0BBFEC0B9BDF84C1011EA040513D121469A
S21400DFF00220444A01F05EFD29460220424A01F012
S21400E00059FD214602203F4A01F054FD21460220D8
S21400E0103C4A01F04FFD06A90EA826F0F1FE20B1FD
S21400E0201022FF2106A80DF0E3FB04A826F0F0FE60
S21400E030059B01210220354A0093354B01F03AFD3D
S21400E0409DF8123001210220324A0093304B01F035
S21400E05031FD00212E4B304A022001F02BFD06A890
S21400E06026F0C4FA13A826F0D9FE02230AA913A89C
S21400E0708DF84C3026F0CAFE00283FD10B9B00934B
S21400E08001210220254B264A01F014FD0121234BD5
S21400E090244A022001F00EFD0120FFF70DFF0121AA
S21400E0A01E4B214A022001F005FD0020FFF704FF69
S21400E0B0044625F070FD23460090012102201B4AED
S21400E0C001F0F8FC01211A4B174A022001F0F2FC7D
S21400E0D0FFF790FE1749022803461748174A28BF3D
S21400E0E00A46084928BF01460092CDE901310220C0
S21400E0F00121134A01F0DEFC19B030BD4FF0FF33AA
S21400E100BDE700BF0703040057C0030095C0030027
S21400E1108DC00300A5C0030034EA030061F80300C5
S21400E120B8C00300C8C00300CFC00300D8C00300B7
S21400E130ECC0030053C003009EDF0300F0DF0300C3
S21400E140FAC0030010B5D0E9023253F822301C782A
S21400E150201E18BF012026F0EBFD054A054B0020C7
S21400E160002C18BF1A46BDE81040034908F0A8BFA7
S21400E17027C1030022C1030030C10300D0E90232E8
S21400E18010B553F822301C88204626F0D3FD2246D0
S21400E190BDE810400020014908F092BF71C103009D
S21400E1A037B5044607F0D2FA014638B100200D4ACA
S21400E1B00D4903B0BDE8304008F082BFE368A268AE
S21400E1C0013BDBB252F8233008481D780123084A89
S21400E1D000936C2D08BF02461023204626F0FAFB5B
S21400E1E003B030BDBFC10300C7C10300336C0020BD
S21400E1F0236C002013B583689A681278672A22D1A8
S21400E20001A826F0A9FD0446A8B9BDF804201749C0
S21400E21008F056FFBDF80430DA070AD413F0020FF0
S21400E220134B144A18BF1A461349002008F048FF3B
S21400E23019E0124AF8E702461149002008F040FFAC
S21400E24022461049F1E7C26801A953F8220003EB01
S21400E25082035B6800681B68ADF8043026F082FD18
S21400E26004460028ECD102B010BD00BFFAC103007E
S21400E270EDC1030091EB03001BC20300DDC10300E8
S21400E2802DC2030059C20300034A04491388C85428
S21400E29001331380704700BFCA570020EC5C002093
S21400E2A073B5154D01242B78144E13F0040F0CBFD4
S21400E2B002230423124A2146147032880220019257
S21400E2C0EB5C104A0093104B5B8801F0F3FB0021D7
S21400E2D002200E4A01F0EEFB0D4B294600933288D1
S21400E2E02346022001F02CFC21460220094A02B0F7
S21400E2F0BDE8704001F0DEBBEC5C0020CA57002091
S21400E300EB5C002068C20300BC5700208DC20300EF
S21400E310AFC203000703040070B516464FF48A52D6
S21400E320114B124DDA805980114B1B881A1E18BFEC
S21400E330012240EA82000F4A1278003A18BF0122F2
S21400E34040EA0210287063B103246B701B0AAB709E
S21400E35009F088FE631C2855EE54074B02341C80D7
S21400E36070BD0124F4E700BFBC570020EC5C002021
S21400E370C8570020EA5C0020CA57002038B5D1E90B
S21400E38002320C46054653F82230024619880C4BDA
S21400E3901878FFF7C1FFE368A268013352F823300C
S21400E3A0188824F0DFFA4DB1E368A268023352F809
S21400E3B023301878BDE83840FFF766BF38BD00BF89
S21400E3C0E75C0020F0B50546EB68AA68023352F811
S21400E3D0233008461C78294685B0FFF7CFFF204635
S21400E3E025F032FC204E214F78B3204625F038FC2D
S21400E3F00321441C03AA284623F01BFB3288E4B200
S21400E400C2F1FF0303991B1B9BB28B4222443CBF05
S21400E410C2F1FF0303930123032100933A449DF8BE
S21400E4200C30284626F0D6FA039A022C338804BF0E
S21400E4300F48110AFA5408BFC15413441C443480D0
S21400E44005B0BDE8F040FFF72BBF204607F086FE7C
S21400E4500123328804460093032103463A442846A3
S21400E46026F0B8FA3388E9E7CA570020EC5C0020AB
S21400E470ED5C0020052307B5012100930220044B24
S21400E480044A01F017FB03B05DF804EBFFF79EBDEE
S21400E49096C203009DC2030013B5044626F058FC3E
S21400E4A038B1CDE9004001210220034B034A01F0B8
S21400E4B001FB02B010BD00BFBFC10300B4C2030021
S21400E4C0194B37B51B783BB901210220174A03B018
S21400E4D0BDE8304001F0EEBAD0E90232144C53F8F1
S21400E4E0223001211D78638802200093114A2B46B2
S21400E4F001F0E0FA104B25711B78104D63B1012135
S21400E50002200F4A01F0D6FA20460E4A298803B0A8
S21400E510BDE8304025F039B920460A4A298803B0BC
S21400E520BDE8304025F0F3B9EB5C0020CBC2030019
S21400E530BC570020D9C20300E85C0020CA57002060
S21400E540F0C20300EC5C00202DE9F041D0E9023275
S21400E55053F8221003EB82035A680C7817889A68DF
S21400E560DB68B2F80080C6B01D780021304B022070
S21400E570304A0094CDE9017801F09CFA002D0CBFDA
S21400E5806E237923012102202B4A01F093FAFF2300
S21400E590002D0DF1170606AD019320460CBF802313
S21400E5A04023424639460296009525F093FE0446DF
S21400E5B0002835D1307825F04DFB0746B0B1284607
S21400E5C025F0D8FF1D4BFD28A8BFFD20009323464D
S21400E5D082B20DF11901022001F0B2FA01210220E7
S21400E5E0174A01F067FA46B0BDE8F081307825F0AA
S21400E5F037FB60B1284625F0C2FFFD28A8BFFD20E6
S21400E6000E4B82B200930DF11A013B46E3E73078D9
S21400E61007F0A4FD0B4B0246009329460123DAE7D8
S21400E620009001210220084B084A01F043FADAE77D
S21400E630FDF803000AC303002FC30300B50C040053
S21400E64007030400AFC20300B7CB030039C30300BF
S21400E650D0E9023253F8221003EB82032DE9F04F83
S21400E6605A680F78B2F800809A68C7B0B2F800907F
S21400E670DA681B6992F800A01E7800212F4B304AFA
S21400E6800446CDE901890220009701F013FABAF199
S21400E690000F0CBF6E23792301210220294A009621
S21400E6A006AD01F007FAFF22002128460DF0A0F87B
S21400E6B0304625F0CFFA834608B3002305210093A1
S21400E6C02046FD230DF1190226F084F92870BAF1D0
S21400E6D0000F0CBF802340234A4641463846CDE90A
S21400E6E0005625F0C2FD0146144807F0E7F8012160
S21400E6F00220154A01F0DEF947B0BDE8F08F30463B
S21400E70025F0AEFA60B1FD2305212046CDF800B015
S21400E7100DF11A0226F05EF985F801B02870D6E7EA
S21400E7200590304607F01AFD059A0346009205212B
S21400E7302A46204626F04EF9C9E700BFF0F8030047
S21400E7400AC303004AC30300070304002DE9FF477A
S21400E7501C465B68E5685B1B00255FFA83F803953B
S21400E7602E46FFF7D9FDEBB298450BD90C9B9B5D67
S21400E770282B39D8202B00F2CB800136F6B2002B9E
S21400E78040F0C980FFF78CFD04B0BDE8F087132A7F
S21400E7902FD801A151F822F05FE8000071E80000D0
S21400E7A083E80000B7E8000085E7000085E7000082
S21400E7B085E7000085E70000F3E70000F3E70000C8
S21400E7C0F3E70000F3E70000F3E70000F3E70000DC
S21400E7D0F3E70000F3E70000F3E70000F3E70000CC
S21400E7E003E80000DDE80000A3F13102D1B21329EE
S21400E7F0CDD90136F6B2A3F14102032AC2D8422B84
S21400E8006CD06C4F00213A88DFF8B0A1C2F1FE034D
S21400E8109BB2FF2B28BFFF2301320091DBB22046BC
S21400E820524469B226F0B2F83B880AF80300013376
S21400E8301844388011E04FF00409E368A2682B44BE
S21400E84052F823301F68F8B209F1FF39FFF71CFDB4
S21400E85019F0FF094FEA1727F5D1013583E7E3687A
S21400E860A2682B4452F823301878FFF70DFDF4E722
S21400E870E368A2682B4452F82330188824F072F814
S21400E880EBE7E368A2682B4452F823301F68B7F121
S21400E890807F09D2F8B2FFF7F7FCC7F30720FFF72F
S21400E8A0F3FCC7F30740E0E72B4601210820424A65
S21400E8B001F000F966E74FF00409E368A2682B440C
S21400E8C052F823301F68F8B209F1FF39FFF7DCFC75
S21400E8D019F0FF094FEA1727F5D1BEE7294603AA24
S21400E8E0204623F0A6F80021324F344A3B88DDF854
S21400E8F00C9002EB030CCAB2914501F1010102D85B
S21400E9004B443B80A9E710F802A00CF802A0F2E7FF
S21400E910242B3FF670AF013B232B3FF633AF01A20B
S21400E92052F823F05FE8000071E8000083E800007A
S21400E93037E8000085E7000085E7000085E700006F
S21400E94085E7000085E7000085E7000085E7000012
S21400E95085E7000085E7000085E7000085E7000002
S21400E96085E700005FE8000071E8000083E800002B
S21400E970B7E8000085E7000085E7000085E70000AF
S21400E98085E7000085E7000085E7000085E70000D2
S21400E99085E7000085E7000085E7000085E70000C2
S21400E9A085E700005FE8000071E8000083E80000EB
S21400E9B037E80000CA57002063C30300EC5C002061
S21400E9C0094B1B7823B101210820084A01F072B8D0
S21400E9D0D0E9023253F82230054A1B880121138001
S21400E9E00820044A01F066B8EB5C002089C30300E7
S21400E9F0C8570020CBC30300D0E9023253F82230B8
S21400EA00054A1B780121003B18BF0123082013701C
S21400EA10024A01F04FB800BFE95C0020F1C30300D2
S21400EA20D0E9023253F82230034A1B7801211370D2
S21400EA300820024A01F03EB8EA5C002020C4030029
S21400EA4010B5D0E90232044653F822301322198852
S21400EA500B4B1878FFF760FCE368A268013352F8A6
S21400EA6023301878FFF710FCE368A268023352F8E8
S21400EA7023301878FFF708FCBDE81040FFF710BCFD
S21400EA80E75C002010B5D0E90232044653F8223085
S21400EA90112219880B4B1878FFF73EFCE368A26832
S21400EAA0013352F823301878FFF7EEFBE368A268CC
S21400EAB0023352F823301878FFF7E6FBBDE8104023
S21400EAC0FFF7EEBBE75C0020D0E9023253F82230B5
S21400EAD0034A1B78003B18BF0123DB001370704706
S21400EAE0E75C002010B5D0E9023253F82230044625
S21400EAF019880E4B06221878FFF70EFC0120FFF748
S21400EB00C3FBE368A268034452F82330188823F056
S21400EB1029FFE368A268023352F82330188823F0EE
S21400EB2021FFBDE81040FFF7BBBB00BFE75C00203D
S21400EB302DE9F043D0E902324FF0FD09013253F8D7
S21400EB40221003EB82035A68C7B017889A68B1F898
S21400EB500080147853F8043C002C0DF1170506AE1F
S21400EB6018783A4614BF4023802341460295CDF8D4
S21400EB700490009625F0AEFB034638B1184A0121F2
S21400EB80082000F097FF47B0BDE8F083201E18BFAE
S21400EB9001200A224146C000FFF7BEFB384623F09C
S21400EBA0E1FE2878FFF770FB4A463146287824F0C5
S21400EBB0FFFF044628B10B4F3D88C5F1FF0398427E
S21400EBC002DD2346084ADAE702460848314628446A
S21400EBD025440CF09DFF3D80FFF762FBD3E700BFA6
S21400EBE056C40300CA57002072C40300EC5C002021
S21400EBF010B5D0E90232044653F8223008221988AC
S21400EC000B4B1878FFF788FBE368A268023352F8CC
S21400EC1023301878FFF738FBE368A268013352F810
S21400EC202330188823F09EFEBDE81040FFF738BB5F
S21400EC30E75C002073B5D0E902320546023253F88D
S21400EC40221003EB820353F8042C53F8083C0C788C
S21400EC501988234B168818780622FFF75DFB0020DC
S21400EC60FFF712FB304623F07DFE2046FFF70CFB35
S21400EC70EB68AA68033352F82330188823F072FE34
S21400EC80EB68AA68043352F82330188823F06AFE2B
S21400EC90204609F0E7FBE8B9204607F05FFA0521B1
S21400ECA00446019001AA284622F0C3FE019B0146B5
S21400ECB09C4206D0224631460A480BF087FC02B03A
S21400ECC070BD094D09482E882246304434440CF065
S21400ECD0E1FD2C8002B0BDE87040FFF7E1BA00BF4E
S21400ECE0E75C00209EC40300CA570020EC5C0020AE
S21400ECF073B5D0E902324FF48A5153F82230104DE2
S21400ED001A88104BD9805A8000232A460093012186
S21400ED10FF2325F05FFE2B78044613F0040F0A4B02
S21400ED2008BF01261B7818BF032613B109F09AF90D
S21400ED30A855064B1C8002B0BDE87040FFF7B0BA7D
S21400ED40EC5C0020BC570020E95C0020CA5700207D
S21400ED50D0E9023253F82230034A1B78003B18BF32
S21400ED6001231370704700BFE85C002010B50C4606
S21400ED7008B908F003F9024B18715C7110BD00BFAA
S21400ED80BC57002002462DE9F341D0E902535268F1
S21400ED9055F82310D21A0C8805EB8301013BDBB231
S21400EDA055F82380294D022A4868C8BF8A682B7800
S21400EDB0D8BFFF210078C8BF11783BB901210220D7
S21400EDC0234A02B0BDE8F04100F074BEFFF7CEFF64
S21400EDD006F0E4FC1F4F204E3B8801462246009377
S21400EDE01E48334625F063FB0246C8B998F804105F
S21400EDF03B885F2917D1CDE900364FF6FF712046D4
S21400EE00164B24F0B6FC28B1034601210220144A12
S21400EE1000F050FE0023134A2B701380124A137022
S21400EE2002B0BDE8F0814FF6FB718C4208D9CDE9FF
S21400EE3000362146094B4FF6FF7024F0F8FCE2E757
S21400EE402146064A009624F024FDDCE7EB5C002011
S21400EE50E9C40300CA570020EC5C0020BC57002021
S21400EE60F0C40300C8570020EA5C0020002210B55A
S21400EE700A2104461046FFF74FFA002023F072FDE1
S21400EE800122044B1A70FFF70BFA2046BDE810402B
S21400EE90FFF778BF1562002038B51C4615460123DB
S21400EEA0224625F0B6FD60B92146284625F07AFFB1
S21400EEB0044620B101210420034A00F0FBFD204651
S21400EEC038BD0024FBE700BF17C503002DE9F0435B
S21400EED00C4615461F46D0E9022352F8231002EBD3
S21400EEE0830293680E8893F80080D3688BB0B3F8DB
S21400EEF000903246012106ABFFF7CEFFF0B90DF1C8
S21400EF00200CF4B101232A884021CDE902C2CDE9C4
S21400EF100471CDE900932221434606AA304625F027
S21400EF20AFFD0B4B0B4A00930B4B0190002C08BF18
S21400EF30134601210420094A00F0BCFD0BB0BDE8D1
S21400EF40F083624628686968032303C22246DBE72B
S21400EF5076C503005BC5030055C5030063C5030003
S21400EF6007B501236A46002125F053FD684603498C
S21400EF7008F0C8FD03B05DF804FB00BF65DA0000CA
S21400EF80D0E9023253F822300149188808F08CBDC7
S21400EF9065DA000010B5D0E9023203EB8201496859
S21400EFA053F8223009784FF48A52188825F058FD15
S21400EFB0BDE81040034601210420014A00F07ABD56
S21400EFC080C50300D0E9023253F8223002214FF404
S21400EFD08A5210B5188825F035FDBDE81040034666
S21400EFE001210420014A00F065BD00BF99C5030059
S21400EFF01FB5D0E9023203EB820153F8223049688C
S21400F00018884FF48A5309880293094B094A0193DA
S21400F010094B1B7800931278084B25F089FD0121D7
S21400F02003460420064A05B05DF804EB00F042BD36
S21400F030CC570020EC5D0020EB5D0020D65700206A
S21400F040B0C503002DE9F043D0E9023253F8221090
S21400F05003EB82035A680E8817789A68DB688BB0D1
S21400F06092F80090B3F800803246042106AB0446BE
S21400F070FFF712FF28BB08AD01232A4605212046CC
S21400F08025F0C7FC38B9042001210F4A00F012FD14
S21400F090284624F06EFD4FF48A53CDE904930023EE
S21400F0A0CDE9025303232121CDE9008306AA3B467E
S21400F0B0304625F0E5FC01210346044A042000F012
S21400F0C0F9FC0BB0BDE8F083C8C50300F7C5030024
S21400F0D038B5D0E9024303F18043023B02220F49D0
S21400F0E054F823009D000CF0CFFE60B90C4B0D4980
S21400F0F01A78042A0BD82C44A068008821F812003D
S21400F10001321A7038BD084B08491A78F1E7012118
S21400F110BDE838400420064A00F0CCBC25F10300C8
S21400F120EC5D0020D6570020EB5D0020CC57002079
S21400F13009C6030008B5C368806803F18043023B34
S21400F1400222064950F823000CF09EFE10B9044B2C
S21400F150187008BD0022034B1A70FAE725F1030069
S21400F160EC5D0020EB5D002037B5D0E9023153F8A6
S21400F17021208C0015784268521A012AC5BF1B1937
S21400F1805B686C091C78DCBF44F0180405F01F05AA
S21400F1902946204625F090FB034640B12346012130
S21400F1A004200E4A009500F085FC03B030BD012116
S21400F1B0A94074B92346FE224FF6FF7025F010FED4
S21400F1C0012103460420064A03B0BDE8304000F0A3
S21400F1D071BCFE2241EAC461EEE700BF1FC6030011
S21400F1E03FC6030070B5D0E9021551F8253001EB93
S21400F1F08501044618884B681A788B68052A1B8890
S21400F20002D85E1E072E0BD9012104200C4A00F0FE
S21400F21051FCBDE87040012104200A4A00F04ABCB7
S21400F2206468641B032CCABFC9680749096825F0CF
S21400F230D7FDBDE8704002460449002007F05ABFDB
S21400F2405DC603007DC6030000F8FF079AC60300EC
S21400F25008B5D0E9023253F8220003EB820359685E
S21400F260FF22038809684FF6FF7025F0B9FDBDE858
S21400F270084002460149002007F03CBFADC6030027
S21400F28008B5D0E9023253F822300521402218880A
S21400F29025F0D8FBBDE8084002460249002007F0EA
S21400F2A029BF00BFCEC6030008B5D0E9023203EB83
S21400F2B08201486853F822100278402309883120DA
S21400F2C025F013FCBDE8084002460249002007F07E
S21400F2D011BF00BFEFC6030008B5D0E9023203EB4A
S21400F2E08201486853F822100278402309883320A8
S21400F2F025F0FBFBBDE8084002460249002007F067
S21400F300F9BE00BF09C703001FB5D0E9023253F8A3
S21400F310221003EB82039B6808881A780023D21A0F
S21400F32018BF0122CDE9023302A94023D20125F0FD
S21400F330EBFB01210090044B0420044A00F0BAFBCA
S21400F34005B05DF804FB00BF76C5030027C70300C1
S21400F35007B5D0E9023253F822300321402218883C
S21400F36025F070FB01210090034B0420034A00F0B7
S21400F370A1FB03B05DF804FB76C5030036C70300A7
S21400F38037B5C3688268053352F8233004211D78E8
S21400F3906A460123044625F03CFB38B904200121C7
S21400F3A0064A00F087FB684624F0E3FB2B466A46D5
S21400F3B000212046FFF78AFD03B030BD50C703008A
S21400F3C007B5D0E9023203EB8201486853F82210F1
S21400F3D0027840230988322025F087FB012100901F
S21400F3E0034B0420034A00F065FB03B05DF804FB02
S21400F3F076C5030081C7030070B585690446EA0731
S21400F40005F0020605D476B1C5F3072025F0D3F83B
S21400F41009E01EB1B2210F482BF035FBA069C0F3FE
S21400F420810025F0B7F8E3691BB9BA2109482BF02B
S21400F4302AFB204614F00EFCE3693EB1607E984736
S21400F440AB0706D0BDE8704025F0A9B8204698471F
S21400F450F6E770BD96C7030008B514F0EFFE28B1B6
S21400F460BDE80840472102482BF00DBB08BD00BF91
S21400F47096C703002DE9F041FF2B04460F46904641
S21400F4801D469DF8186005D0FF2E03D0D5211148E3
S21400F4902BF0F9FA0023FF2D18BFAD000E4A1CBF53
S21400F4A045F00105EDB222600C4AC4E9063818BFE3
S21400F4B0A561FF2EC4E901232361E76007D0A36995
S21400F4C043F0020323F47F4343EA0623A361BDE827
S21400F4D0F08100BF96C70300983E0020F9F30000B5
S21400F4E0002310B5054C03610460054CC261C0E9F9
S21400F4F001430123C160836110BD00BF983E002018
S21400F500F9F3000070B58669044606F00303032B82
S21400F5100D4603D1FC2114482BF0B5FAFF2D16D06A
S21400F520B20704D440F201110F482BF0ACFA28467B
S21400F53024F0DFFCFF28054604D14FF482710A4808
S21400F5402BF0A1FA2DB204EB4514204670BDF3074C
S21400F550FBD5A36913F00C0FF7D040F20B1102484D
S21400F5602BF091FAF1E700BF96C703000023054A87
S21400F570C0E9063103610260C360034A034B426080
S21400F58083607047983E0020F9F30000213C02009B
S21400F590014827F0E9BA00BF983E0020014827F04E
S21400F5A0EFBA00BF983E002013B50E4827F0B6FA13
S21400F5B023F05BFA26F07FFA26F0A1FA26F0ABFAE3
S21400F5C0FCF748FF0446FCF75FFF23460090012146
S21400F5D00420054A00F06EFA02B0BDE81040FCF7C1
S21400F5E03FBF00BF983E002029C80300022808B588
S21400F5F003D12BF041FA014B186008BDC83E00202D
S21400F60008B50DF05BF90122044B1A702BF0BDFA19
S21400F610BDE8084002490348FDF7E4B8EE5D002067
S21400F620F0660020CC3E0020014B1870704700BFEB
S21400F630ED5D0020024B187808B106F093B87047CD
S21400F640436C002008B5074B1B780BB1002008BDA3
S21400F650FFF7F0FF0028F9D106F05EFC023818BF6D
S21400F6600120F4E7ED5D002070B5FFF7EBFF174DC6
S21400F67020B1FFF78DFF0428044613D82B781BB95A
S21400F6802BF083FA01232B7023F0FDF90446D8B142
S21400F6902B781BB9F7210E482BF0F5F9BDE8704022
S21400F6A0FFF776BF23F0F1F90028E7D02B785BB19F
S21400F6B02BF0E7F806460021012029F04DFB3046E6
S21400F6C02BF0DAF800232B70204670BDEE5D00208C
S21400F6D04AC803001FB5FFF7C7FF0446FDF72CFA1C
S21400F6E0A04228BF204688B103A929F021FF03467F
S21400F6F038B9CDE90000064A039906482BF0D8F938
S21400F70018B18E2104482BF0BEF9012004B010BDBC
S21400F710852A0300A83E00204AC803000D4B70B59A
S21400F7201B780D4D0D4C0121002B0CBF2B4623469C
S21400F73002200B4A00F0BEF90A4B01211B7802207A
S21400F740002B0CBF2B462346BDE87040064A00F04F
S21400F750B1B900BF436C002044F1030063F103001D
S21400F760E0C80300ED5D0020FFC8030010B5D0E937
S21400F770023253F8223002201B780121002B15BFDD
S21400F78001240024044A054A00F094F92046BDE806
S21400F7901040FFF749BF00BF1EC903003BC9030066
S21400F7A0D0E9023253F82230034A1B78003B18BFD8
S21400F7B001231370704700BF436C002038B5012545
S21400F7C0084B1D702BF05DF804462946284629F0A4
S21400F7D0C3FA20462BF050F8BDE8384002490348EB
S21400F7E0FDF700B8EF5D0020F8660020F43E00202C
S21400F7F070B514F0A9FD10F0070F1D4D11D02B7831
S21400F8005BB901262E702BF03CF804463146304694
S21400F81029F0A2FA20462BF02FF8BDE8704014F02D
S21400F82063BB25F0C1FA022803D1124B1B78032BC9
S21400F830E5D914F089FD18B90E4B1B78032B14D8A4
S21400F84014F052FB04460028D9D02B785BB1002672
S21400F8502E702BF016F805463146012029F07CFA6A
S21400F86028462BF009F8204670BD4FF0FF34ECE731
S21400F870EF5D0020766200201FB5FFF7B9FF044653
S21400F880FDF75AF9A04228BF204688B103A929F0FF
S21400F8904FFE034638B9CDE90000064A03990648EC
S21400F8A02BF006F918B18C2104482BF0ECF8012057
S21400F8B004B010BD5F2F0300D43E00205AC90300D9
S21400F8C010B5094C0949002007F0FAFB23681B68AD
S21400F8D0587924F044FB23681B68587923F048FBCA
S21400F8E005F066F9002010BD54440020E8C9030066
S21400F8F008B525F049FA024628B1BDE808400020C0
S21400F900014907F0DDBB08BD0BCA030008B525F0AA
S21400F91051FA024628B1BDE808400020044907F025
S21400F920CFBB5422BDE80840FF2102480BF060BF61
S21400F93023CA0300E057002038B504460D4625F0DC
S21400F9403DFA024628B1BDE838400020034907F0DA
S21400F950B7BB034B23F8145038BD00BF41CA0300A1
S21400F960E05700202DE9F34100240C4E0C4DDFF843
S21400F97038800C4F56F8043B0BB9D8F8003035F8F1
S21400F980022B3946009200202246013407F098FBED
S21400F9902A2CEFD102B0BDE8F08100BF046700203A
S21400F9A0345800205DCA03000067002008B52A21ED
S21400F9B0034825F0FBF9BDE80840FFF7D3BF00BFBA
S21400F9C03458002007B5D0E9023253F822301A78AE
S21400F9D0292A0DD8084B53F822300BB9074B1B6861
S21400F9E00749002031F812100091064907F068FB1D
S21400F9F003B05DF804FB00BF04670020006700202A
S21400FA00345800205DCA030008B52A21034825F0B3
S21400FA10CFF9BDE80840FFF7A5BF00BF3458002067
S21400FA2038B5D0E9023253F8221003EB82035B6844
S21400FA300C781D880020044907F042FB2946204622
S21400FA40BDE83840FFF778BF68CA03002DE9F341E8
S21400FA5000240C4E0C4DDFF838800C4F56F8043B53
S21400FA600BB9D8F8003035F8022B39460092002042
S21400FA702246013407F024FB2A2CEFD102B0BDE861
S21400FA80F08100BF04670020E05700205DCA030035
S21400FA900067002010B5024623F080FA20B9044C17
S21400FAA0236811B11343236010BD23EA0203FAE76B
S21400FAB0B06700200CB413B502460C4623F06EFA6D
S21400FAC060B9094B1B681A4208D005A90498019131
S21400FAD00AF090FD14B1054825F079FF02B0BDE8A4
S21400FAE0104002B0704700BFB067002067CD03002B
S21400FAF0034610B5D3E9023253F8223008461C7884
S21400FB00211E18BF0121FFF7C5FF014648B9084A64
S21400FB10084B0220002C08BF1346074AFFF7CAFF0F
S21400FB2010BD00210220054AFFF7C4FFF8E700BF1A
S21400FB3066B903005EB9030069CD03007FCD0300FC
S21400FB402DE9F04105461F460C46DFF82C808E183E
S21400FB50B44201D1BDE8F0810021284614F8013BEB
S21400FB60069AFFF7A7FF002FF2D04246002128464C
S21400FB70FFF7A0FFECE700BFF3BF03000021024A37
S21400FB800248FFF7ADBC00BF11FC0000FC3E0020A1
S21400FB90FF21014822F05BBFFC3E00200022034B01
S21400FBA0FF2103481A7022F04BBF00BFF05D002013
S21400FBB0FC3E002013B5114C2378032B13D800937A
S21400FBC000230F4A18460F4907F07AFA237842F2C4
S21400FBD01072002B08BF0022FF210B4802B0BDE8C0
S21400FBE0104022F01CBF00220849104607F068FAB1
S21400FBF002B0BDE81040FFF7D1BF00BFF05D0020A7
S21400FC0090CD0300A2CD0300FC3E0020ACCD030047
S21400FC10F0B52B4D8FB02B7823B309A825F0FEF84E
S21400FC20022309A88DF8243025F0E6F801AA064636
S21400FC309446244B03F11007144618685968083395
S21400FC4003C4BB422246F7D105AA17461E4B03F152
S21400FC50100E144618685968083303C473452246C4
S21400FC60F7D1E6B1012409A825F074F828B9BDF843
S21400FC70243013F0020F18BF01242B781349002BF1
S21400FC804FF000034FF0A00208BF1946204625F0AB
S21400FC903BF890B92B7801332B700FB0F0BD61465E
S21400FCA009A825F0ABF80028DCD1394609A825F0CC
S21400FCB0A5F804460028D6D0D4E7FFF77BFFECE78C
S21400FCC0F05D0020C0550400D055040000F8FF0782
S21400FCD010B50020324907F0F3F908220020314918
S21400FCE007F0EEF9304B314A1978314B00200029E5
S21400FCF018BF1A462F4C304907F0E2F9002024F0CE
S21400FD0049FC2368002B47D01B78022B44D90022DD
S21400FD102A4B10462A4907F0D3F923F086F92949D9
S21400FD200246002007F0CCF900F0D0F8264902463B
S21400FD30002007F0C5F923681B78032B2CD900F0A8
S21400FD40D5F822490246002007F0BAF900F0DEF89E
S21400FD501F490246002007F0B3F900F0DFF81D49FE
S21400FD600246002007F0ACF900F0A4F81A49024653
S21400FD70002007F0A5F900F0D7F8184C184954F8F9
S21400FD802020002007F09CF900F024F9154954F8CB
S21400FD902020002007F094F9BDE8104024F0FFBBB7
S21400FDA0CECD0300EACD0300F15D002044F1030050
S21400FDB063F10300904300200DCE030034BB030024
S21400FDC028BB030029CE03004DCE030071CE0300EE
S21400FDD095CE0300B9CE0300E0CE0300B467002042
S21400FDE007CF03002ACF030008B5D0E9023253F844
S21400FDF02230187840B10020074907F061F9BDE8C5
S21400FE000840802000F034B8044907F059F9BDE8EE
S21400FE100840802000F046B84DCF03006ACF0300AC
S21400FE20D0E9023253F82230034A1B78003B18BF51
S21400FE3001231370704700BFF15D002018220021D7
S21400FE40094BC3E900121A7B0AB9084A9A601A7C61
S21400FE5012B94FF47A72DA8140F6B8325A8200222A
S21400FE609A829A75704700BF1C3F0020E0930400FA
S21400FE700A4B10B51B687BB11B78032B02D8B0F574
S21400FE80007F09D1064C2368034323606368184249
S21400FE9002D02AF0ECFDA08210BD00BF90430020E7
S21400FEA01C3F0020024A136823EA000313607047D1
S21400FEB01C3F0020014B1868704700BF1C3F002005
S21400FEC0014B9868704700BF1C3F0020024B9868A3
S21400FED0FA23B0FBF3F070471C3F00200122024BD0
S21400FEE098601A73704700BF1C3F0020024BD889E9
S21400FEF0FA23B0FBF3F070471C3F00200122024BB0
S21400FF00D8811A74704700BF1C3F0020024B588AE5
S21400FF10FA23B0FBF3F070471C3F0020014B5868F3
S21400FF20704700BF1C3F00202DE9F84300244FF027
S21400FF300C08104B104F9D7D104E3988E3B28B4253
S21400FF4002D32846BDE8F88308FB03F3F05C06EB13
S21400FF50030924F026FB50B9FF21D9F8080022F047
S21400FF6076FD20B199F805309D4238BF1D46013414
S21400FF70E3E700BF1C3F0020EA6B00203868002043
S21400FF80124B10B51B68124CEBB11B78032B02D832
S21400FF9023689B0517D52AF06AFDA38AC01A638AD0
S21400FFA080B283423EBFD4E900329343236024F0FC
S21400FFB075FE08B1E08910BD2368002BFAD1FFF763
S21400FFC0B3FF0128F6D0A068F5E700BF90430020F5
S21400FFD01C3F0020014B987D704700BF1C3F00204F
S21400FFE038B504460D462AF0F3FD244B1B7813B1B2
S21400FFF0204623F015F8402C27D006D884B13F2C95
S21401000018D0BDE8384024F0CABA4C3C0C2CF8D8BD
S2140100101B4B2341DB07F4D40220FFF743FFF0E735
S2140100204FF40070FFF73EFF0220FFF721FF154B4C
S2140100301C71E6E74FF40070FFF734FF0220FFF76C
S21401004031FF00220F4B1A71DBE724F02BFA002850
S214010050D7D10C4C0220237901332371FFF722FFFD
S2140100604FF40070FFF704FF2379AB42C9D322F0A7
S214010070D8FF0028C5D122F0ADFFC2E7F15D002010
S214010080FEEEFFFF343F002010B505F05FFB0228AF
S2140100900AD124F0DFFD034630B1BDE8104000224E
S2140100A00249104607F00CB810BD00BFB6CF0300DA
S2140100B00021024A0248FFF713BA00BF8900010077
S2140100C03C3F002038B5002024F064FA124B1B6830
S2140100D093B11B78022B0FD905F038FB022816D1F5
S2140100E00E4C2568FFF74CFFA842206008D0FF2180
S2140100F022680B4822F093FCBDE8384024F04FBA42
S214010100FF21074822F0A3FC0028F5D1EFE7FF21E5
S214010110034822F095FCEFE790430020343F00208F
S2140101203C3F002002460249002006F0C9BF00BF3E
S214010130CACF030010B5234C2348FF2122F080FCD0
S214010140207802281ED003282ED0012804D0212092
S214010150BDE81040FFF7E6BF1C4B19780029F7D021
S21401016002231B4A23701378052B0EBF002301338D
S214010170DBB29942137003D1052313700020E7E721
S214010180052BFBD0124B1B78052B02D103232370C2
S214010190DDE7104A104932F8230007F085FC0323F7
S2140101A023700028D4D110BD094B0C4A1878094B8E
S2140101B003EB8001897833F8200007F045FC012322
S2140101C0EEE700BFF25D00205C3F0020FB5D0020F3
S2140101D0456C002088580020BD030100690301001A
S2140101E02DE9F04F0D46144695B0049011220021DA
S2140101F00FA89946DFF86C810BF0FAFA04EB450379
S2140102000393D9F800301C2B02D0039B9C4202D1E9
S21401021015B0BDE8F08F0123DFF844A18DF81C303E
S21401022023884C4AADF81E309AF800304A4D08EB48
S21401023083039B7828788DF8203013688DF81D008D
S214010240CDF821305368CDF8253024F0AAF9049B67
S2140102508DF8290021882878002B4AD123F070FEDA
S214010260002844D09AF800300FAA38F8230007A9CE
S21401027022F0E5FE00283AD023F08FFC4FF0000B69
S214010280074606461C255FFA8BF2974234D8B742DA
S2140102902BD99DF81C30032B1AD10FAB0193BDF857
S2140102A0213000220421009301202C4B06F08EFD04
S2140102B09AF8003008EB83039978274B187806F0F4
S2140102C001FE9AF80030002038F8231024F0BEF81A
S2140102D05DB107A9304624F0AFFC214B05461B78DB
S2140102E0304638F8231024F0A9FCC9F8005002342F
S2140102F087E723F01CFEB3E710460BA9059224F00E
S21401030097FC30B99DF82C1031B9059AB74208BF51
S21401031016460BF1010BB6E7BDF82E00BDF81E2000
S2140103209042F6D19DF830009DF820209042F0D101
S2140103309DF81C208A42ECD1032A14BF082202220F
S2140103400DF121010DF131000BF09EFD002808BFD3
S2140103500025DEE7F35D0020446C002047D2030051
S214010360456C00208858002013B503460020114A2A
S2140103709C6812780190052A03D01B78032B00D1C4
S2140103802CB9012002B0BDE81040FFF7CBBE626871
S214010390217801ABFFF724FF217A0120E26801AB47
S2140103A0FFF71EFFFF21044802B0BDE8104022F00F
S2140103B03FBB00BF456C00205C3F0020094B1B780B
S2140103C0052B02D00378032B02D00120FFF7AABE2B
S2140103D08168054A0B68054813604B68FF21536026
S2140103E022F026BB456C0020F35D00205C3F002018
S2140103F038B50024114B124D1870124BFF211C709A
S2140104002C7006F05FFD0122032110460E4B06F00C
S214010410DDFC4FF6FF712246084624F01AF8044622
S21401042048B940F6B832FF21084822F0F8FA01230D
S2140104302B70204638BDFFF775FEFAE7446C0020A6
S214010440F25D0020FB5D0020070304005C3F0020F6
S214010450144BF0B51A68144913680978587988421C
S2140104600BD11249D78808460022114D1E792B78E8
S214010470D4B2A34203D8052C0AD10020F0BD0C88C3
S214010480BC4202D18C78B442F7D001320431EFE796
S214010490A342F2D120F82270013300EB820086706D
S2140104A02B70EAE754440020446C00208858002052
S2140104B0FB5D0020FF2307B50021044A0448009392
S2140104C0FEF7D8FF03B05DF804FB00BF350101005D
S2140104D05C3F00201FB5B42303210446ADF80E305F
S2140104E023F025FD98B12123204600930022032105
S2140104F00DF10E0323F0CAFE04460020054B064A02
S2140105000649009406F0DCFD204604B010BD8624A2
S214010510F3E700BFF4CF030001D0030016D00300B9
S214010520D0E9023253F82230034A1B7801211370B6
S2140105300220024AFFF7BEBA5D6C002025D00300F8
S2140105400122014B1A7070475D6C00200A4B90F82F
S21401055005111B7890F8082119448A42BCBFB2FBEA
S214010560F3F103FB11234FF0FF32B8BFDBB202FAFF
S21401057003F380F80A3170475D6C00202DE9FF41D6
S2140105800446057F867EDFF870806E43237F98F8E9
S214010590002013449D4212DB607F60B9238B0293D7
S2140105A063690193237C00936288A31D217805F07B
S2140105B095FDFF232370002004B0BDE8F081E37EA3
S2140105C0AB42E9D9A77E228BF1199142A4BF921BB7
S2140105D0D7B205EB0323E3813A4633462946204644
S2140105E022F047FD0028E7D1637F37440133013508
S2140105F06377BEB2EDB2C9E75D6C002037B505463C
S21401060024F048FB0D4B04461B6869461B78032BF8
S21401061082BF0B4B1B881B18284688BF9CB224F050
S214010620C1FB38B9684624F037FB18B9044B1B8860
S21401063023449CB2204603B030BD00BF9043002047
S214010640EE6B0020084B1B78FF2B0BD1074B1B785A
S214010650FF2B07D1064B1B78022B03D04FF480707B
S214010660FFF720BC704700BFBC670020AC400020ED
S2140106707C3F002010B50446FF2122F0E1F9054B2E
S2140106809C4202BF0023A4F588742370BDE8104085
S214010690FFF7D8BF8C4000202DE9F0479A462A4B39
S2140106A081461B7888461646BDF82050002B49D057
S2140106B0FF2D3ED938252846BDE8F087234B0C226E
S2140106C03146A01D636184F80090A4F802800BF007
S2140106D0E1F8A289414642F4004242F04002204637
S2140106E0A28122F0D8FC2A46514660690BF0D2F866
S2140106F041464846A21D258324F020F8A07600280E
S214010700D8D00544013DB5FBF0F0FF28D2DC00232C
S214010710E0762046A383FFF731FF054680B92379AB
S2140107204FF48070B372FFF7A3FB227C099B1A80FB
S214010730C1E7074C2778FF2FC0D040F60345BAE73C
S2140107402770F2E70225B6E75D6C0020FD5D00200C
S214010750AC400020B0F9063010B5002B25DA144C59
S2140107602278237CFF2A02D0827A9A4207D0114C43
S2140107702378FF2B17D0827A237C9A4213D169B94A
S214010780637F013BDBB263775BB90B4A237F127849
S214010790204613442377FFF7F1FE0146204622F058
S2140107A089FCFFF74FFF012010BD0020FCE700BFCA
S2140107B0AC400020BC6700205D6C00202DE9F04FA6
S2140107C09A46B1F9063091B0002B0D461746DDF872
S2140107D06880049080F22981B8F80030FF2B04D994
S2140107E04FF4B871A6482AF04EF9A64B00241A78A1
S2140107F093F80401B3F80211002A40F0A5802E7A7E
S214010800A14A1278B24240F2AF800222A3F80271E6
S2140108101A70AA7AFF2483F804210022A3F808415B
S21401082083F80521A3F80621B8F80020954883F837
S2140108300C21FFF78BFE3846FFF7E0FE214600EB62
S2140108404002924822F0EBF84FF48070FFF710FB5D
S2140108508C4C94F80A91B9F1FF0F20D18A4A94F88A
S214010860053112781344B34219DC94F80C1184F85C
S2140108700531B4F80631204601FB0233A4F80631EF
S214010880FFF764FE0122824B38461A70FFF7B6FE68
S214010890494600EB400204F5887022F0C0F894F84F
S2140108A00531B34260D8DFF8E0B19BF800C00CEB2D
S2140108B00302964258DA764994F808210878013AF4
S2140108C0002853D0964205DAB8F8002084F80C21A7
S2140108D000220A70B6FBFCF901220CFB196994F898
S2140108E00A015FFA89F902FA09F2D1B2024076B931
S2140108F02889000A844584F8080108D92046CDE9EC
S21401090006210593FFF722FEDDE90621059B94F8F3
S2140109100A01014384F80A1182B994F80921B4F84E
S21401092006C1013284F80921B8F80020DAF800106F
S2140109300CEB0200FF2826DD0323237094F8083110
S214010940013B9E4230D138E0AE7A864202D18F42D8
S21401095000D11C462E7A002C7FF47BAF002A3FF490
S2140109604FAF012A3FF44CAF01205FE09642B1DA67
S21401097094F80C1198F800209142ABD004F58870D9
S214010980FFF778FEF0E794F80CE1F31A0EFB03C3C9
S214010990A01C10FA83F005920AF07CFF94F8083147
S2140109A0059A013B9E4244D0012394F80A2103FA9A
S2140109B009F3013B1343FF2B04D12246294638464F
S2140109C022F06AFB94F8083194F809219A42CBD1B7
S2140109D09BF80030B2FBF3F103FB112212F0FF0289
S2140109E018BF13462278022A26D1264A02341078E6
S2140109F05178012804BF01315170012224F8022CDC
S214010A00EA88B4F8041122F04002EA8094F8092139
S214010A100A44591E94F80A3113FB01F31344A8F84B
S214010A200030CAF80040FFF70DFE002011B0BDE807
S214010A30F08F84F80B21C0E76979002994D0032A46
S214010A4092D1B4F8062194F80B1108AE11445A1E3F
S214010A5094F80C31284613FB02F30B4400219BB299
S214010A60A21CA8F80030CAF80020CDE90071029651
S214010A70049907F005FD8921304623F05CFE7DE7E9
S214010A804CD003007C3F00205D6C00208C40002091
S214010A90FC5D002013B5044618B101280BD002B046
S214010AA010BDFF2301460093064A0748FEF7E2FC05
S214010AB0064B1C70F3E7FFF743FDFF22044B1A7049
S214010AC0EDE700BF750601008C4000207C3F00204A
S214010AD0AC40002013B501A909F04AFE044648B906
S214010AE0BDF806309DF80420034906F0E9FA2046D1
S214010AF002B010BD8120FBE7E3D0030013B56946C1
S214010B0009F042FE044688B9BDF802309DF800207F
S214010B10074906F0EFFA2046019906F043FA204607
S214010B20044906F0CDFA204602B010BD8120FBE74D
S214010B3007D103002DD1030037B5694609F048FEF9
S214010B40044618BB9DF801309DF80020104906F0B8
S214010B50D1FA104D9DF80120E3B29A4206D8002042
S214010B600D4906F0ADFA002003B030BD01986300D0
S214010B7003F4FF7302220021184423F0F5FC2946F2
S214010B800246002006F0B6FA0134E3E78120EBE7DF
S214010B902FD103005ED103000703040013B501A99A
S214010BA009F0ECFD044648B9BDF806309DF804206E
S214010BB0034906F085FA204602B010BD8120FBE706
S214010BC068D1030030B500240B4D85B06946E0B20C
S214010BD024F02EF850B99DF80030032B06D1294693
S214010BE0BDF805309DF8012006F06AFA0134202C84
S214010BF0ECD105B030BD00BF8FD1030008B5002091
S214010C00034906F05DFABDE80840FF2000F0DEBAB1
S214010C10A1D103002DE9F04F85B006460D461746D3
S214010C2022F088FA044640B130463A46294622F078
S214010C306BFA002005B0BDE8F08F4FF003094FEACC
S214010C4015285FFA84FA6946504623F0F1FFB8B9D1
S214010C509DF800B0BBF1000F12D1694650468DF8E1
S214010C6000908DF805508DF806808DF8016023F010
S214010C70E3FF02460028D7D05846064906F020FA78
S214010C800134202CDDD10020034906F019FA892011
S214010C90D0E700BFB6D10300DDD103001FB50023A6
S214010CA004468DF80F3022F030FA28B19DF80F3047
S214010CB063F07F038DF80F30182301930DF10F03B6
S214010CC00022009304214023204623F0CEFA024658
S214010CD018B10020024906F0F3F904B010BD00BFB8
S214010CE0F8D103001FB502A909F060FD044688BBD0
S214010CF0BDF80820184906F0FDF92046039906F0CC
S214010D0051F92046154906F0DBF94FF6F672BDF8A3
S214010D100810134C4B1E9BB2934219D82368039AB2
S214010D201B685879FFF776FF23681B79012B0BD8D0
S214010D30BDF808300022CDE900030421094B092043
S214010D4006F044F823F0F1FC6FF0FF0004B010BD8C
S214010D508720E9E78120F9E717D203002DD10300A8
S214010D60544400202ED2030070B504468AB005AD67
S214010D701122002128460AF03BFD204604A909F06D
S214010D8009FD044600283AD11E4EBDF810201E4922
S214010D9006F096F932681379012B28D84FF6F670CB
S214010DA0BDF810104B1E9BB2834224D813685879A5
S214010DB022F0C0F908B333682A461B68BDF8101044
S214010DC0587922F0A0F9BDF8103001220421CDE9AE
S214010DD0004309200D4B029505F0F8FF23F0A5FC12
S214010DE0034620B100200A4A0A4906F069F96FF065
S214010DF0FF000AB070BD8724E5E78B24E3E7812076
S214010E00F7E700BF5444002031D2030046D2030066
S214010E104AD2030055D203002DE9F0479AB004A93F
S214010E2009F0D0FC0446002840F0B5809DF810205B
S214010E305B4906F05FF925465A4E9DF81020EBB245
S214010E409A4254D80020584906F03AF99DF81050B5
S214010E50002D40F099802C462E46544F06A9F0B23C
S214010E6023F0E6FEC8B99DF81830032B15D13B6870
S214010E709DF819201B685B799A420ED19DF81D20BA
S214010E8005F168036B4403F8402C9DF81E200235DB
S214010E90013403F83F2CEDB2E4B20136202EDDD149
S214010EA09DF810300BB1002C77D00AABCDE9014389
S214010EB0FF2302220421009309203D4B039505F0F0
S214010EC085FF23F032FC034660B19DF81020002A0E
S214010ED05FD0384A3849002C08BF0A4600203749F7
S214010EE006F0EEF86FF0FF001AB0BDE8F08705983F
S214010EF06B0003F4FF7302220021184423F034FB35
S214010F0031460246002006F0F5F8013595E70598CA
S214010F10730003F4FF7302220021184423F024FB1C
S214010F20002780465FFA80FA06A9F8B223F080FE11
S214010F3000BB9DF81830032B1CD1D9F800309DF862
S214010F4019201B685B799A4214D19DF81D305345D0
S214010F5010D19DF81E30C8F307229A420AD105F136
S214010F6068036B440235013403F840AC03F83F2CA8
S214010F70EDB2E4B20137202FD6D101369DF810200C
S214010F80F3B29A42C3D88BE70025DFF820902E46AD
S214010F90F4E7084AA2E78120A6E78B20A4E700BF72
S214010FA0AFD203005ED103000703040054440020BF
S214010FB0CED2030080D203009ED20300D2D2030019
S214010FC02DE9F04389B002A909F0EAFB044600289E
S214010FD067D1BDF80820344906F072F84FF6F6726C
S214010FE0BDF80850DFF8D4906B1E9BB2934254D8DC
S214010FF0D9F8003029461B685F79384622F09AF8FE
S21401100000284CD026465FFA86F8404603A923F00E
S2140110100FFE28B92946384603AA22F078F820B9E7
S2140110200136202EEFD14FF0FF08404623F0FEFD9B
S214011030014658BB112203A80AF0DAFB29463846B6
S21401104003AA22F061F8D9F800301A79012A18D8D3
S2140110501B68BDF80810587923F047FABDF8083028
S21401106003220421CDE900430920104B05F0AEFE12
S21401107023F05BFB034620B100200D4A0D4906F024
S2140110801FF86FF0FF0009B0BDE8F08302460A4979
S214011090002006F015F80124D5E78724D3E78B2432
S2140110A0D1E78120EFE700BFF4D203002ED2030080
S2140110B032D3030055D203000BD30300544400205F
S2140110C02DE9F043DFF894800020D8F8003021495C
S2140110D01B688BB05E79002505F0F2FF01275FFAE9
S2140110E085F9484601A923F0A3FD044690B99DF869
S2140110F00430032B0ED19DF80530B3420AD1484681
S21401110023F094FD0146A0B102461349204605F09E
S214011110D7FF27460135202DE1D1D8F80030002130
S2140111201B68587923F0E1F987F001000BB0BDE8A0
S214011130F083112205A80AF05BFBBDF80940304692
S214011140214605AA21F0E0FF2146304623F0CDF9DD
S214011150E0E700BF3FD303000BD303005444002055
S21401116037B5694609F028FB044638BBBDF80020B0
S214011170134905F0BFFF134D2046019905F012FFF4
S2140111802046114905F09CFF2B681B68587923F00F
S214011190BBFA70B14FF6F672BDF800104B1E9BB24B
S2140111A0934209D82B68019A1B685879FFF732FDDC
S2140111B00446204603B030BD8724FAE78120F9E7CC
S2140111C053D30300544400202DD103007FB50546B8
S2140111D00024E6B26946304623F02AFDA8B99DF8F8
S2140111E00030032B11D19DF80130AB4204D0FF2D06
S2140111F00BD19DF80D3043B9304623F017FD02465A
S21401120018B10020034905F05BFF0134202CE0D122
S21401121004B070BD0BD30300034B1B68187801287C
S21401122008BF0220704700BF90430020D0E9023279
S21401123053F822301A78024B1A7000F0E7BA00BF52
S214011240FC5E002070B5D0E902456B1EDBB254F897
S214011250230003221B490AF017FE54F8253004EB3D
S2140112608504197863681A78A2F10B030F2B05D948
S21401127015490020BDE8704005F022BF01290FD1B5
S214011280124C9140236840B90B43114A2360002059
S214011290BDE870400F4905F013BF23EA0103F4E7E8
S2140112A002290CD101230C4903FA02F20B6818B982
S2140112B013430A4A0B60EAE723EA0203F9E70A4600
S2140112C00749D6E777D303007BD30300E067002006
S2140112D091D3030099D30300DC670020ACD303004D
S2140112E0B6D3030007B5D0E9023103EB810253F808
S2140112F021300B491B785268012B0A4B08BF0B465D
S21401130012684FF000001A600092074A074B08491E
S21401131018BF1346074A05F0D3FE03B05DF804FB79
S214011320E0670020DC670020D1D30300C9D30300A7
S214011330DBD30300F055040038B5254A254B264C6F
S2140113400020264905F0BCFE0020254905F0B8FE20
S21401135022682449002005F0CDFE2068224C234D4A
S21401136005F088FE2146002005F0AAFE2A682049DD
S214011370002005F0BFFE286805F07CFE214600200F
S21401138005F09EFE1B4B1C491A781C4B002053F897
S214011390223005F095FE00F00DF9194902460020AD
S2140113A005F08EFE174B00201A78174905F088FEC7
S2140113B0164B17491A78002005F082FE04F0C6F98C
S2140113C0BDE8384002461349002005F079BE00BF4B
S2140113D0F0550400F5D30300E0670020FCD30300BA
S2140113E004D4030012D4030075BA0300DC6700209E
S2140113F023D403002A5F002034D40300E4670020CE
S21401140047D403000F5F00205BD403000E5F00206B
S2140114106DD403007FD4030007B500F071F8054BC7
S2140114200090054A0020054905F04AFE03B05DF824
S21401143004FB00BF95D40300F055040016D003004A
S214011440F8B504460B4F0C4E0C4D00200C4A0D49C6
S21401145005F036FE20463B7829783278F4F786FE8A
S21401146000233B7033702B70FF21BDE8F84006481F
S21401147021F0E6BA2A5F00200E5F00200F5F0020F1
S214011480F05504009AD40300CC40002037B512482A
S214011490FF2121F0D5FA114B187810F0100505D070
S2140114A0002003B0BDE8304003F01CBF0121B4208A
S2140114B004F0C6FA04460A4B0A4A0B49009028462D
S2140114C005F0FEFD2046FFF7BBFF4FF4806003B03A
S2140114D0BDE83040FEF7E6BCCC4000202A5F002085
S2140114E0B1D40300F055040016D003000021024ACF
S2140114F00248FDF7F5BF00BF8D140100CC40002067
S21401150008B5054B1B7823B11720FFF799FF00207C
S21401151008BD0220FCE700BF2A5F002010B550B1CD
S214011520054B00F1100250F8044B904243F8044B6F
S214011530F9D1024B197010BD105F0020205F00200A
S21401154037B5174D04462B78DB0626D50090154B8C
S2140115500020154A154905F0B3FD1E2C0BD0652C4D
S21401156009D0032C19D0002023F0DAFB40F61C40EA
S214011570FFF766FF0DE023F0FBFB4FF4FA63B0FBC9
S214011580F3F202FB1300C218FF21094892B221F0C0
S21401159046FA2B7823F010032B7003B030BD00BF42
S2140115A02A5F0020CAD40300F055040016D00300B9
S2140115B0CC400020014B1879704700BF9C58002092
S2140115C070B54C4E8EB0337803F0FB02A3F10905DB
S2140115D0022AEDB258D0042B41F6041257D0A3F1DB
S2140115E008014B424B415B0013434348ADF80C30B6
S2140115F021F0D0FD48B9414B3F4A03F1100153F8A1
S214011600040B8B4242F8040BF9D13D4B1B78002B9F
S2140116103FD03C4B0DF10E0203F1100153F8040BC1
S2140116208B4242F8040BF9D103A823F099FB232837
S214011630044610D1012D49D80020334A334905F01C
S2140116403FFDBDF80C3003A823F40053ADF80C3071
S21401165023F086FB0446002C41D14FF40C7023F096
S2140116607DFB044600283AD103F0FAFE012D36D858
S214011670274A01AB1068516803C3264901A823F025
S214011680CBFB78B319242AE043F60412A7E702231A
S214011690AAE73378042B0DD0082B0BD01E4B0DF187
S2140116A00E0203F1100153F8040B8B4242F8040BAF
S2140116B0F9D1B9E7104A0DF10E0302F1100152F803
S2140116C0040B8A4243F8040BF9D1ADE7337803F0F3
S2140116D0FB03022B03D10020104905F0F1FC204644
S2140116E00EB070BD044901A823F096FB04460028FD
S2140116F0C8D1F4E72A5F0020FE5E002097D50300DC
S214011700205F0020105F0020F0550400EED4030097
S214011710A8D50300E0550400B1D5030049D5030060
S21401172070B5002686B00446252023F0FFFA16225F
S214011730002116480AF05CF8154B1E60154B187808
S214011740FFF76AFD022814BF0123042303208DF846
S214011750083023F039FB04238DF810300E4B02A815
S2140117600593039403F030FD05460C4B0C4A1968AB
S2140117700C4B3046A14208BF134600940A4A0B4957
S21401178005F09EFC284606B070BD00BF9C580020A0
S214011790EC4000202A5F0020811A0100E06700204B
S2140117A0C9D30300D1D30300F0550400C2D503000A
S2140117B008B5134A1378042B09BF124B01331B7863
S2140117C0C3F10603DBB2137003F0FD02092A04D14C
S2140117D01720FFF735FE172008BD0A4A1278002A9F
S2140117E014BF052206229A4207D1074B1868002823
S2140117F0EED0FFF795FF4D20EEE70020ECE700BFA7
S2140118002A5F0020205F0020DC67002073B51E4C95
S2140118101E4E23683268134334D01D4B1B6853B3E6
S2140118201C4D2B783BBB03F091FFF8B94FF4806059
S214011830FEF71EFB184B24681B7894B1C3F1020314
S2140118402B7003F047FD2046FFF76AFF0446002091
S214011850124B134A1349009405F032FC204602B09D
S21401186070BDC3F1060334682B70EAE70121B4208A
S21401187004F0E6F8EAE70020094A0B4905F020FCE7
S2140118800224E4E70224E9E7E0670020DC670020A1
S214011890904300202A5F0020205F00200AD6030024
S2140118A0F055040016D00300F0D503002DE9F347E8
S2140118B0384D394E00202A792B88384905F000FC2E
S2140118C03268287922FA00F010F0010002D134497A
S2140118D005F0F6FB334F3C783CB1082232493348D9
S2140118E00AF0D2FA041E18BF0124DFF8DC80DFF804
S2140118F0A490DFF8B4A014E098F80000494601303F
S214011900C0B288F8000023F003FA002835D13C78ED
S2140119103CB10822514625480AF0B6FA041E18BF03
S21401192001242A793368D340DB07E5D5002CE3D1BF
S21401193000922B881E4A1F49204605F0C1FB1E4B0C
S2140119401878FFF769FC01230322124923F0E6F910
S2140119501A4A054613780133137010B902B0BDE870
S214011960F08720462B46124A154905F0A9FB284662
S21401197002B0BDE8F047FFF763BD0020114905F04E
S2140119809FFBFFF715FF0028E8D102B0BDE8F0473E
S21401199000F01CB89C580020EC40002010D6030034
S2140119A041D60300295F0020215F0020AA580020AD
S2140119B0F055040010D703002A5F00200E5F0020B8
S2140119C0B1D60300DAD60300FD5E00202DE9F04112
S2140119D0214C224D2378002055F82330204A2149F6
S2140119E005F06EFBFFF7ECFD03461D4E1E4FDFF8BC
S2140119F074802BB92378042B15D8B3B91B4B15E08B
S214011A0032463946002005F05BFBFFF7D1FE00BBEE
S214011A102378324655F82330414605F051FBFFF74F
S214011A20CFFD0346E5E7092BE8D1114B00201B68E3
S214011A30104A11491360114B187023F069F920B14F
S214011A40BDE8F0410120FFF7FBBCBDE8F041FFF720
S214011A502DBFBDE8F08100BF2A5F0020E4670020AB
S214011A60F055040030D703003DD70300DC670020A3
S214011A70E0670020EC4000209C580020FD5E00201E
S214011A8070B51C4C23789BB3838913F4407F2FD009
S214011A90056835B12A46BDE870400020164905F0B4
S214011AA00FBB23F033F9154E03463070144A28460F
S214011AB0144905F005FB33781BB1BDE87040FFF70C
S214011AC085BF2378082B0CD8042B0CD80E4B1B781B
S214011AD0C3F1060323700D4BBDE870401868FFF78D
S214011AE01FBE0A2BF2D1BDE870401820FFF7A8BC34
S214011AF070BD00BF2A5F002068D703000F5F00207B
S214011B00F055040095D70300205F0020DC67002015
S214011B1030B5464D03460446454A0020454987B040
S214011B2005F0CEFA2B782BBB01A823F077F9022318
S214011B3001A88DF8043023F05FF9B0B93E4901A839
S214011B4023F05CF988B1152C0FD123F011F947F277
S214011B503153B0FBF3F202FB130000F51C501030BA
S214011B6080B203F0BFFB07B030BD162CFBD103F0EB
S214011B70F3FBF8E7152C2AD100202D4A2F4905F052
S214011B809FFA2B78042B11D0082B0FD02C4B1B78E7
S214011B90DA070BD401A823F0DDF818B9BDF8043034
S214011BA09B0703D42B7843F010032B7023F0E0F847
S214011BB04FF4FA63B0FBF3F2FF2102FB1300C218E5
S214011BC0204892B207B0BDE8304020F028BF23F08D
S214011BD001F904460028C6D12B78013B092B1ED8F3
S214011BE0134A194905F06CFA184A19491378013352
S214011BF0D8B2107023F08CF860B12046154905F074
S214011C005FFAFFF7D5FD0028ADD107B0BDE830403B
S214011C10FFF7DCBE07B0BDE83040FFF747BE40F631
S214011C201C4007B0BDE83040FFF70ABC2A5F002021
S214011C30F0550400B9D70300E0550400D0D70300DF
S214011C40FC5E0020CC400020E3D70300FD5E0020B0
S214011C509C580020DAD603002DE9F0410B4686B0E9
S214011C6004460E4617463A490246002005F028FA71
S214011C704FF000080123CDE901380DF1160300935A
S214011C80424640230621204622F024FB054640B169
S214011C9002463049404605F013FA284606B0BDE82C
S214011CA0F0819DF816202AB936B900202A4905F098
S214011CB007FAF2E7012EF8D082F001030020274947
S214011CC08DF8173005F0FCF99DF817300DF1170661
S214011CD033B310230022CDE90063062140232046BA
S214011CE022F0C3FA064630B1324600201C4905F000
S214011CF0E7F93546D1E74FB90821204622F017F912
S214011D0020B120469DF8171022F0F0FB0521204651
S214011D1022F00DF90028C0D0204622F0E4FBBCE7F3
S214011D204FB90821204622F002F920B120469DF83D
S214011D30171022F0DBFB10230022CDE900630621F9
S214011D404023204622F091FA06460028DED0CBE753
S214011D5012DA03002EDA030047DA030067DA03001B
S214011D6087DA0300002208B5034B11461B681B687F
S214011D705879FFF771FF08BD5444002008B5044B9D
S214011D8000221B6801211B685879FFF765FF08BD13
S214011D905444002008B5044B00221B6802211B682E
S214011DA05879FFF759FF08BD5444002010B50123A8
S214011DB0002488B001A88DF80430CDE90244F5F777
S214011DC0E3FC20469DF80420124905F079F92046E7
S214011DD0039A114905F074F92046029A0F4905F055
S214011DE06FF910220E4B0DEB0201188840F060408F
S214011DF040F48010FBF744F920460A4905F07AF9C9
S214011E0004A822F0F3FB2046074905F059F908B06B
S214011E1010BD00BFA0DA0300BFDA0300DEDA03005C
S214011E20A0550400FDDA03000703040008B521F0FD
S214011E30E2F90020024905F043F9012008BD00BF80
S214011E401ADB03000023054A8360C360044BC0E924
S214011E50002311B14FF6FF730B807047491043AA58
S214011E600530021110B5044660B10020064905F0A0
S214011E7027F9052C06D002F0CBF9044902460020CA
S214011E8005F01EF9012010BD2EDB03003FDB030029
S214011E9037B500216A4601AB054621F06DFA0446C6
S214011EA068B100220F49104605F00AF902F0B0F9B0
S214011EB00D490246002005F003F903B030BD0B4979
S214011EC005F0FEF8012020F0ACF901F099FF431C63
S214011ED002D007F09DFFF0E721462846FFF7A6FF50
S214011EE0EBE700BF68DB03003FDB0300B0DB03006A
S214011EF038B5054601F084FF044622F0C0FA4DB11C
S214011F0000200E4905F0DCF8631C14BF20460020B3
S214011F1007F040FF21F07DF90228044605D001288C
S214011F2005D10020064905F0CBF8204638BD002033
S214011F30044905F0C5F80024F7E700BFCDDB030030
S214011F40E7DB030000DC030008B50020034A044970
S214011F5005F0B6F8BDE8084000F050BDAAEB030056
S214011F6019DC030008B50020034A044905F0A8F867
S214011F70BDE8084001F0CAB938DC030019DC0300EB
S214011F801FB5D0E9023253F8223068461C78214644
S214011F9001F0D0FB684601F073FC28B922460449DB
S214011FA005F08EF804B010BD6846FFF771FFF9E73B
S214011FB03EDC03000020014905F082B85ADC03002C
S214011FC07FB50DF1060102A8FFF73CFF0020264968
S214011FD005F076F80020BDF80820244905F070F8D1
S214011FE00020BDF80A20224905F06AF8039A00206D
S214011FF0204905F065F800201F4905F07BF84FF6EB
S214012000FF73BDF806209A4229D000201B4905F02F
S21401201057F800201A4A1B4905F052F800201A4AC0
S2140120201A4905F04DF800221949104605F048F8FE
S2140120300020154A174905F043F80A2200201649E0
S21401204005F03EF80A220020144905F039F80A2264
S2140120500020134905F034F807B05DF804FB0020B2
S214012060104905F02DF8D4E769DC030081DC030094
S2140120709ADC0300B3DC0300CCDC0300D7DA0300F0
S214012080E0930400E2DC0300C027090001DD030041
S21401209020DD03003FDD03005EDD03007DDD030080
S2140120A09BDD0300DFDC030008B50020034905F0D3
S2140120B007F8BDE80840012001F0FAB9B9DD0300D0
S2140120C008B50020034904F0FBFFBDE808400020E6
S2140120D001F0EEB9D2DD030030B5104B104D1B5C9C
S2140120E085B08DF80F302B780446834206D00D4B11
S2140120F00D4953F82020002004F0E2FF30232C7015
S2140121000A4801930DF10F0300930622802319213B
S214012110007822F0AAF805B030BD00BF07560400CB
S214012120325F002014560400EADD0300476C0020ED
S2140121301FB5232303900193064803AB00930122A6
S21401214080231921007822F090F8039805B05DF8F5
S21401215004FB00BF476C002073B5164D04462B7870
S214012160154ECBB121F076F8012815D0346040F633
S214012170B244124B1B78072B17D02D78C5B921F026
S21401218069F8031E18BF01230D4800952246192140
S214012190007821F0EEFB03E000233360002CE8D149
S2140121A0201E18BF012002B070BD02250123EBE7F7
S2140121B00025FBE72F5F0020F0400020325F002063
S2140121C0476C002008B50448FFF7C6FFBDE8084085
S2140121D00220FFF781BF00BFC027090010B5064CDB
S2140121E0208822F084F9608822F081F96068BDE8D1
S2140121F0104022F08BB900BFF44000207FB52323A6
S2140122008DF813300DF1130302930423064801934E
S21401221005AB0093012280231921007822F05AF899
S214012220059807B05DF804FB476C00202DE9F047E0
S214012230DFF84C91044699F8000090460F4621F0CD
S21401224058FE0B2899F8002005D9BDE8F047002074
S2140122503F4904F035BF00263E4B3F4D1E803F4BA5
S214012260DFF820A103EB00135B8801202B802A7185
S21401227004F04EFE05F0F6FE04F04AFE204604F099
S21401228047FE0123042C8AF800300BD8022C45D8CF
S2140122909C4216D02346BDE8F0470020304A31491B
S2140122A004F00EBF062CF5D130462F4904F008FF86
S2140122B0384604F02DFEFFF791FF97B18AF80060CB
S2140122C00FE04FF6FF76294F3888801B18BF012094
S2140122D004F01EFEFFF782FF3888B04201D022F0DC
S2140122E006F919236B8099F8003000202B71204BDA
S2140122F01B786B71EB8843F04003EB801D4B19880C
S21401230022F0A4F8034620B1224600201A4904F020
S214012310D7FE4046BDE8F047FFF71EBF304604F043
S214012320F7FDFFF75BFFFFF769FF22F0EFF8134BAE
S2140123301B78002B0CBF3F20202004F0E9FD042C65
S214012340CFD14FF4806022F0D2F83220C7E700BF29
S214012350FDDD0300C0580020C4580020C442002000
S214012360B7CB030049DE03002CDE0300B45800207F
S214012370466C0020E86B002062DE03002E5F002022
S214012380476C00202F5F002038B5044605200D4617
S214012390FFF7A2FE184B1A884FF6FD739A4207D133
S2140123A00020164904F08CFEBDE83840FFF70ABF4E
S2140123B065B1134A13780133DBB2092B137014D9B4
S2140123C00A2200200F4904F07BFEEDE7012C0ED116
S2140123D00B4B1D700C490D48FFF734FDBDE8384026
S2140123E0002101200A4AFFF721BF012CF2D0BDE8E7
S2140123F038400748FFF7B0BEE86B00209CDE0300BC
S214012400315F0020C7DE0300B4580020F4400020EE
S214012410E093040008B50649002004F051FE054883
S214012420FFF736FDBDE8084000210846FFF7ACBFC0
S2140124300BDF0300F4400020814237B50346154602
S21401244008D2002000910F4A0F4904F039FE0020FF
S21401245003B030BD0C1A224600200C4904F030FEB1
S21401246040F6BB5322460020094904F029FE4FF4EA
S2140124707A735C43074B01209C4294BF2C602B600F
S214012480E6E700BFB7CB03001CDF030059DF0300FC
S21401249074DF030080EE360010B504460820FFF70F
S2140124A01BFE0D4B3CB91C700021BDE810400620F8
S2140124B00A4AFFF7BBBE1B78092BF5D90A22002072
S2140124C0074904F0FDFD0020064904F0F9FDBDE8CA
S2140124D01040FFF79FBF00BF315F0020C0270900F3
S2140124E0A0DF0300E1DF030073B51F4D2C7834B184
S2140124F000201E4902B0BDE8704004F0E1BD022094
S214012500FFF7EAFDFF221A4E1A4B30781A7021F0B7
S214012510F0FC0B2807D920463278174902B0BDE8EF
S214012520704004F0CDBD154B1549009301EB001129
S214012530012319224FF6FD70498805F037FA70B16C
S2140125402046104904F0BCFD00220F4B0F481C70BA
S2140125500F4B1A7002B0BDE87040FFF7FDBD0124B5
S2140125600C492C70EEE700BF305F0020F2DF03005D
S214012570476C0020466C0020FDDD03007928010031
S214012580C442002033E003002F5F0020C02709006B
S214012590315F002059E0030038B5144D04462B780E
S2140125A0052B21D91249FFF75DFC24B918B9114949
S2140125B004F086FD0424104B195D21B9BDE83840AE
S2140125C00846FFF769BF032C06D02B78052B03D0EE
S2140125D006200A4AFFF72AFE0021094B0846197011
S2140125E0BDE83840FFF7D0BE38BD00BF325F0020DF
S2140125F0F44000207BE00300FD550400C0270900DD
S2140126002F5F002030B5044689B00720FFF764FD30
S214012610052C0AD100222A4B03A91A7002A804AA83
S21401262001F0FEFD30B1022045E09CB90122244BA9
S2140126301A700224224D287878B1421E5042214950
S2140126405041FFF755FC022304462B70022C0ED195
S2140126500A200FE0022CE6D1EBE7631F5A424FF047
S214012660050018495A4120F0FCFD0446EEE7032C0C
S21401267004D10020FFF770FD09B030BD062C06D14D
S2140126800020114904F01CFD01232B70E0E70F4ADE
S2140126900F4B2878002C18BF13460E490E4A00949B
S2140126A0002808BF0A4600200C4904F009FD201E38
S2140126B018BF0120400009B0BDE83040FFF76CBFED
S2140126C02D5F0020F4400020B6E00300AFE00300D9
S2140126D0A8E0030097E00300A1E00300F1E0030097
S2140126E013B51F4C0620FFF7F7FC2278092A09D9F3
S2140126F000201C4904F0E4FC042002B0BDE81040B0
S214012700FFF74ABF184B1B782BB300201FF0ADFD17
S21401271020F0A0FD68B9FFF771FD144B196820F091
S21401272090FD02460420002102B0BDE81040FFF7EC
S2140127307DBD01A820F08CFDFF2809D14FF4FA6079
S21401274023780133237002B0BDE81040FFF704BDC3
S2140127500198FFF7EDFC4FF4FA620320E3E700BFB0
S214012760315F00200CE103002E5F002004410020B1
S214012770F023F0B589B0CDE9000334488023002268
S21401278019210078324E334F21F06FFD0020324977
S21401279004F096FC3246394603A801F041FD0328B1
S2140127A004462E4D1CD10626039A2D49002004F01E
S2140127B087FC0398FFF7BCFC0020396800F0ACFEEC
S2140127C02E7001F09FF900220446264B30461A70FF
S2140127D0FFF782FC84BB09B0BDE8F040FFF780BF7D
S2140127E028BB7268204904F06BFC214604A8FFF759
S2140127F029FB059B726893420BD020461B4904F0C7
S2140128005FFC072305202B7009B0BDE8F040FFF7F9
S214012810F9BE1A462046164904F052FC052300214B
S21401282001202B7009B0BDE8F040FFF7ADBD0020D8
S214012830104904F045FCF1E7042C05D0042009B04A
S214012840BDE8F040FFF7A8BE09B0F0BD476C002018
S214012850F44000200441002044E10300325F0020E0
S21401286075E10300315F0020B0E10300E9E10300F8
S2140128703DE2030079E20300F7B5044687680020CD
S2140128802378364D012B287004D0354B3549187006
S21401289004F016FC26785EBB334B1B78FF2B04D165
S2140128A003B0BDE8F040FFF78DBC304B1B78032B1F
S2140128B011D82F4C0320FFF70FFC6946208822F021
S2140128C071FA002843D02B49208805F0EDF820B195
S2140128D02E70FFF777FC03B0F0BD0124204B26498C
S2140128E01C7004F0EDFB0320FFF7F6FB2C70F2E7FB
S2140128F0012E25D13B78002BEDD01B4D2B78FF2BDD
S214012900E9D1A68802F04AFF864206D100201B497B
S21401291003B0BDE8F04004F0D3BB194BA2881B7886
S2140129203BB132B11749002003B0BDE8F04004F0D6
S214012930C7BB7B6814491B782B700D4B1A80F2E7D6
S214012940032E08D108226846A16808F0A3FF68464E
S214012950FFF70EFFBFE700232B70A1E72F5F0020D4
S214012960305F002094E20300466C0020325F0020B6
S214012970E86B00207928010059E00300B4E2030067
S2140129802C5F0020DAE2030005E303007FB5094B64
S2140129901A78FF2A0AD1187001F088FB0022064B2C
S2140129A00DF1060102A81A80FFF74CFA07B05DF890
S2140129B004FB00BF476C0020B2580020152838B52C
S2140129C017D10C4B1D78A5B922F0D2F9C4B2012C4F
S2140129D038BF01240120FFF77FFB2846224606491F
S2140129E004F06EFB4FF47A706043BDE83840FFF7A1
S2140129F0B3BB38BD325F002022E30300034B1B78D4
S214012A00022B01D8FFF770BD704700BF325F002070
S214012A1070B5284C20F019FC2578274EBDB1002052
S214012A20264904F04DFB264A137801331370002320
S214012A3023703378062B0AD1BDE87040214B186805
S214012A40B0F5FA6F38BF4FF4FA60FFF785BB3378FD
S214012A50013B082B2CD8DFE803F005090D2B1319D1
S214012A601D222700BDE87040FFF7C8BFBDE87040D3
S214012A70FFF73ABD00232370BDE87040FFF7A2BB05
S214012A802946BDE870400120FFF77EBCBDE87040D6
S214012A90FFF726BE0220BDE87040FFF7B3BD012058
S214012AA0BDE87040FFF7F8BCBDE87040FFF7B2BC68
S214012AB070BD00BF2F5F0020325F002051E303008E
S214012AC0315F0020F040002010B90520FFF764BDFB
S214012AD0034B1B78062B01D1FFF79ABF704700BF47
S214012AE0325F00202DE9F0478E68054633189A7844
S214012AF00C46092A8EB008D90020A34904F0E0FA52
S214012B00852420460EB0BDE8F08750B98B899F49D1
S214012B10895C8B4205D200919D4904F0D1FA80244C
S214012B20EFE79C4BE7881B889F4236D09A49097885
S214012B30012932D932B13A460020984904F0C0FA48
S214012B407E24DEE7964B1A70934B26791B78052B6D
S214012B5003D0012B3AD8FFF751FF5EB93146204624
S214012B6021F0E9FD0346002851D030468D4A8E49B2
S214012B7004F0A6FAD4F80880A48998F8037098F8A7
S214012B800450002E4CD13046884A894904F098FA00
S214012B9000210120FFF7F8FB4FE00021804B197060
S214012BA0072A00F28A8301A353F822F0492B010079
S214012BB0F72C0100F72C0100092F0100092F010055
S214012BC0092F01009F3101009F310100022B17D10F
S214012BD002F0E4FD8742B3D00020764A764904F03D
S214012BE06FFAFFF781FC46BB3146204621F0A3FD74
S214012BF0034610B36B4A6C49002004F061FA1CE0EE
S214012C006E4A00206E4904F05BFA012479E7A36856
S214012C101B78DA06AED432466A4904F051FAA9E7BF
S214012C2000210AA8FFF70EF9032F08D95F4B664A61
S214012C3066490097002004F043FA002461E76B1E02
S214012C40632B04D9594B604A61490095F2E7614B01
S214012C50E4B2DB5D9C4209D0CDE901430020534B31
S214012C60594A5D49009704F02BFAE6E757B3A4B238
S214012C7022460521404621F077FCBDF828308342E4
S214012C8003D04A4B554A5649B6E7012F1AD0224679
S214012C900721404621F068FCBDF82A30834203D064
S214012CA0424B4E4A4F49A7E7032F0BD12246092133
S214012CB0404621F056FC0B9B984203D13B4B474ABA
S214012CC0494999E7642D3FF463AF22F051F8642334
S214012CD0C0B2B0FBF3F203FB12030133DBB29D4239
S214012CE0BFF456AFCDE900530020304B3B4A3F4975
S214012CF004F0E6F9A1E7284B1B78052B01D03C4AE6
S214012D007FE7EB1CDBB2277BF45C44B12346002053
S214012D10374A384904F0D4F900210C460BE00F2F4E
S214012D200DD81023204634490093314A3B4604F01F
S214012D30C7F9802401210020FFF726FBE1E60435D0
S214012D40EDB220462A4A2D4904F0BAF97A1B7119C8
S214012D50D2B206A820F08CFA05443A46E9B23046CB
S214012D6021F0FFFB264D069A2B68264F9A423860C3
S214012D7001D100284AD1244900201D4A04F0A0F9B7
S214012D8085240121D7E700BF6EE303004056040007
S214012D9086E30300E86B0020325F0020B5E3030002
S214012DA02F5F00202BE4030033E40300BBE40300A1
S214012DB0D0E40300F9E3030006E403005BE4030048
S214012DC068E4030085E40300E5E40300EDE40300A2
S214012DD007E503000356040025E503007AE903002E
S214012DE05FE5030089E50300B1E50300D8E50300CC
S214012DF00CE6030026E6030055E603006CE6030036
S214012E00F44000200441002095E6030000F08EFF08
S214012E103E68B0420AD200F089FF9D490346324619
S214012E20204604F04DF98924012184E7079A6B684E
S214012E309A4205D12046974A974904F041F96BE733
S214012E409649097859B19A4209D22046944904F024
S214012E5037F996210620934AFFF7E8F95CE7924A8C
S214012E60924905A801F0DCF9079E48B96A689642BE
S214012E7006D88F4904F024F90520FFF7C3FB40E686
S214012E80324600208B4904F01BF9396800270020E0
S214012E9000F042FB00206E60FFF74AF9864B0620E1
S214012EA01F80FFF719F9854B1F7001F0B1F906462F
S214012EB0F8B94FF6FF73824A0AA81188994214BFDF
S214012EC013463B466A88298801F012F90AA800F0E1
S214012ED0D7FC58B10AA801F0DDF938B13046794976
S214012EE004F0EEF80420FFF757FB0AE6FFF7F8FBBD
S214012EF007E6042805D1744B1921187820F050FDF7
S214012F00FFE538467149EBE7714B1B78062B01D07C
S214012F10704A76E6DFF8A0A1EB1C94F80C90BAF89C
S214012F200080DBB22EB930466B4904F0C9F887241D
S214012F30E7E5F75C2C1D972FE4B22FD025D8812F1B
S214012F4071D0952F67D017BBB9F1100F7FF6E7AD9B
S214012F5031194A460AA820F08BF90444E4B2214606
S214012F604A46304621F0FDFA231DDBB2053416F839
S214012F7003A0E4B2A9EB04035345054666DA0093C1
S214012F8038465346534A5549C7E5982F43D03B46E2
S214012F900020504A524904F093F8C8E7B9F10A0FE5
S214012FA07FF6BDAD1FFA89F721463A46304621F035
S214012FB0D8FA05F1080104463A46C9B2304621F06E
S214012FC0D0FA0AAA01462046FFF736FA08B9454B59
S214012FD00A93B9F10C0F12D905F10C013A46C9B2A0
S214012FE03046DDF8288021F0BFFA044602463E4905
S214012FF0002004F065F8AAF8004044440A940A9CAC
S2140130003A492246002004F05BF82046FFF7A4F870
S21401301020F026F911E63649002004F051F8032085
S214013020FFF7BAFA09E6334C23786BB120F00BF9B7
S21401303050B10020304904F043F80023237020F0FB
S2140130400FF9FFF74DFBF8E52C49E5E7DFF8A4900B
S21401305099F8003043B9FFF7D1F88542034607D007
S2140130601C4A27490095E5E520F0F4F80128F2D13D
S21401307010220D480AA908F007FF10B9BAF13F0F50
S21401308042D9144A1F49002004F01AF84FE700BF3E
S214013090B4E603000CE60300ECE603002B5F002019
S2140130A021E70300C0270900F44000200441002066
S2140130B0B0E1030062E70300B2580020315F002050
S2140130C0B458002084E70300476C0020A3E7030000
S2140130D0325F0020C9E70300DEE703000BE90300C7
S2140130E0EDE80300E093040019E8030044E8030058
S2140130F063E803002E5F00207FE80300BEE80300BC
S21401310047E9030083E903006D4B187099F8003016
S2140131104BB120F098F830B1284620F097F80428F3
S21401312007463FF48AAD51462846321920F0D1F9B8
S21401313028B10020634903F0C3FF042070E799F823
S2140131400030554463B120F07EF848B1FF2FF4D02B
S214013150012F3FF472AD032F16D120F07FF80546FC
S2140131602846FEF7E5FF044602460521564820F0AC
S214013170A6F8564B1B689C420AD3204620F0A4F9B9
S2140131800520FFF73FFA58E520F066F88046E7E7A6
S2140131904046FEF7E1FF00287FF44FAD51E74C4B68
S2140131A01B7803F0FD03082B01D04A4A29E5A489C0
S2140131B035B1F27822B10020474903F081FF2EE7AE
S2140131C0E4B22246F11C0AA820F052F8434BBDF89F
S2140131D028201988054691420DD04FF6FF718A4284
S2140131E009D03C4A00203E4B3E4903F083FFBDF820
S2140131F028203D4947E7BDF82A20598891420CD03E
S2140132004FF6FF718A4208D0324A0020374B3549C3
S21401321003F070FFBDF82A20EBE70B9A5B689A4231
S2140132200AD0013208D02B4A2E490020304B03F039
S21401323061FF0B9A2F4926E7A4B2E91C2246C9B2C0
S214013240304621F08EF9E91DC9B2074622463046BE
S21401325021F087F9431C014606D10820FEF73CFF02
S2140132602548FEF779FFE8E4384606AAFFF7E4F8B2
S214013270A8B9214B0693214B00221978204B1878C8
S2140132801FF0D2FF069C2046FEF766FF224600206E
S2140132901C4903F015FF0920FEF71EFFCDE440F69A
S2140132A0B733069A9A42E6D840F6B8320020164955
S2140132B003F006FF40F6B833DCE7812421E400BFC3
S2140132C0315F0020B6E90300D9E90300044100207C
S2140132D0325F0020E2E90300F7E90300F440002032
S2140132E079E503001EEA0300D7DA0300A3E503002D
S2140132F039EA030036F2030080EE3600466C002001
S214013300476C002071EA030046EA030008B5042072
S214013310FFF742F90020FEF7DFFE0023054A1921D8
S2140133201370054A1370054B1878BDE8084020F065
S21401333037BB00BF2F5F0020305F0020476C0020A6
S21401334010B5164B164C1A78164B002053F822204F
S214013350154903F0B5FE2178144B154A00200029C3
S21401336018BF1A46134903F0ABFE23782BB1124B54
S21401337000201A68114903F0A3FEFEF73FFF04463A
S214013380FEF73CFF0E4B19681FF08CFF2246BDE886
S214013390104003460B49002003F092BE325F002026
S2140133A02F5F0020145604008DEA030063F103002A
S2140133B044F103009AEA0300F0400020B4EA030057
S2140133C004410020CDEA030038B50146044600203A
S2140133D0FFF788FB054698B1E37C00200A4A0B49B3
S2140133E003F06EFE2379042B0AD02946204621F0ED
S2140133F0A2F9034620B10020054A064903F060FE03
S2140134006FF0FF0038BD00BFB7CB0300F5EA03003D
S2140134102BE4030033E4030010B51346094A12787F
S21401342082420DD163B1084A002014680A46074952
S21401343003F046FE2146BDE810400120FFF752BBCF
S21401344010BD00BF476C00205444002017EB03005A
S21401345010B50D4B1C782CB1BDE8104000200B496F
S21401346003F02EBE6420FEF763FE4FF6F0716FF098
S2140134700F02074B0320C3E9001222462146BDE88E
S2140134801040FEF7D3BE00BF325F002050EB0300B2
S214013490F4400020014B1870704700BF2E5F0020DB
S2140134A000210620014AFEF7C1BE00BFC027090061
S2140134B0014B1870704700BF2B5F0020114B2DE9A0
S2140134C0F04107460D4618680F49101A09681FF0A3
S2140134D0E9FEDFF840800D4E98F800400346FF2CC9
S2140134E0307004D0A8420AD32C44A04207DB3A46E7
S2140134F00020074903F0E4FD337888F8003030787F
S214013500BDE8F0810C41002008410020335F002017
S2140135107EEC0300486C002050EA010208D0FF222E
S214013520054B091A1A70054B1860054B1960704750
S21401353011461046FFF7C2BF486C00200C41002020
S214013540084100202DE9F04FAFB006AD284600F047
S214013550FDFD0026624FDFF8D091284600F090F975
S214013560044648B900F0BEFD5E490246204603F017
S214013570A7FD2FB0BDE8F08F39460020F2B203F068
S2140135809FFD284616A900F0FFFD044620B15649C6
S214013590002003F095FD8FE0BDF85820534903F055
S2140135A08FFD49462046BDF85A2003F089FD204686
S2140135B0BDF85C204E4903F083FD2046BDF85E2031
S2140135C04C4903F07DFD2046BDF860204A4903F0D2
S2140135D077FD2046199A494903F072FD2046BDF849
S2140135E06820474903F06CFD204646490DF16A0202
S2140135F003F066FD44492046239A03F061FDBDF8B9
S2140136005C30D90705D520469DF890203F4903F048
S21401361057FDBDF85C309A0714D500203C4903F0ED
S21401362069FDBDF85830B3F5807F4FD1002020F0FA
S214013630E2FF18B10DF1910003F0C4FC00203549FA
S21401364003F03EFDBDF85C305B070BD50020BDF8EE
S214013650B220314903F034FD0020BDF8B4202F49D3
S21401366003F02EFD062228460DF116030AA91FF0C7
S21401367048FE044690BBBDF81620294903F020FDFC
S214013680DFF8A8A0DFF8A8B00DF12808BDF81610DD
S214013690A2B2914210D9B8F800205146002003F09A
S2140136A00FFD0134D8F804205946002003F008FD28
S2140136B0062C08F10808E9D16C46204600F05AFDB0
S2140136C094E80F00013685E80F0046E70123202223
S2140136D000200DF1910103F057FCAFE7114957E7C0
S2140136E090EC03005DEE030099EC0300BDEC0300D3
S2140136F0F1EC03000AED030023ED03003CED0300AB
S21401370055ED03006EED030083ED03009FED03000E
S214013710B8ED030007030400CBED0300E4ED03005E
S214013720FDED030030EE0300D6EC03000EEE0300C1
S2140137301EEE03002DE9F04188B004AD044628468C
S2140137408846002700F002FD6E46474507D195E8FA
S2140137500F0084E80F00204608B0BDE8F08130462F
S21401376000F008FD96E80F0085E80F00284600F0F7
S21401377087F801370028E8D1014B0FCBE9E700BFF6
S214013780945804001FB5D0E9023253F82230684637
S2140137901978FFF7CFFF684600F07CFD48B1042892
S2140137A009D1074A0020074903F08AFC05B05DF8F5
S2140137B004FB054AF6E70020044903F081FCF5E71F
S2140137C0FFF7030078EE0300AFF1030084E7030080
S2140137D010B5D0E9023203EB8201496853F8223072
S2140137E098B00C6804A81978FFF7A4FF03AB402231
S2140137F00093214608AB04A800F0E2FC024628B17B
S21401380000200E4903F05CFC18B010BD039808A90F
S21401381000F007040122C0F3C70003F0FBFB039985
S21401382008A8091B0144064801232246008803F024
S214013830ABFB044803F0E4FBE6E700BF88EE0300B9
S214013840D058002007030400F0B504460D460B4B84
S214013850EF880FCB84E80F00AB882E899B0741BF0A
S214013860D5F83900D5F83D1004F1080303C3EA681A
S2140138702046278066806260F0BD00BF4C5604007B
S214013880102208B5034908F0FFFA003818BF0120D6
S21401389008BD00BF9458040008B521F0C7FEC288D1
S2140138A0FF219208012A38BF012202481FF0B7F80B
S2140138B0012008BD1C41002038B5134690B10120F7
S2140138C0274A1070274A00201160274A13600A46CB
S2140138D0264903F0F5FB02F043FB254B1870022046
S2140138E002F044FB21F0BDFEE8B91D4D1D4C2B78BE
S2140138F02BB921F09BFE2268C368134423601A4B40
S21401390024681B689C4229D221F090FEC16820469B
S21401391006F022F8002402462C7050B921F0A1FED0
S214013920FFF7BAFF03E0FFF7B7FF0028DDD001205D
S21401393038BD20460F4903F0C3FB0D4B187802F043
S21401394015FB00200C4903F0BBFB00F091F908B908
S21401395000F0AEF92046FFF7B7F8E8E70124ECE7F8
S214013960355F00201441002010410020AFEE030017
S214013970345F0020DBEE0300FBEE030038B500F0F9
S2140139804BFA044600F042FA241A21F04FFE05468F
S21401399018B9B1211B4827F076F8AB8803F003036A
S2140139A0032B03D0B221174827F06DF800F02EFA4A
S2140139B005461FF019FD01238340013B2B4203D02E
S2140139C0B421104827F05FF81FF00EFD0123834055
S2140139D0013B234203D0B5210A4827F054F805F0ED
S2140139E091FD05461FF000FD4FF48063B3FBF5F330
S2140139F0C440A34205D2BDE83840BA21014827F0A9
S214013A0042B838BD11EF0300FF2108B504481FF086
S214013A1017F8BDE80840002211461046FFF74CBFD4
S214013A201C410020F7B504460E4600F089F805460D
S214013A3021F0FCFDC3682B449C4220D31FF0D4FC2C
S214013A402C44C440013C114F3B68DEB1A34219D15E
S214013A5001340023ADF8043000F0E4F9054605F022
S214013A6051FD103504FB005405F04CFD01A902463A
S214013A70204605F099FD1FF0C7FC386004E04FF0C2
S214013A80FF34E0E7A342E4DB03B0F0BD106800209A
S214013A904FF0FF320A4B10B51A600022094B1A701C
S214013AA000F0B4F9044600F0B7F9214602460120B9
S214013AB0FFF702FF00280CBF0120042010BD00BF45
S214013AC010680020365F002038B500F0D1F808B93C
S214013AD0002038BD094D0A4C2B7823B91FF094FC01
S214013AE0012320602B7024681FF07EFC0134844083
S214013AF0EED000F025F82044EBE700BF365F00204B
S214013B001068002070B50D4C2368002B01DA0120E7
S214013B1070BD00F07BF9054621F088FD2468C66873
S214013B201FF062FC013404FA00F1294401208A19CD
S214013B30FFF7C2FE0028EAD00420E9E7106800205B
S214013B40024B18680C301FF08FBC00BF14680020B1
S214013B50FF2307B50021044A04480093FBF78AFCBB
S214013B6003B05DF804FB00BF093A01001C410020C8
S214013B700E4B70B51C680546036804F582641C4448
S214013B800E46FFF7DDFF2B68834208D232681A44DF
S214013B90824208D9C31A012033602C6070BD044AE2
S214013BA0126813441C1A0020F7E700BF14680020AF
S214013BB0184100202DE9F04FB3F5803F87B00F463E
S214013BC09846019003D3002007B0BDE8F08F03A903
S214013BD004A8CDE90332FFF7CBFF0024824600F1AB
S214013BE00109DFF888B05FFA89F9019BDDE9035620
S214013BF0AAB27BB13046109921F01FFD0028E2D110
S214013C00B9F1020F2BD1DBF800300493019B03BB03
S214013C102F4421E03946304605F0C6FC0028D2D1B3
S214013C20BAF1000FECD0002CEDD105F06BFC2E4460
S214013C30B6FBF0F303FB10600028E4D005F062FC4D
S214013C4005A902463046059405F0AEFC0028DAD0F8
S214013C50B9E7109B2B441093A8EB05050395631C4D
S214013C604B454FF00104C0D32046ADE71841002074
S214013C707FB56B460C4A1068516803C390680C22E6
S214013C8018600A4B0DEB0201186821F0D6FC0C22D5
S214013C9068460DEB020108F0F7F8B0FA80F040092B
S214013CA007B05DF804FB00BF5C56040014680020F2
S214013CB01FB5084A01AB1068516803C3906801A993
S214013CC01860054B0C22186805F06EFC05B05DF80F
S214013CD004FB00BF5C56040014680020F7B50446D8
S214013CE015460E4681B9072A03D80024204603B09C
S214013CF0F0BD0D4B80791968E379063000EB03209F
S214013D000C3180B21FF0BAFB002721462B46324603
S214013D1038460097FFF74EFF04460028E5D039469F
S214013D207019FFF77FFEE1E714680020024B186860
S214013D30A0F50060704700BF2068002010B58AB06B
S214013D40684606F015F810F0FF0027D1009BFBB17E
S214013D50174C01A9206005F083FF10F0FF001DD16C
S214013D602268009B9A4204D34FF4DD71114826F075
S214013D708AFE019B104A11491360029A13440B6094
S214013D800F49A3F500630A600E4A1360009B63B9EE
S214013D9040F2CF11074826F076FE06E0044A0346B5
S214013DA012680020084903F08BF90AB010BD00BF65
S214013DB018680020C4EF0300184100201C6800208A
S214013DC020680020146800206CF0030008B5FFF797
S214013DD0B5FF21F02BFC50B121F028FC064B0269FF
S214013DE01B689A4203D2B321044826F04CFEFFF723
S214013DF0C5FD012008BD00BF20680020C4EF0300F8
S214013E00014B1868704700BF18680020014B1868FE
S214013E10704700BF18410020014B1868704700BF6B
S214013E201C680020014B1868704700BF146800200A
S214013E3010B5FFF749FE04462849002003F040F973
S214013E400020274903F03CF90020264903F038F901
S214013E500020254903F034F9244B00201A68244930
S214013E6003F02EF922462349002003F029F9FFF733
S214013E7067FE21490246002003F022F91F4B00206D
S214013E801A681F4903F01CF91E4B1F4C1A680020C4
S214013E901E4903F015F9226800201D4903F010F9A8
S214013EA04FF4806200201B4903F00AF922680020C3
S214013EB01949103203F004F92268002017490C3220
S214013EC003F0FEF822680020154902F5826203F02D
S214013ED0F7F8BDE8104005F049BA00BFEBF0030063
S214013EE028F1030047F1030067F10300186800207A
S214013EF092F10300B1F10300D4F103001841002050
S214013F00F7F103001C680020146800201AF2030071
S214013F103DF2030060F2030083F20300A6F2030001
S214013F20C9F203002DE9F04194B004460D46002085
S214013F30482102AA1FF0B3FA18B9534903F0C0F892
S214013F4019E060220021204607F052FC04224F4966
S214013F5002A807F099FF90B16DB19DF80B300020D3
S214013F6001939DF80A309DF80820009348499DF872
S214013F70093003F0A5F8012014B0BDE8F081BDF8C2
S214013F800C20B2F5807F228003D0424903F098F8D6
S214013F90F1E7BDF81420BDF80E102281DDF81620D9
S214013FA06180E2600499BDF81A206160228284F87B
S214013FB0320007AD04F112020FAE2B4603CBB3421B
S214013FC0106051601D4602F10802F6D10F9B324A7D
S214013FD063631360314B10221846002107F008FC7A
S214013FE0E288A388028022894280E26842600BB997
S214013FF00020C1E700263546A388D90709D536B182
S21401400005F150026A4412F8482C84F8382001352C
S214014010EDB29A0714D520881FF057F907466EB1FE
S21401402002AB03EB05080246414604F1390007F0EE
S2140140306FFD3A4641461A4807F06AFD2F44FDB225
S214014040A3885B070DD556B105F150036B4433F8D1
S214014050482C33F8463CA4F85A20A4F85C300435C2
S214014060EDB2002EC4D1482D02D930460D4965E780
S2140140702946382002AA1FF012FA08B90A495DE754
S21401408038250126B8E700BFECF2030068560400A5
S2140140901EF3030054F303003C410020404100207E
S2140140A0484100206FF30300BFF3030030B50B4C0B
S2140140B099B025786DB9FFF789FE68B1294668463B
S2140140C0FFF730FFB0FA80F0054B40091870012366
S2140140D02370002019B030BD0120FBE7375F0020B8
S2140140E0385F0020014B1878704700BF385F00200A
S2140140F070B51E46134B044618881D46884298B074
S21401410002D15B88934206D00F4B0FCB84E80F0099
S214014110204618B070BD96B100216846FFF702FF31
S2140141200028F1D1BDF804305B0708D53388BDF807
S2140141305A209A42E8D8BDF85C209A42E4D395E822
S2140141400F00E3E74041002094580400064B10B5E9
S2140141501B7804462BB9054B0FCB84E80F0020468D
S21401416010BD034BF8E700BF385F002094580400E9
S2140141704041002010B50446024B0FCB84E80F00E7
S214014180204610BD945804000B4B10B51B7804460E
S21401419008467BB10021FFF7C5FE48B9102221462B
S2140141A0064807F071FE003818BF0120C0B210BDE6
S2140141B00120FBE70120FAE7385F0020404100209C
S2140141C02DE9F0410E4690460E4910221F4607F093
S2140141D05BFE044670B90C4B3A461D683046AD1B73
S2140141E0454528BF454629461FF059F928B90749CC
S2140141F002F066FF0120BDE8F081069B20461D60A7
S214014200F9E700BF404100203C410020BFF3030016
S2140142100022024B1A70FFF73BBC00BF385F00203C
S2140142202DE9F0419CB00F4616468046FFF74CFC40
S214014230054602461549002002F042FF382D20D9D6
S214014240012104A8FFF76EFE0446D0B9119B04A90C
S2140142503B606F463846FFF7F7FA97E80F0086E8A7
S2140142600F00119BAB4297BF01210324084AC8F8EF
S214014270003094BF1170C8F8005020461CB0BDE84D
S214014280F0810022024B01241A70F6E7F1F30300D5
S214014290385F002070B5084D00262B7853B1FFF724
S2140142A0F7FB04461022002104482E7007F0A0FAFE
S2140142B0204670BD3446F5E7385F002040410020B7
S2140142C008B50020064902F0FBFE064B00201A78CE
S2140142D0054902F0F5FEBDE80840FFF7A9BD00BF9D
S2140142E010F40300385F00203AF40300034601206F
S2140142F0024AC3E9032000221A7070470100FEFF3C
S2140143002DE9F0410024264E264FDFF8A88088B01C
S21401431000F0D4F9A5B2854202D308B0BDE8F08119
S214014320284603A91FF0F1F8A2B23146002002F098
S214014330E1FE9DF80D2012B39DF81210BDF8103065
S214014340402914BF6E2179210020CDE9003139467C
S214014350BDF80E3002F0CEFEBDF814201AB10020D2
S214014360114902F0C7FE9DF80C00BDF8182070B97F
S214014370079B0E490093BDF81A3002F0BBFE0020E1
S2140143800B4902F09DFE013426F08AFBC0E7BDF81A
S2140143901C304146009300209DF81A30EDE700BF1F
S2140143A053F4030059F403007CF4030086F403007D
S2140143B007030400ADF4030010B500F0ABFABDE846
S2140143C010400346024A0020024902F079BE00BFAF
S2140143D0D5F403000CBD0300D0E9023253F82230B5
S2140143E010B5188800F086FABDE810400346024A68
S2140143F00020024902F064BEDBF403000CBD03009A
S21401440010B5D0E90232002486B08DF8044053F886
S214014410221003EB8203097801A88DF805105A686B
S2140144201288ADF806209A681288ADF80820DA6876
S2140144301278ADF80C40A24214BF402280228DF8BB
S2140144400A201A691288ADF810205A699B691288E9
S214014450ADF812201B68059300F0D0FB034A034613
S2140144600349204602F02CFE06B010BD77D30300A8
S2140144700CBD030038B50024064D26F0FDFA45F8BC
S21401448024000634C02CF8D10020BDE8384002498B
S21401449002F016BE80100020E2F4030030B50020C2
S2140144A087B0204902F00CFE00201F4902F008FEEA
S2140144B000201E4902F004FE26F0DEFA002405461E
S2140144C0A0B201A901341FF020F8202CF8D126F063
S2140144D0D3FA1749421B002002F0F2FD15490020CD
S2140144E002F0EEFD26F0C8FA0446012000F09EF820
S2140144F026F0C2FA0E49021B002002F0E1FD0E4929
S214014500002002F0DDFD26F0B7FA04461EF0EEFFAD
S21401451026F0B2FA021B0020054907B0BDE830407C
S21401452002F0CEBD0EF503003DF503006DF5030068
S2140145308AF5030099F50300B3F5030010B50C46A0
S21401454003F022FD08B9032C12D101F0FFF804286C
S2140145500ED001F0FBF805280AD0064802F060FCF0
S2140145601C2801D11FF06FFFBDE8104002F068BCA7
S21401457010BD00BFF73403002DE9F04F00274FF0C0
S214014580FF36DFF8A4B0264C87B0BBF80030B8B2CF
S214014590834209D8731C3BD03246FF21214807B01D
S2140145A0BDE8F04F1EF03BBA01A91EF0AEFF9DF824
S2140145B0050001F001FFF8B19DF80480B8F1000F85
S2140145C01AD1BDF810A0BDF8129026F055FA1821A0
S2140145D00246BBB24B43E018E158007C4FF47A73B5
S2140145E0A2EB010C50B103FB0AF363450ED30B4457
S2140145F0981A864228BF06460137C6E74D466B43E2
S214014600FAD06345F5D31944881AF2E74046F0E735
S214014610FF21044807B0BDE8F04F1EF011BA00BFF5
S2140146208010002050410020B65800202DE9F041AE
S214014630014688B058B1022810D01EF080FF78B32A
S214014640D221194808B0BDE8F04126F01CBAFF2374
S214014650164A17480093FAF70DFFEEE700244FF0CD
S21401466001082746134EA5B2284603A98DF80D70FA
S2140146701EF04BFF9DF80D0068B101F09DFE20B1C4
S2140146809DF80C300BB986F810800134202C06F109
S2140146901806E8D12546084B1D80FFF76DFFCCE7CD
S2140146A008B0BDE8F08100BFD3F50300E149010081
S2140146B05041002080100020B6580020014B188879
S2140146C0704700BFB65800202DE9F04F634A077DBA
S2140146D089B004466249002002F00CFD00201FF05C
S2140146E08AFF20B12368218A588803F09BFC0020AA
S2140146F05C4902F0E5FC637DDFF87491002B2368CA
S21401470008BF08205988574B18BF00200093228AFB
S2140147104FF0090314BF4FF080084FF0400802F035
S2140147202FFBA289BB1C93420CDB1FF0FEFF034646
S21401473020B100204C4A4D4902F0C2FC012009B0CC
S214014740BDE8F08FA068791C89B2C55D1FF00CFF2B
S2140147500337012D0646BFB213D82368324659885F
S2140147605879238A009343461FF048FB8246002867
S2140147703ED1862002F0CCFB284602F0C9FB30462B
S21401478068E08520F6E703A91EF0BFFE9DF80C3011
S214014790AB4223D123689DF80D105A7991421DD161
S2140147A0BDF80E105A88914218D1BDF81020B242B9
S2140147B014D19DF81220424510D1BDF81410228A5A
S2140147C091420BD1002D38D0BDF81810E2889142E5
S2140147D004D19DF81A201B799A422ED00BF1010BB9
S2140147E0B9F800305FFA8BF08342CCD88B20C1E752
S2140147F04FF0000BF4E79AF8020002F089FBBDF8CF
S21401480018001FF074FEBDF81A001FF070FE9AF82B
S214014810020003F027FE002883D19AF8020001F077
S2140148209DFC0546079E002D3FF47BAFF0B2013D8F
S21401483002F06EFB360AEDB2F5E7002002F068FBE7
S214014840284602F065FB30461FF051FE012DD2D1FD
S214014850BDF81C001FF04BFE63E700BF62F60300C5
S21401486034EA0300070304006FF603008CF6030026
S214014870B65800202DE9F04391B0694680461EF0F7
S21401488044FE0023194F8DF801303888431E98B234
S2140148908045388009D1694640461EF03EFE68468E
S2140148A01EF022FE11B0BDE8F0834FF0180905A9ED
S2140148B01EF02BFE0E4C3E880AAD09FB06460FCEB7
S2140148C00FC596E8030009FB084485E803000AAE15
S2140148D0404605A91EF021FE0FCE0FC495E8030041
S2140148E084E8030069463888D7E700BFB658002039
S2140148F08010002008B5064B1B88834205D9FFF7B8
S214014900B9FFFFF739FE002008BD2720FCE700BFEE
S214014910B658002038B5074D2C882CB9FF2106481B
S2140149201EF08EF8204638BD601E80B2FFF7A2FF4B
S214014930F2E700BFB6580020504100202DE9F347AA
S2140149409A4618239DF82890244FCDE9001203FBC0
S21401495009731446D3E902231FF0C6FF0646204614
S2140149600D4603F07FFD04F0FD03382B80460FD182
S214014970009432462B460021DAF810001EF0F0FDB6
S214014980B8F1010F1BD135431ED102B0BDE8F08747
S214014990392CDAF810300BD107EE906A07EE103A90
S2140149A0F4EEC77AF1EE10FAACBF01200020E7E77B
S2140149B09E4275F100032CBF01200020E0E7B8F10C
S2140149C0000FE2D10028E0D0182303FB097701236A
S2140149D03B7402B0BDE8F047FFF7CEBD8010002063
S2140149E02DE9F04F00252E46A846AA462C46DFF8AC
S2140149F0BC91D1B0694BA8B21B88834209D81CB1BF
S214014A0061882079FFF79AFDFFF7B6FD51B0BDE842
S214014A10F08F0BA91EF079FD26F02EF81823AFB201
S214014A207B4309EB030B59F8033005909DF82D00E5
S214014A30049301F0C1FC002800F0AE809DF82C1014
S214014A40002940F0A980DDE90432D01A4FF47A72C9
S214014A50BDF838305343834200F29E809BF81030F5
S214014A6043B9BDF83A30002B00F096805343834299
S214014A7000F29280FD230022CDE9013210AB0093B3
S214014A800DF119020DF11A03E9B20BA8EFF720FC9C
S214014A90002877D1BDF81A30DA1C0493D2B214B3C9
S214014AA03F4B9DF82D101B8813442279914214D157
S214014AB0BDF82E10628891420FD19DF83220B8EBD6
S214014AC0D21F0AD1BDF83420524506D1B3424DDD7E
S214014AD00020344902F0F4FA01E0B342F8DC6188C0
S214014AE02079FFF72BFD02F0E7F904469DF9320025
S214014AF02D4BC043C00F0093BDF834200A23BDF8E8
S214014B002E10C0009DF8328002F03AF99DF82D3043
S214014B104FF0000B23714FF48A53FF26BDF834A0E3
S214014B204FEAD818E38007A95FFA8BF020F080F8E7
S214014B30C0B2B0B99DF81D109DF82D20914210D13C
S214014B40BDF81E10BDF82E2091420AD122469DF8CE
S214014B5029109DF81C001FF0F1FDB04228BF304619
S214014B60C6B20BF1010BBBF1200FDCD1BDF8300052
S214014B701FF0BDFC9DF8190002F0CAF9049910A8AF
S214014B8002F0DAF9182300225F4309EB07031A74CF
S214014B9025F072FF49F8070001352BE7B6580020CB
S214014BA0C05800204BF703000703040080100020C4
S214014BB070B500240126104D8AB02B88A0B283421E
S214014BC004D80AB0BDE87040FFF7D6BC05A91EF0B0
S214014BD09CFC9DF8150001F0EFFB50B19DF81430D8
S214014BE03BB91A46CDE901360093E1B205A8EFF7C5
S214014BF06FFB0134E1E700BFB65800202DE9F04312
S214014C000389DFF858818BB0B8F80090009304460A
S214014C1083798288418840781FF0F0F8002800F0F8
S214014C209580E78927B1A389BB4200F291800027CE
S214014C30B8F80030BDB2AB4214D84D4601264FF647
S214014C40FF73E2899A4226D146B9B8F80030AB42E2
S214014C5002D92846FFF70EFEFFF78EFC00200BB0A8
S214014C60BDE8F083284605A91EF04FFC9DF81430D8
S214014C707BB92268059B5340FF2B0AD86368069EC2
S214014C805E4036F07F4604D1BDF81C2023899A4247
S214014C90D5D00137CCE7E2689A422BD0002E53D10B
S214014CA0D4E90323CDE9082305A81EF01DFC00283E
S214014CB0D5D1B8F80030AB4204BF6B1CA8F8003061
S214014CC025F0DAFE18236B43234AE9B2D050D418F4
S214014CD0002305A81A46CDE901330093EFF7F8FA49
S214014CE018B100220023C4E90223284605A91EF0B4
S214014CF014FCB1E7234605AA04F1100C1746186800
S214014D005968083303C763453A46F7D118683860CF
S214014D1005A81EF0ECFB0028C0D01F2D1AD80023D2
S214014D208DF8143063788DF815306388ADF8163039
S214014D30A388ADF81830A3798DF81A302389ADF819
S214014D401C300028B0D1ABE70020E6E7862086E7D6
S214014D50872084E7892082E780100020B65800204B
S214014D602DE9F04FB04A90F814908DB00446AF4943
S214014D70002002F0BFF900201FF03DFC20B123689F
S214014D80218A588803F04EF90020A94902F098F9C3
S214014D90637DDFF8B8A2002B14BF80234023029363
S214014DA0236808BF08205988A14B18BF002000932C
S214014DB0228A072301F0E4FF00230393A28909F165
S214014DC00305954211DB039B13B9184602F0A0F8C0
S214014DD01FF0ABFC034620B10020964A964902F02C
S214014DE06FF901200DB0BDE8F08FA06809F101014F
S214014DF089B210F809601FF0B7FB324680460346B9
S214014E008E490020ADB202F05BF98EB1012E00F0A2
S214014E108A808527384602F07BF8304602F078F81B
S214014E2040461FF064FB852FD2D00123039376E022
S214014E30A06809F10401A28989B2475D1FF094FBBD
S214014E4009F10601A289049089B2A0681FF08CFBC3
S214014E503A4605900090049B3046794902F030F9B5
S214014E6009F1080938461FFA89F503F0FBFA00280C
S214014E7057D1384601F072F9294603468146A28980
S214014E80A0681FF062FB6F498346304602F032F994
S214014E90A1684A4629443346304602F075F8304642
S214014EA0634902F00DF9A9441FFA89F523684246C1
S214014EB059885879238A0093029B1EF09FFF18B1E8
S214014EC08378BB4240F0AC80483FFFB2092F05D83B
S214014ED040F21133FB40DB0700F1A48000238DF87C
S214014EE01C30236807A85A798DF81D205B88ADF819
S214014EF02080ADF81E30029BCDF82CB08DF8223004
S214014F00238AADF82430049BADF82830059BADF814
S214014F102A30FFF773FE074600287FF47BAFA946C9
S214014F204CE7B346C2E72946A289A0681FF01CFBDE
S214014F304FF0000B024607464349002002F0C0F836
S214014F4009F10509BAF800301FFA89F5BAF8002008
S214014F501FFA8BF94A4503D81F2B31D9892759E700
S214014F60484607A904931EF0D0FA9DF81C20049B1E
S214014F70012A22D122689DF81D00517988421CD150
S214014F80BDF81E005188884217D1BDF82010414552
S214014F9013D19DF82210029881420ED1BDF824004B
S214014FA0218A884209D1BDF82800E188884204D1C7
S214014FB09DF82A10127991421BD00BF1010BC5E71F
S214014FC0012299468DF81C20226851798DF81D1012
S214014FD05188ADF82080ADF81E1002998DF8221088
S214014FE0218AADF82410E188ADF8281012798DF8E1
S214014FF02A2007A8ADF82C701EF076FA074600287E
S2140150007FF408AFBAF800304846994508BF09F161
S214015010010307A908BFAAF800301EF07EFA7EE752
S2140150208D27F7E68C27F5E676F7030034EA0300CA
S21401503007030400D7F703008CF603007EF703008E
S2140150409BF70300BCF70300C7F70300B658002020
S2140150502DE9F04F074688469146002589B09A46C5
S214015060BDF848B09DF84C60149C224B1A88A8B233
S214015070824235D903A91EF048FA9DF80C201D4B33
S214015080B2BB9DF80D10B94232D1BDF80E104145A4
S2140150902ED1BDF8101049452AD19DF81210514560
S2140150A026D1BDF81410594522D13046029201F09E
S2140150B055F8A6F14103012B01460AD820461FF0F8
S2140150C059FA0D4B0D4A204484420CD10421029317
S2140150D002ACEDB232462046009503ABFFF72EFC3C
S2140150E009B0BDE8F08F14F8011F4B405343EBE7BE
S2140150F00135BBE7B6580020C59D1C819301000110
S2140151001FB50F4C2478C4B142EA03229DF818302B
S2140151108DF8051042EA43220A4BADF80C201A78A6
S214015120094B8DF80610079903EB021300908DF8D2
S2140151300400DB6868460291984704B010BD00BFC2
S214015140395F00203B5F00207041002073B51A4D87
S214015150FF211A481DF074FC2B7853B3184C194ED6
S2140151602378180106EB03131A7A5968305C1FF08E
S214015170E3FD4D281DD0E0B1012300212278CDE9C1
S21401518000311201B25CC0B2FFF7BAFF0A222378DF
S2140151900A480133DBB2B3FBF2F102FB1133FF2104
S2140151A023702B78013B2B7002B0BDE870401DF0D8
S2140151B03FBC02B070BD00BF395F00201042002026
S2140151C03B5F002070410020F8B5104F3E780A2E54
S2140151D01AD00FC8DFF840C00D4D9CF800400136CC
S2140151E005EB041585E80F000A230134E4B2B4FB8D
S2140151F0F3F203FB12440748FF218CF800403E708F
S2140152001DF016FC0020F8BD0120FCE7395F0020E8
S21401521070410020104200203A5F00200021024A1F
S2140152200248FAF75DB900BF4D5101001042002057
S214015230002337B50C46124D12492A78CDE90033C2
S21401524012018A5C01230146E0B2FFF759FFA4B9B7
S2140152500D490A788AB10A202B78013A0133DBB26C
S214015260B3FBF0F40A70FF2100FB143307482B70E0
S21401527003B0BDE830401DF0DBBB03B030BD00BF5E
S2140152803B5F002070410020395F00201042002063
S21401529008B500F0BDF850B1054B064A0649052889
S2140152A008BF1A46BDE80840002001F009BF08BD46
S2140152B0EBF70300070304000CF8030008B503200E
S2140152C01FF054FD10B90122014B1A7008BD00BF32
S2140152D03C5F00200022024B18781A70704700BF0E
S2140152E03C5F00200246FF2101481DF098BB00BF2D
S2140152F030420020114B37B51D78C5B9FF21104843
S2140153001DF09EFBFFF7DAFF044600900D4B284682
S2140153100D4A0E4901F0D4FE4CB10D4B1B78DB064D
S21401532005D528461FF0FCFC20461DF04EFF094B14
S214015330186803B0BDE83040FFF7D4BF3C5F0020DB
S2140153403042002029F8030057F8030016D0030066
S2140153502A5F002024680020FF2101481DF070BB51
S2140153603042002070B51A4E054633780C466BB3B2
S2140153700020184A184901F0BDFE032C01D0652C07
S21401538020D11649002001F0B5FE2246002014491E
S21401539001F096FE0020134901F0ACFE01232946D8
S2140153A00822002001F0F0FD00200F4901F088FEE0
S2140153B0032C88BF0023204688BF3370BDE87040A9
S2140153C0FCF7BEB8012CE0D00849DBE770BD00BF92
S2140153D03C5F002057F8030000D403006AF803007E
S2140153E0B7DA030088F803000703040080F8030017
S2140153F0014B1860704700BF246800200021024A54
S2140154000248FAF76DB800BFF5520100304200209D
S214015410054B10B51C782CB90448FF211DF008FB7C
S214015420204610BD0520FCE73C5F002030420020EE
S214015430F8B50024074B084E1D68084FE3B29D429D
S21401544004F1010400D8F8BD394656F823001CF0D3
S214015450AEFCF3E76C74040070740400F06800207E
S21401546010B5044C23780BB11FF070FC0123237098
S21401547010BD00BF496C00202DE9F743254B0D46B2
S21401548016460446019350B14AB1042301AA12F804
S214015490011BA94235D0013B13F0FF03F7D12120B0
S2140154A003B0BDE8F08317F8010F90FAA0F0000EE4
S2140154B01CF0B9FE014608EB07039945F3DCCAB2B6
S2140154C0C1F30F2392FAA2F293FAA3F3120E1B0E64
S2140154D003EB0223DB43621912F8020C99B2DBB22A
S2140154E098420CD112F8013CB3EB112F07D132468A
S2140154F02146284603B0BDE8F0431FF08FBB2320AA
S214015500CEE74FF6FF71671EA5F10209C4F1010847
S214015510D1E700BF080A0E12014B1870704700BF92
S2140155203D5F0020024B1A6818608260704700BF1A
S21401553028680020024B186800B14068704700BF19
S2140155402868002070B5044600250A4B1B687BB10D
S21401555000211E8807E05A6802EB0110013145B9A7
S214015560021B554255418AB29642F4D89B68EEE733
S214015570184670BD286800202DE9F04F1E4600230E
S21401558093B0022E074688461446DDF870909DF8C3
S21401559074A0ADF81A3040F2C08099F800305A076E
S2140155A029D5042E40F2B98099F804B000255F4B46
S2140155B033F83520002A00F0B68001350A2DF7D1E0
S2140155C0209B002B40F0AD80FF250023207908AA00
S2140155D00DF119018DF819301EF05AFF70B1BDF8A2
S2140155E02C309DF8190023801EF0D4FF0790C0B11F
S2140155F013B0BDE8F08F99F802B0D7E720791EF016
S21401560078FC0B28059000F28A8020791EF0D3FFE3
S21401561007900028ECD1464A059B02EB03135B88F2
S21401562023804FF6FF73002F08BF43466288002190
S214015630CDE9002358465246238802F0FDFD18B1F5
S214015640E38843F02003E380209B07A90DA8CDE95A
S2140156500D34CDF83C90ADF84080ADF842608DF841
S21401566044708DF845A01EF026FF08B10798BFE7E5
S214015670484602F025FDA01D02F010FD22464146D7
S21401568038461FF05BF8B04227D3E3882246C3F3BF
S2140156900E03E3809DF87C3041460393BDF87830D5
S2140156A0384602930DF11A03CDE90093F3B21EF0CA
S2140156B093F9209B079003B3F8B9BDF81A2042B1BD
S2140156C0092D06D81B4B03EBC5018A80209A43F8A7
S2140156D035201120FAF7CCFB1CE0BAF1000F0AD1F5
S2140156E00DF11A03CDE9006322464B464146384682
S2140156F0FAF7D2FFDDE73820DBE7052807D1E38894
S214015700DB0607D5002301200793FFF705FF079B5C
S214015710002BDED01EF043FFA8E7012068E721201A
S21401572066E71C2064E7EDB24FE700BF5842002051
S214015730C4420020544200204FF6FF72024B1A80EA
S2140157405A809A80704700BFB858002010B5044CA4
S2140157502379FF2B02D11FF027FB2071207910BD82
S214015760B858002010B50C4C2379FF2B08D1002027
S2140157701EF010FF20B91FF017FB20711EF00FFF5F
S2140157802079022805D00438012894BF0020012082
S21401579010BD0020FCE700BFB85800204FF6FF738D
S2140157A010B5044C22889A4202D11FF0F3FA2080E9
S2140157B0208810BDB858002010B5FFF7BDFF40F691
S2140157C01D439842044607D8B0F5416F05D2182804
S2140157D026D8152848D829D010BDA0F541630D2B31
S2140157E0FAD801A252F823F02D5801002D580100D5
S2140157F0D9570100D9570100D9570100D9570100DF
S214015800D9570100D95701007D5801008F58010072
S214015810295801002958010029580100295801007A
S21401582040F606439842D7D11C4920E0FFF7B6FF61
S2140158301B490246002001F043FC152C05D11FF040
S21401584093FABDE810401EF03FBE164B164A1749A4
S214015850B4F5416F08BF1A46002001F031FC1EF076
S21401586032FE1EF031FEECE71628DDD1104900208D
S21401587001F026FCBDE810401EF048BF1EF093F96B
S214015880BDE8104002460B49002001F019BC00207B
S214015890BDE81040084901F013BC00BFE7FF030054
S2140158A094FF0300070304008FFF0300B0FF03000B
S2140158B0D0FF0300FCFF03002400040007B5094ADB
S2140158C00346108831B9084A084903B05DF804EB6D
S2140158D001F010BC0091064A064901F00BFC03B02A
S2140158E05DF804FBD058002013CB030044000400ED
S2140158F0B7CB030016D003000D4B37B51B68044623
S21401590093B11D780389012D08BF02250093C37A40
S214015910084A0020084901F0D3FB2146284603B077
S214015920BDE830401FF0F8B9022003B030BD00BF1B
S21401593090430020B900040068000400002010B560
S2140159401EF028FE0D4B1B6863B15A78052A03D852
S21401595062B1052402220AE0FF2AFAD00020084993
S21401596001F0AEFBBDE810401EF019BE144610460D
S2140159701FF02EFA20461FF029FAF3E79043002085
S214015980BE00040013B5134C00201EF003FEFFF703
S214015990D3FE23689BB101A81EF0F8F878B92368F6
S2140159A01A789DF804309A4209D0D91E032906D9DF
S2140159B0D11E012903D9012A07D1022B05D10323C0
S2140159C001A8ADF804301FF0ADF902B0BDE81040F3
S2140159D01EF0E5BD9043002000231946034A01331B
S2140159E00A2B918042F8081BF9D1704754420020D7
S2140159F07FB50E4605461FF097F92A46044603462C
S214015A000D49002001F05CFB96B10C4B36211A883B
S214015A109B78ADF80C208DF80E30032300220093FE
S214015A204FF6FC7003AB8DF80D501FF0D1F804460D
S214015A30204604B070BD00BFDF000400A458040077
S214015A40FF2810B50C4604D10020044901F038FBAC
S214015A50FE202146BDE81040FFF7CABFF80004004B
S214015A60F8B51E460B8807460C461546002B64D132
S214015A704A88B1F9021000200029B8BF6B78304976
S214015A8001F01EFB6288132A1DD002F5FF437F3307
S214015A909BB2052B23D8A2F50042013A052A1ED84F
S214015AA0DFE802F0193F1D033C09264A264900207B
S214015AB001F006FB13E0254A2349002001F01AFBFA
S214015AC02A792349F3E7022E94BF4FF6FF72B5F801
S214015AD001202049EBE700201F4901F0F1FA334687
S214015AE02A462146384620F069F870B933462A46D8
S214015AF02146384620F064F848F2210362889A422B
S214015B0003D1384669781EF0CCFC6388B3F5004FA4
S214015B1002D90820FAF7C6F90120F8BD2A790F49FB
S214015B20C5E70F4A0849002001F0E4FA032E94BFA6
S214015B304FF6FF726A880B49B9E70020EDE700BF10
S214015B40330104005B0104006201040073010400D8
S214015B5079010400870104009F010400B9010400D3
S214015B60DB010400E00104002DE9F04116888AB04B
S214015B70DFF88C80ADF80E300DF10E03C8F800206A
S214015B8015460093324610AB07460C46FAF716FE4A
S214015B9090BB109B8DF824000693BDF80E3004A828
S214015BA0ADF81C30AB898DF81070ADF820306B89DC
S214015BB00594ADF81E60ADF822301EF07AFCD8B917
S214015BC021463046BDF80E30109A01F0C9FF98B94B
S214015BD021463046BDF80E30109AFFF741FF58B9FE
S214015BE0CDE9006039462046BDF80E30109A02F025
S214015BF049FB08B9C8F800000AB0BDE8F08100BF4B
S214015C0050420020F0B585B004AB03E90300002341
S214015C101C469DF80D609DF80E70154AD9B202EB30
S214015C20C1004568EDB99DF80C30284600939DF8F3
S214015C300A209DF80B300F4901F05CFA26B1324676
S214015C4028460D4901F056FA0C4A0020002C18BFD0
S214015C502246BDF808300A4905B0BDE8F04001F01B
S214015C602FBA12F831100133B94208BF2C46D5E7D6
S214015C704C580400F20104000302040082CA030027
S214015C80070204004FF6FF7310B5084C88B062880F
S214015C909A4207D102A90DF107001DF075FFBDF864
S214015CA010306380608808B010BD00BFB85800206F
S214015CB02DE9F04F85B0894692461C460746BDF849
S214015CC03850BDF83C80109E002833D00346464A23
S214015CD00020464901F00EFA2388002B76D040F2C8
S214015CE00912934274D0424A4249B3F5827F08BFF3
S214015CF00A46CDF804806188002000913E4901F0F3
S214015D00F9F9238893B1B8F1020F0FD933783B49DB
S214015D1013F0010F3A4A18BF0A4659074FF0000020
S214015D204CBF3379B378374901F0E4F9002036499E
S214015D3001F0C6F90023354931F83320AA4249D18A
S214015D40334A52F833B0002331F83300DA00A84260
S214015D5046D100202E490A44908041F8330047B9C5
S214015D60238833B9B4F90230002B02DB0820FAF796
S214015D707FF80120FAF796F89EB13578EB0710D533
S214015D8015F0040004D04246012130461EF0ECFB1B
S214015D90CDE90170434622465146484600961EF01C
S214015DA005F9BBF1000F06D0434622465146484648
S214015DB0CDE90067D8474346224651464846CDE9D5
S214015DC000671DF0B9FD05B0BDE8F08F114A90E7F8
S214015DD0114A8EE701330A2BAED14FF0000BB2E722
S214015DE001330A2BB0D1BAE7BFC103002E0204006B
S214015DF083CA03001C0204003C0204001F020400C4
S214015E00270204006D020400070304005842002024
S214015E105442002015020400190204000D4BF0B58F
S214015E204FF00C0C1F88054600230B4EDCB2BC421B
S214015E3001D30020F0BD0CFB04F43019345DAC42F4
S214015E4005D144888C4202D104799442F2D00133C0
S214015E50ECE700BFEA6B00203868002073B5012626
S214015E602B4D2C4C2A462046FF2300210096F9F79D
S214015E7001FB2A462046FF2300210096F9F7FAFA8D
S214015E802A462046FF2300210096F9F7F3FA2A4610
S214015E902046FF2300210096F9F7ECFA2A46204611
S214015EA0FF2300210096F9F7E5FA2A462046FF234C
S214015EB000210096F9F7DEFA2A462046FF23002144
S214015EC00096F9F7D7FA2A462046FF2300210096C6
S214015ED0F9F7D0FA2A462046FF2300210096F9F763
S214015EE0C9FA2A462046FF2300210096F9F7C2FA8E
S214015EF02A462046FF2300210096F9F7BBFAFF2326
S214015F002A46002120460096F9F7B4FA02B070BD81
S214015F1067320300A44200202DE9F84300244FF025
S214015F200C090C4B0C4F1E78DFF830803A88E5B22E
S214015F30954202D33046BDE8F88309FB0585FF216B
S214015F40A8681CF08BFD18B9AB799E4238BF1E4677
S214015F500134EBE73E5F0020EA6B00203868002042
S214015F60014B1878704700BF3E5F0020014B187048
S214015F70704700BF3E5F0020F8B506460C461EF08F
S214015F8085FA0546C8B930461DF0B3FF0B2815D86B
S214015F900B4B03EB00131F7B87B95A880121228024
S214015FA09A88304662809B79237100F037FA394629
S214015FB06071304600F032FAA07101252846F8BD1E
S214015FC0C442002070B504460E4615461DF091FFEA
S214015FD00B2802D94FF6FF7070BD094B03EB001377
S214015FE01A7B002AF6D146B901222946204600F03E
S214015FF03DFA0028EED00088EEE7012EEAD1F4E75C
S214016000C4420020FF2313B50DF1070104468DF8A5
S21401601007301EF039FA18B19DF8070002B010BD1E
S214016020074B03EB04131B7B0BB1FF20F6E720465F
S21401603000F03AF90028F8D0204600F0E9F9EDE73B
S214016040C442002013B5F6F70BFA0446F6F70EFA2B
S214016050224603461249002001F032F800F084FF80
S214016060FFF7BAFC00F0A6F80221084602F046FD4A
S214016070FFF764FC41F249001EF0BCFE4FF0FF132F
S2140160800093FF2368468DF804301EF099FE4FF406
S21401609000401EF077FE00201EF094FE02B010BDF8
S2140160A0BC02040038B505461EF010FA90B9284621
S2140160B01EF0BCFD044628B140F60443984214BFC6
S2140160C088248D2423462A460020034900F0F8FF41
S2140160D0204638BD8D24FBE7D40204002DE9FF4796
S2140160E005460E4617469846BDF83090DDF834A0B2
S2140160F0BDF83840CDF80090CDE9014AE4B2FFF78B
S214016100D7FD43463A4631462846CDE90094CDF8B8
S21401611008A01FF01CFDFF21034B044A044804B0ED
S214016120BDE8F04700F01ABEC4580020C058002051
S21401613016610020044B01461888102240F04040AA
S21401614040F48010F6F79CBFA2550400024B186875
S2140161505968FFF757BD00BF529904000123064A4C
S214016160D15C814202D1054AD05C704702335F2B75
S214016170F6D10020704700BFA6580400A7580400B7
S21401618070B500220446094B1D78094BD0B28542F2
S21401619001D8FF2070BD1E78A64204D10029F9D08F
S2140161A05E7BF607F6D401321033EFE73F5F00203F
S2140161B0C44200202DE9F04198B06B46304A106881
S2140161C0516803C390680CAA18602E4B14469C466F
S2140161D003F11806154618685968083303C5B34213
S2140161E02A46F7D112AA1746274B03F11806154679
S2140161F018685968083303C5B3422A46F7D1234ABB
S21401620003AB106851684FF0010E03C390687168C4
S2140162101860DCF83000002206AB03C30C21EC4604
S214016220B068CDE909221860194BDFF86C80197047
S214016230184B0DEB01060B9206AD09A91CF8010BD4
S2140162400132187034F8020B0C2A588037F8020B0A
S21401625083F80DE0988016F8010B03F1100303F89C
S2140162600A0C15F8010B08EBC00043F8080C11F8EE
S214016270010B03F8040CE1D118B0BDE8F08100BFB2
S214016280EE020400165C04002E5C0400FB0204000F
S2140162903F5F0020C442002010590400014B1878CB
S2140162A0704700BF3F5F0020034B03EB0013587B92
S2140162B000F00100704700BFC4420020F0B504465C
S2140162C00846D9B100220E4B11461F780D4B1D46CC
S2140162D0D6B2B74201D8002010E01E78A64206D0FA
S2140162E09E68F688314489B201321033F0E75E7B4E
S2140162F0F607F9D505EB02150180A868F0BD00BFC9
S2140163003F5F0020C44200202DE9F34789469046AE
S2140163101D46074618B9002002B0BDE8F0870029DF
S214016320F9D0002AF7D0002BF5D0002400780DF123
S2140163300601ADF80640FFF7C1FF0028EBD039464D
S2140163400DF10602BDF806601DF0C8FC07460028E0
S214016350E1D00DF10602BDF806A01DF0E6FC00280E
S214016360D9D0C9F80070C8F80000037913F02002EC
S21401637019D1DB0614D4BDF806300C4A564413FA7C
S21401638086F612FA86F20BE01A790C33920642BFB1
S21401639013F8092C891889B29842F5D8044A0A4498
S2140163A001202A60B8E72146024BF5E7626000202B
S2140163B0405F0020505B040008B50021FFF7E0FEB7
S2140163C0FF2817BF044B084603EB0013587B18BF82
S2140163D000F0010008BD00BFC44200202DE9F041D5
S2140163E00D4616461F461DF084FD0B280AD8074C9D
S2140163F03B4604EB001032462946BDE8F041806872
S2140164001DF044BD0020BDE8F08100BFC44200205D
S214016410014B0001185C7047C442002070B50C4661
S2140164201DF067FD0B281BD80F4B03EB00139A6872
S214016430C2B10023142618461579D9B28D4200D868
S21401644070BD116806FB0311097B34B911F0800F8A
S2140164501CBF0130C0B20133EFE711F0400FF7E780
S2140164600020EDE71046EBE7C4420020F8B50D46E4
S21401647016461DF03EFD0B280BD80F4B4FF0140CA3
S21401648003EB00139A6800231C461779D9B28F4292
S21401649001D80020F8BD10680CFB0300017B46B94B
S2140164A011F0800F03D0AC42F4D00134E4B20133D2
S2140164B0ECE711F0400FF5E7C44200202DE9F04F5C
S2140164C0064600243A4B87B01B783A4F0093009B50
S2140164D09C4207D2FF2E08D030461DF00AFD0B283D
S2140164E0044606D907B0BDE8F08F07EB04131B7B03
S2140164F02BBB23014FF00008019307EB041A14E0AD
S21401650014221B6802FB05352B89B3F5967F01D94A
S21401651024F0C6FA4FF000094FF00C0B29891FFA38
S21401652089F291420ED808F10108019B5FFA88F5BD
S214016530FB189B681A79AA42E2D8FF2ED2D1013401
S214016540E4B2C4E71FFA89F00BFB00F06B68191878
S2140165500A7912F0100F23D19AF800E012F0400FDA
S2140165608DF80CE0B5F800E0185AADF80EE00CBF57
S2140165704FF0400E4FF0800EADF8120028468DF811
S21401658010E01DF077FB5307ADF81400C8780AD564
S2140165900228896800D90968002203A81DF046FC74
S2140165A009F10109BAE702288CBF89680831F3E7C7
S2140165B03F5F0020C4420020052370B5094A0688C3
S2140165C01488B44208D19578047B2C403F2C03D91B
S2140165D00D4201D0506870BD013B02F10802EFD1B7
S2140165E01846F8E7C05B040070B50024074D084E56
S2140165F02B78E0B2834200D870BD06EB0010437BD7
S214016600DB0701D51DF054FD0134F1E73F5F0020A3
S214016610C4420020F8B50C4600210546FFF7B0FD40
S214016620FF2829D0154A060102EB00135B7B03F015
S21401663001016CB143F001031644A142737305D006
S214016640C4B100B202EB00101DF032FD0120F8BD0E
S2140166502346F1E77B4311682846CA18127BC95ABC
S214016660D2091DF091F90134B268E3B21179994269
S214016670F0D8EBE71427F7E70846E8E7C44200201E
S214016680F0B59446497D20B339B3012918BF0421DA
S21401669000254FF6FF702F462A46144E348864456F
S2140166A011D196F803E01EEA010F0CD0B4789C4293
S2140166B009D30AB1BC4206D81EF0100F03D08AB126
S2140166C0BC420CD370B90135072D06F10406E5D19D
S2140166D0F0BD002908BF0821D8E70221D8E72746E0
S2140166E00020F0E727460122FAE700BFA45B04007A
S2140166F02DE9F04F0A9FBDF824E09DF82C809DF807
S21401670030904C7D78B394B3012C18BF0424002537
S214016710194800F11C0C068896421ED190F803B069
S2140167201BEA040F19D08678464516D31BF0100FC6
S21401673091F80FA004D0BAF1000F0ED0B1F810A056
S214016740BAF1000F09D1A94513D0AE4511D95E554E
S2140167503E88013501363E80ADB204306045DAD15F
S2140167600120BDE8F08F002C08BF0824CDE70224E5
S214016770CDE70020F5E700BFA45B04002DE9F04F4C
S2140167800024B1F57C4F0E4638BF4FF0010BA246F0
S214016790A1464FF6FF781F4628BF274B85B028BF76
S2140167A0B3F800B0009001925C4503D3404605B0B3
S2140167B0BDE8F08FB6F57C4F0CD3204B3A4603EB81
S2140167C0840331465B880098FFF708FE054680B3D0
S2140167D000232AE03A46314600981DF0BAFBF5E759
S2140167E00C229CB254436A680199105B02EB040CBC
S2140167F0884219D3B9F1000F01D0504514D861462B
S2140168002846CDE902321DF035FA029B60B1039AA3
S214016810125BB9F1000F03D0524501D3804503D96D
S214016820924680464FF0010901332A899CB2A24262
S214016830D6D80134A4B2B7E70659040008590400B3
S2140168402DE9F04F91461A4600238BB08DF8202093
S214016850BDF850208DF81C00ADF81E10ADF82420B0
S21401686005460F461A4604A907A8159C9DF85860C8
S2140168709DF85CA09DF860B09DF864800493ADF827
S21401688022901DF07FFA049850B92B46CDE9007985
S214016890644A654900F014FC86200BB0BDE8F08F11
S2140168A0BAF1000F14D18378B34206D050465D4A40
S2140168B05E4900F005FC8D20EFE7037913F0010334
S2140168C006D11846574A5A4900F0FAFB8820E4E7F1
S2140168D003795B072CD583685A689B6805920693F3
S2140168E080781DF0E3FF049B0546DF782146022FE2
S2140168F003463A4610D805A81DF094FF81462B465C
S2140169003A46214606A81DF08DFFB9F1010F01D0C8
S21401691001300DD18720C0E705981DF083FF0128BF
S214016920F8D02B463A46214606981DF07BFFEFE746
S214016930BBF1000F6FD1049F4FF6FF722146B87866
S2140169401DF036F900286BD0BDF82430C5B200938F
S214016950CDE902549DF82030BDF82220BDF81E1066
S2140169609DF81C0001961DF0A0FD002895D1BDF8EC
S2140169702430CDE902540093BDF822209DF8203042
S214016980BDF81E109DF81C0001961DF06BFB00283B
S21401699083D121469DF8682007A81DF047FA0028F4
S2140169A07FF47BAFB8F1000F07D03B462046BDF819
S2140169B01E209DF81C101DF0DCFABDF82430BDF831
S2140169C02220BDF81E109DF81C000093CDE901643D
S2140169D09DF82030FEF73CFBBDF82430BDF82220A0
S2140169E0BDF81E109DF81C000093CDE902549DF8D9
S2140169F0203001961DF058FDBDF82430BDF8222048
S214016A000093BDF81E109DF820309DF81C001DF067
S214016A1001FB002041E70020064900F051FBF8E7A2
S214016A2001203AE7080304001403040040030400AD
S214016A3054030400680304007FB500258DF8083070
S214016A40BDF820308DF80400ADF80610ADF80A2028
S214016A50ADF80C306946BDF82830099A01A80B9E9E
S214016A6000951DF08FF9044630B916B1009B9B784E
S214016A703370204604B070BD8928FAD128460249F1
S214016A8000F01EFBF5E700BF850304002DE9F04F7B
S214016A904FF0000AC7B0FFF701FC5FFA8AF6B04272
S214016AA002D847B0BDE8F08F5B4B36019A5D0020F7
S214016AB05A4900F005FB0020594900F001FB00236C
S214016AC00593554B9DF8144033449B681A79A242AE
S214016AD002D80AF1010ADEE714224FF000091B680A
S214016AE002FB043422891FFA89F39A4202D8059BD5
S214016AF00133E5E70C231FFA89F803FB08F8D4F8FD
S214016B0004B023F0CDFF0BEB08052B79454913F0B4
S214016B10400F3BF8083022884FF000000093424BAC
S214016B2018BF0B46414900F0E5FA294620461DF0FC
S214016B30A1F8074600283CD13D4900F0DBFA297947
S214016B40DFF814C111F0010F3A4818BF604611F082
S214016B50020FAA78EB7832D1DFF800C111F0100FDE
S214016B60354918BF6146CDE900010020334900F0E0
S214016B70C1FA2B793BF8082013F0400F4FF0000BB9
S214016B804FF0FD030DF118082188CDE9023BCDE950
S214016B90007821480CBF40238023805DFFF74CFF1F
S214016BA086280ED12649002000F08AFA09F101094B
S214016BB098E702462349002000F09CFABFE72249E5
S214016BC0D1E7A8781DF046F8D8B140461DF0D2FCB2
S214016BD0421C92B201234146002000F0D5F9394605
S214016BE0208801F001FA4FF6FF73984207D0174B41
S214016BF0174903EBC0035A68002000F061FA1549F3
S214016C00D1E7A8781DF02CF820B140461DF0B7FC5E
S214016C10821CDEE7EA78DDE7C4420020D7030400E1
S214016C20E5030400AF030400B403040025040400D4
S214016C3068F50300BC030400BF0304003904040024
S214016C4055040400F6080400C7030400905C040021
S214016C5042D4030007030400B9030400CF03040071
S214016C602DE9F04FC7B0BDF844A10646BAF1040FAE
S214016C700D4614461F46BDF840B163D9CDE9013B28
S214016C8000920B4602463049002000F019FAFD2317
S214016C900DF117090DF118083046029322463B46BE
S214016CA02946CDE900B8CDF80C90FFF7C5FE06469B
S214016CB0B8B9FD22414699F800001CF079FF074655
S214016CC0C0B1AAF10403834238BF892620461DF0CD
S214016CD00EFC8EB1304600F01BF9304647B0BDE8D9
S214016CE0F08F009023462A460020184900F0E8F964
S214016CF00027EBE78926E9E7DFF85CA0BA1CBAF8BB
S214016D000030C3F1FF039A4219DA304600F000F969
S214016D1099F8000000F0FCF8BAF800900C483A46E2
S214016D2041464844B94404F0F3FEAAF800902346CD
S214016D302A4630460749009700F0C2F9CDE7892078
S214016D4000F0E6F88926C8E7610404009C04040004
S214016D5016610020C3040400C058002010B5044C7E
S214016D6020600448018004490A60044A136010BD8B
S214016D708C430020BE580020884300208443002016
S214016D8030B587B00AAC0D4654F8041B0093CDE924
S214016D900114134609490246094809880068059402
S214016DA01DF0A7FA4FF48A52064B1B681880064B53
S214016DB01B685D80DA8007B030BD00BFBE5800207A
S214016DC08C430020884300208443002008B410B57B
S214016DD087B009AB0C4653F8041B0092CDE90113AA
S214016DE002460B490B4805930988002300681DF0ED
S214016DF080FA4FF48A52084B1B681880074B1B68B1
S214016E005C80DA8007B0BDE8104001B0704700BF73
S214016E10BE5800208C430020884300208443002075
S214016E20044A034611680448044A0988126800683F
S214016E301CF038BD88430020844300208C4300208A
S214016E40044B054A1B6812681988044B18681CF025
S214016E509CBC00BF884300208C4300208443002054
S214016E6007B5074B1B681B880192064A12680092F9
S214016E70054A12681CF0EAFC03B05DF804FB00BF8B
S214016E80884300208C430020844300201FB514460D
S214016E90064A12681288CDE901430091044B054960
S214016EA01B6809681CF0AEFC04B010BD88430020C6
S214016EB08C43002084430020014B1868704700BFB4
S214016EC084430020024B1B6818715971704700BF3C
S214016ED08443002010B50024084B1C70FEF75EFCAE
S214016EE0074BFF2218802146064804F081FC064B1A
S214016EF01C80064B1C605C609C6010BD20620020FC
S214016F00C258002016610020C0580020C458002036
S214016F1007490B88FE2B9FBF064AD054581C80B2E7
S214016F209DBF088000F1FF3080180020704700BF29
S214016F30C058002016610020F8B5094F0D463B8861
S214016F405C18FE2C0ADC074E0A46A4B20146F0186D
S214016F5004F0A0FC3C80641BA019F8BD0020FCE7EF
S214016F60C058002016610020024B034A00201A6018
S214016F70704700BF904300200C590400014B18785D
S214016F80704700BFC442002030B4044D044C002BAF
S214016F900CBF2B46234630BC1DF015BBAFC2030009
S214016FA09605040070B5054608460C461DF0E2FA43
S214016FB0611C0246024B2846BDE870401DF003BB2B
S214016FC0B50C040000B5037889B0069343783E22D9
S214016FD00593837808490493C3780393037902934E
S214016FE04379019383790093C3790448008800F0BC
S214016FF081F809B05DF804FBF1040400D0580020C4
S214017000024B02460249188800F05AB8D0580020B0
S2140170101BC903002DE9F04705460E461746002416
S214017020DFF84480DFF844A0DFF84490AC4201D199
S214017030BDE8F087B8F8000006EBC4015346082205
S2140170401DF0C1FA0134B8F800003FB9044AA54260
S21401705008BF4A46034900F04DF8E7E74A46F9E714
S214017060070304001AC90300D0580020960504003F
S214017070E3B103002DE9F0410E4E044630881DF0C1
S214017080BAFAA8B100250C4FDFF83080E3070AD51D
S21401709018B94146308800F02DF830882A4639461E
S2140170A000F028F8002001351B2D4FEA5404EDD1DD
S2140170B0BDE8F081D0580020AEF10300390204008B
S2140170C00EB417B505A9044651F8040B019103F057
S2140170D091FA01210220054AF8F7ECFC044B1C80CA
S2140170E003B0BDE8104003B0704700BF07030400BB
S2140170F0D05800200EB417B505A9044651F8040B64
S214017100019103F077FA034B1C8003B0BDE81040F1
S21401711003B07047D058002013B503680446587969
S21401712000F032FF90B923685A88032A0ED0E17C1A
S2140171305B79CDE900211649164AFFF7C1FF012107
S21401714020461DF0F8FA012002B010BD637D012B28
S2140171500AD0637D33B92368228A598858791CF08E
S214017160D4FE48B9C3200AE02368228A5988587990
S2140171701CF0D4FE0028ECD020461DF03EFA064B4B
S2140171801B78002BDFD110F5807FDCD0C1B2D7E7AA
S2140171901E0504001605040017620020002970B5BC
S2140171A00F491D460F4B14460CBF6E22792200284C
S2140171B008BF0B4600200C49FFF79CFF0B4E2544E9
S2140171C0AC4205D1BDE8704000200949FFF778BF01
S2140171D03146002014F8012BFFF78CFFF0E700BFC3
S2140171E0570504004D0504006005040094050400DD
S2140171F0EBE803002DE9F04FC27C8BB00592427D8F
S2140172000368002A14BF80224022077D0446856851
S21401721086895879B846B3F80290069200F0B4FE13
S214017220A0B9059B052B05D86FF02D03059A1341D0
S214017230DB070BD5B9F1030F08D0AB490020FFF7E8
S2140172403FFF012120461DF076FA76E0E37B1BB175
S214017250228A002A00F0B781607D0022B0FA80F011
S2140172605B4203F00403DFF88CB2400943EAC00036
S214017270ABF80020FFF74CFEE37B1BB3208A1DF022
S21401728036F98246A07CFFF743FE059A162A00F2DD
S2140172909A81DFE812F019009E016C005600D201B7
S2140172A06C009201D9019A01E001E701EE01390172
S2140172B00202980198019801140258021402700201
S2140172C0390102029A46DDE700204B46874A884983
S2140172D0FFF7F6FE0120FFF71BFE08F10207B74293
S2140172E029D84146324628461DF03EF98046236895
S2140172F042465879BBF800304946C3F1FF039BB2BA
S2140173000193238A0093069B1EF05BFC10B11FFAC3
S21401731087F8E2E7236842465879BBF800304946C9
S214017320C3F1FF039BB20193238A0093069BFFF7E9
S21401733097FC8928EBD11DF0F8F901200BB0BDE8C8
S214017340F08F4FF0000B0420FFF7E2FDF31E0893C9
S214017350089B984552D3BBF1000FECD1E37B94F820
S2140173601480002B0CBF02220422624B1A804FF0BD
S214017370000B0420FFF7CCFD5F4608F1030A5645D3
S21401738040F29D803246414628461DF0EDF805EB59
S21401739008039B78F21EAA44A2EB08020790514606
S2140173A0184692B209931CF003FC0890002879D085
S2140173B02268099B5079CDE901A3238A49460093A7
S2140173C0DDE906321CF023FF82464A460020079B71
S2140173D04949FFF78FFEBAF1000F55D10BF10103B2
S2140173E0504646495FFA83FBFFF76AFE089B08F1A1
S2140173F0030813FA88F81FFA88F8BEE732464146B2
S21401740028461DF0B1F805EB08039F78089B08F1A4
S2140174100301A3EB08022944824692B23846099139
S2140174201CF0C6FB079068B3236809995879029740
S2140174300191238A524600934946069B1CF037FF6A
S2140174400746B8B10BF1010338465FFA83FBFFF735
S2140174505FFD50461DF04BF853464A46002026492C
S214017460FFF72EFE3A4600202549FFF729FE802F1A
S2140174703FF471AF079B08F1030813FA88F81FFA67
S21401748088F865E78027DDE75046FFF741FD079856
S2140174901DF02DF80137524600201949FFB2FFF7BB
S2140174A00FFEA3E78720FFF733FD07981DF01FF8AF
S2140174B00137872212490898FFB2FFF701FE059BA4
S2140174C0052B3FF43AAF002F7FF435AFBBF1000F29
S2140174D005D10C495846FFF7F3FD8021B2E6384640
S2140174E0FFF716FD27E700BF66B90300A1050400F4
S2140174F0EE050400C0580020AB050400EE040400AD
S214017500C7050400D10504000599A84AA84B002028
S214017510152918BF1346CDF80090A64AA649FFF7CD
S214017520CFFD059B0C2B14BF16200D20FFF7F0FC9A
S2140175303246284639461DF017F8059B3D440C2B6C
S2140175400646AD7835D1192D28BF1925E37BB3B191
S2140175504FF6FF73278A9F4211D12068324649466B
S214017560069B4079FFF70AF9B84208D0BAF1000F36
S21401757005D020828AF80000000A8AF8010000205F
S214017580BBF80070FFF7C4FC236832465879059BA8
S2140175904946A3F1150CDCF1000343EB0C03CDE9DE
S2140175A00153238A0093069B1CF0A5FD834BD855F7
S2140175B0C1E6132D28BF1325C8E72046FDF7D0FBEB
S2140175C000287FF4BAAE81213CE62046FDF77CF820
S2140175D0F6E7B9F10A0F05EB0708A6EB070A21D172
S2140175E0DFF8DCB19BF80030E3B1E37BD3B9BAF145
S2140175F0080F17D13246394628461CF0B5FF88B920
S21401760098F8023073B998F80320E22A0AD1324674
S214017610391D284605931CF0A4FF1DF071F8059B43
S2140176208BF80030414648461FFA8AF21EF0CBFA24
S21401763000287FF482AE002104E6F21B484692B28F
S214017640E9191CF04EFFF3E7F21B484692B2E9191E
S2140176501CF00BFFECE7F21B484692B2E9191CF04E
S21401766030FFE5E7F21B484692B2E9191EF0ADFA83
S214017670DEE72368EE5D5879238A0137ED5D0193D5
S214017680069B3246494600932B461CF073FC2A465D
S214017690314648461CF0EBFE4FE605987A1CE95D3C
S2140176A0B31AA0F11606704270410039009018BF57
S2140176B0012148469BB22A441CF0DBFEB8E7059B35
S2140176C0EE5D112B3D446F7838D11220FFF720FC78
S2140176D00025E37BB3B14FF6FF73B4F810809845ED
S2140176E010D133464A4621462846FEF7C9FF404593
S2140176F008D0BAF1000F05D020828AF80000000AEF
S2140177008AF80100BBF80080DFF8B0A0C8F1FE02DD
S21401771092B208F10103009253444A462146284694
S214017720CDE90267CDF804B0FEF7E2FFBBF8003002
S2140177300AF808000133ABF80030FCE51420FFF727
S214017740E7FB0125C5E77B1C9E422CD3EF5D1D445C
S214017750003F18BF0127F31A9EB233462A46394620
S2140177600020FFF71BFD00962B463A464846218A25
S2140177701CF083FE5CE77B1C9E4214D3EF5DF61A79
S214017780003F18BF01271D44B6B233462A46394684
S2140177900120FFF703FD00962B463A464846218A0C
S2140177A01CF069FE44E70020C8E500BF070304009B
S2140177B09C050400E2050400EC05040016610020A7
S2140177C01562002038B54FF6FB750446A9424FF006
S2140177D001019DF8100098BF43F4004321702381F6
S2140177E06260A07202230020084A0949FFF768FC7C
S2140177F0E07A084B40F6CA0203EB4010FF211BF06B
S2140178000EF9BDE838400420F8F732BBFC05040049
S21401781007060400D443002030B5054685B028B9D4
S2140178201D4905B0BDE83040FFF74ABC0024007B87
S2140178301CF0B0FE2046194A19492C70FFF740FC8F
S214017840184BE87AFF2103EB40101BF0F9F82046AD
S214017850154B02019A5C22B901300428F9D1F8F7D8
S21401786021FB696899B1B5F908302A899B1303F0A1
S21401787002038DF80430C2F30E03ADF806304FF65E
S214017880FF73ADF80830002301A80393884705B0BD
S214017890BDE830401CF083BE32060400FC0504003F
S2140178A064060400D443002094430020094803786A
S2140178B073B91946084AD3720133042B1173117038
S2140178C051601181917202F11002F4D1012303700B
S2140178D0704700BF166200209443002008B5FFF7EA
S2140178E0E5FF002305491A018A5C01EB03101AB172
S2140178F00133042BF7D1002008BD00BF94430020BC
S21401790070B50D460646FFF7D1FF0023094800EB88
S2140179100514A17AB14205D1217819B12B4400EBA7
S214017920031070BD0133042B04F11004F1D10020C3
S214017930F7E700BF9443002010B50446FFF7B6FFF3
S2140179400E4B9C4212D003F12002944210D003F158
S214017950400294420ED060339C420DD10323084866
S21401796000EB0310BDE81040FFF756BF0023F6E713
S2140179700123F4E70223F2E70020F3E7D4430020D3
S2140179809443002070B50024064D074E2846324623
S21401799000210134F7F7A4FD042C05F12005F5D1EB
S2140179A070BD00BFD4430020397901002DE9F341B1
S2140179B005460C4617469846FFF790FF064640B91F
S2140179C01C4A1D49FFF77CFB0224204602B0BDE895
S2140179D0F0814FF6FB739D420AD94FF6FD739D4227
S2140179E004D00020134A1549FFF76AFB4FF6FD75D0
S2140179F0434621463A4628461CF06AFE044600F0F5
S214017A002FFE804634B1234600200A4A0C49FFF770
S214017A1057FBDAE73B462046064A0A49FFF750FB82
S214017A20062329463046089ACDF80080FFF7CAFE9D
S214017A30CBE700BFFC050400710604009B060400AA
S214017A40D0060400F9060400F7B506460C461746AC
S214017A50FFF744FF054638B9104A1149FFF730FBD6
S214017A600224204603B0F0BD21464FF48A52304628
S214017A701CF0F6FF044600F0F3FD34B12346002067
S214017A80064A0849FFF71CFBEBE7009004233A4639
S214017A9031462846FFF796FEE3E700BFFC050400E3
S214017AA07106040021070400F7B506460F46FFF7E6
S214017AB015FF054638B9104A1049FFF701FB0224A5
S214017AC0204603B0F0BD00224023114630461DF08B
S214017AD08BF904461DF086F934B123460020064A88
S214017AE00749FFF7EDFAEBE7009001233A463146E6
S214017AF02846FFF767FEE3E7FC050400710604006D
S214017B005407040073B504460E46FFF7E7FE054624
S214017B1038B9104A1049FFF7D3FA0224204602B0BA
S214017B2070BD0022204611461DF060F904461DF086
S214017B3059F934B123460020064A0849FFF7C0FA2E
S214017B40ECE70090234632464FF6FC712846FFF7D5
S214017B5039FEE3E7FC050400710604008207040011
S214017B602DE9F0418846107800219EB014461D4646
S214017B70FFF7C6FE0646002800F0FD800778002FB6
S214017B807BD0B8F80010002940F0F5800389B8F8DA
S214017B90022043F40040824240F0ED8061780029E3
S214017BA06BD1A2F50042062A00F2E580DFE812F06A
S214017BB0A100A100E300E3000700B8006900E38824
S214017BC00D3DADF82430238915F00105ADF82630BA
S214017BD063798DF82830E37A03F1060214F812204F
S214017BE08DF814308DF81C2042D10BA98E460691D3
S214017BF004F10C005FFA85FC9C4500F1020009D2F5
S214017C0010F8018C10F802CC01350CEB082C2EF87C
S214017C1002CBEFE701EB43011A440891D2B25900B7
S214017C2001F10D009A42C0B20BD025186D78205C88
S214017C307831694400EB0520013321F84C0CDBB2A6
S214017C40EDE7B6F908203389002AACBF01220322EA
S214017C50C3F30E038DF808206288ADF80A3005AB31
S214017C60ADF80C20049302A930461CF01CFD04E07C
S214017C70424A43490020FFF723FA38461EB0BDE8C2
S214017C80F081042D02D83D4A3E49F3E72379053DAC
S214017C90ADB29D42B4F8028002D0384A3A49E9E7CB
S214017CA03A4A3B4B0020002D08BF13463949334A58
S214017CB0CDF80080FFF704FA05348DF81450B6F9B4
S214017CC00830069485B1002BACBF012303238DF841
S214017CD02C303389ADF83080C3F30E03ADF82E3067
S214017CE005AB0D930BA9BFE7002BACBF06230523FD
S214017CF0EDE70B2DC7D9D4F80200D4F8061013F41B
S214017D00004F05AA03C20CBF042203228DF82C20C3
S214017D106289C3F30E03ADF83020ADF82E30DFE7ED
S214017D20042DB0D96388ADF8303023790533DBB242
S214017D309D4206D00020114A17490095FFF7C0F969
S214017D409BE70E4A00201549FFF7BAF9B6F9082055
S214017D503389002AACBF01220322C3F30E03ADF818
S214017D602E3005AB0D93631D069323798DF82C20D9
S214017D708DF81430B6E700277FE700BFFC05040046
S214017D80AF070400D7070400EB0704002BC103006C
S214017D9007030400120804002F08040070080400FA
S214017DA0304BF0B5B0FBF3F24FF4616503FB120004
S214017DB0B0FBF5F3DCB205FB13033C25B3FBF5F38F
S214017DC0DBB2A0EB04104B71C3EB0313A0EB8300F3
S214017DD04FF4FA630B8040F201134B8001230C71C0
S214017DE01F4600246425204E8871944200D1F0BDC0
S214017DF091F802C013B1BCF1020F2BD006EB0C00B8
S214017E0010F801ECC87870450BBF012001300CF169
S214017E10010CC0B208BF81F802C0C87088780D286E
S214017E2016D10B888F7001339BB298070B8014D143
S214017E30B3FBF5F005FB103080B280B94FF4C87083
S214017E40B3FBF0FC00FB1C339BB2B3FA83F35B0974
S214017E500134CAE74FF01D0ED4E70023F8E70123EB
S214017E60F6E700BF80510100525C040010B50446DD
S214017E7088B006A9FFF794FF9DF81E300A480393C1
S214017E809DF81D30049402939DF81C309DF81A202D
S214017E900193BDF818300549009300889DF81B3002
S214017EA0FFF70EF908B010BDD0580020890804006D
S214017EB0026808B51188154B198051885980517987
S214017EC01971117959714FF48A51D980D28812F0FB
S214017ED0200F0CBF0A464FF48B528169DA800C4A98
S214017EE0137831B9C0880B4923F002030880137058
S214017EF008BD43F002031370074B152218460131E3
S214017F0003F0C8FC002200F8012CF1E7C458002059
S214017F1020620020C2580020D358002010B5184C0B
S214017F20236858791BF0E5FF0B2822D8154B03EB85
S214017F300010027B237F9A421BD12368428819884E
S214017F408A4205D04FF6FF70814212D1120410D436
S214017F502279023A012A06D9A37B63B9BDE810400B
S214017F600748FFF747B9198958791BF0F8F8002830
S214017F70F2D1002010BD0248BDE81040FFF7CCB892
S214017F8058440020C442002008B51BF0B2FF0B285D
S214017F9096BF024B0020185C08BD00BF256200207A
S214017FA008B500201CF0F6FAFF201BF0D5FF1CF0E8
S214017FB0F6FA1CF09DF9FEF771F901210246064812
S214017FC003F016FC054BFF21054A0648FEF7C6FEE0
S214017FD0BDE80840FEF708BB25620020C458002013
S214017FE0C058002016610020F0B5002204464FF666
S214017FF0FF750B4F90B237F830600346AE4201D1A1
S2140180002846F0BDA64209D1B4F57C4FF9D307EB5B
S214018010C3035B888B42F4D00029F2D00132E9E732
S214018020905C040010B50446FFF7DEFF094A0346DC
S21401803010884FF6FF72934214BF074A2246BDE8E6
S214018040104017BF02EBC30304495A680449FFF7FF
S21401805051B800BFD0580020905C0400AC08040062
S21401806042D40300034B18780130C0B2187000F0F8
S2140180707F0070474B6C0020044A137818B143F018
S21401808001031370704703F0FE03FAE72062002035
S214018090014B1870704700BF2362002038B1074BB0
S2140180A01B78012B04D1038843F0400303807047FB
S2140180B0022BFCD1038823F04003F7E7236200205C
S2140180C068B1074A1378012B07D1064B1B7813704A
S2140180D0037843F01003037001E0022BF8D07047D9
S2140180E022620020216200207FB50121264B274E07
S2140180F0197033780246D90744D42549096881B1F5
S2140181000868C1888D0641BF224CE18841F02001F4
S214018110E180C1884C0641BF1E48C18841F040013C
S214018120C1801D4D1D492878097840074CBFE9706C
S21401813069701B4913F00204098809D0164A1948C8
S2140181401CF0ABF9337823F00203337004B070BD32
S214018150154B18884FF6FB73984208D80B46CDE9A5
S214018160005201460B4A20461BF070FBEEE74FF625
S214018170FF73CDE9014200930A46074B05491BF000
S21401818041FBE3E70020E1E71762002020620020C0
S21401819054440020C4580020166100204C6C002076
S2140181A0C0580020D2580020C258002070B503796C
S2140181B00446012B0D46164631D883681B78DB062C
S2140181C000D561B3A37B13B9E37C0B2B27D0002228
S2140181D0144B1A80637DB3FA83F35B09D800E37B03
S2140181E0ABB9FEF795FEA07CFEF792FE0B20FEF7DC
S2140181F08FFEE07CFEF78CFE2846FEF789FE2046C1
S214018200FFF756FE3046BDE87040FFF76DBF40F001
S2140182100400FEF77DFE208A1CF069F9E3E70020E2
S21401822070BD00BFC0580020024B0A4601461868C0
S214018230FFF7BCBF54440020F0B4054618460F4B68
S2140182400C461B78BDF81010012B0D4E01D0377867
S21401825027B1002333700020F0BC70470CB9002A08
S214018260F9D143B14FF65743994204D02B462246E3
S214018270F0BC1CF0F8B80120EEE700BF4D6C002002
S214018280246200202DE9F04F684C4FF0000A254685
S2140182908446964698460F46654B664E83F800A080
S2140182A00FCE0FC596E80F0085B085E80F00DDF804
S2140182B03C90BDF8383072460093394643466046D6
S2140182C0CDE9019400F0DCF8DFF89081064670B93C
S2140182D00025FEF7FFFD16220021574803F088FA15
S2140182E000232846C8F8003005B0BDE8F08F534B90
S2140182F0A27CC8F800401A70514B1B78002B36D070
S2140183001CF000FA4F4902465046FEF7F3FE22687B
S2140183105046537952884C490092A289FEF7EAFEEC
S21401832050461CF068F920B12368218A5888FFF767
S21401833079FEE37B23B10020228A4449FEF7DAFE68
S214018340A36800201A78E37C41490093A37CFEF7DA
S214018350D1FE207DA289A168121A014401230020C2
S21401836092B2FEF711FE00203A49FEF7A9FE2F4809
S214018370FFF79EFD2D481DF01FFC054630BBB9F1E9
S214018380000F25D12168E0880B8801904988BA1E24
S214018390032A00918CBF002201220121E07CFFF715
S2140183A04BFF38B923685B79FF2B3AD0FFF7B6FD50
S2140183B005468EE72368DB889A06F3D40121264C0E
S2140183C01A4821701CF0B7F984F80090354680E70A
S2140183D0B9F814309B07E5D47AE75846FEF718F843
S2140183E082465846FDF760FF88B123685046228AC8
S2140183F059881BF081FD50B13846FFF759FD2368B7
S21401840089F804A083F805A0FFF788FD00B928467F
S21401841005460136FDF742FF5FFA86FB5845DCD874
S21401842057E70026014FDFF83890F3E7584400205D
S21401843017620020705C0400D25800204C6C0020AB
S2140184404A6C0020C5080400CE080400EF080400AA
S214018450FB08040075BA030024620020544400207F
S214018460C45800200023054AD15C814202D31A4435
S214018470507870470233DBB2F6E700BF5E5C04005B
S21401848073B515462E781A4616F0040F0CBF032650
S21401849005269E42089C08D9224A234900960020B8
S2140184A0FEF70EFE002002B070BDBDF81830217137
S2140184B02060E380A560A2812B7803F00103A373FB
S2140184C02B7803F00403002B14BF01210021E17374
S2140184D02978C1F3C00161754FF00101217518D0EB
S2140184E028461CF041F8237D208202332375227D25
S2140184F0531CDBB22375A95C0232D2B2A174227579
S214018500EB5CE374A3899A4205D900920749054AB0
S214018510C5E72382EBE7079B0120A36100232377AE
S214018520C1E700BFBFC103003E0904005A090400A9
S2140185302DE9F7430024204FDFF89C80DFF89C905C
S214018540E0B21CF08DFBFF2805460FD12346012122
S21401855002201A4AF7F7AEFA194B0134187819F0C7
S21401856060FE152CECD103B0BDE8F08346B238EAC4
S214018570260328BF4B4601210093022057F82430DA
S214018580104AF7F797FA002EE6DA0923E340DB07ED
S2140185900AD50D4A0D4B15F0010F18BF1A460121D9
S2140185A00220F7F787FAD7E70A2CD5D1084A094BF4
S2140185B015F0010FF1E700BFA85C0400B309040041
S2140185C04E6C0020DB0904008C09040076090400C7
S2140185D0A80904009E0904002BC103000703040038
S2140185E008B554220021024803F002F9002008BD14
S2140185F0C059002008B55422FF21024803F0F8F8BC
S214018600002008BD6C590020024B23F810100020F2
S214018610704700BF6C590020002310B4074ADCB233
S214018620A14203D85DF8044BFFF7DABF2A2BF9D035
S21401863032F8024B20F813400133F0E7C05900200E
S214018640002310B5054A994201DD2A2B00D110BD41
S21401865032F8024B20F813400133F4E7C0590020EA
S214018660024B187800F07F00704700BF316200208F
S214018670034B18780130C0B2187000F07F007047C5
S2140186803162002030B51C4600238BB0ADF82220A5
S214018690021D92B2012A0E9DADF82030ADF81E10D3
S2140186A0ADF81C3003D94FF6FF7290420FD100226D
S2140186B0CDE90352CDE90124094B01461B784FF65B
S2140186C0FF70009307AB1CF0EBFA0BB030BD014610
S2140186D0CDE901531846009407AA1CF0FDFAF4E709
S2140186E04F6C002038B505464FF480500C4603F019
S2140186F085FA4FF480532860236030B940F2A51103
S214018700BDE83840014822F0BEB938BDCA0A0400A7
S214018710004870477E5B0020014B1878704700BF09
S214018720686C0020014B1888704700BFF26B002070
S214018730014B1878704700BF616C0020014B187818
S214018740704700BF35620020014B1878704700BFA4
S2140187505C6C0020014B1870704700BF3862002027
S214018760014B1870704700BF37620020014B188814
S214018770704700BFF06B00202DE9F74F4FF000085F
S214018780394B3A4F93F80090394B3A4E3A4D3B4CA1
S2140187903B483C49DFF8F4C0DFF8FCE0DFF810A105
S2140187A0DFF810B10193019B2037203301935FFA64
S2140187B088F3994506F1200605F1200504F1200409
S2140187C000F1200001F120010FD8002211462E4BA6
S2140187D02E4D1C782E4E2F4B2F4FD0B2844203F1D4
S2140187E0200338D803B0BDE8F08F2C4B2C4A47F84D
S2140187F01C3C002346E907232A4A47E9063E45E989
S2140188000723294A46E905E344E90723274A45E9B8
S21401881005E340E90723019A44E905E340E905E356
S21401882041E908CA41E9063E47F820CC47F8103C22
S21401883046F820CC45F820CC44F820CC40F820CC93
S21401884041F8103C08F1010842E908CB42E9063E2E
S21401885042F8103CA7E743E9085643E9061743F8F0
S214018860101C0132B9E700BF6C6C002030480020B4
S2140188703047002010480020F04700209047002095
S2140188807047002050470020666C0020AC56002040
S2140188908DB30200B047002007030400DB7203001B
S2140188A0B3710300C97B0200699502001B4C0300EB
S2140188B03DF90200CD6A0200002208B5074B1A6096
S2140188C05A601CF09CF9064B18701CF098F9054B81
S2140188D01870054B1A78054B1A7008BD4E560020C5
S2140188E073620020726200205A6C002071620020C0
S2140188F0002100B593B008466A460AF0E7F901463A
S214018900C8B90E4B0E4A09930E4B0D920A930E4AA6
S2140189100E4B0E920B930E4A0E4BCDE90F230C9382
S2140189200D4B6A4611930AF087FC003818BF0120E8
S21401893013B05DF804FB0120FAE700BF456D0300A4
S21401894065770200496F0300254C0200494C03007D
S21401895091860200A96F030095730200084B1878F0
S214018960112806D8012809D9064BC34003F0010097
S2140189707047A0F1430358425841704700207047A2
S214018980756200203400020008B5064B1B78013BD7
S214018990022B05D80020FFF7E1FF0138C0B208BD61
S2140189A0FF20FCE776620020044B00F1100250F82D
S2140189B0041B904243F8041BF9D1704777620020EC
S2140189C0044B03F1100253F8041B934240F8041BB6
S2140189D0F9D170477762002030B5002491B0114B71
S2140189E00546214614220BA8CDE9094302F000FFF3
S2140189F0102209ABCDE900440693CDE90452CDE936
S214018A000252094B09490AA819F00AF804460AA8AD
S214018A101CF06FFE1CB1A021054822F034F811B0FD
S214018A2030BD00BF0024800000444004776200206F
S214018A30550B040070B5002490B0154B05460E4644
S214018A40142221460BA8CDE9094302F0D1FE1022DB
S214018A5009ABCDE9004406933146CDE90452CDE990
S214018A6002520C4B0AA818F0DBFF04460AA81CF0B9
S214018A7040FE1CB1BA21084822F005F8099B102BCC
S214018A8003D0BB21044821F0FEFF10B070BD00BF2B
S214018A900024800000444004550B040030B50D4608
S214018AA000218FB0124B0446142209A8CDE9071302
S214018AB002F09EFE102207ABCDE90242CDE900424C
S214018AC0049329460B4B08A818F0ACFF044608A8E7
S214018AD01CF00FFE1CB1D121074821F0D4FF079BE3
S214018AE0102B03D0D221044821F0CDFF0FB030BDAA
S214018AF00024800000444004550B04000022034B70
S214018B001870034B1970034B1A7070478862002067
S214018B1089620020876200202DE9F04FDFF89080FF
S214018B20064698F800300D4685B0002B3AD04FF631
S214018B30FB73984236D84FF0000B1C4FDFF874A039
S214018B403C7898F800305FFA8BF94B459AF80000AC
S214018B5011D9484402AA0DF10601C0B214F00CFB6B
S214018B60082229460DEB020003F08EF90BF1010BEA
S214018B700028E6D14C463B78A34208D198F800205D
S214018B80631CDBB29A423B7004BF00233B70324643
S214018B9029469AF800301C44E0B205B0BDE8F04F13
S214018BA014F0D8BB05B0BDE8F08F00BF8762002087
S214018BB089620020886200202DE9F74F06460D469F
S214018BC014461F464FF0010BDFF8789003F10C0AAC
S214018BD015B903B0BDE8F08F102DA84628BF4FF099
S214018BE010083A46164B5FFA88F152F8040B5245C4
S214018BF043F8040BF9D101919AF8002011481A7034
S214018C00002389F80F4089F800B089F80E30FFF785
S214018C10E3FE324601340B480199E4B212F801CB67
S214018C2010F8013B83EA0C0302F8013C931BDBB20C
S214018C308B42F3D3A5EB080816461FFA88F5C7E75B
S214018C408B6200208A6200202DE9F04F9046914603
S214018C5085B00090981A029383B20193009B0F4649
S214018C60354903F10C0453F8045BA34241F8045B55
S214018C70F9D11B78314E0B7049233370019BF07389
S214018C801B0A3046B373FFF7A7FE0221BB460D460B
S214018C90737888EA030373704FF0000A1DE0C5F18C
S214018CA01004A9EB0A039BB2A4B29C4228BF1C463F
S214018CB000231FFA83FCE8186445C0B21FD8254478
S214018CC0EDB2A344102D54441FFA84FA05D10025B1
S214018CD030460391FFF780FE0399D145DFD807EBB5
S214018CE0080B25B115480391FFF776FE0399012974
S214018CF04FF000050DD00121DDF80490CCE71BF8FC
S214018D0003C016F800E001338CEA0E0C06F800C02A
S214018D10CFE7029B09491F44094B38461C78224677
S214018D2002F0F6FE2A4621463846009B05B0BDE80D
S214018D30F04FFFF741BF00BF8B6200208A62002020
S214018D406D6C002030B540780C4601284FF01103B9
S214018D5087B001F1100516D1144A01A90AF0F4FFF3
S214018D60234601AC224618685968083303C2AB4251
S214018D701446F7D111230D4A002001A90AF0E4FF99
S214018D80002007B030BD0120094A01A90AF0DCFF26
S214018D90234601AC224618685968083303C2AB4221
S214018DA01446F7D11123024AE6E700BF75E4010035
S214018DB079EB010030B50C46407887B001284FF0BA
S214018DC011030DBF0B4A0C4A012001A918BF01A9C6
S214018DD00AF0BAFF234601AA05AD144603CCAC42FD
S214018DE018605960224603F10803F6D1002007B047
S214018DF030BD00BF75E4010079EB010010B50C46EB
S214018E0088B01A230C4A01A901200AF09DFF2146C9
S214018E100DF10E0304F1100251F8040B914243F8D0
S214018E20040BF9D11A230020034A01A90AF08CFF8A
S214018E30002008B010BD00BF24E10100F0B58BB0E2
S214018E4004460D461DF043FFA8B101A812F044F9EF
S214018E5088B1667B271D16F0020F05D0082238461A
S214018E6001A903F011F8D0B901AB46F0020603CB15
S214018E706060796066731A230A4A03A901200AF022
S214018E8063FF29460DF116030DF1260253F8040B74
S214018E90934241F8040BF9D100200BB0F0BD2D2010
S214018EA0FBE700BF24E10100F0B50546071D0022DF
S214018EB00C463846082193B01DF097FE6A7B06469D
S214018EC0D0070BD5687808A91CF044FBDDF83D30C7
S214018ED06B60DDF841307B6080B10BE0910709D50E
S214018EE0D2000121384602F080021CF03EFBFF282A
S214018EF0687002D12D2013B0F0BDD6B1687801A9F3
S214018F001CF0C5FA9DF81C305B0604D54FF4C671FB
S214018F100A4821F0B8FD234603AD07AC2A4603CA2A
S214018F20A24218605960154603F10803F6D10020E5
S214018F30E1E708A91CF00EFBCEE700BFD30B040047
S214018F402DE9F04106468AB01F480F461546002413
S214018F50FFF736FD002C01A914BF4FF05C0C4FF053
S214018F60360C10238846184A12F8010B013B8CEA8E
S214018F70000013F0FF0301F8010BF5D105A81EF060
S214018F806FFC4246102105A81EF06EFCC4B9394696
S214018F90324605A81EF0D0FC2A460DF1140C0DF140
S214018FA0240E634603CB7345106051609C4602F164
S214018FB00802F6D114B10AB0BDE8F0810124C9E770
S214018FC02A461021E5E700BFBA6200202DE9F047E6
S214018FD091460D46C0B09DF82041DDF828811E4619
S214018FE0DFF87CA09DF824310746224649464046D4
S214018FF08AF8003002F08CFD9DB123463246414688
S2140190003846FFF721FEB44207D9A11B3B46012291
S21401901089B208EB0600FFF7CFFD002040B0BDE89F
S214019020F087A11B3B46012289B208EB0600FFF739
S214019030C3FD22464146684602F06AFD324669464D
S21401904038462346FFF700FE9AF800200DEB040190
S21401905009EB040002F018FF0028DED02C20DDE723
S2140190606D6C002038B50346104601F1100451F826
S214019070045BA14242F8045BF9D104491BB1FFF736
S214019080D9FC002038BDFFF709FDFAE7BA620020D7
S21401909030B5054689B069461CF07DF86B8804AC8E
S2140190A0ABB12246294668461CF015F80E4A08ADB3
S2140190B0234603CBAB42106051601C4602F1080206
S2140190C0F6D10948FFF770FC002009B030BD6B46A9
S2140190D0054D1A4603CAA24228606960134605F187
S2140190E00805F6D1EDE700BFBA62002050B10B4B80
S2140190F00B4A03F1100153F8040B8B4242F8040BA0
S214019100F9D17047064B054A03F1100153F8040BD9
S2140191108B4242F8040BF9D1704700BFBA620020B7
S2140191209A62002008B51022024802F0B3FB002024
S21401913008BD00BFAA62002008B5084610220249F1
S21401914002F0A8FB002008BDAA62002010B5044664
S21401915086B001A9114A112301200AF0F5FD9DF8F8
S214019160143001A8E3701EF042FF80F001000C4AA3
S21401917001A96070112301200AF0E6FD9DF8143064
S21401918001A8A3701EF033FF80F00100207010F0DC
S2140191903DFB6060002006B010BD00BF75E4010015
S2140191A079EB010010B5044686B01123134A01205D
S2140191B001A90AF0C9FDA3789DF814209A4207D0A8
S2140191C08DF81430002011230C4A01A90AF0BCFDC9
S2140191D011230B4A012001A90AF0B6FDE3789DF898
S2140191E014209A4207D08DF8143000201123044A27
S2140191F001A90AF0A9FD06B010BD00BF79EB010078
S21401920075E401002DE9F04186B0064603A80C4638
S21401921012F000FF054600284AD1BDF80C3098062A
S21401922046D510222946204602F0E2FA01A811F09E
S21401923053FFC0B1777B06F1040817F0020F06D082
S2140192400822404601A902F01FFE00282ED101ABDC
S21401925047F0020703CB7060C8F8041077732388C1
S21401926043F008032380238843F00203238011F090
S2140192700DFB60601DF02BFD30B10E4B1B68A3602B
S214019280238843F0040323800B4B1A68D1035EBF87
S214019290238843F010032380130203D5238843F465
S2140192A000632380284606B0BDE8F0812D25F9E746
S2140192B02425F7E7604800206448002010B5D0E96F
S2140192C0023253F8223090B01C684022694620468C
S2140192D01CF0B3F9034630B1224600200549FDF7DC
S2140192E0EFFE10B010BD012269460820FDF792FE80
S2140192F0F7E700BF690C040070B500F0B1F800286C
S2140193000CBF6E22792200201349FDF7D9FE00F02A
S214019310A7F8F0B11CF0A5F900280CBF6E2279223F
S21401932000200E49FDF7CCFE082200200C49FDF76F
S214019330C7FE00250B4C0C4E234654F8042C314630
S21401934000200335FDF7BCFE182D04F10C04F3D103
S21401935070BD3F22E4E700BFA10C0400B80C040076
S214019360C80C040088490020E70C040070B51CF006
S2140193705DF9044621490020FDF7A2FE2CB92046DE
S214019380BDE870401E49FDF79BBE00F0BBF80546E0
S2140193901C4B62690020002A08BF1A461A49266833
S2140193A0FDF78EFEA28800201849FDF789FE1849B0
S2140193B0E2880020FDF784FEA388228913F01000BE
S2140193C01ABF002013491449FDF77AFEE26800200F
S2140193D01249FDF775FE226900201149FDF770FE5E
S2140193E0104A114B0020B6F5817F38BF13460F494E
S2140193F02A46BDE87040FDF763BE00BF1C0D0400A1
S214019400290D0400DFDC03004A0D0400680D04008A
S214019410890D0400A60D0400C30D0400E10D04002F
S214019420FF0D0400140D04000A0D04001D0E0400B7
S21401943038B5014600230C25084A05FB03F4A0189D
S2140194401459013404D10C2202F024FA002038BD4C
S2140194500133082BF1D10120F9E700BF8449002030
S214019460034B1878012894BF00200120704700BFE5
S214019470CC62002038B50446044D2878A04203D0BB
S21401948021461CF0B3F82C7038BD00BFCC6200201A
S21401949000B58FB03422002101A802F0A9F901A875
S2140194A0EEF710FB0598D0B182680E4BB2F5803FFF
S2140194B034BF92B2C2F38F2241881A81028828BF34
S2140194C041F010011A6042689980DA80C268DA6059
S2140194D002691A6142695A61027E18461A760FB00D
S2140194E05DF804FB08490020054B1B7820B1012BD1
S2140194F004D80220FFF7BEBF012BFBD8704700BF80
S214019500CC62002010B5084C237853B91CF08EF8B5
S2140195100123237028B10368B3F5817F24BF037E3E
S2140195202370207810BD00BFCB62002070B5184BA9
S2140195301B78012B2BD81CF05CF8164D02461649F9
S2140195400020FDF7BDFD0120FFF7CEFF2E78FF2E90
S2140195501DD1FFF79DFFC8B1848860223146C4F350
S21401956040040E482C7002F043F9602231460C4844
S21401957002F03EF95CB1FFF7C5FF042807D9BDE844
S214019580704040F22B11074821F07DBA287070BD5B
S214019590CC6200206E6C0020400E0400844900203E
S2140195A024490020520E04002DE9F04FDFF8849282
S2140195B08DB003AB07468846144699E8070083E852
S2140195C00700FFF7B3FFFFF79DFF944B06461D7894
S2140195D04B46012D40F07081012840F27281B7FBA5
S2140195E0F0F200FB1272002A00F06B818C49002217
S2140195F08B46D1F800C0BCF1FF3F04D0087A604426
S214019600874200F019810132082A01F10C01F0D1DC
S21401961093E8070006AE0DF1240A86E807008AE8FB
S2140196200700FFF76FFFB7FBF0FB00FB1B7BA0EB10
S2140196300B094A46414606460AA809978DF82C901A
S21401964002F066FA00224FF00C0E764902E0013273
S214019650082A0ED00EFB02F000EB010C0858013070
S214019660F5D19AE807008CE807006F490A780132BD
S2140196700A70A14504DD4FF4E2716C4821F003FA4B
S214019680A41B5C444F44A1B217FA84F4B4FBF6F26F
S21401969006FB1242C8448E1A91B1A41A08EB0601C1
S2140196A007A88DF82020069402F032FA06A8FFF7E4
S2140196B0BFFEFF2804D140F2D9115C4821F0E3F93E
S2140196C0B6B2B6B10320FFF7D5FE802E0AD83246D1
S2140196D04146574802F01CFA3246384654491BF0B8
S2140196E090FF05460220FFF7C5FE28460DB0BDE8EF
S2140196F0F08F0025F9E74FF40E714C4821F0C3F9BD
S214019700464B1B78012B00F0E380002C36D003205B
S214019710FFF7B0FE802C2FD822464146444802F07F
S214019720F7F92246384642491BF06BFF05460220F0
S214019730FFF7A0FEDFF8F09099F8003093B1039C94
S214019740FFF7E0FE374B002798461A68511C04D0F5
S214019750197A411A521A944224D00137082F03F17C
S2140197600C03F2D1002DC0D1039B0133C1D003A855
S214019770FFF75EFE0546B8E70125D8E72546D9E797
S21401978040F26D21294821F07EF9012524E0012DC2
S21401979030D0802E2FD83246254903981BF031FF52
S2140197A0054628E0002DA0D10C247C4308EB0403D9
S2140197B09DF814A093F808B00AEB0B03802BDFDCAE
S2140197C01B4B524604A9184602F0A2F9211D5A461F
S2140197D04144504402F09CF90C2303FB07839DF897
S2140197E014201B7A13449E42D1D040F273210F48B5
S2140197F021F049F901250220FFF73CFE99F80030D7
S21401980013B1013B89F800304FF0FF3308EB040237
S21401981048F80430C2E9013367E700BF6E6C0020E8
S2140198208449002024490020CA620020520E040008
S214019830884800200C5D04004FF00C0A0AFB02B3B6
S214019840187AA6EB00095FFA89F9A14501D35FFAF8
S21401985084F90AFB02FA0AF1040528444A464146FD
S214019860584402F055F90BEB0A031A7AA4EB0904E3
S2140198704A44D2B2B242A4B21A7219D10320019359
S214019880FFF7F8FD32460BEB05015BF80A001BF00B
S214019890B8FE05460220FFF7EDFD4FF0FF32019BB3
S2140198A04BF80A20C3E90122002D7FF41EAFC844FD
S2140198B0002C3FF41EAF4F44104B1B78012B7FF456
S2140198C024AFB7FBF6F306FB1373002B7FF413AF3D
S2140198D0E319B3FBF6F506FB1535002D3FF415AF7E
S2140198E0641B5B1B08EB04012A4604A80393A4B27D
S2140198F002F00EF98DF8145007E700BF6E6C0020D9
S21401990070B5134B1B78012B0CD1FFF70FFE002609
S214019910104D55F8043C013306D10336182E05F1D7
S2140199200C05F6D1002411E00320FFF7A3FD55F83E
S214019930044CFFF7E7FD2946024620461BF061FE70
S21401994004460220FFF796FD002CE6D0204670BDA7
S2140199506E6C00208849002070B505460C46FFF75E
S214019960E5FD0520FFF786FD214628461BF057FE3C
S21401997006460220FFF77EFD00220A4B2C4419689A
S214019980481C08D0A94206D3A1423EBF4FF0FF3182
S214019990C3E9001199600332182A03F10C03EED1D2
S2140199A0304670BD84490020D0E9023253F8223097
S2140199B010B51C68204600F095FA28B12146BDE88E
S2140199C01040024800F002BE10BD00BFD00E0400D9
S2140199D008B5D0E9023253F82230186800F06CF965
S2140199E020B1BDE80840024800F0F0BD08BD00BF48
S2140199F0F20E04002DE9F041D0E9023253F82210AC
S214019A0003EB82035B680F681D789AB0642D04D956
S214019A106421114800F0DAFD64252A46384601A97A
S214019A2000F002F9044698B90C4800F0CFFDDFF8C3
S214019A30348001AE013DA54202DC1AB0BDE8F081DA
S214019A403919404616F8012B00F0C0FD0134F2E743
S214019A50034800F0BBFDF0E7150F0400350F0400C6
S214019A605F0F04004C0F04002DE9F04700252D4F31
S214019A70DFF8E080DFF8E0908CB0284603A900F01C
S214019A80EFF810B10CB0BDE8F087049B2946039AA5
S214019A900093384600F09AFD404600F097FD059980
S214019AA010290CD810290CD8DFE801F00F14320B5E
S214019AB0340B0B0B360B0B0B0B0B0B0B3A00202945
S214019AC02CD0194800F082FD07E0184800F07EFD12
S214019AD00135D2E7164800F079FD0699484600F0B0
S214019AE075FD0799134800F071FD134800F06EFDEF
S214019AF01024DFF868A00DF11F06504616F8011F66
S214019B00013C00F063FD14F0FF04F6D10B48DDE7DD
S214019B100B48E0E70B48DEE70B48DCE70B48DAE7E3
S214019B200B48D8E77A0F04001F100400CF0F04007B
S214019B30DF0F0400451004005D100400E4B10300CB
S214019B40E70F0400EF0F0400F80F040003100400F1
S214019B501A100400BE0F04002E1004006E1004003C
S214019B6010B50B4C8EB023785BB9EDF725FF014697
S214019B7050B9012301A82370EDF7A4FF054B049A01
S214019B801A6020780EB010BD034800F01FFDF8E7FC
S214019B90CD620020C84C00207410040000B58FB0C0
S214019BA0FFF7DEFF002829D001A8EDF78BFF059B04
S214019BB01448198800F00AFD059B13485969134B90
S214019BC0002908BF194600F001FD059B1048598879
S214019BD000F0FCFC059B0F48196900F0F7FC059B9B
S214019BE00D48D96800F0F2FC059B0C48197E00F080
S214019BF0EDFC0B4B0B48196800F0E8FC0FB05DF864
S214019C0004FB00BFB1100400C3100400DFDC030036
S214019C10D5100400E9100400FD1004001111040021
S214019C20C84C00202511040070B5064615460C46A2
S214019C3079B172B1FFF794FF68B121462A463046E2
S214019C40EEF74AF8014618B1044800F0BFFC0120BF
S214019C5070BD2120FCE71120FAE700BF3711040090
S214019C6037B505460C46FFF77BFFE0B1114B1B6885
S214019C70AB421AD9CCB100212422204601F0B8FD0E
S214019C802146284616F088FE88B9284601AA04F11E
S214019C900801EDF7D3FF20B140F20643C01A18BF02
S214019CA0012003B030BD1120FBE72120F9E7012098
S214019CB0F7E700BFC84C0020F0B593B00546FFF7A4
S214019CC04FFF002845D0254B1A68AA4207D82946D7
S214019CD02348013A00F07AFC212013B0F0BD05A814
S214019CE0EDF7F0FE284603A916F056FE98BB049A37
S214019CF022F4FF57C2F30C0327F01F072BB14FF4D2
S214019D0000532946174800F061FC039E7FB120F0FE
S214019D10C7FE30464FF40051EEF76AF83346044664
S214019D2006F5005650B9039BF31ABB42EFD32A46F9
S214019D3039460D4800F04AFC002406E000902A4609
S214019D404FF40051094800F041FC201E18BF0120C5
S214019D50C3E71120C1E70120BFE700BFC84C0020C0
S214019D606511040013120400D212040081120400CB
S214019D7010B5044638B1FFF7F3FE30B10020044BAE
S214019D801B68236010BD2120FCE71120FAE700BF05
S214019D90C84C002010B50446FFF7E2FEB0B10C4BEC
S214019DA01A68A24206D821460A48013A00F00EFC7B
S214019DB0212010BD20F074FE40F2C1222046064943
S214019DC0EDF7FCFE003818BF0120F2E71120F0E79E
S214019DD0C84C002065110400044A002010B5044652
S214019DE0FFF7BEFE70B121460848EDF707FF40F2C7
S214019DF00323984208D040F2012398420CBF052065
S214019E00012010BD1120FCE70020FAE7044A0020DB
S214019E102DE9F0412D4D04462F68FFF7A1FE0028DD
S214019E2051D02968A14207D84A1E2948214600F088
S214019E30CDFB2120BDE8F0812648EDF79FFEDFF837
S214019E4094800246B0B943462E68964222D1BE425D
S214019E5014BF3A4606F1FF3212BB31461D48C8F818
S214019E600040EDF76BFE014600B31B4800F0AEFB69
S214019E700120DFE72046EDF741FE044638B10146F2
S214019E80164800F0A3FB201E18BF0120D2E7EDF70D
S214019E9091FCF8E753F8041B8C42DDD00132D4E77D
S214019EA00C499200081D01F0F5FCD6E7296809481F
S214019EB0EDF764FE044610B101460948D6E7EDF712
S214019EC079FC2046B6E71120B4E700BFC84C002055
S214019ED065110400E449002018130400EE12040082
S214019EE04B130400F8B50446FFF73AFE002845D0A8
S214019EF0234B1A68A24207D821462248013A00F0AD
S214019F0065FB21242046F8BD1F4800F05FFB20F0CA
S214019F10C7FD40F2C1221D492046EDF74FFE40F233
S214019F200327054620F0BCFD184E65B140F2032319
S214019F309D421AD02946164800F048FB01241548D0
S214019F4000F044FBDEE720F0ABFD29463046EDF796
S214019F5055FEB84209D040F20123984203D10E487B
S214019F6000F034FBE1E70546DFE721460B4800F049
S214019F702DFB2046FFF74CFF0446E0E71124C1E71E
S214019F80C84C00206511040082130400044A002016
S214019F90A2130400E4B10300EBE80300BA130400C3
S214019FA010B50A46044619B1024B00211B689847B2
S214019FB010BD00BF185D040010B5114C237858077A
S214019FC044BF23F0040323702378990705D500F0D6
S214019FD05DF8237823F00203237063781BB1002316
S214019FE0084A636053600023082106486370FFF740
S214019FF0D7FF2378DA0744BF23F00103237010BD8F
S21401A000CC4C0020D04C002038B51A4C627823780E
S21401A010022A01D1072B11D0DD0712D52378980724
S21401A02007D400F02BF82378054643F0020323708B
S21401A03080B96278237882B15A0716D5002528465A
S21401A04038BD17F06BFC2378054643F001032370F7
S21401A0500028E3D0FFF7B0FFF1E7D907ECD50649B2
S21401A06062604A6002226270E6E743F004032370EE
S21401A070E4E700BFCC4C0020D04C00200122024B6C
S21401A080002083F8F0207047D84C00202DE9F041DD
S21401A0900A4C002526464FF0010803272046C4F83F
S21401A0A01C80277601351BF007FB062D04F12804DA
S21401A0B0F4D1002386F8F030BDE8F081D84C0020BA
S21401A0C02DE9F04F984691B00B1E0A93B44B91467A
S21401A0D014BF83469B4600251A9E98F8000070B967
S21401A0E04D4538BF2A464B464FF000000A9928BF17
S21401A0F009F1FF32D847284611B0BDE8F08F252870
S21401A10008F1010806D02A464B460A996C1CD84726
S21401A1102546E2E70023414611F8012B2B2A16D0EB
S21401A1200AD8202A16D0232A17D0A2F130000928EF
S21401A13034D800270A2418E02D2A05D0302AF4D175
S21401A14043F001038846E6E743F00203FAE743F0EB
S21401A1500403F7E743F00803F4E743F01003F1E7DD
S21401A160884604FB0722A2F13007414611F8012B6D
S21401A170A2F130000928F3D998F800202E2A52D1EE
S21401A18098F8011008F10102A1F13000092843F402
S21401A19080633ED800244FF00A0E11E02A2A08D127
S21401A1A056F8047B8846002FBCBF43F002037F426B
S21401A1B0E2E70027E0E702460EFB0411A1F13004B6
S21401A1C0104610F8011BA1F1300CBCF1090FF2D9B1
S21401A1D09046424612F8011B6C292DD025D86829D5
S21401A1E033D06A293BD04246904618F8010B6728BF
S21401A1F060D8572836D8452808D084D9462800F094
S21401A200188147287FF47FAF43F4006343F02003AF
S21401A21027E12A2906D156F8044B08F1020824EA58
S21401A220E474D6E790460024D3E7742901D07A294E
S21401A230D9D143F48073D7E798F801106C29F8D187
S21401A24043F4407308F10202CEE798F8011068293A
S21401A25002D043F08003C7E743F0C003F2E743F4BC
S21401A2600073C1E7A0F158020F2A3FF64CAF01A1D7
S21401A27051F822F015A3010007A1010007A1010072
S21401A28007A1010007A1010007A1010007A1010024
S21401A29007A1010007A1010007A1010015A3010004
S21401A2A081A4010015A3010057A4010037A40100F1
S21401A2B057A40100A0F16901C9B20F293FF623AFE7
S21401A2C0012249F2410C8A4012EA0C0218D10A29ED
S21401A2D000F0158107297FF416AF43F0210305939B
S21401A2E00823CDE903431023CDE9012356F8043BA7
S21401A2F02A46009358464B460A991BF0CDFAA8E029
S21401A3006F2800F05E8110D9782808D1102223F03A
S21401A3100C0310E0582839D0622800F054810A2234
S21401A32023F01003642806D0F1E769284FF00A02EB
S21401A33023F01003F6D1590548BF23F0010369281D
S21401A34003F4007101D0642840D111B3073626F01A
S21401A3500706B24670685AF8081BCDE90773002352
S21401A3600593C30F0028029306940B46049202DA63
S21401A3704B4260EB4000CDE900304B462A4658463A
S21401A3800A991BF0CBFA05465646A6E643F020038B
S21401A390BCE7D90506F1040A04D5316805E000BF1B
S21401A3A0FB56030058060CD53178CDE90224CDE9D9
S21401A3B0047300294FEAD1730193B8BF4942009153
S21401A3C020E01906E9D5B6F90010EEE779B1CDE936
S21401A3D007730023CDE9042306F1070A2AF0070ACA
S21401A3E006940293FAE80223CDE90023C5E7D805CF
S21401A3F006F1040A0DD5CDE90473CDE902240191D5
S21401A400336800934B462A4658460A991BF044FA8D
S21401A410B9E7590607D53178CDE904730023CDE9AC
S21401A42002240193CBE7316813F0800F18BF89B27D
S21401A430F2E743F02003CDE90173073626F007065D
S21401A4400094B6EC020B4B462A4658460A99EAF7A0
S21401A4509FF9054641E600F0DF00472801D143F4A5
S21401A4600063CDE90173073626F007060094B6ECC3
S21401A470020B4B462A4658460A99E9F7CDFFE8E70C
S21401A48013F0020426D04FF0010A6B1C0B932A46E8
S21401A4904B460A9916F8040BD84774B354460B9AE0
S21401A4A021E04B4620200A99D8470AEB05020AF11B
S21401A4B0010A5745F5D83A1E18BF0122002A07F1AE
S21401A4C0FF3308BF002307F1010A1D4408BF4FF000
S21401A4D0020ADAE7A246E8E7551C4B4620200A990D
S21401A4E0D8472A460134BC42F6D3A7EB0A035745A0
S21401A4F038BF00230B9A1A440B920B9DEDE53246AA
S21401A500002C52F8046B14BF21464FF0FF310B921A
S21401A51032463144107808B1914211D1A2EB060AB5
S21401A52013F480620C9202D0A24528BFA24613F013
S21401A53002030D931BD1AAEB05032A460F9308E0ED
S21401A5400132E7E7531C0E9320204B460A99D84761
S21401A5500E9A0F9BD318BB42F4D3A7EB0A035745B9
S21401A56038BF00230AF101021D4403EB020AAB1BAC
S21401A5700E9304E01C464B462A460A99D8470E9B82
S21401A580F51816F8010B28B10C9B002BF3D0631EAF
S21401A590002CEFD10D9B93B12A46AAEB050405E0EA
S21401A5A0561C4B4620200A99D84732461319BB42FF
S21401A5B0F6D3A7EB0A03574538BF00231D440B9E6D
S21401A5C08BE50822A3E60222A1E600BF0FB41FB561
S21401A5D006AA52F8043B02A90392009204484FF0DF
S21401A5E0FF32FFF76DFD05B05DF804EB04B0704770
S21401A5F0BD5903001FB5034600914FF0FF3203A972
S21401A6000248FFF75DFD05B05DF804FBBD59030088
S21401A6101FB5CDE90201009302A9134603484FF086
S21401A620FF32FFF74DFD05B05DF804FBC559030089
S21401A6301FB5094B094A1868094B01A91860094B4F
S21401A6401360094A0192094A1268CDE9022317F0FC
S21401A6500CFA05B05DF804FBD8680020D03D002058
S21401A660D43D0020CC680020BD4B0400885000205B
S21401A670014B186817F00DBAD868002038B5F1F705
S21401A6801BFE0446064D2B68D3F8B002F1F708FE10
S21401A690286817F011FA2046BDE83840F1F700BEE9
S21401A6A0D868002010B51F4CEFF7DCFE236F0120A1
S21401A6B023F0070343F002032367EFF7E1FED4F824
S21401A6C02031002023F0070343F00103C4F82031B2
S21401A6D0D4F8403123F0030343F00103C4F84031BA
S21401A6E0D4F8603123F0030343F00103C4F860316A
S21401A6F0D4F8403223F0030343F00103C4F8403298
S21401A700D4F8003223F0070343F00103C4F8003203
S21401A710D4F8083223F0070343F00103C4F80832E3
S21401A72010BD00BF00800050064B1B681A7A022A33
S21401A73001D81AB97047032A00D070471B68024A2D
S21401A74013607047DC680020885000200022024B0E
S21401A7505A60DA601A6070478C50002008B501F024
S21401A76037FF0022014B1A7008BD00BFCE620020E1
S21401A7700A4601491BF090B9B57504000A4601491D
S21401A7801BF08AB9B07504000A4601491BF084B96A
S21401A790A97504000A4601491BF07EB9A675040096
S21401A7A00A4601491BF078B9A37504000A46014917
S21401A7B01BF072B99E7504000A4601491BF06CB97C
S21401A7C0997504000A4601491BF066B994750400A0
S21401A7D00A4601491BF060B98D75040081F00041FD
S21401A7E002E000BF83F0004330B54FEA41044FEA70
S21401A7F0430594EA050F08BF90EA020F1FBF54EA0B
S21401A800000C55EA020C7FEA645C7FEA655C00F0A6
S21401A810E2804FEA5454D4EB5555B8BF6D420CDD77
S21401A8202C4480EA020281EA030382EA000083EAFA
S21401A830010180EA020281EA0303362D88BF30BD9A
S21401A84011F0004F4FEA01314FF4801C4CEA1131F0
S21401A85002D0404261EB410113F0004F4FEA03334F
S21401A8604CEA133302D0524263EB430394EA050FDA
S21401A87000F0A780A4F10104D5F1200E0DDB02FA49
S21401A8800EFC22FA05F2801841F1000103FA0EF2DD
S21401A890801843FA05F359410EE0A5F120050EF1A3
S21401A8A0200E012A03FA0EFC28BF4CF0020C43FAD4
S21401A8B005F3C01851EBE37101F0004507D54FF0E1
S21401A8C0000EDCF1000C7EEB00006EEB0101B1F531
S21401A8D0801F1BD3B1F5001F0CD349085FEA300077
S21401A8E04FEA3C0C04F101044FEA445212F5800F82
S21401A8F080F09A80BCF1004F08BF5FEA500C50F11F
S21401A900000041EB045141EA050130BD5FEA4C0C01
S21401A910404141EB0101013C28BFB1F5801FE9D25E
S21401A92091F0000F04BF01460020B1FA81F308BF81
S21401A9302033A3F10B03B3F120020CDA0C3208DD4D
S21401A94002F1140CC2F10C0201FA0CF021FA02F128
S21401A9500CE002F11402D8BFC2F1200C01FA02F198
S21401A96020FA0CFCDCBF41EA0C019040E41AA2BFBD
S21401A97001EB0451294330BD6FEA04041F3C1CDA85
S21401A9800C340EDC04F11404C4F1200220FA04F0A5
S21401A99001FA02F340EA030021FA04F345EA03014F
S21401A9A030BDC4F10C04C4F1200220FA02F001FA11
S21401A9B004F340EA0300294630BD21FA04F0294693
S21401A9C030BD94F0000F83F4801306BF81F480112C
S21401A9D00134013D4EE77FEA645C18BF7FEA655C9F
S21401A9E029D094EA050F08BF90EA020F05D054EA71
S21401A9F0000C04BF1946104630BD91EA030F1EBF76
S21401AA000021002030BD5FEA545C05D14000494179
S21401AA1028BF41F0004130BD14F580043CBF01F56C
S21401AA20801130BD01F0004545F0FE4141F4700152
S21401AA304FF0000030BD7FEA645C1ABF194610462D
S21401AA407FEA655C1CBF0B46024650EA013406BF2E
S21401AA5052EA033591EA030F41F4002130BD00BFED
S21401AA6090F0000F04BF0021704730B54FF48064AA
S21401AA7004F132044FF000054FF0000150E700BF2B
S21401AA8090F0000F04BF0021704730B54FF480648A
S21401AA9004F1320410F0004548BF40424FF0000177
S21401AAA03EE700BF42004FEAE2014FEA31014FEABA
S21401AAB002701FBF12F07F4393F07F4F81F0605109
S21401AAC0704732F07F4208BF704793F07F4F04BF54
S21401AAD041F40021704730B54FF4607401F0004531
S21401AAE021F000411CE700BF50EA010208BF704791
S21401AAF030B54FF000050AE050EA010208BF704782
S21401AB0030B511F0004502D5404261EB41014FF4EA
S21401AB10806404F132045FEA915C3FF4D8AE4FF0F2
S21401AB2003025FEADC0C18BF03325FEADC0C18BFD5
S21401AB30033202EBDC02C2F1200300FA03FC20FA26
S21401AB4002F001FA03FE40EA0E0021FA02F1144473
S21401AB50BDE600BF70B54FF0FF0C4CF4E06C1CEA8C
S21401AB6011541DBF1CEA135594EA0C0F95EA0C0FFD
S21401AB7000F0DEF82C4481EA030621EA4C5123EA70
S21401AB804C5350EA013518BF52EA033541F480119F
S21401AB9043F4801338D0A0FB02CE4FF00005E1FB52
S21401ABA002E506F00042E0FB03E54FF00006E1FB9C
S21401ABB003569CF0000F18BF4EF0010EA4F1FF04DF
S21401ABC0B6F5007F64F5407404D25FEA4E0E6D411F
S21401ABD046EB060642EAC62141EA55514FEAC52030
S21401ABE040EA5E504FEACE2EB4F1FD0C88BFBCF5AC
S21401ABF0E06F1ED8BEF1004F08BF5FEA500E50F15D
S21401AC00000041EB045170BD06F0004646EA010122
S21401AC1040EA020081EA0301B4EB5C04C2BFD4EB54
S21401AC200C0541EA045170BD41F480114FF0000E4D
S21401AC30013C00F3AB8014F1360FDEBF002001F0BB
S21401AC40004170BDC4F10004203C35DA0C341BDC35
S21401AC5004F11404C4F1200500FA05F320FA04F007
S21401AC6001FA05F240EA020001F0004221F000413B
S21401AC7010EBD37021FA04F642EB06015EEA430EAE
S21401AC8008BF20EAD37070BDC4F10C04C4F12005DE
S21401AC9000FA04F320FA05F001FA04F240EA020091
S21401ACA001F0004110EBD37041F100015EEA430E62
S21401ACB008BF20EAD37070BDC4F1200500FA05F282
S21401ACC04EEA020E20FA04F301FA05F243EA020301
S21401ACD021FA04F001F0004121FA04F220EA020010
S21401ACE000EBD3705EEA430E08BF20EAD37070BD56
S21401ACF094F0000F0FD101F00046400041EB010136
S21401AD0011F4801F08BF013CF7D041EA060195F017
S21401AD10000F18BF704703F00046520043EB0303D1
S21401AD2013F4801F08BF013DF7D043EA06037047BE
S21401AD3094EA0C0F0CEA135518BF95EA0C0F0CD0C9
S21401AD4050EA410618BF52EA4306D1D181EA03010F
S21401AD5001F000414FF0000070BD50EA410606BF09
S21401AD601046194652EA430619D094EA0C0F02D14E
S21401AD7050EA013613D195EA0C0F05D152EA033693
S21401AD801CBF104619460AD181EA030101F00041B1
S21401AD9041F0FE4141F470014FF0000070BD41F0FA
S21401ADA0FE4141F4780170BD70B54FF0FF0C4CF4D4
S21401ADB0E06C1CEA11541DBF1CEA135594EA0C0FF3
S21401ADC095EA0C0F00F0A7F8A4EB050481EA030E40
S21401ADD052EA03354FEA013100F088804FEA033327
S21401ADE04FF0805545EA131343EA12634FEA0222F5
S21401ADF045EA111545EA10654FEA00260EF00041B6
S21401AE009D4208BF964244F1FD0404F5407402D207
S21401AE105B084FEA3202B61A65EB03055B084FEA98
S21401AE2032024FF480104FF4002CB6EB020E75EB95
S21401AE30030E22BFB61A754640EA0C005B084FEABD
S21401AE403202B6EB020E75EB030E22BFB61A75463A
S21401AE5040EA5C005B084FEA3202B6EB020E75EB85
S21401AE60030E22BFB61A754640EA9C005B084FEAFD
S21401AE703202B6EB020E75EB030E22BFB61A75460A
S21401AE8040EADC0055EA060E18D04FEA051545EAF9
S21401AE9016754FEA06164FEAC30343EA52734FEAA2
S21401AEA0C2025FEA1C1CC0D111F4801F0BD141EA1B
S21401AEB000014FF000004FF0004CB6E711F4801F80
S21401AEC004BF01430020B4F1FD0C88BFBCF5E06F60
S21401AED03FF6AFAEB5EB030C04BFB6EB020C5FEA70
S21401AEE0500C50F1000041EB045170BD0EF0004EC5
S21401AEF04EEA113114EB5C04C2BFD4EB0C0541EAF7
S21401AF00045170BD41F480114FF0000E013C90E6F3
S21401AF1045EA060E8DE60CEA135594EA0C0F08BFB7
S21401AF2095EA0C0F3FF43BAF94EA0C0F0AD150EAB6
S21401AF3001347FF434AF95EA0C0F7FF425AF104649
S21401AF4019462CE795EA0C0F06D152EA03353FF471
S21401AF50FDAE1046194622E750EA410618BF52EAEE
S21401AF6043067FF4C5AE50EA41047FF40DAF52EAC2
S21401AF7043057FF4EBAE12E74FF0FF3C06E000BF5F
S21401AF804FF0010C02E000BF4FF0010C4DF804CD6C
S21401AF904FEA410C7FEA6C5C4FEA430C18BF7FEA2C
S21401AFA06C5C1BD001B050EA410C0CBF52EA430C5A
S21401AFB091EA030F02BF90EA020F0020704710F1DA
S21401AFC0000F91EA030F58BF994208BF90422CBF69
S21401AFD0D8176FEAE37040F0010070474FEA410C62
S21401AFE07FEA6C5C02D150EA013C07D14FEA430C80
S21401AFF07FEA6C5CD6D152EA033CD3D05DF8040BF1
S21401B000704700BF8446104662468C461946634622
S21401B01000E000BF01B5FFF7B7FF002848BF10F1F9
S21401B020000F01BD4DF808EDFFF7F4FF0CBF01203E
S21401B03000205DF808FB00BF4DF808EDFFF7EAFFBA
S21401B04034BF012000205DF808FB00BF4DF808ED75
S21401B050FFF7E0FF94BF012000205DF808FB00BF6A
S21401B0604DF808EDFFF7CEFF94BF012000205DF8F4
S21401B07008FB00BF4DF808EDFFF7C4FF34BF012001
S21401B08000205DF808FB00BF4FEA410212F50012EE
S21401B09015D211D56FF47873B3EB625212D94FEA19
S21401B0A0C12343F0004343EA505311F0004F23FA03
S21401B0B002F018BF404270474FF00000704750EA58
S21401B0C0013005D111F0004008BF6FF00040704715
S21401B0D04FF00000704700BF4A0011D212F500126F
S21401B0E011D20DD56FF47873B3EB62520ED44FEADA
S21401B0F0C12343F0004343EA505323FA02F070475A
S21401B1004FF00000704750EA013002D14FF0FF3097
S21401B11070474FF00000704753B94AB9002908BF7D
S21401B12000281CBF4FF0FF314FF0FF3000F08CB904
S21401B130ADF1080C6DE904CE00F006F8DDF804E088
S21401B140DDE9022304B070472DE9F04F099D0E4654
S21401B15004460F46002B47D18A429446B2FA82F340
S21401B1605AD943B102FA03FCC3F120029F409C4026
S21401B17020FA02F217434FEA1C461FFA8CFE220CF5
S21401B180B7FBF6F106FB117701FB0EF042EA074228
S21401B190904208D91CEB020201F1FF3702D290421D
S21401B1A000F23C813946121AA4B2B2FBF6F006FB55
S21401B1B0102200FB0EFE44EA0244A64508D91CEB09
S21401B1C0040400F1FF3202D2A64500F22A8110469D
S21401B1D040EA0140A4EB0E0400211DB1DC4000232F
S21401B1E0C5E90043BDE8F08F8B4205D90DB1C5E92D
S21401B1F0000100210846F5E7B3FA83F100294FD193
S21401B200B342C0F00281824240F2FF800846002D20
S21401B210E8D0C5E90047E5E7002B40F0AF808A1A81
S21401B2204FEA1C4E1FFA8CF70121B2FBFEF60EFB0D
S21401B2301620220C42EA004207FB06F090420FD984
S21401B2401CEB020206F1FF382CBF4FF001094FF04C
S21401B2500009904203D9B9F1000F00F0DC804646A0
S21401B260121AA4B2B2FBFEF00EFB102200FB07F787
S21401B27044EA0244A7420FD91CEB040400F1FF3252
S21401B2802CBF4FF0010E4FF0000EA74203D9BEF1BE
S21401B290000F00F0C9801046E41B40EA06409CE718
S21401B2A0C1F120048B4006FA01FC00FA01FE22FAE5
S21401B2B004F7E6408A401F4320FA04F34FEA174892
S21401B2C043EA0C031FFA87FC4FEA1349B6FBF8F072
S21401B2D008FB106649EA064600FB0CF9B1450ED993
S21401B2E0BE1900F1FF3A2CBF4FF0010B4FF0000BD7
S21401B2F0B14503D9BBF1000F00F0A2805046A6EB82
S21401B30009061FFA83F9B6FBF8F308FB136603FB7D
S21401B3100CFC49EA0646B4450ED9BE1903F1FF38BE
S21401B3202CBF4FF001094FF00009B44503D9B9F11C
S21401B330000F00F08280434643EA0040A6EB0C066D
S21401B340A0FB028C66454346E14602D307D1C645BB
S21401B35005D2B8EB02036CEB070C0138E1465DB190
S21401B360BEEB030266EB090606FA04F422FA01F3C1
S21401B370CE401C43C5E90046002133E702FA03FC30
S21401B380C3F1200299409C40D6404FEA1C4E20FA59
S21401B39002F21FFA8CF7B6FBFEF00A430EFB1066AC
S21401B3A0110C41EA064100FB07F68E420ED91CEB52
S21401B3B0010100F1FF382CBF4FF001094FF00009E1
S21401B3C08E4202D9B9F1000F34D04046891B92B2A1
S21401B3D0B1FBFEF60EFB161142EA014206FB07F12F
S21401B3E091420ED91CEB020206F1FF382CBF4FF03A
S21401B3F001094FF00009914202D9B9F1000F16D0A8
S21401B4004646521A46EA00410FE7841A66EB0302E3
S21401B41001201746FBE6023E624421E702396244F8
S21401B420C1E664440238D3E66444023834E7023E97
S21401B4306244E6E702386144C8E7023B3E447BE7E4
S21401B44002383E445BE700BF704700BF2DE9F04F6E
S21401B450924685B089461E460D46554A03902946B2
S21401B46015F8014B135D13F00803F8D12D2C7CD091
S21401B4702B2C4ED04FF0FF3102936FF00043CDE9F5
S21401B480001336F0100851D037464FEAE6783A46B0
S21401B4904346DDE90001FFF73FFE002383468E4663
S21401B4A018461946A44613E0ACF13704A6421FDD40
S21401B4B0002B09DB83457EEB010305D38E4508BFD0
S21401B4C083453BD1A24239DA4FF0FF3315F801CB61
S21401B4D0ACF13004092CE9D9ACF14104192CE3D9BB
S21401B4E0ACF16104192C03D8ACF15704A642DFDC99
S21401B4F05A1C2FD0029A12B1404261EB4101BAF1B7
S21401B500000F03D0002B48D1CAF8009005B0BDE863
S21401B510F08F4FF0FF30029336F010086FF00043C3
S21401B5202C7801F10205CDE90003ADD1302C25D0F0
S21401B530002E3AD10A27B0463E46A8E700FB08F39C
S21401B54007FB0133A0FB07010B44201843EBE47112
S21401B5500123BBE72223039A1360BAF1000F17D029
S21401B56005F1FF39DDE90001CEE74FF00047009312
S21401B57001232C788D1CCDE9017382E72B7803F02B
S21401B580DF03582B0CD086B90827B0463E467EE727
S21401B590DDE9000105B0BDE8F08FCDE90001DFE788
S21401B5A010276C7802353E4671E710273E466EE757
S21401B5B0BD7504004AE700BF10B4044C13460A46A2
S21401B5C0014620685DF8044B40E700BF0C69002087
S21401B5D010B4044C13460A46014620685DF8044B35
S21401B5E034E700BF0C69002020F0030110F00300CF
S21401B5F0C0F1000051F8043B00F1040C4FEACC0CFA
S21401B6006FF000021CBF22FA0CF213434FF0010C3C
S21401B6104CEA0C2C4CEA0C4CA3EB0C0222EA03027B
S21401B62012EACC1204BF51F8043B0430F4D0C2F144
S21401B630000102EA0102B2FA82F2C2F11F0200EB35
S21401B640D20070472DE9F04780460C46454826460D
S21401B65014F801EB10F80EC01CF0080CF7D1BEF17F
S21401B6602D0F5BD0BEF12B0F3AD0654633F010009C
S21401B6703ED04FF0FF379A46B7FBF3F703FB07F9C7
S21401B6806FEA0909002630460EE0AEF1370C634535
S21401B6901DDD002E04DBB84202D833D1CC4531DDA6
S21401B6A04FF0FF3614F801EBAEF1300CBCF1090F88
S21401B6B0EDD9AEF1410CBCF1190FE6D9AEF1610C32
S21401B6C0BCF1190F03D8AEF1570C6345E1DC731CCE
S21401B6D01CD005B140420AB1F6B91160BDE8F08749
S21401B6E033F0100094F800E0654606F10204C0D17C
S21401B6F0BEF1300F17D06BBB0A234FF005091A4F66
S21401B7009A46BFE700FB0AC00126CBE72223304654
S21401B710C8F80030002AE1D0611EDEE794F800E0A8
S21401B7200125B41CA2E7207800F0DF00582807D0D6
S21401B73083B908234FF007096FF060479A46A1E7DF
S21401B740102394F801E04FF00F0902346FF07047B0
S21401B7509A4697E710234FF00F096FF070479A4605
S21401B76090E700BFBD750400999999196AE700BF73
S21401B77010B4044C13460A46014620685DF8044B93
S21401B78060E700BF0C69002010B4044C13460A465B
S21401B790014620685DF8044B54E700BF0C690020A1
S21401B7A00F4B70B50F4DAB42A3EB050607D0B61095
S21401B7B00024013455F8043B9847A642F9D80A4DAF
S21401B7C01FF05EFB094B5E1BAB424FEAA60606D096
S21401B7D00024013455F8043B9847A642F9D870BDB9
S21401B7E0A06C0020A06C0020A06C0020A46C00209F
S21401B7F070B5860747D0541E002A3ED0CAB203460B
S21401B80001E0013C39D303F8012B9D07F9D1032C44
S21401B8102CD9CDB20F2C05EB052505EB054535D901
S21401B820A4F1100C03F1100E1A462CF00F064FEA85
S21401B8301C1CB644C2E90055C2E9025510327245D5
S21401B840F8D10CF1010214F00C0F04F00F0C03EB0D
S21401B850021213D0ACF1040323F0030304331344A0
S21401B86042F8045B9342FBD10CF003042CB1C9B23D
S21401B8701C4403F8011BA342FBD170BD644613466A
S21401B880002CF4D1F9E703461446C0E71A46A4464D
S21401B890E0E700BF88420ED98B1883420BD900EB34
S21401B8A0020C002A6ED0624613F801CD994202F8C6
S21401B8B001CDF9D170470F2A0FD8034602F1FF3C9C
S21401B8C0002A5FD00CF1010C013B8C4411F8012BCE
S21401B8D0614503F8012FF9D1704740EA01039B0740
S21401B8E051D1A2F1100301F1200C70B523F00F0520
S21401B8F001F1100E00F110041B09AC445EF8105C57
S21401B9000EF1100E103444F8205C5EF81C5C44F80E
S21401B9101C5C5EF8185C44F8185C5EF8145CE6453E
S21401B92044F8145CEAD1013312F00C0F02F00F0C4C
S21401B93001EB031100EB031329D0ACF1040C1C1F1F
S21401B9408E462CF003064FEA9C0C1E445EF8045B00
S21401B95044F8045FB442F9D10CF1010402F0030289
S21401B96003EB840301EB840102F1FF3C4AB10CF1C5
S21401B970010C013B8C4411F8012B614503F8012FA2
S21401B980F9D170BD704702F1FF3C03469AE7624663
S21401B990EAE700BF2DE9F04F82468E463F487546DE
S21401B9A01EF801BB10F80B4014F00804F7D1BBF1E8
S21401B9B02D0F5BD0BBF12B0F6FF0004904BF9EF833
S21401B9C000B005F1020E33F0100010D1BBF1300FBC
S21401B9D004D0002B5ED10A231F4609E09EF8000022
S21401B9E000F0DF0058284ED0002B53D108231F4605
S21401B9F00025B9FBF7F6284607FB16980EE0ABF1D3
S21401BA00370C63451DDD002D04DB864202D321D1B0
S21401BA10E0451FDA4FF0FF351EF801BBABF1300CE5
S21401BA20BCF1090FEDD9ABF1410CBCF1190FE6D908
S21401BA30ABF1610CBCF1190F03D8ABF1570C6345A0
S21401BA40E1DC6B1C0AD004B140420AB1CDB91160E9
S21401BA50BDE8F08F07FB00C00125DDE72223CAF809
S21401BA6000305AB10EF1FF314846F0E79EF800B0BB
S21401BA704FF0004905F1020E0124A4E74846BDE84F
S21401BA80F08F8146EEE710239EF801B00EF1020E0C
S21401BA901F46ADE710231F46AAE700BFBD75040089
S21401BAA0242B02D8012B00D074E710B500F02EFA33
S21401BAB016230360002010BD10B5242A084C134637
S21401BAC0246807D8012A05D00A4601462046BDE863
S21401BAD010405FE700F01AFA16230360002010BD3D
S21401BAE00C69002010B5242A084C1346246807D890
S21401BAF0012A05D00A4601462046BDE8104049E71E
S21401BB0000F004FA16230360002010BD0C69002023
S21401BB10844641EA000313F0030349D1403A23D394
S21401BB200B6803604B6843608B688360CB68C360B7
S21401BB300B6903614B6943618B698361CB69C3619F
S21401BB400B6A03624B6A43628B6A8362CB6AC36287
S21401BB500B6B03634B6B43638B6B8363CB6BC3636F
S21401BB6040304031403ADBD230320BD30B680360B1
S21401BB704B6843608B688360CB68C36010301031BC
S21401BB80103AF3D20C3205D351F8043B40F8043B8B
S21401BB90043AF9D2043208D0D2071CBF11F8013B8F
S21401BBA000F8013B01D30B8803806046704700BF55
S21401BBB0082A13D38B07B1D010F00303AED0C3F11C
S21401BBC00403D21ADB071CBF11F8013B00F8013B46
S21401BBD0A4D331F8023B20F8023B9FE7043AD9D3BD
S21401BBE0013A11F8013B00F8013BF9D20B780370DA
S21401BBF04B7843708B78837060467047024B0146E2
S21401BC00186816F018BD00BF0C690020024B0146EB
S21401BC10186816F013BD00BF0C690020CAB384462D
S21401BC200B4630B504460843800719D09CF800003F
S21401BC300C78A04212D150B3012A28D0E64603E080
S21401BC401CEB030F23D010B31EF8010F11F8014FA0
S21401BC50A2EB0E03A04203F1FF33F1D0001B30BD6F
S21401BC60032A07D8E2E7043A11D01EF0803F0ED12E
S21401BC70032A10D92068194653F8045BA446A0F19C
S21401BC80013E0434A8422EEA000EECD0CEE7002096
S21401BC9030BD10467047A4461946C7E780EA010C36
S21401BCA01CF0030F37D110F0030C20F0030021F035
S21401BCB0030150F8042B08BF51F8043B0ED08CF05A
S21401BCC0030C6FF07F434FEACC0C23FA0CFC51F8BF
S21401BCD0043B42EA0C0243EA0C0300BFA2F1013C1A
S21401BCE09A4201BF2CEA020C1CF0803F50F8042B4C
S21401BCF051F8043BF2D04FEA02604FEA12220128C3
S21401BD0028BFB0EB036F08BF1B0AF4D003F0FF0394
S21401BD10000EC01A704710F0030F0AD010F8012B5E
S21401BD2011F8013B012A28BF9A42F4D0A2EB030086
S21401BD3070474DF8045D50F8042B01F0030521F01F
S21401BD40030151F8043B022D26D04DD822F07F4541
S21401BD50B5EB132FA2F1013C2CEA020C0DD11CF01D
S21401BD60803C08BF51F8043B0AD185EA0205B5EBD1
S21401BD70036F0CD150F8042BE8E74FEA13235BE07E
S21401BD803CF07F4C54D10B784FEA126554E04FEAF1
S21401BD90126503F0FF034FE04FEA0245A2F1013CB2
S21401BDA04FEA15452CEA020CB5EB134F18D11CF0DF
S21401BDB0803C08BF51F8043B07D185EA0205B5EB84
S21401BDC0034F09D150F8042BE6E75FEA0C4C2FD15C
S21401BDD00B884FEA12452FE04FEA03434FEA12451C
S21401BDE04FEA134328E000BF02F0FF05B5EB136FDF
S21401BDF0A2F1013C2CEA020C0DD11CF0803C08BFDC
S21401BE0051F8043B0AD185EA0205B5EB032F0AD1A6
S21401BE1050F8042BE8E74FEA13630DE012F0FF0F2A
S21401BE2006D051F8043B4FEA122523F07F4303E086
S21401BE304FF0000020BC704705F0FF0203F0FF0042
S21401BE40012828BF904204BF2D0A1B0AF4D0A2EB9A
S21401BE50000020BC704700BF08B5064B044613B16E
S21401BE60002100F0AFF8044B1B6803B19847204649
S21401BE7014F01AFEC5BF0100D4510020002301466C
S21401BE801A46184600F048B8032A30B415D941EAD4
S21401BE90000484460B46A40704D0541E0FE0043A5F
S21401BEA0032A08D91946604653F8044B5CF8045B2C
S21401BEB0A542F4D0F1E760461946541E7AB1431EF6
S21401BEC00139021901E09A4209D013F8010F11F85D
S21401BED001CF6045F7D0A0EB0C0030BC70470020C6
S21401BEE030BC704738B5074D074C2C1BA41005D045
S21401BEF0013C55F8043D9847002CF9D1BDE838407F
S21401BF001EF0C4BFA86C0020A46C0020014B18686A
S21401BF10704700BF0C690020F0B5264C83B006467A
S21401BF200F46256805B36C681F2C3FDCA6B1D5F813
S21401BF30880048B3D0F800114FF0010C40F82420D7
S21401BF40022E00EB84020CFA04FC4CEA0101C0F854
S21401BF500011C2F8803010D0631C002002346B60E0
S21401BF6045F8247003B0F0BD13491448216010B1A0
S21401BF700068C1F88800104DD5E7D0F8043143EACF
S21401BF800C03C0F80431E7E70D49CDE9002369B198
S21401BF904FF48470FFF732FE40B100216C68C0E9AF
S21401BFA04011DDE90023C5F88800C5E74FF0FF30F2
S21401BFB0D8E700BF64520020D851002000000000DE
S21401BFC0FDBB01002DE9F04FDFF8B49083B0D9F83E
S21401BFD0006096B3884601907568D6F888706C1E26
S21401BFE02BD4013507F1800B06EB8505B8F1000F60
S21401BFF026D173682A68013BA3423BD000232B60FD
S21401C000BAB1D6F804A05FB30123D7F80011A34054
S21401C0100B4225D0D7F8040157F8241003422BD140
S21401C020019890477368D9F8002053451ED1B24253
S21401C0301CD1013C043D631CD8D103B0BDE8F08F90
S21401C0404FB15BF824304345D3D0013C043D621C1C
S21401C050F3D0002FF5D1013CEFD3013CFBD2ECE746
S21401C06090477368D9F800205345E0D0002AE4D001
S21401C0701646B1E77460C3E708469047D2E700BFAB
S21401C08064520020431E033306D8044B984228BF4F
S21401C0901846642838BF6420704700BF40420F002E
S21401C0A038B5194B05461B680C4603B1984744B191
S21401C0B0236833B11B68013303D0E3680BB1A3686F
S21401C0C04BB91AF0AFF900204FF4C172412100F0CC
S21401C0D0FFF9212038BD204602F04AFC00230B4A16
S21401C0E085F83C31C5E93743C2E9003363694BB192
S21401C0F0074A422110684FF4D272C31A5842584177
S21401C10000F0E6F90020E5E7D45400208065002021
S21401C11038550020F8B504461EF0B3FB0026074646
S21401C1200E4B1B6893B19E68AEB196F82420D207D9
S21401C13011D435460FCC0FC50FCC0FC523682B6025
S21401C14096F8243043F0010386F8243038461EF072
S21401C15093FB3046F8BD1B68E4E700BF606900202A
S21401C16010B5044618B9054B054A136010BD00F01A
S21401C170D9FCD4F8E830002BF6D1F4E7CF5B030006
S21401C1805C690020014B1868704700BF806500207D
S21401C19008B502460868FFF775FF08604868FFF7AC
S21401C1A071FF48608868FFF76DFF8860C868FFF711
S21401C1B069FF0B69C860581C03D00B48834228BF2F
S21401C1C003460B614B69581C03D00748834228BFBE
S21401C1D0034688694B61FFF755FFBDE80840886153
S21401C1E0104601F07BBC00BF40420F00D0F8E030A3
S21401C1F02DE9F04105460C4613B1C38D8B424CD058
S21401C200D5F8DC30002B4BD09E68002E48D0D8687D
S21401C210002845D0013800B200281ADB002106E0CC
S21401C220128A591CA24217D209B2884211DB0B1896
S21401C23003EBD3735B1003EBC30206EB8202B2F887
S21401C2400EC003F1FF3EA445EAD90FFA8EF08842EC
S21401C250EDDA2120BDE8F0814FF6FF7299B29142E6
S21401C260F7D09BB203EBC30306EB83062846B6F969
S21401C270122095F83011D5F8F080EEF709FE074642
S21401C280B8F1000F04D00023324628461946C047AD
S21401C290EC85C5F8E06085F839710020BDE8F081CD
S21401C2A00E20BDE8F08100BF2DE9F04782B00446BC
S21401C2B00F46164601F086FE002863D14F4D2B68C7
S21401C2C0D4F8DCA0D4F8E0800BB1534576D04FF01B
S21401C2D00009AF6001F09EFE0128074665D12046A1
S21401C2E019F0DFFF002851D12B68DAF80010D8F8D2
S21401C2F0002013B1186888426BD0204619F083FFDE
S21401C300C5E900A8D4F8F0508DF80760002D67D075
S21401C3100022204611460DF10703A847204600F0EB
S21401C320EDFF0546B9F1000F0FD076B9D4F88C3081
S21401C3300BBB012F05D025B1314B002103205B68D3
S21401C3409847284602B0BDE8F087B5FA85F040F276
S21401C35007523321400900F0BBF83146204601F070
S21401C3600BFA284B05461B68414620469847D4F8E9
S21401C3708C30002BDDD000224FF40073204600F0F5
S21401C380E1FBD6E700231D4D6B6098E794F8253056
S21401C390DA07A9D5D4F894305B05A5D51A4B012246
S21401C3A0002120461B6898479EE70021012000F0E7
S21401C3B001FC01F02FFE0128FBD190E76B68002BF2
S21401C3C085D0434583D1AB689F4215D04FF0010914
S21401C3D07FE7696811B10968914291D059688CE785
S21401C3E094F82A1094F839313246994228BF1946F2
S21401C3F0204600F0D1FE91E70025A2E780650020E7
S21401C400686900205C690020D8540020F8B50F4602
S21401C41005461EF036FA394606462846FFF7E6FE7A
S21401C420044620B130461EF027FA2046F8BD01F03A
S21401C430A7FD224639462846FFF736FF0446002860
S21401C440F0D1284619F02DFF0028EBD095F82530BD
S21401C45013F001030DD0D5F8942052050DD5B5F88B
S21401C4602A21BA4205D0B5F82C31DB1BB3FA83F387
S21401C4705B09034A82F8C430D4E72346F9E700BFD4
S21401C480001E00B013B50446694619F0CEFC2046DE
S21401C49019F012FEFF28024606D020469DF800102D
S21401C4A0EEF774FD02B010BD0048FBE70080FFFF09
S21401C4B038B5044D044C054B286021601A601DF008
S21401C4C0DBFE38BD68540020646900206C540020EF
S21401C4D010B550B90548064B016006480260186859
S21401C4E0054B18601868FFF7E3FF10BD646900206C
S21401C4F0C45500206C540020685400202DE9F041FA
S21401C5008AB001AC05460B462746194A02F1200CB3
S21401C510264610685168083203C662453446F7D18C
S21401C520002B08BF3B46002710681C463060384683
S21401C53003F10C0690B95FFA87F84246284621882F
S21401C54019F0B2FE50B942462846E18819F0BDFE00
S21401C55020B942463146284619F0C9FE0137032F55
S21401C56006F1080604F10204E4D10AB0BDE8F08140
S21401C570E0760400F0B589B005460E4619F0C6FE11
S21401C580044600BB01AC06F10C070FCF0FC497E8B9
S21401C590070084E8070001A92846FFF7F9FD2846A9
S21401C5A0311D1AF08DF8044648B92846074901F0AE
S21401C5B057FA044618B9284601F0C6FD044628462F
S21401C5C03168FFF79BFF204609B0F0BDD87604001E
S21401C5D0014919F07DBC00BF19E1010070B5164E86
S21401C5E0032804460D4633781ED023FA04F202F0DF
S21401C5F00102AA421DD053B10122A240A54023EA5E
S21401C60002032B43DBB233704BB1012070BD2DB159
S21401C6100A4B01201B6898473378EDE73570074BC6
S21401C62000201B689847F0E79A07DED003F0FC036A
S21401C630E9E7002070BD00BFCF620020AC540020A7
S21401C64038B504460D4605F077FD60B101F0C6FC2D
S21401C65048B9012D07D8012019F003FE0D4B1B68C0
S21401C66023B15B6898470C4B1C7038BD1EF063FA0B
S21401C6700A4B1A68801A18601CF078FF4FF47A7219
S21401C680074B1B6802FB003019F020FC012001F06B
S21401C690ADFCE8E7D0540020706C0020A4540020C4
S21401C6A0A8540020F8B505460C461EF0EAF8104FCF
S21401C6B006463B7833B1012D04D01CB90D481CF059
S21401C6C0A7FE3C7021462846FFF788FF0A4B044622
S21401C6D01B783BB93B782BB919F0B7FD10B1074B66
S21401C6E01B68984730461EF0C7F82046F8BD00BFC5
S21401C6F0D062002080540020CF62002068690020AC
S21401C700054A0B46117831B100211170034A012107
S21401C7105268187810477047D06200206869002078
S21401C720124B0239012910B518701ED805F004FD08
S21401C730D8B101F053FCC0B101F034FAA8B90C4BE2
S21401C7401C6834B123689847BDE81040002019F0F2
S21401C75088BD19F0B9FB074B18601EF0ECF9064BC3
S21401C7601860204601F042FCEEE710BD706C002018
S21401C770D0540020A8540020A454002038B5044604
S21401C78080B11EF07EF80121044608461CF0E4FA4A
S21401C79001210B4A084616F022F82046BDE838402B
S21401C7A01EF06AB81EF06DF80546214601201CF001
S21401C7B0D3FA01202146024A16F011F82846EDE781
S21401C7C0A14C0400F0B585B01EF05BF8344D04466C
S21401C7D02B7823B133481CF01BFE002852D11CF0E5
S21401C7E0A1FE02AA03A919F01AFD0346002838D0B3
S21401C7F019F029FD029B98421CD100202A4B03996F
S21401C8001B682A4E9942307020D90027C91A012385
S21401C81024482B70264A3346CDE900771EF067F987
S21401C820002837D1234A1378D90701D53178F9B1D1
S21401C830204611E019F005FD029B984228D00023FE
S21401C84018461949194A0968137003910121FFF71F
S21401C850C5FE002320462B701EF00EF8002005B002
S21401C860F0BD20462B701EF007F8212005B0F0BD64
S21401C87003F0FE031370002BDAD10F4B1B689847A9
S21401C8802046E9E720461DF0F7FF0E2005B0F0BD73
S21401C8900220B3E7032320462F703370F3E700BF6F
S21401C8A0D062002080540020A05400206F6C00202D
S21401C8B001C70100CF620020AC54002038B51DF03E
S21401C8C0E0FF0F4D04462B789BB90E4A0E491370B4
S21401C8D00E4B0F4A0F481A600F4A5A60EFF782FF55
S21401C8E00E490F48EFF77EFF0E4B0F4A1A600123E1
S21401C8F02B70F0F781F820461DF0BEFF002038BDF2
S21401C900D1620020D062002004770400686900200C
S21401C910C5C7010070540020A5C601000C770400AD
S21401C92078540020AC5400207DC701002DE9F04367
S21401C9308F7880460F2F0C4685B003D9212005B08D
S21401C940BDE8F08327B90123374A00201370F6E7C4
S21401C9500D784E78EDB9002EF0D194F90310E088E9
S21401C96003F00AF82128E9D055EA0603A088DFF883
S21401C970C89013D003F064F84FF60403B9F800200A
S21401C98001469A424BD1AE42334638BF2B4600266B
S21401C9902DE0082DD2D8082ED0D8DEE703F050F8C7
S21401C9A04FF6040501464FF60500204A136E9BB26A
S21401C9B0AB4208BF0346B1F5803FA9F800300FD956
S21401C9C002230825136680230126C2F880302B46F1
S21401C9D049084FF6FF720139914228BF114608E017
S21401C9E08023012608251666C2F880302B460029CA
S21401C9F0EFD1002202920122013FFFB2009201977D
S21401CA002A4608F1F80002F0B7FE1EB14FF4801274
S21401CA10074B5A65074BA2681A60022394E703483E
S21401CA200266A9F80030AEE7D262002000C001B865
S21401CA3000D001B8B8540020F86B002010B50446A9
S21401CA40D0F818210B4B4FF40061C3F8A82090F8DA
S21401CA502420D20102F4006205F0D2FA94F82430C0
S21401CA6013F0100F4FF4007314BF034A034A136701
S21401CA7010BD00BF001E00B0001002B8002002B8B2
S21401CA80431C07D06FF0FF02034B10401A62A3F558
S21401CA9080531862704700BF00E000B8F8B504463E
S21401CAA00F4616461DF0EDFE0546A047044620B18A
S21401CAB028461DF0E1FE2046F8BD04F07FFC042266
S21401CAC00549D1F8D83E23EA07033343C1F8D83ED7
S21401CAD0024B1A67ECE700BF001000B0002002B856
S21401CAE000F01803182B0AD003070AD440F20113EA
S21401CAF010F0100018BF1846034B18657047002049
S21401CB00FAE70120F8E700BF001F00B0044B1868E1
S21401CB10830654BFC0F30F204FF6FF70704700BF67
S21401CB20A055002038B10368044A002B08BF1346FD
S21401CB30034A13607047014BFAE700BF175F030013
S21401CB407469002010B4D0E9544122400B4052EAE7
S21401CB50030104D003495DF8044B096808475DF8F2
S21401CB60044B7047746900200F2938B505460C46FA
S21401CB700ED801F04FFA01280CD1074A2846D36B8C
S21401CB8023F00F032343D36319F0CFFB002038BDF6
S21401CB902120FCE70220FAE7001F00B0014B186CC9
S21401CBA0704700BF001F00B0014B0020196470479A
S21401CBB0001F00B003282DE9F347884655D82C4BB3
S21401CBC013F800902B4B1E5C2B4B13F800A01DF0A6
S21401CBD058FE074604F03EFB054640B100230022FE
S21401CBE0CDE9003301200023002104F079F904F097
S21401CBF039FB48B100230022CDE900330020002391
S21401CC004FF4004104F06CF96EB31C4BDC6C04F07D
S21401CC1008041B4B3146DC64484604F02DFC5246A2
S21401CC203146484604F092FC164BDC646DB1164B57
S21401CC301868D0F89410F83003F06EFA13490868B3
S21401CC40FFF71EFF4FF0FF330B60B8F1000F04D063
S21401CC500F4B002103205B689847384602B0BDE8B9
S21401CC60F0471DF009BE3446D3E702B0BDE8F087B1
S21401CC701C7704001877040014770400004000B8FD
S21401CC80006000B8005000B8C4550020706900204C
S21401CC90686900200F4A136F13F0A00F15D1506F6B
S21401CCA010F0040013D10C4BD3F8D83E23F07F4389
S21401CCB023F0FF035BB1D368C3F30362092A07D0ED
S21401CCC0B2F10C0018BF0120704700207047012008
S21401CCD0704700BF000002B8001000B070B50D46E6
S21401CCE0064620B91A4B1B68A3B10E2011E001F0CD
S21401CCF091F9012829D1174B93F90040C4F11C047E
S21401CD00641BC4F11C03002BB8BF5B42232B0CDD54
S21401CD10212070BD81EAE173A3EBE173DBB2232B23
S21401CD20F6D80C4B19700020F3E786F828501DF052
S21401CD30A8FD094AE402D36904F4FF2423F4FF237F
S21401CD401C43D4611DF098FDEDE70220E1E700BF2A
S21401CD50C4550020D362002000C000B818B9034BA8
S21401CD6093F90000704790F928007047D3620020BD
S21401CD7010B5044619F095FA10B1012001F0D4F966
S21401CD802046FFF75BFE1DF07CFD0A4A0121D2F822
S21401CD90A030044623F02003C2F8A0300222064B3E
S21401CDA008469A60054B5B68984720461DF064FD6F
S21401CDB0002010BD001E00B0001002B868690020F7
S21401CDC0064B5A6A920207D4D3F8803013F4706F78
S21401CDD014BF01200020704701207047004001B8B1
S21401CDE0F8B50E46D0F8943002EA010423EA0103AE
S21401CDF02343C0F89430464A01F00B0323EA0401AA
S21401CE00D1642340A2F58052D3647207054610D53B
S21401CE100121FFF7D5FF60B104F0D0FA4FF400739B
S21401CE2014F0040F14BF3B4A3B4A536204223B4BA7
S21401CE301A67F30606D514F0100F14BF00221B2242
S21401CE40374B5A6537061DD5200616D54FF4001206
S21401CE50304B1A62012203F58053C3F800211DF0FE
S21401CE6010FD0E210746032003F09EF840F2012232
S21401CE702B4B3846DA621DF0FFFC214605F1F8001F
S21401CE8003F04AF9F10503D5E2052AD503F05CF86B
S21401CE90B30503D5A70527D503F062F816F48C6F02
S21401CEA01DD014F4806224D095F82530DC070CD50B
S21401CEB0EA8DB5F82A31934219D0B5F82C31981A73
S21401CEC043424341174A82F8C430D5F8E410284655
S21401CED019F022F88022144BD864144B1A610020F2
S21401CEE0F8BD03F02BF8D3E703F034F8D6E70123B7
S21401CEF0E8E77105E9D595F82530DB07E5D5094B57
S21401CF00114683F8C4200A4B28461B689847DCE77D
S21401CF10006000B8005001B8006001B8002002B8F7
S21401CF20004000B8001E00B0001F00B0000002B8AC
S21401CF30D8540020014B1868704700BFC454002025
S21401CF4037B51DF09EFC002401230022CDE90034F4
S21401CF50002305461946104603F0C2FF022002F0E0
S21401CF60E7FA064B21461C60054B02205B68984792
S21401CF7028461DF081FC204603B030BDCC5400206D
S21401CF80686900202DE9FF4102290D46164698469C
S21401CF90039004D1FFF7D4FF04B0BDE8F0811DF083
S21401CFA070FC1E4F04463B683BB1B34205D01DF0F2
S21401CFB063FC002321203B60EEE7194B0022C3F8F7
S21401CFC000803E60002301264FF0000810461946F7
S21401CFD0CDE9006603F084FF124B022083F800803F
S21401CFE002F0A6FA43462A46022003A902F0BEFA38
S21401CFF00D4B039A1A6008B92046D8E70B4D2B68EB
S21401D0009847212804D020461DF036FC0020C3E7AF
S21401D01031466B6802209847F5E700BFCC540020E4
S21401D020C8540020D5620020C4540020686900203E
S21401D030044B5B6E5B054EBF0120034B187800F076
S21401D0400100704700C001B8D56200200A78022AA4
S21401D05011D0101F4242424152004B781201022B5E
S21401D0600BD0191F4B424B415B000549054842EA6C
S21401D0708312FFF713BD0122EFE70123F5E700BF97
S21401D080F0FFFF005DE001000B78022B10D0181FA7
S21401D090434243415B004A78022A0BD0111F4A42A1
S21401D0A04A4152000F21044843EA8202FFF7F6BCC8
S21401D0B00123F0E70122F5E789E001002DE9F843B5
S21401D0C00E780446042E0D4690F830810BD10027C9
S21401D0D05FFA87F9484601F07DFD08B14E4602E049
S21401D0E00137042FF4D1304601F074FD002849D0F1
S21401D0F094F83031B34209D1AA88D4F8A8309A42BC
S21401D10004D16A88B4F832319A4238D084F8306152
S21401D110AB883046A4F834316B88A4F83231AB883A
S21401D12004F59875C4F8A830FF2384F82B3019F05D
S21401D130ADF984F82A00284601F078FC18BB284689
S21401D14001F03EFDF8B9D4F8E03053B194F830114F
S21401D150414506D02046B3F91220EDF799FE84F832
S21401D1603901204601F09AFE0949A4F83401012349
S21401D170084AD1F8FC1004F1F80003F0AFFC0020D7
S21401D180BDE8F88321200C2384F83031F8E700BF8E
S21401D190001F00B0581F00B0F8B5054690F83001E2
S21401D1A00C460C28164623D0FF2923D01AB14FF07F
S21401D1B0FF32114B1A6019F069F9074695F83001EC
S21401D1C001F068FD844228BF0446E4B2BC4238BF81
S21401D1D03C46E0B285F82B0001F002FEFF280CBFAA
S21401D1E02124002416B9284601F068FD2046F8BD22
S21401D1F00224FBE72124F9E77869002010B590F8AE
S21401D200303104460C2B43D0D0F8E03080F82A1099
S21401D210D3B3D0F8F020CAB990F839318B421BD37A
S21401D22000222046FFF7B8FF40BB1A4B1B78022BA3
S21401D23023D8204601F032FE17490123174AD1F8B8
S21401D240FC1004F1F80003F049FC16E0B0F94220A6
S21401D250B3F912309A42E3DD0022204694F83911E0
S21401D260FFF79AFF50B9C4F8E000204618F057FDC2
S21401D2704FF6FF739842014601D1002010BD2046AB
S21401D280BDE81040FFF7C2B8FF2380F82B30F4E763
S21401D2900220F3E7FC6B0020001F00B0581F00B00F
S21401D2A0F0B51D46144B04461B780F46164685B04E
S21401D2B05BB1D0F8E030E3B102AAB3F912300092C4
S21401D2C0002214F0EEF905B0F0BD02A918F0ADFD8C
S21401D2D09DF808103A462046EDF7DAFD014626B9D4
S21401D2E02A462046FFF758FFEDE72046FFF786FF60
S21401D2F0E9E71846E7E700BF664E0400D0F89C3021
S21401D300012B01D10020704770B5044665498CB0E9
S21401D31019F0F1F8D4F8E0600146E58DC4F8E400B0
S21401D32026B1336813B15B68002B71D11DF0A9FAE1
S21401D3301DF0A2FA0123D4F8E4108DF80630B38963
S21401D340D6E90120EB1A9BB200FB03225648ADF842
S21401D3500430036800928B4207D0204618F0DCFDAB
S21401D36080225249524BC8641A61514D00F052FE58
S21401D3700128FBD1AB689E06F8D420469DF806200E
S21401D380009906AB03F0E6F800283ED100F042FE15
S21401D3900128FBD1464A136FD801FCD4936899063D
S21401D3A0F9D4684606A903F08DFA054668BBE28DF6
S21401D3B0404B5A6494F8243060F3410384F82430D7
S21401D3C000F0EEFFD4F8E0305969431E0E68DBB278
S21401D3D0FD2B029622D9F31C34D84B68FF28039301
S21401D3E05ED10126DA1C25D8024602A9204618F08D
S21401D3F0ABFFE6B9D4F8543199053FD494F82430FC
S21401D40043F0020384F8243011E002200CB070BD12
S21401D4101A68032A8AD99B6A5B0E8EE74B68012835
S21401D4200393DED00246204602A918F08DFF0020A5
S21401D4300CB070BD0133204B5B6816D0DA1C23D8C4
S21401D4400393D1E71C4B01361B6818BF0126DD1C70
S21401D45006D802934B68FF280393C3D00020C3E786
S21401D460FF284B6819D00393C3E7DD1C0FD802468B
S21401D470204602A9039318F067FFBBE720464FF446
S21401D480803119F0E9F8D2E7FF28B2D1E6E7FF28A4
S21401D490B0D10022204602A9EDE701200393A1E7BF
S21401D4A02A46C0E7FC1F00B0B4540020001F00B09D
S21401D4B0000002B8008001B88069002010B50C4653
S21401D4C019B118F0EEFE00B10434204602F0B8FAA5
S21401D4D0024B4042C3F8C80E002010BD001000B039
S21401D4E0838E70B593420C4615461CD3836C8B42D3
S21401D4F008BF00241DF0C5F94FF49C530B4906469E
S21401D500CA68C2F30362D340DA0702D50B6F9B03E6
S21401D51004D401222946204601F016F830461DF0B3
S21401D520ABF9002070BD2120FCE700BF000002B867
S21401D5302DE9F84F064615460B4611B92120BDE8E0
S21401D540F88F002AFAD0032905D8002201F05EF9E7
S21401D55003460028F2D01C889978B4F5804F01F074
S21401D560070080F0C580A0F1070C1A7993F805A092
S21401D570DF88DCF1000343EB0C0305282B7394BF13
S21401D5800023C1F30013C1F3801C6B738B0985F86C
S21401D59010C003F00203C1F3C00C43EA0C03C1F34D
S21401D5A040116B74A974AF82002A40F0828096F80D
S21401D5B01E31013BDBB2EB74D6F89430DF0600F186
S21401D5C08380063801287FD8B6F81280F76908F1FB
S21401D5D0FF38484B083C04EA08045B6D3B5D0134A8
S21401D5E0802B0EBF6FF07F03323B5BB2AB73002321
S21401D5F0AB6096F8279004EA0804B9F1000F61D1F0
S21401D600631D03EA08035A1C02EA0802BA5CFB5CC3
S21401D61043EA0223D9040FFA83FB4CD5D6F8E4304B
S21401D62013B11B68022B05D841F24D724C21002024
S21401D630FEF74EFFD6F8E420CBF30B0392F8242036
S21401D640DB000AB1B3FBF2F39A4508D83BB1CAEB4B
S21401D6500A2ABAFBF3FA6FEA0A0A5FFA8AF9D6F8D7
S21401D660EC3023B1484695F90E1098478146631C65
S21401D67085F80F9003EA0803F95C013303EA08030F
S21401D680FA5C013303EA080341EA0221FA5C01333A
S21401D69003EA0803F85C41EA0241002341EA00611B
S21401D6A06A7C304603F0D8FA06232860AB71002066
S21401D6B045E7531E7EE717F804904FEA49095FFADB
S21401D6C089F9CCE79946D2E700230020EB730A4B91
S21401D6D05A69C2F30723120448BF63F0FF035AB224
S21401D6E012F1800F1CBF323B5AB2AA730346DCE725
S21401D6F0022024E7004000B800C000B838B51488FE
S21401D70011F003054FEAC40422D13F2C20D9B4FA04
S21401D71084F4C4F11903DBB2052B01D8192C15D0FA
S21401D720052B28BF052301240633DBB29C40C4F336
S21401D730CF03138003828161448700F02DFF054AE1
S21401D740631E2343C2F8A430284638BD2B46EAE7B9
S21401D7502125F9E7001E00B011F5004F1FBF01F3A8
S21401D7600E01044BC1F30E01002014BF9964212061
S21401D770704700BF008001B8F8B504460E4619B9D7
S21401D78090F824305A063FD44FF6FF73618ED4F8D2
S21401D790E470994204D0314B1B680BB12046984780
S21401D7A02F4D2B68BB424DD02E4B1B683BB11FB192
S21401D7B03A68002A48D0BF68394620469847072766
S21401D7C0204601F06BFB002E32D006270126264BA1
S21401D7D094F9282093F900302449C3F11C039B1ABD
S21401D7E0CA69DB0222F4FF2203F4FF231343CB6151
S21401D7F0D4F8E4301E4A2B601E4B976720461E70F5
S21401D80018F093FD0020F8BD4FF6FF71144DD0F8C7
S21401D810E4702A6866F386139742418680F82430BE
S21401D82017D0104B1B68002BC1D101F037FB07271F
S21401D83011493B46114AD1F8FC1004F1F80003F0F7
S21401D8404DF9C2E70127BBE71746204639469847F8
S21401D850B5E701F023FB0127EAE700BFC05400202B
S21401D860B4540020BC540020D362002000C000B88D
S21401D870006000B8D4620020001F00B0581F00B03E
S21401D880054A12681AB190F81E1119B910470846D0
S21401D89002F0AABB01487047B054002000FEFFFF0B
S21401D8A0344B2DE9F7431C6801F4007900F00103BD
S21401D8B0174653EA090206460D4635D04FF00008D2
S21401D8C03BB30023002200210120CDE9008803F0AC
S21401D8D007FB042001F02CFE41462046FFF7D0FF4F
S21401D8E0012241462086104618F0CBF9D4F8941050
S21401D8F004F1F80002F010FC1F490868FFF7C0F8B1
S21401D9004FF0FF330B6094F8243043F0040384F89F
S21401D9102430B9F1000F07D00121204618F09CFEF3
S21401D92025F4007506430D432B4632462046FFF785
S21401D93009F9FB070FD51149114A08680021136838
S21401D940116001210F4A117003B198470E4B002157
S21401D95002205B68984717F00E0F08D04FF4097243
S21401D9603B21002003B0BDE8F043FEF7B1BD03B094
S21401D970BDE8F083C455002070690020C85400201B
S21401D980CC540020D56200206869002008B54822E2
S21401D99000210248FDF72CFF002008BDDC1E00B068
S21401D9A073B578216422A0F8141182210C23C0E9F2
S21401D9B04112C0E94322C0F8002107224FF0FF358B
S21401D9C0002680F830314FF6FF730446C28700F117
S21401D9D04C0282641E4AC385A0F8403080F82C3081
S21401D9E043864263038780F82860C0F8A8504585BF
S21401D9F080F8265003F03EFC2046FFF7C7FF94F957
S21401DA0028102046FFF76AF9602340F6FF71114A95
S21401DA102046D36402F11C42D162D1650E4A2946E2
S21401DA20D36440220D4B1A67D4F89420FFF7D8F937
S21401DA300E230022CDE9003340F202231046194698
S21401DA4003F04EFA01F0E2F8304602B070BD00BFB6
S21401DA504000FFFF004000B8005000B8002002B8A8
S21401DA6010B50C46FFF792FFBCB1A378082B16D869
S21401DA70E278082A13D843EA021313F0FF030CBF17
S21401DA8019466168074AC2F8DC10217882F820112D
S21401DA90617882F8233182F82111002010BD2120FF
S21401DAA0FCE700BF001E00B0012A10B512D8032BF8
S21401DAB010D803EB82020123074C934094F822010D
S21401DAC0DBB221B10343002084F8223110BD20EAE5
S21401DAD00303F8E72120F9E7001E00B0034670B5FE
S21401DAE00C68B0F83421013408BFD3F800418D68C2
S21401DAF008BF0C604C68F830013404BFD3F80C4101
S21401DB004C606E1C3CD1D3F80841CE688C60751C05
S21401DB103CD1D3F804510E69CD60013604BFD3F869
S21401DB20F8600E614E69013604BFD3F8FC604E61A1
S21401DB308E69013604BFD3F810618E618E695EB3BB
S21401DB405A32B24238BF32460E688A6116B15A2E30
S21401DB5038BF5A26C3F808414C68C3E94065C3E993
S21401DB6043420A69C3F8F8204A690C49C3F8FC2005
S21401DB70D1F8FC1007230A4A02F0B0FF002070BD5E
S21401DB8002F15A04AC4238BF2C46BEE702F17805D2
S21401DB90B54238BF3546BEE76422D5E7001F00B060
S21401DBA0581F00B070B51CF06CFE04460B4E00F01A
S21401DBB031FA012805D020461CF05EFE02252846D3
S21401DBC070BDF36813F0706FC3F30365EFD1B36AEA
S21401DBD0DB06ECD520461CF04FFEF0E7000002B84D
S21401DBE038B51CF04EFE4FF6FF710A4A13888B4279
S21401DBF003D11CF041FE0E2038BD074C074D1B0417
S21401DC006566A4F58054636611801CF035FE00201D
S21401DC10F2E700BFFA6B0020006001B80000FFFFCA
S21401DC202DE9F74304460F4615461E46FFF732F820
S21401DC3030B3A38A23B3204618F039F978B9002EF9
S21401DC4040F0F280794BD3F8D83E03F03002102A28
S21401DC5000F0EA8003F0C003402B00F0E580DFF817
S21401DC600082D8F81430D90740F1DE801CF009FE96
S21401DC700646032001F058FD30B130461CF0FCFD8D
S21401DC80022003B0BDE8F083D8F8142012F006088D
S21401DC90F3D130461CF0F0FD644B4FF40061204692
S21401DCA0D3F8D89ED3F8AC6E04F0BEF940B14FF469
S21401DCB0007201215E4B08461A67424617F0E1FFE3
S21401DCC094F82530DA0707D5D4F894305B0542BFBF
S21401DCD04FF40022574B1A6739462046FEF796FB4B
S21401DCE0524BC3F8D89EC3F8AC6E0028C9D194F83D
S21401DCF02430980601D4002D57D0C5F3400003F018
S21401DD0023FB022315F4807F1BBF0021494A484AA2
S21401DD10136717BF484A13675161136303F04EFB3D
S21401DD204FF4806315F0040F14BF444A444A15F0BB
S21401DD30400F53624FF004023D4B28461A674FF0DE
S21401DD40400314BF3F4A404AC2F88830FEF7C8FE77
S21401DD50204618F0D6F938B14FF4807315F0010F4C
S21401DD6014BF344A324A1367A90647D54FF6FF72E5
S21401DD70B4F8403093420FD0344A3549526E100CF5
S21401DD80C2F301120132B3FBF2F308802B4A2C498D
S21401DD9030481B0448665366003D18BF012594F8B9
S21401DDA0243065F3451384F82430204618F079FAB8
S21401DDB0F0B1204618F0A5F9D0B14FF40031204655
S21401DDC004F032F9431C03229BB2234801A918F040
S21401DDD020FB9DF8042002F00703052B9DF8053073
S21401DDE015D112070DD443F480731C4AC2F8B8301B
S21401DDF0002003B0BDE8F04318F018BBFFF7F0FEB3
S21401DE00CAE713F0040F09D19DF80630EBE703F0DB
S21401DE103002202A05D113F0010FF4E74FF4807386
S21401DE20E3E79DF80630E0E70E202AE7001000B091
S21401DE30002002B8001002B800400054005001B89B
S21401DE40006001B800D000B800E000B8004001B89A
S21401DE50FA6B00200000FFFF08400054001E00B0CF
S21401DE6000C001B82DE9F3410646884615461F460F
S21401DE701CF007FD0446032001F056FC38B120468D
S21401DE801CF0FAFC0E24204602B0BDE8F081042006
S21401DE9001F04AFC0028F2D120461CF0EDFC0123DB
S21401DEA02A4641463046FFF7BBFE04460028EAD123
S21401DEB0DFF8C8805FB388F8000039463046FEF7C1
S21401DEC035FD00284CD198F80030012B1CD02022BB
S21401DED0244B1A67244BDB6CB3F5817F1FD20120DC
S21401DEE018F0E5FA1CF0CDFC204B06461B680193A2
S21401DEF0CBB901F093FC15F0800526D101F0E0FCCA
S21401DF00284603F0F5F925E003F008FABBE798F890
S21401DF100030012BF8D0002BD9D12124B3E7802281
S21401DF20134B1A61DBE7042001F002FB00230122F8
S21401DF30042001A901F01AFB0028DAD103F056FAF1
S21401DF40212430461CF098FC9DE70022094B9A6775
S21401DF5001F0B6FC084B01215B6800209847F0E70A
S21401DF60044690E7001002B8001F00B0B854002025
S21401DF70000002B800C001B868690020D262002023
S21401DF8008B50C4BD3F84C114B1C12D011F0804144
S21401DF900FD1094B1B6813B10320FEF70BFE4FF0A0
S21401DFA080624FF40071054BDA67054AD16201229F
S21401DFB05A6108BD0080E00FC4550020001002B869
S21401DFC0004000B84FF40022034B186F03F50053CE
S21401DFD01A67C0F3C0407047000002B8024B586988
S21401DFE000F00100704700BF00C001B8084B5A6935
S21401DFF0D10707D508B901F077BA5B69DA0706D405
S21401E00001F064BA5B69DB0701D40028F8D17047D8
S21401E01000C001B80F4BDB68C3F30363013B0B2B56
S21401E0200FD8DFE803F006060C06060606080A08FF
S21401E0300808022070470420704705207047032017
S21401E0407047054B5B6913F0060F0CBF01200420D7
S21401E050704700BF000002B800C001B8094AD36883
S21401E060C3F303630B2B08D06FF49050184100F0F4
S21401E070010080F0010040007047106F10F48030FE
S21401E080EDD17047000002B80C4AD368C3F30363AE
S21401E090062B07D8042BD8B20BD8C31E58425841BA
S21401E0A040007047072B06D1D2F830010028ECD18A
S21401E0B07047022070470020704700BF000002B87A
S21401E0C0094BDB68C3F303639A1E012A8CBF002247
S21401E0D00122012B02701EBF4FF4026222FA03F3E3
S21401E0E003F001030B707047000002B8094AD368B9
S21401E0F0C3F30363032B01D0072B08D1536FDB0651
S21401E10005D4906F80F00800C0F3C000704700206F
S21401E110704700BF000002B8024B0022196818F0D1
S21401E120A1B800BF80770400024B1B6803B11847F3
S21401E130704700BFE4540020024B1B6803B1184728
S21401E140704700BFE054002010B5FF224FF6FF7164
S21401E150044618F0A9F868B9FF224FF6FF71204669
S21401E16018F0B3F830B92046BDE81040FF22024946
S21401E17018F0BDB810BD00BF247704002DE9F041AA
S21401E1801C46184B05461E680F46904646B1306839
S21401E19001F01CFEF3681BB1B368186801F016FEA7
S21401E1A0114B1B682BB1DA681AB19B68186801F02D
S21401E1B00DFE9DF81830640744EA08425B0503F03B
S21401E1C0BC6342EAC7621A432846084942F4C87249
S21401E1D003F016FF002228461146FFF781F90020BA
S21401E1E0BDE8F0817C770400807704009007E12D7C
S21401E1F008B5FFF77BFF88B1094BDA6912030DD525
S21401E200186F10F4003009D19B6F13F0100F4FF008
S21401E21010030CBF034A044A936708BD0220FCE7BB
S21401E220000002B8001002B8002002B838B5044653
S21401E230F8B1124AD3691B031DD5556F104BC5F3B0
S21401E2408115032DB3F8B4300DD10822083B9BB2DB
S21401E25021460C4818F0DDF80020084B25729B6F0C
S21401E2601B0A637238BD022D05D1023B2A469BB2BA
S21401E270EEE72120F6E70220F4E700BF000002B82F
S21401E280001E00B038400054431EDBB2FD2B14D9EB
S21401E290FF280B6801D14A68134313F0802F1EBF75
S21401E2A042F20102074BC3F8282251F82020054B01
S21401E2B0C3F85022C3F8542270470128F5D1002331
S21401E2C0E9E700BF004001B8F0B585B06D460E46DF
S21401E2D00F4B074614460FCB85E80F000D4BD3F8BE
S21401E2E048020090D3F84C2201923EB1631EDBB285
S21401E2F0FD2B0AD93060FF2C00D1726022462946D8
S21401E300384618F021F805B0F0BD012CF4E700BF3F
S21401E3102C7704000080E00FF0B585B06E460D4BFB
S21401E32007460D460FCB86E80F0000F039F8314658
S21401E33004460246384618F080F94DB140B9FF2C24
S21401E3401BBF04AB03EB8404009B54F8103C2B600A
S21401E35005B0F0BD2C77040030B50C4B054618709F
S21401E36085B0082380B90A4AC2F8FC3351B96C4615
S21401E370084B0FCB84E80F00074B2A462146186846
S21401E380FFF7A2FF05B030BD044AEDE7716C00202F
S21401E390001002B83C770400C4550020002002B8E3
S21401E3A0014B1878704700BF716C0020124BD3F8F0
S21401E3B0E020D2031ED54FF480321049C1F8E02088
S21401E3C0A1F58051C1F8EC201A6CD1B2C2F3072234
S21401E3D0C3F88010C3F880200422C3F880200022EE
S21401E3E0C3F88020C3F88020C3F88020C3F88020BB
S21401E3F0C3F88020704700BF0040005400600054FE
S21401E400F0220A4B01219A64A022A3F580539A6454
S21401E410074B826CC3F8C010FC21C3F89810C3F8F0
S21401E4209C204FF40052C3F8BC207047006000B82F
S21401E43000400054F8B50D46174606461CF021FA72
S21401E44001230421084C094A2363A760E66025617D
S21401E450C2F8E010064AC2F884311CF00DFA0DB17C
S21401E46002232363F8BD00BF00400054006000543F
S21401E47000E100E00222024B58611A63704700BFB8
S21401E480004000540122044B1A6640F6FF7299635D
S21401E490D863DA65704700BF004000542DE9F04F9D
S21401E4A0042A05460B4683B039D901260978141F7C
S21401E4B081615A7803F1040982619A788261DB7876
S21401E4C083610368D0F808B003F0070306339E4063
S21401E4D006F1FF3A0AEA0B084768A6EB08029442DF
S21401E4E047F000570ED84946224607EB0800FDF7CD
S21401E4F00FFB46EA0A0604EB0B023240AA6003B0A1
S21401E500BDE8F08F494607EB08000192FDF700FBD6
S21401E510019A384609EB0201A21B4244E7E7013A99
S21401E520032AECD8DFE802F00B08050213F8012BEA
S21401E530826113F8012BAA6113F8012BAA611B78DB
S21401E540AB6103B0BDE8F08F38B50C461546014601
S21401E5500F4B60B101220F48C3F8C0202246FFF7D7
S21401E5609DFF1DB104220A4BC3F8C02038BD64B11B
S21401E570D3F8A420A24284BF0122C3F8C0200222FD
S21401E580C3F8A040C3F8C020EBE70122FAE700BFBA
S21401E590004000549840005438B504461CF071F908
S21401E5A001211A4A638F054611663BB3B3FA83F31A
S21401E5B0C3F11903DBB2A069C2F890109366072372
S21401E5C0D066C2F88C304FF4A02302F50052C2F890
S21401E5D0E030A2F58052C2F8EC3000220C4B1A60F3
S21401E5E00C4B1B6F5B0209D54FF480020A4B04F1FA
S21401E5F0F8001A67D4F8941001F08EFD4FF4E0236A
S21401E6002846E363BDE838401CF036B900400054A4
S21401E610E8540020000002B8002002B82DE9F843B3
S21401E62005460C46B1B1D0F81880478F1CF029F981
S21401E630B5F83CC0791E01EA0C0323F00702032C4F
S21401E6400646DFF8F8E042445CD1DEF8004024B923
S21401E6501CF012F90E20BDE8F88324F00104DEF860
S21401E660000020F00100A04251D10023CEF8003076
S21401E670238894426FEA43436FEA534323803CD195
S21401E680EB8F08EB07091846083880B202F1080438
S21401E6904C4528BF4446082804D9B4F800E0BEF526
S21401E6A0804F3ED263440F431B1A3B409BB2AB875D
S21401E6B0E887118894781C4AC1F30C0151645367AA
S21401E6C0C2F88C004FF48022184B04F00704C3F8FC
S21401E6D0E0200122164BC3F88421FFF767FE042CC5
S21401E6E00BD14FF48002134B05F1F8001B6F124B50
S21401E6F01A67D5F8941001F00FFD30461CF0BCF8EF
S21401E7000020A8E7601E012898BF1446A7E7E88FF7
S21401E7104344E31A48BFDB1908389842A8DC304660
S21401E72096E72246B0E700BF004000540060005460
S21401E73000E100E0000002B8002002B8E854002022
S21401E740144B10B51968CA8F8B8F488F1344013844
S21401E750073B8C69034023F007031C4402F10803BE
S21401E7600D4A9BB2CB87C2F88C304FF480220B4BFC
S21401E770C3F8E02001220A4BC3F88421A07800F0F8
S21401E7800700042803D1074AD3681B03FCD4064BB1
S21401E7901C6010BDC45500200040005400600054A9
S21401E7A000E100E0000002B8E854002010B5064C75
S21401E7B0216839B1CB0703D4044B1868FFF72EFF45
S21401E7C00023236010BD00BFE8540020C45500207C
S21401E7D04FF480320B4B0C49C3F8EC20A3F50053E1
S21401E7E0C1F8E020D3F888109A6E012302F00702E0
S21401E7F006329340C1F30C01083B994201D8FFF75A
S21401E800D5BD704700600054005000542DE9F04714
S21401E81080460C4616468769458F1CF032F8B8F8D4
S21401E8203C2005F1FF3C02EA0C0323F00701032C10
S21401E83082463944B8F83E0019D1494C24689CB93F
S21401E8400244073A02EA0C0222F00702BC183B44D3
S21401E850E31A48BF5B19834210DB50461CF00CF8E4
S21401E86000242046BDE8F08724F00104EFE7012CE0
S21401E87002D0022CEBD108380C46E8E7002E3DD03A
S21401E8808C423FD1374AD2F844903649B8F81270D4
S21401E890D1F88820C2F30C02934247DA2588B5F5F1
S21401E8A0804FDAD2A378C5F30C0503F007037A1E6E
S21401E8B0A5EB09053A43052B337005EA02052DD869
S21401E8C02DB2E84340F241420421C00FFDF700FE9D
S21401E8D07580E3783374D8F81C207B1E03EA09039D
S21401E8E0D118B160A9B213FA85F5AF422FBF002344
S21401E8F0FF1AB780F26024BFB180F36050461BF068
S21401E900BBFFAEE7A4F10802974284BFED0802EB15
S21401E910C502B2F80090C9F30C09B6E7124B5B6D5D
S21401E920003B18BF0123A5EBC305C9E70B6C7A1E94
S21401E930A3EB09033A431A400C4915B2002DCB68E4
S21401E9400BDCC3F30363D81E43424341DB00337041
S21401E9508B6F72801B0A3374BDE70823F7E700BF8D
S21401E960E854002000400054004000B8000002B8FF
S21401E970054BA822D3F84C013121431C0CBF0120C2
S21401E980C0F38070FDF7A4BD0080E00F38B5094DD7
S21401E9900446286840F69702003818BF01202B214C
S21401E9A0FDF796FDFA235C432B680A20B4FBF3F4CB
S21401E9B0604338BD1C550020174B30B51A68431C00
S21401E9C0164B22D0B2F1407F1FD3154D00F03F0405
S21401E9D0D5F8002122F03F021443C3F8C84001F0E5
S21401E9E03F042243C3F8D020D5F804310D4A1A401B
S21401E9F00D4B03EA500003EA510110431143074B44
S21401EA00C3F8CC00C3F8D41030BD00200146C3F8CB
S21401EA10C800C3F8D000F2E70080E00F001F00B086
S21401EA20000002B81FF087E1E0FFFF7F73B5574E85
S21401EA300446317819B91C225548FCF7D9FE2378CB
S21401EA40544A6188137051804FF0FC62524CFF218A
S21401EA50C4F8FC204FF47F02C4F808214F4A022B69
S21401EA604F4D117033D1042307224E49C4F8FC23BD
S21401EA70C5F8FC33C4F800114FF4C071C5F8001195
S21401EA80C4F8FC234FF48052C5F8FC33C5F8702156
S21401EA904FF40052C4F87021C4F808314FF4FF1344
S21401EAA0C4F8FC304FF4BB13C5F8FC308023C4F81F
S21401EAB0703148F2C8023C4BC3F8D8203B4B3C4A65
S21401EAC00020C3F8C02F0123337002B070BD394A4D
S21401EAD0012BC4F80021384B27D14FF4C072C5F87A
S21401EAE00021D3F83802D3F83C12FFF765FF07235D
S21401EAF0C4F8FC330223C5F8FC334FF48053C5F841
S21401EB0070314FF40053C4F870310423C4F808314F
S21401EB100DEB0300ECF7F4F89DF80530023B012BF2
S21401EB209CBF8023C5F87031C3E7244AC5F800218D
S21401EB30D3F83002D3F83412FFF73EFF0723C4F8A8
S21401EB40FC330123C5F8FC338023C4F870314FF43D
S21401EB50805301A8C4F87031ECF7D2F89DF805305F
S21401EB60012B05D19DF8043053B948F25D1309E035
S21401EB70FBD9023B012B9CBF4FF40053C5F8703103
S21401EB8048F25813084AC2F8D83097E7D6620020F0
S21401EB90C41F00B0FC6B0020002002B8756C00207A
S21401EBA0001002B8C0F10F00001F00B0001000B046
S21401EBB0F0540020C0F70F000080E00FC0F60F00F1
S21401EBC0034B1A6802609B8883800020704700BF51
S21401EBD0FC6B002010B5044601F026F80A4BD3F86A
S21401EBE0F83724B983F40023C3F3C04010BD012CC9
S21401EBF005D113F4C02F0CBF01200020F6E7A31E99
S21401EC0058425841F2E700BF000002B86FF07F4259
S21401EC10154BD3F8FC37934208D0144A03F03F0350
S21401EC201370F123124A1370124A13701249134BD0
S21401EC3009781A68A9B1B2F1A06F12D3D3F85012AD
S21401EC400F4A104BB1F1FF3F18BF13460E4A13602F
S21401EC5041F66A020D4B1B68B3FBF2F30C4A1360D4
S21401EC607047084BF2E700BF000002B8766C002040
S21401EC70776C0020786C0020746C00200080E00F18
S21401EC805082E00F60770400EC54002038550020D5
S21401EC901C550020012807D0022802D030B10020E0
S21401ECA07047034B18787047024BFBE7024BF9E7B6
S21401ECB0766C0020776C0020786C00200023F0B57D
S21401ECC090F8304185B002462046CDE90133CDF8B3
S21401ECD00B30FFF7DFFF92F82B30411EC9B28B4293
S21401ECE028BF0B46002C3CD0012C38D104241846F2
S21401ECF04FF00F0C384E0DEB0405B0FBFCF7F75D3B
S21401ED00013CC01BC0B2814238BF00206055002CB8
S21401ED10F3D105240F278DF80830B3FBF7F0305CEC
S21401ED200344DBB28B4228BF0B462B5501340B2C18
S21401ED30F3D10F2602F1A800D43215F8013BB3FB3C
S21401ED40F6F14C1CC1EB01115B1A0133DBB2E4B2E4
S21401ED501B0443EA045340F8043F8242EDD105B058
S21401ED60F0BD042418464FF00F0C1C4F0DEB0406A3
S21401ED70B0FBFCF5EDB27D5D013C401BC0B28142AB
S21401ED8038BF0020A055002CF2D105240F258DF8A0
S21401ED900830B3FBF5F0385C0344DBB28B4228BF86
S21401EDA00B46335501340B2CF3D10F2502F1A80481
S21401EDB0D43216F8013BB3FBF5F1481CC1EB011147
S21401EDC05B1A0133DBB2C0B21B0443EA005344F8BA
S21401EDD0043FA242EDD1C2E7597704004C77040004
S21401EDE038B5284B05461A7827490C2A02D1FF2048
S21401EDF0087038BD104617F049FB04461046FFF769
S21401EE0049FFA84228BF2846C0B2A04238BF2046C4
S21401EE100B78C0B28342ECD0087088B1431EDBB2D7
S21401EE20022A1A490ED14FF0FC62C1F8FC20A1F566
S21401EE300051D1F8FC2042EA4353C1F8FC30D8E730
S21401EE400346EDE7124A134C1268AC32C4F8C02FE1
S21401EE504FF47F02C1F808210F49CA6FD202C8D405
S21401EE600F22B3FBF2F2551CC2EB02129B1A0133BE
S21401EE70D1F808411B0443EA05532343C1F808317E
S21401EE80B7E700BFFC6B0020756C0020002002B8BD
S21401EE90C4550020001000B0000002B82DE9F04F64
S21401EEA090F830510646D0F8A82087B035BB1F2A07
S21401EEB038BF1F22093A4C24844B85481B6A96F8B2
S21401EEC02B10C3F38213DC400368DFF82CA29342B5
S21401EED0DFF828827F4B04F0010414D11F78A74283
S21401EEE011D19AF80070AF420DD17B4F3F788F4217
S21401EEF009D1B8F8040007B0BDE8F08F032A38BF7F
S21401EF000322023AD7E7026098F800001C70FFF768
S21401EF10C1FEFF2924D1284617F0B8FA07466F49E3
S21401EF203CB3D6F8E4702FB13B68082B40F2CB8097
S21401EF3097F838701DBB0B6840F27121B3FBF1F3F3
S21401EF4053431922B3FBF2F339462A4605A8059323
S21401EF5017F072FA02023C04059842F0110988E0A3
S21401EF60471E8F4228BF0F46012F38BF0127FFB229
S21401EF70D5E7012D29D0022D01D0B5B327460B6860
S21401EF8040F27121B3FBF1F353431922B3FBF2F3C1
S21401EF903946012207EB072405A8059307EB04244D
S21401EFA017F04AFA7F00032F38BF0327020242EA0E
S21401EFB0001242EA0009033F00F01F0007FA00F0C2
S21401EFC0FFF7E4FC00F5FA6758E00F23B7FBF3F30D
S21401EFD0581CC3EB0313FB1A0133DBB2C0B21B048C
S21401EFE043EA0053C3F30747C9E70C6840F27121AF
S21401EFF0B4FBF1F40F2354431922B7FBF3F3B4FB2C
S21401F000F2F43748374A0068A2FB0412013350FA7B
S21401F01083F313F8013C0392A3F140012A4603A8A7
S21401F020019317F009FA039F2F4AE41BA2FB04126F
S21401F03000903021049204A82A4617F0FDF9DDF865
S21401F04010B08146A4EB0B0401220594102144F272
S21401F050100405A817F0F0F9009B1A02019B42EA7A
S21401F060091244EA0344059B42EA000907EB0B0038
S21401F0701844FFF78BFC00F50C57283740F6FF7154
S21401F0801A4B3846C3F8C010A3F58053C3F8C09096
S21401F090A3F58053C3F8C440154C276001F0B0FCBB
S21401F0A04FF47A72134B4042986523680A49B3FBC2
S21401F0B0F2F3A8F8043096F82B30B7FBF2F08AF892
S21401F0C000500B7017E7002734E700BF004001B877
S21401F0D078690020D7620020726C00203855002025
S21401F0E0EC54002069C2F568911E856B006001B87A
S21401F0F020550020001F00B0736C0020FC6B002020
S21401F100014B1870704700BF746C002010B50446A0
S21401F11003F012F878B1174B1B786BB964B1164B34
S21401F1201B784BB1154B1B78013B012B04D84FF4D0
S21401F1300042134BDA6710BD124BDB6F1B04FAD487
S21401F1401BF09FFB4FF400420F4B0446DA67A3F512
S21401F150A0435B682BB1FEF741FF10B1022017F008
S21401F160A6F90222094B2046BDE81040C3F88424C4
S21401F1701BF082BBD8620020D962002024550020F3
S21401F180002002B8000002B8001002B800D00350F8
S21401F1900122024B00201A70FFF7B8BFD862002088
S21401F1A00022024B01201A70FFF7B0BFD862002080
S21401F1B0F7B50646504C00F037FD504B2578504FBA
S21401F1C01E7085BB2846FFF7A1FF2378013B012B64
S21401F1D019D8E37B01A88DF80430237C8DF805301F
S21401F1E0E8F7AEFFC7F884544FF6FF72454BC3F8F5
S21401F1F08420F822A3F58053C3F884200022404BD4
S21401F200C3F884240DE04FF6FF723E4BC7F88454D2
S21401F210C3F88420F822A3F58053C3F88420C7F8E6
S21401F2208454394B5BE00020FFF770FF2378013BE5
S21401F230012B08D8E37B01A88DF80430237C8DF8D8
S21401F2400530E8F77DFF0023C7F88434002ECBD0C5
S21401F25062685AB32D4B1B6803EB5203B3FBF2F300
S21401F260013B1B0243F0F80326782649022E284A62
S21401F2701ED0032E4FF6FF75214826D0012E34D11D
S21401F28043F00203C1F88450C2F884300723C0F863
S21401F2908434E37B01A88DF80430237C8DF8053097
S21401F2A0E8F722FF0120FFF731FF17E0F823DBE73D
S21401F2B04FF6FF7043F00103C1F88400C2F88430B2
S21401F2C006220F4BC3F88424E3E743F00503C1F895
S21401F2D08450C2F884300423C0F884340D4B4FF0B8
S21401F2E080420020DA6703B0F0BDC1F88450C2F84E
S21401F2F084300023F0E700BF24550020D9620020A7
S21401F30000C00350006000B8002002B83855002045
S21401F310005000B8001002B8F0B5294F06463D4629
S21401F32004460FCE0FC5336885B02B6000F07CFC19
S21401F3300022244BC3F88424A17A627A42EA01426D
S21401F340C3F89024217CE27B42EA0142C3F88C2474
S21401F350217B627B41EA0240C3F888043B78032B99
S21401F3602AD8DFE803F022020C178DF804100421D6
S21401F3708DF805200DEB01000022E8F781FEE37B06
S21401F38000228DF80830237C042102A88DF809306C
S21401F390E8F776FE637A01228DF80C30A37A042111
S21401F3A003A88DF80D30E8F76BFE074B187805B00B
S21401F3B0BDE8F040FFF7FCBE212005B0F0BD00BF60
S21401F3C02455002000C00350D9620020034BDB6F98
S21401F3D0002BBCBF024BC3F888007047000002B880
S21401F3E0004000B82DE9F04717F0C5F84FF47A76DB
S21401F3F02D4BB0FBF6F618604FF4FA7373430746CD
S21401F4002A48190E1B021818294A4FF0000341F129
S21401F4100001FBF781FE274BA0F5807205461A63B3
S21401F42020B948222B21FDF753F801254FF47A72B3
S21401F4304FF0000A6A43534650083102FBF76CFE50
S21401F4401C4B1D4AB7F57A7F9A601C4B4FEA05683C
S21401F45019601B4B8946044618604FEA152505D2EC
S21401F4609B222B215046FDF733F801264FF47A7381
S21401F470A8FB030103FB05117308C01841F1000145
S21401F48000233246FBF748FE0E4B023419600E4B42
S21401F49049F10009A408186044EA8974054B013C47
S21401F4A09C63BDE8F08700BF3855002020A1070007
S21401F4B040420F0000C001B802110100485500206B
S21401F4C044550020405500203C5500201022044B96
S21401F4D0C3F884215A600122024BDA60704700BFEC
S21401F4E000E100E000C001B81022064BC3F88421F9
S21401F4F0C3F88420BFF34F8FBFF36F8F0422024BF4
S21401F500DA60704700E100E000C001B810B50446BB
S21401F510A242A2EB0000A3EB010104D2034B013986
S21401F5209B6B0133184401F0030110BD00C001B804
S21401F53038B501250A4B02019D504FF480730446ED
S21401F540084A834053661BF09CF9074AA540137886
S21401F55023EA05031370BDE838401BF08DB900BFE0
S21401F56000E101B800E001B8E26200202DE9F84FA1
S21401F570164605468A461F461BF083F9022E00F002
S21401F580908080461BF08AF9594B5A4AD3F820904E
S21401F590147D5A6EE4B2520744BFD3F8209001346A
S21401F5A004F003041BF075F94846214600F036FACC
S21401F5B08446DAF80000012E04BF01306044ACEB4B
S21401F5C0000C08BFCAF80000BCF1804F7DD300F0E4
S21401F5D037FA8145A1EB040188BF454BDFF834C1FA
S21401F5E088BF01F1FF3101F0030188BF9B6BA0EBDF
S21401F5F0090E0CF80510A1B1F90742BF41F61F72BA
S21401F6003D4B5A67BA0742BF3B4B3C4A5A677B079A
S21401F61042BF0022364B9A673C0742BF0022344B5A
S21401F6209A6511244FF0010A314B05F110021201BF
S21401F63003EB051BCBF80C0131499C501A6A0AFAF8
S21401F64005F4586E0B78A2EB0902E4B22343724527
S21401F6500B7025D34FF48073AB40034220D11CF8C6
S21401F6600520002A40D10EB3264AF807536607D56F
S21401F67041F61F7140F201101F4B596750675967D9
S21401F680B90706D51C4B1D4A1E491F485A674867CD
S21401F6905A677A0742BF01221C4B1A613B071AD4EC
S21401F6A040461BF0E9F80120BDE8F88F184A2D0105
S21401F6B042F805A042F89C3C1BF0E3F810490B7891
S21401F6C023EA04030B701BF0D7F840461BF0D4F86E
S21401F6D00020BDE8F88F2120FFF778FE4FF4803236
S21401F6E0034B4046DA60DCE7064A40465366D8E7F5
S21401F6F000C001B8A855002000E001B800001F1F97
S21401F700E262002000D001B800000101000002B84A
S21401F71000E101B8DA620020024B1878003818BF01
S21401F72001207047E2620020034B10300001185898
S21401F73000F00100704700BF00C001B870B5064672
S21401F740FEF74CFC044608B1FFF7CEFE0023084D39
S21401F7503046AB61EB612B6200F072F9054BC9B222
S21401F760197528620CB1FFF7B1FE002070BD00BF0D
S21401F77000C001B8A85500202DE9F0419DF8188079
S21401F7800D46B8F1000F08BF0022214EB5F5803FA7
S21401F790B168074621F4700141F4A001B1609DF8FB
S21401F7A020409DF81C104FEA042444EA016444EA10
S21401F7B0031444EA084444EA02044FF0180140F2F4
S21401F7C0E9222CBF002001207465FCF781FE356418
S21401F7D0B8F1000F1AD00F4BBC68D3F888305A2CFA
S21401F7E038BF5A245B0606D500F0F0FB18B10A4B69
S21401F7F0B3FBF0F31C44204600F022F901308542A9
S21401F80038BF0022024B34BF5A645864BDE8F08109
S21401F81000C001B800C000B800093D00214B10B57A
S21401F8201A6E1A66596C59B11F49C96800292EDB30
S21401F830596D4FF0FF3301F00F018B409A4326D1EB
S21401F84010242020FFF7C2FD184B9C6002F088FBB5
S21401F8502022174BC3F8842101F0F4FC48B10022A2
S21401F86000200821FEF71CF8124B5C66A3F58053B6
S21401F8701C670D4AD36803F07063B3F1807FF9D932
S21401F880084B0D4A5A6741F201429A6710BD01F0D2
S21401F890D9FC0028F4D0094B064A5366A2F58052DB
S21401F8A01367EDE700C001B8000002B8001002B807
S21401F8B000E100E000E001B8011B01181000002083
S21401F8C008B52120FFF782FD4FF48032014BDA6044
S21401F8D008BD00BF00C001B8F8B5184D04462B6A34
S21401F8E01B0426D500F0E6FB2B6AA0FB044613F0AA
S21401F8F0787F4FEA9367C3F34450C3F3044505D1B9
S21401F90040F25A422B21FCF7E3FD0120AD01B5FB85
S21401F910F0F010EB871005D140F25F422B21FCF787
S21401F920D7FD01200246002320463146FBF7F4FBB3
S21401F930F8BD00F04BFBA0FB0401F9E700C000B8DE
S21401F9400246012030B50B4CA0F12003C0F1200582
S21401F95024FA05F504FA03F32B4304FA00F595425D
S21401F9608B4100D330BD0F2801D00130ECE7FF20DA
S21401F970F8E700BF40420F0010B50C46FFF7ACFF9A
S21401F980C30943EA4163C01A61EBD111FFF7D8FFFF
S21401F990FF2814D00F220C4B40F01000C3F888202B
S21401F9A0A3F58053C3F88800A3F580531B6ADBB226
S21401F9B0802B06D02046BDE8104000F067BB212012
S21401F9C010BD0220FCE700BF00E000B838B51AF011
S21401F9D065FF084B084A1D6A147D5A6EE4B2520749
S21401F9E044BF1D6A01341AF054FF284604F003018F
S21401F9F038BD00BF00C001B8A85500200346064A1E
S21401FA00103302EB00111B01D1F80C01D158C1F3E0
S21401FA10400116F057BD00BF00C001B8064B1B6879
S21401FA20434303EB8171054B1B68A3FB003013F1C5
S21401FA30004341EB00007047405500203C55002034
S21401FA400C4A20F04043014610B5002014684FF0E0
S21401FA500042E4FB0320084A890F126802FB0300F8
S21401FA60064B9B6B984204D901330131C01A01F051
S21401FA70030110BD445500204855002000C001B8C0
S21401FA80044B01F0F071103041F0030100011950F0
S21401FA90704700BF00C001B808B52220FFF796FCEA
S21401FAA04FF48022014BDA6008BD00BF00C001B8E8
S21401FAB008B5064B4FF030401A6805499200FCF72E
S21401FAC027F8BDE8084001F0E3B800BF9C770400C2
S21401FAD0A077040070B50C68651C15D0C4F30266E7
S21401FAE09E42C4F3074530D1A4B294422DD804EB0C
S21401FAF08506B24229D2141BA50824F003040E5928
S21401FB00340F04D0012C08D00022212402E06B1C03
S21401FB1051F82320C0E9002470BD0E4C34F8133090
S21401FB2042EA03431A686B1C51F8234001EB830138
S21401FB304B6822405E4036F0704404D11B0F032B05
S21401FB4004BF8B681A430024E4E7013501EB850105
S21401FB50C1E700BF7477040007B501A8EBF7D0F83A
S21401FB604822164B5A65164AD2F8D43023F4FC3391
S21401FB70C2F8D430134B1B689DF80530023B012BAD
S21401FB8019D84022104BC3F8FC23104BD3F85C3233
S21401FB90DBB2FF2B00D10623094A1B03D2F8FC1364
S21401FBA09BB20B43C2F8FC33D2F83021084B1A60E3
S21401FBB003B05DF804FB00F0E7FEECE7008001B857
S21401FBC0000002B8002000B0001002B80080E00F6C
S21401FBD0DC54002000224FF400710F4B10B51A6759
S21401FBE05A679A670D4AD162012102F5E8325161DE
S21401FBF0DA6812F0706FFBD14FF0304201245A667A
S21401FC0002F5FC5208329C66DA64054B1B6898477D
S21401FC10044B5C6110BD00BF000002B8004000B894
S21401FC207C690020002002B801230F4A0F49C2F860
S21401FC3080328A6A22F002028A620D4A53600D4AB5
S21401FC4053600D4A5360A2F580425360A2F54042CC
S21401FC50536002F5C032536002F580425360A2F54C
S21401FC6000425360704700BF0080005000C0005043
S21401FC7000D000B800500054005001B808B5FFF796
S21401FC80D3FF0E4B0E4ADA6700F076FEFFF764FFED
S21401FC9003220C4BC3F8E020012203F54043DA6748
S21401FCA04FF460725A614FF40072DA67FEF778FB20
S21401FCB0BDE808400021FEF74FBB00BF000002B8B8
S21401FCC00048F000005001B82DE9F04F054687B016
S21401FCD002900F4657F8044B631C06D1029B2C601A
S21401FCE0E81A801007B0BDE8F08F5FEA147B18BFF2
S21401FCF00123344AC4F3016108BFC4F3074332F851
S21401FD001120A4B24FEAC30A2F4844EA02440AF17A
S21401FD1004022A4482421BD20722CA4002F0010290
S21401FD2001929A0004EB830303930123B94603FA75
S21401FD300BF808F0940305F1080604920593039B5B
S21401FD4009F10409A34208D1049955443944C0E78E
S21401FD501D4A9542E0D80020C4E7059B53B918F028
S21401FD60420F19D118F0280F0BD146F8084C59F854
S21401FD70042C21E04FF4206232210020FCF7A8FB7E
S21401FD80F3E740F6042232210198FCF7A1FB04F5C3
S21401FD90805246F8082CEAE740F60D2232210198F7
S21401FDA0FCF796FB04F50052BBF1010F46F8082C50
S21401FDB0DDD159F8042CD24346F8042C0434083615
S21401FDC0BDE700BF74770400003000B0F8B5054603
S21401FDD0F0B10026154B34461F46154953F8042B3F
S21401FDE0BAB9A00000F13040294600F50150FFF7EE
S21401FDF06BFF30B940F6AE323621BDE8F840FCF76D
S21401FE0067BB0C4B0134044447F8265023F81640D0
S21401FE10F8BDAA42FCD001360C2E02D031F81640AD
S21401FE20DCE740F6C83236210020E6E74C550020D4
S21401FE30AA5B0020AC5B002070B50446A8B1C1B136
S21401FE40384A52F8043B984215D1002336498A684D
S21401FE509206FCD49B00354A03F1304303F5015367
S21401FE60C2F8B0302022324B9A6070BD01330C2BA1
S21401FE7002D1304D12E0012352F8041BA142F5D104
S21401FE802D4A32F81330E1E704D16268C3E9001263
S21401FE90083403E0012A01D1043419602268531C96
S21401FEA0E3D0C2F3016335F81300110C93B211F0DD
S21401FEB0FE0F43EA004360680DD00434CAB2022A3A
S21401FEC02168E1D9D4E90160033AC3E900169860D4
S21401FED00C340C33F3E7120F072AD9D8DFE802F007
S21401FEE00704090D1013181DC04303F500531860CD
S21401FEF0CEE71A6842401A60CAE703F58053F6E770
S21401FF0016F0D5FAC4E7012203F580538240F2E7E2
S21401FF10012203F500538240EDE71A6830EA020237
S21401FF20FBD1B5E74C550020000002B8001E00B01A
S21401FF30001002B874770400AA5B00200122014B6E
S21401FF40DA677047001002B80122014BDA67704782
S21401FF50002002B84022014BDA677047002002B841
S21401FF604022014BDA677047001002B80B4B1B6842
S21401FF70D3F8E43023B11A68022A01D9186A704707
S21401FF80074B9A6D90B238B1064BC2F307421B6815
S21401FF90DB085343B3FBF0F0704700BFC4550020A5
S21401FFA0004001B838550020064BDB68C3F30363F5
S21401FFB0984206D1044AD36B23F0F00343EA0111B9
S21401FFC0D1637047000002B8001F00B0054B1B68E4
S21401FFD0D3F8E43013B11A680A2A01D8FFF7C6BF6E
S21401FFE0186C7047C45500202DE9F743064616F0F5
S21401FFF057FA00248046DFF890901AF042FC0DF183
S214020000070105460DF10600FEF75AF89DF8063080
S2140200108BB9721C29D016F043FAA0EB08042846C6
S2140200201AF02AFC9DF8063013B99DF807303BB348
S214020030A642E2D824E0D9F80C3013F4603FE8D0A8
S214020040D9F8100016F099FA731C074603D016F07A
S21402005027FAA0EB080428461AF00EFC17F5007FD4
S214020060E0D0384603B0BDE8F08328461AF004FC18
S2140200709DF80630002BC0D19DF80730002BBCD16E
S214020080004FEEE700FEFFFF00C000B810F1800F41
S21402009004D04D28CEBF7F20323040B2FF22044B20
S2140200A0C0B21A62A3F5805318620020704700BFE0
S2140200B000E000B80B4A10B5136E0B4C116E03F03D
S2140200C00703E35CC1F3CD0101FB0333126E07485D
S2140200D0C2F3454202FB033300688001B0FBF3F033
S2140200E010BD00BF004001B86C77040038550020F0
S2140200F0084910B5D1F89C3040B11C46CA68D1F800
S2140201009C309C42F9D1C2F30362027003F00F00E6
S21402011010BD00BF000002B8094B01F080011B6F42
S21402012003F480030B4309D14FF40012054B1A6205
S214020130837F1BB10122044BC3F80021704700BF26
S214020140000002B8006001B8005001B82DE9F04F77
S214020150404F804685B038680C4615F0A8FE20B998
S2140201600024204605B0BDE8F08F22460021404616
S214020170FBF73EFB384B5D6915F00105F0D1FCF745
S21402018001F806460028EBD03F68384615F0C7FD52
S2140201904FF6FF73984234D04FF060512F4E304BDB
S2140201A0304AD3F82090D6F88C3011624FF00061B6
S2140201B0A2F58052116224220421C6F88C202A4A13
S2140201C04FF4804B91604FF480520027DFF8A4A0D2
S2140201D0CAF868B0F262A7421ED30421234A91608D
S2140201E0A2F5F032C2F88C304FF060521D4B1A6204
S2140201F009EA02031E4A13624FF480421D4B9A66B6
S214020200AFE73146384615F02EFD01463846FCF774
S214020210FDF80028C0D0A3E7B26E5104FCD5B26840
S214020220D205F9D5CAF868B0D6F890200135012D66
S2140202300392D0D9E21B042AA8BF042208EB0700C7
S21402024003A901930092FBF763FC009A019B3A44D0
S21402025097B2C0E7C4550020000002B8004000B8BC
S214020260004001B8006001B8001002B8002002B8D1
S214020270005001B8006000B84FF604014FF60502C0
S214020280044B01201B6C9BB28B4208BF1346024AEA
S214020290136670470080E00F00C001B82DE9F74FE3
S2140202A081460F464FF0FF35FFF790FB0026019080
S2140202B08A462C463046DFF8D8B006F110031B01FA
S2140202C05BF8033003F00308B8F1010F15D130468E
S2140202D0FFF794FB02460B4601985146FFF716F9C4
S2140202E0DBF8643006F10802D340DB0739D5002F6D
S2140202F040D000252C463E6040460136082EDCD112
S21402030060B3234A0027D2F808C0916B0CF440333E
S2140203100131A4FB0141641941F10001B3F5003F2C
S21402032030D1536B0CF4405C013347F10006BCF548
S214020330805F22D1156B15F5807505FB06F647F131
S214020340000203FB0266A5FB03323244594304FB58
S2140203500212A3FB04341444C9E9003403B0BDE816
S214020360F08FA84271EB0403C6D207B13E60054681
S2140203700C46C1E73D463C46BEE7320242EA1362FD
S2140203801B02E3E7136B13F5807347F10002DDE708
S21402039000C001B808B516F004F9044B5A7C0123D4
S2140203A002329340024A536108BD00BFA85500209E
S2140203B0002000582DE9F34105460F4668461146CF
S2140203C0FFF76CFF0646B0B1AFB1DDE900321B0A9B
S2140203D043EA0263A5FB0384094B120A05FB0244A7
S2140203E01A6812B916F0C7F802460023404621469C
S2140203F0FAF792FE3860304602B0BDE8F08100BFE0
S2140204003855002037B50446FFF70EFCE17822790E
S2140204101B4841EA0243C0F8CC34E579A37943EAA3
S2140204200543C0F8D03423784BB18DF8041004216C
S2140204308DF805200DEB01000022E7F721FE637818
S2140204405BB10421A37900228DF80430E3790DEB29
S21402045001008DF80530E7F713FE227801235AB122
S214020460084AC2F8C834627802233AB1054A002024
S214020470C2F8C83403B030BD034AF2E7024AF6E7D0
S21402048000C0035000D0035000E0035070B52C4B60
S2140204900C461A7812B92B4A926D1A702A4AD26FF3
S2140204A052054AD51D78294B05F00F06B0FBF3F02E
S2140204B040434FEA151505D140F27C622B21FCF72A
S2140204C007F80120224A0A217243B2FBF0F348439E
S2140204D0B3FBF1F602EB5002B2FBF0F201FB16336D
S2140204E0042BD2B207D8C3EB8310C3EB80035BB2F4
S2140204F083B96DB217E0C3F10B0303EB8303DBB2E0
S214020500B3FBF1F32B44DDB20F2DF2D9013AD2B28E
S214020510053DEEE7053B5BB293FBF1F31D44EBB200
S2140205206DB2002D04DB002042EA0512226070BD87
S21402053001320533D2B25DB2F5E70220F7E700BF1B
S214020540E3620020008001B8000002B8403B2500AC
S214020550809698004FF0000C2DE9F84FA2FB017B25
S214020560C84EDFF85CE3BE1999466BF10003B64548
S2140205707CEB030308D240F23E220E216046FBF7D4
S214020580A7FF0220BDE8F88FD0F8E4A00C46154677
S214020590BAF1000F04D0DAF80030032B00F21B8108
S2140205A0B94BBA4A9B6BD2F8FCA0C3F31408B84BFB
S2140205B0D3F8EC305E00B64B48BF48F400181B6E0A
S2140205C048EA456858074EBF4FF440039B0503F0C0
S2140205D0E07348EA030818F0D3FA012D0646D0D194
S2140205E00028CED0AB4B984200F0048103F51223CC
S2140205F003F5F863984200F00381A74B984200F097
S2140206002F81002502462B4600204FF00071FAF794
S21402061083FD2B46013007FB03F3C8F3130100FBEF
S2140206200B33A1FB0662A7FB007001FB0522034405
S21402063020339B09C9F80030F60C984B46EA42363E
S21402064018F4801F1C6008BF7642954B954DC9F87A
S214020650144034441E602C60BAF1000F00F0B980DA
S21402066000239149C8F381528A5C194618F0807FAC
S21402067018BF6408002EB8BF764292066008C2FB16
S21402068006012246FAF748FDDAF800300E2B08D9A2
S2140206907F4B7D4A926BD969D3F80C31C90600F1BB
S2140206A0D68018F4001814BFC42240F207127F49FD
S2140206B0C0F31300A1FB04614FEA511102FB01F1E2
S2140206C0C9F80400DAF818004FF4FA73B1FBF0F137
S2140206D018BF4FF0000801FB03F3A4FB0262FA33D3
S2140206E0A3FB003004FB0822B342904138BF01311D
S2140206F0C9B241F4006CC9F808C000297ED0DAF805
S2140207001C00A1FB003624B1B4FA84F20E2A40F390
S2140207108880E203002E77D1B2FBF3F2530003FB8C
S2140207200113A3FB00764FEA044EBE454FEA14447B
S21402073074EB060609D34E003344A0FB0371BE4594
S21402074074EB010102F10102F6D2C2F30E024CEA88
S214020750023C4CF00063C9F8083018F011FA2B6816
S214020760002B00F08880B3FA83F4D4F102044CBF65
S2140207701C4623FA04F44E4B9C4288BF64080028A9
S21402078046D0B4FBF0F3642100FB134201FB02F2F5
S214020790904244D85A1E52085B08013B120242EAB3
S2140207A00313C9F80C3018F0B7F900285CD0B4FB74
S2140207B0F0F2642100FB124401FB04F4A0425ED86E
S2140207C0531E5B085208013A1B0243EA0213C9F899
S2140207D010300020D6E6042BDAF828807FF4FBAE31
S2140207E018F0807F0CBF08F0E0734FF4400328F047
S2140207F0E078EEE600232F481D460CE72120C1E6EE
S21402080000232D481D4606E70B46002289E70446CC
S21402081040F2C2422B210020FBF75AFE2346013B40
S214020820B8E7C2F10F0702F1110E06FA0EFEFB4000
S21402083043EA0E03A7F1200E26FA0EFE43EA0E0343
S214020840FE40013304FA02F246F1000662E702F4C1
S214020850801203F400131A4308BFC0F5801020E785
S214020860002316481D46D6E640F2E5422B21FBF74A
S2140208702FFE621EA4E70028C9D01C46CFE7144606
S214020880F7E700BF006CCA88008001B8001F00B0FE
S214020890004001B800F04902005A62028455002066
S2140208A0805500207C55002084770400D34D6210CA
S2140208B03FBE40250A3BB2DF313641DCD694BFD676
S2140208C0807C814A10B50B46044686B039B98279D7
S2140208D0016821486B460068FFF73CFE6B461F4ADC
S2140208E0196851631E4AD2F8FC2062B35A6842B1B4
S2140208F01C4A1D49C2F80C115968A2F58052C2F86A
S2140209000C119A6842B1174A1849C2F8EC10996855
S214020910A2F58052C2F8EC101549D868D1F86421C5
S21402092022F4EE620243C1F86421D1F85C21186910
S21402093022F4EE620243C1F85C21A1F5FF41586938
S2140209402839FFF7A3FD0020A2880A4B9A6203F516
S214020950A033186406B010BDC4550020008001B84C
S214020960001F00B0006001B8FFFF0F00FFF8FF0F86
S214020970000002B8004000B84FF48062014BDA670C
S214020980704700BF001002B84FF48062034BDA676C
S214020990034B1B780BB1034A93657047002002B8DD
S2140209A0E3620020008001B840B10368012B05D93C
S2140209B00069034B002808BF184670470048704776
S2140209C08C77040010B590B10468012C0FD9026927
S2140209D06AB11168094B102C196051685960916808
S2140209E088BFD268996094BFD960DA6010BD1022C1
S2140209F000210248FAF7FCFEF8E700BF8C550020FB
S214020A00084BC1171A68A2FB000302FB013310F160
S214020A10807043F10003400E40EAC310803820EA9B
S214020A20E07070479C5500200722164B70B5DA66B8
S214020A30154B164A1D68164BEC08E005C0184FEA1F
S214020A40153141F100010023FAF766FB114B124EF5
S214020A5018604EF66020FFF7D3FF4042C6F88400C7
S214020A600E48FEF7EDFF024658B1E301500818188B
S214020A704FEA15714FF0000341F10001FAF74CFB03
S214020A80F06570BD000002B83855002065CD1D0027
S214020A90B2E60E009C550020001F00B040420F0038
S214020AA010B5044698B10B4BD3F8FC00FFF78AFF4B
S214020AB04FF47A7303FB04F0074BA0F6AC50DA68E7
S214020AC09B681044C01ABDE81040FFF799BF4EF667
S214020AD06020F8E7001F00B08C5500202DE9F8438F
S214020AE00546084614461E46FFF76CFF0DB306F091
S214020AF0020716F004061ED1DFB14FF47A706B6857
S214020B005843002B40F08C80FFF77AFF60626B69D7
S214020B10002B00F08C804B4AD0684FF47A7202FBAE
S214020B200300A0F503501038FFF76AFF2062002E7C
S214020B3057D1BDE8F8832869002868D04FF47A7345
S214020B405843404BA0F6AC509B68C01AFFF758FFBC
S214020B50E061A88B00285DD04FF47A735843394B76
S214020B60A0F6AC509B68C01AFFF74AFF2061364BCE
S214020B70E968D3F8008000294FD04FF47A735943BE
S214020B80304BA1F6AC519A685B68891AC91A2F4B8A
S214020B90C8171A68DFF8BC90A2FB011302FB0033E9
S214020BA011F1807143F10003490E41EAC311803905
S214020BB0274B6161DB6EA361D9F8003053B1404622
S214020BC015F06FFB30B12246D9F800301D49D8F82F
S214020BD0D80098470021A869FFF762FFA062002F9D
S214020BE08BD1A86830BB47F23050FFF709FFA060F0
S214020BF04FF47A702B6858432BB1124B1B6803F5DF
S214020C001C5310331844FFF7FBFEE06091E74EF6E4
S214020C1060209BE74EF66020A6E74EF66021B6E718
S214020C20084B1B6803F51C53103318446CE747F255
S214020C30305079E74FF47A735843A0F503501038D2
S214020C40D3E700BF8C550020C45500209C550020D9
S214020C50001F00B08855002038B5054608461C46D9
S214020C6015F041FC0246D5F8E400FFF79DFE436806
S214020C70A018002B044AA8BF4FF4FA721A44034B7A
S214020C8092FBF3F2104438BD0CFEFFFF18FCFFFF88
S214020C9070B5124C88B001AD0FCC0FC594E80700B2
S214020CA085E807008C2200210D48FAF7A1FDD42220
S214020CB000210C48FAF79CFD0B4B0C4A5A6301F0D4
S214020CC04DFA0B4B1B783BB1044E01AD0FCD0FC650
S214020CD095E8070084E8070008B070BDC41F00B09E
S214020CE0A01E00B02C1F00B0001F00B01011111182
S214020CF0D662002008B519F0C4FD0E4B1A78A2B9C8
S214020D000D4A126812F4843F0FD10C4A1021D167A3
S214020D101B7863B9084B1B68DB0508D4074B2022F7
S214020D20DA67BDE8084019F0A7BD054AEEE7044BAE
S214020D30F5E700BFE9620020A0150020002002B8F7
S214020D40001002B80A4B197801F0FF0229B10021FF
S214020D50197008499202C1F8B420597801F0FF02CE
S214020D6029B1002159709302024AC2F8B83070477E
S214020D70E4620020005000B8064BD3F8D80E064BAB
S214020D805B6F1A0103D4054B9B6E1B0401D500F55D
S214020D9080707047001000B0000002B8004000B833
S214020DA010B519F06EFD0E2104460320FFF7FCF87D
S214020DB040F20122034B2046BDE81040DA6219F0E9
S214020DC05BBD00BF004000B808B519F05AFD4FF0F1
S214020DD00042224BC3F88020BFF34F8FBFF36F8FC2
S214020DE00122C3F88420BFF34F8FBFF36F8F022216
S214020DF0C3F88420BFF34F8FBFF36F8F0422C3F86C
S214020E008420BFF34F8FBFF36F8F0822C3F884206E
S214020E10BFF34F8FBFF36F8F1022C3F88420BFF348
S214020E204F8FBFF36F8F2022C3F88420BFF34F8FFC
S214020E30BFF36F8F4022C3F88420BFF34F8FBFF3F8
S214020E406F8F4FF48072C3F88420BFF34F8FBFF3C7
S214020E506F8FBDE8084019F00FBD00BF00E100E04B
S214020E6008B519F00EFD4FF00042094B1A60012238
S214020E705A6004225A6008225A6010225A602022BF
S214020E805A6040225A60BDE8084019F0F5BC00BF1F
S214020E9000E100E0012370B5074C2370074B1E6883
S214020EA0074B3240D3E9005319402840FCF7F8FCC0
S214020EB00023237070BD00BFE7620020A455002007
S214020EC0A01500200022044B1A70044B197811B1A9
S214020ED01A70FFF70FBF7047E8620020E962002031
S214020EE02DE9F047DDF820A003EA0108099B064633
S214020EF00C4602EA000703EA0A09BAF1000F40F0BC
S214020F004E81031F0B4300F00E81052871F100038A
S214020F1080F0E48050EA010300F06081431E0B4338
S214020F2000F02481FFF750FFAD4AD2E9005323EACE
S214020F30040325EA06053D4343EA0807A94BC2E92E
S214020F4000571E68DFF8F48226EA0A0646EA090611
S214020F501E60FFF7CFFE15F02A4F14BF48F20203B9
S214020F604FF40043A04AB007D26EA04848BF43F4ED
S214020F70005383EA020122EA0302C2669C4A0B403D
S214020F808166D366C5F380421203290348BF42F442
S214020F908072EB0648BF42F40052964BAC0648BF3E
S214020FA042F400726806D3F80C3248BF42F48062FC
S214020FB0290648BF42F400628F4882EA030123EA08
S214020FC00203C0F80C328D4B0A40C7F34024A40437
S214020FD0C0F80812C3F80C22EA0448BF44F480346E
S214020FE0AB0348BF44F48014A80748BF44F4800407
S214020FF015F4001F06D0D8F8000015F0A8FB08B9B3
S21402100044F40024E90248BF44F40034FA0648BF18
S21402101044F4000473077A4B48BF44F004041A6A87
S21402102044F4001484EA020323F0010375491A40CB
S2140210300A621C40CB61744B16F0010F1C62734BA4
S214021040734A18BF1A46734B7C071B6F48BF42F0A1
S2140210500062714882EA030123EA020303676F4BC8
S2140210600A4041661A676E4A05F00103516CA0F504
S214021070803081EA030221EA0301416482631A4056
S214021080684B28025A64D8F8002048BF664B92F88C
S214021090F62058BF654B690748BF43F4806322B108
S2140210A015F4C06F18BF43F480733207604A48BF16
S2140210B043F00043D2F8EC105E4883EA010222F4C1
S2140210C0A0221140C0F8EC101340C0F8E0205A4AA3
S2140210D0BDE8F047C2F8EC30FFF7C2BEA0F5806369
S2140210E00B4306D020F48063A3F500730B437FF412
S2140210F019AF19F0C6FB3A49D1E9003223EA0603D2
S21402110022EA040242EA08023B43C1E900324B4AA1
S214021110126892F8F610474A09B313F4C06F1ED04D
S2140211204FF4807311E019F0ACFB2D4AD2E900317E
S21402113023F004033B4341EA080157EA0807C2E9E1
S21402114000314FF480633B4A0BD0C2F8E030A2F580
S2140211508052C2F8EC30BDE8F04719F08DBB4FF470
S2140211608073C2F8EC30C2F8E030F4E719F089FB7D
S2140211701B4AD2E9003123F001033B4341EA08014E
S214021180C2E9003101232E4A57EA08071BBF9363C0
S214021190A2F580525364536408BF9363DBE750EAB8
S2140211A001037FF4BFAEBAF1010F7FF4BBAE19F0B4
S2140211B068FB0C4A136823F0010343EA0903136031
S2140211C04FF48063144AB9F1000F04D05366A2F5B7
S2140211D080521367BFE713675366BCE7BDE8F08724
S2140211E0A0150020A4550020004000B8006000B8FA
S2140211F0005000B8004001B8006001B8005001B8C5
S214021200000002B8002002B8001002B8041C000356
S2140212100418000300C001B800E001B800D001B80D
S21402122000C000B800D000B80D0A0A09090A0A0967
S214021230004000540060005400500054C455002082
S21402124000E000B8024B5868C0F3C000704700BF09
S214021250A0150020024B186800F00100704700BF7E
S214021260A0150020024B5868C0F3C030704700BF7C
S214021270A015002010B50446FEF700FDFFF7A4FDFA
S2140212802046FDF7BDF8FEF7A5FCFEF7ABF8FEF725
S2140212901DF9FFF7C9FB13490723134AD1F8FC10BF
S2140212A004F1F800FFF71AFC4FF080710020FEF7F9
S2140212B0E7FB4FF000720D4B4FF400110120C3F80C
S2140212C00021FEF7DDFBFEF7D7FF20B940F292328F
S2140212D01421FBF7FDF815F06DF9BDE8104001206A
S2140212E0FDF766BF001F00B0581F00B000D001B85F
S2140212F08023074A1367082340B11367054AD2F8CA
S214021300A03023F02003C2F8A0307047024AF4E768
S214021310001002B8001E00B0002002B810B519F086
S214021320B0FA012104460020FFF7E2FF044B1961E0
S214021330044B5B6898472046BDE8104019F09CBAFB
S214021340000002B868690020F8B5194C05462078F6
S21402135040F2E442B0FA80F03E214009FBF7B8F8CA
S21402136055B9607840F2E442BDE8F840B0FA80F041
S2140213703E214009FBF7ACB84FF440660D4F0E4DC8
S214021380D7F8B43040F2E442C3F381232370C5F8A1
S214021390B46060783E21B0FA80F04009FBF798F816
S2140213A0D7F8B830C3F381236370C5F8B860F8BDC8
S2140213B0E4620020004000B8006000B8F8B5084CAF
S2140213C0084D236F0423084F2B67236F5B0300D45B
S2140213D0F8BD042602203E6715F069F82E67F4E78A
S2140213E0000002B8001002B8002002B8A82238B5E1
S2140213F01A4B1D6F03F500531A6710229A60A3F565
S214021400804302F100521A675A66FFF79BFC144BA0
S2140214101B7813B90320FEF78BF80024114B9C6748
S214021420FFF7CCFF104A114BD2F8D81E0B40C2F879
S214021430D83E04220E4B1A670E4BAA06C3F8AC40DF
S21402144008D503F58073DB6CB3F5817F22BF80225B
S214021450024B1A61BDE83840FCF7C2BB000002B876
S214021460E662002000C001B8001000B0DF0000FFF6
S214021470002002B8001E00B010B549B930B3164AB3
S214021480D3681B0E13F00E0F20D193689A061DD454
S214021490FFF786FC104C0020FEF72AFE032801D038
S2140214A0092805D1636FDB03F5D4E36D0C2BF2D963
S2140214B0FFF784FF4FF40072084BDA62012203F54D
S2140214C0E8335A61042203F580531A674FF4C06268
S2140214D0034BDA6210BD00BF000002B8004000B83D
S2140214E0006001B808B503210920FEF75DFD202241
S2140214F0014B1A6108BD00BF000002B838B50546A8
S21402150019F0BFF90E4B04461868FDF745F835B1D9
S214021510FFF7D8FC2046BDE8384019F0ADB9094BB4
S2140215201B78002BF6D0084B1D78002DF2D1FFF762
S214021530C9FC2A464FF480400021FFF7ABFCE9E7DE
S214021540C4550020E8620020E76200202DE9F84F2B
S2140215505C4B06460D4614461B6F002A40F0AE80D2
S21402156013F0A00F14BF4FF001094FF00009FCF76B
S21402157037FBA0234FF0000ADFF868810320C8F883
S2140215807030FDF7D5FF0420FDF7D2FF4E4FFFF770
S21402159099FC4E4B4FF0040B7B67C7F878A0FFF719
S2140215A00DFF4B4B4FF48071D3F8A020494842F010
S2140215B02002C3F8A020FF22C8F80820414A116181
S2140215C0D0F8D82E44491140C0F8D81EC8F870B0DA
S2140215D0C3F8ACA07B6913F0060F04D0FEF75CFAE2
S2140215E05846FDF7A5FFB9F1000F08D04FF4006288
S2140215F03A4B1A674FF40042A3F5E0339A6666B197
S214021600374BDB6C180701D4FFF7CAFBFFF76AFFFC
S2140216100420FDF78DFFFFF795FB2A4B5A69D10789
S21402162047D5DA6812F0706FFBD12E4B2E4A1A6736
S2140216302E4AD36B23F0F003D36315B12046FFF78F
S2140216405DFF2B4BD3F84C315A1C01D05B0002D500
S2140216500122244B5A6164B3214BDA6E03F5005320
S2140216609A6603F5D0331B6A1E4A23F00103D36140
S214021670204BD3F80C1203F50053C3F8081203F5F7
S2140216800053D3F8841003F5005399671A4BD3F826
S214021690EC1003F50053C3F8E010184B596C03F531
S2140216A000539963164903F5803359664FF608438B
S2140216B013670020BDE8F84FFCF736BD4FF000096F
S2140216C055E700BF000002B800C001B800000101E3
S2140216D0001E00B0001000B0DF0000FF001002B8CD
S2140216E0004000B8002002B810003000001F00B012
S2140216F00080E00F004001B80040005400C000B86F
S2140217005000002F9B4B2DE9F04F9F6EDB6E85B08D
S2140217101F40994B9F66994BD3F8E050D3F8EC30B4
S2140217201D40974BC3F8E050964BD3F80822D3F8E7
S2140217300C3202EA0309944BC3F8089203F52043DD
S214021740DA691B6A02EA0308904B08F47702DA6148
S2140217508F4BD3F80422D20605D4D3F80431C3F350
S2140217600016DB0651D519F08CF88A4B5A695E6E64
S2140217701B6F12F0060F06EA0306874A26F000736E
S21402178014BF4FF0010A4FF0000A23F400637407F7
S214021790536604D5814A137D0133DBB2137519F003
S2140217A06BF8002F00F0E28017F4004300F0D380BD
S2140217B019F067F80146FFF7DFFA0446784BD3F8CC
S2140217C000B0DBF80020DBF800309A42FBD0DBF8F2
S2140217D000209A42FBD0FFF7CFFAA04217D1084664
S2140217E019F04AF86F4B1C606F4BD3F870B01BF4BD
S2140217F0E0520ED124F07F4424F0DF040CB9FFF748
S214021800F5FD4FF0807B002414E0B246C9E704469B
S214021810D7E70192FFF7EAFD5C4B019A1BF480546E
S2140218201A6740F09A801BF4806F0CBF4FF0805B03
S2140218304FF0806BB80715D55B4A5448126F02F416
S21402184060410167002900F08B80110400F18B8053
S21402185012F4005F0CBF4FF000524FF000620024FB
S2140218604BEA020BC7F340377F00504A2A40002A51
S2140218704AD015F4206F0AD040F6A31206210020A3
S214021880FAF726FE0020FFF739FE25F48025EB0541
S21402189006D5FF213D4A4BF4C06B9160FFF780FAF4
S2140218A015F0090F0AD040F6B81208210020FAF700
S2140218B00FFEFFF717FE0121304A116315F0106F75
S2140218C00CD040F6C11209210020FAF701FEFFF7FC
S2140218D009FE002211461046FCF736FE15F4202FAC
S2140218E00AD040F6C91207210020FAF7F1FD0020BF
S2140218F0FFF704FE25F48025E80301D5FCF768FF10
S214021900002DB8BF47F0080769070DD51B4AD26AF3
S21402191012F4005F4FF4005217BF19492449CA62F5
S2140219204BF4000B08BFCA626A0548BF4BF0040BB3
S21402193015F48023019300F0A480FCF701FF013820
S214021940062837D8DFE810F028012B0128012E01DF
S2140219503101340134019B4655E74FF0804B52E784
S2140219604FF000727BE74FF0004278E7BB463C46FA
S2140219707BE700BF004000B8006000B8004000549B
S21402198000600054004001B8006001B8002002B8B0
S21402199000E100E000C001B800E001B8A855002050
S2140219A020770400A0550020000002B8090B0B891E
S2140219B00050005440F6FA1203210020FAF788FD80
S2140219C001218548826ED0F8883002F0070206327E
S2140219D001FA02F2C3F30C0CA2EB0C0292B2072A33
S2140219E012D97E4A126F53020ED47D4B826B806DE3
S2140219F05B6D5BB102F0070206329140C0F30C0049
S214021A00091A89B2072901D84BF4007B754A127865
S214021A10002A36D0704AD2F8E02012F4A02F30D135
S214021A20714A724912789AB9F20411D40A787AB1D4
S214021A304FEADB026E4842EA447282F00102D0F8B4
S214021A40D80E02F00102520020FA02F2930718D1D1
S214021A500420FDF76DFD674A67485067FFF732FAC4
S214021A6062490A784AB9654A127832B1644A6549C7
S214021A7012680BEA02020A4201D14BF4804B26F4AA
S214021A808056B9F1000F1DD019F4805F18BF4BF4D1
S214021A90802B19F4807F18BF4BF4002B19F4005FDB
S214021AA018BF4BF0100B19F4007F18BF4BF0200B39
S214021AB019F4806F18BF4BF0400B19F4006F18BF73
S214021AC04BF0800BB8F1000F48D018F4001F0AD074
S214021AD04D4A13683BB1414A4C48116F00680022D8
S214021AE0C1F3C061984718F4802F18BF44F40074FD
S214021AF018F4803F18BF4BF4805B18F4801F18BFA1
S214021B004BF4003B18F4800F18BF4BF0020B18F48E
S214021B10003F18BF4BF4801B18F4000F18BF44F0A8
S214021B20100418F4002F19D0394AD2F8A02012F067
S214021B30C00F13D02949CA68C2F30362032A01D030
S214021B40072A05D14A6FD00602D48A6F120732D509
S214021B504FF400212F4A28F40028D161002E00F00D
S214021B601B81330540F18F802B48DFF88890C278BE
S214021B702A49002A58D04FF40063013AD2B24B6683
S214021B80C27032B9264A1278C2B140F60141254ADD
S214021B9051670022002173E04BF4803B10E74BF4C0
S214021BA0006B0DE74BF4806B0AE74BF4807B07E78C
S214021BB04BF0080B04E74BF4001BCFE7D9F878206C
S214021BC012F4A05F15BF4FF4807240F60142C9F8C6
S214021BD05820C9F87820DCE700400054000002B81C
S214021BE0004000B8E9620020E8620020EB620020B4
S214021BF0001000B000C001B800000101EA62002037
S214021C00A0150020088D0100D8540020C4550020DD
S214021C10001E00B0002002B8DA62002000E001B820
S214021C20E662002000D001B80320FDF781FCD9F857
S214021C301420A84B12F0060F04BF41F61F72A649E5
S214021C40A64808BF4A674FF40061A34A5166D9F80E
S214021C50142012F0060208BFC9F878205A8A12F435
S214021C60006162D022F400625A82027802F0FF0912
S214021C70002A5ED1FDF710FFFFF7B8FB4A46202187
S214021C804BEA020B0C43B00009D52E20FDF79EFB53
S214021C904FF00051904A44F0080411675166F1066D
S214021CA006D52B20FDF792FB10218B4A1167516651
S214021CB016F0306F05D1F20463D5BAF1000F00F0CA
S214021CC0C080330117D52920FDF780FB844A526C69
S214021CD012B11021834A9160FFF7B4FA48B1824AE2
S214021CE082487D494A66026700F54050C068400453
S214021CF022D444F0040416F0007A28D00420FDF71B
S214021D0017FC2720FDF762FBFFF770FB4FF0007110
S214021D10714A5166764AD2F8D82E520679D40221F2
S214021D20704A916044F0020428E002784FF40052B0
S214021D30A6E74FF400422DE70A6720204A66FDF721
S214021D4045FB2D2044F00C04FDF740FBD3E716F0CC
S214021D50807FDFF88C9147D00420FDF7E9FB28202E
S214021D60FDF734FBD9F87820002A3AD1FFF73EFB7C
S214021D70594A5D4944F00104116751660021584AE8
S214021D809165720508D55B498A78002A00F0D880EA
S214021D90013A8A7000221743574AD2F8A020130647
S214021DA003D558462146FCF7C7F93A465846214617
S214021DB0FFF770F8019B0BB1FCF7F8FC01224F4BC2
S214021DC005F00435C3F8E0504D4B18F4002FC3F865
S214021DD084211EBF4FF40022424BDA6105B0BDE8F3
S214021DE0F08FC9F878A0C3E7F104C7D50420FDF741
S214021DF09FFB444AC9F87420FDF74EFED9F86420CA
S214021E0012F0407FBAD12A20FDF7E0FAFFF7EEFA89
S214021E1080E7394AD2F8A0108B0683D402203A49CA
S214021E2088603A49096891F82510C8077FF57AAFA5
S214021E3092F8C420002A3FF475AF8021344A11611B
S214021E4070E7344A1268013202D04BF0010B98E771
S214021E5028490A7952B1013AD2B20A7112B9234A12
S214021E602D49516700224BEA020B8AE70420FDF750
S214021E705FFB0320FDF75CFB194A2249516718F005
S214021E8000FD81460DF10F00FEF732F9234A824625
S214021E9012780AB1FEF784FFBAF1030F0ED1DFF80B
S214021EA070A00020FEF724F9032807D1DAF8742080
S214021EB0D103F6D4DAF85C200C2AF2D99DF80F206A
S214021EC0032A2FD10121164A4846117018F0D4FC75
S214021ED0C8E700BFA855002000E001B8E66200206F
S214021EE000C001B8002002B81000002000D001B8DF
S214021EF0001000B0DA620020001E00B0006000543D
S214021F0000E100E000000101001002B8C455002004
S214021F10000002B8706900200000010DEC6200208B
S214021F20E8620020094AD2F8E02012F4A02FC9D1B4
S214021F30FEF7C8FF484618F09FFC4FF4804292E72F
S214021F400220FDF7F5FA012225E700BF0040005403
S214021F500122024B1A62DA61704700BF002002B803
S214021F600D4B10B5DC691A6A14400C4A24F47F0142
S214021F70D161E20706D5D9684FF0FF30C1F303619D
S214021F8014F022FB630706D5BDE8104004220020A9
S214021F900021FEF77FBF10BD000002B8002002B885
S214021FA00C4A08B5936B526C13400B4A9363DB07DB
S214021FB00FD50A4B40F663421878122100F0010052
S214021FC0FAF786FABDE80840002201200021FEF753
S214021FD061BF08BD00C000B800E000B8A015002030
S214021FE0054AD2F88430DB07FBD4936FD2F88420FC
S214021FF01340024A93677047008001B800A001B8F8
S21402200070B514460D4618F03CFC064BD3F8A0609B
S21402201074402C407440C3F8A04018F02DFC06EA29
S214022020050070BD001E00B0034BD3F8A0309943E4
S2140220300CBF012000207047001E00B02DE9F041C1
S21402204017460A43012A1D469DF818409DF81C6053
S214022050DDF8208029D8B44227D2082E25D8032BB3
S21402206023D8B8F1000F20D00A460021FBF71CFD4A
S214022070FF21EB009940C943DFF834C008F1FF386E
S214022080FF00E2B2964202D80020BDE8F0813D1978
S2140220900CEB8505D5F8E02018F8010F0A409840A9
S2140220A01043C5F8E0000134EBE72120EDE700BF5E
S2140220B0001E00B0034B1868034B002808BF1846E2
S2140220C0704700BFC0550020709804002DE9F84301
S2140220D0DFF860900646D9F8008008461746B8F141
S2140220E0000F03D00E242046BDE8F88306B33368FB
S2140220F001331DD1E1B1FAF70DF805460028F1D0FB
S214022100C9F80000FAF72CF8284613F071FD0446C9
S21402211040B14046C9F80080FAF722F8284613F084
S21402212062FDE0E73560002FDDD02846B847DAE7E3
S2140221302124D8E7C4550020024B1868003818BF7F
S21402214001207047C4550020002108B5024B0846FE
S2140221505B689847002008BD686900200523064A88
S214022160A2F84A3092F8493003F0010363F0730391
S21402217082F84930704700BF001F00B00023F0B558
S21402218085B0CDE901330393124B134D1B78134EE2
S2140221908DF8043018F082FB2A78337804469A4287
S2140221A00F4F0CD03178386801AA297014F041FA22
S2140221B050B140F608210B4818F065FC04E0386878
S2140221C014F017FA0128EDD0204618F062FB05B08D
S2140221D0F0BD00BF506C0020816C0020826C002095
S2140221E0E0550020A64C0400F8B52B4B1B7823B113
S2140221F040F6FC31294818F046FC18F04FFB284BF5
S21402220007461C8814F0060409D001214FF480709A
S21402221017F09EFB3846BDE8F84018F03ABB214658
S2140222204FF4807017F094FB204600F09DFF0228C2
S21402223008D180221B4B8021186813F0A3FDFFF7FC
S2140222409DFFE7E7204600F08FFF054638B10128DC
S21402225007D040F63141114818F015FCDAE702467D
S214022260E8E7FF220F4E104B30681A70FFF76CFF3C
S214022270306814F0BEF90128CCD02A4629463068C8
S21402228014F0B9F921462C2017F08EFB21460A20BD
S21402229017F08AFBBEE700BFF2620020A64C0400DD
S2140222A0C65B0020E0550020816C0020002101481A
S2140222B018F094B9E86900207F2837B5044610D193
S2140222C04FF6FF73022217480DF10601ADF80630ED
S2140222D0EAF7D6FEBDF80640E2054CBF6FF04A04A8
S2140222E064B218F0DBFA104B05461C700F4B1B88C5
S2140222F0DB0710D50E4B1B78002B0E4B0CBF21466E
S2140223006FF07F01186813F062FD20B140F6786125
S214022310094818F0B8FB284603B0BDE8304018F06C
S214022320B8BA00BF641002C0796C0020C65B0020F9
S214022330F3620020E0550020A64C040010B50FF012
S214022340ACF960B10FF0ABF90B4A80B141F20D0364
S214022350BDE8104041F20D01074817F04BBC074B91
S2140223601A781B799A4204D100220023F0E70D2343
S214022370EEE7034AF9E700BF400D0300506C002069
S214022380488D0100F8B5164E0D46337802F001046A
S21402239023B140F2C531134818F075FB124B134FA8
S2140223A01D60134DA4B1134B997801B10121202071
S2140223B017F0CEFA2B783B700F4B1C780F4B002190
S2140223C01C70042333700E48BDE8F84018F006B9B6
S2140223D02146202017F0BCFA2B783B70EEE700BFB0
S2140223E0F2620020A64C0400D0550020EF620020C6
S2140223F0836C0020D4550020F0620020F162002099
S214022400E86900202DE9F84318F048FADFF8A081C1
S2140224100546B8F80030614C13F4807F03D0237869
S21402242073BBFFF7E1FE0021084617F0BDFA5C4BCE
S2140224301A78FF2A13D01A7802F0FF0632BBFF2260
S2140224401A702378052B0AD100232846237018F029
S21402245020FA304614F07DF918F020FA0546237863
S214022460504E062B09D13378FF2B06D03378022B39
S21402247015D100214C4818F0B1F8FF2333702BE039
S21402248000214FF4807017F063FACCE71A78012A1D
S2140224904FF0FF0214BF33264C261A70D4E7337867
S2140224A013B13378012B22D117F0F2FA07463E48D1
S2140224B096F8009001F0CEFBFF235FFA89F933709D
S2140224C077B1B9F1010F44D16421374884F80090FE
S2140224D018F084F8FFF752FE284618F0DAF906E0FC
S2140224E02846277018F0D5F9384614F032F9B8F8AD
S2140224F000301B0605D50021802017F029FA12F0BD
S2140225003BFC01F0E3FA294E308000B32778012F16
S21402251042D117F077FF054610B3013018F091FB51
S21402252000F44060B0F5006F1AD1042239462846FE
S21402253017F0A8FE284418F084FB4FF6FF73984263
S2140225400ED10020318800F0F1FC00233380BDE874
S214022550F88300232846237018F09BF93F20C4E72F
S214022560114801F077FB002108462170012500F092
S2140225708FFC23780BB9FFF737FE0020318800F076
S214022580D5FC00233380002DE1D020780028DED150
S214022590BDE8F84314F015BA0025EAE7F262002017
S2140225A0806C00207F6C0020E8690020C45B00205D
S2140225B0C65B002008B513460A461946064B18683D
S2140225C013F092FC30B1BDE8084040F2F4410348F3
S2140225D018F059BA08BD00BFE0550020A64C04000A
S2140225E008B513460A461946064B186813F076FCD9
S2140225F030B1BDE8084040F2FB41034818F043BA48
S21402260008BD00BFE0550020A64C0400024B187817
S214022610431E584258417047F262002008B5064BE6
S2140226201B7823B140F22551044818F02CFAFFF724
S214022630DBFD002008BD00BFF2620020A64C0400AD
S21402264008B5054B01EB81011868490013F0C1FB80
S214022650002818BF212008BDE055002008B5044B0D
S2140226601868F9F70FFF0A2390FBF3F040B208BD93
S214022670E0550020014B1878704700BF826C00209E
S21402268008B5044B186813F00FFBB0FA80F0400947
S21402269008BD00BFE055002038B5124D0C462B7819
S2140226A0012B04D940F246510F4818F0ECF92146A6
S2140226B00020FFF7E5FF90B10C4B1C702B785BB93E
S2140226C0FFF792FD0A4B93F900100A4BC9011868EE
S2140226D013F053FB002038BDFFF750FDF2E7212030
S2140226E0F9E700BFF2620020A64C0400826C0020CC
S2140226F0F4620020E055002008B5074B186813F076
S214022700D1FA30B1054BB3FBF0F083B20BB11846E9
S21402271008BD0120FCE700BFE055002040420F0044
S2140227202DE9F3475C4E012018F0AAF93388990781
S21402273004D440F63F41594818F0A5F9DFF88081E5
S21402274098F80030053B012B04D940F64141534826
S21402275018F099F9524F3B6823B940F644414F4866
S21402276018F091F9348814F0200478D00121222040
S21402277017F01AF94FF47A74FFF7BEFF3B681B781E
S2140227800933434304EBC30498F80030A5B2062B82
S2140227900BD117F045FD0446FFF7AEFF6023584302
S2140227A00C2303FB0400284485B2D7F800903D4B67
S2140227B099F800801C7808F1FF381FFA88F8002C78
S2140227C052D133885A0505D409F1010018F039FAB6
S2140227D0C0F340143449354A887812784B7812FB95
S2140227E000F2334F93423B70A4BF9B1A3B703B7878
S2140227F0CA78BD60934238BF13463B700EF055FF51
S214022800002833D00EF04FFF012814BF10250825EC
S21402281025430023DFF8ACA00093802243464946B6
S214022820DAF8000013F007FB20B14FF43B611B48B7
S21402283018F029F91F4BDAF8000019781E4B1970A8
S21402284033889B0614D52A461C4B009713F0EFFEDE
S214022850C0B9002002B0BDE8F04718F011B9214611
S214022860222017F0A1F887E70024B3E72546D0E731
S2140228702A460F4B13F0D9FE014618B9252017F049
S21402288093F8E6E72146262017F08EF840F6F43154
S214022890024818F0F8F8DCE7C65B0020A64C0400F5
S2140228A0D0550020F5620020506C0020EF62002018
S2140228B098690020826C0020816C0020D45500208C
S2140228C0F2620020E0550020184B10B51B889B07CB
S2140228D004D440F6A661164818F0D5F8154B1B78B6
S2140228E0053B012B04D940F6A761114818F0CBF836
S2140228F0114B1B6823B940F6A9610D4818F0C3F8BE
S21402290000240E4B0E4921201C7017F04DF801468C
S21402291018B9BDE81040FFF703BF022804D12046CD
S214022920BDE8104017F0D6B810BD00BFC65B002049
S214022930A64C0400F2620020D0550020ED62002072
S214022940E12A0200F8B55A4C23889A0704D54FF4B8
S2140229503E71584818F097F8574801F07BF917F07F
S2140229609DFF238805465B070DD54FF0FF3013F019
S214022970A9FA524B1B68C01AB0F5717F03D9002121
S214022980042016F0E5FF28464D4D17F082FF2B78FF
S214022990042B32D117F082FF238806465F0708D53C
S2140229A04548002117F01AFE3046BDE8F84017F0F9
S2140229B070BF17F06EFF17F071FF424B06461B788A
S2140229C0414F13B9238859050FD50523012102204B
S2140229D02B7016F0BDFFFFF777FF304617F059FF52
S2140229E03B68DA78394B1A70F8BD3868013018F04F
S2140229F028F98206E9D50623E8E7062B4DD1344BA3
S214022A001B78FF2BF0D1334E0EF051FE3378002B9D
S214022A103DD017F043FF238805465B0705D52648B9
S214022A20002117F0DBFD2846BFE717F032FF3378A8
S214022A30013B337017F032FF04460121022016F0E4
S214022A4087FFFFF741FF20461F4C17F022FF206842
S214022A50013018F0F6F800F44060B0F5006F13D1BC
S214022A60246801210422204617F00CFC204418F0AA
S214022A70E8F80146184B04201A783378D21AD2B2F4
S214022A80BDE8F84018F0A6B84FF6FF71F2E740200E
S214022A902B70BDE8F84013F05CBE012BA4D10023D6
S214022AA02B700E4B1868FFF74FFB3F20F1E700BF75
S214022AB0C65B0020A64C0400E8690020CC55002026
S214022AC0F2620020F5620020D0550020EE6200205F
S214022AD07F6C0020EF620020836C0020E05500200F
S214022AE008B50A4B1A7882B9012210281A7004D047
S214022AF040F69D61064817F0C6FF0021202016F01A
S214022B0027FFBDE80840FFF70BBE08BDED620020B8
S214022B10A64C040008B5094B1B88DB0604D440F219
S214022B20C351074817F0AFFF1020002116F010FF20
S214022B30044B1868BDE8084013F070BDC65B002061
S214022B40A64C0400E0550020012208B5074B1146AA
S214022B50186813F050FD00212C2016F025FFBDE862
S214022B60084000210A2016F01FBF00BFE0550020D3
S214022B70014B4008185C70477B6C002008B5134672
S214022B800A461946064B186813F0B4F930B1BDE888
S214022B90084040F6E941034817F075BF08BD00BF7C
S214022BA0E0550020A64C040008B5044B186813F044
S214022BB020FD013818BF012008BD00BFE0550020E7
S214022BC070B5054617F06AFE0E4B0F4E1B8804467C
S214022BD0DA07357008D50D4B0D4D1B78012B08D939
S214022BE00121286813F0AFFD2046BDE8704017F0BB
S214022BF050BE1BB10EF04FFDC305F1D4317881F003
S214022C000101EEE7C65B00207A6C0020F36200202A
S214022C10E05500200C4B10B51B880446DB0711D587
S214022C20FFF78CFB094B84F0010208211868D200DA
S214022C3013F0A8F830B1BDE8104040F636710448EB
S214022C4017F021BF10BD00BFC65B0020E055002074
S214022C50A64C040008B5044B0146186813F055F953
S214022C60003818BF012008BDE055002010B50A4CF8
S214022C7023787BB1FFF768FF0021042016F068FE78
S214022C800021022016F064FE00232370BDE81040E7
S214022C90FFF7AABA10BD00BFF262002038B5094895
S214022CA000F0E8FC0024084D95F84430E0B2834278
S214022CB000D838BD05EBC000043000F0DBFC013460
S214022CC0F2E700BF84560020E455002008B51046FF
S214022CD002494822F8F71CFF002008BD3C56002097
S214022CE008B5054818F03FF8014620B9BDE8084087
S214022CF0014817F073BC08BD086A0020002238B5E8
S214022D001C4B15461C461A700132082A5D609D80CF
S214022D1043F8085FF8D1482200211748F8F768FD03
S214022D204FF6FE73A4F868306FF48033E365134BF6
S214022D3000211A88124B1868F8F75AFD114BC4E99D
S214022D401255C4E9283584F8445084F85050656515
S214022D5084F8A850E9F7FEFCFF220B4B01211870FD
S214022D600A4B00201A70E1F78FFE0020FFF7B8FF2B
S214022D70002038BDE45500203C560020F46B0020AD
S214022D80C86800200000FFFFF66200203C630020B7
S214022D9010B5AC24084B04FB0030836C53B990F892
S214022DA050403CB931B1C0E912122046FFF798FFF5
S214022DB0204610BD2120FCE7E4550020AC2370B568
S214022DC003FB00F5094E731993F850405CB9204690
S214022DD00BF022FF735D204643F002037355FFF7A4
S214022DE07FFF204670BD0120FCE700BFE4550020AF
S214022DF0AC235843024A135C23F003031354704770
S214022E00E455002070B516461F4A04461278C2BB27
S214022E10AC211E4D01FB00518A6C92BB91F85020EA
S214022E203AB1022B2DD191F84410072907D91C205C
S214022E3026E091F844100729F9D8012B08D0AC20D7
S214022E4000FB0450CA00011D0C30F8F723FD0021D8
S214022E50AC2303FB04F000249DF8143000EBC10100
S214022E602944CB71049B8E808B602B1893F84420E8
S214022E70204601328C7183F84420FFF731FF20464A
S214022E8070BD0120FCE700BFF5620020E45500207B
S214022E90F8B5234B04461B780F46002B3ED1AC23D5
S214022EA0204D03FB0053B3F8A03023B940F245315E
S214022EB01D4817F0E8FDAC2202FB0452D2F8A460CB
S214022EC036B192F8A33039460020B2F8A020B047B7
S214022ED0AC2300216343EA18A2F8A010C2F8A4109B
S214022EE0482192F8A82001FB02322A44D2F8982000
S214022EF0964213D0EB5C9B070CD5AC226243AB5CCC
S214022F00204623F0020343F00103AB54BDE8F84029
S214022F10FFF7E6BE0BF0A2FE0028EED1F8BD00BF1A
S214022F20F5620020E4550020FD4C04002DE9F04F28
S214022F3089B0059008460D4617F064FA044618B99B
S214022F40212009B0BDE8F08F284617F077FAC0B204
S214022F500838215C221892F802A00491D1785268AF
S214022F60277803920022B4F80130ADF81E20434AB7
S214022F70029192F800B0BBF1000F08D0404B1B68DC
S214022F801BB120464FFA8AF298470020D9E703F091
S214022F900703022B70D0013409225946204617F047
S214022FA071F9023F3F1A3B0606465FFA87F8C7D416
S214022FB0344FD7F89090B9F1000F27D100210DF1C8
S214022FC01E0B434622460846CDF800B00BF05CFDC9
S214022FD0C3B20546002B4BD1BDF81E0013F0FDFB15
S214022FE0E0B9BDF81E0013F0E1FC8146BDF81E00F4
S214022FF013F0F3FBF0B906EB08020123214658460C
S21402300092B200F07BFDD0B119209AE75B465A4691
S21402301001212846C8470028D0D191E7D7F8943036
S214023020BDF81E00002BDCD0A11998470028D8D185
S214023030022086E742464846A119F8F769FDBDF820
S2140230401E0017F0DFF9029B059A0372049B80F8B4
S21402305009A08372039B1BBAC360AC2303FB0273F3
S21402306093F85020BDF81E0022B1DB6C03B19847DE
S214023070E8B266E7BB6FF9E7012062E7F562002077
S214023080C8550020E45500202DE9F84308460F46AF
S214023090164602F1010913F08EFC8046384613F0FC
S2140230A095FB042856D1384613F0B4FB48F6610562
S2140230B04FF6FF7248F64103294C904208BF1D4660
S2140230C0B4F85C10301D17F0BEFD384613F0A2FBB4
S2140230D00146B01D17F0B7FDB4F85E1006F1080001
S2140230E017F0B1FD06F10A04384615F027F910B1BB
S2140230F045F01005ADB22946484617F0A4FD3846FD
S21402310013F054FC424601462046F8F701FD3846C5
S214023110012117F0AFF94444074660B117F08EF963
S2140231200546384617F06EF9EDB201462A462046A5
S214023130F8F7EEFC2C440B4AA41B13780134591CF6
S2140231401170F37034703046BDE8F843092201214D
S21402315017F098B8484617F074FD4C460546C3E784
S214023160E4550020F6620020AC2210B548245043F5
S214023170094B1A1892F8A81004FB0100034493F8AE
S2140231807700022806D092F850301BB9032818BFE1
S214023190012010BD0020FCE7E455002070B508B100
S2140231A0012070BD234C94F8A850002DF8D1294672
S2140231B0B4F85C20FFF714FA29462846B4F85E20D5
S2140231C0FFF7F8F92946284604F16002FFF7D6FC15
S2140231D094F87730002BE3D0284694F85860FFF72F
S2140231E049FA864215D1002094F95A50FFF736FA6A
S2140231F0854216D10020FFF7B7FF0446002016F0DE
S214023200F7FF0028CDD02146BDE870400020FFF72A
S21402321005BA284694F85810FFF73EFA0028E2D07E
S214023220BFE7002094F95A10FFF70AFA0028E1D007
S214023230B7E700BFE45500200346AC2010B514469D
S214023240164A00FB032292F8770002280CD1E07F90
S214023250022809D141B112490978012913D992F8F5
S2140232605810227891420ED118462178FFF708FAB4
S21402327090B1482221460B48F8F74AFC002016F087
S214023280B7FF08B9002010BD044B93F8A800002829
S214023290F8D1FFF783FFF5E72120F4E7E455002095
S2140232A0336200203C56002038B5AC230D4C054650
S2140232B003FB004300205A6DD86483F8500012B115
S2140232C05865FFF727FCF5F75FFBFF281EBFAC2308
S2140232D003FB054484F8A8000020FFF75FFF0020E8
S2140232E038BD00BFE45500207FB51D4C94F8A830C9
S2140232F023B1002084F8A800FFF750FF94F85A3054
S214023300B4F8A0608DF80F3026B940F2FD211548BA
S21402331017F0B9FB144B31461D6800202A46FFF70A
S214023320B3FEE46F02469CB10DF10F030193002336
S214023330294630460093A04702462C7854B92046C8
S2140233402146FFF7A5FD2046FFF7CAFC04B070BD74
S2140233500122F2E729460020FFF714F8F6E700BF3D
S214023360E4550020FD4C0400C868002038B5494BDF
S2140233701C78002C58D1484800F06CFC204616F009
S21402338037FF002850D0454C2378D90733D594F818
S21402339050201AB123F00303237045E023F0010303
S2140233A023700BF043FC237805469A0701D50BF0F1
S2140233B033FC294600200BF049FA40B92378284608
S2140233C043F001032370BDE838400BF025BC002310
S2140233D0482284F8A33094F8A83084F8A25002FB5E
S2140233E00343D3F89830A4F8A000C4F8A430BDE88C
S2140233F03840FFF779BF94F84400B0B104F1A00357
S214023400251D95E8030083E80300FFF76DFF94F897
S21402341044202846D20004F10C01F8F73BFA94F84F
S2140234204430013B84F8443038BDA26C62B99B0735
S21402343011D52378002023F0020343F00103237002
S214023440BDE83840FFF74CBC0123A06484F8503036
S214023450904723789EE70BF001FC0028E9D194F808
S214023460A83073B1F5F790FA94F85030002BDBD100
S214023470FF2818BF84F8A800BDE838400020FFF7F0
S2140234808DBED4F88C30002BECD098470028CBD1D8
S214023490E8E700BFF5620020086A0020E455002035
S2140234A070B50446002016F0A3FEAC235C430B4E18
S2140234B0351995F850300BB1002070BD0028FBD0AE
S2140234C0074817F050FC0028F6D1335D002BF3D1E5
S2140234D095F84400B0FA80F04009EEE7E455002083
S2140234E0086A002010B5084A034613F072FA1468F8
S2140234F04FF6FF7203EB40039C42184603D901883D
S21402350002339142F8D010BDA05600202DE9F047B4
S214023510204F05463B88A3B3B0F90230002B30DBC0
S214023520DFF87C801C49D8F80000F8F7B7FB20B912
S2140235304FF4EA71194817F0A6FA0026DFF85CA0E5
S214023540DFF860903A88B3B29A4204D84FF4EB712F
S214023550504617F098FAD9F80030B2B253F8320053
S214023560D8F8001003EBC20468B943F83210A388F7
S21402357028460133A38013F02CFAE38803EB4003BA
S214023580E380BDE8F087F8F789FB01360028D9D139
S214023590EDE700BFC85B0020CA4C0400D44C040010
S2140235A0286A00209456002038B5094C094D226836
S2140235B02B689A4204D94FF48771074817F063FACA
S2140235C028682368C01A20F0010080B238BD00BF08
S2140235D0A0560020A8560020D44C040038B5124C41
S2140235E0124D21462846F5F77DF823680BB12B6865
S2140235F01BB9DE210E4817F046FA2A680D4B0E4913
S2140236001A60236823F0010313440B600B4B1A6005
S2140236102AB9BDE83840F821054817F034BAFFF752
S214023620C3FF6428F5D938BD985600209C56002062
S214023630D44C0400A4560020A8560020A056002011
S21402364038B5094C094D22682B689A4204D34FF4C8
S2140236508A71074817F017FA28682368C01A20F0FC
S214023660010080B238BD00BFA4560020A856002034
S214023670D44C04002DE9F0411D4B04461B78012B67
S21402368024D1008816F0A0FE0546D8B10426DFF83D
S21402369064802C4617F002F907462046FFF736FFED
S2140236A0638843EA08036380A05B16F08DFE044637
S2140236B0384617F0EEF81CB1B4F90230002BE9DAFE
S2140236C0062E01D1BDE8F0810626E2E7022BF9D1EB
S2140236D017F0E4F80246208816F076FE18B1038842
S2140236E0C3F30E0323801046BDE8F04117F0D1B8AD
S2140236F0F76200200080FFFF2DE9F04F0024BA4B4E
S21402370097B006461C8017F0C9F80123DFF8EC8252
S214023710B64F3B70B8F80030A8F80040ADF8163047
S214023720B34B1B68019317F0B4F8B24B21461A88C4
S214023730B14BD2001868F8F75BF80DF11600FFF7E8
S21402374099FF002E3CD1DFF8B8924FF0000B01250E
S214023750D9F80040019B9C4239D3BBF1000F39D106
S214023760002DF2D0D9F80040DFF898A2254622466E
S214023770019B9A4273D302230DF116003B70FFF7AA
S21402378079FF002E40F08F80D9F800603246AA42B8
S21402379080F0A280908816F017FE18B10388C3F353
S2140237A00E039380D08816F00FFE18B10388C3F379
S2140237B00E03D3801046FFF795FE0246E7E79847CA
S2140237C0E3B256F823300134002BF8D1BBE7BBF145
S2140237D0000F3ED00BF1FF335FFA83FB16AB03EB11
S2140237E08B0252F8402CB2F9020051880028B1DA56
S2140237F04B04AFD4924641F48040931D2AF8020F40
S21402380002933AF8020F16F0DFFDF0B1B0F902E0CB
S214023810B0F802C0BEF1000F17DB6FEA4C4C6FEA3D
S2140238205C4CA0F802C00390FFF770FEBBF10F0FCE
S2140238308FBF002516AB039A03EB8B009EBF0BF1DE
S214023840010340F8402C5FFA83FB029B9A45D8D1CD
S21402385080E72046FFF746FE22460446C3E71046A8
S21402386013F0B7F88346B2F90200118800280AEA74
S214023870010108DA204616F09DFD084381B204EBEA
S2140238804B0402EB4B0510461180FFF72BFE024657
S2140238906EE798475FFA8AF356F823300AF1010A70
S2140238A0002BF6D170E74FF0000AF3E73046FFF739
S2140238B019FE82467EB1B6F902307188002B0ADA0A
S2140238C03088C0F30E0016F07FFD864203462DD1E7
S2140238D0C1F30D0171805646AE42E7D3DFF81CA154
S2140238E016F0DCFF00210646504613F0C3F816F029
S2140238F06BFD0546002800F08780304616F0C9FFAB
S214023900284613F066F80646204616F053FD814612
S2140239107600324629462046F7F7BCFF0022494683
S2140239200DF1160017F0F7F93444D9E71BD93046E3
S21402393013F04FF8C1F30D0142007180184631466C
S21402394092B2F7F7A7FFC6E75046FFF7CBFDD14680
S214023950854203D9B0F90230002B01DA824603E031
S214023960FFF7C0FDF4E7B146554507D9BAF800009F
S214023970C0F30E0016F028FD8245E5D3B9F1000F1C
S21402398030D0B9F80000C0F30E0016F01DFD034655
S21402399038B93346CB46994513D8B1459BD0D9465C
S2140239A0ECE7484613F015F8B9F802204946C2F388
S2140239B00D02A9F80220420092B21846F7F76AFFF3
S2140239C0E7E718460193FFF78DFD019B9B4685426C
S2140239D003D9B0F90230002B01DA0346DBE7FFF722
S2140239E081FDF4E7CB46DAE7CA5B0020F7620020E7
S2140239F0A0560020C85B002094560020CC5B002016
S214023A00A45600200080FFFFBDF816303870A8F8D4
S214023A100030044B30461C6016F03BFF17B0BDE882
S214023A20F08F00BFA05600202DE9F041054616F0A3
S214023A30CBFC0F460446D8B117F057F920B940F22E
S214023A40FB41204817F01FF8284616F0F7FC0546FB
S214023A502046FFF747FDBD42064609D004D840F28D
S214023A600351184817F00FF82588ED0B02D027816E
S214023A70BDE8F0816780204612F0ABFF074604EBF4
S214023A80400816F00BFF104B1A68B2420AD1C3F870
S214023A90008016F0FEFE2A464046BDE8F041FF21B1
S214023AA0F7F7A6BEA6EB0806B5B216F0F2FE072D8D
S214023AB0F1D90023083D44F81730C8F80430A8F8B6
S214023AC00250D5E7D44C0400A056002038B516F0B4
S214023AD0E5FE00210546044812F0CCFF04462846BF
S214023AE016F0D7FE204638BDCC5B0020024B188865
S214023AF0B0FA80F040097047CC5B00202DE9F74F02
S214023B00044600881F4616F05FFC884615460646A1
S214023B1017F0EBF820B940F2FE613F4816F0B3FF0B
S214023B203388DB0B009306D033892B443381002085
S214023B3003B0BDE8F08F208816F080FC824630463F
S214023B40FFF7D0FC019016F0A9FEDFF8D0B0019B7B
S214023B50DBF8002081469A421DD1FFF725FDA842D8
S214023B6004D2484616F095FE1A20E1E70AEB050352
S214023B7073803FB1208816F045FC2A4641465044E1
S214023B80F7F7C6FF3046FFF7ADFCCBF80000484615
S214023B9016F07FFECBE716F07CFE208816F04EFC71
S214023BA02844009980B216F0A1FC06460028DBD015
S214023BB016F028FC8146208816F024FC82462088CF
S214023BC016F03CFC514602464846F7F7A1FF30463F
S214023BD0AFB116F017FC0746208816F02FFC2A46CF
S214023BE041463844F7F794FF0121208816F042FC3C
S214023BF001210246304616F051FC268097E716F061
S214023C0001FC8046208816F019FC2A4639464044B4
S214023C10F7F7EEFDE8E700BFD44C0400A0560020FC
S214023C203421014816F02FBFE84C0400036910B592
S214023C305BB18268064B9A4201D1002010BD4469EE
S214023C4016F01AFF201AF9D5F7E74FF0FF30F5E71E
S214023C50213C020082681C4B70B59A4204460568F5
S214023C6019D116F01BFE236923B1A34206D1002206
S214023C702A601A61BDE8704016F00BBE1A4611465D
S214023C801269A242FBD12A68A24208BF29600B61D0
S214023C9000232361EEE7036993B198426E6803D16D
S214023CA09D210A4816F0EFFE2B46B44209D122693E
S214023CB09D4218BF1A614FF0000308BF6A60236175
S214023CC070BD33463669F0E7213C0200E84C04003A
S214023CD02DE9F047074600254FF0010A154EDFF89A
S214023CE058808AB0347914B90AB0BDE8F087D6F89D
S214023CF0009087B900972A46B8F80010234603A812
S214023D0017F098F82246484603A9E9F7E5F925444C
S214023D10EDB20836E6E7224603A94846E9F7B0F9C7
S214023D20CDF800A023462A46B8F8001003A817F0DC
S214023D3081F8ECE79C980400CE5B00200148FFF770
S214023D4099BC00BFCE5B00209C46174BF7B50546D4
S214023D5008461988164611B1144B1C78CCB1014698
S214023D6062463046BDB103B0BDE8F040E9F788B917
S214023D701C44E4B208373B79002BF0D03A689642EE
S214023D80F6D185F001052246009517F053F803B0E8
S214023D90F0BD074FEFE7E9F79FF9B0B203B0BDE811
S214023DA0F04010F0EDBF00BFCE5B0020846C002018
S214023DB09C98040010B5074C238843B10020FFF7F7
S214023DC087FF0020FF22044B20801A7010BD0220BD
S214023DD0FCE700BFCE5B0020846C0020142810B5E0
S214023DE018D8082805D111F034F8C401E4B22046E8
S214023DF010BD0E2802D111F02FF8F6E7064B53F845
S214023E002040002CF3D00A282478F0D105F0A0FE3A
S214023E100443EBE7FF24EAE7EC980400014BB3F80F
S214023E2068007047E4550020004870474E56002050
S214023E30014B1878704700BF71620020014B187062
S214023E40704700BF71620020194B022810B5187027
S214023E5002D0043801281BD8164B1B78042B03D03B
S214023E600021154816F0BAFB144B1B689A001BD5A6
S214023E7013F0805F40F6114418BF4FF441642046A9
S214023E8011F081FB90B92046BDE8104010F076BFD5
S214023E900948FFF7DFFE0A48FFF7DCFE162413F098
S214023EA015F811F06AFBEAE71524E8E710BD00BF33
S214023EB075620020766200202C6A0020644800208A
S214023EC0D0470020024B187800F00F00704700BF62
S214023ED075620020034B187800F00F00831E5842CC
S214023EE0584170477562002008B512F0DAFFC0B17B
S214023EF012F0F0FFA8B10AF0A7FF90B90A4812F034
S214023F0082FD70B1094812F07EFD50B110F0A9FF93
S214023F1038B111F03AFB20B9BDE80840044812F067
S214023F2023BE002008BD00BFD05B0020025C00203C
S214023F30AC56002030B505460C4693B081B910B990
S214023F40002013B030BD1023214A69460120FFF736
S214023F50FBFE9DF805305A1E052A28D91720F0E7E1
S214023F60182200212046F7F743FC002DEBD1FFF77D
S214023F70B1FF30B310F040FE6A4601460020FEF75D
S214023F80A5FEBDF80430204623819DF80230A372B8
S214023F909DF80030E37213F023F9002304F11401B4
S214023FA0237304F1100003F0CBFDE081C8E7094A51
S214023FB09DF8041012789142D0D12B70002CD6D1E5
S214023FC0BEE7054B1B78033B022BD3D9C6E700BFDF
S214023FD064EE01005B6C00207562002030B593B081
S214023FE005460C46FFF776FF20B90C4B1B78033BC1
S214023FF0022B10D810F000FE6A4601462846FEF74D
S21402400065FE00209DF80230607023709DF8003037
S214024010A37013B030BD1720FBE700BF7562002007
S214024020054B1878012805D000F0FD00A0F13103F9
S21402403058425841704700BF756200201FB50146BE
S214024040002201A816F09AFB064801A916F0C0FE47
S21402405020B116F0D7F94089C0F3400005B05DF8EC
S21402406004FB00BF026C002030B585B00D4600226E
S214024070014601A816F082FB084801A916F0A8FE20
S21402408050B116F0BFF90446014608222846F7F753
S21402409001FC6089C0F3400005B030BD026C002010
S2140240A0F8B50546F8B100210F4816F02EFE044674
S2140240B0A8B10D4F204616F0A5F9064616F04AFBA3
S2140240C0830705D4082229463046F7F7DDFE38B1C5
S2140240D02146384616F03DFE04460028EAD1002462
S2140240E0201E18BF0120F8BD026C002010B50C4639
S2140240F00146064816F06CFE30B116F083F9438985
S2140241001C4214BF0120002010BD00BF026C00201C
S2140241101FB51446024601A816F030FB074801A94F
S21402412016F056FE40B134B116F06CF91422014670
S2140241302046F7F7AFFB012004B010BD026C00204A
S2140241401FB50146002201A816F018FB094801A96E
S21402415016F03EFE58B116F055F94389024613F0A2
S214024160020004D0507B80F00800C0F3C00005B007
S2140241705DF804FB026C0020F7B59DF824400D465E
S21402418001949DF82040064600941F4614F0C5F898
S2140241904FF6FF718842044610D0BB0711D428465A
S2140241A000F056FF204616F03AFEFF281FBF084AC8
S2140241B032F8103023F4804322F81030204603B041
S2140241C0F0BD02462946304612F064FDEAE700BF1B
S2140241D0A05B002073B50E460146144816F0F8FDA3
S2140241E00546D8B116F00EF943890446334012D07C
S2140241F09B0736B20BD5002E09DAA17B437B0289D8
S214024200007B0191012100912146FFF7B5FF6389EA
S21402421023EA06036381628912B1012002B070BDEF
S2140242202946024812F045FCF7E700BF026C002060
S2140242300148FFF71FBA00BF026C002013B53E4CC0
S2140242400DF0EDFFD4F8FC311020C3F307430193C1
S214024250FFF7C4FD000650D50020FFF7BFFD01069C
S2140242604BD5019B802B3ED1236A9A0704D440F695
S2140242701544204602B010BDE3699B07F7D52F48C8
S21402428011F0AFFC012012F07FFA0DF0DBFF0446BE
S2140242900028EED100F042F9294812F03FFC00F067
S2140242A099F9E8F757F80DF0B9FF08F003FF08F0A0
S2140242B055FFF4F761FAF4F7FFFAF4F719FB03F087
S2140242C0DBFD10F0C8FD10F0C9FD11F061F91D48C4
S2140242D014F02CF806F08CFA11F01DF90028C8D05C
S2140242E011F01BF9C5E7019B812BC0D1D4F80C3124
S2140242F05B00BCD5D4F80C31BFE71020FFF76EFD8B
S2140243000006BCD40020FFF769FD0106B7D5019B65
S214024310802B05D1084B1A6AD207A8D5DB69ACE711
S214024320019B812BA3D1044BD3F80C21002A9EDAE1
S214024330D3F80C31A1E700BF0080E00F690345EC1B
S214024340AC5600203D40020010B512F0BCFD70B322
S21402435001F0E0FA80F00104E4B20020FEF724FC4B
S21402436044EA800424B212F09CFD10BB02200443EF
S214024370164816F0F8FC44EA4014154816F0F3FC0A
S21402438024B244EA0014134816F0EDFC24B244EAC0
S2140243908014114816F0E7FC24B244EA40240F4881
S2140243A016F0E1FC24B244EAC02080B210BD01241B
S2140243B0D3E70B4812F027FB0028D7D0094812F0A3
S2140243C022FB80F00100C0B24000D0E76C6A0020F9
S2140243D0506B002068480020D06A0020306B002016
S2140243E0D05B0020025C002008B501F07FF8FEF7E3
S2140243F009F8144812F007FB08B904F025FF124822
S21402440012F001FB08B906F0DDF902F095FF0F483D
S21402441012F0B6FB0E4B1B78043B022B09D80D4854
S21402442016F0A1FC28B1FFF78FFF102801D107F084
S214024430E1FC10F018FD12F03CFCBDE8084006480E
S214024440FFF75AB9D05B0020025C0020AC56002071
S21402445076620020506B002064990400014B1868B5
S214024460704700BFE05500204FF6F77370B59842CC
S21402447004460D4686B043D812F029FCA04207D166
S214024480082220492846F7F705FA002006B070BD34
S2140244901D4EB6F86830A3420AD10022082106F162
S2140244A06A0012F0A2FB18B9082206F16A01E9E7CF
S2140244B084B10023012219462046009308F05CFDD1
S2140244C0FF2811D12946204608F000FF80F001009F
S2140244D0C0B2DBE70D4B1B689B07EAD4284606F002
S2140244E0FBFD0028E5D0D0E702A913F0C1FD0028A5
S2140244F0E8D1DDF80D302B60DDF811306B60C4E7D3
S2140245000120C3E7F8620020E4550020644800203A
S214024510014B1870704700BF5B6C002010B5054C4D
S214024520082221460448E8F7ABFD204612F009FCB3
S21402453010BD00BFF862002034B608C000487047BD
S214024540F8620020082208B50349F7F79DFCB0FA86
S21402455080F0400908BD00BFF8620020014B1870C9
S214024560704700BF69620020F7B50D46044616463E
S2140245701F460021284601F061FD0B4B002183F8FF
S21402458059402A463346204600970AF03FF901462C
S21402459030B10222204603B0BDE8F04000F006B873
S2140245A0012003B0F0BD00BFE455002013B513464A
S2140245B00C461AB1022A0CBF134601230021044AF4
S2140245C0019100922246FEF71DFC02B010BD00BF0C
S2140245D0A96F030000B5002093B0FEF78FFB1E4BB9
S2140245E0188813F0A4FE1D4B1D491A7800200AF005
S2140245F091F9342200216846F7F7FAF80B238DF872
S21402460000306FF4803301934FF6FE73ADF810302E
S21402461003238DF81D30134B134A0893134B10686F
S2140246200993134B51680D93124B6A460E93124B25
S2140246300F93124B1093124B119302AB03C300213C
S2140246400846FEF7F9FD6A4601210020FEF7F4FD52
S21402465013B05DF804FB00BFEE6B00206A6C00200E
S214024660FC5C04007D4A0200F8620020456D0300EF
S21402467065770200254C020091860200A96F0300AE
S21402468095730200014B1878704700BF0063002044
S214024690014B1888704700BF066C00202DE9F74FC3
S2140246A0814610460E46904616F0CBFADFF840B129
S2140246B005469BF8003033B94A4B1B681BB94A4B78
S2140246C01B68002B7FD015F4406A05F040071BD10B
S2140246D09FBBB5F5804F61D24FF48074B9F1400F9D
S2140246E073D0B9F1800F63D0B9F1100F6BD10023EC
S2140246F09BF800003D4AD9B2884264D932F8021BC0
S2140247000133A142F7D166E008F1030016F099FAE8
S2140247104FF6FF73984214BF0124022487B105277F
S21402472005F44043B3F5004F44F0080425D0B5F530
S214024730804F24D244F4807421E054460327EFE7E6
S214024740B5F5804F4FF00507F4D3BAF5406F14BFA6
S214024750022008203844404416F073FA019012F002
S214024760D3FA019B05F4404598420CBF44F0080476
S21402477044F00404B5F5004F01D144F08004BAF5C4
S214024780006F0FD108EB070016F05BFA054612F031
S2140247909EFAA842A2D144F010049FE7544603278B
S2140247A00220D7E7BAF5406F08BF44F0200495E729
S2140247B00C4B1B683BB10022D1B233F8110033F91F
S2140247C01110002903DA002008E0074BF1E7A042A7
S2140247D002F10102F0D106B13480012003B0BDE837
S2140247E0F08F00BFBC560020C0560020205C002080
S2140247F039630020034B1A78022A04BF09221A7072
S214024800704700BF016300200C22034B1A211A7066
S2140248100320002201F090BD016300200C2208B59F
S214024820054B1A211A700022104601F085FD00225F
S214024830024B1A6008BD00BF01630020C856002064
S2140248400C2270B50D4B05461E781A7030B93046EC
S214024850BDE8704000221A2101F06EBD084B1C789C
S214024860E1B21A29F3D825FA04F3DB0703D544226A
S214024870304601F061FD0134F2E700BF016300201B
S214024880866C00200C22024B1A7010F077BE00BF16
S21402489001630020F0B50C8805460E468BB0E4B9DD
S2140248A04FF6FF77ADF8247010F07DFE10B90220A7
S2140248B00BB0F0BDCDE90340CDE90544134A02949E
S2140248C0B2F85C306032019300923B464CF601012E
S2140248D0FF2009AA13F046FD3080284612F03DFB61
S2140248E00B4C70B1237863B1013BDBB228462370D0
S2140248F012F033FB38B12078B0FA80F04009C0B22B
S214024900D6E70523F2E70120F9E700BFE4550020C9
S214024910856C0020034B11461B6803B1184710F044
S214024920EDB900BFC85600200C22024B1A7008F0E0
S21402493039BF00BF016300200148FEF79BBE00BFDF
S214024940D25B00207FB505460C46164615F084FF5E
S21402495000286BD1062D03D85223EB40DB071AD46E
S214024960B4F1006F05D3E30E1C3B032B18D94F207E
S2140249702EE000222F4B1A602F4B1D7012F05BF9AF
S21402498003460A2D54D8DFE805F02D183E491825AF
S21402499018535341360002F0A3F8B4F1006FE2D286
S2140249A00022244B042D1A60234B1D70E6D10220F0
S2140249B001F0B6F912F03FF90346012202921F4AAD
S2140249C001921F4A00921F4A314620460AF078FAA0
S2140249D004B070BD314620461B4A04B0BDE87040A4
S2140249E00AF056BA31462046184B194A04B0BDE8BA
S2140249F070400AF031BA00220292164A0192104A18
S214024A000092154AE0E702220B4B1A70002210466B
S214024A10124904B0BDE87040FEF7BAB9002202920D
S214024A200F4A0192064A00920E4ACDE74D20CFE782
S214024A300120CDE7C856002001630020414802004D
S214024A407D4A0200956F0300294902001D480200B4
S214024A50154902008548020095480200F547020003
S214024A6009480200576F030008B50AF059FA0C22EB
S214024A70014B00201A7008BD01630020F0B585B016
S214024A80ADF8060018B97621644815F0FCFFBDF8AB
S214024A90060011F09BFE0446BDF8060011F096FED5
S214024AA0082846D00C2CBDF8060042D111F07EFF35
S214024AB0074616F0C6F80DF10F010646BDF80600C9
S214024AC010F0BAF9002879D009220021384615F0EC
S214024AD0D9FB9DF80F301033C518BDF8060015F047
S214024AE0ADFCEDB2854269D22946BDF806000AF051
S214024AF025FB06F44C4416F44066054614D0F81C12
S214024B0016F09FF84FF6FF73984208BF44F0400431
S214024B10B6F5006F08D1781D16F093F84FF6FF73BE
S214024B20984208BF44F010049DF80F305BB3072D7F
S214024B3044D1BDF8060011F03FFE0446BDF806005B
S214024B4011F044FE082817D0A30615D524F020013C
S214024B5089B2BDF8060011F01AFEBDF8060011F083
S214024B6025FF0021092215F08DFB00F1100189B204
S214024B700DF1060013F01FFD0022BDF806102848AE
S214024B8016F0C9F81AE0082D16D8BDB1013D072D5A
S214024B9014D801A353F825F0F54B0200014C02008D
S214024BA0BD4B0200C14B0200BD4B02000D4C020081
S214024BB0334B0200134C02007C2D24D005B0F0BD0E
S214024BC024F48844A4B2B4F5084FF7D1BDF8060021
S214024BD011F0F7FDBDF8061013F0AEFB0028A8D0C2
S214024BE0BDF8060011F045FE00220146022015F02F
S214024BF0F1FFE3E724F48064A4B2B4F5484F97E7E4
S214024C00B4F54C4F94E7B4F54C4F92D04CF65003A3
S214024C1001E04CF640439C428AE700BFF64C040093
S214024C20D05B00202DE9F7430F469046994606468C
S214024C3015F0E8FB0446304615F000FCC5B2083D08
S214024C402C44E178094BA2781970094B31461A7048
S214024C50002043463A46CDF800900DF06BFF003830
S214024C6018BF012003B0BDE8F08300BF1B6300201D
S214024C701A6300202DE9F04FDFF84081DFF84091FB
S214024C8098F8002099F8003006469A4285B004D378
S214024C9040F21911424815F0F6FE30460DF10F01AA
S214024CA015F084FD20B14FF48E713D4815F0EBFEF1
S214024CB098F800709DF80F403D1B15F0FF0530D0A8
S214024CC04FF0FF3C374B01211B78A140184699F85C
S214024CD000304FF6FF790CFA03FC0023324A01F14A
S214024CE0FF3E0193C1F1000A9DF80430984243D872
S214024CF0122004FB00002D4BA0F1120105EBC502A9
S214024D005200194404F101091844F6F7C3FD4FEAAC
S214024D1089092748A9F104010144AA004844F6F784
S214024D20B9FD224904EBC40201EB420321F81260EA
S214024D30204A013712784FF6FF71DA731A745A74E2
S214024D4012025A801C4A0D2012781A7110225A71C9
S214024D5000229A73C3F80620C3F80A20144B43F8BD
S214024D60242088F8007015F035FF0EB913F043F9C9
S214024D70204605B0BDE8F08F13884B450AD053682D
S214024D800AEA030B03EA0E030B4403EB4B0343EA64
S214024D900C035360019B083201330193A4E700BF62
S214024DA0094D0400676C0020344600206C5B00202E
S214024DB0304600201B630020026300206F62002042
S214024DC0656C002010B5074C2046FEF743FF04F042
S214024DD06BFB02F0DDFE2046BDE810404FF47A5130
S214024DE015F0FCBB2C6A00202DE9F0410746002591
S214024DF00A4B0B4E93F80080ECB2A04503D8FF2472
S214024E002046BDE8F08108223846B11DF7F73CF887
S214024E1001350028F4D01236EEE700BF6F6200209C
S214024E206C5B002007B50DF1070115F0BFFC30B131
S214024E309DF80730034803EBC30300EB430003B0BF
S214024E405DF804FB6C5B00202DE9F843294E04460E
S214024E5033785D1E2D1A8342EDB204D84FF4A17149
S214024E60254815F010FE0123A3404FF0FF305F1EC9
S214024E703B4400214FF6FF7E6FEA03081F4A92F872
S214024E8000C01F4A127890401E4ACBB29C4523D8D7
S214024E90BDB127B204EBC4041B48640005EBC5028F
S214024EA004F11201014452002044F6F7F3FCBF005D
S214024EB01648AA00391D014402F0FC023844F6F7EF
S214024EC0E9FC33780022013B33704FF6FF71BDE8F0
S214024ED0F8430E2015F07EBE1388734507D053683C
S214024EE008EA03093B4003EB5903034353600832C5
S214024EF00131CAE76F620020094D0400676C00208A
S214024F00656C0020344600206C5B00203046002092
S214024F1010B50A4C207858B9094B1B781A2B03D9BE
S214024F209921084815F0AFFD0322074B1A7010BDF1
S214024F300138C0B2FFF788FFECE700BF6F620020BF
S214024F40656C0020094D04006B6200202DE9F047D5
S214024F50054615F053FFFF28044624D1DFF8849057
S214024F601E4B99F800201B789A422BD22846BDE8A1
S214024F70F047FFF77FBE38883B79504518D86F2B2D
S214024F804FEA131214D85B0710D0123708F1010843
S214024F9099F800105FFA88F6B142ECD80023104A5E
S214024FA0DEB28E4214D32046BDE8F087022AECD940
S214024FB013F092F90028E8D129463046BDE8F047BA
S214024FC012F00CB84FF000084FF6F77A044FDFE7FE
S214024FD0107901338F28EFD81232E1E7656C002092
S214024FE06C5B00206F6200204FF6F773984210B594
S214024FF014D8FFF7ABFFFF2810D0134C00B200EB1B
S214025000C00004EB40040DF0A7FF104938B96288CF
S2140250100B7802EB0313A3EB1213638010BD227C02
S214025020637C09789A42E2732374617407D98B42CF
S21402503003D213468B4228BF0B461B02EDE78A4279
S214025040F8D31346F9E700BF6C5B00201B63002011
S2140250502DE9F04106460F4600240E4DDFF8388053
S21402506098F80030A34201D8BDE8F081082229460C
S2140250703046F6F709FF40B935F8063CBB4204D085
S2140250802046FFF7E1FE013CE4B20134E4B21235F9
S214025090E6E700BF725B00206F620020F8B50546A7
S2140250A008460E46FFF7A0FEFF2830D01D4B2946C5
S2140250B053F820703046FFF7CBFF2846FFF746FF2F
S2140250C0FF28044625D113F022F9FF280AD1164CF0
S2140250D0207838B10FF093FD2378B0FBF3F202FB91
S2140250E01300C0B2294611F079FF044623B20F4DD1
S2140250F003EBC30305EB430508223146A81DF6F76A
S214025100C9FB2B79204603F00F032B71F8BD00274D
S214025110D3E7074B1B78002B18BF0027014B43F839
S2140251202070E3E730460020656C00206C5B0020B0
S214025130876C002038B50B4B04461B780D4683421D
S21402514004D840F25A21084815F09DFC074804EBA3
S214025150C40400EB44002946BDE838400822063065
S214025160F6F798BB656C0020094D04006C5B0020C6
S21402517070B5044608460E4615F040FEFF28054662
S21402518010D02046FFF730FEFF2807D0084B1B78CA
S21402519023B9084B53F8202043F8252021462846F9
S2140251A0FFF7C8FF31462046BDE87040FFF750BF04
S2140251B0876C0020304600202DE9F8430024804604
S2140251C001272646114DDFF84C9099F80030A3428D
S2140251D010D83E430134E4B21A2C4FEA470705F1D1
S2140251E01205F2D14FF0FF30094B1B78984030433E
S2140251F0BDE8F8832B884345EBD0284611F037FFED
S2140252000328E6D82B796F2BE3D8E3E76C5B002004
S214025210656C00206F62002010B5084C00EBC000E1
S21402522004EB400423795B0707D1204611F01FFFE9
S214025230237923F007031843207110BD6C5B00200E
S2140252400022084B1878084BD1B2884203F11203A9
S21402525000D8704713F80D1C013221F0100103F834
S2140252600D1CF1E76F6200206C5B00202DE9F04711
S21402527002261227DFF85C90DFF85C8099F800407F
S21402528000250CE007FB05F338F803A00021504682
S21402529011F002FF10B15CB1013CE4B2013599F89D
S2140252A00030EAB29342EDD8A34204D14FF6FF7A19
S2140252B05046BDE8F0870FF0A2FC99F80030012EA8
S2140252C0A3EB040390FBF3F202FB1300C4B2EDD08F
S2140252D00126D5E76F6200206C5B0020034B00219D
S2140252E01A7803489200F6F783BA00BF656C00206E
S2140252F03046002010B5134B0C461B7886B083420E
S21402530012D9114900EBC00001EB400108222046E9
S2140253100631F6F7BFFA00220821204611F065FC96
S21402532080F00100C0B206E0C01A01A9C0B212F0B5
S214025330F7FF10B1002006B010BD01AB03CB206012
S2140253406160E8E7656C00206C5B002008B5074BDF
S214025350024653F820308B4206D915204FF6FF71CD
S21402536015F038FC002008BD0120FCE7304600207E
S214025370024B013143F82010704700BF3046002030
S2140253802DE9F34781460C4600272A4EDFF8ACA0EB
S2140253909AF80030FDB2AB4210D86946204612F0A9
S2140253A0D8FFC0B3082269464846F6F76DFD90B3AB
S2140253B04946204612F016F9FE2537E006F10608A1
S2140253C0082241464846F6F75FFD90B94FF6FF734E
S2140253D09C422BD03388A34228D0204615F01FFDCE
S2140253E0FF2814D14946204602B0BDE8F047FFF731
S2140253F055BE14B912360137CAE73388A342F9D12B
S21402540000220821404611F0F0FB0028F2D128467F
S214025410FFF71AFDCCE74946002015F0FEFCFF28F0
S214025420054603D0044B1B780344DDB2284602B07F
S214025430BDE8F0876C5B0020656C00206F62002080
S2140254400F4B1B7883420CD8C01A0E4AC0B232F8F1
S2140254501030D90411D443F4805322F810300120BE
S2140254607047094B00EBC00003EB40035A79D106A4
S21402547003D442F010025A71F1E70020704700BFD1
S214025480656C0020A05B00206C5B0020F0B5134B1F
S21402549006461B78FBB100251148DFF84CC090F891
S2140254A000E0104807781F44E8B2864501D800207D
S2140254B0F0BD7C1B94FBF3F003FB10440CEBC40022
S2140254C03CF83440B44204D1002AF1D184788C42AC
S2140254D0EED00135E8E71846EAE700BF676C002021
S2140254E0504800206D6200203446002070B50CF053
S2140254F087FE14250F49104E0B78328830809B1A8F
S21402550003449BB2B3FBF5F405FB14330B700B4953
S214025510E2B20B78934292BF00239B1ADBB2032AB5
S2140255200B7088BF002306499EBFD2000B68D3408B
S2140255300B6070BD04630020D45B00206C62002008
S21402554050480020084B1868084BC2B21B789A4293
S21402555008D2074BC0F307201B78984234BF0020BE
S214025560012070470120704750480020676C0020D9
S21402557003630020F8B505461746FFF7E3FF064625
S21402558010B9184B1A783AB9212001224FF6FF714A
S21402559015F020FB0020F8BD1348DFF854C003784E
S2140255A00133B3FBF2F402FB143303700F48DCF84A
S2140255B0002000EBC30420F8335002F10132A17040
S2140255C03846CCF80020FFF7F7FDE670606011F071
S2140255D07EFBA84201D10120DDE7E3780133E370C8
S2140255E0F9E700BF676C00206D6200203446002099
S2140255F05048002010B50B4C0B4A2378063B13701C
S2140256000CF0FEFD0022094BFF211880084B0948CA
S2140256101A602278D200F6F7EBF80422064B1A70CC
S21402562010BD00BF676C002003630020D45B00201F
S21402563050480020344600206C6200202DE9F843D2
S214025640074615F019FA05461A4815F08CFB1A4B50
S21402565048B31C683C1B2C44A4B20022174BDFF84C
S21402566064901B78164D99F8006005EB03155FFAF7
S21402567082F8464509D9AB8805F11000A34215D930
S214025680B21A29461201F6F705F9013689F80060C2
S214025690AC80B8F1000F03D13946064814F09EFFDD
S2140256A02846BDE8F8833C461D60D6E7054601322B
S2140256B0DDE700BF4C6A0020CC56002006630020BF
S2140256C030450020076300202DE9F74F15F0D4F986
S2140256D04FF0000E284D294F2978294C97F800A044
S2140256E004EB011303EB0A120092F3465246DFF86C
S2140256F098801FFA80FC0646B8F80000ACEB00095A
S214025700A0EB0C001FFA89F901900098984217D175
S214025710BEF1000F00D02970524503D200203A7025
S214025720FDF7DEFA3B7823B32B78164804EB031416
S214025730A188C8F8006003B0BDE8F04F14F04EBF71
S214025740B3F804C0CC450FD84FF0010E93F802C050
S21402575001310CF1FF3C013AA3F804B083F802C011
S214025760C9B2D2B21033D0E701988444A3F804C079
S214025770F8E703B0BDE8F08F066300200763002059
S214025780304500204C6A0020CC5600207FB56C467F
S2140257901E4B1F4D1E78013EF6B21E7095E80F0096
S2140257A084E80F001B4B28461A7805F11001324494
S2140257B01201F6F76FF89DF8026016F00F0511D188
S2140257C0BDF8080009F02CFE360918BF29464FF02E
S2140257D00002BDF8000008BF039904B0BDE870409F
S2140257E002F022BDBDF80400FFF728FF03468288B8
S2140257F004ADADF80420224603CAAA4218605960D6
S214025800144603F10803F6D104B070BD0663002007
S2140258103045002007630020F8B50024084D094FE4
S214025820094E3B783178E2B20B449A4204F1010405
S21402583000DBF8BD2846FDF71DFF1035F1E700BF77
S21402584030450020076300200663002070B5134B26
S21402585006460D46104612491A78124B09781B78EE
S2140258600B44934206DB1F204FF6FF7115F0B2F988
S214025870002070BDFFF7E2FE013506808570044603
S21402588015F0F5F8E08009F0D1FD40F602432081DC
S214025890E3600020FDF724FA0120EAE7646C0020AA
S2140258A007630020066300202DE9F843864600239E
S2140258B0144FDFF85C803E7898F80050124972194F
S2140258C0DCB294421CDA4FEA041C31F80C90013325
S2140258D0F14501EB0410F3D1631CD21A0CF1100C43
S2140258E012016144F5F7D6FFA5428BBF05F1FF35DD
S2140258F006F1FF3688F800503E700CB9034B1C7058
S214025900BDE8F883076300203045002005630020C9
S21402591006630020044B054A1B781278D3420CBF5C
S21402592001200020704700BF0663002007630020A6
S214025930024B1878003818BF012070470663002013
S214025940002108B5084B09481970094B1970094B14
S2140259501970094B1A781201F5F74AFFBDE808409C
S2140259600648FEF777B900BF0763002030450020DF
S2140259700663002005630020646C00204C6A002049
S21402598010B50B4C23784BB10A4802F03BFD58B1D8
S214025990084B0121188811F08CFA08B9002010BDB6
S2140259A00122054B1A70FAE7FFF7F0FEEAE700BF9E
S2140259B006630020304500200563002010B50E4B1C
S2140259C01B78BBB10D4C238883424FF0000311D1E4
S2140259D00B4AE160137049B9A3781033A37011F033
S2140259E032FD18B9A37823F00F03A370FFF7CEFE9B
S2140259F0012010BD1846FCE7066300203045002053
S214025A000563002070B592B00C4606460FF0F4F817
S214025A10E17A05460020FCF733FE28B394F90A0023
S214025A2011F0EEF810BB134BE27A294683F85820A1
S214025A30A27A83F85A206A46FDF748F94FF6FE73B3
S214025A409E420CBF4FF6FF7323896A462946002002
S214025A50ADF80660ADF80430FDF7EEFB40B92289DA
S214025A60054B5A8012B070BD5520FBE75620F9E769
S214025A702120F7E7E4550020D056002010B5044652
S214025A80014608220948F5F705FF237B022B0AD8B0
S214025A90002B14BF3122012205490B7017234B61DC
S214025AA0044B1A7010BD00230122F5E7D4560020DD
S214025AB0D056002075620020014610230120014ABC
S214025AC0FEF742B964EE0100014B5861704700BF11
S214025AD0D0560020014B1878704700BFD0560020E1
S214025AE010B5054C2378112B03D0E221034814F09D
S214025AF0CAFF4123237010BD75620020144D0400B6
S214025B00064B01461B78042B04D1054A137E053347
S214025B1013767047034814F061BD00BF766200201A
S214025B20D05600206C6A002008B50648FDF7A2FD94
S214025B300548FDF79FFD0FF08BF9BDE8084000F021
S214025B40EBBF00BFD05B0020025C0020064B18783B
S214025B50332806D000F0EF00A0F143035842584124
S214025B6070470120704700BF75620020002208B50A
S214025B70074B4FF6FE701A7011F0B5F84FF6FF702D
S214025B8011F0CEF8034B5869BDE808400FF0F6B89E
S214025B9075620020D056002008B5064B187838B13A
S214025BA00548FEF743F84FF47A73B0FBF3F0C0B241
S214025BB008BD00BF6A620020104800202DE9F043AD
S214025BC08BB00746154698460E469DF8489049B94A
S214025BD0104605AC15F023F9214612F0A1FB172852
S214025BE018BF2646B9F1000F0AD1124B1B781BB913
S214025BF0284612F0B2FBD0B92846FEF7A1FA02E018
S214025C00284612F0AAFB80F00104E4B29DF8503058
S214025C102A4602939DF84C303146CDE90093384629
S214025C204346039411F089FA0BB0BDE8F0834C4664
S214025C30ECE700BF716200200022014B1A76704723
S214025C40D056002008B50020FEF788FC0023024A42
S214025C50C2E90133538008BDD056002010B5144B5C
S214025C601B78033B012B16D8124BB3F868204FF66D
S214025C70FF739A420FD10320FEF7E6F801F052FFB7
S214025C80FFF7E0FF002014F0B3FA78B1BDE8104049
S214025C90002010F099BEFEF7C7F80446FEF7BEF8DD
S214025CA00146204607F01AF80220E5E710BD00BFBD
S214025CB076620020E455002008B5114A114B58615F
S214025CC01378032B1BD0D3B1332B01D0432B10D127
S214025CD00D4B1B78033B012B05D803231370BDE83D
S214025CE008400FF04BB80FF049F8BDE80840FFF740
S214025CF0B5BF21231370BDE8084001F07DBD08BD85
S214025D0075620020D05600207662002008B503484F
S214025D10FDF7A0FFFFF796FF022008BD10480020FF
S214025D2038B5114D04462B78834218BF28700FF001
S214025D3032FC80B124B920460FF02FFC02220DE07F
S214025D4001200FF02AFC2B781A1F012A05D9062BF0
S214025D50F4D1032202E0002CF5D10122BDE838403E
S214025D600021084611F029B97662002030B50446B3
S214025D7085B068460D46FFF79FFE94B1002128467F
S214025D80144A01F0F3FE144B20681B7861688DF804
S214025D900430124B1B788DF8053002AB03C305F0B6
S214025DA071F90F4B93F8582093F85A308DF8032068
S214025DB08DF8023010F0A8FFADF8000010F087FF53
S214025DC01023ADF8060069460020064AFDF7BCFF20
S214025DD005B030BD00F8FF075B6C0020766200203D
S214025DE0E455002064EE010010B5104B04461A7804
S214025DF00F4B002083F8582014F0FAF910B1002057
S214025E0010F0E2FD00210846FFF7B0FF0FF0B5FBE9
S214025E102046FDF749FA40F617400EF0AFFF002382
S214025E20044A1380044A138010BD00BF0863002092
S214025E30E4550020AA5B0020A85B00201FB504469C
S214025E406846FFF739FE54B100238DF8053010235B
S214025E5069460020064AFDF777FF04B010BD10F031
S214025E6036FFADF8060010F04FFFADF80000EEE783
S214025E7064EE010010B5014604460020FCF700FC63
S214025E8090B10C4B1B78023B032B0FD80A4B1C70AD
S214025E9014F0E2FC60B9094A0949FCF779FF0038B8
S214025EA018BF0120800010BD5520FCE70220FAE74B
S214025EB04D20F8E77562002008630020398702004B
S214025EC0E95D0200F8B5064614F0C6FC044668B959
S214025ED014F08EF950B1064D204695F8587085F8A4
S214025EE0586010F071FD10B185F858704D20F8BD5D
S214025EF0E45500202DE9F04180461846033B012B6D
S214025F000E46174602D918B1212438E0FFF708FFDB
S214025F10274B1D78022D08D0032D46D1B8F1000F6D
S214025F2003D1244B1B689B073FD43320FDF78CFF1D
S214025F3001F096FAB6F1006F34BF1F4B05223146C8
S214025F404FF0060038BF1A78FEF7FCFC044628BB62
S214025F501A4D2873012000F017FE10F0D5FE688057
S214025F602846B8F1000F0DD0022300F8043B11F0CA
S214025F7037F96C732F61394630460EF043FE2046E1
S214025F80BDE8F081012300F8043B11F029F96C7397
S214025F902F61394630460EF034FEF0E72846FDF70C
S214025FA053FFB8F1000FF4D0E5E70224E7E700BF9D
S214025FB07562002064480020886C0020D0560020BD
S214025FC0034B187818B9034B034A1B78D05C70470A
S214025FD07462002076620020489A040038B5437B3B
S214025FE00446DB0703D590F909000FF0C5FA002531
S214025FF00F4B83F859502079FFF764FFFFF7E0FF55
S21402600061882488034622462846FEF7ADFA0446EF
S21402601020B11720FFF750FE204638BD1723054D46
S214026020C82105486B6114F0D9FA03232B76F3E7EF
S214026030E4550020D05600206C6A0020F0B51A4DB8
S21402604006460C4693B0A5F8680005F16A0729BB18
S214026050C5F86A1079600EF0CFFD6A460146002048
S214026060FCF734FED5F86A30ADF81060CDF8123081
S2140260707B68CDF816300EF0BFFD6A46014600205A
S214026080FDF7DAF84FF6FF73B5F86800984203D0CA
S21402609014B106490EF0B9FD13B0F0BD0822384619
S2140260A0F5F7F8FBD7E700BFE45500204E56002070
S2140260B02DE9F041DFF8B8801F4698F80030054613
S2140260C00C4616461BB102252846BDE8F081531E33
S2140260D0052BF8D814F0C0FB0028F4D13B7B032B29
S2140260E014D14FF6FE739C4212D1012E09D0022E15
S2140260F0E9D110F0ECFD4FF6FB73984203D810F08E
S214026100E6FD044604E011F03DFAFAE7012EDAD085
S214026110EDB939462046FFF775FC05460028D3D16F
S21402612098F80030332B03D0532B1CBF0E4B18614C
S2140261303046FFF7F5FD00214FF6FF70FFF77EFFB2
S2140261400A4B1B78002BBFD012F0EDF8BCE7397B68
S214026150721ECB1E594259415042504105F07CFFF7
S21402616005460028D5D0AFE7D0560020896C00201F
S214026170756200202DE9F04105460F46904610F064
S214026180A6FD6B7B0446DB0703D595F909000FF0E5
S214026190F3F910F09CFD384B384E188010F0B4FD21
S2140261A0374B1880FDF73AFE364B1880FDF73CFE5B
S2140261B0082201463448F5F76DFB10F04AFD334BD2
S2140261C018702879FFF77EFE00216888FFF736FFF1
S2140261D0FDF726FF60B14FF6F672631E9BB293423E
S2140261E006D911F0CFF9B6F8683004468342F8D0E3
S2140261F0204610F078FD288810F092FD4146B6F849
S2140262006800B847044628B91920FFF755FD19203B
S214026210BDE8F081B6F8681010F012FB00231C4DA2
S21402622086F859302B7803F0FB03022B02D0204667
S21402623010F073FF002220461146FFF707FB0446C4
S214026240B0B117236B61134B1B78042B09D1C821FD
S214026250114814F0C3F903232B7684F00100C0B270
S214026260D6E74FF416710C4814F0B8F90023F3E79A
S2140262701720FFF721FDF0E7DA5B0020E455002047
S214026280D85B0020D65B0020096300201163002043
S214026290D0560020766200206C6A0020F0B50C46CC
S2140262A01E460B462049074689B004F1140053F8EF
S2140262B0045B834241F8045BF9D11B8802AD0B8074
S2140262C0D4F80E00D4F81210238803C5ADF81030A7
S2140262D023798DF812208DF8133000233A468DF874
S2140262E014304FF6FE71012002ABFFF7E1FEC8B98B
S2140262F002A8FFF7C3FB237B4BB10C4D0C4B01AA44
S2140263002946012001930FF015F92A781AB920467A
S214026310FFF764FE03E020460199FFF72BFF08B95A
S214026320044B1E7009B0F0BDDC5B0020D056002086
S214026330F77103001263002001232DE9F341304E6A
S21402634005460F4600202F491446737300F0EAFBF9
S2140263500FF014F9DFF8AC8038B9012D01D9042DFD
S2140263600FD1214638460EF0CDFC1020002111F048
S214026370F2FF00283CD0002002B0BDE8F041FCF756
S214026380AFBC002CF1D1204B1B78212B03D0062B5F
S21402639001D0532B02D101F02FFAE6E7FDF740FEBB
S2140263A00028E2D000F0EAFB28B9307BC0F11800E2
S2140263B0FFF782FCD9E7154B41462046019300F0D1
S2140263C0B1FB20B140F61901114814F05CFB01AA9A
S2140263D00B4998F80C000FF0ADF832781AB9094854
S2140263E0FFF7FCFDC1E701990648FFF7C3FEBCE7CD
S2140263F0FFF79EFA0028BED102B0BDE8F08100BFCA
S214026400D0560020DC5B002075620020F771030086
S214026410144D04001FB5144B04461B88DB0707D433
S2140264204FF6FF700021FFF709FE002004B010BDF2
S2140264300A230E4A012001A9FDF786FC4FF6FF73D8
S214026440BDF80C209A42EBD00822FF2101A810F0DA
S214026450CCFB0028E4D10CB90120E7E7BDF80C001C
S21402646001A9FFF7EBFDF7E7F45B002026E1010048
S21402647038B50C46154610F036FC02F053FF294696
S2140264802046FFF7DBFD00F079FB48B1054BDB79D0
S2140264900E2B28BF0E230133DBB2034A137038BD1E
S2140264A00123FAE7DC5B00201E63002038B51D4698
S2140264B0FFF7FEFD0446C8B92B7B2846032B03D103
S2140264C0BDE8384010F0ABBEFFF7D8FA084B2546B9
S2140264D09C8110F0BEFB0121064B81401A780620F3
S2140264E0FEF730FA044608B1034B1D70204638BD4D
S2140264F0D0560020886C00207562002030B501203E
S21402650087B0FFF787FF6B460446144A1068516847
S21402651003C384B904F0C4FD02A8FFF7CDFA4FF610
S214026520FF752246BDF80E002946FFF7A1FF0EF0C2
S21402653070FB07B030BD6B46094AD2F86A00D2F843
S2140265406E10B2F8685003C304F0AAFD02A8FFF763
S214026550B3FA6A46BDF80E00E6E700BFA8D5030008
S214026560E455002037B5324B04461B781BB1022493
S214026570204603B030BD14F06FF90028F7D100F0C2
S2140265800DFB14B122882B4B1A8000210DF1070057
S214026590FDF7D0FC002848D110F013FE0446002870
S2140265A0E6D1254D9DF80700FFF7BAFB2B78033B93
S2140265B0012B27D82046FFF72DFF18B3FFF79EFFC3
S2140265C000F0FCFEFFF74AFB012010F00CFB48B976
S2140265D0184B1B889A0707D5234605220120174920
S2140265E0FFF788FC0446C3E7154D0223294601201F
S2140265F0144AFDF7A9FB2B885B07B9D5204600F0A5
S214026600F1FEB5E72B78053B012BB1D8FFF776FFF5
S214026610FFF724FB2B78052B0CBF04200520FDF783
S21402662013FC012010F0DFFADCE71724A0E700BF16
S21402663075620020F45B00207662002000F8FF07F7
S214026640A65B002027E101007FB50024184E194DF5
S2140266503278E3B29A4201D804B070BD4FF6FF73A7
S214026660B5F868209A421AD0134B1B88DB0714D55C
S214026670124AB5F8683010685168ADF80C3001ABB4
S21402668003C30F4A0A23002001A9FDF75DFB02237C
S21402669000200C4A0C49FDF757FB0134D8E70022CC
S2140266A00821064810F0A1FA0028F6D1DCE700BF60
S2140266B0666C0020E4550020F45B00204E56002055
S2140266C026E1010027E10100A65B002010B500F0DC
S2140266D0C7FE01F013FCD8B10E48FDF7BBFA0E4810
S2140266E00E4C017A0E30FFF741FB23781BB100F007
S2140266F0F7F9002323700022094B1A73FFF7AEFA4C
S21402670007F0B8F900F012FFBDE81040FFF79CBF93
S21402671010BD00BF6C6A0020DC5B00201263002004
S214026720D056002010B52548FDF794FA01F0E6FB96
S21402673030B1234B1B781BB9BDE81040FFF7C6BF2C
S21402674001F0DCFB78B11F4C237E83B1C8211B48C5
S21402675013F044FF0021237E0846013B2376BDE862
S2140267601040FCF72BBBFDF75BFC0028EBD1FDF7D6
S21402677057FC154B1B7858B9112B03D003F0FD03B9
S214026780412B19D1BDE810400E4B5869FFF794BA59
S214026790332BF7D10D4B188810F0A5FA0C4B18883E
S2140267A010F0BEFA0B4B0C491888FFF747FC0B4B50
S2140267B01878FFF787FBE5E710BD00BF6C6A00207C
S2140267C071620020D056002075620020DA5B00203D
S2140267D0D85B0020D65B00200963002011630020EE
S2140267E02DE9F04F0F4685B002AD044629463846DD
S2140267F0914612F042F84FF0000B82463846CDF82A
S21402680004B010F0D3F84678022C804606F0020652
S21402681009D85CB1FDF704FC0446002848D1754B44
S21402682001241B7865E0043C022C3AD9FDF7F8FBFC
S214026830384610F034F800240546A046DFF8D8A102
S214026840384610F0B3F850F809300DF10500019300
S21402685014F0F7F99DF807B00746B8F1000F4DD1CE
S214026860BBF1000F5BD0DFF88C9199F800300BB1CA
S214026870002E63D0002C61D05F4B1B78022B5DD1BB
S214026880BBF1000F53D1384610F02DFA5846594640
S214026890FFF76CFA07F0EEF840F607400EF06EFAD5
S2140268A034E010F082FCFDF7BBFB0446F8B15C4610
S2140268B04EB1524B1B78012B02D0043B012B0BD856
S2140268C005B0BDE8F08F4B4B1B782BB14B4B1B78BA
S2140268D003F0FB03022BF3D0BAF1000F404608BFC9
S2140268E0002511F0BDFF4FF001088246A8E7414B94
S2140268F01B78002BF0D0002EEED1E1E7BAF1000FA4
S214026900AED05046FDF71EFE0028A9D1002013F097
S2140269106FFC0028D4D0002010F056F8D0E74FF6CF
S214026920F7739F429FD91720FFF7C6F9EEE7FDF7E8
S21402693077FB48B13248FDF78DF9F4E7FDF770FBB7
S21402694010B1BBF1000FF5D1FDF76AFB0028DDD0D0
S2140269502846FEF749FAFF28DFF89CA0294C03D008
S2140269609AF80030012B04D12946B4F86800FEF7E5
S21402697095FBFEF751FC2A463846B4F86810FFF736
S21402698077FD214B214A93F906301B0213809AF8B1
S2140269900030012B19D0312B14BF432311238AF860
S2140269A000301B4B1648196813F018FE00F006FD5F
S2140269B00023124C99F80010237641B9104813F0C0
S2140269C00DFE40F61B436361A0E71123E7E7B8F12B
S2140269D0000F03D016B1FFF779FEF2E70D4B1B78D6
S2140269E0042BEED10521064813F0F8FD0923237681
S2140269F0E7E700BF7162002075620020D0560020D3
S214026A006C6A0020E4550020DC5B0020F25B00206C
S214026A108C6A002076620020F862002070B5084674
S214026A208CB00D460FF0C2FF09220021064613F075
S214026A3029FC044628460FF032FF052228460DF1AF
S214026A400F0304A90EF0ECF902281BD09DF80F30B4
S214026A5029461C440023E4B204F11002365D0120EC
S214026A600093D2B20CF066F860B1022E0AD1064B41
S214026A701B78012B06D1054B187818B922462946F1
S214026A80FFF7AEFE0CB070BD75620020D056002037
S214026A9008B5084B187050B1074B1B883BB14FF432
S214026AA07A710648594313F099FD002008BD01206B
S214026AB0FCE700BF68620020086C00203047002018
S214026AC0014B188000207047086C002008B5FDF7BF
S214026AD0C1F80022014B1A7008BD00BF6862002090
S214026AE010B50024044B05481C80054B1C70FDF7AE
S214026AF0B1F8204610BD00BFF65B0020906A002069
S214026B001363002008B50348FDF7A4F8BDE8084063
S214026B10FFF7E6BF906A00200148FCF7ABBD00BF56
S214026B20F65B0020F7B5134B04461B780E46EBB116
S214026B3083421DD90021104814F0E7F800250146CB
S214026B400D4F09B9012009E0AC4209D100241623F1
S214026B5022463046009414F06DF9204603B0F0BD8C
S214026B60384614F0F6F801350146EAE71820F5E74C
S214026B702720F3E713630020F65B0020014B18780A
S214026B80704700BF1363002025289DBF024B187074
S214026B9000202120704700BF8A6C0020012307B521
S214026BA01846064A0DF10701FDF7CEF89DF80720B4
S214026BB0034B1A7003B05DF804FB00BF29E1010025
S214026BC00A6C002084B010B502AC84E80F000822DC
S214026BD024480DF11601089CF5F756F938BB9DF8C6
S214026BE015309B0705D4204B1B7803F0FD03312B91
S214026BF023D11E496378097803F00F028A4203D034
S214026C00012928D1022A18D12278B2B91B09022BEF
S214026C1013D194F90230002B21DB154BB3F8682010
S214026C20BDF80A309A4208D1FEF790FF06E000222D
S214026C3008210C480FF0D9FF20B90020BDE810400B
S214026C4004B070470B4BBDF808205B889A42C6D04A
S214026C50002BC4D0F1E70229EFD1012AD3E70120A5
S214026C60ECE700BFD4560020756200205B6C002063
S214026C70E4550020D056002084B02DE9F0478EB0AF
S214026C8016AC84E80F00DFF868C1564BBCF8020069
S214026C909DF85D9010F001049DF96220BDF870E049
S214026CA09DF875A09DF976709DF878509DF97A103A
S214026CB09DF95E809DF860601B782FD09DF87D0060
S214026CC0C0F34004C0F38000002B44D0464B1B7830
S214026CD0012B02D1002C00F08280C0B19CF800305B
S214026CE01E335BB2BB42ACBF002701279845D4BF18
S214026CF000230123BB4209D18A4208DB0CD1A81B20
S214026D00C0B280288CBF0020012000E038460EB0BA
S214026D10BDE8F04704B070470020F8E710F0020F15
S214026D2018D0C3B1490814BF01200020520814BF6E
S214026D30012300238342EAD1AB1BDBB2802B0AD9A4
S214026D40AE42E9D1B84506DB49D1CA4594BF002018
S214026D500120DCE70BB90120D9E7AE4216D002AC1F
S214026D601CAF0FCF0FC497E8030044F8040B218032
S214026D70DDE91A0116AB0090ADF804100FCB0EF049
S214026D80D2FB0028E7D1AE42B9D1C0E7BDF85830F1
S214026D9073451ED008AC0DF1700CBCE80F000FC492
S214026DA09CE8030044F8040B2180104C638873456A
S214026DB00FD10822211D0DF12E00F5F765F80246C7
S214026DC038B90821201D0FF010FF10B96388002B78
S214026DD0C1D1B845BFDBC2D1CA45BCD8BFE7204641
S214026DE095E700BF1363002075620020D05600208E
S214026DF00A6C002084B02DE9F04F8FB06A4E18ACB2
S214026E0008AD84E80F00162200212846F4F7F0FCAD
S214026E1033783BB90024654B32781B789A4239D2D4
S214026E20002726E00021624813F06FFF0027044681
S214026E30B846DFF87C91002C45D13FB12246394650
S214026E405B480FF036FE3378013B33703378002B05
S214026E50E0D0002156484FF0000913F056FF4F4687
S214026E608046CA46DFF848B1B8F1000F6CD1002F51
S214026E70D1D01621002218A80FF0B3FD014648B162
S214026E80002F00F08B80224649480FF0CAFD337867
S214026E9001333370454B32781B789A4207D94448FF
S214026EA0002201880FF005FE3378013B33703378F9
S214026EB0012B03D13F49404813F090FB0FB0BDE8C9
S214026EC0F04F04B070470022214616232846CDF81C
S214026ED0008013F0AFFF1622294618A8F4F7D4FF55
S214026EE00028EBD09DF864209DF824309A4225D1E4
S214026EF0BDF86020BDF820309A421FD108220DF15D
S214026F002E010DF16E00F4F7BFFFB8B902AF0DF116
S214026F10600CBCE80F000FC79CE8030047F8040BA0
S214026F2039800EAB13E903000090ADF8041095E823
S214026F300F00FFF7A1FE0028C0D02746214648468C
S214026F4013F007FF044676E716230022414628463A
S214026F50CDF800A013F06EFF02AF0DF1600CBCE896
S214026F600F000FC79CE8030047F8040B39800EABEE
S214026F7013E903000090ADF8041095E80F00FFF740
S214026F807BFE074620B1B9F1000F04BF4446814696
S214026F904146584613F0DDFE804665E73A46044809
S214026FA013F0B9FE73E700BF136300208A6C00205B
S214026FB0F65B002020BF0200906A00202DE9F04F09
S214026FC0002104469FB00DF14008162240460E915D
S214026FD0CDE90C11CDF83B10F4F70AFC0522204649
S214026FE00DF11F0316A90DF01BFF0228074600F03D
S214026FF0F28020460FF0DAFC064613F022FE8146A7
S214027000F01C13F01EFEADF84000701D13F019FEC2
S214027010012FADF84200204640F0E0800FF0C6FC9B
S2140270200546204613F0EEF90D3502232D1A00937D
S214027030214643460820EAB20BF07CFD002800F009
S214027040CA8020460FF0B7FC012F83469DF84D30CC
S21402705040F0DC8000252F4643F001038DF84D30CA
S21402706016AE3388022B4DD1F1782046023108F055
S21402707065F81B2846D1F1782046033108F05EF801
S21402708019283FD1F1782046043108F057F84A28EB
S21402709038D14FF0050AF17820460131514408F004
S2140270A04DF8F17805905144204608F047F8059BC4
S2140270B000EB032083B200F03F02932B059240F0D0
S2140270C095800023F778214602375744FFB23A46A6
S2140270D000930CA80F2313F0ADFE07F10F01204614
S2140270E011F0A4FA07F111010546204611F09EFAA6
S2140270F0ADF84200059B023353445FFA83FA3379B4
S2140271005345C8D806360DF17603B342A9D19DF889
S2140271104D20C5F3C03363F3410220468DF84D205F
S2140271200FF0DBFB8DF8440020460FF0CBFB8DF80A
S214027130450020460FF0CBFB9DF83230BBF1190F0D
S214027140C3F3C3028DF84720DDF833208DF84600DE
S214027150CDF84E20DDF83720CDF8522094BF00221D
S2140271609DF83E208DF8482003F003028DF84A2051
S2140271709DF84D20DB0963F38202694B8DF84D20A2
S2140271801B78022B56D1BDF840600FF0BDFD86423B
S21402719050D108A810F024F8BBF1190F47D90822DD
S2140271A00DF14E0108A8F4F76FFE00283CD1B9F5A0
S2140271B0004F02D0B9F5624F0DD140F6FF7325F4A9
S2140271C040459D4207D1002208210DF14E000FF0E6
S2140271D00CFD00283ED01FB0BDE8F08F0FF0E6FB96
S2140271E00546204613F00EF907351EE7412B81D1DE
S2140271F0F17820460231514407F0A0FF494B1B7834
S214027200C3F1B30318448DF8490073E76FF3000324
S214027210F01D8DF84D3013F014FD0CA905462046DE
S21402722010F030F80B2772E700F058FDBFE700F0C9
S21402723055FDD0E7B9F5004F02D0B9F5624FCAD175
S21402724040F6FF7325F440459D42C4D1BBF1190FA9
S214027250C1D9B8E7BBF11A0F06D007F11F014246A3
S2140272602046C9B20EF065F92F4C304D637BDBB178
S2140272702B78012B1DD1012323730CAB029314AC84
S21402728094E803000090ADF8041098E80F00FFF7AA
S21402729099FC90B194E803000090ADF8041098E8C9
S2140272A00F00FFF7A7FD08E0FCF7BAFE0028DFD0C4
S2140272B0E1E703F0FD03042BDDD02B78012B01D090
S2140272C0042B88D11A4BDDF84E001B78DDF85210DD
S2140272D08DF82230BDF84030ADF820309DF84D30A4
S2140272E0C3F340038DF823309DF8313003F00F03CB
S2140272F08DF82C309DF848308DF82D3009AB03C33D
S2140273000C4B1B681BB1414608A8984763E79DF9DA
S21402731046209DF8451008A80DF0F2FC5BE700BF7A
S214027320756200201A630020D056002001630020F8
S21402733019630020C456002010B513F09DFB114BB4
S2140273401B78022B1CD1104A1468A04218D00F4991
S21402735010600A68121B10440D4A086012786AB15F
S214027360013A93403C2253434FF47A725343984275
S21402737006D9BDE810400320FCF766BD0A23F3E7F2
S21402738010BD00BF756200205C48002058480020EF
S214027390576C0020064B1B88DB0708D50022054BDE
S2140273A043F82020044A135C63F00F03135470471B
S2140273B0F85B0020AC4600203A62002008B513F0C5
S2140273C05BFB0022024B1860024B1A6008BD00BF2E
S2140273D05C48002058480020014B1868704700BFE0
S2140273E05848002008B50C48FCF734FCFCF772FD40
S2140273F080B10A4B0322B3F8681001200EF0B9F8E8
S2140274004FF47A71064B04481B885943BDE808407E
S21402741013F0E4B808BD00BFB06A0020E4550020AF
S214027420EC6B0020014B1880002070470E6C002089
S214027430044A054B1870138823F003031843108080
S21402744000207047F85B0020586C0020034B188819
S214027450C0F30E00003818BF01207047A65B00205C
S21402746008B5FFF7F3FF30B1002004490223044AAF
S2140274700880FCF769FC002008BD00BFA65B002060
S21402748027E10100024B1888C0F30E00704700BFC8
S214027490A65B00200023084A01201370074A084909
S2140274A01370084B084A1B7843F004031380022328
S2140274B0064AFCF749BC00BF16630020156300208D
S2140274C0A65B0020586C0020F85B002027E1010034
S2140274D030B5012100240B2385B0104D0194009194
S2140274E08DF80C308DF80D000323B5F8680003AA5A
S2140274F08DF80E4011F053F968B1B5F868100FF028
S2140275007EFF40B10522064B64211A70054B0648E1
S2140275101C7013F063F805B030BD00BFE4550020C0
S2140275201563002016630020D06A0020064B1B78E5
S214027530033B012B06D8054B1B781BB9044B187866
S214027540FFF7C6BF704700BF7662002014630020B4
S214027550576C002010B51548FCF77CFB144B1978C5
S214027560F9B9144A13787BB1013B1370124B1B789E
S214027570042B02D10846FBF721FCBDE810404FF46D
S21402758096710A4813F02AB80C4A128802F00302CF
S214027590022A0AD1BDE81040032201200849FEF75C
S2140275A0A9BCBDE81040FFF7C1BF10BDD06A0020DD
S2140275B0166300201563002076620020A65B00207A
S2140275C000F8FF07084B1A785AB10223013A934093
S2140275D04EF66022534303210448B3FBF1F112F046
S2140275E0FDBF42F21073F6E7576C0020D06A002007
S2140275F070B505461748FCF72DFB0122164B2846A8
S2140276001A7011F0F0F8411C044689B2284607F0B9
S21402761095FDA11C064689B2284607F08FFD0F4C41
S21402762002232080214600200D4AFCF78DFB86B9F6
S214027630238803F00303022B03D1FFF7BFFEFFF7F5
S214027640C1FF23885B0704D5BDE870400548FFF7F5
S214027650C9BE70BDD06A002016630020A65B00205B
S21402766027E10100B06A00202DE9F0431F4C0546D1
S214027670238889B0002B33D01D4E00214FF4807032
S21402768010F049FE3378DB0728D50121208812F056
S214027690F1FE074620880FF089F9023013F0D1FA7E
S2140276A005A98046208811F085F93378384613F00C
S2140276B0020F104B18BF0025B3F8009012F0BEFE62
S2140276C00646384612F09EFEF6B202904246062162
S2140276D02846CDE9009605AB0DF0CEFA00232380AE
S2140276E0054809B0BDE8F043FCF7B4BAFE5B0020DB
S2140276F017630020FC5B0020F06A002010B50446E9
S21402770040F62140FFF7B0FF01214FF4807010F0E1
S21402771002FE78B10022084B1C80084B1A7007F054
S21402772085FEBDE81040064B1880064B06481988B1
S21402773012F054BF10BD00BFFE5B0020176300208E
S214027740FC5B0020EE6B0020F06A0020044A1378EF
S21402775018B943F001031370704743F00303FAE7C6
S21402776017630020044B1B781BB9044A1380FEF7EC
S21402777007B90020704700BF05630020FA5B0020AF
S214027780042230B501F0400387B0002B054614BF33
S214027790012400248DF80C208DF80D1004D004A9C5
S2140277A010F0D7FD10B304ABCDE90043012102234C
S2140277B0284603AA10F0F3FF0446C8B10D4BB3F8EF
S2140277C068100FF03DF84FF6F7739D4209D9322242
S2140277D002212046FEF73AF880F00100C0B207B058
S2140277E030BD294620460FF00AFEF5E70120F6E7EF
S2140277F01920F4E7E455002010B5FFF731FE04F037
S21402780031FA0FF088FC002010F09BFD13F024F8EC
S21402781008B1FDF729F9204C2378532B12D1032304
S21402782023700023FF2219460120FEF763FB002087
S21402783012F0DEFC10B100200FF0C6F8BDE81040D2
S2140278400DF09BBE062B01D0212BF0D10120FEF7B6
S214027850F5FA4FF6FE700FF046FA4FF6FF700FF08D
S2140278605FFA0020FEF752FA0020FEF759FAFEF7FA
S214027870E9F900F029FB0DF083FE2378212B02D1D3
S214027880FEF774F9D3E70020FCF7DEFA00214FF486
S214027890004010F030FBCAE77562002010B50A4CB3
S2140278A00A48FCF7D7F92378062B02D10120FEF707
S2140278B0C5FA2378062B01D0532B03D1BDE810401E
S2140278C0FFF79ABF10BD00BF75620020106B002044
S2140278D02DE9F047DFF8C08004460E461746FFF74C
S2140278E0BFFD98F8005015B90220BDE8F087212D9B
S2140278F0FAD0284813F037FA0028F5D114F02004FD
S21402790039463046DFF894A0DFF8949005F00F056C
S2140279101BD00DF079F9012D8AF80070A9F80060E5
S21402792029D1212388F80030FFF766FF0020DCE724
S214027930212388F80030FFF75FFF00214FF6FE7024
S214027940FEF77CFBFEF780FEF0E70DF05CF9012DFA
S2140279508AF80070A9F80060EAD0062321464FF69E
S214027960FD7088F80030FFF70BFF40F22621094829
S21402797012F034FEE1E7532321464FF6FD7088F8F5
S2140279800030FFF7FDFE40F22621024812F026FEE6
S214027990CCE700BF106B0020756200201863002041
S2140279A0106C0020F8B50D460646511C284607F016
S2140279B0C5FB044628460EF0F9FF0546023013F0D2
S2140279C040F9154B07461B78022B02D0043B012BCD
S2140279D021D8124B1B68580201D5A1061BD5620698
S2140279E019D50F4BB3F86830B34214D16B781B0726
S2140279F00DD5284610F034FFFCF7A4FD58B13146E9
S214027A0004F020000122BDE8F840FFF761BF0FF046
S214027A105EF9B842F3D0F8BD7562002064480020D3
S214027A20E455002073B504460D4613F0F8F9FF2816
S214027A30034625D0134A12784AB1134A32F8102068
S214027A40520404D510F06EFC002002B070BD184639
S214027A5010F079FC6946064610F07BFC40B1FCF754
S214027A60E7F928B1002302226946304605F0DCF821
S214027A70204645F0400102B0BDE87040FFF780BEE8
S214027A800120E2E771620020A05B002038B50546BF
S214027A900EF08CFF0446284610F0A5FE411C89B263
S214027AA0284607F04BFB42060DD563781B070FD519
S214027AB0204610F0D5FE0146002013F0AEF9BDE8D0
S214027AC0384010F02FBC0348BDE83840FFF7E6BE4A
S214027AD038BD00BF106B002038B54FF6FF75A842C0
S214027AE0044617D00FF010F9A04213D04FF6FD72DD
S214027AF0094B198891420DD9084A1288AA4201D028
S214027B00A24207D11C804FF47A71BDE8384004487F
S214027B1012F064BD38BD00BFF66B0020126C002068
S214027B20F047002008B50448FCF794F84FF6FF72B9
S214027B30024B1A8008BD00BFF0470020F66B0020FB
S214027B4037B505460C46082369460120064AFCF767
S214027B50FBF815B19DF806302B700CB1009B236024
S214027B60BDF8040003B030BD25E1010007B50823C7
S214027B708DF80600ADF80410009269460020034A0C
S214027B80FCF7E2F803B05DF804FB00BF25E1010054
S214027B90024A13780BB1013B1370704766620020ED
S214027BA008B50FF0BDF800214FF6FF72054B0846E8
S214027BB01A80FEF7DBF8BDE8084040F616400DF0E6
S214027BC0DDB800BFF66B002008B5FCF743F80A4B99
S214027BD01B78023B032B08D84FF6FE73074A108821
S214027BE098424FF6FF7301D1138008BD9842FCD02D
S214027BF0BDE80840FFF7D4BF75620020F66B002090
S214027C0010B5084B1B78042B0AD00FF060F8002141
S214027C1004460846FFF794FF231A5842584110BDFF
S214027C200020FCE776620020F0B5002689B0054603
S214027C30CDE90566ADF81C6010F0D5FD0A230246B4
S214027C4004462946009605A813F0F4F89DF8153068
S214027C509DF814701F2B27D803A80FF0C1FA08222C
S214027C600DF1160103A8F4F70FF90646E0B9092F3D
S214027C701CD1FFF7C5FFB8B1144B1B78A3B1144B48
S214027C801A884FF6FD739A420ED9124C124A23787E
S214027C900433DBB223701278013AB3EB820F03DDB2
S214027CA058B20BF025F9267009B0F0BD0A34E4B2DA
S214027CB02146284607F042FA0FF025FB611C2846AB
S214027CC010F0B4FCFFF708FFEEE700BF6B6C002075
S214027CD0F66B002066620020566C002038B5134B07
S214027CE01B78033B012B20D9114B4FF6FF711B78F3
S214027CF0ABB1104D2B888B4217D10FF005F84EF61C
S214027D00602104460C4812F069FC4FF6FE732246C8
S214027D102B800021BDE8384009200FF002BB074A3D
S214027D2013888B421CBF0133138038BD7662002055
S214027D306B6C0020F66B0020F0470020A25B002050
S214027D4008B50448FBF786FFBDE808400021084650
S214027D50FBF734B8306B002010B5044661B1FF2142
S214027D600EF0C5FD002120460EF0C7FD0EF008FD00
S214027D70014620460EF0C7FD2146BDE8104000220F
S214027D80014812F0C8BF00BF025C00202DE9F04196
S214027D900D46174604460EF009FE06782846FCF7FE
S214027DA04DF92946804620460EF04AFD0EF08FFF1A
S214027DB0A84206D120460121FFF7CEFF0120BDE8EA
S214027DC0F0812846B8F1000F0AD0FCF7B9F950B98D
S214027DD0144B3A462046BDE8F0411978FDF736BD09
S214027DE010F0BBFAF3E706F00306012E08D00EF0F9
S214027DF06EFF00232246294602F042FA0028D9D115
S214027E0020460EF0D9FC430505D52046BDE8F041D4
S214027E1000210FF04EB8204610F08AFAB0FA80F031
S214027E204009CCE7556C002010B586B0044610F029
S214027E30DAFC104B0246186819790290D3F805004E
S214027E405B7A01328DF8143000238DF80C10049002
S214027E502146009392B2052304A812F0EBFF0522F6
S214027E6004A902A8F4F710F8B0FA80F0400906B0A8
S214027E7010BD00BFC099040008B511480EF053FEAD
S214027E80104B1B78012B06D8FF2010F024FAFDF7C2
S214027E90B1FB10F03FFAFDF73BF801F091FCFFF75B
S214027EA0F9FA10F018FE07F0F1FDFDF749FD07F0AC
S214027EB03DFB0CF0ABFEBDE8084002F0D3BC00BFB1
S214027EC0AC5600203362002008B5F0F75DFDFF28AF
S214027ED003D0094B1B78012B06D9002010F0FBF9C2
S214027EE0FDF788FB10F016FAFDF712F801F068FCB1
S214027EF0BDE8084002F0B6BC33620020064B187894
S214027F00112806D000F0FD00A0F141035842584166
S214027F1070470120704700BF756200202DE9F843C4
S214027F200446FDF70FFB18B100263046BDE8F8837D
S214027F304FF6FF78184BB3F868104145F4D0204648
S214027F400EF07EFC154B022120461A88FDF77EFCB9
S214027F5006460028E8D020460EF028FD90F8079046
S214027F600546043012F06DFE07460EF0B0FE494696
S214027F7002463846FDF7FEFAA81C12F062FE40459D
S214027F8002D12046FFF7BAFB2B789B07CDD1012101
S214027F902046FFF7E1FEC8E7E4550020005C00201B
S214027FA0F8B507460EF002FD0546043012F049FE0B
S214027FB00646A81C12F045FE0446304612F02FFF75
S214027FC03046FCF73BF82B789B0701D10EF07FFE7C
S214027FD0AB790BB90320F8BD0EF079FEA0420CD1A6
S214027FE00EF075FE0446094B214638461A78FFF70E
S214027FF0CDFE0028EED00020EDE7054B1B78052BC2
S2140280001CBF044BB3F86840EDE700BF005C0020DD
S21402801076620020E45500202DE9F041064610461F
S2140280200D4610F0E0FBA0F11004E7B256FA84F415
S2140280302146EA1B04F10E00F3F72CFC2823DFF896
S2140280404480F35598F80030637301F0CDFB611C51
S214028050024601200DF0A9FA08220949601DF3F72D
S21402806019FC98F800000FF0A2FF05F10E01304649
S2140280703B460022C9B201F069FC1220BDE8F0813D
S214028080F8620020706200202DE9F04F87B00446A7
S2140280900EF08CFC064620460EF0EBFB0746301D23
S2140280A012F0CFFD8146B01C12F0CBFD384696F892
S2140280B007A012F0BDFE33789A075FD1214604204E
S2140280C001F04CFD002859D0204610F08CFB0146EA
S2140280D0204607F033F8830750D1204610F083FB82
S2140280E00146204607F02AF810F00303039345D111
S2140280F02046FFF799FE002840D0204610F049FCA3
S214028100451C204612F09AF9EDB205F10A0B83459A
S2140281105DDA304A04AB1068516803C3691C204616
S21402812007F00CF829468046204607F007F800EBD1
S214028130082059461FFA80F8204606F0FFFF8346BD
S214028140039B2146AA1C009304A8082312F072FE81
S21402815020460EF08EFB5A4641460DF018FA0122D2
S214028160404604A90FF059FA88BB022007F032FCF9
S214028170013003D1404604A9F0F7CEFC0EF0A7FD6D
S21402818048453A46514607D10EF0A9FFF8B907B05E
S214028190BDE8F04F0FF0F5B948460EF0A0FFB0B9B3
S2140281A00D4B1B781BB9394648460FF000F93A4684
S2140281B051464846FDF7DEF948B1317811F0030121
S2140281C005D1204607B0BDE8F04FFFF7C5BD07B0A2
S2140281D0BDE8F08FA8D503006C62002038B5114DBB
S2140281E02B78023B012B18D80DF0D3F90446B0B910
S2140281F0FFF7A2F82B78032B07D12346FF2221464E
S2140282000120FDF777FE012038BD21462046FAF709
S214028210D5FD003818BF0120F6E71720F4E7022044
S214028220F2E700BF756200202DE9F74305460E46C9
S21402823014460EF0CBFA0C2828464AD10EF0B6FBAE
S2140282400922002112F01EF800F11001C9B22846D8
S21402825006F074FF042813D07C282BD0012840F0A7
S214028260AC8046B91321284610F0E0F903B0BDE809
S214028270F0430EF055BD03B0BDE8F043FDF7DCBC9D
S2140282805B4B1B78022B40F0988046B9FFF7FAF852
S214028290C3070AD5FFF792F8002C08BF3F263046E0
S2140282A003B0BDE8F0430CF0CDBCFFF7CFF80028D2
S2140282B0F0D0F1E7284612F0C1F80446284612F03C
S2140282C0A1F802463046E1B203B0BDE8F0430CF036
S2140282D0B7BC0EF06BFB8046043012F0B2FC0746C9
S2140282E008F1020012F0ADFC4FF6F773984204460E
S2140282F00CD8404A138801339BB213800BB93E4A0E
S21402830013801EB13C4A13880133138098F80090FC
S21402831009F00309B9F1010F1DD1284610F063FADE
S2140283200146284606F00AFF0B2809D00D2807D07A
S214028330042842D1284603B0BDE8F043FFF7A6BBA7
S2140283402E4B1B78042B38D10021084603B0BDE81B
S214028350F043FAF733BDB9F1000F2ED13146284665
S21402836003F05EFD4EB34FF6F7739C4225D898F89D
S2140283700160204616F0040622D10FF0BCFF054627
S21402838020467DB10FF0E9FF034600BB0C220090A9
S214028390214638460FF0D9F90C22002339462046EA
S2140283A0009308E00FF0D9FF0346C8B9144A0090BC
S2140283B01278214638460FF0C8F903B0BDE8F083BC
S2140283C00FF0CBFF034678B90B220090F1E70622A6
S2140283D033462146384600960FF0B7F90622DCE708
S2140283E02B4600950622E4E74B46CDF80090F9E7C7
S2140283F075620020AA5B0020A85B0020766200203F
S2140284008C6C00202DE9F04F05888BB00446284678
S2140284100EF0CCFA0746043012F013FC8146B81C64
S21402842012F00FFC05A98046284610F026FA2846C8
S21402843010F0D9F901460646284606F07FFE3B783C
S214028440824603F00303012B0CBF83464FF0FF0B5B
S21402845012F00DFBE388019002930EF038FCFB79D4
S21402846000904846039300F081FF002876D14046EC
S21402847000F07CFF002840F08880FDF72BFB80464A
S214028480FBF7CEFD10B9FFF739FD30B1A8F10408AD
S2140284905FFA88F8B8F1020F1BD90BF0FD03042B24
S2140284A000F0B380FFF72AFD20B10AF0030ABAF102
S2140284B0010F0ED0FBF70EFD28B9714B1B7803F0A7
S2140284C00F03062B68D16F4B2846B3F868100EF0E0
S2140284D0B7F9BBF1010F63D128460EF09BF94FF6B0
S2140284E0FF73984240F0918000233146284607AA3F
S2140284F00FF009FF0746002842D042799DF8253042
S214028500934209D9711D284689B206F02BFEA3783C
S21402851023F00F030233A3700CF071FB7E23B0FB33
S214028520F3F202FB130303F58073A3809DF8263053
S21402853013F0180F0AD0A3781B0707D1009B4B45F0
S21402854004D048467A7905A90CF08EFB9DF82700E0
S214028550003818BF01200BB0BDE8F08F28460EF099
S21402856025FA023012F06DFB4FF6F773984207D9E0
S214028570039B2BB92846FFF757FC00287FF477AFFA
S214028580A37823F00F03A37008E0404612F050FCD5
S21402859000287FF472AFF3E72823A3800020DAE7EF
S2140285A0BBF1020F54D10123314607AA28460FF029
S2140285B0AAFE80460EF08BFBBDF8223098421FD1F1
S2140285C0B8F1000FDCD00122B8F802303146284656
S2140285D00FF097FE2C4A13780133DBB2FB7113704F
S2140285E0B8F80230BDF81E209A421FBFA37823F0C7
S2140285F00F030233A3704FF4C873A3800120AAE7C7
S214028600184612F015FC0028DAD128460EF002F9B8
S21402861012F0AEFB012808BF1C4BA27809BF1B78DC
S214028620FA2303EB830303EB830302BF9B00FA33B5
S2140286309BB21209A4D1DDE90121521A92B29342E9
S2140286409ED30CF0DCFA00F01F001030A080D5E7B5
S214028650BBF1030FD9D1009B4B45D6D1711C2846DE
S21402866089B206F06BFD0C28CFD1FCF7FFFD4FF662
S214028670FF7398420146C8D028460EF0E1F8C4E7D8
S21402868075620020E455002073620020646C0020AE
S2140286902DE9F04105460C460EF098F8082802D15E
S2140286A00120BDE8F081201D12F0CBFA06462846CE
S2140286B094F807800EF0DDF8074628460EF07CF8A0
S2140286C0010612D5184B1B78042B0ED1174B1B78BC
S2140286D0022B0AD1164BB3F868204FF6FF739A4264
S2140286E003D000210846FAF769FB124B1B78002BD1
S2140286F0D6D1A01C12F0A5FA4FF6F773984202D80C
S2140287006378DA070DD523789B070AD13A464146A5
S21402871030460EF0E4FC80F00100C0B200F001002A
S214028720BFE70120FAE700BF7662002075620020EC
S214028730E45500201D6300202DE9F04F9DB004464D
S2140287400EF044F8054620460EF040F8082869D197
S2140287504FF400432046ADF85030ADF85C4011F0BF
S2140287606DFEBDF85C20A0F11005EDB21046102398
S214028770002100950FF047FF294617A80FF01BFFB0
S214028780204611F03FFE0AF0C9FB002321461A4696
S2140287900C2000930AF0CEF998B3204611F032FE70
S2140287A014A902461020FBF779FF0501204611F0B6
S2140287B029FE14A902464020EDB2FBF76FFF10B166
S2140287C020460CF025FA204611F01CFE14A902469B
S2140287D08020FBF763FFB8B99DB1102517A805F0F6
S2140287E067FF2046BDF8507011F028FE0646204668
S2140287F011F008FE29460090F3B2384617AA0CF08C
S2140288009DFA1DB0BDE8F08FBDF8503017A8ADF840
S2140288105E40ADF85C300CF0B4FE0028DCD145F0CA
S2140288208005DBE720460EF011F8B0F5006F40F049
S214028830058120460EF01DF80646042D40F0018103
S21402884020460DF0B9FF80F40060C0F3C02000227D
S2140288503146400012F0BEF9944B1A78022A0DD027
S214028860FFF74CFB50B902F0FD03312B06D0043A59
S214028870012A03D98E4B1B78002BC2D02146022038
S21402888001F06CF905900028BBD02046ADF84640B2
S2140288900EF08CF80446BDF846000DF0EAFF0646D8
S2140288A0201D12F0CEF9A31C83461846039312F03D
S2140288B0C8F912A90746BDF846000FF0DEFF637836
S2140288C00690BDF8460094F8008008930FF08BFFE0
S2140288D06378054608F0030830460C93FBF7AEFBB8
S2140288E0B8F1010F0CBF032302230E93714B08BF8E
S2140288F04FF00B091E80237818BF4FF00A0903F0C9
S2140289003C03082B0D907FF47CAFBDF8460011F0B7
S21402891095FDA8427FF675AFB8F1010F03D0237814
S2140289209B077FF46EAF644BB3F86830B3420DD149
S214028930624A634BB2F9001093F90030002900F046
S214028940A58001EB0313A3EB211313804FF0010A5A
S214028950A5F11003DBB20A938DF845301022484683
S214028960BDF84610CDF800A00DF145030AF0E2F876
S21402897000283FF446AF089B13F00203099300F069
S2140289800981504B1B78002B3FF43BAFBDF8469055
S21402899048460FF028FF002307904846CDE91733D4
S2140289A01993ADF868300DF064FF079B039003F14E
S2140289B00E01484689B20FF0E9FE002870D0002367
S2140289C04946079A009317A80E2312F033FA504628
S2140289D00DF15D010CF0F7FD9DF869300B900493E4
S2140289E09DF85C30282B5BD10DF16100FBF7AAFDE8
S2140289F00F90002854D104980FF0D9FA0F9B002844
S214028A0066D1314B049A1B78D31A1C0648D404F05C
S214028A1059F950453CD112F02FF82C4E05463468D1
S214028A2024B104F055F92C1B844239D30023FF22CB
S214028A3019461846FDF75EFA356031E04FF6FD76C8
S214028A40FBE64FF6FF70301A18BF012000223146AF
S214028A50400012F0BFF80C2D0DD12146012001F086
S214028A607DF800283FF4CDAE214600201DB0BDE8BB
S214028A70F04FFDF7D3BF2DB920461DB0BDE8F04F2D
S214028A80FEF79CBA042D7FF4BCAEE5E61B025CE75B
S214028A9004F018F9022803D104F0F6F80028BAD038
S214028AA000221920039912F095F8AAE675620020B2
S214028AB01D6300201E5C0020E4550020F25B0020AF
S214028AC01A6300207162002070620020F4560020B3
S214028AD010214846079ACDF800A00FF0B8F80028F3
S214028AE0DED0BB4B049A1B78934240F0AA800399CF
S214028AF00DF1610214A811F041FE012114A8FBF742
S214028B00F5FA824648F2030114A8FBF763FBBAF1B2
S214028B10000F03D0082114A80CF0F8FC48460FF00A
S214028B2080FE03990DF16100FCF72AFCFE288246BE
S214028B30B6D0FF280AD1039812F060F9FF288246C1
S214028B4000F087800DF16101FCF7F4FAA04B049A5D
S214028B501B78934200F0A38050460B99FCF7F6FB75
S214028B6000283FF44EAE50460B99FCF701FC2378E2
S214028B7098070FD148460FF036FE0146484606F0E3
S214028B80DDFA00F00300012804D103980DF161011B
S214028B90EFF7C2FFBDF846000DF00EFE010440F1ED
S214028BA08580204612F04DF840F4007189B22046C6
S214028BB012F049F800224FF40041BDF846000DF0CD
S214028BC0ECFDDDF81490012310220093BDF8461048
S214028BD00E980DF1450309F0ADFF00283FF411AEE3
S214028BE0032866D1204612F02CF840F4007189B2B0
S214028BF0204612F028F8304612F01AF9002840F003
S214028C00B680DDF81490B8F1010F40F0B68003206C
S214028C10BDF8461000F0A2FF002840F0AE802946BC
S214028C20BDF8460006F08AFA0F2801467FF6E9AD3F
S214028C304FF6F7739F423FF6E4AD30460EF024FC43
S214028C40DFE55046049903F085FA00287FF44FAF1B
S214028C5026E7237803F00303012B08D148460FF0DA
S214028C60C2FD0146484606F069FA082892D0594BDA
S214028C701A78594B1B789A4209D20DF16101039872
S214028C80FCF70CFA039812F0B9F882465EE7A01CCD
S214028C9011F0D7FF4FF6F7739842EED900E7504629
S214028CA0FCF7CEFB00283FF457AF5CE74FF0000915
S214028CB089E7304612F0BCF80028A4D0099B002BA6
S214028CC057D1B9F1000F52D1B8F1010FBDF84600E5
S214028CD09DD0294606F032FA8246DFF8089199F8C6
S214028CE00030002B54D00DF0F2FF87427FF489AD9E
S214028CF0B8F1010F7ED1BAF1070F75D8BAF1050F98
S214028D007FF67FAD354B1B78022B02D0043B012B3E
S214028D1003D899F80030002B41D00C9B9A0640F1FC
S214028D20B4800D9B002B40F0AC80304612F077F8F2
S214028D30FF2840F0A6805E457FF463AD069B002BBD
S214028D4000F09D8012AB46F204020124ADF85C20CE
S214028D500193214602233046009417AA0FF01FFD06
S214028D6000283FF44EAD21460EF0A3F849E5DDF8A3
S214028D70149030460FF0D9FA45E72946BDF846006A
S214028D8006F0DCF9099B824613B9B9F1000FA4D0AC
S214028D90124B1B78022B02D0043B012BBDD8304667
S214028DA000F0E4FA814600287FF42BAD0DF08FFF29
S214028DB0864225D10A4BB3F868400DF088FF4B4631
S214028DC001460D222046CDF800900EF0BEFC18E5B6
S214028DD0706200206F620020656C002075620020C1
S214028DE0E455002071620020AAF10E03DBB2012BCB
S214028DF088D906E50AF00303012B7FF402AD81E76A
S214028E00304612F015F858B90DF07EFF4FF6FF7394
S214028E10984205D011F020FD10B93046FCF7E4F870
S214028E20304612F005F888B10DF06EFF4FF6FF736C
S214028E3098420BD011F010FD40B9B8F1010F02D1E3
S214028E40BAF1060F02D030460FF06EFA069BA3B9AF
S214028E501946012258460EF0E0FB814600287FF4B0
S214028E60D0AC20460FF0FCFC4A46014638460EF0CF
S214028E70D4FB00283FF451AFC3E412A9E9E7069BEE
S214028E8061E7637823F0200363704FF6FC739F421A
S214028E903FF4B7AC4FF6FD739F4204D1B34B1B7839
S214028EA0042B3FF4AEACA3790BB1013BA3716378FC
S214028EB05B0727D50023584617AA14A917930FF065
S214028EC014FA1798F0B10FF009FA8146384611F0F5
S214028ED0A6FF179A0146137903F03000102806D031
S214028EE003F00C0008281CBF23F00C03137113793F
S214028EF003F03303202B05D1FF2903D00122484675
S214028F000FF0FBF9304611F08AFFFF281EBF002241
S214028F10974B43F82020089B03F001094FF6F7739E
S214028F209F4200F2F980B9F1000F40F0018131460C
S214028F3058460EF03CFA0DF0CAFE874200F0C68094
S214028F40384611F075FF002841D0B8F1010F27D13D
S214028F50BAF1010F17D14A462946BDF846000FF06E
S214028F60CFF9384611F064FF824B1B78002B72D182
S214028F70584611F05DFF002866D1384611F058FFBA
S214028F80002861D13DE4384611F052FF50B3BAF1E1
S214028F90030F27D12946BDF846000EF00EFC30E43A
S214028FA0384611F045FF38460FF0D7F9002847D06B
S214028FB0002339465846BDF8462001F061F90028DC
S214028FC03ED00021BDF84600FEF7C6FE19E438463C
S214028FD011F02EFF18B1B8F1010FD8D0E3E7B8F1BF
S214028FE0010FE0D1634B1B78002BC1D0BAF1050FFD
S214028FF031D10DF06CFE8DF85C000DF068FE000AB3
S2140290008DF85D000123022217A90DF14600FAF73A
S21402901075FD00287FF4F5AB691C89B2BDF84600E1
S21402902006F07AF80378013303706378590715D48B
S2140290300DF04DFE834522D0002239461C2032E533
S2140290404C4B1B78002B93D0B8F1010FCED063782F
S2140290505A0714D502E06378580718D5BDF846407B
S21402906020460FF082FB411C89B2204606F054F8D7
S2140290700378B8F1010F03F1FF33037004D0BDF893
S2140290804600FEF78DFF09E0BAF1050FD0D0BDF815
S2140290904600FEF785FFBAF1030FCDD00228CBD1EA
S2140290A00021584617AA0FF023F930B103794680FB
S2140290B003F03C0343F04003037100232E4A00935F
S2140290C03946584612780EF040FBB5E7B8F1010F64
S2140290D07FF477AF0AF1FF330C2B00F2868001A2F1
S2140290E052F823F04591020045910200958F020046
S2140290F05B9102007D91020003880200A1910200AA
S214029100B1910200BD910200BD91020003880200E7
S214029110D3910200DF910200B8F1010F71D0B9F1CC
S214029120000F08D1BDF84600FEF7AEFFFFF769BB99
S214029130B8F1010FCED0237A03F00303012B7FF49C
S21402914060ABEFE7AAF102035A422946BDF8460091
S2140291505A410FF0D5F8FFF754BB2A465846BDF8D9
S2140291604610FEF71FFCFFF74CBB00BF76620020DE
S214029170AC460020696C00208C6C0020691CBDF88F
S214029180460089B205F0DAFF0235EDB20246BDF8B6
S21402919046305846009512A906F0D4FDFFF731BBBB
S2140291A001200A9ABDF84610FDF71AFBFFF729BB05
S2140291B0BDF846000FF0AAF8FFF723BBBDF846003D
S2140291C0FEF732FDFFF71DBBBDF84600FEF72CFD8D
S2140291D0A8E7BDF84600FEF70BFAFFF712BBBDF88C
S2140291E046000CF0C8F9FFF70CBB2B462246504649
S2140291F0BDF846100CF095F900287FF402AB5146F4
S2140292001BE50AF1FF330C2B3FF6FBAA01A252F82C
S21402921023F000BF4591020045910200958F02009F
S2140292205B9102007D91020003880200A191020078
S214029230B1910200C9910200C9910200038802009E
S214029240D3910200DF91020010B5002111480DF003
S21402925011FC0446E8B10DF035FB0F4B18702046A2
S2140292600DF035FB0D4B187020460DF036FB0C4BFF
S214029270187020460DF036FB0A4B1860012011F0DC
S214029280FFFB2046FFF758FABDE81040002011F019
S214029290F7BB10BDD05B00201B6300201A630020C2
S2140292A019630020EC56002070B5144E044633684D
S2140292B00D46BBB10DF08AFA0C2813D120460DF0EC
S2140292C075FB09220021044610F0DCFF235C042B08
S2140292D008D10B4C25B10B4B22781B789A4203D34C
S2140292E000232370002070BD0748316811F076F91C
S2140292F02378012001332370F5E700BFF0560020E3
S2140293001C6300208B6C0020306B0020014B93F90D
S21402931001007047F25B0020014BB3F8680070470B
S214029320E455002070B500240D4D2C70EFF706FAB8
S214029330E6B2B04208D800220A4B1A700A4B1988C5
S21402934001B11A80012070BD304611F06EFDC307D0
S21402935048BF2B7804F1010444BF01332B70E5E7C4
S2140293606E62002067620020A45B002038B50B4BBB
S21402937005461B7873B101335C08094B188811F057
S21402938041F8002330F81320AA4205D00133DAB29E
S214029390A242F7D3002038BD0120FCE76762002016
S2140293A0A45B002030B5054685B008460C4611F091
S2140293B038FDFF280CD00EF0E5F801220021034606
S2140293C0CDE90112009221462A460720FCF7F6FB59
S2140293D0284611F024FDFF2804460FD011F025FD83
S2140293E0C2070DD5204611F020FD830708D40B4A8C
S2140293F032F8143043F4806322F8143005B030BDDE
S2140294000EF0C0F8012200210346CDE901120092B7
S21402941007202A46FCF7D2FBF0E700BFA05B00203D
S2140294204FF6FA72431E9BB2934270B504462AD890
S214029430FFF79CFF38BB194B1B78042B23D0204622
S21402944011F0DCFCFF2801D0FBF7FEFC20460EF0F4
S21402945047FF08B10EF03EFF2046114E03F0ACFE69
S21402946020460BF0FFFB31780E4D69B1288810F0CC
S214029470C9FF054601461E220230F2F70BFA2C807F
S21402948033781E2B07D970BD202011F02FF82880C4
S2140294900028EBD1F7E702333370F4E77662002058
S2140294A067620020A45B0020044A13782BB1013BBC
S2140294B0DBB213700BB9024A138070476762002052
S2140294C0A45B00200148FAF7D5B800BFA45B0020D1
S2140294D02DE9F047804617460D468CB061B903AEBB
S2140294E000211B4811F011FC4FF000090446DFF87A
S2140294F060A01CB920461DE00E46F1E70022214678
S21402950024233046CDF8009011F094FC0822414600
S2140295103046F2F7B9FCA8B9337C9BB96FB945B9A6
S2140295202A4621460A480DF0C4FA0A4A1388013B25
S214029530138001200CB0BDE8F0873B88B289534007
S2140295405B06ECD52146504611F003FC0446D0E7F4
S214029550065C0020045C0020024B1888003818BF06
S21402956001207047045C00202DE9F04330488DB09E
S214029570FAF770FB11F080FA2E4D2B68C41A4FF4DE
S2140295807A73B4FBF3F4A4B214B111F075FA28603E
S214029590294F4FF6FF763B88DFF8A080ADF80A30F9
S2140295A000233B8000210DF10A000DF063FA054608
S2140295B058B9224B1B882BB14FF47A711C48714361
S2140295C011F00CF80DB0BDE8F0834FF0000924232B
S2140295D04A462946CDF8009003A811F02BFCBDF8A8
S2140295E01A30A34294BFDB1A1B1B9BB2ADF81A308B
S2140295F063B9BDF818301B0602D508980BF09FFD1C
S214029600B8F80030013BA8F80030CBE79E4228BFEE
S2140296101E4601234A462946009303A8242311F036
S21402962009FC4A462946384611F075FBBAE700BFE0
S21402963090470020F8560020065C0020045C0020BC
S214029640F0B504462E4A8DB01068516801AB03C3CC
S214029650A378012B4FD1162200210DF11A00F2F742
S214029660C7F8D4F82110D4F81D0003AB03C323882F
S214029670190644BF62680892DA050BD5221D08AEA9
S21402968004F11407354610685168083203C5BA4219
S2140296902E46F7D1ADF8183013F0040318BFA369AD
S2140296A00593EFF763F80023ADF81A00082201A924
S2140296B003A88DF81C30F2F7E7FB18B106A903A839
S2140296C00EF0FBF90022242103A80DF08AF90446C5
S2140296D098B10020FFF748FF00222146094811F002
S2140296E01AFB094A0020138801331380FFF73CFF58
S2140296F000200DB0F0BD0220FBE71920F9E700BFFD
S214029700A8D50300065C0020045C0020F7B50446DA
S21402971000200E46FFF728FF104B1B88A34202D8F4
S214029720212003B0F0BD00210D4811F0EEFA00250D
S21402973001460B4F0029F3D0A54208D1002424236A
S21402974022463046009411F075FB2046E9E738467B
S21402975011F0FFFA01350146ECE700BF045C002079
S214029760065C00200148F9F785BF00BF065C0020B2
S214029770014B1888704700BF045C002070B50C4689
S21402978011460E4A23781278064613F0200542EA5E
S2140297900302227018BF611D0822F2F77BF8002D23
S2140297A00CBF05200D20D4F80130B3602378337344
S2140297B003F01803082B08BF013070BD7162002049
S2140297C0042307B501200DEB0301054AFAF7BCFA9C
S2140297D0019B044A1B03136003B05DF804FB00BF41
S2140297E063E511005448002010B5064C2368C3F305
S2140297F00B0313B90448E3F733FC2068431C2360C9
S21402980010BD00BF5448002063E51100014B1868E4
S214029810704700BF5448002007B50020054B064A93
S214029820186004230DEB03010190FAF78DFA03B0DA
S2140298305DF804FB5448002063E511007FB5112350
S2140298400A4A012001A9FAF77FFA094B9DF814206B
S2140298501A70084B1B780BB1052B05D10BF0CEF90D
S214029860012007B05DF804FB0020FAE779EB01005F
S21402987070620020716200202DE9F04F0646CBB0E0
S214029880884600880121174610F0F4FD2E4B3A4612
S2140298903188ADF8160006A80EF0AEF90DF1280BC9
S2140298A05A464146C41930880EF030F9E4B208EB45
S2140298B00003A34208BF044605464FF004091CBF36
S2140298C0A4EB0804E4B223465A460121CDE9000976
S2140298D00BEB050ACDF808B02D1B06A8EFF776FBB2
S2140298E0EDB20BEB04030093019523465A4641461C
S2140298F030880EF039F934883946204605F01EFCC9
S214029900394600F0F802204605F02CFC012130888A
S21402991010F0B0FD01234A46514680B10DF1160003
S214029920FAF7ECF801210446BDF81620308810F04C
S214029930B5FDB4FA84F040094BB0BDE8F08F30466E
S214029940FAF7DCF80446F4E7F86200202DE9F04F57
S214029950C9B0044688469246C118224A04A81F4641
S214029960FFF70CFF4FF00409C519EDB208AB0293DE
S214029970A5EB0A0BA8EB0A035FFA8BFBA8EB05061E
S214029980DBB2F6B204EB0A02009301215B46CDF885
S214029990049004A8EFF71AFB06F590730DEB03028A
S2140299A05A44A2F58072136808A844F80830E35DAA
S2140299B0324623F00703E3552C442146F2F7A8F873
S2140299C008ABCDE9019308AA00230121009604A85A
S2140299D0EFF7FCFA3246204608A9F2F799F849B0A2
S2140299E0BDE8F08FF8620020F8B506460EF0D1FF0B
S2140299F0811C054689B230460EF0C8FEF0B1EDB1C4
S214029A002946304605F09AFB1228074616D80C4B14
S214029A10691C1C5C89B2304605F090FB2C44052F6D
S214029A20E4B205D1052809D8064B1B5C1C44E4B2F7
S214029A3021463046BDE8F8400EF0A8BE0020F8BD2C
S214029A40029A0400FC990400F8B505460EF0CBFE17
S214029A50044628460CF0AAFFA11C074689B22846EF
S214029A600EF094FE00283ED0002C3CD0214628461C
S214029A7005F064FB0646611C284689B205F05EFBCB
S214029A800F2E30D8194B9B5DE118731E89B2092B35
S214029A900ED8DFE803F009050D0D120D0D181E1E77
S214029AA0C40644BF083189B2820601D5083189B29C
S214029AB02846BDE8F8400EF069BE7B78DB0612D574
S214029AC001EB4001F3E700F01F0000EB4000014409
S214029AD0EDE71F2805D8092E0ABF4000022080B2F3
S214029AE0F5E7C828E4D00020F8BD00BF159A0400A8
S214029AF0F8B506460CF05AFF09220021054610F07A
S214029B00C1FB00F11004284611F09BF8E4B20746A8
S214029B102146304605F012FB0546304610F08EFC14
S214029B20BA05A0EB0403DBB20AD47C2D0AD0082DBA
S214029B300AD8064A505D98428CBF00200120F8BD24
S214029B401220F8E70320F6E7FF20F4E7269A04003F
S214029B50014B1878704700BF8D6C002038B5114B4A
S214029B6004461B7808469BB9012038BDA24205F17F
S214029B7001050FD103EBC1035B6898470028F3D1B8
S214029B801E2022464FF6FF7111F024F80020ECE763
S214029B900025054BE9B213F83120002AE6D1144617
S214029BA0EEE700BF8D6C0020CC9904004FF6FF73E1
S214029BB007B502220DF106010348ADF80630E3F7B9
S214029BC08BFA03B05DF804FB603202E0002307B5AF
S214029BD0ADF80430134B984221D10B88DA0703D52F
S214029BE0232003B05DF804FB9B0748BF4FF47F4376
S214029BF04FF002020C480DF1060148BFADF80430E2
S214029C00E3F73EFA4FF6FF73BDF806209A42E7D115
S214029C100222054801A9E3F75FFA0020E1E72120C6
S214029C20DFE700BF1FD1BACA603202E0002313B5D5
S214029C300222038004460DF106010F48E3F720FADC
S214029C402D2801D0112805D14FF6FF73ADF8063046
S214029C50FFF7ACFF9DF80630BDF806201BB123883F
S214029C6043F0010323800020FF2A82BF238843F0AB
S214029C700203238002B010BD603202E0034B1B7861
S214029C80002B14BF442056200E307047716200200D
S214029C902DE9F04F8DB0179C06468946CDE9022382
S214029CA0BDF85870D588ADF816103CB9EC0605D547
S214029CB000970BF0D4F80DB0BDE8F08FC5F3802402
S214029CC02B054FEA043448BF44F40064A80511D5B6
S214029CD044F080040A2E00F26981DFE816F09A004A
S214029CE02F001700370067016701370010009A003F
S214029CF037009E00E90548BF44F04004EAE74FF00B
S214029D0001084FF0020B4FF0000A14E008A95FFAB0
S214029D1089F00EF0ADF9DDF82500DDF8291006AB66
S214029D2003C3A44B33F81930ADF816304FF00008D1
S214029D30C3460DF1180A002F5DD125E006AA0DF1E3
S214029D4016015FFA89F003F017FAEFE74FF6F7739A
S214029D50994540F22B8115F4026F40F02781964B0D
S214029D601B78022B03D0043B012B00F2218147BB58
S214029D70032E4FF001080CBF4FF00C0B4FF0080BF0
S214029D80BA4624F4C074A4B28C4B18884FF6FF73FC
S214029D90984206D08A49FAF767FB10B124F4805439
S214029DA0A4B2039B38460093BDF81620534644F4EB
S214029DB0027105F0EBF9ADF82000002838D1192021
S214029DC079E7384610F03AFB0246FFF757FF032EB4
S214029DD008BF0138824201DD38206CE7032E4FF0BF
S214029DE001080CBF4FF00C0B4FF0080B4FF0000AA7
S214029DF024F4C074A4B2029B1B889BB91A46394647
S214029E000620009308F0B9FE0028BDD140F60140B6
S214029E1051E74FF00008C34675E74FF001084FF0D0
S214029E20030B70E7002339461A4607200093E9E73A
S214029E304FF6FF73614A118899421CD00CF0B6FDAA
S214029E4003465E4A04301188039310F0FCFE5D4917
S214029E50039B097814F4805FD9715949574A1FBF8A
S214029E60086898604868D8604FF6FF7313804FF012
S214029E70FF330B604B605946029A08A805F03AFA7F
S214029E8000289CD0504C2378002B3CD1A7B13846F2
S214029E9010F0D4FA0746BDF8200010F0CFFA237867
S214029EA00744002B14BF12220022EB1003F0040317
S214029EB017443B44842B8FDC15F400570AD0BDF8B8
S214029EC0204020460CF078FC40F4806189B220469F
S214029ED00CF05DFCA6F10803012B05D80122102127
S214029EE0BDF820000CF059FC179BBDF8204043B388
S214029EF02046BDF816100CF0A3FCBDF82030179AC9
S214029F0000201380D7E6AA06C0D56B0103F0200313
S214029F100A2E14BF43F0010363F07E03DBB2B8F1EE
S214029F20000F08D000215246009108A800F082FED9
S214029F300028ABD0BFE61A46514608A80DF087FFA8
S214029F40F6E720460EF04FFC179B024621460420F9
S214029F50009308F012FE00283FF458AF0A2E18D8D5
S214029F604FF4D963F340DB0713D5072E0AD00A2E27
S214029F7008D0BDF820000DF02AFA80F00100C0B229
S214029F80800098E608A80BF0D9FA0028F1D0042041
S214029F9091E617B125F04005ADB22B463146BDF825
S214029FA020005FFA89F201F07DFE84E6012082E657
S214029FB0162080E6D45A002075620020146C002019
S214029FC08E6C00202863002071620020F7B50F46D1
S214029FD09DF828100446DDE90B061D46F1B94FF63A
S214029FE0FF739C421CBF174B1C804FF000041CBF23
S214029FF0154B1A70BDF8240005F012FA00232A4603
S21402A000CDE90043394606209DF82030FFF740FE92
S21402A01010B90EB1AB7A337003B0F0BD78B14FF61B
S21402A020FF739C421FBF074B1C80074B1A7000220F
S21402A0300CF0D7FC04460028DCD11920ECE72120DE
S21402A040EAE700BF146C0020286300202DE9F047E1
S21402A05088469DF82810074616461D469DF820A0FD
S21402A060BDF824900B9839B158B300220CF0B9FC15
S21402A070044610B9192025E00C464FF6FF739D42A0
S21402A0801FBF114B1D80114B83F800A04FF6F773CC
S21402A0909E4208D80E4B4FF6FD761A784FF6FF739F
S21402A0A0002A18BF1E46484605F0BAF900233A466B
S21402A0B0CDE9084331464346BDE8F0470320FFF7A3
S21402A0C0E7BD2120BDE8F087146C0020286300203D
S21402A0D0326200202DE9F04786B09DF838600546CA
S21402A0E0DDE90FA80C4617469946B6BB374B1B78D8
S21402A0F0022B1DD125BB4FF6F7739C4214D80026BF
S21402A100484605F08DF900233A46CDE9006321461C
S21402A110FF232846FFF7BCFD38B9B8F1000F04D07C
S21402A120BB7A88F8003000E0012006B0BDE8F08770
S21402A130043B012BDED908460BF0FDF910B31DB324
S21402A140022D31D1EEF7F4FAA042EDD9204B33F8C6
S21402A15014204FF6FD739A4219E0BAF1000F32D07E
S21402A1601A4B1B78022B05D1FFF788FDB042E6D2C8
S21402A1703820DAE7043B012BF6D908460BF0DBF968
S21402A1800028F1D11620D0E74FF6F7739C42CBD8C1
S21402A190002EB4D03146002250460CF022FC064671
S21402A1A00028ADD11920C0E7012DBDD104AA0DF1BA
S21402A1B00E01E0B202F0E0FF064B1B78A342B3D9D1
S21402A1C0BDF80E20C5E72120AFE700BF756200206C
S21402A1D0D45A00205F6C002030B5104B87B005467D
S21402A1E00C461868596803AA03C298680C4910609E
S21402A1F09A88DB8852BA23F04003ADF81230002367
S21402A200CDE90043ADF81020FF23098803AA0720F2
S21402A210ADF80E50FFF73CFD07B030BD125C0020D3
S21402A2201E5C002038B50C461146124A124D1080AC
S21402A23022682A6062686A60A268AA60E28850069B
S21402A24016D5EA88520613D561B1002218460CF0DC
S21402A250C8FB014650B16088FFF7BEFF0522074BD8
S21402A2601A7038BD08460EF0FFF9F2E71920F5E736
S21402A2700220F6E71E5C0020125C002038630020F5
S21402A2802DE9F04F074689B0104615461C468A4609
S21402A2900EF0A9FA0146284604F050FF0646284664
S21402A2A00CF084FB043010F0CCFC80460CF00FFD62
S21402A2B0804550D0B2074ED1DFF8AC80284605A9BB
S21402A2C0B8F800B00EF076FB9DF81930A8F80070CA
S21402A2D003BBBDF81430EBB928460CF067FB02301E
S21402A2E010F0AFFC4FF6F773984294BF4FF0000998
S21402A2F04FF0010901230134E4B22A463846CDF86C
S21402A300009005A9039303F001FC039B40B90133B7
S21402A3109C421ED20020A8F800B009B0BDE8F08F1B
S21402A320022CF8D1012BF6D10C4A0D4BA3F800A053
S21402A3301378591C11700B4A7F3B16F00C011370F0
S21402A34007D1BDF81A305B0603D5BDF81600FFF735
S21402A35043FF0223D1E70020DFE700BF736200203D
S21402A360146C0020286300201E5C00202DE9F04FAC
S21402A370ABB00F46ADF81E000CF018FB00F1020A57
S21402A3800646504610F05DFCBDF81E4005462046C7
S21402A3900EF029FA0146204604F0D0FE814600F06F
S21402A3A00308301D10F04DFC414C20800CF08FFC51
S21402A3B0A8422DD04FF6F7739D4229D87378DA0754
S21402A3C026D428460DF0C9FF30B101232946BDF830
S21402A3D01E202088FFF754FF0CF079FC344B1B88B4
S21402A3E083420FD1BDF81E4020460EF0FCF901460E
S21402A3F0204604F0A3FE10F00C0103D1BDF81E00A7
S21402A40001F00EFD00222B4B1A602BB0BDE8F08F38
S21402A4102949BDF81E000EF0CDFA2849BDF81E00E7
S21402A4200EF02BFA0028254B08BF0023214ABDF860
S21402A4301E0013600CF046FA214B1870BDF81E0081
S21402A4400CF045FA1F4B1870BDF81E000CF04AFAC5
S21402A4501D4B186000238DF82230002F3AD0164B81
S21402A460DB889B0636D5194B1B689D071ED4B8F1B0
S21402A470010F14BF082318230DF1220200920022B6
S21402A4800DF11E00114600F0D5FB18B3B8F1010F0E
S21402A490A2D10F4B1B78112B9ED10DF077FD002811
S21402A4A09AD140F61D40FBF70FFB95E70823E3E73A
S21402A4B01E5C002000570020125C00202063002053
S21402A4C01B6300201A630020EC560020644800201C
S21402A4D075620020504610F0B4FB8246BDF81E009E
S21402A4E00FF0ACFFA0F11005EDB22A4631460AA8DD
S21402A4F0F1F70EFBFF238DF82F304FF6F7739A45D0
S21402A50040F2DF80B8F1010F00F0E780B8F1020FE9
S21402A51000F04681B8F1000F7FF45EAFA44DBDF89F
S21402A5201E00EB88ADF8240004930CF03FFABDF849
S21402A5302460074630460EF056F90146304604F0CF
S21402A540FDFD8DF82300B81C7E7810F07AFB0746D6
S21402A5500CF0BDFB06F00106B4F8009003906C8880
S21402A560002E7FF439AF4FF6F77A424649465745F2
S21402A5708CBF0620082010F02DFBBDF824B05846EC
S21402A5800EF031F95946024643460420CDF80080C3
S21402A59008F0D0FA574583460AD8B5F90620EB8864
S21402A5A0002A05DB580603D541462046FFF714FE6F
S21402A5B0BBF1000F3FF410AF2B88002B5AD16B79FA
S21402A5C0002B57D14FF6F7730DF126019F42BDF8C7
S21402A5D0240094BF4FF0000B4FF0010B0DF0A7FDC7
S21402A5E0DFF8D8A100F1FF38BAF800301FFA88F178
S21402A5F00593EB88BDF82600069304F09FFD069BA4
S21402A60004990190009322465B460598C1F34011D7
S21402A6100AF09EFF00283FF4DFAE042306200093D4
S21402A620BDF82610624B5FFA88F208F083FA00281B
S21402A6303FF4D2AE48F202036A889A4205D1BDF8C8
S21402A6402410BAF8000000F025FF594D09AA294641
S21402A6500DF123000AF07AFF034600287FF4BCAE11
S21402A6602104BAF80000BDF8242060D52346294606
S21402A6700DF072FD9DF823304D4D03F00C030C2BAC
S21402A68075D128890DF033FD00283FF4A5AE039B53
S21402A690002029894B4514BF0226032602F044FCFB
S21402A6A0444B18704FF6F7739F42BDF8240075D8D6
S21402A6B0A4F138025342534132463D4904F036F87B
S21402A6C08AE6B8F1020F6BD0394BB3F90630002B8D
S21402A6D026DAB8F1010F7FF41DAF0CF0F8FA2388E2
S21402A6E083423FF479AE0520BDF81E10FFF736FA16
S21402A6F000283FF471AE2E4AD3885B0607D50023A6
S21402A700CDE900330A20FF232188FFF7C1FA3A4633
S21402A7109DF822302188BDF81E0002F01DF85BE687
S21402A72029460AA800F070F80028D2D054E6022182
S21402A730DFF88C8088F800102946CDF800B003F0C8
S21402A740E5F9132C96D0EB885D0493D41A4B1B784C
S21402A750D80703D598F80020022A8BD099077FF5F0
S21402A7603BAE98F80030012B7FF436AE82E700222B
S21402A7702B79124800936B791146008802F0FCFB95
S21402A7800C4B18709DF8233003F00C03082B89D16C
S21402A790039B4B4514BF0426052683E701238BE75C
S21402A7A04846BDF81E20024901F0AEFA14E600BF84
S21402A7B0125C002037630020366200201E5C0020F8
S21402A7C02963002010B5002108480CF053F904460E
S21402A7D050B101460420FFF7C1F928B12046BDE872
S21402A7E010400121FFF7C2BD10BD00BF025C002071
S21402A7F0034BFF211A7803489200F0F7F9BF00BF17
S21402A800606C00201C45002070B5451804464FF0C9
S21402A810FF31AC4212D1104B10481A78054600237D
S21402A820934211DB0E4C2078431CB3FBF2F602FB7C
S21402A830163345F82010237000200CE014F8010BA4
S21402A840E1F79EFD0146E4E750F8044BA14201D031
S21402A8500133E5E7012070BD606C00201C45002036
S21402A8602A630020042307B501200DEB0301054AE5
S21402A870F9F76AFA019B044A1B03136003B05DF8FA
S21402A88004FB00BF23E11100FC560020014B1868B0
S21402A890704700BFFC560020014B1868704700BF87
S21402A8A0FC56002010B5064C2368C3F30B0313B9FD
S21402A8B00448E2F7D5FB2068431C236010BD00BFA6
S21402A8C0FC56002023E111002DE9F04F93B00393CC
S21402A8D00023DDE91C79069399F8003083460DA81B
S21402A8E004930E4615460AF0C1FA99F8003013F0A2
S21402A8F003043ED0039B0DF1250A8DF82430002276
S21402A900082138460CF071F9002870D028880CF01F
S21402A9104DF899F800301C074CBF0430023010F096
S21402A92090F907A98046F9F79FFB9DF82430044664
S21402A930980633D5288806F10D010DF027FFA8B139
S21402A94000230093384608232988721D10F072FAF5
S21402A95099F8003003F01803182B4AD1B8F1000F0B
S21402A96047D0A94BB3F86830434542D040F60A4375
S21402A97027E02888711D0DF009FF0028F6D0009404
S21402A98005233246298809A810F054FA9DF8243087
S21402A9900DF1240A03F018030393B0E714BB3946FB
S21402A9A04046F9F761FD0028D2D099F800309907A1
S21402A9B0DCD040232246214640460DF074FC40F689
S21402A9C0094399F8002012F0030440F0F780288823
S21402A9D003930BF04EFF224601461A2010F0FAF8B7
S21402A9E0039BEBE007AB03CB38607960B0E74FF62A
S21402A9F0FF780AF090FD044620B104213846F9F7A4
S21402AA004FFB04461E9B002B5AD009231E990DA805
S21402AA108DF834300AF0A4FB209B0BB1209B0693E2
S21402AA20039B002B40F08E800DA8EEF731FB99F8C1
S21402AA3000309A0700F09880FFF734FF514602462E
S21402AA4001200AF0B2FD99F800309B0710D559464E
S21402AA5028880DF075FF0BF1090350FA83F35FFAAD
S21402AA6083FB594628880DF042FF00EB0B06F6B230
S21402AA7099F8003013F0C20F0AF104030DD09DF8C6
S21402AA802420624942F020028DF824200A68CAF87F
S21402AA9004204A685A600AF10C03012209A80092AF
S21402AAA01B1A324629889BB210F0C4F93246594620
S21402AAB02846FEF7E1FE002800F0A48000237DE091
S21402AAC01F9B5BB19E460DF1340CBEE80F00ACE84E
S21402AAD00F00DEF80030CCF800309DE7049B5946A4
S21402AAE003F020032888049304F028FB10F0030FD9
S21402AAF00CBF012300230593049B059A003B18BF55
S21402AB00012342EA430300930DAA06AB38461F9977
S21402AB1000F0FEFA049A034682B1002880D0059B14
S21402AB200DAA0093384606AB1F9900F0F1FA0346C9
S21402AB3099F8002022F0200289F80020002B3FF42A
S21402AB406FAF3EE7039B102B06D1BDF8363043F0BD
S21402AB500103ADF8363067E7039B182B4FD1BDF8DB
S21402AB60363043F00203F4E701200DF125010AF026
S21402AB702AFD99F80030824613F0040F288821D166
S21402AB80069B1BB3002C35D00BF073FE0022014649
S21402AB90162010F01FF884B17FB14FF6FF73984568
S21402ABA00BD000230DA91A4638460AF0EAFB3946AE
S21402ABB040469DF835200AF0C4FC0123184613B01F
S21402ABC0BDE8F08F002CDFD1104F01E0002CDBD166
S21402ABD000233246009359463B460DF038F80028CB
S21402ABE03FF4C4AE002C3FF469AF069A0AF10103A3
S21402ABF0136063E71B685345C6D80124E8E740F6AE
S21402AC000A43DBE71923D9E7E4550020F86200205F
S21402AC10002307B5054A0648136004220DEB02011D
S21402AC200193E2F759FA03B05DF804FBFC560020E4
S21402AC3023E111002DE9F04F0446B1B000888DF8EB
S21402AC402F3016468A460DF0CEFD014681462088F4
S21402AC500DF04DFE00EB090820880DF09AFE002349
S21402AC609DF82F505FFA88F815F001070790ADF8A7
S21402AC70363008D101460DF1360220880DF040FD2F
S21402AC8008B1ADF8367016B9CDE90E660EAEFEF70F
S21402AC9063FC18B145F020058DF82F500023CDE94E
S21402ACA0033302930DF12F03CDE900632246534688
S21402ACB041464846FFF708FE0546002800F0438155
S21402ACC09DF82F3013F0010746D1B44A23F0200333
S21402ACD0106851688DF82F3010AB03C3184600F089
S21402ACE0FBF90546FEF744FDBBB2984200F2B78078
S21402ACF03A9B13B100233A9A1370BDF83630CBB1A3
S21402AD00012120880FF0B6FB27880546002800F0B0
S21402AD104F81012138460FF0ADFBBDF8367005466F
S21402AD2038460FF08BFB002300903A461946284619
S21402AD300DF069FC0023CDE9033302930DF12F03D6
S21402AD40CDE900632246534641464846FFF7BCFD1E
S21402AD500546002800F0F7809DF82F3003F0110317
S21402AD60102B40F003818E4B1B78432B40F0FE8065
S21402AD708C4B1B685B0640F1F980208808F10501C0
S21402AD800DF004FD8346002800F0F080414620883E
S21402AD9004F0D4F9844B10F0200F08BF1E4612A808
S21402ADA000F09AF90822314612A8F1F76DF8002849
S21402ADB000F00E81314612A80AF08CFB012326AE63
S21402ADC000933246002314A912A800F0A1F9002825
S21402ADD040F0CC8012AB0DF12F07CDE90360029054
S21402ADE0009322465346414648460197FFF76CFDBC
S21402ADF0002800F0EF80BDF89A30102043F00803D8
S21402AE0018AA14A9ADF89A300CF0F8FD002840F004
S21402AE10AD8012ABCDE90360CDE901700093224606
S21402AE20534641464846FFF74FFD0546002840F088
S21402AE309D8018AB4FF49071002012AA00F0D4F84F
S21402AE404FF0005100200DF056F8BBF1000F00F055
S21402AE508C804FF0805100200DF04DF885E018AB45
S21402AE6014AA26A9F8B20AF0E1FA002840F0948063
S21402AE70082210A927A8F1F707F88346ADB19DF876
S21402AE80A53013F0020F08930FD0082212A927A8A4
S21402AE90F0F7FAFF48B9089B590706D53A9B13B153
S21402AEA001233A9A1370089507E03A9B002B61D16A
S21402AEB0BBF1000F70D1002308930DF1740C14AB94
S21402AEC00FCB8CE80F00BDF83630CBB101212088BD
S21402AED00FF0D0FAB4F800B000284FD0012158463F
S21402AEE00FF0C8FABDF836208346104609920FF0D6
S21402AEF0A5FA00231946099A009058460DF083FBDE
S21402AF002A4B0DF1740B0493002303930DF12F03C8
S21402AF10CDE900632246534641464846CDF808B07E
S21402AF20FFF7D2FC002837D1002D33D012AA5B4699
S21402AF304FF482714FF4005000F056F8089B13B19C
S21402AF4026A80AF08EF8174B1B689A070DD4FEF750
S21402AF5003FB50B1114A18AB1068516803C30022B4
S21402AF6026A918A80CF06DFD68BB0025284631B04E
S21402AF70BDE8F08F00233A9A137099E7BDF83620A1
S21402AF800A90104609920FF059FADDE9092307994B
S21402AF900090B2E72A46CAE70137A3E6A8D503001F
S21402AFA075620020644800204E560020604800204B
S21402AFB0BDF836B058460FF041FA2B4600905A4676
S21402AFC038460799B4E626A918A80CF076FDC6E717
S21402AFD08346F3E614AB2DE701461A230120014A05
S21402AFE0F8F7B2BE24E10100F0B5164691B0074666
S21402AFF009A80D461C46FFF7EFFF3EB1336845F041
S21402B0004005CDF826307368CDF82A301B4B1A68F7
S21402B01022EA070242EA050119604B040DD5BDF883
S21402B02024200B0A03F4E243C9B222F4E3420B43A0
S21402B03022F07F021343ADF824301A230020104A70
S21402B04009A9F8F781FEB4B104A809F00FFF02239C
S21402B0506A468DF810301546234604F1100614464B
S21402B06018685968083303C4B3422246F7D1294602
S21402B07004A80AF075F811B0F0BD00BF64480020BD
S21402B08024E1010047F2FF10044B196841F48042A4
S21402B090014041F480411A600CF02DBF6448002044
S21402B0A000B589B0FEF7CAFB01A8FFF795FF09486D
S21402B0B0BDF804200168130221F0FF0103F4E20345
S21402B0C00B43D2B2134343F48043036009B05DF8E6
S21402B0D004FB00BF6448002010B50C4B04461868F9
S21402B0E088B0830706D54FF0FF33236001206360E4
S21402B0F008B010BD10F04000FAD001A8FFF76CFFB0
S21402B100DDF806302360DDF80A30EFE764480020F9
S21402B1102DE9F04F99B081460C461E4617469DF81B
S21402B1208880A2B11546284609F0A0FE18F0020B48
S21402B1300FD004B911AC6B462246294648460AF09F
S21402B14053F90EB10023336019B0BDE8F08F0CAD91
S21402B150E9E76B462946484604AA0AF012F96B78D4
S21402B16008F00108FF2B25D000287AD154B104AB91
S21402B17008AF1A4603CABA4220606160134604F159
S21402B1800804F6D126B16A78374B03EB82033360A4
S21402B190B8F1000F01D10020D6E7BDF80030D9067D
S21402B1A0F9D418204FF6FF716A780FF013FD40F6B7
S21402B1B00E40C9E7DFF8B8A0DAF800302EB19A07D9
S21402B1C056BF2A4AC6F800B0326003F03003102B8E
S21402B1D001D0202B1ED111A8FFF7FEFE08224846FA
S21402B1E00DF14601F0F750FE28B1DAF8003003F010
S21402B1F04403402B0ED0B8F1000F0ED108A80CF075
S21402B2007EFE02232B70C4B9002FC4D0281DFFF780
S21402B21063FFC0E740F60A4096E7DAF80030DB0341
S21402B220ECD508A80CF06BFE02232B70BCB9002FDD
S21402B230B7D0281DFFF750FFB3E7002608AB0CAFC8
S21402B2401A4603CABA4220606160134604F1080433
S21402B250F6D1281DFFF740FF002E9CD0A1E701265D
S21402B260ECE72D2070E700BF7844002060480020FD
S21402B2706448002049B9084B197849B14EF6602354
S21402B280594328B105480FF0A9B941F28831F8E7C9
S21402B2900248F8F7DFBC00BF34620020B047002047
S21402B2A070B586B00546F8F7C3FD10B9022006B0A1
S21402B2B070BD01A8FFF710FF06460028F6D08DB92C
S21402B2C02E4B1C6814F0020406D02D4B1B78112B53
S21402B2D0ECD12C4BB3F868404FF481630221ADF8F1
S21402B2E00C3023E02846F9F72DF90028DED1234B4F
S21402B2F01C6814F0020406D0214B1B78112BD5D102
S21402B300204BB3F868400822294601A8F0F7BCFD96
S21402B3100028E1D04FF4027300260A21ADF80C3063
S21402B3202B68CDF80E306B68CDF81230002203A8D9
S21402B3300BF057FB024608B91920B8E70F4B1968FD
S21402B34001F03003102B17D0202B14BF0123032348
S21402B350490001F004010B432046002100F0F4FFEF
S21402B3600028E9D000210120FFF784FF16B1012250
S21402B370054B1A7000209AE70323E9E76448002089
S21402B38075620020E45500201F63002030B50025BA
S21402B3901D4C85B0CDE90055F8F75CFC23784BB31D
S21402B3A01A491B480A780078904223D90132012BA9
S21402B3B00A700ED12A464FF4A071284602F0BEFA51
S21402B3C0C0B2B8B941F2883112480FF007F905B099
S21402B3D030BD022B09D1284602A9F9F745F8002804
S21402B3E0EED102A8FFF75CFFEAE7032B02D101F0D9
S21402B3F065F9E5E7002108462170FFF73BFF0421C7
S21402B400684609F0A1FCE2E72B6300202C630020CB
S21402B410966C0020B047002070B5194A194D0446B4
S21402B4205168106886B02E7801AB03C31EB10224A1
S21402B430204606B070BDF8F745FD0228F7D103A8EE
S21402B44000F0E8FD082201A90DF10E00F0F71CFD40
S21402B450A0B10D4B32464FF4A07130461C7002F07C
S21402B4606DFA04460028E3D10123084A41F28831E6
S21402B47007482B7013700FF0B1F8D9E72324D7E7EB
S21402B4802F9A04002B630020966C00202C63002069
S21402B490B0470020F0B50C4600219BB02B4F064665
S21402B4A0492207A80691F0F7A3F93B78012B34D17D
S21402B4B09EBB0DF10E0120460CF039FE0546BDF886
S21402B4C00E000EF0BBFF441BE4B2BDF80E1023467E
S21402B4D02A46009606A80FF0ADFC304604A9F8F7F7
S21402B4E0C3FFD0B9CCB19DF81920B2B9BDF823304C
S21402B4F003F47E43B3F5285F1ED3B3F5385F0ED34D
S21402B5001349BDF80E000B6843F400030B6029468E
S21402B51009F0FAFF18B104233B701BB0F0BD0122FC
S21402B5200C4B04A81A70FFF7BBFE41F288310A489A
S21402B5300FF054F80223EFE711463A70FFF79AFE2F
S21402B5401E2104A809F000FCE7E700BF2B630020D9
S21402B550644800202C630020B0470020014B18707E
S21402B560704700BF2C630020014B1878704700BF5D
S21402B5702B630020014B1870704700BF2B6300201E
S21402B5802DE9F04F0446408891B00E298846ADF862
S21402B5901A0074D094F80890A7790BF007FA09A954
S21402B5A00546BDF81A00E6790DF004FABDF81A0051
S21402B5B00BF002F9430542BFBDF82A3043F40053AC
S21402B5C0ADF82A30E379D80642BFBDF82A3043F4F4
S21402B5D08053ADF82A30BDF82A30990613D5022FCB
S21402B5E052D10CA9207A0CF043FDDDF83500DDF8C7
S21402B5F0391007AB03C307AA0021042300910DF1FB
S21402B6001A00FFF717FB0121BDF81A000EF032FFF1
S21402B610022F824644D1454B33F81950B8F1000F39
S21402B62079D0BDF82A305A0675D54FF6FB72954288
S21402B63071D83F4AB2F86820AA426CD0DB0502D520
S21402B64028460CF05BFEBDF82A30D80463D5002FDE
S21402B65033D1BDF81A000BF0AFF8C10663D548F235
S21402B6603403BDF826209A4209D1324E3078FF289C
S21402B67005D003222946FCF72BF9FF23337000235B
S21402B680236011B0BDE8F08F012F01BF237A2A4A4A
S21402B69003EB430302EB830314BF00229A1CABE7BF
S21402B6A0012F05D10C2303FB09F3234AD55AB5E72C
S21402B6B0A81C0FF0C6FA0546B0E7284601F07CFD46
S21402B6C0BDF81A000BF078F8C206C8D46389504653
S21402B6D005930EF0B3FE834650460EF093FE059B8E
S21402B6E002905FFA8BF04A46394601900093404634
S21402B6F009AB09F0C1FAB8F1000F14BF0B200920FC
S21402B70016F0030218BF02F1FF32294618BFD2B262
S21402B7100FF060FAA3E7BDF81A000BF04DF8C30667
S21402B7209DD4002FD2D1A946D0E700BFD45A00201C
S21402B730E45500209A6C0020145A002038B50024E4
S21402B7400F4B104D2A78A24205D8C2B9BDE8384040
S21402B7500D48F8F77FBA598869B9013AD2B2A242BF
S21402B7602A70EFD0121B184603F110011201F0F7EF
S21402B77091F80346E6E701341033E4B2E2E738BD57
S21402B7807C4400202F630020506B002070B51A4BBB
S21402B7901A4A1D780023DCB2A54200D870BD1446B2
S21402B7A066880133864202F11002F4D1E379A58855
S21402B7B0E16003F040028DB9CAB123F00403E371DD
S21402B7C00BF0F4F8037803F07F0303702188002956
S21402B7D0E4D1BDE870400A480EF000BF0021658043
S21402B7E0A180002AE9D1BDE87040FFF7A7BF204636
S21402B7F0FFF7C6FEF7E700BF2F6300207C44002059
S21402B800506B00202DE9F047044686B040880F466C
S21402B81015460BF0CBF8A3798046082B52D8DFE802
S21402B82003F0052E185151515151050002300FF008
S21402B83008FA002D4ED06946F8F716FE002841D1C8
S21402B840684601F063FDB0FA80F0400906B0BDE834
S21402B850F08702A9207A0CF00BFC6B466E46DDF8E8
S21402B8600D00DDF81110334A03C3237A32F8139021
S21402B870314AD05C75B131460CF01EFCE6E7237AFD
S21402B8802E4903EB430301EB830231F82390907AAF
S21402B890961CEFE74FF6FB7AD14515D930460CF0E9
S21402B8A055FD4FF6FF739842054615D001463046C1
S21402B8B001F09EFC554508D9E379DA060ED440F627
S21402B8C02243E3600020C1E74D46294608F1020004
S21402B8D00FF0B9F90120B9E74D46EDE74FF6FC78CF
S21402B8E0454512D103F00C030C2B1CD1DFB13046B8
S21402B8F04FF6FD7101F07CFC40F61F412046E160E8
S21402B900FFF73EFEFFF71AFFDCE74FF6FD739D4298
S21402B91009D10023304619461A4602F0DBF84146A2
S21402B920304601F065FCE37943F00C03E37140F620
S21402B9302343C6E7D45A00203B620020145A002054
S21402B94073B5044640880E460BF030F802300FF00E
S21402B95078F909F0F0FD18B1A11C201D09F0F0FDE0
S21402B960E6B1E5790135EDB2E57115F0400514D082
S21402B970ECF7D8FE0122054600212046FFF742FFDB
S21402B98018B1394B1B882B449DB2384B1B78042BBD
S21402B99001BF354B1B885B199DB2258000223146BC
S21402B9A02046FFF72FFF20B360880AF0FFFFE279F8
S21402B9B02F4922F00C03E3710B7805460133DBB204
S21402B9C00B70C3712B4BA61C1B780BB3E37998063E
S21402B9D01ED52949097871B159060CD592070AD5A0
S21402B9E000220423114630460092FFF723F910B1D5
S21402B9F0E06002B070BD002201231146304600927C
S21402BA00FFF718F920B1E37943F00303E371EFE798
S21402BA10304609F093FD0028EAD16088FCF7C0FAA8
S21402BA200328E6D8DFE800F0020D1D19E37943F09B
S21402BA300403E3711B06DCD5104B1A78104B1A7000
S21402BA40D7E740F62443E360E37943F00803E37163
S21402BA502B7803F07F032B70CBE740F62543E36099
S21402BA60C7E740F62643FAE7EE6B00207662002030
S21402BA707362002071620020976C002039620020F9
S21402BA802E6300202DE9F74F06460EF0F0FF5F4BBF
S21402BA900546B3F8009018805D4BA0EB09041B78AE
S21402BAA0A4B2A34298BF00234FF000084FF6FF77D8
S21402BAB088BF1B1B564A88BFDBB21370DFF864B11F
S21402BAC0A9EB00030093534B5FFA88F21978914270
S21402BAD00ED80EB1FFF732FE4FF6FF739F4200F00C
S21402BAE08E8039464C4803B0BDE8F04F0EF076BD66
S21402BAF0BBF80220002A3CD0484B9BF80720187857
S21402BB00BBF800A0042818D00020BAF1000F08BF26
S21402BB10A2462044504523D2BBF80010009B19448D
S21402BB20ABF80010002E4ED002F04802482A4AD146
S21402BB3000215846FFF704FF45E00192F8F704FC9F
S21402BB4030F01003019ADFD1FBF746FC344B019A22
S21402BB50B3F800C08445D7D9ACEB000080B2D4E776
S21402BB6002F00C00042807D10022ABF800200BF1EB
S21402BB70100B08F10108A6E7510602F0030C02F0CA
S21402BB8008000ED528B3BCF1030F25D1DEB1DBF8D1
S21402BB900C105846002908BF4FF44261FFF7F0FC2C
S21402BBA011E040B3BCF1010F25D11206EED44FF4DA
S21402BBB0C862ABF800209BF8072022F0030242F08E
S21402BBC002028BF80720BBF80020974228BF1746D0
S21402BBD0CDE703208445D9D213060ED50C4B1A782E
S21402BBE00AEB0200844208DA4A44521B0AEB0201BC
S21402BBF0ABF80010E7E70120ECE7012199E70648D9
S21402BC0003B0BDE8F04FF8F725B800BF085C002087
S21402BC102E6300202F630020506B002076620020E7
S21402BC20EE6B00207C440020F8B500250A4E0B4F30
S21402BC303378ECB2A34204D8BDE8F8400848F7F7D8
S21402BC4019BD07EB0414A01CF7F714FD201DF7F727
S21402BC5011FD0135ECE700BF2F6300207C44002075
S21402BC60FE5B002070B500240B4D0C4E2B78A342D1
S21402BC7008D81B1BDBB22B706BB9BDE870400848B6
S21402BC80F7F7E8BF06EB041040F621410134FFF750
S21402BC9077FCE4B2EAE770BD2F6300207C44002004
S21402BCA0506B0020F8B5154EDFF858E035789EF850
S21402BCB000E0134FAE454FEA051C07EB051419D0FA
S21402BCC0002503F4835343EA1323A1712272E3711E
S21402BCD0608027F80C50A58003F0A8FB40F60243CC
S21402BCE0E36033786081013328463370FFF7CAFE7B
S21402BCF02846F8BD40F60340FBE700BF2F6300204E
S21402BD007C4400205E6C00202DE9F04F344B0D463B
S21402BD101C78174685B05CB9B1F90680DFF8C89082
S21402BD20DFF8C8A0DFF8C8B099F80030A34202D8FE
S21402BD3005B0BDE8F08F0AEB0416B08800B970882B
S21402BD4001A90CF037FEAA7A9DF80E309A4244D129
S21402BD50B8F1000F0FDA297A9DF80C202B89914250
S21402BD6009D8204800780844824236DA521A1B0A5A
S21402BD701341D90731D538460CF00BFEBDF80A3010
S21402BD8004469A0602D5EB889B06D1D5F37903F0D2
S21402BD900C03042B08D17088F9F786FD00237288FD
S21402BDA0194618460CF0CCFA00213046FFF7E8FB9D
S21402BDB0FFF7C4FC38460EF041FB844208D2337AC1
S21402BDC001228BF8003029460023384602F0AEFCEA
S21402BDD0B8F1000FACDA0024A6E70134E4B2A3E718
S21402BDE02D6300205D6C00202F6300207C44002021
S21402BDF03763002008B50EF03AFE074B1B88C01AC0
S21402BE0080B2B0F5807F05D9BDE80840002103481E
S21402BE100EF0E4BB08BD00BF085C0020506B00209B
S21402BE202DE9F04788B004460D460CF0DCFC0146CE
S21402BE30204603F083F910F003035FD110F00C0FD5
S21402BE4006D12946204608B0BDE8F047FFF79EBC5B
S21402BE5020460AF0B1FCC30638D420460CF0C3FCD8
S21402BE600146204603F06AF9064620460AF09EFD81
S21402BE70804602300EF0E5FE05A9074620460CF085
S21402BE8099FD06F00C0698F801300C2E0CBF4FF008
S21402BE9003094FF00609012113F0010F204618BFCF
S21402BEA04FF003090EF0E6FA174B80461B88A342B2
S21402BEB00FD1B5FA85F04009FBF748FC20460AF098
S21402BEC0A9FC0022014607200EF084FE08B0BDE859
S21402BED0F08703F0ABFA824640460EF0AFFA06460B
S21402BEE040460EF08FFAF6B202903A464946284687
S21402BEF0CDE900A605AB08F0BFFEDFE7012BE5D1D2
S21402BF0010F00C0FE2D19CE7FE5B0020002210B579
S21402BF10094B1C78094BD1B28C4201D8002010BDC7
S21402BF20197A814202D19979022902D0103301325C
S21402BF30F1E70120F3E700BF2F6300207C440020D6
S21402BF400146002210B5084B1C78084BD0B284423A
S21402BF5001D8002010BD187A884202D198790128AB
S21402BF60F8D010330132F1E72F6300207C44002022
S21402BF70002210B40A4B1C780A4BD1B28C4203D86A
S21402BF805DF8044BFFF7DABB197A814205D199793D
S21402BF90012902BF00211980598010330132ECE7D3
S21402BFA02F6300207C440020024B1878003818BF0C
S21402BFB0012070472F630020044B1B6813F0300FDC
S21402BFC003D0202130200BF096BF70476448002033
S21402BFD0002310B5044608491A4601EA00414FF00C
S21402BFE07F60FFF701F8E30703D5002130200BF04E
S21402BFF082FF002010BD00BF00007207044B5B8862
S21402C00023F4784323F08D0303800020704700BF9B
S21402C0106448002008B500220346C3F80220C3F88D
S21402C02006200B4A02301268D1B212F0200F18BF57
S21402C03041F010011980930701D4FFF74DF8054B24
S21402C0401B78023B032B8CBF1720002008BD00BFC5
S21402C050644800207562002038B505460C46FDF798
S21402C060EDFB98B10E4B187878B10E4B1B681A048C
S21402C0700FD58CB113F0420F00D17DB103F440739B
S21402C080B3F5407F0CBF0020232038BD40F60840A1
S21402C090FBE740F60B40F8E72046F6E72320F4E7F6
S21402C0A07162002064480020F0B504468DB007A8EF
S21402C0B00D46164608F0DAFE1022002103A8EFF716
S21402C0C097FB5CB1234603AC03F1100722461868BF
S21402C0D05968083303C2BB421446F7D1012703A9A5
S21402C0E086EA070307A88DF81C708DF81D3009F044
S21402C0F028F880EA070401A8E4B2EDF727F8B6B1FB
S21402C10001A88DF80650EDF74DF864B1002303A997
S21402C11007A88DF81D3009F023F80C4B1B78432B2B
S21402C12001D1F9F7DBF80A4B1D700DB0F0BD01A87E
S21402C1308DF80750EDF736F8002CF6D003A907A8BD
S21402C1408DF81D7009F00CF8EFE700BF756200204D
S21402C15070620020F0B5012593B007460DA80C4684
S21402C16008F084FE05A90DA8ADF8345009F013F8BE
S21402C17001A8ECF7EBFF09A90DA88DF835509DF83C
S21402C180066009F008F80DA89DF8075008F099FF18
S21402C19070BB731BDBB2802B28D91FB1A64225D0F9
S21402C1A0A54223D105A90DA808F0DAFF03A8ECF7EB
S21402C1B0CDFF03A88DF80F60ECF7F4FF01222946A5
S21402C1C009A8FFF771FF0AF07CFF01214FF4007007
S21402C1D00CF0A1F8FDF71AFBB0F1004F01D9FDF7FC
S21402C1E01BFB044B187808F0ADFD012013B0F0BD20
S21402C1F00020FBE77062002070B50E461446054626
S21402C2000320FFF7B7F946F004022946204609F054
S21402C21001F80022014B1A6070BD00BF6048002082
S21402C220F0B587B0078805461022002102A8EFF76E
S21402C230DFFA3E4B1B78002B76D1BC055ED407F0A6
S21402C2408403842B63D00022394C11461046FFF734
S21402C2502BFF17F4045F276005F102061CD0B90411
S21402C2600AD5304602F09CFA00284ED1236823F401
S21402C270005343F48073236030460BF0B8FE002868
S21402C28042D108F0F1FD18B9236843F480332360E5
S21402C290236843F02003236022680DF1060042F46F
S21402C2A000432360FFF7AAFE12F4805FBDF8063053
S21402C2B031D043F02003ADF806302168334611F042
S21402C2C0400218BF05F123024FF07F60FEF78CFE96
S21402C2D0BDF80630DA0703D5002130200BF00BFE3E
S21402C2E023689B0506D5012295F8221005F1120057
S21402C2F0FFF7DAFE00200F4B186006E005F1120089
S21402C3000BF075FE00289AD0292007B0F0BDB807BA
S21402C31099D52320F9E723F02003ADF80630FDF780
S21402C3207BFAFEF775FCC8E70220EEE7756200208E
S21402C3306448002060480020024B1868C0F3005092
S21402C340704700BF644800202DE9F04F0646894634
S21402C3501046002189B01546984602F0EFFE1028D6
S21402C36007460AD86A4B0341DB0706D4C8F34004E3
S21402C3709DB9002009B0BDE8F08F664B1C78002CF2
S21402C380F6D0FFF7D9FF00280CBF4FF4F0744FF435
S21402C390D074FC4004F00104EAE74FF0000A18F0FB
S21402C3A0010F5346524629464FF00500CDF800A02D
S21402C3B00CBF4FF0080B4FF4027B06F0DEFB0028A2
S21402C3C0D7D0C8233246009359465346284602F031
S21402C3D0DDFEADF80E000028CBD018F0080A4AD1D0
S21402C3E04FF6F773A7F10F02D2B29E428CBF092313
S21402C3F00123012A01D843F04003474A8DF8103042
S21402C4001378591C11708DF81130002C4FD09DF8FE
S21402C4101030052F43F020038DF8103033D03F4BF9
S21402C4201D78002D5AD04FF6F77300259E424FF026
S21402C4300F0248D9012304A90DF10E00F7F75EFB9F
S21402C440002896D1002C4DD1BAF1000133463A4667
S21402C45018BF0121BDF80E00CDF8009009F075F85E
S21402C460ADF80E00002884D018F0040F4DD03146E7
S21402C4700AF0C5FF7EE749460DF10E000BF070FF8D
S21402C4800028ADD175E70121BDF80E000DF0F2FFD0
S21402C490012102F053FE0123834013F0620F1CD1E8
S21402C4A01E4B1B78E3B14FF6F7731825BEE71B4BFE
S21402C4B025461B780222002BBCD04FF6F7739E420D
S21402C4C0B8D8052FB6D0BAF1000FB3D19DF8103008
S21402C4D043F040038DF81030ACE710250F22A9E791
S21402C4E01825FBE7BAF1000F0AD002234A4600904D
S21402C4F029460DF10E00FEF79DFB0028A4D038E772
S21402C50041235246CDF800A0F2E70AF060FF31E779
S21402C5109FFEFEFF716200207262002065620020AC
S21402C5202DE9DF431E46144B80461B680F469B07C9
S21402C53091460A9C1BD4204614B108F0F0FFC0B204
S21402C5400622CDE902403B460020CDE900890B4990
S21402C5500CF0C9F8024650B10021002E0CBF012390
S21402C5600323084604B0BDE8D043FFF7EDBE002023
S21402C57004B0BDE8D08300BF64480020224D04000A
S21402C5802DE9F04F8DB081468A461F4693469DF8A8
S21402C5905C803AB903A8FEF79FFDB0BB00200DB041
S21402C5A0BDE8F08F15460022232110460AF019FA3C
S21402C5B0ADF80A000028F1D00DF024FF052304464A
S21402C5C018F0100F00F8023B677020D011220021ED
S21402C5D0EFF70EF904F11306032F4FF0080237D1D6
S21402C5E059463046EFF756F9C8F3801306F10905A7
S21402C5F0337208F090FF00283ED000232B706B7039
S21402C6000123033505F8013C36E003ADCBE70126EE
S21402C61010221699EFF73EF906FA07F313F0620FA7
S21402C62002D104F11206D7E707A808F01FFC05A8F6
S21402C6308DF81C60ECF78AFD9DF8162018F0200F86
S21402C6409DF8173008BF134604F11306A374C3E718
S21402C65051463046EFF71EF9012306F10802121B77
S21402C66028460093BDF80A10082392B20EF0E2FBA9
S21402C670042F06F11005BCD02D1BA9B20DF10A003D
S21402C6800BF099FF002889D118F0040F0BD048460A
S21402C6900EF0C5FBFF281FBF074A32F8103023F4FE
S21402C6A0804322F81030434651464846BDF80A20D9
S21402C6B0FFF74AFE73E700BFA05B002070B50326B3
S21402C6C090B08DF80760F7F7B3FB18B9022420463E
S21402C6D010B070BD02AD2846FEF7FEFC0028F5D06D
S21402C6E01B4B1C6814F00204F0D140F20F43194AA7
S21402C6F0ADF82430136804A8CDF826305368CDF878
S21402C7002A3008F0B3FB95E8030005AB83E8030084
S21402C710062304A88DF81D308DF81060ECF7B8FCDF
S21402C72001210DF12E020DF10700ECF709FC22465D
S21402C7301A2109A80AF055F9024608B91924C6E7CB
S21402C740012329462046FFF7FFFD0028BFD1F5E763
S21402C75064480020F86200202DE9F04F04460D469A
S21402C760002191B01F2208A89B460791EFF740F8D8
S21402C77020460CF038F80146204602F0DFFC8DF821
S21402C780110020460AF012F99DF8113046789906F3
S21402C7908146C6F34006204648BF46F002060CF025
S21402C7A0F8F8804620460DF049FE0022A0EB08036A
S21402C7B0DBB2232B28BF232300922146424607A83A
S21402C7C00EF038FB00283AD1A24B9DF81C701B785D
S21402C7D09DF81DA0B3B3FFF7AFFD00280CBF4FF4C2
S21402C7E0F0734FF4D073FB40DA072BD5B30729D486
S21402C7F0082F22D1BAF1040F21D1FBF77FFBF0B943
S21402C800012342460093214605200DF1110306F04E
S21402C81091F9A0B1053F0D2F11D8DFE817F02400DB
S21402C8201000AF01BC01C50110001000100010007E
S21402C83010001000CB01F901F901052F07D011B045
S21402C840BDE8F08F102F05D1BBF1000FF7D0FBF734
S21402C85055FBD5E7FBF752FB0028D1D0052FCFD0EA
S21402C860112FCDD0EBE7BAF1050FE8D820460AF033
S21402C87000F8029009F102000EF0E3F982460DF18B
S21402C8801200FFF7BBFB01239DF81D8003FA08F395
S21402C89013F0620303932DD0BDF812309D0722D504
S21402C8A0B407CCD5FBF72AFB0DF11E000BF09FFB5D
S21402C8B0B8F1030F04469DF82EB02FD10DF12F05C7
S21402C8C00AF005FA824540F03181032EB7D19DF871
S21402C8D036100DF11E02003918BF01210DF12E008F
S21402C8E008F03EFEABE7FBF709FB0028DCD1002E82
S21402C8F0A5D0D9E7FBF702FB68B10DF11E000BF0DD
S21402C90076FBB8F1030F04464FF0000B40F082802E
S21402C9100DF12E05D4E7002E91D0EEE74E4B1B68A4
S21402C92098072AD5FF2208210DF137000AF05DF993
S21402C930814610BB034601460DF137020220FEF780
S21402C94053FB0AF0C4F982450DF137070DF12F05A6
S21402C95023D04FF6F7739A4540F2ED800022082165
S21402C96028460AF042F9002800F0E58000225946DF
S21402C9700DF11E00FFF798FB61E70DF137070DF189
S21402C9802F0538460BF0DFFA002848D00AF09FF948
S21402C990824540F0CC804FF000092846F7F7D2FDDA
S21402C9A0002800F0C480B8F1010F5BD0B8F1040F84
S21402C9B07FF445AF0BF0EAFA10B1032E7FF43FAFD7
S21402C9C0002C7FF43CAF3A4602210DF11E00FFF721
S21402C9D013FC224B1B7863B1FFF770FEFEF7C4FD13
S21402C9E0022806D10120FEF7B9FD01210846FEF70E
S21402C9F041FC1B4B1B78022B20D10321384608F042
S21402CA00A3F9FEF7B1FD014600287FF418AFFEF742
S21402CA1031FC14E70DF136070DF12E05B1E7104B88
S21402CA201B78432B7FF40BAFB8F1010F7FF407AFEF
S21402CA300AF04DF982457AD1C146AEE7412B7FF422
S21402CA40FEAE054B1B6859057FF5F9AEF9F73EFEBB
S21402CA50F5E600BF71620020644800201F630020D4
S21402CA60756200206C4D2B78022B22D02B78412B3E
S21402CA703FF4E5AE3CB9FBF741FA594602460DF1E2
S21402CA801E00FFF711FBFBF739FA00283FF4D7AE7A
S21402CA900BF07CFA614C98B123681B0502D42B7804
S21402CAA0432B0DD1B0070BD440F61A40F9F70CF819
S21402CAB0C5E60BF06BFA0028D8D0B207D6D4BEE68D
S21402CAC0206810F0020002D102990BF01EFC2B78AF
S21402CAD0112B16D12368590513D50020FEF7E0FB6B
S21402CAE0044600287FF4ABAE0AF05FFB40F61C401B
S21402CAF0F8F7EAFF21462046FEF7BCFBF8F7F0FF00
S21402CB009DE6B20701D5FFF757FAB9F1000F9DD09F
S21402CB1008F0AAF918B94FF480310BF0ECF90022AC
S21402CB203F4B38461A600BF005FA8FE70027039B47
S21402CB30002B7FF40EAF4FF6FF73284605A9ADF81B
S21402CB4014300AF0B7F820B128460AF094F8ADF887
S21402CB5014004FF6FF73BDF8140098423FF46FAE10
S21402CB60002C0CBF0423152301930DF11E03009322
S21402CB703A4643462946FFF703FD60E60DF11D00DF
S21402CB80F7F7E0FC00283FF45AAE022229460020BE
S21402CB90FAF79EFE53E6F3077FF551AE3246284675
S21402CBA007A90BF0DCFB4AE69DF81D100120FFF7F3
S21402CBB0D1FA44E6184B1B78022B20D1002D7FF4C5
S21402CBC03EAE05A8FEF788FA00283FF438AE154BAD
S21402CBD01D709DF81D30002B14BF64246524FEF7DB
S21402CBE0C3FC032806D128462946FEF743FB2846FF
S21402CBF0FEF7C0FC214605A808F0A6F81FE6043B8F
S21402CC00012BDBD9284608F096FC0028D6D116E67A
S21402CC10204608F092FC12E6756200206448002066
S21402CC20604800201F6300202DE9F34105460E46AA
S21402CC30174698460BF0AAF9044640B101233A4635
S21402CC4031462846CDF80080FFF76AFC04460BF012
S21402CC509DF930B1FFF770FB78B10A4B1B689B0158
S21402CC600BD400233A4631462846CDF80080FFF71B
S21402CC7057FC002C0CBF0446012404F0010002B04D
S21402CC80BDE8F0816448002070B58AB005A808F0B7
S21402CC90EDF8022301AA15468DF81430084B03F16D
S21402CCA01006144618685968083303C4B34222466D
S21402CCB0F7D1294605A808F044FA0AB070BD00BFAD
S21402CCC0379A0400014B1878704700BF986C002012
S21402CCD0014B1888704700BF166C00204FF6FF7392
S21402CCE02DE9F043994280460D4685B00BD00027C9
S21402CCF04FF6FD791C4EEBF71BFDFCB2A0420BD89B
S21402CD004FF6FF701DE0F7F71DFC0028EFD005B0C8
S21402CD10BDE8F04309F0DBBF36F814304B4517D8B0
S21402CD20694620460BF068F9082241460DF10500D7
S21402CD30EFF7AAF84FF6FF7360B99D4204D136F8B2
S21402CD40140005B0BDE8F08326F814500BF02EF957
S21402CD500137D0E79D42FBD036F81430AB4208BF0D
S21402CD6026F81490F4E700BFD45A00202DE9FF47B6
S21402CD7006460F4600254FF6FD79DFF83C80DFF8C1
S21402CD803CA0EBF7D5FCECB2A04202D804B0BDE85A
S21402CD90F08738F814304B450CD8694620460BF01D
S21402CDA02BF9082231460DF10500EFF76DF808B9A8
S21402CDB00AF804700135E4E7D45A00203B620020EA
S21402CDC0014B33F810007047D45A0020F0B50646DF
S21402CDD000250D4F85B0EBF7ABFCECB2A04201D8B4
S21402CDE005B0F0BD37F81430B3420BD16946204681
S21402CDF00BF03EF99DF80030022B1CBF4FF6FD7378
S21402CE0027F814300135E6E7D45A002030B585B04D
S21402CE1004460D46EBF78CFCA0420FD9084B33F8BC
S21402CE2014204FF6FD739A4208D8694620460BF046
S21402CE301FF929460DF10500FFF750FF05B030BD7A
S21402CE40D45A002030B585B00446EBF771FCA042F8
S21402CE5019D92046FFF75AF80546B0B96946204662
S21402CE600BF0CAF89DF800302BB1694620468DF8C3
S21402CE7000500BF0DFF84FF6FF720020044B23F849
S21402CE80142005B030BD2820FBE740F60440F8E742
S21402CE90D45A00202DE9F0410B7805460E461BB900
S21402CEA0BDE8F041FFF7CEBFEBF742FCA84231D90E
S21402CEB02846FFF72BF878BB374617F8058B4FF650
S21402CEC0FF713846FFF70AFF0446384600F01EFA9E
S21402CED0B0FA80F04009B8F1000F15D0B8F1030F90
S21402CEE015D04FF6FF724FF6FD73944208BF1C46EC
S21402CEF00B4B314623F815400A4B585528460BF083
S21402CF0099F80020BDE8F0814FF6FF74F0E74FF67F
S21402CF10FE74EDE72820F5E740F60440F2E700BF8E
S21402CF20D45A00203B6200202DE9FF410D460446FC
S21402CF304FF6FE780F4F0E0AEBF7FAFBA04204D824
S21402CF40FF24204604B0BDE8F08137F8143043458C
S21402CF500CD1694620460BF04FF89DF80520EBB23F
S21402CF609A4203D19DF80630B342EAD00134E4B2C5
S21402CF70E2E700BFD45A00202DE9F04F0C461746D0
S21402CF80984600254FF6FD7B87B09DF840A0DFF857
S21402CF905C900190EBF7CCFBEEB2B04201D8FF26D4
S21402CFA016E039F816205A451ED8304602A90BF06C
S21402CFB023F83FB99DF80920424515D19DF80C206B
S21402CFC0524511D144B939F81620019B9A420BD129
S21402CFD0304607B0BDE8F08F082220460DF10D015D
S21402CFE0EEF752FF0028F3D00135D3E7D45A0020DB
S21402CFF010B514460BF000F82046BDE81040082293
S21402D0000149EEF747BC00BFF86200202DE9FF4752
S21402D010074615460846082224491E46EEF734FF00
S21402D020044600283FD14FF6FF7ADFF88490EBF7EC
S21402D0307FFB5FFA84F880450BD385B3384605F04C
S21402D0403AFE01250C9B18700120357004B0BDE82D
S21402D050F08739F8183053451FD0694640460AF023
S21402D060CBFF7A789DF801309A4216D17A88BDF8BD
S21402D07002309A4211D13A799DF804309A420CD184
S21402D08008220DF10501781DEEF7FEFE28B9002DE7
S21402D090D7D1404605F02AFED3E70134C7E7FF2082
S21402D0A005F024FECEE70020D0E700BFF86200209D
S21402D0B0D45A0020F0B50025154E164F85B0EBF772
S21402D0C037FBECB2A04201D805B0F0BD6946204657
S21402D0D00AF092FF9DF80030032B06D9002369461A
S21402D0E020468DF800300AF0A5FF9DF8002062B1B8
S21402D0F04FF6FD734FF6FE71032A08BF0B4626F85D
S21402D1001430002301353B55D9E74FF6FF73F6E797
S21402D110D45A00203B620020F8B50E4604464FF66D
S21402D120FF770C4B0C4D1B7803EB430305EB830593
S21402D130A54202D800242046F8BD2388BB4206D06A
S21402D14008223146A01CEEF79FFE0028F3D00C34CE
S21402D150EEE700BF5F6C0020145A0020044BFF214C
S21402D1601A78044802EB42029200EEF741BB00BF77
S21402D1705F6C0020145A0020F8B504460C4B0D468E
S21402D1801B781046A3420DD90C27022117FB041167
S21402D1907C43084E08223144EEF77CFB335B0020CA
S21402D1A02B80F8BD0023136053604FF6FF73F6E73B
S21402D1B05F6C0020145A002038B504464FF6FD7501
S21402D1C0FFF704FE0022084B1878084BD1B28842BB
S21402D1D000D838BD33F80C1C0132A14208BF23F830
S21402D1E00C5C0C33F2E700BF5F6C0020205A002074
S21402D1F070B505460E460846FFF7DEFF314628465E
S21402D200FFF76CFD29460648FFF786FF00B970BD9A
S21402D210044624F80C6B0AF0C9FE29462046F3E7BA
S21402D220145A002010B5082286B023490446EEF7A9
S21402D2302BFE20B906B0BDE8104009F048BD082212
S21402D24020461E49EEF720FE20B91D4BB3F86800B3
S21402D25006B010BD0023012221464FF6FF70009350
S21402D260FFF78AFEFF2806D0164B33F810004FF65B
S21402D270FB739842ECD903A8FEF7CCFE58B9BDF86A
S21402D2800C305B0607D5082221460DF10E00EEF79C
S21402D290FBFD0028DCD021460B48FFF73DFF40B1DE
S21402D2A04FF6FB724FF6FF730088904288BF18460F
S21402D2B0CEE74FF6FF70CBE7F86200204E5600200E
S21402D2C0E4550020D45A0020145A002070B50022DB
S21402D2D004464FF6FB7608460A4B1D780A4BD1B237
S21402D2E08D4201D8002009E01988B14207D8A14230
S21402D2F005D10822991CEEF7CDFA012070BD0C3339
S21402D3000132ECE75F6C0020145A002037B5014664
S21402D31005460E48FFF700FF044640B1807A2946CC
S21402D3200AF0CAFE80F00100C0B203B030BD034668
S21402D3300090012229464FF6FF70FFF71DFEFF28D8
S21402D34016BF034B2046185CE9E700BF145A0020BC
S21402D3503B6200202DE9F341224B04461B780F4620
S21402D3608342154638D9FEF7EBFDB8BB4FF6FD7380
S21402D3709D421D4E0ED004EB440326F823504FF672
S21402D380FF739D421FD12046FEF7F2FD002002B039
S21402D390BDE8F0810DF10601384609F08BFC4FF628
S21402D3A0FF72BDF806303846934218BF1D460C235E
S21402D3B06343F55206EB0308FFF7A8FFB0FA80F0C6
S21402D3C0400988F80A000C2303FB04600822394649
S21402D3D00230EEF75FFAD9E72820D8E740F6054094
S21402D3E0D5E700BF5F6C0020145A002038B504460B
S21402D3F00D46FFF7BBFC21460448FFF78DFE00B939
S21402D40038BD857221460C30F7E700BF145A00205B
S21402D4100023074A1370074A1370074A118801B19E
S21402D4201380064B1A880AB100221A80704700BF82
S21402D43031630020306300200E5C00200C5C00206C
S21402D4402DE9F04F3C4C1D46238887B00746884698
S21402D45010469DF840605BB952B10BF0C5F82080CB
S21402D4604FF4FA61354807B0BDE8F04F0DF0B6B894
S21402D470DFF8D890B9F80040002C49D020460CF0CE
S21402D480DDFFC0F3470620460CF0BCFFDFF8C0A065
S21402D4900296BAF80030DFF8BCB00193BBF8003051
S21402D4A00446009300222B46012025490BF01BF967
S21402D4B0ADF81600E8B1012504EB4606B4420DD1DC
S21402D4C0BDB9BDF81630A3B12A464146384600F02B
S21402D4D06FF9ABF80050AAF800500AE00123214683
S21402D4E01A460DF11600F6F709FB02340546002827
S21402D4F0E4D00023134AA9F800301378013BDBB2CC
S21402D5001370002BACD107B0BDE8F04FFFF780BF19
S21402D5100D4C237823B90DF09FF908B90123237027
S21402D520324629460520F7F70DFA0028EBD120707F
S21402D53007B0BDE8F08F00BF0E5C0020706B0020C5
S21402D540284D040031630020306300200C5C00206C
S21402D550A85B0020AA5B002030B5154D87B02C884A
S21402D5609CB923464FF4A07248F2380103A80AF089
S21402D5707FFE21462046FAF7E3FA22460D4B009438
S21402D58003A9FFF75DFF07B030BD204609F00EFA8B
S21402D59004300DF056FB03A9044628880BF00AFA5D
S21402D5A00023009320462A8803A900F0AFFAEAE790
S21402D5B00E5C002000F8FF0737B5002001A9FAF735
S21402D5C0BFFA0D4C014623780C4D7BB10C4B019AE9
S21402D5D01878FAF7CBFA2078F8F74CFC0023237079
S21402D5E02B700848F6F736FB03B030BD2B78002BBD
S21402D5F0F7D0FFF7B1FFF4E7336300203163002072
S21402D60032630020706B002008B50548F6F732F842
S21402D6100448F6F72FF8BDE808400348F6F72AB89C
S21402D6200E5C00200C5C00200A5C00202DE9F04F06
S21402D63089B089460446CDE905239DF84870139EB5
S21402D64030B316F801ABBAF1000F23D00AF1FF345B
S21402D650A400E4B23146012007F0B5FFC00E1BD18C
S21402D660DFF838B13146012007F0ADFF9BF80050D5
S21402D67034442279BDB1002F47D180234846CDE9F4
S21402D6800277CDE900773E4A059900F091F83CE032
S21402D6908246DFE75446DDE71B28ECD931460120F7
S21402D6A007F091FFE7E7DFF8F880FF2A00EA0808AC
S21402D6B00BD14246E379A179607901EB032189B265
S21402D6C009B0BDE8F04FFAF751BA2E4909688B0740
S21402D6D00AD5FE2A35D101230135EDB2202D4FEAB7
S21402D6E043030AD1FF250AE0294628460792FAF79D
S21402D6F027FA4845BFD1079AEBE79845ECD1224B6B
S21402D7001B78FF2B04D0AB4204D009B0BDE8F08FE3
S21402D710FF2DFAD029460020F4F7B2FF0028F4D0F5
S21402D7209BF800306479002BEFD1FFF771FE1748A3
S21402D7304FF410510CF052FF154B8BF800501C7032
S21402D740E3E7052A97D8BAF1010F94D8B8F1000F8B
S21402D75091D0002FD9D17379002BD6D00D490988E4
S21402D76021B9082B28BF08230B490B7043464846AD
S21402D7701292DDE9051209B0BDE8F04FFFF760BE70
S21402D780284D040064480020996C0020706B00202D
S21402D790326300200E5C00203163002033630020D9
S21402D7A000F8FF07014B1880FFF7D6BE0C5C00207E
S21402D7B00CB42DE9F04F8BB014AA0E4652F8041B97
S21402D7C007460992002940F08F80BDF85400ADF854
S21402D7D02200002800F0A18033794FF6F778002B5C
S21402D7E040F0868047458CBF4FF009084FF0080886
S21402D7F04C4B1C78FF2C40F08380B6F90230002B8D
S21402D800A9BF494B347A1C780134A2BFE4B21C701B
S21402D81044F08004DFF81CB12246002101F0A2FC8D
S21402D8209BF80030BDF82200002B6CD0DFF808A170
S21402D8304FF00009BAF8003007930CF0FFFD0546DA
S21402D840BDF822000CF0DEFDEBB2CDE90193FF231A
S21402D850CDE9030900932246334639460798FCF77A
S21402D860B5FB4FF6FF7305468BF80090AAF800301A
S21402D870382D33D13246394640460DF1220307F0A1
S21402D88062FE00284BD04FF6F7739F4226D8B6F9B1
S21402D89002307088002B21DA48F204022349244B16
S21402D8A04FF00008904214BF8946994609F00FFAD5
S21402D8B0494603468A220120CDF800800AF013FF6B
S21402D8C0814658B12246414601F04CFCFF233246BF
S21402D8D039464046CDE90098FCF7DAF928460BB0FF
S21402D8E0BDE8F04F02B0704701200AF0D9FE6EE79D
S21402D8F0002347458CBF4FF006089846337177E7FA
S21402D900FF221A7086E7CDE900033246FF23394626
S21402D9104046FCF7BDF90546AAE71925DEE70546A7
S21402D920DCE700BF9B6C002035630020394D040005
S21402D9302E4D040034630020105C002070B54FF4B6
S21402D940003300240546164688B0ADF81A100DF1CD
S21402D9500F0204A90593ADF81840ADF81C400494D4
S21402D9608DF80F4007F0CEFD9DF80F302846019344
S21402D970049B044A009305A93346FFF719FF08B033
S21402D98070BD00BF324D040030B54FF48035002420
S21402D99087B00395BDF82850CDE900128DF81030F7
S21402D9A0074A034603A9BDF82C008DF81140ADF8CE
S21402D9B01250ADF81440FFF7FBFE07B030BD00BFB3
S21402D9C03E4D0400B1F1006F2DE9F04314462CBF22
S21402D9D0392238228BB01D464FF00003ADF81E20C8
S21402D9E04FF480022CBF4FF001099946FF2C0646E1
S21402D9F0ADF81C300892ADF824304FEA11471FFAF2
S21402DA0081F80FD109F074FCB9F1000F19D1154A4B
S21402DA10CDE9020543463046CDE9007407A9FFF773
S21402DA20C7FE1AE0FE2C0AD109F062FC0130C0B231
S21402DA3009F069FCB9F1000F12D00B4A02E0E8B215
S21402DA40F8E70A4ACDE9030501233046CDE9017419
S21402DA50CDF8008007A9FFF7ABFE0BB0BDE8F08358
S21402DA60034AD5E7364D04003C4D0400354D04000C
S21402DA703D4D04004FF498124FF0806310B586B007
S21402DA80CDE903230023ADF8143009F020F904464B
S21402DA90F8F796FA054B01900093054A234603A928
S21402DAA04FF6FD70FFF784FE06B010BDF862002048
S21402DAB0424D040008B5064B1B78022B02D0043BED
S21402DAC0012B03D8FFF7D6FF002008BD0220FCE793
S21402DAD07562002030B500244FF4806587B0CDE92A
S21402DAE000128DF81030084A034603A94FF6FD705F
S21402DAF08DF811400394ADF81250ADF81440FFF7BC
S21402DB0057FE07B030BD00BF464D04002DE9F04F6A
S21402DB1099B00E4605460CA91046CDE90A329DF884
S21402DB2088700AF004FBBDF83090804648460CF038
S21402DB3085FCB6F902300446002BB6F806A0B6F805
S21402DB4002B004DA00228D4B1A70002049E04846E3
S21402DB500CF074FC4045F5D3A4EB0804E3B2002FA6
S21402DB6018BF4FF4A07A152B099328BF152300245B
S21402DB70013308F1FF324946DBB292B2009412A892
S21402DB800DF058F96FEA4B436FEA53437C499DF810
S21402DB90482008684968ADF83E300DAB03C3ADF8BF
S21402DBA04040ADF83C40ADF842A0ADF84420BBF191
S21402DBB0000F24D10DF14900F6F7C4FCA0B109F01C
S21402DBC086F85C4680460DF151060DF149030A9A25
S21402DBD096F80090012A2CD14FB384F0010404F089
S21402DBE0010019B0BDE8F08F0DF149000AF0AEFB56
S21402DBF04FF6FF74011B4C4280464C41E3E7BBF1F3
S21402DC00010F57D1BDF8498009F061F880450AD066
S21402DC1040460DA90AF09DFB80F00104E4B20DF126
S21402DC204B060DABD3E7574B0DF14B06CFE70A9CDD
S21402DC30D5E75FB344BBB9F1010F25D830D109F05F
S21402DC4046F809F044F82246804671784D4B029118
S21402DC5000210120CDE900814B490AF044FDADF8D0
S21402DC60320088B124BBB9F1010F0CBF0D210C2183
S21402DC700DF132000AF09FFC024628B92846BDF88C
S21402DC8032300FA9FFF794FD0120AAE7B9F1010F80
S21402DC9004D1002CD3D081227178D8E7002CFAD197
S21402DCA0B9F1010F94BF002201227178D201CEE7AA
S21402DCB00C21DDE70A9B002B7FF447AF7388342BD9
S21402DCC04BD1099B092B7FF440AF002F7FF43DAF69
S21402DCD09DF951603A46B41008210DF1490004F04E
S21402DCE0200408F082FFA0B1284B1B78012B3FF4DA
S21402DCF02CAF274A274BB2F868201B68AA421DD0D1
S21402DD00DA001BD5C8232846234A0FA9FFF750FD81
S21402DD101BE70DF14900F6F715FC0028E4D10DF1DA
S21402DD2049000AF013FB4FF6FF739842EAD02146E9
S21402DD30F9F778FE03460028E4D1E4E75B0201D552
S21402DD40002E08DA00232846134A0FA9FFF730FDF3
S21402DD50124B1C70F9E68D23D5E7099BCDE905A287
S21402DD6004930DF14903CDE9028331462846CDE9F5
S21402DD7000790B9B0FAA00F03DF8E6E62963002027
S21402DD80A8D50300F86200204A4D040076620020FF
S21402DD90E455002064480020920204009A6C002099
S21402DDA0024B187840F08000704700BF35630020B1
S21402DDB0014B1880002070471E6C00204FF6FF7142
S21402DDC0034602881B798A4217BF074901200A8048
S21402DDD041881EBF054A00201180FF2B1EBF044A41
S21402DDE000201370704700BF1A6C0020186C0020C9
S21402DDF0366300202DE9F04FA1B09946BDF8AC304D
S21402DE002D9F0D939DF8B03004460E93BDF8BC309E
S21402DE1038460F939DF8C0304E88884615469DF8C2
S21402DE20A8B010930CF00DFF112E824671D808F0A0
S21402DE304EFF504576D0062E10D14FF6FD72924513
S21402DE4026D0BBF1000F10D100228023CDE900A21C
S21402DE5029462046BC4AFFF7ABFC06E0BBF1000FA2
S21402DE6003D1032E07D8012E09D80022B74B1A7009
S21402DE7021B0BDE8F08F043E022EF6D8E4E78023F8
S21402DE8029462046B24ACDF800A0FFF791FCECE7FF
S21402DE90B04B1B785E074CD408F019FF00260346E9
S21402DEA032460120A84900960AF01DFC3B79ADF8DF
S21402DEB066000F930028DBD0DDE90E320D9803EBE7
S21402DEC042090CF0BBFA5FFA89F909F105085FFA14
S21402DED088F88045CCD241460D9801F02FF9109073
S21402DEE008EB40080D980CF0A9FA8045C0DADDE987
S21402DEF00F321343DBB2002B40F03482BBF1000F2B
S21402DF00B6D1D84642460421BDF8660001F02AF989
S21402DF1074E1904A3A2E127812D948F23B039E4296
S21402DF2007D013E08B4A127850070BD5321F022A0D
S21402DF3008D8B8F8063043F48043A8F8063097E7C6
S21402DF401B2E1DD8B21E91B213295FD9109B4946CB
S21402DF5002930F9B3046CDE900B30E9A234607F094
S21402DF60D8FA0F2884D10122784B1A70794B1B7885
S21402DF709B0740F12783BBF1000F7FF479AFD8E708
S21402DF80A6F11C011E29E1D801A050F821F000BF1D
S21402DF90DBE502004DDF02004DDF020071DE02000B
S21402DFA04DDF0200C9E30200C9E302004DDF0200B2
S21402DFB04DDF02004DDF02004DDF02004DDF0200A2
S21402DFC04DDF02004DDF02004DDF02004DDF020092
S21402DFD04DDF02004DDF02004DDF02004DDF020082
S21402DFE04DDF0200FBE30200FBE30200ADE50200A8
S21402DFF04DDF02004DDF0200CFE502004DDF0200DA
S21402E0002BE6020041E602004FE60200132A9DD8E4
S21402E01001A151F822F000BF69E00200F9E0020017
S21402E02017E102002FE2020099DE02004DDF020035
S21402E0304DDF02004DDF02004DDF02004DDF020021
S21402E0404DDF02004DDF02004DDF02004DDF020011
S21402E0504DDF02004DDF02004DDF020073E30200D7
S21402E0604DDF020007E6020000231A938DF86630A1
S21402E0700DF1660322460E99484600931AAB07F046
S21402E08042FA08F024FE0646EAF75EFB162894BF1C
S21402E0904FF002094FF02209F7F792FF2E4B074680
S21402E0A0B3F800A0FBF7EAFD2C4B80464FF6FF7054
S21402E0B0B3F800B00AF002F9294B9DF866201988D9
S21402E0C0244B1B7813F002031CBF264B1B780B92C3
S21402E0D01A9ACDE90701CDE9093240232946CDE94E
S21402E0E0019320460023CDE9058BCDE9037A1E4A2B
S21402E0F00096FFF75DFBBBE608F0E9FD1B4B1C4AEA
S21402E1001B88CDE92A0300232946204621B0BDE814
S21402E110F04FFFF74DBBBE781AA9731EDBB2EF2B8A
S21402E120304627D9F22E25D005F01FFD822608F0AC
S21402E130CEFD00232946CDE90003034A3346204696
S21402E140FFF736FB94E600BF2E4D0400296300203D
S21402E150394D0400366200201E6C00201A6C002026
S21402E160186C002036630020504D04001C6C002002
S21402E1705D4D040005F0F9FC002856D008F0A7FD16
S21402E1809DF86C209DF86E100492BDF86A20490036
S21402E1900392BDF86820C9B2CDE901629DF86D20F0
S21402E1A003465200D2B208320A44009201200022EC
S21402E1B0C6490AF098FA9DF86D30ADF866008DF8FB
S21402E1C0633000283FF454AE4FF0000801230DF1EF
S21402E1D063011A460DF16600F5F790FC0746002823
S21402E1E07FF446AE9DF86330FAB293420CD89DF89F
S21402E1F06E308DF86330B8F1000F02D0BDF866308D
S21402E20036E04FF00108E1E74146304605F0AFFC44
S21402E2100123ADF86400022219A90DF16600F5F794
S21402E2206DFC01370028DDD022E683267FE708F062
S21402E2304EFD064605F0BAFC334600900022012049
S21402E240A3490AF050FA00283FF412AE00273E46D1
S21402E250ADF8680005F0AAFC5FFA87F840450DD8CD
S21402E26032460421BDF8680000F07CFFBDF8683035
S21402E270002229462046FFF79BFAF9E5404605F0BC
S21402E28072FCFF288DF866000BD0012301361A4671
S21402E2900DF166011AA8F6B2F5F730FC00287FF4F5
S21402E2A0E7AD0137D6E75046B7F8029005F05BFCBB
S21402E2B0FF288DF8640000F0E2811AA905F055FCEB
S21402E2C0BDF868304B4507D04FF6FF72914540F0D7
S21402E2D0D681190400F1D3819DF86D3012930E9BFE
S21402E2E00533DBB213930F9B149300234FF0000900
S21402E2F011934B4613E017934900139BC9B2194476
S21402E3000D9889B20AF092F94FF0000A179B159001
S21402E31012995FFA8AF28A4216D309F10109149A0F
S21402E3205FFA89F19142E6D39DF86E201292169A10
S21402E3301392002B40F09581119B002B40F09F8199
S21402E340109B14930123D1E711999DF8640017934B
S21402E35005F00DFC159A179B0AF1010A824208BFC6
S21402E3600123D5E709F106095FFA89F3B046169349
S21402E37086E1BD1C29465046BC7A06F04DFC0122B9
S21402E3802946504609F049F9504609F0ABFF28469F
S21402E39009F0DCFF3A88824207D04FF6FF729042BD
S21402E3A003D00CF03CFD09F0BDFF84F00804C4F372
S21402E3B0C00421462846FFF719F82146284621B010
S21402E3C0BDE8F04F07F0CEB8BBF1000F7FF450ADBA
S21402E3D012073FF5AEAD33463A462946204601F0CF
S21402E3E08FF900287FF444AD842329462046394A13
S21402E3F021B0BDE8F04FFFF7DBB90F9897F8008021
S21402E40009F018FD00210746204601F0E3FC312EF4
S21402E410A7EB0007FFB240F0D5804FF0000A0120BC
S21402E42053465246CDE9008A2B490AF05CF9ADF80C
S21402E430660000283FF41CAD162251461AA8EDF7D6
S21402E440D7F91AA808F0CCFE4FF0FF33DFF894B0E5
S21402E450CDE91C339BF80090B9F1000F02D14FF0C2
S21402E460010A55E01D4E33796F2B02D9002632463B
S21402E47025E050461CA9F6F73DFF0028F6D0184BBB
S21402E480B6F80090B3F86830B9F1000F2CD1003B13
S21402E49018BF01235B0143F004038DF87A30022390
S21402E4A08DF87B3073881B0A49461EA88DF87D308E
S21402E4B00CF0C9FBB8F1000F65D00026012202213C
S21402E4C0BDF8660000F04EFE32461CE5614D0400C3
S21402E4D02E4D040092020400694D04006C5B00207D
S21402E4E0E45500206F620020B3EB090318BF012336
S21402E4F05B0143F005038DF87A3002238DF87B30FA
S21402E5000F238DF87C30CDE70AF1010A5FFA8AFA0A
S21402E5100AF1FF36F6B230460CF087FCC307F3D595
S21402E5209BF8003019EB030F04D009F101095FFADA
S21402E53089F9E9E7584B1CA918783044C0B2F6F7B7
S21402E540D9FE002892D0304609F0FDFE81463046BC
S21402E5500CF06BFCC0070FD416238DF87A304F4BA5
S21402E5601B780133DBB20F2B28BF0F238DF87C30CC
S21402E5704B4B33F8163096E730460CF056FC8107C4
S21402E580EAD41223E9E7BDF866000BF057FF16300F
S21402E590B84292DC012316221AA90DF16600F5F79D
S21402E5A0ADFA00287FF464AC012660E712073FF557
S21402E5B0C0AC3B46224629460F9801F0F9F80028DF
S21402E5C07FF456ACBBF1000F7FF452AC0CE7BBF104
S21402E5D0000F7FF44DAC802307E708F078FB504528
S21402E5E07FF446ACB81CF5F7ADFF00283FF440AC0C
S21402E5F008F06DFB064608F06AFB2A4B2A4ACDE96C
S21402E6002A03334680E538460CF01BFB09F056FE1B
S21402E61000283FF42DAC2A90002329462046234AA0
S21402E62021B0BDE8F04FFFF7C3B84B462A46214655
S21402E6300020CDE92AB721B0BDE8F04FFEF7F6BFBD
S21402E6404B462A4621460120CDE92AB7F3E75B4628
S21402E6504A46294620462A9721B0BDE8F04F06F0E2
S21402E66086BF012319A91A460DF16600F5F746FA88
S21402E67000287FF4FDAB08F101085FFA88F801363E
S21402E68005F094FA5FFA86FA50453FF60CAEB8F1FA
S21402E690000F3FF433AC35E4656C00201E630020A7
S21402E6A09E5B0020F86200206E4D0400394D040087
S21402E6B0F8B5164B04461D88154B20F8025B196800
S21402E6C079B10822EDF7E6F8124B0C201B78124EB1
S21402E6D0A372124B19780023DAB2914205D8FF22B0
S21402E6E009E0C4F802104160EEE7013300FB03F7CD
S21402E6F0F75BAF42F0D10A4BE2721B782373094BE9
S21402E7001B786373084B1B682361F8BD1E5C0020F0
S21402E7100057002037630020085A00205F6C002054
S21402E7201B6300201A630020EC560020F0B589B067
S21402E73006460C4615460AF02CF90DF10A02014669
S21402E740304609F0DDFF144F0346F0B901223A7055
S21402E7502288BDF80A102AB102460090072004F06B
S21402E760E9F990B103A8FFF7A3FFBDF80A000BF082
S21402E77065FE0646BDF80A000BF044FE21460090F0
S21402E780F3B2284603AA06F071FA0023034A3B7046
S21402E790136009B0F0BD00BF3863002000570020A8
S21402E7A0142230B58BB005460DEB02011548DEF794
S21402E7B067FC10BBBDF81430DA0720D413F0060F3E
S21402E7C0C3F3410208BFC3F341220F4B0DF11601FA
S21402E7D09C5C68462246EDF79BF9BDF8263004F1AC
S21402E7E028026A4402F8283C02341B0A02F8273C34
S21402E7F069462A46E0B209F001F90BB030BD232083
S21402E800FBE700BF703214E04F9A040010B58AB0DE
S21402E810ADF826200022CDE9052204920CAA029227
S21402E8204FF6FF720446AC2101200192064A03907D
S21402E83004FB0122603200924CF620010DF1260202
S21402E84009F090FD0AB010BDE455002010B54FF651
S21402E850FF741E4A8AB0B2F86800B2F85E10A04290
S21402E860ADF82600B2F85C304FF6FD70ADF8241015
S21402E87018D081424FF0000094BF48F660014CF673
S21402E8806001CDE90500CDE90300CDE9010094BFA2
S21402E89009AA603200920DF12602042009F062FDF8
S21402E8A00AB010BD81424FF000008CBF603209AA48
S21402E8B000928CBF4CF6604148F66041CDE90500F7
S21402E8C0CDE90300CDE90100014AE6E7E455002060
S21402E8D04E56002000B50E4B0022B3F85E308BB0C9
S21402E8E0ADF824304FF6FF73CDE90522CDE90322B9
S21402E8F0CDE9012209AA00924FF400610DF1260229
S21402E9000720ADF8263009F02DFD0BB05DF804FBAC
S21402E910E4550020202A10B5144614D8012A04D142
S21402E9200C88B4F5004418BF0124620030B10748D1
S21402E930ECF7B0FF064B00201C7010BD0548ECF744
S21402E940A9FF054BF7E72120F7E700BF205C002070
S21402E95039630020605C00203A6300202DE9F0470E
S21402E960104617460CF06DF9DFF814A1DFF8149183
S21402E9709AF8003099F800200546134302D1002089
S21402E980BDE8F08710F4406800F0400619D186BB57
S21402E990B0F5804F5CD24FF4807400239AF80000E2
S21402E9A0344AD9B288425DD8002399F80000324A28
S21402E9B0D9B28842E3D932F8021B0133A142F7D119
S21402E9C055E0F81C0CF03DF94FF6FF73984214BF61
S21402E9D00124022486B1052605F44043B3F5004F10
S21402E9E044F0080424D0B5F5804F23D244F4807452
S21402E9F020E044460326EFE7B5F5804F4FF00506C4
S21402EA00F4D3B8F5406F14BF0220082030443844CF
S21402EA100CF017F9194B05F44045B3F85C30834205
S21402EA200CBF44F0080444F00404B5F5004F01D1CD
S21402EA3044F08004B8F5006F0ED1B8190CF001F955
S21402EA400E4BB3F85E308342A7D144F01004A4E71D
S21402EA50444603260220D9E7B8F5406F08BF44F0C3
S21402EA6020049AE732F8021B0133A14299D1012011
S21402EA7086E700BF605C0020205C0020E455002092
S21402EA803A630020396300202DE9F04F104685B026
S21402EA90164698460CF0D5F85D4F00F00803B7F816
S21402EAA05C10044600F00709F01C02930391B7F8C5
S21402EAB05EB00CF0C6F806F1050A054650460CF0A4
S21402EAC0C0F803464FF6FF70854218D00399A1EBB3
S21402EAD0050CDCF1000545EB0C056D004FF6FF71E9
S21402EAE08B420ED145F004050BF0B6FE029B6BB1CD
S21402EAF0B9F1000F11D0422005B0BDE8F08F012514
S21402EB00ECE79B4508BF45F00805EDE7B9F1030FB2
S21402EB10F1D8DFE809F0021B795D0BF09DFE08B91B
S21402EB20A807E8D524F00804A4B2B4F5004F05D02F
S21402EB30B4F5624F02D0B4F5404FDCD10025294629
S21402EB4097F8A820002007F00FFF3CE0D7F88030A7
S21402EB50E3B9002132460846FFF700FFD8B948F667
S21402EB60410224F038039BB29342C4D10A2D49D005
S21402EB70062DC0D197F87730023B012BBBD8F3F7AE
S21402EB8045FD0028B7D140F6040505E0414630466B
S21402EB9098470028DDD00825E20648BF45F08005E4
S21402EBA0A30648BF45F4805505F00C03042BC6D1D6
S21402EBB0F01D0CF046F897F8A8303246009341460E
S21402EBC02B4607F0A6FE08B30E9B1880002093E79C
S21402EBD0A90705D14FF6FF73B7F85C209A428AD18F
S21402EBE004F44063B3F5006F0AD0B3F5406F82D1E8
S21402EBF0082250460749EDF747F900287FF47BAF15
S21402EC000C25C9E70425C7E7432075E7192073E7F3
S21402EC10E455002044560020034B1A781AB1FF2A06
S21402EC2004BF00221A7070473C63002070B5084C7F
S21402EC30084E2378F55C1DB13E2107480BF023FFF2
S21402EC40FF2223782846F2540023237070BD00BFAB
S21402EC503B6300203C630020724D0400034B044AD1
S21402EC601B78D05CFF3818BF012070473B6300203A
S21402EC703C6300200023074A07491360074A1360D3
S21402EC80074A1360074A11600121074A1170074AB2
S21402EC901360704710570020EF8403000C570020C3
S21402ECA008570020906B00209C6C0020185700200C
S21402ECB00E2A70B50C4606461546194603D9FFF7C6
S21402ECC0D9FF502070BD012807D10020F3F7B8FC09
S21402ECD0B0B1FFF7CFFF2120F4E780220021224BBC
S21402ECE01A70224B1960224B1B684BB134200BF072
S21402ECF0FDFB204B188018B9FFF7BCFF0120E1E7A7
S21402ED0024F0FF6323F4FF231BB1FFF7B3FF4F206A
S21402ED10D8E774B92046F3F7ADFC0124032510F0BA
S21402ED20800F43B21BBF00F01F039C409C4044F080
S21402ED3078440020104B24F078441E700F4B104984
S21402ED401D70104B1C60104B1870104B1A68F4F7AD
S21402ED501FF818B1FFF78EFF0420B3E79DF81020C6
S21402ED600B4B1A70AEE700BF3D630020145700201D
S21402ED7008570020A05C0020426300204063002069
S21402ED8075F002001857002041630020105700203B
S21402ED903E6300207FB5244B00251A7801232348C2
S21402EDA0234903FA02F200781A440A60ADF80E50BC
S21402EDB020B3984236D11F4C1F4B20781B680DF1AA
S21402EDC00E0198471D4EBDF80E20307092B11C4BB6
S21402EDD029460093284602230195F4F713F8327861
S21402EDE0237822B1012A12BF1B230133DBB2237020
S21402EDF004B070BD013818BF0120F0E778235A43EB
S21402EE00013A0A6008220F490BF0B6FA0B49094A82
S21402EE100978137821B1012912BF1B230133DBB213
S21402EE201370E5E71846E3E74063002042630020DC
S21402EE301C57002041630020906B00209C6C002031
S21402EE40B1F00200E5A70300024B1868003818BFAD
S21402EE50012070470857002037B505461C460BF0C0
S21402EE60FBFC68B974B1084B1A60084B0A461C6072
S21402EE700123294600930323FFF71AFF03B030BD90
S21402EE804D20FBE72520F9E7045700200C57002009
S21402EE9013B504460BF0E0FC58B962B1074B1A6092
S21402EEA001230A46009321460323FFF701FF02B01F
S21402EEB010BD4D20FBE72520F9E700BF08570020CC
S21402EEC02DE9F0410446DDE906861D469DF82070D0
S21402EED00BF0C2FC88B99EB1A2B10B4B01201A609E
S21402EEE00A4B0A46C3F80080094B21461E602B4691
S21402EEF00697BDE8F041FFF7DBBE4D20BDE8F08186
S21402EF002520FBE72120F9E7906B00201057002010
S21402EF100C5700200148F4F7ADBB00BFA05C0020F0
S21402EF202DE9F0410020F3F7A1FE114B114C1E68AB
S21402EF30114B20881D68114B114FD3F8008010B179
S21402EF403978F4F771FD00203870FFF793FEF4F776
S21402EF50ABF90EB14046B0473DB12088A847002322
S21402EF602380BDE8F0410BF009BEBDE8F08100BF8A
S21402EF700C570020A05C00200857002018570020DD
S21402EF8043630020F8B52F48F4F764FE2E4B18783A
S21402EF9030BBF3F76FFB2D4F06463B6803B32C4B93
S21402EFA02C4D1C6824B195F900301A461946A04724
S21402EFB0294B1B6883B1294C2378312B0CD8284B5C
S21402EFC018880BF01FFA23785A1C22702A78C2542B
S21402EFD023785A1C2270C65480232B7000233B6071
S21402EFE0204C23781A2B22D81F4A1278012A09D1DC
S21402EFF000211E4A156825FA03F0C007DAB20ED5BC
S21402F00001B122700020F3F735FB2178884212D135
S21402F0100022174B1A70FFF7BDFE40B9F8BD013348
S21402F020D8B21A284FF00101E5D90A442270BDE889
S21402F030F840FFF775BF0020F3F72EFB0028E7D055
S21402F040F5E700BF946B00204263002014570020AF
S21402F050045700203D630020085700204363002029
S21402F060A05C0020416300209C6C00201857002002
S21402F0703F63002008B50B4B187880B90221F3F7DE
S21402F080CDFA094B1B782BB100214FF6FF720846CA
S21402F090F3F7A6FABDE808400448FFF773BF00215D
S21402F0A00846ECE7426300203E630020946B002093
S21402F0B038B5144B0C461D78012D21D181B908466E
S21402F0C0F3F7D8FA104A05FA00F013680F4923EA54
S21402F0D00003136020462A46BDE838400BF04CB9C0
S21402F0E00B4A13780133DBB2022B137004D9BDE846
S21402F0F038400848FFF746BFFFF74CFE0028F6D117
S21402F10038BD00BF4263002018570020E5A7030061
S21402F1103F630020946B002038B50C4605460BF082
S21402F1208DF9A04203D82D2103480BF0ACFC2846EB
S21402F1300BF068F9204438BD864D040070B50646CB
S21402F1400D460BF05FF9044648B130460BF076F9EF
S21402F150A84203D8352102480BF095FC605D70BDCD
S21402F160864D040070B50C46064615460BF066F949
S21402F170A04203D83E2104480BF085FC30460BF033
S21402F18041F900B1055570BD864D04002DE9F043E6
S21402F1908FB007460C4615461E469DF85880F8F76F
S21402F1A055F920B1F4F796FE08B144F400544D4BDD
S21402F1B01B7813B924F40074A4B2200509D546B905
S21402F1C0284604A9F5F750F9002846D024F400642E
S21402F1D0A4B2ADF81840ADF81A5007F078FD424BCD
S21402F1E0ADF81C00B8F1000F02D01A78424501D2E1
S21402F1F093F800803D4AE105137848BF0DF12101DE
S21402F20003F10103DBB2137058BF08A922058DF87B
S21402F2101E808DF81F3006D53368083141F8083C49
S21402F220736841F8043CE30407D5314A0831136891
S21402F23041F8083C536841F8043C0DF11808A1EB6C
S21402F24008005FFA80F9002148460BF04FF906469F
S21402F25028B900200FB0BDE8F08304AEB9E70BF082
S21402F260D1F841464A46ECF753FC30460BF0E6F836
S21402F270804630460BF0C6F80023024600934FF64F
S21402F280FF7004235FFA88F107F043FBADF80E0027
S21402F2900028DED040F201131C421AD14FF6F77353
S21402F2A09D4216D80BF0CAF80DF10E010446284608
S21402F2B000F090FDBDF80E000BF0C0F8E4B2A042DC
S21402F2C007D9BDF80E0007F071FB437843F004033C
S21402F2D04370BDF80E003A4601210BF0DFF8BDF888
S21402F2E00E00B7E771620020596C0020736200209E
S21402F2F0F8620020F0B50829D58889B028D00C29F4
S21402F30026D0AE0424D405F040030B43424C2678A4
S21402F31016B105F0200423432FB2002FB8BF43F0E6
S21402F3208003032920D11223AC068DF80430937A89
S21402F33010D48DF805300DF1060401A9621A0123D6
S21402F34092B2F4F7DBFBB0FA80F0400909B0F0BDE8
S21402F3500B46DBE732228DF805308DF80420002EAE
S21402F360E9D00DF11304E8E70C298DF804300ABF42
S21402F370138953798DF80530548805BF1B0A8DF81A
S21402F38006308DF805300DF1070318BF0DF10603A0
S21402F3901C70240A5C70148802399C70240ADC7083
S21402F3A0147901291C7111D8917A002F597131DA1A
S21402F3B0022112899971DA71120A03F109041A728A
S21402F3C0002EBAD0AB06B8D50534B6E7A9071AD4CC
S21402F3D0002F0CDA117A51B1917A59711189127A89
S21402F3E003F1080492B102229A71D971E8E70B4C34
S21402F3F0217801F1010C84F800C091729C1D002F47
S21402F4005971DDDAEAE7917A9C1DF8E70122090ACA
S21402F4109A71EAE79C1DD3E77162002072620020AF
S21402F420014B1880704700BFA25C0020014B188871
S21402F430704700BFA25C00202DE9F84307460BF098
S21402F4401BFB05461B480BF08EFC1B4B60B31C686F
S21402F4503C1B2C44A4B20022184BDFF868901B78A1
S21402F460174D03EB830399F8006005EB43055FFA3B
S21402F47082F846450AD9AB8805F10A00A34216D996
S21402F4800A23B21A29465A43ECF704FA013689F8D7
S21402F4900060AC80B8F1000F03D1394605480BF086
S21402F4A09DF82846BDE8F8833C461D60D3E705462E
S21402F4B00132DCE7B46B00202057002044630020B2
S21402F4C03A5B0020456300201FB5154A154C137899
S21402F4D0013BDBB213706168206801AA03C221896E
S21402F4E01180114A1278D21805D00A2320465A43B0
S21402F4F0E118ECF7CFF99DF806301B070DD0BDF8E2
S21402F5000C00FFF799FF03468288ADF8082001AA8F
S21402F51003CA1288186059601A8104B010BD00BF71
S21402F520446300203A5B002045630020002108B5B2
S21402F530084B09481970094B1970094B1A7802EBE7
S21402F54082025200ECF754F9BDE808400548F4F789
S21402F55081BB00BF456300203A5B00204463002065
S21402F560636C0020B46B0020F8B50024084D094FE8
S21402F570094E3B783178E2B20B449A4204F1010418
S21402F58000DBF8BD2846F4F775F80A35F1E700BF48
S21402F5903A5B0020456300204463002010B5064C09
S21402F5A0207828B1054807F02DFF10B1034B1888C4
S21402F5B010BDFFF789FFF3E7446300203A5B0020A3
S21402F5C008B50A4A0346107860B1094A108898427C
S21402F5D009D121B99378103323F00F039370FFF704
S21402F5E073FF012008BD0020FCE700BF4463002033
S21402F5F03A5B00202DE9F74F00260BF03DFADFF8C4
S21402F600F890B24699F80070B3463A46DFF8EC80B6
S21402F6101FFA80FEB8F800C0344CAEEB0C039BB267
S21402F62001932378324D009303EB830305EB4303E8
S21402F630ACEB0E0C5FFA86FEBE4515D3BAF1000F90
S21402F64001D0009B2370BA422AD3002F37D00A2259
S21402F6502378C8F8000002FB03532648998803B0B3
S21402F660BDE8F04F0AF0BABFB3F804E001998E4540
S21402F67012D84FF0010A009993F802E001310EF118
S21402F680FF3EC9B2013AA3F804B083F802E0009143
S21402F690D2B20A330136CDE7E644A3F804E0F8E72F
S21402F6A089F800204AB10A222378C8F8000002FB33
S21402F6B00353104899880AF091FF237813B903B0D0
S21402F6C0BDE8F08FFFF76AFF06460028F5D007F080
S21402F6D0A1F80146304607F092FE20B100212888A4
S21402F6E0FFF76EFFE9E740F60241F8E744630020C1
S21402F6F03A5B0020B46B00204563002020570020B0
S21402F7002DE9F04192F808801F4608F1FF33DBB27C
S21402F710EF2B05460E46144688B00BD982238DF889
S21402F7200E30314628469DF80E30204AFEF740F845
S21402F730012037E00E22002104A8ECF759F8B4F8AD
S21402F74009308DF81180ADF81230E37A03F07F02AB
S21402F750032A08D0012B24D103238DF81030A38965
S21402F760ADF815300EE0032B14BF022301238DF8EB
S21402F7701030E368CDF815302369CDF81930237DB3
S21402F7808DF81430A7F121014A420DF10E034A41C9
S21402F790009321460DF10F0304A8FDF737FC00285D
S21402F7A0BFD1002008B0BDE8F08100BF920204007D
S21402F7B02DE9F04F00241D7895B0CDE902010492A0
S21402F7C0234622460120CDE90054404908F08BFF2B
S21402F7D0ADF81E00F8B1A346264627460DF12009CD
S21402F7E00DF1380AE8F7A4FF5FFA84F8404516D808
S21402F7F03A460221BDF81E00FFF7B4FC3246042149
S21402F800BDF81E00FFF7AEFCDDE903100022BDF8CE
S21402F8101E30FDF7CDFF012015B0BDE8F08F4A4639
S21402F82040460AA9FDF7E4FB9DF8282022B12DB137
S21402F830013DEDB20137FFB20134D3E7BBF1000F51
S21402F840F8D199E803009DF829308AE803008DF87C
S21402F8504030BDF82A30032A8DF841304FEA132390
S21402F8608DF8423017BF032301238DF843309DF8ED
S21402F8702C30DDF83110DDF82D0014BF8DF84C3039
S21402F8808DF8433011AB03C302980CBF4FF00E083D
S21402F8904FF0150808F0CEFA0590BDF81E000AF0E3
S21402F8A0CDFD059900EB080399420BDB0123424686
S21402F8B051460DF11E00F4F721F90028ABD10136AE
S21402F8C0F6B2B7E74FF0010BB4E700BF694D04008C
S21402F8D038B505460D4B0E481C88F4F7A7F9012DDE
S21402F8E00CD10C4B1C88FA21614358B1884209D2CC
S21402F8F08408012C204638BF012038BD022D08BFDF
S21402F9000224F0E702480AF069FEF2E7365B0020BE
S21402F91050470020345B0020012208B5054B0648FC
S21402F9201A7000210AF05AFEBDE808400020FFF7D0
S21402F930CFBF00BF5C620020504700201E4B73B54D
S21402F9401A8802F108039BB2012B02D81B4B1B78C4
S21402F95023B902B0BDE87040F4F77CB90024184B16
S21402F960184D1C70184B1C702B787BB14FF6FC732D
S21402F970164E0093224623462146308808F080FC25
S21402F9804FF6FD732C70338001200FE0104B1046AB
S21402F990197807F032FD0028F6D10C4B1A884FF67C
S21402F9A0FD739A42F0D0012302202B7002B0BDE80C
S21402F9B07040FFF78DBF00BF385B00205C620020FE
S21402F9C05F6200205D6200205E620020325B0020E3
S21402F9D060620020012808B50AD002280CD020B99F
S21402F9E0084B18700848F4F735F94FF0FF3008BD99
S21402F9F0BDE80840FFF790BF0020BDE80840FFF7CB
S21402FA0067BF00BF5C6200205047002002280CD867
S21402FA1059B1064A13780133DBB21370044A1278DE
S21402FA209A4202D80220FFF7D5BF70475E620020D6
S21402FA306162002038B5A0F61343012B04460D463A
S21402FA4015D80E4A13780133DBB213700C4A1278BB
S21402FA509A420CD84FF6FD720A4B00201988914242
S21402FA6001BF00221D80084B1A70FFF731FF29469E
S21402FA702046BDE8384005F0FDB800BF5F620020B2
S21402FA8062620020325B00205D62002000234FF697
S21402FA90FD71054A1370054A1370054A1180054A1E
S21402FAA01370054A137070475F6200205E62002082
S21402FAB0325B00205D6200205C62002030B5094B9C
S21402FAC002461B7833B1084B084C19780023D8B28B
S21402FAD0884201D3FF2004E0013334F823509542D4
S21402FAE0F5D130BD626C002064620020125B0020FB
S21402FAF00022FF21044B05481A70054B1970054B6E
S21402FB001A789200EBF774BE64620020165B00203F
S21402FB1063620020626C0020F7B58DF807100DF1C5
S21402FB200701044603F072F8234B1D78002D41D0DE
S21402FB302046FFF7C3FF214EFF283178204B05D120
S21402FB40204A107885422DD9451C1570884219D056
S21402FB501C4A1B4D92F800C00022D7B2BC450CD9F5
S21402FB602F4697F803E00132864505F10405F4D1E5
S21402FB7002B203EB8202D278FA7002B203EB82027E
S21402FB80D170307002B203EB820123F82240FF22CA
S21402FB908A709DF80720FF2A02D003EB8203987032
S21402FBA003B0F0BD0A46104603EB8202D278FF2A63
S21402FBB0F9D1CBE7FF20F3E7626C002063620020F6
S21402FBC0165B0020646200202DE9F843FFF776FFFB
S21402FBD0FF28044669D04FF6FF72354F03B2DFF8AE
S21402FBE0DC80344E27F8232098F80050A54202D134
S21402FBF00020BDE8F883337820B28100A34207EBE9
S21402FC00800090F803E010D00023294A5FFA83F9B7
S21402FC104D45944606D99CF803900133A14502F15E
S21402FC200402F3D18CF803E001E086F800E0013D1F
S21402FC30EDB22A1BD2B2043192003944EBF72AFE07
S21402FC4088F800503378FF2B04D0A34224BF03F178
S21402FC50FF33337000214FF6FF70154BCAB2AA422B
S21402FC600CD300234FF6FF71134ADCB2AC42BBD270
S21402FC70013332F823008842F7D1B5E79A78A242D8
S21402FC800BD11880DA78FF2A04D0A24224BF02F1F0
S21402FC90FF32DA7001310433E0E7FF2AF2D0A242E3
S21402FCA024BF02F1FF329A70ECE72D20A1E700BFD5
S21402FCB0165B002063620020125B00206462002054
S21402FCC0F8B51C4B05461B78084673B3FFF7F6FEDD
S21402FCD0FF28044629D02846FFF7F0FEFF2806D064
S21402FCE0154B164E1A780023D9B2914218D3FF212B
S21402FCF02846FFF711FFFF28014616D00546104F8B
S21402FD0023B207EB830237F823009678FFF704FF47
S21402FD10A84208BFFF25FF2E214608D12846F8BD77
S21402FD20013316F823108142DED1FF25F6E734466A
S21402FD30E6E700BF626C002064620020145B0020CD
S21402FD40165B00202DE9F04180460E461F46002332
S21402FD5086B001A814469DF830508DF80330FEF7A1
S21402FD60A7FCADF804802EB13368CDF80630736870
S21402FD70CDF80A3038460AF045FB0DF10303421966
S21402FD80214601A804F082FF9DF8033093B931465C
S21402FD904046E8F7C1FE0E4B1B785BB10B2C09D828
S21402FDA0FF214046FFF7B8FE064605EB4404E4B2E0
S21402FDB0A54202D106B0BDE8F0812946384608F0D1
S21402FDC035FC3146FFF7A8FE02350646EDB2EFE7F0
S21402FDD0626C002000232DE9F3470DF107028DF82F
S21402FDE0073004460E4602F0FCFE9DF80730054634
S21402FDF063B92046FFF762FE04465EB130880AF019
S21402FE001DFB5FFA80F8FF2C45D10025284602B07C
S21402FE10BDE8F087B046F6E701320C2AF5D02DB2DF
S21402FE2007EB8505AD78FF2DF6D112F0FF0AECD070
S21402FE304FEA4A050235EDB2002EE7D0304605EB12
S21402FE40080108F0B8FB0028DFD152464146308848
S21402FE50FFF788F90AF1FF3208F1010108F10209F9
S21402FE603088D2B2C9B25FFA89F9FFF77BF924B2B9
S21402FE7007EB8404A478FF2CC8D023B2494637F88F
S21402FE802320308808F0E2FB0028BED109F10209DF
S21402FE905FFA89F9EBE725460022014FBFE700BF6C
S21402FEA0165B002008B5D5F7B9FDD5F7A1F900F025
S21402FEB04AFAD6F7D5FEBDE80840D4F747BF10B5D4
S21402FEC0044601880120D5F767FEE3880BB9C823EC
S21402FED0E38010BD37B50446D5F76CFE65888542CB
S21402FEE00ED8A188E288814205D3431B5343491B9F
S21402FEF0B3FBF1F39AB280B240EA024003B030BDDF
S21402FF000022F8E770B50C46088800F04BF994F822
S21402FF104430054683420FD004F11C06304600F0FA
S21402FF207CF984F8445000F07CF9618BA06430467A
S21402FF30BDE8704000F06CB970BD38B5044690F864
S21402FF4044108378826CCB1A59425941D4F768FF21
S21402FF50E37893B1257985B900F063F90346A26880
S21402FF60218A04F11C009C1A8C4236BF521829467C
S21402FF70D11ABDE8384000F04BB938BD09B100F0DF
S21402FF80FDB800F005B938B58388044603B3E378B4
S21402FF900088A17804F10C05A3B10023B1FA81F11F
S21402FFA0E3704909FFF7EAFF4FF6FF72A38821893B
S21402FFB093421CBF03F1FF33A3802846BDE83840B6
S21402FFC000F026B90123E370FFF7D8FFE188F4E7D3
S21402FFD038BD10B5044681780088FFF7CFFF0123AD
S21402FFE0E3700023A38010BD10B581780446B1FAF1
S21402FFF081F100884909FFF7C1FF0023E370A3805F
S21403000010BDFFF7F1BF70B50446054600262B4624
S21403001055F8040B10B11B1B0C2B00DD70BD237CA5
S2140300208680002BF3D0637C13B1FFF7D2FFEEE795
S214030030FFF7DAFFEBE7FFF7E6BF70B504460546C2
S2140300404FF6FF762B4655F8040B10B11B1B0C2BF3
S21403005000DD70BD8388B342F4D04FF4FA724FF6D6
S214030060FF731146D4F730FFECE709B100F086B80A
S21403007000F08EB810B50446C0600830D5F7FEFE13
S21403008021792088B1FA81F14909FFF7EEFFA379B8
S21403009043B121796088B1FA81F1BDE8104049097E
S2140300A0FFF7E3BF10BD00F0A9B80346184613F8E0
S2140300B0012B8A4201D0002AF8D1704710B53B21A4
S2140300C004460068FFF7F1FF0022034603F8012BFE
S2140300D02068236010BD10B540B1421E0A240020DC
S2140300E012F8013F303BD9B2092900D910BD04FBF1
S2140300F00030F5E708B500F07EF808B540F2BA42DE
S21403010000211020D5F7C6FC41F2E823584340F6F9
S214030110FF7300F2FF70B0FBF3F080B208BD50F837
S2140301200C3C23B150F8041C30F80E0C18477047EB
S214030130084619B1FF21103002F07ABC704773B538
S21403014005460E466DBA1446D5F7CEFDADF80450F7
S2140301507EB1012C04D0032C09D00022012101E03A
S2140301602246022101A8D7F78BFF02B070BD0022FA
S214030170F7E7042132460DEB0100F4E707B540BA72
S214030180ADF8040001A8D7F7AFFF03B05DF804FB92
S21403019007B540BAADF8040001A8D7F7D1FF03B0FE
S2140301A05DF804FB002307B540BAADF804000DF173
S2140301B0030101A88DF80330D7F7EEFF9DF803007F
S2140301C003B05DF804FB007800F0DF03552B07D07F
S2140301D0642807D0663818BF4FF0FF30C0B27047A8
S2140301E0012070470320704718B12D280CBF01204B
S2140301F002207047704708B502F00CF808B500F007
S21403020083F8BDE8084004F00FBD50E902301847F4
S2140302100A460830FF2102F002BCFF21083002F034
S2140302200FBC08B50AF087FCBDE8084009F09EB984
S21403023013B500240DF107008DF8074003F0A6FC64
S21403024040B99DF80700033803288CBF002001201F
S21403025002B010BD2046FBE72DE9F0410446002717
S2140302604FF00C0E8F4202DB0020BDE8F0812078B1
S214030270904204D1002594F80780454502DB0137F8
S2140302800C34EFE70EFB05F6D4F808C00CEB0600BB
S2140302903CF806609E42E8D00135EEE7F0B585B03F
S2140302A005460E461746D5F73FFE0446A0B131462F
S2140302B02846D5F7F1FD83783A46002BA3683146E6
S2140302C00293A378284601934FF0000300930CBFD4
S2140302D080234023E4F7BCFE05B0F0BD08B51288C2
S2140302E0D5F722FE50B10279BDF80C309A4207D8F2
S2140302F081680298EBF7CEFA002008BD8620FCE75B
S2140303008920FAE7D5F714BF002004F009BD08B525
S21403031004F06EFD002814BF0320002008BD10B5AE
S2140303200446FFF785FF20B12046BDE81040DFF7FF
S214030330D5BD10BD08B5FFF77BFF18B1BDE8084073
S214030340DFF7BEBD08BD704708B502F04DFAFFF7EC
S214030350A9FDD5F753FF6420DFF7D0FD6420DFF750
S214030360BDFD02F043FAD4F71FFD08F059FDF8E788
S214030370642230B542F21075418AB0F87E3051439C
S214030380848A681A834202FB04F40AD2A3420AD977
S2140303901B1B02FB03F021446D1AB0FBF5F0C0B241
S2140303A030BD1046FCE70020FAE710B589B1632993
S2140303B011D86424828A438A624304FB0323C3F569
S2140303C01C53103301FB03F0B0FBF4F0104480B26F
S2140303D010BD0846FCE742F21070F9E738B5037B18
S2140303E00446002B3AD0FFF71CFF217BE389022942
S2140303F003D1228A002A18BF134603EB830303EBB9
S21403040083039B009BB242F210722BB1D4F8845044
S214030410401B5043B0FBF3F20129B4F8883017D1E0
S214030420134442F21072934228BF13469BB2A4F8B9
S2140304307E302046FFF79CFFA37D83420ED0A07537
S214030440082260784FF48171BDE83840FFF726BF75
S214030450934201D39B1AE9E70023E8E738BD10B5BA
S2140304600446B430FFF7D9FE04F1DC00BDE81040C3
S214030470FFF7D3BE027BC389022A03D1028A002A6E
S21403048018BF134642F20F72642103EB830303EB98
S21403049083039B009BB2934288BFB3FBF1F1DC302E
S2140304A0FFF7B6BE10B50446FFF798FF237B23B1CC
S2140304B02046BDE81040FFF7DDBF10BD10B504466B
S2140304C04FF6FE71D6F73AF8B4F880302046A4F813
S2140304D07E30FFF74DFFA37D834208D0A075082228
S2140304E060784FF48171BDE81040FFF7D7BE10BDAA
S2140304F0F8B50E460446154600F18C073846FFF756
S2140305008CFE29463846A4F87C60BDE8F840FFF721
S2140305107FBEF8B504460D46FFF783FE4FF6FE7121
S214030520A36F8D42227BA0EB030717D162B94FF668
S214030530FF75B4F87C30AB4205D004F18C00FFF7AE
S2140305406CFEA4F87C50F8BDC72F1BD8C8331A1A04
S21403055029462046BDE8F840FFF7CABFB4F87E60D8
S214030560AE422CBF02260126B24211D14FF6FF76C9
S214030570B4F87C30B34205D004F18C00FFF74DFE8F
S214030580A4F87C6029462046BDE8F840D5F7D6BFD8
S214030590C72FDBD9002AF5D02046D5F7CFFFC822D0
S2140305A0D6E74FF6FF73994201D0FFF7B2BF704705
S2140305B04FF6FF72B0F87C10A0F87C20FFF7F1BF6F
S2140305C042F21071FFF7A5BF0021FFF7A2BF4FF657
S2140305D0FE71FFF79EBF4FF60173994210B50446AE
S2140305E003D14FF6FE71FFF794FF638A2046322B42
S2140305F084BF32236382A38A322B84BF3223A3822F
S214030600BDE81040D6F744B8032910B504462BD0EE
S214030610007B30B9012903D002290CBF0120FF203B
S21403062010BD032A07D8DFE802F0020810140129D8
S2140306301CD002291FD0FF20F2E70029FBD1B4F813
S2140306405C20012A12D0022AF4E704290ED00529D9
S214030650F0E7042914D0052914D00029EBD1B4F807
S2140306605C20111F0129ECD80220D9E75A1E5342F9
S21403067053415800D4E7022B0CBF02200120CFE7DA
S2140306800020CDE70120CBE730B587B005460C4602
S214030690D5F73CFD012820D11CB1611E4B424B41CE
S2140306A058006B784FF480728DF804304FF48273E1
S2140306B0ADF806304FF48173ADF8083001238DF89A
S2140306C00B30002385F8900001A8CDE903238DF8AD
S2140306D00A408DF81430D5F751FD07B030BD416898
S2140306E00346C978027B99B98168C97899B9002A03
S2140306F008BF0321D6F70AB99B7B002B0CBF012149
S2140307000221F7E79B7B002B0CBF02210121F1E7B7
S214030710012AF1D17047012AF4D17047042910B594
S214030720044604D831B1BDE81040D6F773B905299D
S2140307300DD010BD037B5522002B08BF0321A0F864
S2140307405C1040781221FFF7A9FD2046EBE74368CB
S2140307501A8A83681A82E6E7012303730378013350
S21403076043734FF44073C381032303740023A0F839
S2140307705C3080F89030704738B504460D4601B9B2
S21403078045890123E373FFF74CFDFA2202FB0500BC
S21403079020612089BDE838405043FFF7C0BD10B53F
S2140307A00446806BD8B1E278022A04D0636B5B7987
S2140307B072B984F83C3094F83C306BB1FFF709FC0F
S2140307C060784FF60272BDE810400621FFF766BD5B
S2140307D0B3FA83F35B09ECE7FFF706FCF0E710BD1B
S2140307E010B50446406BD4F7D5FB2046BDE8104051
S2140307F0FFF7D5BF10B50446406BD4F7EFFB204692
S214030800BDE81040FFF7CBBF10B50446406BD4F7E6
S2140308100BFC2046BDE81040FFF7C1BF10B50446E9
S214030820002206214078FFF739FDA378022B01D07A
S214030830FF2B04D12046BDE81040D6F74DBC10BDB3
S2140308404FF60273994210B5044601D1FFF7A7FF8E
S214030850E378022B02D02046FFF7A1FF2046BDE82F
S2140308601040D6F739BC10B5D0F8A4407CB1037954
S2140308701BB14079D6F7F0FC48B9A3883BB93222BE
S2140308802046BDE8104001231146D4F71DBB10BD1A
S21403089010B50446FFF7E7FFA278237982B913B1B0
S2140308A02046D6F7FFFC2046D6F73CFD03236078A8
S2140308B0A4F86C305522BDE810401221FFF7EEBCB9
S2140308C0012B02D12046D6F7EDFCA379012B02D1EA
S2140308D02046D6F727FD0123E9E710B583780446BB
S2140308E0ABB9FFF7C0FFA3788BB9237913B12046C2
S2140308F0D6F7F8FC2046D6F759FD04236078A4F80B
S2140309006C305522BDE810401221FFF7C7BCB4F87F
S2140309106C30022B0DD02379032B02D12046D6F759
S214030920C1FCA379032B02D12046D6F7FBFC002398
S214030930E4E72046D6F77CFDF9E7827883685AB960
S214030940DB78002B14BF03230423A0F86C30552256
S21403095012214078FFF7A2BC1A7922B9DB78003B54
S21403096018BF0123F1E70223EFE77FB500239E6A52
S2140309700446B6F5804F0D460CD201A8D6F704FF01
S214030980039B5B0506D529462046336C04B0BDE8B9
S2140309907040184704B070BD00239B6AB3F5804FC0
S2140309A005D21B6BB3F5804F01D29B6818474FF4F3
S2140309B0817070471FB500239A6AB2F5804F04D33F
S2140309C040F2011005B05DF804FB126BB2F5804FE0
S2140309D0F6D2012201A8CDE902338DF80420D6F71A
S2140309E0D3FE039BDB03EBD5029B1A0EE8D0012A4A
S2140309F003D1C3F307430A2BE2D900239B6A1B6B7D
S214030A001B6C9847DEE708B50AF04AFAB0FA80F09E
S214030A10400908BD134610B542B103439B0707D1EF
S214030A200AF03AFAB0FA80F0400910BD0120FCE75C
S214030A300020FAE700230360704703680B60016039
S214030A40704710B538B132B129B100230139D45CEF
S214030A5014B90023037010BD8B42FAD200F8014B81
S214030A600133F4E7034638B10020814204D01A5C10
S214030A7002B970470130F8E770474FF0FF31FFF7D0
S214030A80F1BF70B50C461646054660B15AB151B172
S214030A90FFF7F3FF844206D9211A32462844BDE8FD
S214030AA07040FFF7CEBF70BDFEE7FEE700239A4215
S214030AB000D1704710B550F8234041F82340013366
S214030AC09A42F8D110BDD7F7BFBA4369426CD91C16
S214030AD0143AB1FBF2F103EBC1000330B0FBF2F0C2
S214030AE00230704738B505460C46FFF7EEFF6A6CD2
S214030AF0E31D143AB3FBF2F3013304EBC30402FB26
S214030B00004038BD38B5054644692146FFF7EAFF7D
S214030B106A6CE31D143AB3FBF2F3013304EBC3042C
S214030B20204438BDF7B507460E4600257C6CA81949
S214030B30644280EA06031C4003D02C46204603B0DA
S214030B40F0BDFB6B01225B6901A99847019B01334A
S214030B50F4D10435EAE770B505460C46D9F74AF8EA
S214030B60EB6B2046BDE87040DB68184770B5002580
S214030B70044686B00562E369AB4202D8206A06B033
S214030B8070BD666C2068E36B05225B6901A906FBF2
S214030B900500984701A800F023FC00F046FC10B1BE
S214030BA0236A013323620135E5E738B50446456C0D
S214030BB0006804F1400305FB0101E06B00F042FC12
S214030BC005462046FFF7D2FF284638BDF0B5054652
S214030BD0002687B0EC69013CB44203D80C46204695
S214030BE007B0F0BD01B14C1E6F6C2868EB6B052295
S214030BF05B6901A907FB0400984701A800F0F0FB16
S214030C0000F013FC0028EAD121460136E2E7F0B5EE
S214030C1004460D46466CE36B006887B005225B69A5
S214030C2001A906FB0500984701A800F0D9FB00F0D0
S214030C30FCFB20B101A800F0AAFB07B0F0BD2946D3
S214030C402046FFF7C3FF0646676C2068E36B052262
S214030C505B6901A907FB0600984701A800F097FB0C
S214030C60431CEAD0B54238BF0130E6E72DE9F0432E
S214030C704FF6FF79D0F8248004460E46C84514BFC5
S214030C8045460025002787B0E369BB4202D807B074
S214030C90BDE8F083E26B2368606CD2F814C000FBF7
S214030CA00530052201A9E04701A800F099FB0228B8
S214030CB006D0C8450CD1721C29462046FFF775FF9F
S214030CC0E3690135B5FBF3F2013703FB1255DBE7A6
S214030CD029462046FFF79BFFB0F1FF3F14BF0246AD
S214030CE032460132E8E70368F0B5CC1A436C064691
S214030CF0B4FBF3F4002587B0F36937685A1E9542B0
S214030D00706C08D3706C336800FB043007B0BDE822
S214030D10F04000F095BB0134B4FBF3F203FB12443E
S214030D20F36B05225B6901A900FB0470984701A8D1
S214030D3000F056FB00F079FB0028E3D10135DBE732
S214030D4010B423F0030422449B070A44436C18BFE1
S214030D5004325B4281EA0204234203D05DF8044B6B
S214030D60FFF7C1BF10465DF8044B70472DE9F0410D
S214030D70D0E90A369E42044686B028D11422C369B7
S214030D80456802FB1355284606B0BDE8F081206887
S214030D90676C331AB3FBF7F3E26B07FB0300D2F877
S214030DA0148001A90522C04701A800F019FB0128F9
S214030DB004D0636C1D44013B3340ED1A3146204694
S214030DC0FFF791FF0646A36AB342E0D1DBE70025AF
S214030DD0F9E708B508301346D1E90012D8F790FEB4
S214030DE0012008BD13B50C460021217600936168E7
S214030DF013462246D7F77EFA18B1E37D03B1A07EE9
S214030E00A075A07D02B010BD73B5164600F10805A7
S214030E100C46284609680DF1070200F098F9032EE0
S214030E2006D16368834203D12846216800F076F929
S214030E30012002B070BDD01E009B42424241187E84
S214030E40824211D11A688A420ED85A688A420BD354
S214030E505A6901325A61D3E9030282423FBF986856
S214030E6040F8221001321A610120704710B5032A98
S214030E70029C07D1A26A5340626C5242134201D1CC
S214030E8000F04CF9012010BD08B5C3680020984750
S214030E90BDE80840D8F7B6BE012814BF04200220D8
S214030EA070B5002442431C70CC7D101D02F0020274
S214030EB04CB91AB1012220F003001A7000F108039E
S214030EC04868184470BD1AB1012220F003001A7056
S214030ED000230C7E01F12005DAB2A24201D30020E2
S214030EE0F0E735F833205E1C824206D901EBC303D4
S214030EF000F10802D8691044E4E73346801AEBE7AA
S214030F0073B5054690F842601C4630460DF1030360
S214030F10FFF7C2FFEB6B012E5B690DD1324601A9C9
S214030F2098479DF8033013B1BDF806300193BDF81A
S214030F300430236002B070BD0122214602B0BDE832
S214030F4070401847F0B5054600244868EB6B87B039
S214030F500E4601225B69029402A908309847274689
S214030F6095F84230012B40F0AC80632C00F2AB8046
S214030F70612C08D805AB224631462846FFF7C0FF4A
S214030F809DF814305BB305AB2246314628468DF8F0
S214030F901070FFF7B5FF95F84230012B059B7FD104
S214030FA04FF6FF72934256D0082205A904A800F014
S214030FB063FA059B9DF81010C3F3072291424AD1AA
S214030FC0DBB2029A1A44029245E0DCD005AB224615
S214030FD031462846FFF794FFBDF81430D2E795F85C
S214030FE04230012B39D1612C2ED822463146284671
S214030FF003ABFFF785FF3146284604AB621CFFF7B9
S2140310007FFF3146284605ABA21CFFF779FF102267
S21403101008230DEB02010DF107008DF8073000F0F1
S2140310202BFA102205A90DF1070000F025FA039B01
S214031030DAB24AB99DF80720B2EB132F04D1DDE9E3
S214031040043203EB0243029395F84230012B14BF9C
S214031050012302231C44013482E7302CF4D82246B1
S2140310603146284603ABFFF74BFF3146284604AB11
S214031070621CFFF745FF102320220DEB03010DF141
S21403108007008DF8073000F0F7F9039B9AB2002AA1
S214031090DAD19DF80720B2EB134FD5D1049BD2E7E4
S2140310A00133D8D0102205A90DEB020000F0E4F9B5
S2140310B0059B9DF81010C3F307429142CBD19BB218
S2140310C07FE7312C81D9029807B0F0BD13B5002411
S2140310D00194049C0094D7F7E9FD02B010BD13B544
S2140310E001240194049C0094D7F7E0FD02B010BDE0
S2140310F000234FF0FF3230B544689C4202D10023F0
S214031100037230BD016801EBC30541F833206A6002
S2140311100133F2E7C0E90012FFF7EABF0023F0B598
S21403112045689D4210D00468DF0054F8332004EB72
S214031130C306B2F1FF3F08D0C2F31302914204D1B3
S2140311404FF0FF33E3517360F0BD0133E9E700234B
S214031150F0B545689D4202D14FF0FF300EE00468BB
S214031160DE0054F83340671C09D0C4F31307B942B2
S21403117005D1240D1470036833445868F0BD013359
S214031180E8E7704770B59400224605460E4609F018
S21403119083FE431C0AD058B9224631462846EAF74E
S2140311A073FE002814BF3D20002070BD6E20FCE7B0
S2140311B07120FAE713B5044601A8D9F7A1FD9DF8F7
S2140311C0063023804FF480736380D9F7A7FD6060F1
S2140311D0002002B010BDD9F717BD08B5D9F708FD32
S2140311E0002008BD10B5044644EA010313F00303C8
S2140311F0084609D1934201D1002010BD54F82310AC
S21403120040F823100133F5E721469200EAF780FC05
S214031210F2E710B5044609F043FE431C10D088B924
S214031220D9F77CFD234620F003002044984201D1E1
S214031230002010BD53F8042B0132F7D03E20F8E708
S2140312406E20F6E77120F4E7704713B500230446D3
S21403125001461B220DF107008DF8073000F00CF94C
S21403126022689DF80730B3EBD26F0CBF0120002035
S21403127002B010BD13B500230446014620220DF12B
S21403128007008DF8073000F0F7F80DF107001A2273
S214031290211D00F0F1F862689DF80730B3EB926FFA
S2140312A00CBF0120002002B010BD0068431C58424A
S2140312B058417047006810F07E0F0CBFC0F3C16042
S2140312C0002070470068C0F3D3107047006800F032
S2140312D07F0001288CBF002001207047036813F0AD
S2140312E07E0F14BF042008207047036813F07E0F98
S2140312F003D1406820F07C40704713F078001CBF91
S21403130003F07F03D81F7047006800F07F00704724
S214031310032809D0022803D1C1F10201C8B27047DD
S21403132000290CBF07200020704737B5054601F19A
S2140313300C0443696946012220469847BDF80030ED
S214031340012201932046AB6901A9984703B030BD3B
S21403135037B501F10C044369012269460546204668
S21403136098474FF6FF72009B99B291420DD16FF3E7
S2140313700F0343F4254343F0A503019301222046BC
S214031380AB6901A9984703B030BD0020FBE737B52A
S214031390044600251B22011D0DF107008DF807509A
S2140313A000F06AF860689DF80720B2EBD06F03D1AF
S2140313B020F0784003B030BD0DF107001B2204F186
S2140313C008018DF8075000F057F8A0689DF807301D
S2140313D0B3EBD06F01D1C043EAE74FF0FF30E9E744
S2140313E04BF29A22036810B5B2EB134F044613D19F
S2140313F09BB2012B13D1FFF7CAFF01300CD04FF677
S214031400FF72E068B2EB104F4FEA104309D180B287
S214031410C01A18BF012010BD2368013303D004206F
S214031420F9E70220F7E70320F5E701288CBF002041
S21403143001207047033801288CBF00200120704725
S214031440143070472DE9F04105469846036908466F
S2140314500E4617469847044638B943463A46314639
S2140314602846D8F73FFC044618B131462846FFF70E
S2140314705CFF2046BDE8F0811F2A0B689EBF4FF035
S214031480FF3191408B43590801F055315B1A03F045
S21403149033319B0803F033330B44017803EB131308
S2140314A00A444FF0013103F00F334B43A2EB1362B0
S2140314B00270704708B507F05BFBBDE808400021E3
S2140314C0D8F71ABD02210320D8F714BF7047704718
S2140314D07047704770B5054614460E4609F0D1F9B5
S2140314E02B685C4034405C402C60BDE8704009F0DB
S2140314F0C3B910B5002422B1032A0CD003600471CB
S21403150010BD11F4000218BF4FF07F4221F07F4355
S21403151013430C0EF2E721F0FF03CCB2EEE730B52F
S214031520012400F5805345685C60CB784A785B04F9
S21403153043EA02230A7813438A78120402F48032B9
S2140315401343C0F89830EB075CBF00F500504460C7
S21403155030BD70B501260C46054600F500535E60A7
S2140315600B78497803F0070343EAC103E17843EABB
S2140315700123A178090101F030010B430367C36A15
S214031580A17923F48B3323F4807343EA014321794F
S214031590090201F4E0610B436179090301F4805108
S2140315A00B43C3621146FFF7BAFF05F580535E602F
S2140315B0E37903B1EE6070BD08B50A6FC96F02F038
S2140315C00702FFF796FF08BD13B5044601A8D9F72F
S2140315D097FB042C04D8DFE804F006160310130068
S2140315E0002002B010BD40F29C4040F2BA439DF882
S2140315F00520012A08BF1846F3E740F6B830F0E79F
S2140316004FF41660EDE740F2E240EAE74FF050236E
S2140316104FF400321A6770474FF0B0435A6812B15E
S2140316209A6A002AFAD1704770B5054614460E46E4
S21403163009F027F92B685C4034405C402C60BDE819
S214031640704009F019B90122417803788A403021A5
S2140316504B4342F2100103F1A04303F570335A5093
S214031660704721FA00F2D20730B5034600F0FC04B7
S2140316700FD500220132D2B2042A02D14FF0FF3036
S21403168008E0831803F00303234421FA03F5ED0768
S214031690F0D4184630BD0020704700207047002065
S2140316A070470020704701207047012070470F20C5
S2140316B07047EBF703B9002307B5CDE900330123E1
S2140316C069464FF0FF308DF8023004F058FB03B044
S2140316D05DF804FB0020704710B508B9212010BD43
S2140316E00029FBD0036813F0704205D1C3F30E0341
S2140316F00B607BB10020F2E703F05044B4F1004FD7
S21403170005D0B2F1304F02D0B2F1404FE6D103F02C
S2140317107F03EDE74368002BE0D00B60EAE737B5BD
S2140317200C46054610B9212003B030BD0029FAD077
S214031730002301A90193FFF7CFFF0028F4D12968FE
S214031740019A11F0704102F1030222F0030201D163
S2140317502260E9E7AD68B1F1004FC5F38033C5F306
S214031760403504D103EB450353432360DCE7B1F173
S214031770204F01D12B44F7E7B1F1304FFAD0B1F146
S214031780404FF7D0CFE737B50C460546002800F0A4
S2140317908780002900F0848000230B60036803F031
S2140317A070430B60C26822B1032A79D143F0806389
S2140317B00B60AB689A0149D403F08073EA680AB9F0
S2140317C0002B6DD1226822F0407213432360EA682F
S2140317D0032A05D12A69F62A62D962F317432360DE
S2140317E0AB681B0442BF236843F400432360EB68E3
S2140317F0032B1FBF23682A6862F30E0323602B683C
S214031800AA68002B2ADB12F4C84F49D12B6803F0D1
S214031810704303F10043B3F1804F05D2530542BF33
S214031820236843F4806323600023284601A90193B9
S214031830FFF752FF40B92B6813F070421FD123689D
S214031840019A62F30E03236003B030BD03F04073C6
S214031850B3F1407F18BF4FF00073AFE7500402F4B4
S214031860005105D4E1B1236843F400532360CDE768
S214031870236843F4804323600029C7D0F3E703F0CB
S2140318805043B3F1004F05D0B2F1304F02D0B2F15E
S214031890404F05D1019B5A1E236862F30603D2E725
S2140318A02120D1E738B131B101234B604FF000530B
S2140318B000208B6070472120704737B50C460546DD
S2140318C008B9212016E00029FBD001234B60C3682A
S2140318D0A3B901A90193FFF722FF58B9019B6A69CF
S2140318E09A4209D32A69002AEBD0226043F00053B8
S2140318F00020A36003B030BD1D20FBE7032BE0D11F
S2140319000023F5E7436813B9416070475B685A687C
S214031910012AFBD159607047FFF7DCBE08B5FFF715
S214031920D9FE002814BF6FF09200002008BD1346AE
S214031930428870B50732072A0C464FEAD20101D017
S214031940A14222D146680588202218460021E9F7DD
S2140319504FFF360A0346DEB9BCB141F20102954297
S21403196005D0B5F5885F02D0B5F5905F02D10020AB
S2140319705C6070BDB5F5105F0DD1182C03D0202C1C
S21403198001D0102C01D11C60F1E76FF08600F0E760
S2140319906FF08B00EDE76FF08500EAE7F0B51C46C5
S2140319A0436806461B0A0F46154689B035D12246BC
S2140319B02946FFF7BCFF68B9EB1C23F00303C4E911
S2140319C00307636145B9202200212046E9F710FF8B
S2140319D06FF0860009B0F0BD014620226846E9F79D
S2140319E007FF6A4629463046FFF7A1FF0028EAD1DB
S2140319F02368009A9A42E6D16368019A9A42E2D132
S214031A00A368029A9A42DED1A369069A9A42DAD169
S214031A10E369079A9A42DDD0D5E76FF08B00D9E7E2
S214031A20D9F7B6BCD9F7D0BD704700207047002061
S214031A307047C3681944836853F8210030F8023BA3
S214031A4013607047012310B580F888300378044686
S214031A5053B100F061FA21462046D9F7A7FE204687
S214031A60BDE8104000F04DBA10BD38B50D4604462B
S214031A70D9F784FE6B682046C4F8B032A96800F034
S214031A8096F94FF0FF332046C4F8B432FFF7CDFF84
S214031A9038BDD0F8B43210B50133044601D0002067
S214031AA010BD00F0BCFAC4F8B4020130F7D194F8C4
S214031AB0B80280F00100F3E708B5D9F79BFE08BD2E
S214031AC00A7801382D2A0ABF012200228918D9F77D
S214031AD0EDBE07281BD8DFE800F0060A0D10131525
S214031AE004170120704700220820D9F7DFBE002222
S214031AF01020FAE700222020F7E70820FFF7E0BFD0
S214031B001020FBE72020F9E70846D9F731BF00206D
S214031B1070472DE9F74307280C46DDE90A76904619
S214031B201D4608D8013806280AD8DFE800F01D2726
S214031B30303A44574A00212850D003B0BDE8F0831A
S214031B40002220461146E9F71FFE3368C0B205EBB4
S214031B5083013A6845F82300013348F822103360BE
S214031B603B6801333B60E8E7002220461146E9F76D
S214031B700BFE336880B205EB8301EAE700222046BA
S214031B801146E9F701FE336805EB8301E1E700221E
S214031B9020461146E9F7A6FF336840B205EB8301FA
S214031BA0D7E7002220461146E9F79CFF336800B2C8
S214031BB005EB8301CDE7002220461146E9F792FFA5
S214031BC0E1E7002389461E461D468DF8063019F8C0
S214031BD0013F7D2B06D125702D0A65703B6848F8BA
S214031BE02340BDE7202BF2D006F00102013612B9DE
S214031BF08DF80430EBE71022002101A88DF805309C
S214031C00E9F770FF631901359870ADB2DFE72DE988
S214031C10F04F9B46002385B08B4581468846924607
S214031C20CDE902336BDC1A461E4619F80340212C15
S214031C3009D81F2C04D8103C072C98BF012200E0BB
S214031C4001260133F1E7FF2CFBD15B4436B1013BA0
S214031C5043450ADD2B2005B0BDE8F08F62B1013B9A
S214031C604345F7DC3546374602E000252F462E4629
S214031C70454504DB0020EEE79845F3D0EAE75D45EB
S214031C803BDB19F80730202B18D109EB07035B78E9
S214031C90FF2BDFD1CEB920465AF82510FFF719FFE0
S214031CA078B303AB019302AB00932046DDE90E2322
S214031CB05AF82510FFF72DFF0135D9E7212B0ED152
S214031CC009EB07035B78FF2BC4D1029B5AF8252048
S214031CD00E99012641F8232001330293ECE7A3F182
S214031CE01004072C02D91C460137D3E709EB070378
S214031CF05B78FF2BAED1E4B2CCE70624CAE72120FB
S214031D00A9E72620A7E72DE9F04F07460E46154616
S214031D109846044685B0DDF84490DDE90FAB2068AD
S214031D2008B3DAF80020D8F800108A421BDA0E9BB4
S214031D3053F82210D6F7BCF848BBDAF80020013275
S214031D40CAF800206268117BFE291BD10E9B10681F
S214031D50012100932A464346CDE902B9CDF804A0F3
S214031D60FFF7D1FF04462B7843B999F800302BB917
S214031D707EB101233C4689F800302B70204605B01F
S214031D80BDE8F08F01238BF800302B70EBE70C34A3
S214031D90C5E73446F2E710B50446236803B910BD19
S214031DA0237A13B92046D9F719FE0C34F5E710B594
S214031DB041B10A7932B901249C300C71FEF73DFE1D
S214031DC0204610BD0020FCE72DE9F041BAB00546D9
S214031DD00AAA084603A900F05FF90446B0B90DF154
S214031DE00A0301930DF10B038DF80A0000930AAA68
S214031DF0284604AB03A9D9F7A1FF9DF80A20B2B180
S214031E009DF80B2048B12AB1D9F7E8FD20463AB031
S214031E10BDE8F081FFF7BFFFF8E7D5F89C50002D2B
S214031E20F4D0A86808B1FFF7B6FF2D68F7E700B34C
S214031E3046681AAB06F10C082AAF01934046049B8A
S214031E40039900970AAAFFF7E2FE04460028DDD1AD
S214031E50039B05A8CDE90637049B0595CDE908380D
S214031E60DBF734FA05A83368984705A800F03FFD6A
S214031E70CCE72D24CAE710B50446AC30E9F7B4FB2B
S214031E8004F1AB031A180020934200D110BD13F8D7
S214031E90011F0029FAD00A2908BF0130F4E70023FE
S214031EA0F0B50B6013600646D0F8AC0278B196F82E
S214031EB0AC0060B1012406F1AC07D6F8AC0284424C
S214031EC010D306F1AC00B3F5007F10D30120F0BDAC
S214031ED00D6801350D60156801351560F85C013332
S214031EE00A2802D0B3F5007FF2D30134E5E7C15CDC
S214031EF00A29EBD00029E9D01168013301311160BA
S214031F00E1E710B50021D0F88C200446E9F770FC11
S214031F100023C4E9243310BD73B5044600F1AC05B1
S214031F2080212046FEF79EFD4FF4007106462846A4
S214031F30FEF798FD0136C0F50070864220461FD88E
S214031F40E9F752FB06462846E9F74EFB01362946D3
S214031F50421CA819E9F79EFC2046E9F745FB2146F3
S214031F6002462846E9F7D4FD2046E9F73DFB0A2357
S214031F70204480F8AC300023C4F8AC3202B070BD05
S214031F80FFF779FF01AAC4F8AC0269462046FFF7BB
S214031F9086FF0022009B234483F8AC20C0E773B57A
S214031FA00D460446FFF767FF6B1C19D1D4F8AC3215
S214031FB013B1013BC4F8AC3200252046E9F714FB05
S214031FC0A84215D82046FFF79CFFD4F8AC322BB1B5
S214031FD06946204601AAFFF762FFA0B902B070BDAA
S214031FE0012DFBD1D4F8AC328342F7D20133E1E7BB
S214031FF0082000F023F8202000F020F8082000F046
S2140320001DF80135D9E7009D04F1AC06019BAB42F0
S214032010E4D9715D2046D9F7BFFF0135F6E707B56A
S21403202000200DF1070100F0E7F820B99DF807003E
S21403203003B05DF804FB4FF0FF30F9E710B5C1B20B
S2140320400446002000F0C8F800280CBF20464FF0D6
S214032050FF3010BD0FB407B504AA52F8041B0020C6
S2140320600192DAF735F9002003B05DF804EB04B00B
S214032070704710B54C1C0B460119045D222C03D087
S2140320807B2C01D05C2C05D1D21A1844E9F702FC4C
S214032090012010BD0020FCE72DE9F04705469146D8
S2140320A08846E9F7A1FA2A46064613461978013206
S2140320B02029FAD0C9F800305C1B01236FF0404A90
S2140320C0C8F80030A64201D8002014E02F5D291975
S2140320D07B2F12D0222F2ED1D8F80030621C534407
S2140320E02A4449F82320012C09D911F8013C13F09E
S2140320F0DF0F04D02120BDE8F0877D27F3E7013406
S2140321002B5DBB4209D12B195B7813F0DF03F1D1AA
S214032110222F00D12B550134D4E75C2B07D132464E
S21403212021462846FFF7A5FF0028E3D0013E0134E9
S214032130A642E5D8DEE75C2F08D13246214628467C
S214032140FFF797FF0028D5D0013EE4E7202FE2D122
S2140321500022631CB3420A70DDD2EA18EB5C202B24
S214032160D9D0D8F800300F2B05DC49F823200133EB
S214032170C8F80030CFE71E20BDE700F000B8002007
S2140321807047D5F783BE70B50C46154610B9DAF717
S21403219093F838B143682BB12A462146BDE8704010
S2140321A000681847232070BDF7B50D4616461C4633
S2140321B038B9DAF781F804B901AC20B9232003B0A3
S2140321C0F0BD03B901ACC768002FF7D023463246EB
S2140321D029460068B847F2E707B501228DF80710CD
S2140321E00DF10701FFF7CFFF03B05DF804FB0B46C5
S2140321F001461846FFF7F0BF00230122FFF7D4BFBE
S21403220008B508F039FCFA23B0FBF3F080B208BD3A
S2140322100420704740F20160DAF744B970470120A2
S21403222070470020704749BA89B280EA0103C3F3B6
S21403223003125340180380B258405B0103F4FF5364
S2140322405840704708B5DAF7F9FC58B1A0F15903BE
S214032250042B06D8042B04D8DFE803F00404040395
S21403226004005C2008BDDAF741BE7047F8B50C469B
S2140322708D18073552421540A5F10807064638461D
S21403228000F0DFF9A188381B628801EBE00189B210
S214032290A2EBE00225F8041C25F8062CA288C3103E
S2140322A0AAB1A4EBC202B2F802C0D18003EB0C01C0
S2140322B05180E28892B1D31A9BB204EBC20425F88C
S2140322C0023CA380B3680344B3603846F8BD15F8F0
S2140322D0082C42F0020205F8082CEAE725F8022C3F
S2140322E0F0E72DE9F04F4FF0000887B09946531CEE
S2140322F0109B0546174614BF14460824CDF81480D1
S214032300002B00F0C580C3F80080002900F0C280CF
S21403231042688A4240F2BE80073121F0070608F081
S214032320BDFA05AACDE9008282463A464B463146B7
S214032330284600F08AF9059F834607B130B9504610
S21403234008F0A7FA192007B0BDE8F08FB7F80280A7
S21403235029694FEAC802C0EBC8080139B8F1270F4C
S21403236029617AD9B9F1000F51D1864206F10808DE
S21403237048D0224639462846FFF778FF044605909C
S214032380059B9844404600F05CF9059906F10F005A
S2140323904A88C308A2EBD002A8F80220CA88A8F885
S2140323A00430002A30D0D31A9BB201EBC202A8F83D
S2140323B0063093808B88F608A380B8F804303A4634
S2140323C0E380414600232846668000F0A6F9AB6802
S2140323D00833AB60237843F0010323702B69013382
S2140323E02B616288AB68504603EBC203EA68AB60B6
S2140323F0934288BFEB6008F04CFA109B0834002029
S2140324001C60A0E73C46BBE7A8F80620D2E707EB2C
S21403241008042046039200F014F90BF10703DB08C7
S2140324200599638008F10703DB08A380CB8893B183
S214032430DB00039AD81D821A5A44C2F3CF020B4418
S214032440E2809A80A38808F1FF384FEAD808A1F8FB
S2140324500280CB80BBE7E380F4E7B9F1010F1BD121
S21403246007F10803B3FBF4F204FB1233B3B12246BD
S21403247039462846FFF7FAFE044623783A4643F0E1
S2140324800103237021460123284600F046F9A8E7F6
S214032490222058E7212056E78642E8D13C46ECE75F
S2140324A007B500224FF0FF3101AB0192DAF77EF950
S2140324B0019803B05DF804FB2DE9F74F04460D467B
S2140324C0002900F0AB80D0E9056808F0E7F915F8B5
S2140324D0087C35F8061CFB07009000D531B9009838
S2140324E008F0D7F9012003B0BDE8F08FA368D4F84D
S2140324F0109035F804ECA3EBC10B09F10103A5F129
S214032500080C4A1CC4F808B02361BEF1000F7BD048
S214032510ACEBCE03D888B3F802A00190187807F086
S2140325200207C00765D4002F64D10198A0EB0A0701
S214032530012F69D18A1CABF108075244C4F81090E6
S214032540A76035F802ECBEF1000F61D0D4E9007045
S2140325500CEBCE0A07EB0009CA4559D21CF83EC05D
S21403256057461CF0010C15D1AEEB0101012911D120
S214032570BAF80210AAF802C001310A44BAF80610E3
S214032580002943D00AEBC107216901392161A168FB
S2140325900839A16015F8081C013A21F0010105F875
S2140325A0081C002125F8061C5A801A7861F30002DD
S2140325B01A707FB3C3F107023A44C2F3CF02DA803C
S2140325C0BA804EB3B34227D37288002A08BF1E468A
S2140325D0B8F1000F06D0434504D8B8F80220002A05
S2140325E018BF43460098C4E9056308F052F9002073
S2140325F079E74FB115F8087C724427F0020705F80F
S214032600087C00279F809CE763469AE70F46BBE754
S2140326100027BFE7DF80D4E71E46D9E7222062E71C
S21403262010B50446DAF7DAF82146BDE81040FFF79E
S21403263043BFFFF7F5BF0846FFF732BF0846FFF76D
S214032640F8BF0023036043607047F0B5D0E9055434
S214032650561C08BF0822002B4FF0000008BF2C466C
S214032660DDF818C0CCF80000002C37D09DF81470A5
S2140326706588FF0007EBC505C2F1000E2078C0078A
S21403268008D51BBBE088A0B104EBC004658807EB44
S214032690C505F3E78D42F4D363B904F10806B6FB28
S2140326A0F2F002FB106670180EB1A842EAD8CCF816
S2140326B00040F0BD082A0FD06088013004EBC0004C
S2140326C0461A06EA0E06801B8542F0D2A08800282A
S2140326D0EFD0A4EBC004D9E70846E8E72046E8E7CE
S2140326E003460069C0B10AB951B91A68104603789F
S2140326F0DB0711D531B9C3885BB100EBC300F6E73E
S2140327009A69F3E7012904D1838823B1A0EBC300B8
S214032710EDE700207047184670472DE9F041D0E9F1
S2140327200554074688461646ABB1954200D00ABB09
S214032730424600213846FFF7D3FFB442054600D091
S2140327402EB9424601213846FFF7CAFF0446C7E9B9
S2140327500554BDE8F081954208D08D4228BF0D464A
S214032760B44205D0444538BF4446F0E70D46F7E784
S2140327704446ECE79442EAD1E3E770B500261C46EC
S214032780C3E90001C3E90266C3E905001E611A77BF
S2140327905E62FFF756FF23690139C908013341809A
S2140327A02361A36830460833A360E3680833E36015
S2140327B070BD002307B5684600938DF80430D7F73D
S2140327C089FF03B05DF804FB10B508F05AF8044619
S2140327D006F060FA2046BDE8104008F04DB8704792
S2140327E04FF4C870DAF75AB8DAF70CB900F01CB829
S2140327F07047704708B503F001F903F009F903F0D1
S21403280010F903F01FF9BDE8084003F02EB970472E
S21403281008B503F0EEF803F0EDF803F0ECF803F078
S214032820ECF8FFF7F4FF08BD08B503F01FF903F053
S2140328301EF903F01EF9BDE8084003F021B97047FE
S214032840012070472DE9F34112F00105044688463E
S21403285022D110F0030525D12F465208BA4209D1DA
S214032860D8F7C6F90026B74204EB860008D1D8F796
S214032870CBF911E054F8273001330CD10137EDE7DB
S214032880042258F826300DEB0201019308F004FBEE
S21403289030B1D8F7B9F93D25284602B0BDE8F08136
S2140328A00136E0E70125F7E77047B0F1006F0FD375
S2140328B000F07843B3F1006F0CD000F06040B0F145
S2140328C0404F09D0B0F1604F14BF04200320704777
S2140328D00020704701207047022070470020704791
S2140328E01AB111B180B2DAF701BB2120704701F0AB
S2140328F056BEE3F72BBCFFF78DBCD0E9023253F884
S214032900223000211878E3F773B8704702F08CB9C9
S21403291001F0DABDC3688268013BDBB252F82330AC
S2140329205B78652B02D10020E5F7B2BB6E2B01D195
S2140329300120F9E7662B01D10220F5E7704710B5B1
S214032940D0E90232044653F82230187802F046FAE9
S214032950E368A268013352F82330BDE810401878C4
S21403296002F03ABA10B50446C0B2DBF78DFC200A73
S214032970BDE81040DBF788BCD0E9023253F82230BA
S2140329801878DBF789BD02F0E1B9E4F77FB808B53C
S21403299001F0B8FEBDE80840E5F768BAD0E90232B0
S2140329A053F82230186801F0ABBE0020E5F764BB8D
S2140329B00120E5F761BB0221DBF704BD0321DBF74A
S2140329C001BD0521DBF7FEBC08B501460C20DBF78D
S2140329D0D5FCBDE80840DBF763BC08B5014600201C
S2140329E0DBF7CCFCBDE80840DBF75ABC07B5C2688A
S2140329F08368043253F8223001211B880DF1060246
S214032A00ADF806300023DCF761FA03B05DF804FB8B
S214032A1008B508F045F8BDE80840F1F7E5BC10B581
S214032A201446DCF76FFD2146BDE8104007F0D6BD1F
S214032A3008B5DCF767FDBDE80840002107F0CEBD0A
S214032A4008B5DCF75FFDBDE80840F1F703B908B544
S214032A50DCF758FDBDE8084008F085B908B5DCF793
S214032A6051FDBDE80840F1F7E1B87047704708B577
S214032A7008F016F8FFF7FAFF03F065F8BDE808401C
S214032A80DCF78CBD7047012070470120704708B5FE
S214032A90DCF720FE00280CBF0420012008BD704789
S214032AA02DE9F34104460D4616461F46DDF8208001
S214032AB008F08EF83B46324629462046CDF800807D
S214032AC003F043F83B46324629462046CDF80080BD
S214032AD0FFF7E5FF02B0BDE8F04101F060BD2DE968
S214032AE0FF4704460D4616461F46BDF830809DF840
S214032AF03490DDF838A008F06BF83B46324629469A
S214032B002046CDE9019ACDF8008000F0FDFF04B021
S214032B10BDE8F04701F043BD704708B508F058F824
S214032B2003F016F8FFF7F8FFBDE8084001F037BDDD
S214032B30012070472DE9F74304460D4616461F4607
S214032B409DF8289008F044F83B463246294620462E
S214032B50CDF80090FFF7ECFF80463B463246294609
S214032B602046CDF8009002F0F4FF01F018FD404631
S214032B7003B0BDE8F083012070472DE9F743044610
S214032B800D4616461F469DF8289008F021F83B464A
S214032B90324629462046CDF80090FFF7ECFF8046E4
S214032BA03B46324629462046CDF8009002F0D2FF37
S214032BB001F0F5FC404603B0BDE8F083F8B50446E3
S214032BC00D4616461F4608F003F83B46324629468E
S214032BD0204602F0C0FFBDE8F84001F0E0BC00204C
S214032BE07047F8B504460D46164607F0F1FF324621
S214032BF029462046FFF7F3FF074632462946204676
S214032C0002F0AAFF01F0CBFC3846F8BD38B50446FF
S214032C100D4607F0DDFF2946204602F09EFFBDE87D
S214032C20384001F0BCBC10B5044607F0D1FF20467F
S214032C3002F094FF2046FDF765FBBDE8104001F067
S214032C40AEBC704738B504460D4607F0C1FF2946AB
S214032C50204602F095FF29462046FFF7F2FFBDE81F
S214032C60384001F09CBC704770B504460D461646C6
S214032C7007F0AEFF32462946204602F083FF32466F
S214032C8029462046FFF7EFFFBDE8704001F087BCFA
S214032C90704738B504460D4607F09AFF2946204686
S214032CA002F072FF29462046FFF7F2FFBDE83840E0
S214032CB001F075BC704738B5054607F089FF28460E
S214032CC000F0EFFE04460146284601F0ABFF01F094
S214032CD066FC204638BD38B504460D4602F056FF5E
S214032CE029462046FFF7E6FF38BD704738B5054648
S214032CF007F06EFF2846E3F7D5F904460146284653
S214032D0001F08EFF01F04BFC204638BD38B5044673
S214032D100D4602F03CFF29462046FFF7E6FF38BD86
S214032D20704710B5044607F053FF204602F030FF05
S214032D302046FFF7F5FFBDE8104001F030BC7047B2
S214032D4038B504460D4607F043FF2946204602F0F1
S214032D5021FF29462046FFF7F2FFBDE8384001F081
S214032D601EBC704770B504460D46164607F030FF86
S214032D7032462946204602F00EFF324629462046B2
S214032D80FFF7EFFFBDE8704001F009BC704738B5A8
S214032D9004460D4607F01CFF2946204602F0FCFEBB
S214032DA029462046FFF7F2FFBDE8384001F0F7BB9F
S214032DB0704738B504460D4607F00AFF29462046F5
S214032DC002F0EBFE29462046FFF7F2FFBDE8384047
S214032DD001F0E5BB704710B5044607F0F9FE204640
S214032DE002F0DCFE2046FFF7F5FFBDE8104001F0D9
S214032DF0D6BB704710B5044607F0EAFE204602F03D
S214032E00CEFE2046FFF7F5FFBDE8104001F0C7BB36
S214032E107047704770B504460D46164607F0D8FE51
S214032E2032462946204602F0BDFE32462946204653
S214032E30FFF7EFFFBDE8704001F0B1BB704710B578
S214032E40044607F0C5FE204602F0ADFE2046FFF717
S214032E50F5FFBDE8104001F0A2BB704738B5044645
S214032E600D4607F0B5FE2946204602F09DFE29468C
S214032E702046FFF7F2FFBDE8384001F090BB7047ED
S214032E8070B504460D46164607F0A2FE324629469E
S214032E90204602F08BFE324629462046FFF7EFFF18
S214032EA0BDE8704001F07BBB70472DE9F341044653
S214032EB00D4616461F46DDF8208007F089FE3B4682
S214032EC0324629462046CDF8008002F070FE3B4687
S214032ED0324629462046CDF80080FFF7E5FF02B0CC
S214032EE0BDE8F04101F05BBB0E2070470E20704733
S214032EF038B5044607F06CFE2046FFF7F7FF054695
S214032F00204602F055FE2046FFF7EEFF01F047FB92
S214032F10284638BD002070470020704738B5044661
S214032F2007F056FE2046FFF7F7FF0546204602F059
S214032F3040FE2046FFF7EEFF01F031FB284638BD82
S214032F40704708B507F044FE02F034FEFFF7F8FFBB
S214032F50BDE8084001F023BB002070477047704768
S214032F6008B5DCF789FC00280CBF0420012008BD47
S214032F7070470B68DA7B1AB9DB7C0BB9DCF7A0BCAD
S214032F808120704708B5DCF7B3FCBDE80840DCF7E2
S214032F90BDBC7047DCF7ACBCDCF7B8BC082808D867
S214032FA04FF48B73C34013F0010F0CBF2120002096
S214032FB07047212070470121DCF79ABD0221DCF718
S214032FC097BD0421DCF794BD0821DCF791BD1021E1
S214032FD0DCF78EBD08B500F026F808B1002008BD62
S214032FE0DCF7D6FD0028F9D1DCF7E4FD0120F6E78F
S214032FF0152808B503D1BDE80840DCF7CFBD01F0BE
S21403300089FE60B9E2F7A2FB032806D100F009F8AF
S21403301028B9BDE80840FFF7DDBF0028EBD008BDA0
S2140330207047002070470020704708B5DCF7A8FFFC
S214033030FA23B0FBF3F008BD0321DCF7D1BF012070
S2140330407047D0E9023253F822301878DDF7D0B94A
S2140330500868C37B1BB9C37C0BB9DDF7F9B98120BC
S2140330607047D0E9023253F822301878DDF732BAC7
S214033070704730B50546044615F8100B85B0029523
S21403308065691D44CDE900250B46A21D618801F044
S21403309023FE05B030BD704710B492F80A4192F88B
S2140330A0053103EB04230B8100235DF8044B1A461A
S2140330B001F010BE1FB50446084671B12178FF29FA
S2140330C00BD0238B029363690193237C009362885E
S2140330D0A31DE3F703F8FF23237004B010BD0868AD
S2140330E0C37B73B9C37C032B0BD8DFE803F002085A
S2140330F00406DDF7EFBCDDF71FBDDDF74FBDDDF7DB
S214033100FDBC8120704770477047002070471378D6
S21403311010B5032B0CD15479CBB29C4208D19379CA
S214033120B3EB112F04D153781B1A5842584110BDE4
S2140331300020FCE77FB505460E4600246946E0B24C
S21403314001F076FD28B96A4631462846FFF7DFFFC9
S21403315018B90134202CF1D1002004B070BDFFF75C
S214033160E9BF0868C37B9BB9C37C052B10D8DFE88F
S21403317003F0030D070B0905DDF7B4BDDDF7F0BF5C
S214033180DDF74ABEDDF79CBFDDF71ABFDDF7ECBD02
S214033190812070470020704730B5102587B001AAFC
S2140331A000210195FEF745FC04462A46002102A8A5
S2140331B0E8F71EFB2A46214602A8E8F76BFB012127
S2140331C002A8DEF7ABF907B030BDDEF739B97047B2
S2140331D0FFF7FDBF0B68DA7B5AB9DB7C012B04D003
S2140331E0022B04D02BB9DEF7BDBDDEF7C7BDDEF775
S2140331F0D1BD81207047002307B5012101A80193A3
S214033200D4F79CFC08B9D4F7D5FA012003B05DF8CF
S21403321004FB08B502F030FA052803D0003818BFBF
S214033220012008BD0220FCE77047D0E9023253F8BC
S21403323022301878003818BF0120E0F72BB9E0F7E2
S2140332402FB900207047002070477047FF20704753
S214033250FF2070470020704700207047002070470B
S214033260704706207047DFF7D3BB0868E0F7ACB8B3
S21403327070B50D46044600212846164601F074F93B
S214033280324620800221284601F06EF932466080DD
S2140332900421284601F065F90023A360E36060601B
S2140332A0082070BD034641B181424FF0640005D942
S2140332B04343B3FBF1F0C0B2704708467047E0F7EC
S2140332C0FDB8E0F7F3BEE0F7FBBFB0F5807F05D0AF
S2140332D0A0F50073584258414001704708207047D4
S2140332E030B599B00D4669461446E0F74DFF30B940
S2140332F015B1BDF802302B600CB10D9B236019B0DD
S21403330030BD2DE9F04788B00E46904604A905AABD
S21403331007461D46FFF7E4FF044638BB28800DF139
S2140333200C09DDE904A39A4520D206225146384605
S214033330CDF8009006ABE0F743FFD8B9039B062B06
S21403334018D12A88DDF81A3042450ED2BDF8181077
S21403335026F832102A8806EBC20253602A885344A2
S214033360013206332A800493DBE7F7D9204608B0F8
S214033370BDE8F0870124F9E72DE9F0438FB00F4647
S214033380904601A9002204469946FFF7A9FF18B103
S21403339001200FB0BDE8F083062220460DF102039C
S2140333A002A9FFF7AEFF0028F2D105460246BDF894
S2140333B00210019CEEB28E42EAD20EAB03EBC606B7
S2140333C056F82C3C36F8306C0634BE4217BFE41869
S2140333D0012213460022013522B1C8F80040C9F87D
S2140333E00030D6E71A46E5E770B50024012602F05A
S2140333F01DF9E5B2C26806FA05F59542234604F1BF
S2140334000104F4D3D8B270BD70B586B0E0F70AFDF8
S21403341000F11006E6F776F800240546142201A903
S214033420301902F00AF91CB99DF80430FF2B16D0A8
S214033430002303F118026A4412F8142CFF2A06D15B
S2140334401C44601E90FBF5F080B206B070BD2B44A2
S214033450DBB2132BEDD91434B4F5826FDED14FF003
S214033460FF30F2E7E0F714BB07B504220DEB0201C9
S21403347002F0E3F8019803B05DF804FB37B50546A0
S21403348008460C46FFF7F0FFA84206D00422204663
S2140334900DEB02010195E6F787F803B030BD07B5DB
S2140334A00B460092002102460120E0F783FB03B09F
S2140334B05DF804FB08B50121E0F7B4FABDE808405F
S2140334C0E6F71EBAE0F7F2BD08B5FFF7F3FF0020F4
S2140334D008BD08B513460A4601461846E0F7FEFB44
S2140334E080F00100C0B208BD00207047704708B1E5
S2140334F0E0F7FCBE704730B4DDE902451DB1029427
S21403350030BC00F0C6B930BC70471F2804D814225C
S21403351000F5A030D9F7B4BD70471F2804D814228D
S21403352000F5A030D9F7D8BD7047152808B505D1E2
S214033530FFF7DCFFBDE80840E1F71EB808BD10B58D
S214033540142486B02246002101A8E8F751F9202367
S214033550224601A94FF4A03001F078FC06B010BD56
S2140335600020704713B500230C461A460146CDE9E2
S2140335700033E0B2E1F7C4FD02B010BD13B500237B
S2140335801446019001220093E0B2E1F7B9FD02B0C0
S21403359010BDD0E9023253F822301868E1F728BF8D
S2140335A0194491420ADC4218002003B9704712F806
S2140335B0011D013B01EB0020DBB2F6E7002070475C
S2140335C02DE9F04F4FF0000A85B0019381460F4670
S2140335D015465346019A11785FFA8AF2914203D848
S2140335E0002005B0BDE8F08F019909EB050801EB53
S2140335F04202517892F802B011F04004009101F0B3
S2140336003F061BD0AC19BC42D4BF0024012433466A
S2140336106400A20740F18880009B1B0640F192805D
S2140336200E9B324603EB0B000021E8F7E1F83D461C
S21403363000231D44ADB20AF1010ACBE7042E07D8D6
S21403364066B1B31E022B0BD8DFE803F0122130005D
S2140336503E2E37D03F2E5BD03D2E4BD00320C0E707
S214033660BD4234BF00240124012664003346D0E75C
S214033670AB1CBB4250DC02233A4629464846FFF7BA
S2140336808FFFADF80A0002230DF10A08C1E7EB1C11
S214033690BB4243DC03233A4629464846FFF780FFEE
S2140336A00390042603230DF10C08B2E72B1DBB423F
S2140336B036DC04233A4629464846FFF771FF039053
S2140336C00423F0E77A1E95422CDA02233A4629466B
S2140336D04846FFF765FF4FF6FF7380B298420EBF6A
S2140336E00223023083B25C19A742B4BF0324012429
S2140336F004268EE7BD4215D298F80030FF2B0CBF88
S21403370001230133EC18BC42CCBF03240124EFE7AA
S2140337100124042600237CE73446B4E70224C0E7EA
S2140337200224CDE70324E3E70E9A02EB0B0014B161
S21403373042F80B807DE7324641460093E8F7E8F906
S214033740009B76E702204CE710B5144686B0188136
S2140337501A460A9B0291CDE9034301230193099B71
S214033760014600930320BDF82030E1F705FF06B0BD
S21403377010BD1FB500240294079C0194BDF81840A1
S2140337800094FFF7E1FF04B010BD2DE9F0410E46AB
S2140337901746054686B098B391B38AB34FF0000830
S2140337A002A95FFA88F001F043FA044640B99DF88F
S2140337B00830032B08D008F10108B8F1200FEFD129
S2140337C0204606B0BDE8F0819DF809202B799A4281
S2140337D0F1D1BDF80A206B889A42ECD19DF80C30E3
S2140337E0BDF80D006B7128812B4622464FF6FF71FC
S2140337F0CDE90067FFF7BDFF0028DCD00446DFE70E
S2140338002124DDE710B586B00A9C04949DF8244075
S2140338100394BDF8204002940124CDE900341346F6
S2140338200A4601460620E1F7A7FE06B010BD1FB5FF
S21403383004460846194600230094CDE90123079B56
S214033840BDF81820FFF7DEFF04B010BDF0B5022860
S21403385005460E4614461F468BB00AD106A9F0B29B
S21403386001F0E6F998B99DF8193023719DF81C30DC
S2140338706371119B224604930023CDE9023301931F
S214033880109B3146009328463B46E1F775FE0BB086
S214033890F0BD13B500240194049C0094FFF7D6FFF3
S2140338A002B010BD2DE9F0450646884614469A46F2
S2140338B0002701258BB006A9F8B201F0B9F920BBA1
S2140338C09DF81830012B19D19DF8192033799A42A7
S2140338D014D1BDF81A2073889A420FD19DF81C3074
S2140338E032467371B9B2CDE9030ACDE90100434606
S2140338F002200094E1F740FE054610B90137202F59
S214033900D9D128460BB0BDE8F0850546F9E7002374
S214033910FFF7C8BF10B50446E2F70CFC0021631E90
S21403392004F10F0213F8010FFF2808BF1970934222
S214033930F8D10023237410BD0020704770B50646E7
S2140339401D46E2F76BFA044608B9212070BD3046DF
S214033950E2F732FD0028F8D0A0682A46FF21FFF7D9
S2140339605EF89DF81030002063719DF81430A37143
S214033970ECE713B59DF81040CDE900341346012259
S214033980FFF7DCFF02B010BD08B5E2F747FA28B12F
S2140339908068FF21FFF754F8002008BD2120FCE7CC
S2140339A00122FFF7F1BF1FB50B466A4601461846CC
S2140339B001F034F96A460823002032F8021B013B63
S2140339C013F0FF0380EA0100F7D1012838BF012076
S2140339D080B205B05DF804FB2DE9F04F87B0DDE952
S2140339E0109B05468846484619461F461446BDF8AA
S2140339F048609DF84CA0FFF7D6FF042D0346ABF8AE
S214033A0000001AD8022D1DD9042D07D04FF2F2223A
S214033A10A188914222D1E28891071FD5E17A00223C
S214033A20CDE9013720463346CDE90392CDF800A011
S214033A3001F043F907B0BDE8F08F6A1F012A11D9D8
S214033A402120F7E700224146CDE911922846224677
S214033A50109707B0BDE8F04F01F03EB94FF6FF767A
S214033A600C21DCE7052D0ED10023E17A0022CDE9F7
S214033A700137CDE90392009123465246414630462C
S214033A8001F00EF9D6E74FF2F222A188914204D153
S214033A90E288920701D5E17AE8E74FF6FF760C2134
S214033AA0E4E7F0B585B00546E1F778FE48B16B88E4
S214033AB0B3F5006F05D1681D05B0BDE8F04000F012
S214033AC0EEBC284600F004FD0446C8B9E7B26946D2
S214033AD0384601F0ADF878B99DF8006066B9294616
S214033AE0384601F0A9F820B140F60443984207D0BF
S214033AF08C26304605B0F0BD0134202CE6D1F7E71E
S214033B008D26F6E7E2F730B82DE9FF4704460D4663
S214033B100146184617461E46BDF830809DF8349079
S214033B20DDF838A0DCF716FED0B92146284601F0AA
S214033B3021F933463A4629462046CDE9019ACDF87F
S214033B400080E2F7B5F833463A4629462046CDE9E3
S214033B500D9ACDF8308004B0BDE8F04701F0F7BF0A
S214033B6004B0BDE8F087E2F74DBAE2F705BAE2F72C
S214033B7029BA10B5044601F009F908220146204681
S214033B80BDE81040E7F786BE01F002B9002101F058
S214033B90FFB801F011B90020704720207047EFF7F7
S214033BA003BDEFF74DBDF1F7F7BF7047E2F776BBFE
S214033BB070B506460C46154600F04CF850B13CB1BD
S214033BC035B1204600F0D6FC013080B2A84200D9B9
S214033BD0002070BD304600F043F840B1002CF7D00B
S214033BE0012DF5D9204600F0CAFC0230EDE7304639
S214033BF0E2F7B4FAEAE7F8B5BDF8185010B39678CA
S214033C0055B9D478A6F14107012F07D8621ED2B260
S214033C1000F0CFFD0020F8BD2C46F3E7433E012E0F
S214033C2004D8A21E92B200F0DCFDF3E7D27813B9F3
S214033C300DB1AA4206D811B9E7F7DAFDEAE7E7F7C6
S214033C4029FEE7E78920E6E7413803288CBF0020F2
S214033C5001207047413801288CBF0020012070479F
S214033C60433801288CBF002001207047002070478E
S214033C70002070470388B3F57C4F01D3FFF7F8BFE6
S214033C800846FFF7F3BF10B54A880488A2420DD151
S214033C90037B0C79234009D0B2F57C4F08D3FFF79A
S214033CA0E7FF0B891B1A5842584110BD0020FCE75A
S214033CB00120FAE738B50D88D488A5420AD10388CF
S214033CC0B3F57C4F08D2FFF7D5FF13891B1A58426A
S214033CD0584138BD0020FCE70120FAE72DE9F047FC
S214033CE015460446B8B149B1EAB100264FF0140AA6
S214033CF0B04690F80490F3B2994501D800240AE040
S214033D0027680AFB06773846FFF7BDFF013628B15A
S214033D103C46A5F800802046BDE8F0877B894344EF
S214033D201FFA83F8E7E71446F5E72DE9F0470E4652
S214033D3015460446B8B149B112B300274FF00C0A32
S214033D40B846B0F80890BBB2994501D800240AE0FB
S214033D506368324620460AFB0731FFF7ABFF28B1FC
S214033D600C46A5F800802046BDE8F0870B7901379E
S214033D7013F0300F02BFCB7843441FFA83F8E2E711
S214033D801446F0E72DE9F04186B00D4614469846F2
S214033D9004AA05AB03A90646E2F7B6FA40B30DB18B
S214033DA0049B2B6034B3049D03982946FFF762FFF8
S214033DB02B88074602467188307800F04FFBD8B14F
S214033DC0297911F010030BD0EB782A46CDE900438E
S214033DD03B4671883078FCF781FA06B0BDE8F0817F
S214033DE02A4620460599CDF80080FFF704FFF4E73E
S214033DF08620F2E72046F0E77E20EEE71FB51C4656
S214033E000023ADF80A20BDF818208DF80400ADF89D
S214033E100610ADF80C2069461A4601A800938DF8E3
S214033E200840FFF7AFFF009804B010BDF0B587B0A9
S214033E300E4605AB04AA03A90446E2F765FA08B3DF
S214033E40049D03982946FFF715FF2B88074602466D
S214033E506188207800F004FBB0B1297911F01001D5
S214033E6008D000963B462A4661882078D2F732F976
S214033E7007B0F0BD009101232A4631460598FFF7A7
S214033E80BAFEF5E78620F3E77E20F1E72DE9F04159
S214033E90064600254FF014080779E8B2874201D892
S214033EA000241AE008FB05F0D6F800C00CEB00046B
S214033EB03CF8000081421AD132B1802A10D194F91D
S214033EC00CC0BCF1000F12DAB0F57C4F05D32046C8
S214033ED0FFF7CEFE834200D04BB92046BDE8F08103
S214033EE0402A04D194F80CC01CF0400FECD10135E5
S214033EF0D3E70121E2F744B908B513460022E2F7F7
S214033F006DFA003818BF012008BD08B513464022D5
S214033F10E2F764FA003818BF012008BD08B5134657
S214033F208022E2F75BFA003818BF012008BD08B507
S214033F3040220023E2F752FA003818BF012008BDDA
S214033F4008B580220023E2F749FA003818BF01209B
S214033F5008BD0023E2F742BA0021E2F7AFBA10B574
S214033F6004460121E2F7AAFA2046BDE8104001F014
S214033F7022BE7047F8B516461F469DF81820BDF8B2
S214033F801C300546E2F72AFA78B10421E2F714FB5F
S214033F90044650B1284600F00EFB3A463146284602
S214033FA0A047BDE8F84000F0FABAF8BD2DE9F74F90
S214033FB01E46DDE90C9B074688461446BDF8383096
S214033FC02AB3B9F1000F22D00EB392F804A099F8E1
S214033FD00020504612F0080F0CBF80224022618852
S214033FE0E2F7FCF998B10821E2F7E6FA054670B164
S214033FF0504600F0E0FA3346224641463846CDE9BD
S214034000009BA84703B0BDE8F04F00F0C8BA03B062
S214034010BDE8F08FF8B5BDF8187016461A463B464D
S2140340200446E2F7DBF9E0B177B90221E2F7C4FA16
S2140340300546B0B1204600F0BEFA31462046A847F2
S214034040BDE8F84000F0ABBA1021E2F7B5FA054632
S21403405038B1204600F0AFFA3A4631462046A84724
S214034060EEE7F8BD73B5BDF8184016461A46234664
S2140340700546E2F7B3F9B8B1C4B92021E2F79CFAD2
S214034080044670B1284600F096FA099B3146009321
S21403409028469DF820309DF81C20A047044600F0D3
S2140340A07EFA204602B070BD8624FAE70024F8E7BD
S2140340B02DE9F04186680446007800F07CFA002576
S2140340C014273279EBB29A4203D8BDE8F04100F0E8
S2140340D066BA7B4332682078D15A02EB030800F0B5
S2140340E0C1F901214046E2F767FA034608B1207892
S2140340F098470135E5E72DE9F04F1C4689B09DF852
S2140341004C30BDF8488001939DF850309246029398
S2140341102246434607460D46E2F760F98DF81470CB
S2140341200646ADF816508DF81840ADF81AA0ADF84F
S2140341301C8018B9012009B0BDE8F08F05A9FFF768
S214034140A2FD0028F6D000252F46A8462C4634E0CC
S2140341500C231FFA85F903FB09F931887368B1F557
S2140341607C4F33F8092003EB090B1AD333F8090005
S21403417050452CD3019BA3422DD900F0B8F99BF8E8
S2140341800200E2F7C5FE029B43B19BF8043013F02E
S214034190010F0CBF05200720E2F7BAFE0134A4B2D4
S2140341A019E0ADF81A205946304605AA0393FFF7DF
S2140341B081FD039B0028D9D101353289ABB29A42DF
S2140341C0C6D804EB0800C31B58425841B3E708F1AE
S2140341D001081FFA88F80137BFB2EDE710B50124CE
S2140341E088B006949DF83C4005949DF838400494A6
S2140341F09DF8344003949DF8304002940B9C019440
S214034200BDF828400094E2F71BFB08B010BD2DE96B
S214034210F04786B0BDF83880DDF83C909DF840A0A6
S214034220CDF80080CDE9019A04460D4616461F4692
S21403423000F012F9B8B1431EDBB2012B10D80023ED
S2140342400122811E48424841CDE90432CDE902A04D
S2140342503B46324629462046CDE90089FFF7BEFF96
S21403426006B0BDE8F0870120FAE730B50024012543
S21403427087B0CDE9044503959DF82C5002950A9D19
S214034280CDE90045FFF7AAFF07B030BD30B50024DF
S214034290012587B0CDE9044503959DF82850009481
S2140342A0CDE901354023FFF799FF07B030BD10B5C0
S2140342B0012486B0CDE90444002403949DF82840E5
S2140342C00294099C0194BDF820400094FFF786FFF2
S2140342D006B010BD1FB5089C03949DF81C400294BD
S2140342E0069C019400240094E2F7A6FB04B010BDDC
S2140342F070472DE9F84F0229074688460C9D04D8D7
S2140343004FF0000A5046BDE8F88F1BB10429F7D9D1
S21403431042F004023A702BB303247B701B0ABB7073
S214034320E3F7A0FE4FF000099DF82830385504F156
S214034330020A01343B550B9A5FFA89F3D45C002CCE
S214034340E0D0732C10D82E464C2C56F804BB3DD028
S214034350532C15D0622C45D1AC8805F108060023F2
S2140343601A4616E00124DBE7A4F17503032BC7D82E
S214034370763C2E1D022C52D8DFE804F0565A58001D
S2140343806A6805F1080694B2D2B2B2F1FF0318BF09
S21403439001230AEB040119448845B1DB504619464C
S2140343A0002947D153441FFA83FA5CB1BBF1000FCF
S2140343B0A6D0224607EB0A005946E7F7A9FB544462
S2140343C01FFA84FA354609F10109B4E74FF6FF737D
S2140343D06A6805F1080694B222469C4214BF02237B
S2140343E00023D6E76C2C05D1584600F0C8F8841C89
S2140343F0A4B2B4E7732C04D1584600F0BBF8441CAF
S214034400F6E7A4F13003DAB2092A01D89CB2A6E78C
S214034410A4F14103062B3FF673AF373CE8E70123CD
S21403442000242A68A346B4E70223F9E70323F7E741
S2140344300423F5E700F1010C01393A54C9B2120A14
S2140344401FFA8CF0ACE70020E2F7EABC0022E2F7A2
S21403445007BD0023E2F71ABD01207047012070470D
S21403446001207047704700207047002070470020E7
S2140344707047002070470020704700207047704741
S2140344800E207047002070470020704700207047BA
S214034490002070477047FF2070470E207047842027
S2140344A07047704700207047704700207047002011
S2140344B07047002070470020704700207047002098
S2140344C070470020704770470E20704700207047E3
S2140344D00020704700207047704770470E207047D3
S2140344E0704700207047812070477047704738B583
S2140344F00546C0B2E2F70CFD0446280AE2F708FDBB
S21403450014B1002808BF0024204638BDF8B5054678
S214034510C0B2E2F7FDFC0446C5F30720E2F7F8FC59
S2140345200746C5F30740E2F7F3FC0646280EE2F714
S214034530EFFC24B12FB136B1002808BF0024204673
S214034540F8BD3C46FBE73446F9E710B4CC18944272
S21403455003DC5DF8044BFFF723B800205DF8044B3B
S21403456070470423FFF7F1BF08B50223FFF7EDFFFB
S21403457080B208BD0078FF2808BF0020704708B542
S21403458002220021FFF7F0FF4FF6FF73984208BFA1
S214034590002008BD003818BF0120400070470020E7
S2140345A0704708B5FFF7A5FCFF284FF0FF3018BF8C
S2140345B00020C0B208BD08B5FFF7F3FFFF280CBF05
S2140345C02120002008BDF8B506460C4615461F46B2
S2140345D000F011F810B12544AC4200D1F8BD3946BD
S2140345E0304614F8012BE2F785FDF5E70146002275
S2140345F00220E2F70FBD0120704737B50546E0F706
S21403460099FF044601950CB981201CE0237823B159
S2140346102046E0F797FF0446F5E72B6862685B8859
S2140346209A42F5D1A368EA7B99B272B12A8A91427B
S214034630EED16A7DB2EB134FEAD10020E36801A9FD
S21403464098478128E4D003B030BD4FF6FF72EEE7FB
S2140346502DE9F84304460F46904699460BB3012AC4
S2140346601FD80C20E7F7CAFA064610B91920BDE88A
S214034670F8831020E7F7C2FA18B93046E7F7C6FA08
S214034680F4E70123002547EA084770600570C0F881
S2140346900C904460876033803046E0F743FF28463B
S2140346A0E5E72120E3E738B50446436808460D46A8
S2140346B09847B4F90830002B02DB2B78042B06D17D
S2140346C0002320466360BDE83840E3F7A5B838BD4D
S2140346D030B54FF48A5587B0ADF816200DF11604A1
S2140346E01A46029543B100230122CDE9003323463F
S2140346F000F01EFA07B030BD019401240094F7E7DA
S214034700FFF7EBBEFFF7BEBE0020704708B500F00C
S21403471001FB20B900F048FB08B9E0F7FBF8FFF708
S214034720D2FEBDE80840FFF7DBBE0020E3F7DCBCA3
S2140347300021E3F779BD0022E3F738BD1FB5D28821
S2140347400B4612F0200F4FF6FD7114BF4924522476
S214034750ADF80610510544BF083CE4B2110544BF4A
S214034760083CE4B2120444BF023CE4B2032805D872
S214034770DFE800F0020F161CADF80630BDF80600A1
S214034780FFF789FEFF281CBF241AE4B2204604B0B4
S21403479010BD02AA0DF10601D8B200F079FAEDE7D2
S2140347A0D8B200F047FAADF80600E7E7013CE4B2FA
S2140347B0E4E7F8B5064617460D4681B10C78FF2C9C
S2140347C00BD00846FFF7D6FEB84228BF3846C4B219
S2140347D02246691C701CE7F75DF83470F8BD0C467A
S2140347E0FBE770B5044615460E4611B941700170D5
S2140347F070BD0B78FF2B05D14B78FF2B02D10370CE
S2140348004370F5E73046FFF7BAFEA84228BF2846AE
S21403481085B22A46B11CA01CE7F73CF825702D0A82
S2140348206570E5E7F0B523B9013A531C2FD1002094
S21403483020E0042AFBD800231C46551E6E1C1AD102
S214034840042A10D00121D200501E01FA00F02042A3
S2140348501EBF914049420C4318421EBF4FF0FF3122
S21403486001FA02F213439C421EDCB4BF4FF0FF3042
S214034870002040B2F0BD40B1465DEF00BE40344379
S2140348804E5D013DBE403343D8E70646F5E78C5CF4
S21403489038B90346A34202F1FF32C6D24FF0FF30C7
S2140348A0E8E7835CA342F5D90120E3E72838072825
S2140348B08CBF0020012070471D2810D004D840B1BB
S2140348C01C2804D0552070471E380128FAD81A2908
S2140348D001E00B390F298CBF5520002070470829AB
S2140348E0F9E7002000217047F7B59DF820400546FC
S2140348F0082C104619469DF8246036D80022134625
S2140349002C44AC4208D106F0FD04382C0ED1009698
S214034910FFF7E7FF03B0F0BD14F8017D1B0243EA7F
S21403492012631202BA1843F10003EAE7392E10D1D4
S21403493007EE100A07EE902AB4EEE77AF1EE10FAC5
S214034940CCBF77EE677A77EEC77A002117EE900A28
S214034950E0E7824273EB010403D2801A61EB0301A2
S214034960D8E7101A63EB0101D4E700200146D1E72C
S21403497038B5C36814461944836853F821501AB1EE
S2140349802846E6F731FE2070284638BD2DE9F34168
S2140349901C4616460DF107029DF82050FFF7E8FF68
S2140349A09DF807308046A34288BF8DF807409DF8E0
S2140349B007700DB1E41BE5B22A4600213046E6F740
S2140349C017FF3A4641467019E6F764FF384602B0C9
S2140349D0BDE8F0812DE9F3411D46164601AA9DF870
S2140349E02040FDF726F8019B80469D4238BF01957F
S2140349F0019F04B1EC1B224600213046E6F7F8FE81
S214034A003A4641463019E6F745FFF8B202B0BDE82C
S214034A10F08173B50024154601AA1E460194FDF7DE
S214034A2008F8019B072B0AD92146CCB216B1C4F16C
S214034A300704E4B2425C013108292A55F5D1D8B2FD
S214034A4002B070BD1FB5030A8DF80E300323009322
S214034A5003AB8DF80D0000F0BBF805B05DF804FB62
S214034A601FB58DF80F100421030A8DF80E30009140
S214034A7003AB8DF80D0000F0ABF805B05DF804FB52
S214034A80F0B589B016689DF83C50CDF809608DF8EE
S214034A9011305668BDF83830012D109FBDF84440DC
S214034AA0CDF80D60ADF812308DF8145014D0032DE8
S214034AB019D13B68CDF815307B68CDF819309DF8D1
S214034AC048308DF81D3016230093BDF84C2002ABFA
S214034AD000F07EF809B0F0BD8DF81540240A0F23C8
S214034AE08DF81640F0E70120F4E71FB504460846A4
S214034AF011461A4602238DF80D100093214603AB88
S214034B0000F066F804B010BD10B514461A460B68DC
S214034B1086B0CDF80D304B683421CDF811300A231A
S214034B20009303AB8DF8154000F052F806B010BDA5
S214034B302DE9F041B6B014461D4606460F469DF8CD
S214034B40F080E3F795FD03AA8DF80C001046330AB0
S214034B508DF80F703F0A8DF80E308DF80D602B46DA
S214034B608DF810708DF8114005EB4405AB4202F149
S214034B7002021FD16200D2B2931DDBB23D99D83335
S214034B806B44073203F8CC8C01EB4805D3B250FADA
S214034B9082F2A94202F1020212D103EB480300900B
S214034BA006213046BDF8F820DBB2E3F76BFD36B0DE
S214034BB0BDE8F08133F8021B1171090A5171D5E77C
S214034BC031F8024B02F8024C240A02F8014CE0E7E3
S214034BD02DE9F0411C4605460E4617469DF81880FB
S214034BE0E3F746FD207043463A4631462846069488
S214034BF0BDE8F041E3F746BD002070477047D7F79E
S214034C00A9BD7047704770477047704700207047CC
S214034C1070477047002070477047704702F0EEBE3B
S214034C20FEF774B8FEF757B803F031BAF8F70AB9C7
S214034C3003F01EBAF8F7C4B8F8F72CB9F8F7E6B8D5
S214034C40FEF71EB9FEF76DB8FEF77AB8F4F75EBB4B
S214034C50F4F762BBF3F7C2BAF2F7E4BBF2F7E8BBCA
S214034C60EFF7BCB8FEF7B7B8FEF77CB8FDF718BF8A
S214034C70FEF79FB8FEF78BB830B4BDF808409DF832
S214034C800C50CDE9024530BCFDF729BFFDF796BFB2
S214034C90F8F772BAE3F746BDF8F738BBF7F784B907
S214034CA070B49DF80C40BDF810509DF81460039442
S214034CB0CDE9045670BCF5F789B970B49DF80C407D
S214034CC0BDF810509DF814600394CDE9045670BCEB
S214034CD0F5F7BCB9F5F7A6BA10B49DF804400194ED
S214034CE05DF8044BF5F7F6B910B49DF8044001944B
S214034CF05DF8044B01F073BF01F073BFFDF7A2BF6D
S214034D00FDF7B2BFFDF7C5BFF1F7F4B8F1F736BF4D
S214034D10F1F708BFF0F71ABF02F09FBAF1F7BEBA71
S214034D2002F0E1BAF1F71EBCF0F7F0BFF1F72CBFC3
S214034D30F1F7AEBEF1F7C4BEEFF704BEFEF7B5B8A3
S214034D40FEF768B8FEF77BB8FEF788B800F00BBC32
S214034D5000F004BCF7F75EB9F4F768BFF7F738B9A5
S214034D60F7F75EBAF4F732BFEFF724B8F6F754BB9B
S214034D70FFF745BFFAF74ABEFEF7E3B8FDF753BFA2
S214034D80FEF738B801F001BDE3F72ABCEFF7D6BB50
S214034D90EFF7D0B801F09BBF01F06BBFEFF71EB97A
S214034DA0EFF75CBBEFF760BBEFF78CB8E3F734BC09
S214034DB0E3F746BCE3F71EBCEFF73AB8E3F724BCC9
S214034DC0F8F7FCBF01F053BF01F01ABFEFF736B890
S214034DD0EFF79EBBEFF77EB8E3F7C2BCE3F7BABCC8
S214034DE0F8F7F0BDF8F7DCBF03F05DBA03F063BA7B
S214034DF0F8F760BEF8F7DCBF00F063B900F0A1B9BE
S214034E0000F0C9B900F0A0BA00F010BB00F079BA00
S214034E10E4F79CB900F0E6B900F013BA00F026B840
S214034E2010B51C4601F0C2FD05F00BFF0023C0F3CE
S214034E3040202370400010BD002208B50B461146E3
S214034E40FFF7EEFF023818BF012008BD00207047A9
S214034E5070470020704770470020704770470E2049
S214034E6070470120704770470120704714220021C5
S214034E70E6F7BEBC704770B505460C468AB02522D9
S214034E8000210DF10300E6F7B3FC6B68CDF81D3087
S214034E90AB68CDF82130234601AC03F11006224659
S214034EA018685968083303C2B3421446F7D101237E
S214034EB06A7B8DF8023012F0040F0CBF4FF4807338
S214034EC04FF4A073110748BF43F48063ADF8003076
S214034ED0930748BFBDF80030684644BF43F0080355
S214034EE0ADF80030F4F7ACFB0AB070BD30B5427BCA
S214034EF00D46D10704468BB007D5407801A9F4F7D1
S214034F0005FCD8B12D200BB030BD9307FAD5C2F3FC
S214034F10800310074FEA8313ADF8023044BF43F40F
S214034F208063ADF80230BDF80220201D0AB10DF1F2
S214034F30020201A902F07FFD0028E3D001AB03CBF8
S214034F409DF81430A1602373BDF8103060605906D5
S214034F5042BF627B42F0040262735A0542BF627B21
S214034F6042F0080262731B0742BF637B43F00203EF
S214034F7063732B4606AC0AAD224603CAAA421860E0
S214034F805960144603F10803F6D10020BBE7F0B5D9
S214034F9004460D4693B0252200210DF12300E6F7C3
S214034FA027FC636804F1040CCDF83D30A36809AE12
S214034FB0CDF841302B4605F110073246186859687C
S214034FC0083303C2BB421646F7D105238DF82230B9
S214034FD0637B5B0103F40073ADF820306378FF2B2B
S214034FE01AD1002360461A4601A900F0CAF99DF8B3
S214034FF00530FF2B0DD1002301A91A46184600F0F1
S214035000C0F99DF80530FF2B03D11C26304613B09C
S214035010F0BD9DF8053063700020617808AA00F0A3
S2140350209BFA06460028F1D1607801A900F02FFA12
S2140350302B4603AD2A4618685968083303C2BB4299
S2140350401546F7D1637B6078DB0648BF9DF81C30B6
S21403505001A944BF63F07F038DF81C3000F02EFADD
S214035060D4E710B504468AB02422002101A8E6F747
S214035070BFFB637B590744BF4022ADF810201A07D5
S21403508042BFBDF8102042F48062ADF81020DB0763
S2140350900FD5607801A9F4F739FB10B12D200AB0BB
S2140350A010BD01AB03CB637B606043F00203A160DA
S2140350B0637304A9201D02F0C0FC0028EED0002074
S2140350C0EDE71FB5694600F066F8002818BF2D20E7
S2140350D005B05DF804FB73B50D4614460646E3F7C4
S2140350E063FC6B881A071AD522463146102002F055
S2140350F085FC2046E3F758FC6B88D90717D50023B1
S214035100224601210DF107008DF80730E3F718FF5B
S2140351106B88002B0CBF2120002002B070BDDE067A
S214035120EAD522460821281DE3F70AFFE1E79A0796
S21403513001D50223E4E75B07EAD50323E0E70F2064
S21403514070471FB50C46694600F025F81022214625
S2140351506846E6F799FEB0FA80F0400904B010BD41
S214035160B8B1B1B14388A3B90378013B082B10D873
S214035170DFE803F00507090B0F0F0F0F0D00E3F72A
S214035180E1BDE3F73BBEFFF776BEFFF700BFE3F7ED
S214035190C9BF2120704738B50D4609B300B303785D
S2140351A0013B082B1AD8DFE803F0050D1013191975
S2140351B019191600E3F7FEFD0446284602F01EFE04
S2140351C0204638BDE3F73AFEF6E7FFF78FFEF3E730
S2140351D0E3F76AFEF0E7E3F7AFFFEDE72124ECE73A
S2140351E02124EDE770B586B0064601A80C461546A1
S2140351F0FFF73CFE04238DF804301CB12068616879
S21403520002AB03C3294601A88DF80560FFF7A8FF84
S21403521006B070BD70B586B0044601A80D461646A6
S214035220FFF724FE0323206861688DF8043002AB81
S2140352308DF8116003C3294601A8FFF791FF06B056
S21403524070BD0022FFF7E6BF30B5437B044613F07C
S21403525001020D468BB007D0407801A9F4F756FA41
S21403526070B12D200BB030BD9B07FAD5ADF80220E8
S21403527001A90DF10202043002F0DDFB0028F0D094
S21403528000210E22A81CE6F7B3FABDF810302B80D7
S214035290039BAB60BDF81230AB819DF814302373CB
S2140352A001AB03CB6060A1600020DBE770B5437BF6
S2140352B00446DB070E468AB003D42D2528460AB0DB
S2140352C070BD6946407800F045F905460028F4D1DC
S2140352D0DDF81D300E226360DDF821300146A36041
S2140352E0637BB01C43F002036373E6F781FABDF8F1
S2140352F00030069A43F004033380059BB260736064
S214035300DCE70B4610B50446102200211846E6F7E4
S2140353106FFA2278032A09D0042A0DD0022A11D163
S21403532001462046BDE81040E3F76CBF0146204621
S214035330BDE81040FFF788BF01462046BDE8104091
S214035340FFF7B4BF262010BDF8B5074608460C463F
S21403535016461D46FFF78AFD04232370637B3146FA
S21403536043F00103204667706373FFF714FF08B129
S2140353702D20F8BD29462046FFF7C3FF0028F8D0A6
S214035380F6E7F8B5054608460C461F461646FFF7E9
S2140353906DFD0423237025B108222946E018E6F79D
S2140353A079FA637B43F0020363734EB932460121F5
S2140353B0284600F0DAF8FF28607007D12D20F8BDE4
S2140353C031462046FFF7E7FE0028F7D1637B43F01C
S2140353D0010363730DB90020F1E7002FFBD03946B4
S2140353E02046FFF78EFFF6E7F8B50C460746084655
S2140353F016461D46FFF73AFD03232046394600F8B6
S214035400043B0822E6F746FA637B314643F0020381
S21403541020466373FFF7BFFE08B12D20F8BD29466B
S2140354202046FFF76EFF0028F8D0F6E7F8B50746E4
S21403543008460C4616461D46FFF718FD0323237041
S214035440637B314643F00103204667706373FFF7BF
S214035450A2FE08B12D20F8BD29462046FFF751FFCE
S2140354600028F8D0F6E718B18022012100F07DB8B5
S214035470FF207047002307B51A4619460093F5F731
S21403548047FEB0FA80F0400903B05DF804FB0B4614
S21403549010B519220446FF211846E6F7A9F97E2C13
S2140354A001468CBF04F5C43004F583304FF019026F
S2140354B0BDE8104088BFAD30D7F7E2BD7E2888BF71
S2140354C000F5C4304FF0190294BF00F58330AD30B9
S2140354D0D7F702BE30B589B00D46FFF7C4FFFF28E5
S2140354E004460DD001A9FFF7D2FF2868696801AB0F
S2140354F003C3204601A9FFF7E1FF002009B030BD32
S2140355002D20FBE7704770470020704770470F2039
S21403551070470F207047002070470F207047002009
S21403552070470020704784B08DE80F00002004B059
S21403553070477047704700207047704700207047D9
S214035540704700207047012070477047002070475F
S214035550012070470E2070470E2070470E207047BC
S2140355600020704770470E207047FF207047704733
S2140355707047002070477047704770470020704799
S2140355807047002070470020704700207047704720
S2140355907047002070470020704770470020704710
S2140355A00020704770470020704710B50024E3B210
S2140355B010B9C3F10303DBB20134042CCA544FEA17
S2140355C01222F4D110BD10B50B784C788A78C978BE
S2140355D028B910462246044608461946034642EAB8
S2140355E0012043EA042343EA004010BD7047E3F773
S2140355F0BDBE08B5D2F7E0F9002814BF8620002008
S21403560008BD08B5D2F7A8FB003818BF012008BDAF
S21403561008B5D2F761FB003818BF012008BD08B5EE
S214035620D2F7E6FB003818BF012008BD08B5E3F73C
S2140356307DFFBDE80840E3F72BBF70B504460D4673
S2140356401646E3F773FF0420E3F714FF32462946B2
S2140356502046FFF7DDFF04460220E3F70BFF204654
S21403566070BD08B5E3F762FFBDE80840D2F718BB84
S214035670E4F794BAE4F774BA08B5E4F771FA20B11C
S214035680BDE808400020E4F7A9BB112008BD10B50B
S214035690044608B1E4F784FC2046BDE81040FCF756
S2140356A0C8BF10B50446006A10B1616AFFF7EFFF82
S2140356B00020C4E9080010BD38B50546FFF7F1FF22
S2140356C02B7E0446012B0ED0023B012B0ED8EB6932
S2140356D0012B18BF6FF09604282200212846E6F710
S2140356E087F8204638BDEB69002BF2E76FF0960487
S2140356F0F2E718220021E6F77BB870472DE9F84F4A
S2140357009846DDE90B490D9B15469A0706460F4654
S21403571023D02A460A9B03EB040A1444A24220D150
S2140357200D9B9B0705D5A2EB050AD14505EB0A049D
S21403573020D82046BDE8F88F434639462020B04798
S2140357400AF1010ACA450AEB0B02F5D3A9EB0402D8
S2140357504C4588BF00222A44DCE7A246A5EB040B8F
S214035760F0E702F1010B434639461AF8010DB0473C
S2140357705A46D3E74346224639462020B0470AF125
S214035780010AD2E72DE9F047DDE90D7616F0020FA0
S2140357909DF82880DDE90854DDE90BCE1FD106F01D
S2140357A001094FB1B9F1000F06D0B8F1000F02D1CD
S2140357B016F00C0F00D0013F4FF0300A04E0202C07
S2140357C004D005F804A001347445F8D3B9F1000FEA
S2140357D005D04FF03009A74201D9202C2DD116F061
S2140357E0100F1FD016F4806F2CD15CB3744501D014
S2140357F0BC4227D1B4F1010E23D0BCF1100F46D121
S214035800023C16F0200F28D1202C28D04FF0780C1D
S21403581005F804C00134202C21D04FF0300C05F8D5
S21403582004C00134202C1AD0B8F1000F23D04FF057
S2140358302D0C05F804C0013412E005F80490013479
S214035840C9E77446BCF1100FDBD0BCF1020FE2D1FE
S214035850202C04D04FF0620CDAE7202C08D1202449
S214035860CDE90A76CDE90854BDE8F047FFF746BF11
S2140358704FF0580CCCE716F0040F02D04FF02B0C69
S214035880D7E716F0080FEBD04FF0200CD1E7BCF1AA
S214035890020F7446C1D1DDE72DE9F04391B0189DA0
S2140358A01A9E1D9F0DB927F010077C0500D515B36A
S2140358B017F0200F14BF4FF0410E4FF0610EAC46A9
S2140358C000250DF12008AEF10A0EBCFBF6F906FB27
S2140358D019C95FFA89F4B9F1090F94BF30347444D7
S2140358E0E4B2B44508F8014B05F10105BCFBF6F438
S2140358F001D3202D10D11C9C069705941B9CCDE943
S21403590003649DF86440CDE9015408AC0094FFF7A6
S21403591039FF11B0BDE8F083A446D6E72DE9F04F72
S21403592095B0269ECDE90A23DDE91E74DDE9229BA8
S21403593057EA040308BF26F010067205CDE90801EE
S21403594002D557EA040337D016F0200F14BF4123BD
S214035950612300250DF1300AA3F10A0821464A46C1
S2140359605B463846E5F7D8FBD2B2092A94BF3032F5
S21403597042444F45D2B274EB0B0405F101050AF815
S214035980012B01D3202D14D1259B06960593249B2A
S214035990DDE90801CDE903939DF88030CDE9015395
S2140359A00CAB0093DDE90A23FFF7ECFE15B0BDE868
S2140359B0F08F07460C46D1E70025E5E708B100F06F
S2140359C014B8704710B1D1E900311847704738B59D
S2140359D0441E14F8015F25B90A2000F006F828468D
S2140359E038BD284600F001F8F3E701460020FCF72F
S2140359F0F3BB70477047EDF7F1BD704708B5FCF78A
S214035A00BCFBD1F7D9FFBDE80840D4F7E9B8704727
S214035A1008B5D2F719FBFBF756F8BDE80840E3F7DD
S214035A2085BD08B5FBF778FFE4F7EEFAFBF752FE01
S214035A30E4F78CFEE4F778FEE4F7FAFDBDE80840E9
S214035A40D7F7F8BA08B5D5F70FFBFBF732FED5F74D
S214035A5017FBFBF730FED9F7FFFCD9F7A5FDD9F7FF
S214035A60ADFEBDE80840D9F7CBBD70477047E4F7F5
S214035A7005BE08B5FCF7CCFFBDE80840FCF7F7BF4A
S214035A80704707B500220346114601200092D8F757
S214035A905DFE03B05DF804FB07B500920B46027D7E
S214035AA081898068FDF78CFD003818BF0120C0018E
S214035AB003B05DF804FB08B50020E0F7CFF900203B
S214035AC0E1F760FF0020DAF759F80020DAF7F0FA7A
S214035AD00020DAF7EFFC0020DAF7DCFF0020DBF724
S214035AE005FD0020DEF734F80020DEF79FFD0020DA
S214035AF0DFF794FBBDE808400020DFF77FBC08B55E
S214035B000120FDF73FFA0120DAF798F9BDE80840CF
S214035B100120DAF7BFBF08B50220E0F793FA0220A8
S214035B20DFF786FC0220E2F73BFA0220FFF7A2FD2E
S214035B300220FDF7C7FC0220DEF778FDBDE808402B
S214035B400220DFF71FBFDAF7BDBAFDF7DBBF7047EA
S214035B5070477047704770477047704710B50446E4
S214035B60DFF72AFE2046FDF743FA2046DBF7D0FF91
S214035B702046DCF723FF2046BDE81040FDF7D5BCE2
S214035B80FDF7F0BCFDF7FABCDFF752BB7047704772
S214035B90FDF752BA704770477047704770477047B3
S214035BA005F015B870477047DFF7DCBB70477047E2
S214035BB07047704770477047D0F7D8B9FEF77DBC7B
S214035BC0704700207047FEF77ABCFEF783BC704729
S214035BD0431E012B03D9031F584258417047012027
S214035BE0704700F021BC4FF4D0720021E5F700BEE9
S214035BF070B50446E7F7D4FE0546A8B9A169F1B126
S214035C00238AD3B1204604F11002E7F777FD38BBA9
S214035C10E16919B3638AA3B1204604F1120200F0C6
S214035C20CAFA78B1054603E00023A3612361E36162
S214035C30002328466361236270BDA061E8E72082E3
S214035C40E6E7E361216A0029F2D0A28A002AEFD0B0
S214035C502046E38ABDE8704000F06FBA6182F1E740
S214035C606582E561DEE711B9D0F8DC1021B1CB68B7
S214035C7013B18B68D88970474FF6FF707047E6F705
S214035C8073BF10B50C461146E6F794FFE8F7C2F962
S214035C90012801D1002010BD002CF7D10520FAE71A
S214035CA000F0CFB900F0E3B970B500232425D0F88F
S214035CB0DC00C4689C4201D1212070BD826805FBCC
S214035CC00322D6898E4202D8128A8A4201D201332F
S214035CD0F0E70020F1E7F8B506460D46E6F7E0F9EB
S214035CE0D8B94FF6FF734FF0240CEF68C1B28F425A
S214035CF008D81C4621463046E6F788FB00F09AFB98
S214035D002046F8BDAA680CFB0122D4899C4202D225
S214035D10002CEFD023460130E8E70024F0E7C08DDF
S214035D2070470A7838B505461046FFF751FF60B14D
S214035D304C782046FFF74CFF38B12243530704D470
S214035D402846BDE83840E7F781B9212038BD10B5AD
S214035D5004460878FFF73CFF58B14A781046FFF729
S214035D6037FF30B1042A04D02046BDE81040E7F7D9
S214035D708BB9212010BD00F0E8B8E7F7EDBC084664
S214035D8000F008BBE7F72CB838B504460D4600F01C
S214035D908EF850B129462046E6F738FB30B9294637
S214035DA02046BDE83840E6F7E3BF0E2038BD70B5A1
S214035DB016460C4604F065FD314605462046EAF7CE
S214035DC0C5F90446284604F057FD204670BD00F08A
S214035DD032B970B5044600200E4600F027FBD4F80F
S214035DE0F0503DB1002331462046AC46BDE8704036
S214035DF01A4660472B46012231462046E7F750FAFB
S214035E00284670BD38B5044648880D4600F00EFB9C
S214035E10D4F8F0302BB929462046BDE83840E7F7DA
S214035E204DB9022038BD00F003BB00F03CB9E6F7DD
S214035E306DBEE9F765B970B5BDF81060054606B1E5
S214035E406BB1334428469BB200F077F9044620B979
S214035E501EB13146284600F0ABF9204670BD21241A
S214035E60FBE7E8F7D3BCC0F8EC1000207047E7F771
S214035E705FBB00F05EB910B4BDF8044001945DF852
S214035E80044B00F09FB80B4610B514461846A1689D
S214035E909288E5F73DFEE168034631B1A088628843
S214035EA0121A92B21844E5F733FE002010BD0346DB
S214035EB0408A18B1188A003818BF01207047084670
S214035EC0E9F72ABA00F0ECBA00F0EABAE9F736BC0A
S214035ED0084708B5E6F762FEC0B208BD022A01D835
S214035EE000F0E2B921207047022A01D800F0EDB98C
S214035EF021207047022A01D800F0F9B92120704703
S214035F00E8F776B90846E8F791B900F018BA002022
S214035F107047002070477047D0F8943003F0600352
S214035F20402B0DD0602B03D0203B5842584170477E
S214035F3049B10B68012B06D9486940F00100704748
S214035F4040F20110704700207047F7B5044610462C
S214035F50D4E954C7DDE908268CEA020587EA060178
S214035F600540194085EA0C057940C4E954510025DB
S214035F7023F4004106EA010320F0010043F4007312
S214035F80024043F00203CDE90055EAF7A9FF94F86F
S214035F9024309A0713D5D4F854319B050FD54FF404
S214035FA08811204600F058FB94F82430024665F327
S214035FB0410384F8243020460B46E6F7C3FD002051
S214035FC003B0F0BDF0B587B01C461746BDF8306089
S214035FD01AB90024204607B0F0BD002BF9D00029DB
S214035FE0F7D001AAE8F712FC0028F2D0BDF8063075
S214035FF0A2199A42BDF80850C4BF9B1B9CB2B54277
S21403600012D90399AD1BADB23144A5420391ADF845
S21403601008500DD22A463846E5F77AFD0499621BE6
S2140360207819E5F775FDD5E70499761B3144049195
S21403603022463846F5E70846EAF728B80220E9F785
S21403604073BB08B5D0F8E4304BB11A68022A06D9F8
S21403605093F825204AB1186AB0FBF2F008BD4FF456
S21403606046624C210020E6F733FA0020F6E7D0F824
S214036070E42008B57AB11368022B0CD9536A13F4DB
S2140360807F4FC3F3072106D0126ADBB253438B421A
S214036090B3FBF1F006D2002040F67F424C21E6F730
S2140360A017FA002008BD0346D0F830010860B3F89D
S2140360B0343100208B80704790F830310C2B14BF9E
S2140360C090F82B00FF20704738B50C464FF400615C
S2140360D00546EBF7A9FF70B17CB195F81E3173B98D
S2140360E04FF480724FF480712846EBF789FF00382F
S2140360F018BF012038BD2202F4E72246F2E700204B
S214036100F8E74FF48071EBF78FBF08B54A024FF4F8
S2140361100071EBF775FF002008BD08B58A024FF43F
S2140361208061EBF76DFF002008BD4FF40071EBF7BD
S2140361307BBF062300208B717047B2F5805FF8B5EE
S2140361400F460646154619462ED89A422CD33F2AA2
S21403615026D9B2FA82F40122C4F11F03DBB29A40B5
S21403616092B2AA422CBFC4F11904C4F11A04E2B2D3
S2140361700124931DDBB29C40A4B2AC4212D096F825
S214036180F5309BB9012096F8243060F3C71386F8E0
S21403619024303846E8F74EF900203762B582F8BD5A
S2140361A00022ECE70020EEE72120F8E70E20F6E7D2
S2140361B00846E8F75FB970B505460E46144602B3BF
S2140361C013883F2B1DD9B3FA83F3C3F11901C9B260
S2140361D0062901D8192B12D0062928BF0621012328
S2140361E08A1DD2B2934030462380E8F74BF92388C2
S2140361F02846EE616B82E8F7CFF9002070BD0021D8
S214036200EDE72120FAE710B5144608460121E9F721
S21403621013FE2046BDE810400121E9F70DBEF8B590
S21403622004460E46174604F02CFB3A46054631460E
S2140362302046EAF7BFF80446284604F01DFB20462E
S214036240F8BD0220704703207047E9F765BA10B51A
S2140362500023E7F7E5FC044608B9EBF75FF82046AA
S21403626010BD704770B505460E46144600F0E3F8B9
S21403627031462846FFF72FFD00F0DDF8230704D547
S2140362800B2C9CBF24F00804A4B221462846E6F74C
S2140362908BFC00224FF400312846EBF7B1FE0020BA
S2140362A070BD8021EBF7C0BE7FB5531C05AAADF8C1
S2140362B01410029202210022DBB2CDE9002111461E
S2140362C0EBF7BCFE07B05DF804FB7FB5531C05AACD
S2140362D0ADF81410029204210222DBB2CDE90021AC
S2140362E000220121EBF7AAFE07B05DF804FB1FB5F9
S2140362F0531C029100220821CDE900210122DBB2C2
S2140363001146EBF79BFE05B05DF804FB07B591F865
S2140363102830009391F82B3091F8292091F82A1011
S214036320E7F72CFF03B05DF804FB10B50446E6F769
S21403633035FC01462046BDE81040E6F735BC00298B
S21403634014BF21200020704738B5054610460C467A
S214036350E7F79AFFD5B1D5F8E030BBB15B69ABB1CF
S214036360421ED2B2FD2A13D90A68013204BF6FF067
S21403637001020A600A68FF281A6007D162680132C0
S21403638002D16FF00102626062685A60002038BD75
S2140363900128F2E738B50546EAF734F80446002143
S2140363A0A878E7F7D9FF204638BD2DE9F74F012532
S2140363B01C469DF83030064601930368174603F0E3
S2140363C0070306339D4005F1FF380B46A1B141682C
S2140363D004EA080BA5EB0B0A41F00059524509EBFA
S2140363E00B0114D952461846E5F792FB49467A1B29
S2140363F05A445044E5F78CFB019B2BB13C4448EAD6
S214036400050804EA0804F46003B0BDE8F08F1846F4
S214036410F0E737B5002514460095FFF7C6FF20467C
S21403642003B030BDE7F7ACBD0020704700207047CF
S214036430002070477047704730B54900044605682A
S21403644012B102291FD90339C90395B9E1B1B1FACB
S21403645081F3C3F12003C3F10F00012838BF0120E5
S21403646003F01F03D940A94201D901384908216026
S21403647030BDB5FA85F339B1B1FA81F29B1A002B18
S214036480E9DC0F20EFE700210F20F0E7012805D90C
S214036490023818BF4FF0FF30C0B270470120704774
S2140364A008B5E9F793FABDE80840E9F7B7BA38B58F
S2140364B00446FFF7F5FF0546FFF7F2FF431BA3422B
S2140364C0FAD338BD38B50D460446E9F77FFA35B139
S2140364D0844200D90139204601F0030138BD8442C5
S2140364E038BF0131F7E708B50121FFF7EBFFBDE839
S2140364F00840E9F793BA0B0C23F48053B3F5284FFF
S214036500F7B50D468FB2064699B216D04AF6010382
S214036510994214D04AF60203994212D0B1F5204F9D
S21403652014BF04240324D6F8E0300BB1196851B91C
S214036530D6F8DC3093B928680EE00024F3E701248C
S214036540F1E70224EFE7234668463A46E9F7C2FA3C
S214036550DDE90003002BEBD103B0F0BD1968002979
S214036560E9D0234668463A46E9F7B4FADDE900037C
S214036570002BE0D1F0E702F003BB0204C0F389135B
S21403658007D56FEA83536FEA935313F5007F18B268
S21403659006D0A3F1C8006FF4FF739842B8BF18463D
S2140365A070474FF0384359699A6903F500530A4018
S2140365B05A6170470E207047EBF7A4B8EBF7A2B802
S2140365C0EBF7A0B8EBF79EB808B50846EBF7C0FCA8
S2140365D008BDEBF797B802207047022070470020EB
S2140365E0704701207047002070470E207047002038
S2140365F07047E7F70FBD084611460122FFF741BB78
S21403660070B505460C4611461A46EBF753FD066869
S2140366102B462046B446BDE87040604710B5EBF7FE
S21403662049FDBDE8104083681847FFF710BEE7F73B
S21403663019BCFFF7A9BBE7F723B970B504460D46A7
S21403664016464FF4881100F01CF8324629462046B9
S214036650BDE87040E7F738BE38B505460C4604F08B
S21403666010F9D5F890301C40D5F88C302343C5F884
S2140366708C3004F001F9211E18BF012100204902C5
S21403668038BD38B504460D4604F0FBF8D4F8903010
S2140366901D40D4F88C3023EA0505C4F88C5004F06A
S2140366A0EBF8284638BD38B504460D464FF4881136
S2140366B0FFF7E7FF29462046BDE83840E7F72CBE3C
S2140366C073B50D7806460C4635B304238DF80430AF
S2140366D02379304601A98DF80530FFF738FB0546C8
S2140366E0B8B92278A37952BB8DF80430E3793046E3
S2140366F001A98DF80530FFF714FB054648B9237842
S2140367003BB161883046E6F7D9FE01213046FFF7F4
S214036710DBFC284602B070BD2946FFF7D5FC2946A8
S2140367203046FFF7F2FC29463046FFF7F6FC23789F
S214036730002BCAD123798DF804306379C9E7022286
S2140367408DF80420D3E7FFF7E0BCFFF7EEBC00208C
S214036750704710B50446EBF747FD21460020ECF7DB
S21403676097FBBDE81040002000F02BB970470120CE
S214036770704708B5EDF7BAF980F00100C0B208BD5E
S2140367804FF0FF30FFF79EBB70470020704710B5F1
S2140367900C4603F037FE048010BD38B50C4615468C
S2140367A003F030FE03881DB11C43A1B2018038BD3F
S2140367B023EA040189B2F9E708B503F023FE00884B
S2140367C008BD08B503F01EFEC07808BD08B503F083
S2140367D019FE008800F00C0008BD08B503F012FE91
S2140367E0008800F00C00031F5842584108BD38B516
S2140367F0054603F007FE04462846FFF7EEFF30B9CA
S21403680004F1100004F01DFA00F4406038BD4FF4A4
S2140368100060FBE738B5054603F0F4FD044628465A
S214036820FFF7DBFF014648B910342046042203F085
S21403683029FD2044BDE8384004F003BAA08838BDDB
S21403684010B50C4603F0DEFD848010BD38B5054652
S21403685003F0D8FD04462846FFF7BFFF30B904F11E
S214036860100004F0EEF900F4404038BD4FF4006029
S214036870FBE738B5054603F0C5FD04462846FFF793
S214036880ACFF014648B910342046062203F0FAFC52
S2140368902044BDE8384004F0D4B9A08838BD38B5E4
S2140368A0054603F0AFFD04462846FFF796FF01466C
S2140368B008B1201D38BD10340622204603F0E2FC42
S2140368C02044F7E708B503F09DFD007A08BD08B538
S2140368D003F098FD90F9090008BD08B503F092FD92
S2140368E0807A08BD08B503F08DFDC06808BD10B5F5
S2140368F00C4603F087FD047210BD10B50C4603F07A
S21403690081FD447210BD10B50C4603F07BFDC460D8
S21403691010BD2DE9F8430F468046002107F110000D
S2140369201646994603F0E2FD0446D0B103F06AFD2D
S2140369300546204603F082FD002102462846E4F77A
S21403694057FF00232046AB7049F00401FFF71FFFF3
S214036950A5F804802EB13A46314605F11000E5F756
S214036960D7F82046BDE8F883F8B505460F4610204D
S214036970002103F0BBFD0446B0B103F043FD064619
S214036980204603F05BFD002102463046E4F730FF65
S214036990002339462046B370FFF7F9FE25B12A4691
S2140369A00121204603F07AFD2046F8BD08B503F022
S2140369B029FD103008BD08B503F040FD1038C0B2FD
S2140369C008BD0020ECF78CB908B5ECF7E7FB002010
S2140369D008BD4088C0F30C00033080084000043034
S2140369E0704770B50E4605461146304603F07EFDE9
S2140369F0044635B128B103F005FD32462946E4F7CF
S214036A0049FF204670BD0088B0FA80F04009704701
S214036A1038B505880022044604F07DF905B12580C3
S214036A2038BDF8B507460D4600880021164603F024
S214036A3021FDB042044605D129463846BDE8F84054
S214036A40FFF7E6BF0021204603F014FDB04205D051
S214036A502046002103F00EFD0446F3E72A462046AF
S214036A60002103F01BFD32462846BDE8F84000210E
S214036A7003F014BDF8B5058807467DB1CCB22146B0
S214036A80284603F0F7FC8542064609D100233B80DF
S214036A9000222146304603F001FD35462846F8BD60
S214036AA0214603F0E7FC21460246284603F0F6FC9F
S214036AB0EEE72DE9F04707888246884614465FB31B
S214036AC0384603F0BBFC3D460646E4B2214628465C
S214036AD003F0D0FC4045814616D1214603F0CAFC9C
S214036AE021460246284603F0D9FC474504D14545CE
S214036AF008BF0025AAF8005000222146404603F0AE
S214036B00CDFC3046BDE8F0878742FAD003F096FC0A
S214036B1030444D4686B2D9E73E46F2E700220123CB
S214036B20C0E900237047F8B504460127002603F0A2
S214036B30B5FE23683BB903F0ACFE00226368012B65
S214036B400ED16360F8BD1D691F61266003F0A1FEC8
S214036B50012DF2D02B462D691E61012DFAD1E6E7F1
S214036B6019691A610B46EAE7036823B940680128E6
S214036B7003D0EDF75BB8002070474FF0FF30704747
S214036B80F8B5054603F078FF012306460027A860FC
S214036B902B7303F083FE2B6802467BB11C692169C5
S214036BA0A1420CBF2F6019612761104603F071FEE6
S214036BB0012C08D0204663689847EAE76C68012CE6
S214036BC004D103F066FE00232B73F8BD6169711AC6
S214036BD0B1F1004FF5D8216969602361E5E702202A
S214036BE0704702207047002070470144884201D155
S214036BF00120704710F8013B9342F7D000207047FE
S214036C0070B50146064692B00020EBF719FD044620
S214036C1070B9FDF7F1FF054601466A462046ECF7D4
S214036C2055F86A46294620468DF80260ECF704FBC1
S214036C30204612B070BD00B593B0FDF7DDFF6A467F
S214036C4001460020ECF742F89DF9020013B05DF808
S214036C5004FB00B593B0FDF7CFFF6A46014600205C
S214036C60ECF734F89DF8000013B05DF804FBEBF77F
S214036C70F1BF012070477FB54FF6FF7101AAEDF70C
S214036C8047FA20B1BDF80C0007B05DF804FB4FF6D9
S214036C90FF70F9E708B51046EEF700FABDE80840BE
S214036CA0EEF7BABA70477047704770477047704739
S214036CB07047704738B54FF6FF750D800C46F6F7EC
S214036CC0B1FA2080A8420CBF2D20002038BD002139
S214036CD000B593B06A460846EBF7F8FFBDF8060022
S214036CE013B05DF804FB002110B592B004466A4663
S214036CF00846EBF7EBFF00216A460846ADF8064068
S214036D00ECF79AFA12B010BD002100B593B06A46AC
S214036D100846EBF7DBFFBDF8040013B05DF804FB91
S214036D20002110B592B004466A460846EBF7CEFF3C
S214036D3000216A460846ADF80440ECF77DFA12B027
S214036D4010BD70472DE9F04F87B00C4691460746B5
S214036D50FFF73CFD0546661C304603F072FF042D24
S214036D6040F090803846FFF721FE0378092203F0AF
S214036D700303012B14BF022303230121204603939D
S214036D8003F080FA092200210546204603F07AFA2A
S214036D9021788DF8170001390022204689B2FFF7C3
S214036DA020FE04EB09088346F0B14FF0010A2A4699
S214036DB00146CDF800A003980DF11703FBF7DDFE9F
S214036DC00228054626D1584603F038FB00222070D9
S214036DD0C0B2431E00929BB252465946304604F058
S214036DE029F82378534423703846FFF7E5FC02045A
S214036DF024D498F8013021789B071FD50139A1EBDD
S214036E0009013A464046C9B2F1F706F92378184411
S214036E10207013E020B92070284607B0BDE8F08F35
S214036E20032809D1404603F00CFF20F4007189B211
S214036E30404603F008FFD7E70428D5D101250022F2
S214036E4020462178FFF7CDFD07460028E4D04FF013
S214036E5000080146434601224046CDF80080FBF772
S214036E608CFE022819D1384603F0E8FAC2B2013A7A
S214036E70207093B2394601223046CDF8008003F0E5
S214036E80D9FFC9E780F0800520F0800081B2304644
S214036E90C5F3C01503F0D7FED1E70028BCD1207098
S214036EA0BAE708B50020FFF764FC80F00100C0B223
S214036EB008BD0A4608B501460020EDF777FBB0FA91
S214036EC080F0400908BD0020ECF7EABA0021084626
S214036ED0EBF78EBF0020FFF74ABC70B5044603F0FD
S214036EE0B0FE042200210646204603F0CBF92044D8
S214036EF003F0A7FE032205460021204603F0C2F94D
S214036F00204403F09EFE4FF6FF730540ADB29D424C
S214036F1014D1F30712D506220021204603F0B2F956
S214036F20204403F08EFE0446EDF7B2FB844214BF02
S214036F3002240624EDF7A6FB204070BD2046FBF78F
S214036F40EDFFC400E4B2F5E708B5FFF7C6FF003867
S214036F5018BF012008BD0120704710B50446FEF790
S214036F601DFB08B9FEF71CFB03050FD40C231B2BD4
S214036F7001D1002009E020FA03F1C90703F1010259
S214036F8006D5DBB2E31A5842584110BD0B23F9E786
S214036F901346ECE710B50C46098819B90846F7F707
S214036FA099FC2080012010BD08B510461A4600F053
S214036FB08CFABDE8084003F0E2BD70B504460D4602
S214036FC0164692B06A46EBF781FE6A462946204685
S214036FD08DF81F60ECF730F912B070BD10B50C4693
S214036FE0EDF732FF2046BDE81040EDF743BE01291A
S214036FF0F8B505460C461DD003291ED0052920D01A
S214037000072922D00026002400270120EBF7B0FD35
S214037010304485421DDA0320EBF7AAFD204485425F
S21403702019DA0520EBF7A4FD38448542B4BF0720E0
S2140370300520F8BD6FF00406E5E76FF004040526A7
S214037040E2E700266FF00407DFE70024052726465D
S214037050DBE70120EDE70320EBE738B1437949008E
S21403706023F00C0301F00C010B434371704710B57A
S214037070044678B141794088490801F00601013198
S214037080000AFFF7B4FF024601462046FFF7E5FF76
S214037090104610BD0722FBE738B50D46EDF7C2FED6
S2140370A0044608B9002038BDFFF7E1FF002DFAD1EA
S2140370B0237913F00703F5D0984238BF1846C0B2B9
S2140370C0F1E7EEF7BDB80022EEF7E0B900210122A2
S2140370D008B5EEF7DBF9401A18BF012008BD38B52E
S2140370E01546FFF7F0FF0446284603F087FE84B1F3
S2140370F0FF2804D0626822FA00F3DB0701D50120DB
S21403710038BD0123834013436360E3780133E370A0
S214037110F5E72046F4E7EEF713BC10B503F072F973
S21403712000F11004204603F08CFD20F4007189B2B0
S2140371302046BDE8104003F086BD2DE9FF41154605
S214037140019101218DF80D301B0A8DF80E309DF844
S2140371502C308DF80C008DF80F3028460423009150
S21403716003AA9DF828809DF830709DF8346001F0DE
S21403717016FB044670B12946FFF762FBB8F1000F11
S21403718002D12046FFF7C9FF2FB146B93146204644
S21403719001F0D0F80024204604B0BDE8F0810022B8
S2140371A020461146EEF752FBF4E74FF47A70EEF7FB
S2140371B0A7BC08B5ECF74EFDBDE808400020EEF787
S2140371C0A5BD00B58BB06846EEF776FC009BBDF810
S2140371D0060004A90693EEF715FC0BB05DF804FB56
S2140371E01FB504466846EEF767FC02AB03CB206088
S2140371F0616004B010BD1FB5062304468DF80C303D
S214037200EEF7DEFE00238DF80D00CDE900330121F5
S2140372100223204603AA01F0C2FA04B010BD38B513
S214037220002208210546FFF7E0FC044698B9FFF75D
S2140372304EFD22464FF6FF71EFF71AF92846297CD2
S214037240EEF794FD287C6A69E989F0F78FFCEEF780
S21403725005FD204638BD0120FCE770B50C46054603
S2140372600120EFF791FC237B4BB1FFF730FD01467E
S21403727023462A46BDE870400120EFF717B94FF6BC
S214037280FE71F5E7F8B50E460746FFF78FFB054692
S21403729003F0D7FC00F44040B0F5404F14BF002283
S2140372A0062202F10A03EB5C0B325C0004F00E04C8
S2140372B05B08144403F0380338461C44FFF77BFB93
S2140372C0844208D2001BC2B20F2A28BF0F223046C0
S2140372D02919E4F71DFC2046F8BDECF7BBBC40F6C5
S2140372E02740F0F7C1B9FF224FF6FF71F0F7F0BA67
S2140372F007B500210DF10700F0F722FC9DF8070003
S21403730003B05DF804FB13B5044601A90020F0F7AB
S21403731017FC019A01462046F0F728FC204602B0E7
S21403732010BDF0B50F46002187B004460846164642
S214037330F0F706FC012305460DF10A008DF8084018
S2140373408DF80930FFF74CFF092C1DD131460DF19E
S214037350120003F078FC05AB002102AA9B1A28460C
S214037360CDE90011DBB2642101F019FA0546E0B15C
S214037370092C15D1F0F744FC044688B12846F0F7EB
S21403738053FC204607B0F0BD31460DF113008DF8CF
S21403739012704FF6FF7503F056FC0DF11503DBE78D
S2140373A0284600F014F80446EBE70446E9E738B548
S2140373B004460D4603F03CFD40B1AC4206D02046E1
S2140373C003F02DFDBDE8384000F0ACBF38BD10B566
S2140373D00446FFF7EBFA023003F033FC4FF6F7737D
S2140373E09842204603D9BDE81040F0F797BDF0F762
S2140373F0D7FDB0FA80F0400910BD01207047002287
S214037400F0F7C4BC70B504460088FFF7CFFA05460C
S214037410043003F016FC0646A81C03F012FC0546CF
S21403742003F025FB3046F1F7A1FF30B92846F1F704
S2140374309DFF10B1284603F0FBFCA378002023F041
S2140374400F03A37070BD70B50546FFF7AFFA064687
S214037450284601F0C8F901462846F7F76FFE0446AA
S2140374602846FFF7D7F94FF6F773984208D83378CC
S21403747003F00303012B05D1A31E5842584170BDE8
S2140374800120FCE70020FAE741F2033330B585B06C
S2140374900D46ADF808300446FFF719FC8DF80A00D0
S2140374A0FFF715FC0021000A8DF80B000523204684
S2140374B0CDE9001102AA8DF80C5001F070F910B155
S2140374C02146FFF79CFF05B030BD2DE9F041044689
S2140374D017460D46E1B13F294FF0000600D1354669
S2140374E02046FFF773F9082814D10121204602F03D
S2140374F0C1FF064602F0A2FF0446304602F082FFB2
S2140375003B4601462A46E0B2BDE8F041FDF718BC0B
S2140375100126E5E72046FFF759F9024630B9BDE8EC
S214037520F0414FF6FF71012003F054BB2046FFF7EE
S2140375305EF9B0F5006F0ED12046FFF76BF94FF6F4
S214037540FF739842014617D0002D0CBF0320052079
S214037550002203F03FFB29462046EEF72FFA68B9D0
S21403756029462046F1F7A0FE40B932462946204672
S214037570BDE8F041F0F758BE0120E9E7BDE8F08129
S2140375807047704737B54FF6F675FDF738FB431E61
S2140375909BB2AB420446F8D8EDF744FC0028F4D17E
S2140375A069462046ECF760FF0028EED0204600F040
S2140375B09AFE0028E9D12046FFF788FD0028E4D18B
S2140375C02046F1F7D3FE0028DFD1204603F030FC37
S2140375D00028DAD12046FDF71DFB0028D5D120462A
S2140375E003B030BD73B504460E46F1F7BFFE05463D
S2140375F088B92046F1F714FF21462B460D224FF695
S214037600FD70009500F0A1F83146204602B0BDE8B3
S2140376107040F1F7C7BE02B070BDF7B504460D461D
S2140376201746FFF754FB0646002D3FD04FF6FB7375
S2140376309C423BD82046F1F799FE08B1A64235D0C6
S2140376402046F1F793FE10B1012003B0F0BD2046AB
S214037650FDF7E0FAC0B1A642F6D0F4B1694620467B
S214037660ECF702FF0246C0B908216846FFF7BDFAE9
S21403767098B9082269462846E4F706FC68B1294605
S2140376802046FFF7AFFFDFE7A642E6D12846ECF732
S21403769059FF10B900F03DFED6E73FB12146284614
S2140376A0EDF766FD21462846F5F7A2FD0020CCE758
S2140376B037B5054614460C2914D8DFE801F02C1319
S2140376C02C13131307131313132424006946ECF720
S2140376D0CBFE18B901216846F5F788FE41202946F6
S2140376E0F8F7A8F9D4B12046FFF760F9023003F0A3
S2140376F0A8FA4FF6F773984210D9204603B0BDE8B0
S2140377003040F0F7C1BC40F6144040F613430B2953
S21403771008BF1846E3E700F0EDFDE3E703B030BD2E
S2140377201FB50346084603218DF80D308DF80C105F
S21403773001230021ADF80E20CDE9003103AA04236E
S21403774001F02DF805B05DF804FB2DE9F34106467C
S2140377500F4614461D469DF82080FFF7B8FAB04240
S21403776007D100222146384602B0BDE8F041FFF7B4
S2140377709FBF3A4631462046FFF7D2FFADF80600D4
S21403778060B10D2C05D100224FF6FF71282003F0BF
S21403779021FA35B9BDF80600FFF719FE02B0BDE8B9
S2140377A0F0810123424629460DF10600ECF7A6F9BF
S2140377B0BDF80630002BEDD1F0E7F7B50C460546CD
S2140377C0FFF7F4F8611C06462846F7F7B7FCA11C3A
S2140377D00746284600F02AFF014604463846FDF7CA
S2140377E047FA0D2F34D12046F1F7C0FD78B1301D8E
S2140377F003F027FA04462846F679FFF73AF83146A7
S2140378000246204603B0BDE8F040FFF768BCB01C54
S21403781003F017FA4FF6F773984202D92846F0F7A3
S21403782033FC2046F1F7FCFDFFF751FAA04205D1E1
S214037830002003B0BDE8F040FFF7A2BE6B46B06879
S214037840F16803C369462046F1F7ACFD03B0F0BD0B
S2140378502A463946204603B0BDE8F040FFF728BF66
S21403786014220021E3F7C4BF2DE9F04F11F00F07F0
S21403787004460E4615468FB05CD10120E1F736FC70
S21403788009A8FDF7F3FA092309A88DF82430FDF7B4
S214037890F1FA09A8E1F7FCFB01A909A8FDF77BFCAF
S2140378A026F00F08A84404F1100904F10F0A454511
S2140378B011D1236901A93344236109A8FDF750FCBC
S2140378C00020E1F713FCB6F1005F28BF27273846F0
S2140378D00FB0BDE8F08F05AA23469646944618686F
S2140378E059680833ACE803004B456246F6D12B468D
S2140378F0224605F1100B53F8041B5B4542F8041BA4
S214037900F9D1714609A8FDF72BFC09A8E1F7C0FBDE
S214037910224621460120E1F7A5FB013D631E13F82D
S214037920012F15F8011F534582EA01021A70F6D19A
S2140379305D46BCE70227CAE7F0B5174685B005469D
S2140379400C46102200216846E3F752FFBFB3C4B3C8
S2140379500F2C04F00F0608D924F00F043A462146EC
S2140379602846FFF781FF40BB274432463946684620
S214037970E4F7CEF880222F6906F1100337446B44F0
S214037980B7F5005F03F8102C2F61C6F110061AD363
S214037990062E1FDDFB001A0E8DF80A201A0C5BBAA2
S2140379A08DF80B20ADF80C306A4610212846FFF7F9
S2140379B05BFF00202B69103B2B6105B0F0BD3E46F4
S2140379C0D8E72646D6E7022E04DDFB005BBAADF801
S2140379D00E30E9E76A4610212846FFF745FF2B6974
S2140379E01022A3F11004002168462C61E3F700FF80
S2140379F0B7F5005F4FEAC403CDD2E7E770B50E468E
S214037A00054686B001A81446FFF72AFF32462946E4
S214037A1001A8FFF791FF2246054601AB05AE1C46BB
S214037A2003CCB44210605160234602F10802F6D13B
S214037A30284606B070BDF1F74BBD0A460021F1F7A4
S214037A4047BDF0B58BB00C4601A9F1F741FD0546DD
S214037A5080B325220021E01CE3F7CAFE0123A370AE
S214037A600E23BDF810702380FA0510D523464FF475
S214037A70877206AE23F8042B0DF1280C324603CA90
S214037A80624518605960164603F10803F6D13B06B3
S214037A9005D5238843F080032380069B636001ABF0
S214037AA003CB039BC4F81D00C4F82110A361F2F7AF
S214037AB0F3FE606128460BB0F0BD30B505460C46B4
S214037AC087B001A8FDF7D2F92868696802AB03C33B
S214037AD09DF8113043F002028DF8112074B122880C
S214037AE0510644BF43F006038DF81130530542BFD9
S214037AF09DF8113043F008038DF8113001A8FDF707
S214037B00B0FAB0FA80F0400907B030BD2DE9F34172
S214037B100F460546164602F091FC4FF00008C41BBC
S214037B20E4B2294623463A463046CDF8008003F0B1
S214037B3081F90121284602F09DFC88B101212846DF
S214037B4002F098FC074602F079FC0546C3B24246AB
S214037B5030193946CDF8008003F06CF92544ECB2B1
S214037B60204602B0BDE8F0812DE9F04F85B00C4603
S214037B70054691461F464FF0010ADDF838809DF80A
S214037B803CB002F05BFC22463B4629460646CDF84F
S214037B9000A0484603F04EF95146284602F06AFC18
S214037BA03C4418B35146284602F064FCF6B2B4428D
S214037BB0814610DAE7B2F31BDBB24046224629467B
S214037BC0CDF800A003935F4403F034F9039BBF1B77
S214037BD0984407F0FF0B012300220E9349465B46A9
S214037BE0404605B0BDE8F04F03F024B95B46224695
S214037BF02946CDF838A0F3E72DE9F041002686B0F4
S214037C00074608460C4615469846CDE9026604968E
S214037C108DF8146002F012FC411BCBB20D2B28BF6B
S214037C200D232A462146009602A803F003F942468E
S214037C3002A93846F1F7A2FD0646294620469DF8D6
S214037C400820F7F78FFA304606B0BDE8F0812DE935
S214037C50F04F0E46CBB00121054617461C4602F0F0
S214037C6009FC23463A462946814606A8FFF7C4FF81
S214037C700DF1280A00EB070B5246314628465FFAF9
S214037C808BFBFFF743FFB34503D200204BB0BDE8A1
S214037C90F08FABEB06085FFA88F808F10403984206
S214037CA0F3DB331F18440423C4B20193A31BDBB2D4
S214037CB00093524643460021CDF808A006A8E1F7F4
S214037CC085F90028E1D1A4EB0B040AEB0803E4B220
S214037CD0524628463146009301944346FFF744FF35
S214037CE039462846F7F72AFA394600F0F8022846B6
S214037CF0F7F738FA0121284602F0BCFB002818BF24
S214037D004D462846ADF8165002F098FB011FC9B23F
S214037D100DF1160000F04FFC0120B7E72DE9D8411E
S214037D20064600F060FD411C044689B2304600F06A
S214037D302DFD98B394B321463046F7F7FFF900F0CC
S214037D400C03042B074629D000F00308B8F1020FF2
S214037D5000D11BBB384600F0B0FD3B060444A4B27A
S214037D6016D5611C304689B200F010FDB0B121462D
S214037D703046F7F7E3F9B8F1010F014600F00303C5
S214037D800CD0032B0AD0384600F0A6FD03199CB28C
S214037D9021463046BDE8D84100F0F8BC0020BDE8D7
S214037DA0D881F8B5064600F0E0FC054604463046A2
S214037DB0FEF7FCFD43785B0718D5AC1CA4B221463E
S214037DC0304600F0E3FCB8B129463046F7F7B6F97B
S214037DD00746691C304689B2F7F7B0F91FB18742E8
S214037DE001D8FF2808D104EB4704A4B22146304645
S214037DF0BDE8F84000F0CABC0020F8BD13B5044641
S214037E0001A8F1F713FFBDF80430DA0710D49B0777
S214037E1007D410220021204602B0BDE81040E3F745
S214037E20E7BC224621461020FFF7E8FD0028F0D1E4
S214037E3002B010BD024608B5F1F720FF510544BF56
S214037E400838C0B2130544BF0838C0B208BDF0B541
S214037E50D30705460C468BB04AD5008800F0C3FC12
S214037E6000230646029314B9CDE9034403AC00226B
S214037E7008212046FEF7B9FEA8B12888FEF796FD2E
S214037E80023002F0DEFE21460746ECF7EDFA50B16B
S214037E90002240231146384600F005FA40F609450D
S214037EA028460BB0F0BD31462888F7F747F910F09F
S214037EB0030F0CBF01260026F1F74EFB46EA4000EF
S214037EC0C0B200900021204602AB05AAF3F720F9C2
S214037ED00546F1F741FB0028E2D0002DE0D0002153
S214037EE02046009602AB05AAF3F712F90546D7E734
S214037EF040F60A45D4E700231A46F3F775B830B5BB
S214037F008BB005AD04462846FCF7B0FF022328468F
S214037F1001A98DF81430FDF73EF9234601AA14464D
S214037F2003CCAC4218605960224603F10803F6D12D
S214037F300BB030BD08B50023024619461846F3F7C2
S214037F4053F8012008BD37B504466846F3F7C4F86E
S214037F50054648B1082221466846E3F795FFB0FA7E
S214037F6080F0400903B030BDFF2208212046FEF70B
S214037F703CFE034628B106212846FFF7BCFF012036
S214037F80F0E722460146F3F72FF8F8E707B5684609
S214037F90F3F7A2F810B16846FDF76CFA00F001009B
S214037FA003B05DF804FB0120F3F76CBD704730B5F2
S214037FB00124054689B003A8FCF758FF01A88DF8ED
S214037FC00C40E1F7C3F89DF806209DF80730AA4257
S214037FD009D0AB4209D103A88DF80D40E1F758F854
S214037FE0012009B030BD0024F5E70020F9E70022A0
S214037FF01021FEF7FABD70477FB50D4600F58230B7
S2140380000D22694600F58070D5F73AF86B462A4686
S21403801002AE1C4603CCB44210605160234602F104
S2140380200802F6D1206810602379137100236B735E
S21403803004B070BDF0B585B06A4605460B461646D5
S21403804001F10807144618685968083303C4BB428D
S2140380502246F7D118680D2220601B7905F5823079
S2140380603146237100F58070D5F736F805B0F0BDBC
S21403807038B504460D46E0F75BFBA04205D920461B
S2140380802946FFF7B9FF002038BD2820FCE730B5A6
S214038090002485B08DF80040E0F74AFBE5B2A8421D
S2140380A004D8F5F707F8002005B030BD6946284622
S2140380B0FFF7C0FF0134EFE738B50446002002F0AF
S2140380C0ACFEFF2805460FD002F0AFFE10F001000D
S2140380D009D0284602F0A9FE400840EAC17080F0A5
S2140380E0010000F0010038BD04F00100FBE7014683
S2140380F0F8B506460020F4F717FFFF2801D0012045
S214038100F8BDE0F705FB00240546871CE0F704FBF3
S214038110E3B2984201D80020F2E735F82430B342A0
S21403812003D117F82430002BE9D10134EEE738B534
S2140381300D460121044602F09DF930B10121204687
S21403814002F098F92880012038BD20462C8000F0E4
S21403815020FC0130C0B2F7E72DE9F04788B00746A8
S214038160894610460DF10A011D469046FFF7DFFFCC
S2140381704FF0000ABDF80A6004463046CDE905AA6A
S214038180CDF81BA002F05AF9031BDBB20B2B28BF5A
S2140381900B2322463146CDF800A005A802F04AFE7E
S2140381A048F21F039D4243D00BD885F40043012BAE
S2140381B015D923464246494628460097FDF7A7F9B0
S2140381C033E048F23A039D42F3D1FEF780FDB8420E
S2140381D02BD02246414605A8FDF7CAF925E09DF8AF
S2140381E0143013BBBDF81D40DDF81500DDF819107B
S2140381F003AB03C3204603A9E0F78EFC0122204607
S21403820003A9FFF70AFAA74206460ED0012103A8E0
S214038210F5F7ECF848F201039D4206D12EB9334632
S21403822032463946204600F058FC08B0BDE8F087D1
S2140382309DF81450002DF8D12F469DF81580023472
S214038240EAB24245F1D2D200D2B2224408233146E2
S21403825092B2009703A8CDE9037702F0EBFD03A8DB
S21403826000F074F802F0DBFD00F05CF80135E7E798
S21403827010B50024418084800480C280038110BD31
S21403828013B5BDF81040CDE900340023F5F77CFBA9
S21403829002B010BD13B5BDF8104001900094F5F779
S2140382A073FB02B010BD07B500930123FFF7F2FF7F
S2140382B003B05DF804FB0123F5F70CBC38B505469F
S2140382C0EFF79EFC0446E0F73FFAA40144EA402099
S2140382D0284038BD7047704700207047FF2070471E
S2140382E0002070477047002070474FF6FF707047B6
S2140382F00020704770470020704770470020704783
S2140383007047002070470020704770477047002072
S214038310704770477047002070474FF6FF707047EE
S214038320172070477047704770477047704770470D
S21403833001207047012070470020704700207047D7
S2140383407047704770474FF6FF7070474FF6FF70E1
S2140383507047002070470020704700207047704722
S214038360002070472DE9F04F002785B081460C4664
S2140383707E2039469846BDF83CB09DF844A0BDF82B
S2140383804C500192ADF80E7002F0B0F80646002885
S21403839000F0AA8002F036F839467E22E3F728FA80
S2140383A0304602F02FF80090304602F02BF8B9F171
S2140383B0FF0F0CBF274644F003073B0A14F4406242
S2140383C0077043705FD14FF00808C31C1846424637
S2140383D00199E3F75FFA034604F44044434484B147
S2140383E0790606D419464FEA1B2201F802BB5A70D7
S2140383F00B46B4F5004F56D0A4F5404254425441C0
S214038400E400224618460E99E3F744FA009A034618
S2140384102044A0EB02085FFA88F89DB14FF47C5223
S2140384201A53841C284601F0EDFF8346284602F0C3
S21403843005F8C5B22A4659462046E3F769FB601994
S2140384400235EDB2B9F1FF0F2FD05246109900F85E
S214038450019BE3F75DFB08F101015AFA81F1294418
S2140384603046EBF7E1FA0C210022FF0007F0800705
S21403847010463943FEF778FAADF80E00E8B9002047
S21403848005B0BDE8F08FB2F5006F80F803804FEAC1
S214038490182880F8048000F1050314BF4FF008087D
S2140384A04FF0020892E70224ABE708EB0A012944DF
S2140384B03046EBF7B9FA0821D6E7304601F0A2FFBB
S2140384C00446304601F0BAFF0123024621460DF169
S2140384D00E00EBF713FB0028D1D10121BDF848208D
S2140384E0BDF80E0001F0DAFFBDF80E00C8E710B5C0
S2140384F00C46098821B90846F6F7ECF9208008B13E
S214038500012010BD0220FCE72DE9F04780460F4608
S2140385100646002402F1FF39BC4202D219F8015F75
S21403852025B9A6EB080080B2BDE8F0879A46A5F108
S2140385303102012A5AF8041B10D83246322D02F8AB
S214038540011B06D10134A4B2A74232D30912B21CCE
S2140385507170013453461646A4B2DDE7342D0CD1B0
S2140385600334BC42DDDA0B0A317073700B0C090E50
S214038570B370321DF170A4B2EBE7A5F13302062AFD
S2140385800DD8303DADB22B19BB42CADA2A46304667
S214038590013CE3F77FF915FA84F47219EBE7A5F1CA
S2140385A04102062A01D8373DECE79D8803F1080A05
S2140385B0E9E71646B5E770B5054600880C4601F0B0
S2140385C03DFFA04228880AD201F038FF0023221A72
S2140385D019462846BDE8704092B2EBF78FBA21469B
S2140385E0EBF722FA002070BD38B5054601F00AFF06
S2140385F00446284601F022FF002201462046BDE835
S2140386003840FEF7EEB9F8B516460C461D46BDF8DB
S214038610187001F0F7FE0444304601F0F3FE3A46C4
S21403862041192046BDE8F840E3F734B970B50C4667
S214038630013189B20646F6F781FD214605463046E6
S214038640F6F77CFD00EB052080B270BD1FB5012355
S214038650ADF80C2000930A460223014603A802F055
S214038660E9FB05B05DF804FB0FB437B5069D0021A2
S214038670A8B201F03BFF044601F0C4FE2CB1002271
S21403868007AB0193D1B28D4205D8204603B0BDE8AF
S214038690304004B0704753F8041B81540132F1E7AD
S2140386A073B504460D4640200021164601F01EFF12
S2140386B0ADF8060001F0A6FEBDF8063013B900209B
S2140386C002B070BD402133462A462044FFF71CFF04
S2140386D0211889B20DF10600FFF76DFF0028EED1D1
S2140386E0BDF80600ECE70EB403B503AA52F8041B64
S2140386F00192FFF7D5FF02B05DF804EB03B07047B5
S2140387002DE9F7430F4601218146164601F0B2FED6
S214038710054658B1FFF768FF308088B9284601F050
S2140387208DFE68B1192003B0BDE8F083484601F01A
S21403873085FEFF2FA0EB0704E4B214D014B93480EF
S2140387400020F0E72A4621462846FEF74AF98046E7
S2140387500028E7D03B464A4629460094FFF753FFD6
S214038760A6F80080ECE70120DDE708B5FEF71EF962
S214038770437803F001001A074CBF10300830DB06BD
S21403878044BF0830C0B21030C0B208BD10B50C46A6
S21403879001F054FEA04234BF0020012010BD7FB577
S2140387A014460091024641F2092141F609209DF83C
S2140387B020601D46002E18BF0146099B0020F6F7D1
S2140387C0E5FCADF80E0010B9002004B070BD01231F
S2140387D02A4621460DF10E00EBF790F90028F3D157
S2140387E0BDF80E00F1E738B50546FFF7BEFF0446B1
S2140387F0284601F023FE631C9BB283420FD828460B
S214038800FEF7D4F843785B0707D521462846F6F7E4
S21403881095FC013004EB4004E4B2204638BD002446
S214038820FBE71FB5ADF80E0001F008FE0446BDF8E1
S2140388300E00FFF7D8FF00F10E03DBB2BDF80E20E3
S2140388400146E01A80B200901046FFF7DCFEA4F162
S2140388500E0189B20DF10E00FFF7ADFE04B010BD98
S2140388604278034612F0080006D0D20702D403F17A
S2140388700800704703F10900704737B505460C46F4
S214038880FEF794F8437813F0100212D09CB103F06D
S21403889001021B074FF000032946009320464FF0C2
S2140388A0080354BF1832203202F0C4FA012003B082
S2140388B030BD1046FBE72046F9E700F00303012B23
S2140388C008D0C30606D400F00C000C2814BF0820FA
S2140388D00920704702207047034611F0030005D0B5
S2140388E003F00303022B14BF022003207047F8B5DE
S2140388F00C46064601F0A2FD631C834202D90025FE
S2140389002846F8BD21463046F6F718FC0746FFF71B
S214038910D4FF3B060546F3D50444304601F08EFDEE
S214038920A4B2631C9BB28342E9D821463046F6F7CD
S21403893005FC01463846FFF7CFFF2844C5B2DFE7FC
S21403894070B506460D46FFF7D2FF044610B900245D
S214038950204670BD29463046F6F7F0FB8206F7D56B
S214038960304601F06BFD2544ADB26B1C9BB28342CF
S214038970EDD829463046F6F7E1FB00F01803082B3E
S21403898014BF05340634E4B2830644BF0834E4B2A5
S214038990DEE738B50546FFF726FF044608B900208C
S2140389A038BD01462846FFF7CBFF0028F7D0204402
S2140389B0C0B2F5E72DE9F04387B005460C46FDF750
S2140389C0F5FF804602F03DF907462846FFF70BFF02
S2140389D0064601462846FFF78AFF00220346009212
S2140389E02946324602A802F025FA9DF8086006F0EA
S2140389F00C030C2B06F003090BD0B9F1010F59D069
S214038A00F10657D49DF809300DF10A05002063716D
S214038A1007E0FF230DF10900637102F012F90DF16F
S214038A200B05208198F80130DA0704D508F1020017
S214038A3002F007F92081B9F1010F5FFA89F83DD0FA
S214038A40F3063BD4284602F0FCF86080A81C02F02C
S214038A50F8F8053515F8013C208023712B78B0060D
S214038A60A37206F0400348BF43F02003390627D518
S214038A7043F40073F80448BF43F48063390548BFE2
S214038A8043F400633206E38011D56A7812F00302DA
S214038A900DD06FEA43436FEA5343A978B8F1020F48
S214038AA0E3800B4611D1EB7841EA0321218107B01D
S214038AB0BDE8F083FF230DF10905A7E7FF23CCE705
S214038AC07A0648BF43F48073D4E7012A04BF0B0237
S214038AD09BB22381EBE7F7F70BB80BB1F7F774B844
S214038AE00AB9F7F7EDB8FF21F7F716B8431C08BF26
S214038AF00020E4F733B90000034B5868C0F30800BE
S214038B00003818BF0120704700ED00E0014B1868DD
S214038B10704700BFB8660020084B1B6F03F00703BF
S214038B20022B04D0032B05D0012B05D0FEE7044B04
S214038B3018687047034BFBE70348704700800050F4
S214038B40B8660020C0660020002D310108B5FFF787
S214038B50E3FF054B1B6FC3F301330133B0FBF3F0A5
S214038B60024B186008BD00BF00800050B4660020AA
S214038B700048704700B4C40400487047002D310114
S214038B80014B1868704700BFC0660020174A9368F9
S214038B90C3F304430C2B0AD8DFE803F00B090909D7
S214038BA00909072119091B1D1F00114870470020DA
S214038BB07047936803F04073B3F1807F11D0B3F12D
S214038BC0007F10D0002B0B4818BF002070470A48C0
S214038BD070470A4870470A4870470A4870470A4869
S214038BE070470A4870470A48704700BF0040015A5A
S214038BF0405DC60000093D00C0EA210180BA8C0131
S214038C000048E801005A62020024F40080841E0033
S214038C1040420F00014B1868704700BFBC66002037
S214038C2007B500F065FC6A4600F0C2FC18B14721A0
S214038C30034801F028FFDDE9000103B05DF804FBFB
S214038C4083B703000229F8B596BF104B00245C5C7B
S214038C50012805460E4608D0022809D008B944F074
S214038C6002040B4B1F6837B9F8BD44F00804F8E755
S214038C7044F02004F5E77B681A68144203D03146B3
S214038C8028465B6898473F68EDE700BFF651040047
S214038C900C3E002038B5104D2B78ABB10F4C237823
S214038CA01BB100F031FA00232370002001F0FEFE12
S214038CB00B4C50B100F07AFA0023012120782B7078
S214038CC0FFF7C0FF0123237038BD0122054B1A703E
S214038CD02278054B1A70F7E7D45C0020D25C00209C
S214038CE0D95C0020D55C0020D65C00200E490B78AA
S214038CF0FF2B01D198B170470BB990B97047002884
S214038D0014BF0122FF2213440B7060B1074B1B787C
S214038D10012B08D9064B1B782BB9FFF7BBBF1A46A6
S214038D20F1E70122EFE77047D85C0020D95C00200A
S214038D30D55C002010B501F0A4FD064B04461B7855
S214038D401BB1BDE8104001F097BDFFF7A3FF204617
S214038D50F7E700BFD15C002002282DE9F04147D099
S214038D6029480378FF2B41D1002941D11A461344E1
S214038D70DBB2037000293BD0244E3278012A37D960
S214038D80002B3ED001F07DFD214F04463B780BB30C
S214038D90204D2B781BB901222A701F4A1370DFF867
S214038DA07C8098F8003023B100F0AEF9002388F8F1
S214038DB00030204601F060FD012001F077FE01F04F
S214038DC060FD2B7804461BB100F0F0F900232B70EE
S214038DD000233B70204601F04FFD01243078A0426B
S214038DE006D02146FFF72EFF347001E013B931B9E0
S214038DF0BDE8F081002914BF0122FF22B7E7012254
S214038E00B5E70224EAE700BFD85C0020D95C00205F
S214038E10D45C0020D15C0020D55C0020D25C00200E
S214038E202DE9F04385B0EFF3108572B6AFF30080FB
S214038E3001F011FF002800F09280624E624F3378F3
S214038E4023B10020FFF752FF00233370387878B938
S214038E5003A900F01DFB044650B95C4B039A1B683C
S214038E609A4200F284800120FFF740FF012333700B
S214038E703B78002B40F09980554B1B78002B00F075
S214038E8091804FF00208534CDFF8689120784045F4
S214038E9007D099F8003013B94146FFF7D3FE84F89C
S214038EA00080B8F1020F0FD1DFF8248198F8003064
S214038EB053B9494B1B7823B900F020F90122474BDD
S214038EC01A70012388F80030207800F0F7F899F834
S214038ED0003013B1424B1B782370AFF30080284653
S214038EE001F0DFFDEFF3108572B63E4B1A7852B1F0
S214038EF000221A703A4B20781B78984203D101213E
S214038F002170FFF79FFE384800F082FA01F0B7FEA3
S214038F108046002893D12E4F3B789BB189F80000FA
S214038F20DFF8B89099F800301BB100F0EDF889F837
S214038F300080002001F0BAFD002839D000F036F991
S214038F4000233B70337823B10020FFF7CFFE0023C6
S214038F50337000212078FFF775FE00232370AFF3EC
S214038F600080284605B0BDE8F04301F09ABD1F4BCC
S214038F70D3F8008000F048F9039B80449845BFF47B
S214038F8072AF00F03BF98200039942F0020292B2FC
S214038F90CDE900422346164AA1EB0801124801F028
S214038FA087FD65E700F09CF86BE74FF001086AE77A
S214038FB0012000F083F8284601F073FDEFF31085D7
S214038FC072B6B6E7D35C0020D85C0020143E0020BF
S214038FD0D45C0020D95C0020D75C0020D25C002043
S214038FE0D65C0020CF5C0020183E0020103E0020F8
S214038FF0358D0300D55C002010B501F042FC00223D
S214039000054B1C781A7001F037FC00F005FBE4B240
S2140390102043C0B210BD00BFD05C002038B501F0BD
S21403902030FC094B05461B78012B04D801F024FCC1
S2140390300024204638BD054B1C6800F0E5F80444C0
S214039040284601F019FCF4E7D95C0020103E002006
S2140390501549164A0B6F10B503F007031360144A3D
S214039060144C9269032B02F00200C2F340022270F2
S21403907017D0D1F8203103F00703022B11D0D1F813
S214039080803203F001030C4A137048B143B9064B10
S214039090D3F8003103F00303591E4B424B411370C0
S2140390A010BD0123EFE700BF00800050743E002090
S2140390B000C00150DE5C0020DF5C0020012805D0E4
S2140390C00238012808D80020D1F7E4BA034A136906
S2140390D023F00403136130BF704700BF00ED00E0C8
S2140390E0044B054AD3F8203103F007031360F8F75F
S2140390F0EFB900BF008000507C3E00200122014BE8
S2140391001A707047DD5C0020F8B51F4B1B78002BE8
S21403911039D01E4C2378B3B91D4B9A6DD10302D5B3
S214039120DA6D92072FD49B6DDB072CD401F003FD79
S214039130184B194A1860136F23F0070343F0030311
S2140391401367FFF703FD01F0F6FC124B134D1B6884
S214039150134EC01A2B78134F56F8232046F82300D5
S214039160111A3A681048521A0A213A600932B2FBB9
S214039170F1F20133DBB20260B3FBF1F201FB12330F
S2140391802B7000232370F8BDDF5C0020DC5C00201E
S21403919000C000506C3E002000800050DB5C0020C6
S2140391A0443E0020403E00203C3E002008B5F8F731
S2140391B090F90D4A0D49136F096823F007030B4313
S2140391C013670B49D2F82031096823F007030B43D2
S2140391D0C2F82031074B1B7813B10122064B9A6263
S2140391E0BDE80840FFF7B2BC00800050743E002084
S2140391F07C3E0020DF5C002000E00050014B187826
S214039200704700BFDF5C0020054B187818B1054B8C
S214039210186800EBD000044B1B681844704700BF67
S214039220DF5C00203C3E0020703E002008B50D4B5E
S2140392301A7892B100221A700B4A136F23F00703B1
S21403924043F001031367D2F8203123F0070343F0FA
S2140392500403C2F82031FFF779FC0122034B5A6757
S21403926008BD00BFDD5C00200080005000E0005019
S2140392700D490B68A0B10022A3B1834203D18368D2
S21403928022B90B6003E01A469B68F5E79360836890
S2140392900BB9002070475A6941690A445A61F8E7D6
S2140392A02220704702207047883E002010B501F048
S2140392B05EFC0A4C0A4B19682368C31A09B9206076
S2140392C010BD002BFBD04A699A423ABF9B1A002274
S2140392D0D21A4A6128BF00238968EFE7843E00203C
S2140392E0883E002038B5154D2B682BB35B69B3B1A8
S2140392F0134A022014681C4400F088FA204600F043
S21403930047FA00220F492B680A70012A05D823B1B1
S214039310D88880070AD501230B70002038BD0220A9
S21403932000F074FA022000F093FAEAE79B68002B39
S214039330F3D058690244E8E72220EFE7883E00208E
S214039340843E0020E15C0020C38870B504460D46C9
S2140393503BB9FFF763FE8542064602D2F9F734FAB5
S21403936035460E4A656113689BB91460A3600FE027
S2140393702D1A986819466561034618B15869A842BC
S214039380F6D941B18C60A36013B15A69521B5A6176
S21403939070BD0021F2E71460F5E700BF883E0020A9
S2140393A070B516469DF81420C0E903360271049A78
S2140393B0BDF818300260002204460D468260C38062
S2140393C006BB01F0D4FB2844A0613DB9E3686561A0
S2140393D013B120462168984796B1354601F051FAF5
S2140393E00646FFF763FF29462046FFF7ADFF074B08
S2140393F01B68A34201D1FFF775FF304601F03CFA24
S214039400002070BD01F0B3FB3044DDE7883E00204A
S214039410F8B50546D0B101F034FA0646FFF746FF25
S2140394200B4B28461F68FFF723FF044620B1304640
S21403943001F022FA2046F8BDAF42F8D1FFF752FFFB
S2140394402228F4D1022000F0EDF9F0E72224F1E718
S214039450883E002038B50C460546A8B1A1B10023C6
S2140394600B7001F01BFA0121084B1B6833B901F09E
S21403947010FA002038BD9D4204D121702278002ABC
S214039480F9D0F4E79B68F1E72220F3E7883E002053
S214039490F8B506460F4601F001FA00250446124BBE
S2140394A01B6823B9204601F0F4F91B2011E05A6922
S2140394B01544DA88B2420DD101F059FB0B4E3368DE
S2140394C0C01AA8420AD3002320463B6001F0E1F904
S2140394D00020F8BDFF2EEFD09B68E2E701F047FBC4
S2140394E033682B441B1AEFE7883E0020843E002097
S2140394F070B501F0D3F9064601F039FB084B044674
S21403950001201D6801F023FB18B101F030FB04466F
S2140395100135304601F0BDF92046294670BD00BF2F
S214039520903E0020014B1868704700BF8C3E002019
S214039530F8B50C4B05461B680E4683420FD3002432
S21403954040F2E7302146084B4FF47A721F68002337
S214039550E5FB0701E1F7E0FD30602046F8BD21207A
S214039560FCE700BF803E00208C3E00200F4B10B56A
S2140395701A689AB14FF47A71531E1342A0FB010185
S2140395800ED1B2FA82F2C2F11F04531CD243E0405A
S21403959001FA03F3184321FA02F20243104610BD00
S2140395A00023E1F7B9FD0246F8E700BF8C3E002032
S2140395B038B5164B14468342154B8B4123D3154BB4
S2140395C01A6802B34FF47A75A0FB050305FB013155
S2140395D0531E134211D1B2FA82F3C3F11F055A1C6C
S2140395E0DB4301FA02F2E84021FA03F3104318437F
S2140395F0E940C4E90001002038BD0023E1F78CFDF3
S214039600C4E90001F7E72120F6E700BFEFA7C64B42
S214039610378941008C3E002010B501F03FF9034B1B
S2140396201C7801F036F9E4B2204610BDE05C002059
S21403963008B5084B1B7803F0FF004BB101F07BFA2B
S214039640054B1B689B69C01A02288CBF00200120AB
S21403965008BD00BFE15C0020883E0020C2072DE95C
S214039660F843044607D5474A136801331360FFF7E8
S2140396701DFEFFF737FEA30740F1818001F00EF9C8
S2140396804FF0000805464646FFF710FE3E4F3C687F
S2140396900CB16369A3B100223C4B012E1A7003D1AF
S2140396A018F0020F18BF1E70FFF71CFE222802D107
S2140396B0022000F0B7F82846BDE8F84301F0E9B801
S2140396C023465A693AB91A792179914288BF1C46CA
S2140396D09B68002BF5D1284601F0DBF8D4F8108000
S2140396E0B8F1000F3FD001F042FAA269851AEB17D2
S2140396F0454573F1000337DB23691344A361012354
S2140397002269CAB1C3B9A38BB8EB050833B1E28BA0
S21403971013449BB2B3F57A7F1CD2E38301F0BEF801
S214039720054641462046FFF70FFEA36922692846F1
S2140397301344A36101F0ADF8E36813B12046216832
S2140397409847B4F8068001F0A9F801360546FFF7F6
S214039750ADFD9CE7A3F57A73E383A36918F1FF389D
S214039760013BA361DAE7454601F098F881462046B7
S214039770FFF77EFD484601F08CF80023C0E7BDE8FE
S214039780F88300BF903E0020883E0020E05C002067
S21403979010B5044601F075F84FF0B042936A190706
S2140397A0FCD4136A116C5269120704D4CA1A032A2A
S2140397B001D899420ED1E21A022A98BFDC1CB4F1F2
S2140397C0FF3F38BF013C4FF0B04308221C6403F54B
S2140397D080539A6101F050F8054A13783BB14FF075
S2140397E0B041CB6B43F00203CB630023137010BD71
S2140397F0226C002007B5044B01A9187901F0E7F89D
S214039800019803B05DF804FB3450040000F0010334
S2140398108207034A48BF43F008039361704700BFBB
S21403982000100058820700F001030AD50121064AFA
S21403983043F0080311704FF0B041CA6B22F00302E5
S214039840CA63024A93617047226C002000200058C6
S214039850830742BF0822014B5A6170470010005825
S21403986073B502AB164603E90600044600F052FF42
S2140398700546204600F05EFF9DF800208DB1202CA3
S21403988033780ED8012B2ED84FF6FF752D4803EBF1
S2140398904313234430F81310A94202D0013120F8B1
S2140398A01310294B294E33F8141036F8140081424E
S2140398B032D34FF6FF75A9424FF0010502D00131AE
S2140398C023F8141004F0FD01092927D1998AB68AD2
S2140398D00A44B242B4BF9A829E8233F8143083425B
S2140398E027D202B070BD022BDBD14FF6FF704FF6C6
S2140398F0FF75144B33F81410814218BF013104F17D
S214039900210018BF23F8141033F81010A9421CBF07
S214039910013123F81010C4E70025D0E71D2CDCD155
S214039920598F8E18864203DA01390A445A87D4E7D8
S2140399305887002DD5D1204602B0BDE8704001F00F
S21403994031B900BFE8580020C05900206C590020E8
S21403995038B50D46044600F0A1FF064A13889BB2AD
S2140399602DB123431380BDE8384000F092BF23EAAD
S2140399700403F7E7C65B00200022034B01214FF4E4
S21403998080701A70FFF7E4BFF262002008B5054B3B
S2140399901868FCF72EFE00F00300C31E5842584119
S2140399A008BD00BFE055002038B5044601F098F91D
S2140399B00C4B05461978187981420FD0631E082B85
S2140399C00CD8DFE803F0050D0B0D0B0D0D0D0D0088
S2140399D000220146044B1868FCF709FE284638BDEA
S2140399E00022F7E7506C0020E055002038B54FF012
S2140399F0FF300C46FFF77AF80A4B05461868FFF760
S214039A0075F8641B241A20B210F1630F06DB10F1FD
S214039A10240F05DA64308000C0B238BD0020FCE7AE
S214039A20FF20FAE7E055002008B5134B1B78062BFA
S214039A3004D040F62101114801F025F8104B1B888D
S214039A401B0704D440F622010C4801F01CF80D4B0A
S214039A502A201978FFF7A8FF00210820FFF778FFD0
S214039A600222094B1A70094B1868E8F76DFBBDE82C
S214039A70084001F084B800BFF2620020A64C040040
S214039A80C65B0020EF6200207F6C0020E0550020BC
S214039A9010B50E4C236823B940F6A3410C4800F0DA
S214039AA0F2FF2068013001F0CCF800F0070003282D
S214039AB00AD1246809220121204600F0E3FB205C3A
S214039AC0031F5842584110BD0020FCE7D055002024
S214039AD0A64C040038B50C4640B100210420FFF71D
S214039AE037FF01F04CF8012C1DD038BD244B1B88E2
S214039AF09B07F6D50129234A2FD1117869B301397B
S214039B00C9B2117011B92020FFF722FF00210220ED
S214039B10FFF71EFF04221C4B00211C481A7000F09E
S214039B205DFD01F02CF81A4C2068013001F089F82D
S214039B3000F44060B0F5006F1FD1246801210422B1
S214039B40204600F09FFB204401F07BF80146BDE869
S214039B5038400022202001F03DB800210D4D0220A0
S214039B601170FFF7F5FE2B78FF2B04D040F29961B6
S214039B70094800F088FF2C70B3E74FF6FF71E6E75D
S214039B80C65B0020F1620020F2620020C869002054
S214039B90D0550020806C0020A64C040038B5134C2A
S214039BA005462388580709D5FFF7F0FE0146072028
S214039BB0FFF7FAFEFF210120FFF78CFF23889907A2
S214039BC00BD50B4B284619788A1F51425141FFF794
S214039BD0EBFE01210020FFF77DFF23881B0703D53B
S214039BE0BDE83840FFF720BF38BD00BFC65B002086
S214039BF0F2620020F7B5124CD4E9006586EA020C3F
S214039C0085EA03070CEA000C0F405CEA070E15D042
S214039C1086EA0C067D40C4E90065CDE900230B46C1
S214039C20084902460868FCF7A6F838B14FF4FD71F8
S214039C30054803B0BDE8F04000F025BF03B0F0BD13
S214039C40A8150020E0550020A64C040008B50A4BD2
S214039C501B88DB0604D440F64701084800F013FFD0
S214039C6000211020FFF774FE002000F06BFBBDE818
S214039C70084000F084BF00BFC65B0020A64C04006B
S214039C802DE9F04F5706804614461D4691B005D57C
S214039C90FFF77CFE01460120FFF786FEEE0403D5A0
S214039CA000212D20FFF780FEA00224D54046FCF7B6
S214039CB04CFD0146F8B94020FFF74AFE40460AA984
S214039CC0FCF720F9B8B99DF83030022B40F0D98064
S214039CD0BDF8280001F0A3F8FF2808D14046FCF79A
S214039CE00FF940B901214020FFF732FE03E001F0EF
S214039CF09AF80028F2D1A10305D5FFF747FE0146DF
S214039D000320FFF751FEE20104F0807640F1C080A5
S214039D10854B1B889B072DD5844E3068FCF787F848
S214039D2040BB834B834F18703B78FF2B04D040F225
S214039D305761814800F0A7FE4FF00009002102207A
S214039D40FFF706FE87F800907C4F3B78062B07D17B
S214039D5001210820FFF7FCFD49462820FFF724FED3
S214039D603B78052B06D100212B20FFF71DFE30681C
S214039D70E8F7EAF900F003FF220717D56B4F032134
S214039D80386805AAFCF76DF8064620B940F2C961A3
S214039D90694800F078FE9DF81430072B00F0D08059
S214039DA0FFF7F4FD01460420FFF7FEFDE10505D5A8
S214039DB0FFF7ECFD01460420FFF7F6FD14F4863F9B
S214039DC005D0FFF7E3FD01460220FFF7EDFDA201F4
S214039DD013D5FFF7DBFD01460820FFF7E5FD00215D
S214039DE00420FFF7B5FD554B1B78012B03D14F4BD2
S214039DF01868E8F7A9F900F0C2FE14F0084F09D076
S214039E00FFF7C4FD01460720FFF7CEFDFF21012023
S214039E10FFF760FEA30009D5FFF7B8FD014606204D
S214039E20FFF7C2FDFF210120FFF754FEA70705D564
S214039E303D4B1B881E0701D5FFF7F6FD6C0603D5C1
S214039E4000210A20FFF7B0FD280602D50120FCF703
S214039E508DFCE90540F1858140460AAA05A9FCF771
S214039E60C4FB9DF81430222B00F06D8100F2828132
S214039E70152B40F26A8140F60A112F4800F003FEC4
S214039E806FE1032B7FF437AF0AA800F0C4FF30E777
S214039E9005F0020756EA07030DD0284B262019784B
S214039EA0A1F1060EDEF1000141EB0E01FFF77CFD8A
S214039EB00121304611E004F0805656EA07030FD01E
S214039EC01E4B26201978A1F1060CDCF1000141EBAC
S214039ED00C01FFF769FD02213846FFF7FBFD4BE750
S214039EE004F0884151EA060309D0144B2720197859
S214039EF08F1F79427941FFF757FD0221D9E705F015
S214039F0008030B4302D02320FFF74EFD680703D553
S214039F1000212420FFF748FDE9077FF52DAF002138
S214039F202520FFF741FD27E7C65B0020E05500200C
S214039F30F1620020806C0020A64C0400F262002030
S214039F40314638680AAAFBF792FF20B14FF4DA616C
S214039F509E4800F098FDBDF81630386802330AA90B
S214039F60ADF82C30FBF785FF20B140F2DF61974850
S214039F7000F089FD0023009331460423386804AAC1
S214039F80FBF779FF042804D040F2E4618F4800F021
S214039F907AFDDFF8589299F80030C3BB0DF1110033
S214039FA000F04FFE00F00700022830D1FFF7EEFC6A
S214039FB001460920FFF7F8FC854B1B78062B23D1B7
S214039FC0844B9DF813201B789A421DD19DF835309B
S214039FD023B940F2FA617D4800F055FD0DF11100FA
S214039FE000F02FFEC0F3001631462920FFF7DCFCF5
S214039FF000210820FFF7ACFC774B1E70FFF748FDE7
S21403A00010B93868E8F7A0F800F0B9FDCEE6BDF859
S21403A01016000121083080B200F068FA039030B9C8
S21403A020FFF7B4FC01460420FFF7BEFCECE700F0A4
S21403A030E9F905AA014606463868FBF724FF99F8AE
S21403A04000A0BAF1000F22D106F1010B584600F02A
S21403A050F8FD83065AD53868FCF777FB0746FFF703
S21403A06095FC05370146F8B2FFF79EFC584600F00C
S21403A070E8FD00F007000328584F2DD001210420E7
S21403A080FFF766FC4FF0FF30FBF71CFF386000223B
S21403A0905349BDF816300978F718F1549DF8363051
S21403A0A0BB709DF83730FB700A9B190E3971190C7B
S21403A0B07971FB71190A99F80030B97123B973786D
S21403A0C092B343F020037370002000F069F97870B0
S21403A0D0039800F071FA97E701210922304600F051
S21403A0E0D1F8305C01210428C9D1FFF731FC4FF0C9
S21403A0F0FF30FBF7E7FE3B4B38601B885806C6D598
S21403A10051464020FFF724FC0122C1E7FFF73EFC3F
S21403A11001460920FFF748FC2D4B1B78012BB6D1CF
S21403A1203868E8F711F8B2E723F02003CBE70122FB
S21403A1307E33DBB202FA03F313F00A1F31D113F0B6
S21403A140011F3FF498AE27202CE0012202FA03F306
S21403A150254A1A402ABB13F0041FF4D1DA077FF509
S21403A1608AAEAB052FD50121802011B0BDE8F04F94
S21403A170FFF7EEBB652B1AD8622B12D8452B0CD8EB
S21403A180422B0ED8352B06D8322B0AD8252B08D9C6
S21403A190322BD8D06FE6422BFBE7552B05D8522B34
S21403A1A0F7D92620FFF7FAFCDBE7622BF1E7952BBE
S21403A1B03FF661AE812BBAD8722BC4D0733B022B09
S21403A1C03FF659AEEDE711B0BDE8F08FA64C04009C
S21403A1D0F2620020EE6200207F6C0020CC55002047
S21403A1E0816C0020C65B00203A003800F562002030
S21403A1F0024B1878B0FA80F040097047F2620020EC
S21403A20008B5064B4FF0FF311868FCF714FA002820
S21403A210B8BF033040F3870008BD00BFE0550020F9
S21403A22008B5074B1868FBF73BFD30B1054BB3FB8E
S21403A230F0F083B20BB1184608BD0120FCE700BF5F
S21403A240E055002040420F0038B510200C4601218F
S21403A250FFF77EFB064B1D68FFF7E2FF012200FBBC
S21403A26004F1044B2846FCF7CBF9002038BD00BFA9
S21403A270E05500204D9C0300014800F004BC00BFDD
S21403A280C04C0400032A70B5144602D82C4B985CC5
S21403A29070BD81F0010519B90D2A07D1FF20F7E734
S21403A2A00D2A03D100780538C0B2F1E7084400F060
S21403A2B0C8FCC5F1040110F440660246C9B209D1D0
S21403A2C0042C0846E4D0052C16D112F0400F18BF14
S21403A2D00846DDE7C5F10603042CD8B2D8D0B6F598
S21403A2E0006F03D1C5F10805E8B2ECE7B6F5406F99
S21403A2F0E9D1C5F10E05F7E712F4404107D1062C64
S21403A300C6D0072CC4D0082C13D10130CCE7550691
S21403A3105CBF831CD8B2062CBAD0B1F5004F02D16D
S21403A320831CD8B2EDE7B1F5404FEAD100F108033C
S21403A330F7E7130744BF0530C0B20C2CA8D9ADE726
S21403A34098980400AC2370B5094C054603FB0043FC
S21403A3505E6D26B940F2FD31064800F094FBAC234F
S21403A36003FB0544002363653346BDE87040184786
S21403A370E4550020FD4C040010B40C461146AC22F4
S21403A380064B02FB0033586D20B95C655DF8044B41
S21403A390FFF75ABF02205DF8044B7047E4550020D0
S21403A3A0AC22034B02FB003393F8A800704700BFB0
S21403A3B0E455002028B1034B1B68C01A4010013037
S21403A3C080B27047A456002030B1044B00F1004021
S21403A3D01B68013803EB4000704700BFA4560020FB
S21403A3E0064B1B68834206D8054B1B68834294BF03
S21403A3F00020012070470020704700BFA4560020AD
S21403A400A056002010B5044608B9002010BD00F081
S21403A41075FC20B940F2CD41074800F034FB2046D6
S21403A420FFF7D2FF0028F0D00388DB0B14BFD0F869
S21403A4300A000830EAE700BFD44C040010B508B998
S21403A440002010BDFFF7C0FF044600F04EFC20B905
S21403A4504FF49D61064800F016FB002CF0D02388CD
S21403A460DB0B0ABF60882089C0F30C00E9E700BF56
S21403A470D44C040038B5FFF7A7FF0D46044650B189
S21403A48000F033FC20B940F24151034800F0FBFAD8
S21403A490023534F8150038BDD44C040070B5FFF708
S21403A4A093FF0C4616460546B0B100F01EFC20B9D5
S21403A4B040F24D510C4800F0E6FA3046FFF784FFB1
S21403A4C000F013FC20B940F24E51074800F0DBFAC7
S21403A4D0023425F8146070BD40F25251BDE8704056
S21403A4E0014800F0D0BA00BFD44C04002DE9F8436D
S21403A4F00746884600F069FB20B940F28E512A4889
S21403A50000F0C1FAFC1CA408284B64000434B7F519
S21403A510005F1E68A4B204D340F29551224800F0AF
S21403A520B2FA00F0BBF9224981460B687BB9214B8E
S21403A5301D68761BC6F34F06B44227D90025484646
S21403A54000F0A7F92846BDE8F843FFF733BFB8F194
S21403A550000F11D0174A15685A1BC2F34F029442D4
S21403A560ECD81448620005EB44040460B8F1000F0D
S21403A5700FD113440B600CE0F61AC6F34F0676B9F8
S21403A58040F2A651084800F07EFAD7E705EB4404EC
S21403A5901C6000236F80AB80EB802B80CFE7B44238
S21403A5A0CCD8044A1568DCE7D44C0400A85600202F
S21403A5B090560020A056002038B5054600F06EF9E8
S21403A5C0044629460448002200F0A5FB2046BDE8C1
S21403A5D0384000F05EB900BFCC5B002082684B4B6E
S21403A5E02DE9F0419A4204460E46056815D121B17D
S21403A5F040F21311464800F046FA00F04FF923697B
S21403A6001BB92B682BB924612C60BDE8F04100F020
S21403A61040B91A6922611C61F6E700F02DFA8046FC
S21403A620FEF76AFA20B14FF49571394800F02BFA19
S21403A6306FF000439E4221694BD22B7B08EB060248
S21403A640002B4DD0AB6893424AD1531C002949D006
S21403A6506169994242D01EB9521AB2F1004F3DD9F0
S21403A660636123696E689C4203D19D21284800F0EC
S21403A6700AFA2F460023B4420BD0002B41D172694D
S21403A6806169891AB1F1004F32D83269374694426C
S21403A6902CD12269BD420CBF6A603A617BB9266938
S21403A6A0B44203D1B8211A4800F0EDF93B46012E17
S21403A6B005D062697169521AB2F1004F23D99D42DF
S21403A6C00BBF6B681A69236122610CBF6C601C6147
S21403A6D004E0434431B162699342C1D1BDE8F081DD
S21403A6E01346B3E76A6822616C60B9E71646C6E7A5
S21403A6F0A8EB0202B2F1004FC7D93B46374636698C
S21403A700B9E71F46F9E733463669D0E7213C02002E
S21403A710E84C04000823064A12F8011B814205D0C0
S21403A720013B13F0FF03F7D118467047012070472B
S21403A730499904000823064A12F8011B814205D0F2
S21403A740013B13F0FF03F7D118467047012070470B
S21403A7504199040010B5082207490446E1F794FB23
S21403A760B0FA80F04FF6FF732289400940009A4200
S21403A77008BF40F0010010BD5A99040030B50446E6
S21403A7800D4685B002B9084A1068516801AB03C389
S21403A79001AB03CB20602046ADF80C501B886160EC
S21403A7A0238105B030BD00BFA8D50300002270B5D5
S21403A7B00A4B1C780A4BD5B2AC4202D800200C7068
S21403A7C008E01E880132864205D30D701B881B1ACB
S21403A7D05842584170BD1233EDE700BF6F62002048
S21403A7E06C5B002010B5164B187860B1154C2368C7
S21403A7F0CBB14FF4707200201349FFF7BDFD2368F9
S21403A800013B236010BDFFF7FBFC1049104A91F98A
S21403A8100040136884420B4C03F101031360236862
S21403A820B8BF087053B90B4800F09DFA0028E9D169
S21403A830BDE8104001460748FFF7D0BE0822DAE716
S21403A840426300201C570020E5A703003D63002059
S21403A85014570020946B0020054B1B682BB9054B3F
S21403A8601868003818BF012070470120704700BFE2
S21403A8700C5700200857002010B962B6BFF36F8F3D
S21403A8807047EFF3108072B67047302383F3118856
S21403A890704780F31188BFF36F8F7047EFF3118013
S21403A8A0302383F311887047002070474FF400402D
S21403A8B070474FF47A7070470122417803788A40D4
S21403A8C030214B4341F2100103F1A04303F57033EB
S21403A8D05A507047B0F5802F24D010D8B0F5003FFB
S21403A8E022D006D828B3B0F5803F14BF01204820F5
S21403A8F07047B0F5403F14BF01202C207047B0F5D9
S21403A900302F13D008D8B0F5E02F11D0B0F5202F94
S21403A91014BF012010207047B0F57F0F14BF01202D
S21403A920062070474B2070472A2070471120704737
S21403A9302120704708B570B100F022F84FF0984315
S21403A9405A6CD202FCD5586D10F4702004D0BDE8C2
S21403A9500840FFF7BFBF212008BD08B528B128224D
S21403A9600021E0F745FF002008BD2120FCE7036A2D
S21403A970042B9FBF00EB83020133D1600362704751
S21403A980036A052B14D84FF09842116CC902FCD504
S21403A99004339B0013650168103B11604168116026
S21403A9A050F8081F11604FF098420344984200D1B4
S21403A9B0704750F8041F1160F8E7836813B9816085
S21403A9C070475B685A68012AFBD15960704709B122
S21403A9D000F008B822207047012100F046B8002195
S21403A9E000F043B870B506460D46FFF757FF04461A
S21403A9F01D2E37D8DFE806F00F18361C1E20362229
S21403AA00243636362628362A2C2E30363636363434
S21403AA10363636363632FEF77FF80026286020466E
S21403AA20FFF737FF304670BD0120CFF7CDFBF4E7C5
S21403AA300320FAE70420F8E70C20F6E70220F4E701
S21403AA400620F2E70720F0E70820EEE70520ECE70C
S21403AA500920EAE70A20E8E70D20E6E71020E4E706
S21403AA600B20E2E700202126D8E70020704708B530
S21403AA70FEF7D6F880B208BD08B5FEF7D1F808BDD4
S21403AA80704742DE704738B504460D4600F008F8B6
S21403AA90FFF7FBFE29462046BDE83840FFF7F1BF27
S21403AAA0704710B962B6BFF36F8F704701207047C7
S21403AAB02DE9FF410D4616461F460446A8B14FF042
S21403AAC00008C0F81C80FEF7A3FCBDF82C304246F5
S21403AAD002939DF828302946CDE900732046334675
S21403AAE0FEF75EFC04B0BDE8F0812220FAE7F0B57D
S21403AAF01F46002387B00D46164604468DF81730CA
S21403AB00A8B1C3610DF11701FEF7A4FC9DF8172049
S21403AB107AB9BDF83430294602939DF83030204682
S21403AB20CDE900733346FEF73BFC07B0F0BD2220A9
S21403AB30FBE70320F9E738B5FFF7B0FE054600F05C
S21403AB4016F804462846FFF7A4FE204638BD4FF005
S21403AB50B04301285B6904D0022805D1C3F3C000C3
S21403AB60704703F0010070470020704770474FF0AE
S21403AB70B0439A6A1207FCD4186A7047704708B540
S21403AB80FFF7FCFF00F01DF808BD10B5FFF779FED0
S21403AB90012104460846FEF7DFF82046BDE81040CC
S21403ABA0FFF76ABE10B5044600F012F82046FAF71F
S21403ABB0F7FF2046F8F72CF9BDE81040F9F7EFBC8D
S21403ABC0704708B5FFF7FCFF08BD012070477047C4
S21403ABD00020704730B589B00446ADF806108DF8EE
S21403ABE01020FFF797FD05462046FFF7A3FD034613
S21403ABF09DB1BDF80600ABB900F0BAF8FF2808BF50
S21403AC0000200DF10F038DF80F001A462046049915
S21403AC100593FEF725FE09B030BD0028F5D00DF1EB
S21403AC200603F2E700F0A4F8FF2808BF0020BDF8EB
S21403AC3006308DF80F00ADF81A308DF8180006AB05
S21403AC40E3E7008870470170090A417070470120E6
S21403AC5070470120704738B5DFF70AFD0446D4F77E
S21403AC6039FD051E18BF2546D4F706FE041E18BF79
S21403AC702C46FFF7ECFF002818BF204638BD38B532
S21403AC80FEF7BAF90446F7F7C3FA04281ED00228DB
S21403AC904FF0000508BF0124F8F762F9042817D01F
S21403ACA0022808BF0124F7F7F2FE042812D0022870
S21403ACB008BF0124FFF7CDFF04280DD0022808BFE4
S21403ACC00124002D18BF0024204638BD0125E3E7E4
S21403ACD00125E8E70125EDE70024F5E7FF207047A7
S21403ACE008B5FFF7FBFF002008BD08B520B1FFF746
S21403ACF077FB00F0010008BD0120FAE708B5FFF76F
S21403AD0063FBBDE80840FFF7F0BF008810B1C9B287
S21403AD10FFF7B0BB70472DE9F041B0F80080064658
S21403AD200C46D5B2B8F1000F11D029464046FFF7BE
S21403AD30A1FB2246074629464046FFF7AFFB3A46A5
S21403AD4029462046FFF7AAFB3480BDE8F0810F466C
S21403AD50F5E703461B8808468B4202D00021FFF71F
S21403AD6089BB002070470069003818BF0120704770
S21403AD7000207047F8B506460D46FFF7EBFC0328A0
S21403AD80044621D02846FFF7E5FC032807461BD0D8
S21403AD9010F0020318D1A0070DD5F90716D4012326
S21403ADA03C43E20704D431892A89914218BF002321
S21403ADB003F00100F8BD082229463046E1F764F89F
S21403ADC0B0FA80F35B09EBE70020F3E71846F1E7F8
S21403ADD070B50D4600210646FFF797FF044630B1CF
S21403ADE0FFF710FB01462846FFF7C4FF08B12046CD
S21403ADF070BD21463046FFF7ACFFEFE707B50DF110
S21403AE000701FFF7D3FC20B19DF8070003B05DF8F8
S21403AE1004FBFF20FAE700207047FF207047FF205F
S21403AE207047FF20704700207047002000217047BE
S21403AE30002070472DE9F84307460846154688461E
S21403AE401C469DF82090FFF7DDFA4619A4B19EB183
S21403AE504046FFF7F3FA254485420FDC2246B9F154
S21403AE60000F06D131463846E0F714FD0020BDE852
S21403AE70F88339463046F7E72120F8E71D20F6E742
S21403AE80F8B500BFF8BC08BC9E467047F8B500BFCF
S21403AE90F8BC08BC9E4670475FF800F011650020BA
S21403AEA05FF800F075640020446576696365207476
S21403AEB0797065206368616E676520646574656391
S21403AEC07465643A202564202D3E2025640D0A000F
S21403AED050726573732064657465637465640D0AE4
S21403AEE0004D756C746920707265737320646574A5
S21403AEF065637465643A2025640D0A0052656C65C3
S21403AF006173652064657465637465640D0A004C3B
S21403AF106F6E6720707265737320646574656374FF
S21403AF2065640D0A0072656C61795F73746172748F
S21403AF305F6C61746368696E675F70756C73653A9E
S21403AF4020616E6F746865722070756C7365206916
S21403AF5073206163746976650D0A0072656C6179A6
S21403AF605F6F6E0D0A0072656C61795F6F66660DC2
S21403AF700A0072656C61795F746F67676C650D0AAA
S21403AF800057726974696E6720636F6E666967201F
S21403AF90746F206E763A2025730D0A0053697A651E
S21403AFA03A2025640D0A004661696C656420746F57
S21403AFB0207772697465204445564943455F434F7D
S21403AFC04E4649475F4441544120746F204E562CE9
S21403AFD0207374617475733A2025642E2028627971
S21403AFE07465733A202564290D0A007375636365D7
S21403AFF07373210D0A004661696C656420746F20C3
S21403B00072656164204E565F4954454D5F4445560C
S21403B0104943455F434F4E4649472C207573696E37
S21403B020672064656661756C7420636F6E66696716
S21403B03020696E73746561642C2073746174757310
S21403B0403A2025642E202862797465733A20256495
S21403B050290D0A005573696E6720636F6E6669670C
S21403B0603A2025642063686172732066726F6D0DE3
S21403B0700A25730D0A00756761656D316E623B5470
S21403B08053303031322D4D48423B534133753B529A
S21403B090443144303B494231693B534230753B525D
S21403B0A0433241303B494135693B4D3B004E657465
S21403B0B0776F726B20737461747573206368616E47
S21403B0C067656420746F2025640D0A004D616E75F4
S21403B0D0666163747572657220746F6F2062696748
S21403B0E00D0A004D6F64656C20746F6F206269678C
S21403B0F00D0A00496E697469616C697A696E672026
S21403B1005A696762656520776974682025642073C9
S21403B110776974636865732C2025642072656C6197
S21403B12079732C20256420636F76657220737769A4
S21403B13074636865732C20256420636F7665727369
S21403B1400D0A00436F6E66696720706172736564EB
S21403B150207375636365737366756C6C790D0A008B
S21403B160726561642076657273696F6E20666F72AE
S21403B1706D206E6577206C6F636174696F6E0D0A60
S21403B180004661696C656420746F20777269746524
S21403B190206C6173745365656E56657273696F6E62
S21403B1A020746F204E562C2073743A2025640D0AA3
S21403B1B0004F6C642076657273696F6E3A2025645F
S21403B1C00D0A0043757272656E7420766572736934
S21403B1D06F6E3A2025640D0A0052455345542041AC
S21403B1E04C4C210D0A0068616C5F6770696F5F6382
S21403B1F0616C6C6261636B3A2065787469206C6974
S21403B2006E6520256C642073746174757320256CD9
S21403B210750D0A0068616C5F6770696F5F63616CC8
S21403B2206C6261636B3A206E6F20667265652045BB
S21403B230585449206C696E65730D0A002F686F6D4C
S21403B240652F72756E6E65722F776F726B2F7475BE
S21403B25079612D7A69676265652D737769746368AA
S21403B2602F747579612D7A69676265652D737769C1
S21403B2707463682F73696C6162735F746F6F6C734A
S21403B2802F73696D706C69636974795F73646B2F70
S21403B2902E2E2F2E2E2F7372632F73696C6162739B
S21403B2A02F68616C2F7A69676265652E6300447246
S21403B2B06F7070696E67206F6C64204F544120690D
S21403B2C06D6167652C2063757272656E74206F6698
S21403B2D0667365743A20256C750A00556E6B6E6F3F
S21403B2E0776E20636F76657220636F6D6D616E6433
S21403B2F03A2025640D0A00556E6B6E6F776E2063D9
S21403B3006D642025640D0A00427574746F6E207098
S21403B310726573732064657465637465642C206258
S21403B3207574206E6F20627574746F6E2069732057
S21403B330707265737365640D0A00427574746F6E7C
S21403B340206C6F6E67207072657373206465746516
S21403B350637465642C20627574206E6F2062757446
S21403B360746F6E206973206C6F6E672070726573DE
S21403B3707365640D0A004E6F20636F7665722073E3
S21403B380776974636820636F6E66696720696E20E9
S21403B3904E562C207573696E672064656661756CFE
S21403B3A074730D0A00417474726962757465206360
S21403B3B068616E6765642C2065703A2025642C20CE
S21403B3C0636C75737465723A2025642C20617474FB
S21403B3D0723A2025640D0A00506F6C6C20636F6E02
S21403B3E074726F6C3A2073656E64696E6720636867
S21403B3F065636B2D696E0D0A005A434C20616374B6
S21403B40069766974792C20656E746572696E672037
S21403B4106661737420706F6C6C0D0A00506F6C6CF1
S21403B42020636F6E74726F6C3A20636865636B2D6E
S21403B430696E20726573706F6E73652C2066617318
S21403B440743D25642C2074696D656F75743D2564A1
S21403B4500D0A00506F6C6C20636F6E74726F6C3ADB
S21403B460206661737420706F6C6C2073746F700D3C
S21403B4700A00506F6C6C20636F6E74726F6C3A20A8
S21403B480736574206C6F6E6720706F6C6C20696ECA
S21403B49074657276616C3D256C750D0A00506F6C91
S21403B4A06C20636F6E74726F6C3A207365742073CE
S21403B4B0686F727420706F6C6C20696E7465727638
S21403B4C0616C3D25640D0A00506F6C6C20636F6ED3
S21403B4D074726F6C3A20636865636B2D696E2069BE
S21403B4E06E74657276616C207772697474656E3DEE
S21403B4F0256C750D0A00506F6C6C20636F6E74724A
S21403B5006F6C3A20696E76616C6964206368656364
S21403B5106B2D696E20696E74657276616C2C207271
S21403B5206576657274696E670D0A00506F6C6C20E1
S21403B530636F6E74726F6C3A206661737420706FFB
S21403B5406C6C2074696D656F75742077726974749A
S21403B550656E3D25640D0A00506F6C6C20636F6E3C
S21403B56074726F6C3A206661737420706F6C6C2013
S21403B57074696D656F75742C207377697463686975
S21403B5806E6720746F206C6F6E6720706F6C6C0D27
S21403B5900A00556E6B6E6F776E204C6576656C434E
S21403B5A074726C20636F6D6D616E643A2025640D52
S21403B5B00A00556E6B6E6F776E204F6E4F66662071
S21403B5C0636F6D6D616E643A2025640D0A00496EE3
S21403B5D06465782061742077726974652061747479
S21403B5E0723A2025640D0A004E6F207377697463E0
S21403B5F06820636F6E66696720696E204E562C203E
S21403B6007573696E672064656661756C74730D0A7D
S21403B61000496E76616C69642072656C61795F6956
S21403B6206E64657820256420696E204E562C207241
S21403B6306573657474696E6720746F2064656661EC
S21403B640756C740D0A003E2000556E6B6E6F776E38
S21403B650206572726F7200496E707574206275662B
S21403B6606665722069732046554C4C004D617869B7
S21403B6706D756D206E756D626572206F66206172E2
S21403B68067756D656E747320657863656564656458
S21403B6900054686520617267756D656E7420697302
S21403B6A0206E6F7420666F726D61747465642063B8
S21403B6B06F72726563746C7900496E636F7272653C
S21403B6C0637420617267756D656E74207479706536
S21403B6D000496E636F7272656374206E756D626582
S21403B6E072206F6620617267756D656E7473004EA7
S21403B6F06F20636F6D6D616E6420666F756E640098
S21403B70075696E7438006164646974696F6E616C20
S21403B710002A00756E6B6E6F776E0077696C6463D4
S21403B720617264006865786F707400737472696E12
S21403B730676F70740075696E7433326F707400755A
S21403B740696E7431366F70740075696E74386F7015
S21403B750740068657800737472696E670075696E45
S21403B7607431360075696E743332002E2E2E200027
S21403B77068656C70000A25730A25732573002573A4
S21403B7802008002F686F6D652F72756E6E65722FB9
S21403B790776F726B2F747579612D7A696762656549
S21403B7A02D7377697463682F747579612D7A696769
S21403B7B06265652D7377697463682F73696C61625C
S21403B7C0735F746F6F6C732F73696D706C696369E5
S21403B7D074795F73646B2F706C6174666F726D2F10
S21403B7E0736572766963652F6C65676163795F68F5
S21403B7F0616C2F7372632F626173652D7265706C53
S21403B8006163656D656E742E63002F686F6D652FBB
S21403B81072756E6E65722F776F726B2F74757961A2
S21403B8202D7A69676265652D7377697463682F740B
S21403B8307579612D7A69676265652D7377697463B7
S21403B840682F73696C6162735F746F6F6C732F73A9
S21403B850696D706C69636974795F73646B2F706C60
S21403B8606174666F726D2F736572766963652F7484
S21403B8706F6B656E5F6D616E616765722F6C656772
S21403B8806163792F7372632F736C5F746F6B656E6E
S21403B8905F6D616E616765722E63002F686F6D65FD
S21403B8A02F72756E6E65722F776F726B2F74757944
S21403B8B0612D7A69676265652D7377697463682F8E
S21403B8C0747579612D7A69676265652D7377697416
S21403B8D063682F73696C6162735F746F6F6C732F29
S21403B8E073696D706C69636974795F73646B2F70C9
S21403B8F06C6174666F726D2F736572766963652FFC
S21403B900746F6B656E5F6D616E616765722F6C65D4
S21403B910676163792F7372632F736C5F746F6B65E4
S21403B9206E5F6D616E75666163747572696E672EA0
S21403B930630043757272656E7420436F6E66696743
S21403B9403A202530780053657420434341206D6FB9
S21403B950646520746F2025643A2025307800656E70
S21403B96061626C65640064697361626C6564006F30
S21403B970757428636C69656E742900696E20287374
S21403B980657276657229004D464720537472696E58
S21403B990673A202573004170704275696C6465725E
S21403B9A0204D464720436F64653A2030782530346F
S21403B9B058006E6F6465205B004164646974696F48
S21403B9C06E616C20696E74657266616365730020D0
S21403B9D02025643A200070616765205B25645D203E
S21403B9E06368616E205B25645D20707772205B253B
S21403B9F0645D006E6F7420616374697665006572BA
S21403BA00726F72203078253038580070616E494462
S21403BA10205B3078253034585D206E6F646549446A
S21403BA20205B3078253034585D20007870616E20B6
S21403BA305B307800706172656E744944205B3078C1
S21403BA40253034585D20706172656E745273736965
S21403BA50205B25645D006E6F646554797065205BBA
S21403BA60005365637572697479206C6576656C201E
S21403BA705B253032585D006E6574776F726B20738A
S21403BA8074617465205B253032585D20004275660C
S21403BA906665722062797465733A202564202F20C8
S21403BAA0256400457020636E743A20256400657033
S21403BAB0202564205B656E64706F696E7420257341
S21403BAC02C206465766963652025735D20006E7798
S21403BAD06B205B25645D2070726F66696C65205B06
S21403BAE03078253034585D206465764964205B30B1
S21403BAF078253034585D20766572205B30782530A3
S21403BB0032585D0020202020257320636C757374E3
S21403BB1065723A2030782530345820004E776B20F3
S21403BB20636E743A202564006E776B202564205B71
S21403BB3025735D005072696D617279202870726F8B
S21403BB40290020206E6F646554797065205B307819
S21403BB50253032585D0020207365637572697479E9
S21403BB6050726F66696C65205B3078253032585D9D
S21403BB700045502025643A20257320004572726FD5
S21403BB80723A2020556E6B6E6F776E20656E64700A
S21403BB906F696E742E00456E61626C65206576650E
S21403BBA06E7420646562756720696E666F20696EC1
S21403BBB020436F726520434C4920636F6D706F6E30
S21403BBC0656E74006F6E6C7920636F6F7264696E56
S21403BBD061746F72732063616E20666F726D0A0004
S21403BBE06A6F696E203078253038580A006C6561B4
S21403BBF07665002573203078253032580A00726542
S21403BC006A6F696E0072656A6F696E446966664438
S21403BC10657669636554797065006578742E20507F
S21403BC20414E2049443A20004E574B206F70656EB4
S21403BC303A20257520736563004E574B20636C6F5F
S21403BC407365640066696E64206A6F696E61626C10
S21403BC50653A203078253032580066696E64207560
S21403BC606E757365643A2030782530325800436821
S21403BC70616E67696E6720746F206368616E6E65B8
S21403BC806C2025643A2030782530325800696E7669
S21403BC90616C6964206E6574776F726B20696E647D
S21403BCA065780053686F72742049443A20307825CB
S21403BCB03034582C2045554936343A20002C205031
S21403BCC0616E2049443A2030782530345800537446
S21403BCD06172746564206D756C74692D7068792063
S21403BCE0696E74657266616365004661696C656456
S21403BCF020746F2025732025732030782530325822
S21403BD00005465726D696E61746564202573203016
S21403BD107825303258004B65657020616C6976650E
S21403BD2020737570706F727420656E61626C6564E3
S21403BD302E006661696C656420746F2073657420D9
S21403BD406B65657020616C697665206D6F64652E22
S21403BD50007375636365737366756C6C79207365BE
S21403BD607420746865206368696C642074696D6503
S21403BD706F7574206F7074696F6E206D61736B2EB0
S21403BD80006661696C656420746F20736574207443
S21403BD906865206368696C642074696D656F757483
S21403BDA0206F7074696F6E206D61736B2E0064690B
S21403BDB073636F766572004D6174636820257379CB
S21403BDC02066726F6D203078253034582C206570CD
S21403BDD0202564004E574B204164647265737320BC
S21403BDE0726573706F6E73653A20307825303458F9
S21403BDF00049454545204164647265737320726546
S21403BE0073706F6E73653A20005365727669636567
S21403BE102025737920646F6E652E002320207479A5
S21403BE2070652020206E776B20206C6F63202020A7
S21403BE3072656D202020636C75732020206E6F64FE
S21403BE406520202065756900202025642020202099
S21403BE503078253034582020307825303458202048
S21403BE603078253034582030782530345820007305
S21403BE706C5F7A69676265655F6765745F62696E42
S21403BE8064696E67204572726F723A203078253087
S21403BE9038580A002564206F662025642062696E80
S21403BEA064696E6773207573656400656E61626CA2
S21403BEB06564207072696E740064697361626C6590
S21403BEC064207072696E7400616464206C696E6BC2
S21403BED0206B6579004552523A2043616C63756C5A
S21403BEE0617465642043524320646F6573206E6FEC
S21403BEF074206D61746368004552523A20496E732C
S21403BF0074616C6C20436F6465206D757374206276
S21403BF106520382C2031302C2031342C206F7220B1
S21403BF20313820627974657320696E206C656E679C
S21403BF307468004552523A204145532D4D4D4F20CB
S21403BF4068617368206661696C65643A2030782599
S21403BF5030325800536574206A6F696E696E6720C5
S21403BF606C696E6B206B6579007365742062696E0D
S21403BF70642025643A2030782530327800454D50C9
S21403BF80545900554E494341004D324F4E45004DDE
S21403BF90554C5449003F2020202000496E646578A4
S21403BFA0204945454520416464726573732020200B
S21403BFB02020202020204E574B496E646578202091
S21403BFC0496E204643202020202054544C287329B1
S21403BFD020466C6167202020204B65792020202096
S21403BFE000256420202020200020202564202020F7
S21403BFF02020202000202025303858202000203004
S21403C0007825303458202000496E646578204945E9
S21403C01045452041646472657373202020202020E8
S21403C020202020496E20464320202020205479706B
S21403C0306520204175746820204B6579002D2020EB
S21403C0402020200025632020202020256320202078
S21403C050202000696573005741524E494E473A20E7
S21403C0602052454144494E47204F46204B455920D0
S21403C07056414C5545532044495341424C45442070
S21403C0804259204D464720544F4B454E004E574B82
S21403C090204B6579002573206F75742046433A203C
S21403C0A02530385800257320736571206E756D3AF8
S21403C0B020307825303258002573206F757420465B
S21403C0C0433A202530387800544320257320002532
S21403C0D073205461626C650025642F256420656EA9
S21403C0E0747269657320757365642E005472616E8D
S21403C0F07369656E74204B657900256420656E74DC
S21403C10072257320636F6E73756D696E6720256481
S21403C110207061636B65742062756666657225734D
S21403C1202E0057494C4C0057494C4C204E4F540058
S21403C13054727573742043656E746572202573207C
S21403C140616C6C6F772074727573742063656E749C
S21403C15065722072656A6F696E73207573696E67A0
S21403C1602077656C6C2D6B6E6F776E206B65792E02
S21403C170005365742074696D656F757420666F72FD
S21403C1802054727573742043656E746572207265ED
S21403C1906A6F696E73207573696E672077656C6C5A
S21403C1A02D6B6E6F776E206C696E6B206B657920D6
S21403C1B0746F202564207365636F6E64732E004569
S21403C1C052524F523A20002573737461636B206D8D
S21403C1D075737420626520646F776E2E00526561F6
S21403C1E064696E6720416C6C6F77656400486173A1
S21403C1F068696E67206F6E6C7900736C5F7A696727
S21403C2006265655F6B65795F73657474696E677382
S21403C2105F743A20307825303458002020506572F9
S21403C2206D697373696F6E733A2025730045727276
S21403C2306F723A204661696C656420746F20676587
S21403C2407420636F6E6669672C20737461747573EC
S21403C2503A20307825303858004661696C65643A70
S21403C26020307825303858004D73673A20636C7554
S21403C27073203078253034582C20636D6420307852
S21403C280253032582C206C656E2025640062756656
S21403C2906665723A2000454D4245525F002573534A
S21403C2A0454355524954595F4C4556454C3A20250B
S21403C2B03032580025736572617365206B6579208B
S21403C2C025643A2030782530385800636D64206E34
S21403C2D06F74206275696C740073726320657020D6
S21403C2E0253032782C20636C757320253034780023
S21403C2F073656E64696E6720746F206D756C746900
S21403C300636173742062696E640025733A206570F6
S21403C3103A2025642C20636C3A2030782530345834
S21403C3202C20617474723A20307825303458002CEF
S21403C330207376723A2025630025733A207265616E
S21403C340643A20307825303278002C207376723A9F
S21403C3502025632C2064747970653A203078253064
S21403C360325800417267756D656E7420617420697A
S21403C3706E6465783A202564206973206F7574208F
S21403C3806F662072616E676500436F6D6D616E64E4
S21403C39020616C7265616479206275696C742E2005
S21403C3A02043616E6E6F7420736574204D4647207C
S21403C3B0737065636966696320636F646520666F7F
S21403C3C07220636F6D6D616E642E004D4647204389
S21403C3D06F64652053657420666F72206E6578748B
S21403C3E020636F6D6D616E643A2030782530345863
S21403C3F000557365204E6578742053657175656EB8
S21403C40063652053657420666F72206E65787420AA
S21403C410636F6D6D616E643A203078253032580054
S21403C42044697361626C652044656661756C74204B
S21403C430526573706F6E73652053657420666F72F2
S21403C440206E65787420636F6D6D616E643A20307C
S21403C4507825303258004552523A20726561646935
S21403C4606E67206174747269627574652025303254
S21403C47078004552523A2061747472696275746525
S21403C4802073697A6520256420746F6F206C61724F
S21403C490676520666F722062756666657200457210
S21403C4A0726F723A2061747472696275746520499A
S21403C4B04420307825303458207265706F7274616A
S21403C4C0626C65206368616E6765206973207369B3
S21403C4D07A65202564422C206275742025644220E8
S21403C4E0656E74657265640A006E6F20636D640022
S21403C4F04572726F723A20434C492053656E64202E
S21403C5006661696C65642C207374617475733A2074
S21403C510307825303858004572726F723A202045BD
S21403C5205549363420617267756D656E742069737C
S21403C53020656D70747920616E64206C6F6F6B7507
S21403C54070206279206E6F646520494420666169B5
S21403C5506C65642E0047726F757000556E69636173
S21403C560737400556E62696E6420257320257330DC
S21403C570782530325800526571756573743A200019
S21403C5805A444F2073696D706C652064657363202D
S21403C5907265712025303278005A444F206E6F64DE
S21403C5A065206465736320726571202530327800D8
S21403C5B05A444F206D617463682064657363207208
S21403C5C065712025303258005573696E67206D7982
S21403C5D0206C6F63616C20455549363420666F7254
S21403C5E0206465737420455549363420696E20628D
S21403C5F0696E64696E67005A444F2062696E6420F0
S21403C600726571202530327800636C7573746572B9
S21403C610206C696D6974207265616368656400697E
S21403C6206E76616C696420706167653A20256420C4
S21403C6306F72206368616E6E656C3A2025640043F2
S21403C64068616E6765206368616E6E656C207374DF
S21403C650617475733A2030782530327800647572C9
S21403C6606174696F6E206D75737420626520696EE0
S21403C6702072616E67652030202D203500636F754C
S21403C6806E74206D75737420626520696E20726106
S21403C6906E67652031202D2038007363616E20732A
S21403C6A0746174757320307825303258006E657463
S21403C6B0776F726B20757064617465207365742080
S21403C6C07374617475732030782530325800416373
S21403C6D0746976652045502072657175657374209C
S21403C6E07374617475733A20307825303258004C71
S21403C6F05149205461626C65207265717565737467
S21403C7003A203078253032580042696E64696E6785
S21403C710205461626C6520726571756573743A2086
S21403C720307825303258004C6561766520257330A5
S21403C730782530325800506F7765722044657363EE
S21403C740726970746F722025733078253032580002
S21403C7505573696E67206D79206C6F63616C204535
S21403C7605549363420666F722064657374204555C8
S21403C77049363420696E20756E62696E64696E6729
S21403C78000526F757465205461626C6520257330A2
S21403C7907825303258002F686F6D652F72756E6E70
S21403C7A065722F776F726B2F747579612D7A69674F
S21403C7B06265652D7377697463682F747579612D67
S21403C7C07A69676265652D7377697463682F736921
S21403C7D06C6162735F746F6F6C732F73696D706CCB
S21403C7E069636974795F73646B2F70726F746F63B8
S21403C7F06F6C2F7A69676265652F6170702F66723A
S21403C800616D65776F726B2F636F6D6D6F6E2F73D0
S21403C8106C5F7A69676265655F73797374656D5F6C
S21403C820636F6D6D6F6E2E6300457874656E646519
S21403C8306420526573657420696E666F3A2030789B
S21403C840253034582028257329002F686F6D652FEF
S21403C85072756E6E65722F776F726B2F7475796152
S21403C8602D7A69676265652D7377697463682F74BB
S21403C8707579612D7A69676265652D737769746367
S21403C880682F73696C6162735F746F6F6C732F7359
S21403C890696D706C69636974795F73646B2F70720A
S21403C8A06F746F636F6C2F7A69676265652F61704B
S21403C8B0702F6672616D65776F726B2F636F6D6D28
S21403C8C06F6E2F7A69676265655F6170705F667207
S21403C8D0616D65776F726B5F736C6565702E630051
S21403C8E053746179206177616B65207768656E2084
S21403C8F06E6F74206A6F696E65643A20257300460E
S21403C9006F726365642073746179206177616B6508
S21403C9103A20202020202020202020257300466F48
S21403C9207263696E672064657669636520746F2039
S21403C93073746179206177616B6500416C6C6F7706
S21403C940696E672064657669636520746F20676F18
S21403C95020746F20736C656570002F686F6D652F8C
S21403C96072756E6E65722F776F726B2F7475796141
S21403C9702D7A69676265652D7377697463682F74AA
S21403C9807579612D7A69676265652D737769746356
S21403C990682F73696C6162735F746F6F6C732F7348
S21403C9A0696D706C69636974795F73646B2F7072F9
S21403C9B06F746F636F6C2F7A69676265652F61703A
S21403C9C0702F6672616D65776F726B2F636F6D6D17
S21403C9D06F6E2F7A69676265655F737461636B5FF9
S21403C9E0736C6565702E630052583A205265736502
S21403C9F074546F466163746F727944656661756CCF
S21403CA00747343616C6C6261636B00657A73702048
S21403CA10636F756E74657273206661696C656420F6
S21403CA20257500657A7370205265736574205468A3
S21403CA30726573686F6C64206572726F72202575F9
S21403CA4000657A7370205365742054687265736842
S21403CA506F6C64206572726F7220257500257529C8
S21403CA602025733A2025750053657474696E672014
S21403CA705468726573686F6C6420636F6D6D616E66
S21403CA8064003F3F3F004D6163205278204263615C
S21403CA907374004D6163205478204263617374009D
S21403CAA04D6163205278205563617374004D616352
S21403CAB0205478205563617374004D616320547865
S21403CAC0205563617374205265747279004D6163F7
S21403CAD0205478205563617374204661696C004165
S21403CAE050532052782042636173740041505320A0
S21403CAF05478204263617374004150532052782067
S21403CB005563617374004150532054782055636114
S21403CB1073742053756363657373004150532054D5
S21403CB20782055636173742052657472790041509E
S21403CB3053205478205563617374204661696C00F2
S21403CB40526F757465204469736320496E6974690E
S21403CB5061746564004E65696768626F722041643C
S21403CB60646564004E65696768626F722052656D1E
S21403CB706F766564004E65696768626F72205374EA
S21403CB80616C65004A6F696E20496E6469636174FF
S21403CB90696F6E004368696C64204D6F7665640048
S21403CBA0415348204F766572666C6F770041534851
S21403CBB0204672616D65204572726F72004153485C
S21403CBC0204F76657272756E204572726F72004ED4
S21403CBD0574B204643204661696C75726500415089
S21403CBE053204643204661696C757265004153487D
S21403CBF020584F66660041505320556E6175746821
S21403CC006F72697A6564204B6579004E574B2044F2
S21403CC10656372797074204661696C75726573001A
S21403CC204150532044656372797074204661696C81
S21403CC3075726573005061636B6574204275666632
S21403CC40657220416C6C6F63617465204661696C24
S21403CC50757265730052656C61796564205563610E
S21403CC6073740050687920746F204D4143207175AA
S21403CC70657565206C696D697420726561636865A6
S21403CC8064005061636B65742056616C69646174FB
S21403CC90652064726F7020636F756E74004E574B19
S21403CCA0207265747279206F766572666C6F770092
S21403CCB0434341204661696C757265730042726F27
S21403CCC0616463617374207461626C652066756C5D
S21403CCD06C00505441204C6F20507269205265718D
S21403CCE000505441204869205072692052657100F3
S21403CCF0505441204C6F205072692044656E69651C
S21403CD006400505441204869205072692044656E7F
S21403CD1069656400505441204C6F2050726920545A
S21403CD207820416272740050544120486920507242
S21403CD30692054782041627274004164647265739A
S21403CD407320436F6E666C6963742053656E74005C
S21403CD5043534C205278207363686564756C652072
S21403CD606661696C6564000D0044656275672070D2
S21403CD7072696E742067726F75702025730A005788
S21403CD80726F6E6720706172616D657465720A00FA
S21403CD905363686564756C65206D6F7665206E7782
S21403CDA06B0025732025643A202564004D617820A6
S21403CDB06D6F7665206C696D697420726561636852
S21403CDC06564206E776B2025643A20256400456EE3
S21403CDD0642044657669636520506F6C6C20496EE9
S21403CDE0666F726D6174696F6E00454D4245525FA2
S21403CDF0454E445F4445564943455F54494D454F68
S21403CE0055543A20202020202020256400506F6CA3
S21403CE106C20636F6D706C657465642063616C6C05
S21403CE206261636B3A202573002020437572726536
S21403CE306E7420506F6C6C20496E74657276616CEC
S21403CE4020287173293A202020256C640020204C6A
S21403CE506F6E6720506F6C6C20496E7465727661D6
S21403CE606C20287173293A202020202020256C640A
S21403CE7000202053686F727420506F6C6C20496ECC
S21403CE8074657276616C20287173293A20202020FD
S21403CE9020256C6400202057616B652054696D65FE
S21403CEA06F757420287173293A20202020202020B3
S21403CEB02020202020256C6400202057616B6520ED
S21403CEC054696D656F7574204269746D61736B3A4E
S21403CED0202020202020202020307825303858009D
S21403CEE0202043757272656E742041707020546101
S21403CEF0736B733A2020202020202020202020201F
S21403CF0030782530385800202043757272656E7469
S21403CF1020506F6C6C20436F6E74726F6C202020F1
S21403CF2020202020202020257300202044656661D1
S21403CF30756C7420506F6C6C20436F6E74726F6CDC
S21403CF4020202020202020202020257300466F72DA
S21403CF5063696E672064657669636520746F207302
S21403CF60686F727420706F6C6C00416C6C6F7769BD
S21403CF706E672064657669636520746F206C6F6ED8
S21403CF806720706F6C6C00534C5F5A4947424545A7
S21403CF905F41465F4C4F4E475F504F4C4C00534CDF
S21403CFA05F5A49474245455F41465F53484F52548F
S21403CFB05F504F4C4C00706F6C6C206E776B202567
S21403CFC0643A203078253032580046696E64206112
S21403CFD06E642042696E6420496E69746961746F79
S21403CFE0723A20436F6D706C6574653A203078250D
S21403CFF030325800537461727420746172676574BA
S21403D0000046696E6420616E642042696E64205433
S21403D01061726765740025733A2025733A20307869
S21403D0202530325800467261676D656E74617469A7
S21403D0306F6E2052582077696E646F772073697A13
S21403D040652073657420746F202564002F686F6DE8
S21403D050652F72756E6E65722F776F726B2F747590
S21403D06079612D7A69676265652D7377697463687C
S21403D0702F747579612D7A69676265652D73776993
S21403D0807463682F73696C6162735F746F6F6C731C
S21403D0902F73696D706C69636974795F73646B2F42
S21403D0A070726F746F636F6C2F7A69676265652F32
S21403D0B06170702F6672616D65776F726B2F706C1F
S21403D0C07567696E2F667261676D656E74617469E4
S21403D0D06F6E2F667261676D656E746174696F6ECD
S21403D0E02E630052583A2041646447726F7570523B
S21403D0F06573706F6E7365203078253032582C2038
S21403D1003078253034580052583A205669657747A8
S21403D110726F7570526573706F6E73652030782505
S21403D1203032582C203078253034582C20220052A8
S21403D130583A2047657447726F75704D656D626522
S21403D1407273686970526573706F6E73652030789A
S21403D150253032582C203078253032582C00205B6E
S21403D1603078253034585D0052583A2052656D6F3A
S21403D170766547726F7570526573706F6E73652050
S21403D1803078253032582C203078253034580065D6
S21403D190705B253032585D2069645B253034585DFA
S21403D1A000436C656172696E6720616C6C20677200
S21403D1B06F7570732E004552523A204661696C654E
S21403D1C06420746F206372656174652062696E649F
S21403D1D0696E672028307825303258290045525228
S21403D1E03A2042696E64696E67207461626C6520DA
S21403D1F069732066756C6C004552523A20777269E3
S21403D20074696E67206E616D6520737570706F72DA
S21403D2107420253032580052583A204164644772CD
S21403D2206F7570203078253034582C2022007576A0
S21403D2300052583A205669657747726F75702030EA
S21403D24078253034580075767300766965775F679E
S21403D250726F75700047726F7570733A20666169F6
S21403D2606C656420746F2073656E6420257320726A
S21403D2706573706F6E73653A2030782530325800C8
S21403D2806765745F67726F75705F6D656D626572F3
S21403D2907368697020726573706F6E73650064657A
S21403D2A06661756C745F726573706F6E736500523A
S21403D2B0583A2047657447726F75704D656D6265A1
S21403D2C07273686970203078253032582C00757573
S21403D2D0620047726F7570733A206661696C6564A5
S21403D2E020746F2073656E642025733A203078258A
S21403D2F03032580052583A2052656D6F7665477241
S21403D3006F757020307825303458004552523A20D5
S21403D3104661696C656420746F2064656C6574652A
S21403D3202062696E64696E6720283078253032582B
S21403D330290072656D6F76655F67726F7570005250
S21403D340583A2052656D6F7665416C6C47726F75FF
S21403D35070730052583A2041646447726F7570497F
S21403D360664964656E74696679696E6720307825E8
S21403D3703034582C202200616464004368616E6E6A
S21403D380656C206E6F742076616C69643A20256440
S21403D390005072696D617279002573206D61736B3D
S21403D3A0206E6F7720307825303858005365636FCA
S21403D3B06E64617279004D61736B206E6F742076B4
S21403D3C0616C69643A202564007072696D617279D4
S21403D3D0007365636F6E646172790025733A205338
S21403D3E06574202573206D61736B20746F2030780D
S21403D3F025303858005374617475730025733A20CA
S21403D40025733A004368616E6E656C206D61736BBD
S21403D4103A0020202020283129203078253038581B
S21403D420205B002020202028322920307825303821
S21403D43058205B0053746174653A20307825303287
S21403D4405820282573290043757272656E7420630D
S21403D45068616E6E656C3A20256400546F74616C67
S21403D46020626561636F6E733A202564004A6F69B4
S21403D4706E20617474656D7074733A202564004E73
S21403D4806574776F726B2073746174653A203078B5
S21403D490253032580053746F700025732053746F11
S21403D4A0702E2020436C65616E696E672075702E42
S21403D4B00042726F616463617374696E672070659E
S21403D4C0726D6974206A6F696E0054727573742086
S21403D4D063656E746572206C696E6B206B6579206C
S21403D4E07570646174652073746174757300257355
S21403D4F03A205741524E494E473A20736C5F7A6939
S21403D500676265655F7365745F696E697469616C8C
S21403D5105F73656375726974795F7374617465208C
S21403D5206661696C65642E20436F6E74696E7569F7
S21403D5306E6720776974686F757420696E7374619B
S21403D5406C6C20636F64652E004572726F723A20AE
S21403D550696E7374616C6C20636F646520736574A5
S21403D5607570206661696C65642E20497320616E50
S21403D57020696E7374616C6C20636F646520666CDF
S21403D5806173686564206F6E746F207468652064C9
S21403D59065766963653F00D0D1D2D3D4D5D6D7D8C4
S21403D5A0D9DADBDCDDDEDF00FFFFFFFFFFFFFFFF77
S21403D5B0005A6967426565416C6C69616E636530E4
S21403D5C0390025733A2069737375696E6720736330
S21403D5D0616E206F6E202573206368616E6E656CC6
S21403D5E07320286D61736B203078253038582900F6
S21403D5F0257320697320616C726561647920696E96
S21403D6002070726F6772657373005374617274006F
S21403D6104578616D696E696E6720626561636F6EDA
S21403D620206F6E206368616E6E656C2025642077BC
S21403D6306974682070616E496420307825303458E8
S21403D640005468697320626561636F6E2069732096
S21403D6506E6F742070617274206F66207468652024
S21403D66063757272656E74206368616E6E656C2096
S21403D6706D61736B2028307825303858292E204763
S21403D680657474696E67206E65787420626561637D
S21403D6906F6E2077686F7365206368616E6E656C66
S21403D6A0206269746D61736B206973207365742ED1
S21403D6B0004572726F723A20257320636F756C642F
S21403D6C0206E6F7420617474656D7074206A6F6960
S21403D6D06E3A20307825303258004E6F20626561EE
S21403D6E0636F6E73206C656674206F6E206375724D
S21403D6F072656E74206D61736B2E204D6F76696E46
S21403D7006720746F206E6578742073746174650087
S21403D7102573206A6F696E696E672030782530340A
S21403D72058206F6E206368616E6E656C20256400FA
S21403D73025732053746174653A202573004572720D
S21403D7406F723A20257320636F756C64206E6F7456
S21403D7502073657475702073656375726974793A9E
S21403D76020307825303258004572726F723A205353
S21403D77063616E20636F6D706C6574652068616E9F
S21403D780646C65722072657475726E656420307899
S21403D79025303258002573207363616E20636F6DE6
S21403D7A0706C6574652E20426561636F6E732068C6
S21403D7B0656172643A20256400257320737461637F
S21403D7C06B2073746174757320307825303258007B
S21403D7D02573206E6574776F726B206A6F696E654A
S21403D7E0642E00257320747279696E67206E6578DF
S21403D7F074206E6574776F726B2E004E6F6E6500C5
S21403D8005363616E205072696D617279204368615B
S21403D8106E6E656C7320616E642075736520436F4E
S21403D8206E66696775726564204B6579005363613C
S21403D8306E205072696D617279204368616E6E6501
S21403D8406C7320616E642075736520496E73746112
S21403D8506C6C20436F6465005363616E205072697D
S21403D8606D617279204368616E6E656C7320616EBC
S21403D87064205573652043656E7472616C697A65BE
S21403D88064204B6579005363616E205072696D6145
S21403D8907279204368616E6E656C7320616E6420D6
S21403D8A05573652044697374726962757465642080
S21403D8B04B6579005363616E205365636F6E6461D5
S21403D8C07279204368616E6E656C7320616E6420A6
S21403D8D075736520436F6E66696775726564204B62
S21403D8E06579005363616E205365636F6E6461727E
S21403D8F079204368616E6E656C7320616E64207573
S21403D900736520496E7374616C6C20436F646500A5
S21403D9105363616E205365636F6E6461727920434F
S21403D92068616E6E656C7320616E64205573652046
S21403D93043656E7472616C697A6564204B65790021
S21403D9405363616E205365636F6E6461727920431F
S21403D95068616E6E656C7320616E64205573652016
S21403D9604469737472696275746564204B657900E3
S21403D9705363616E205072696D61727920436861EA
S21403D9806E6E656C7320616E642055736520416C02
S21403D9906C204B6579732028696E7374616C6C20F8
S21403D9A0636F64652C2063656E7472616C697A6557
S21403D9B0642C2064697374726962757465642900E3
S21403D9C05363616E205365636F6E6461727920439F
S21403D9D068616E6E656C7320616E64205573652096
S21403D9E0416C6C204B6579732028696E7374616C87
S21403D9F06C20636F64652C2063656E7472616C695A
S21403DA007A65642C206469737472696275746564DC
S21403DA1029004F6E2F4F6666207365742076616CFF
S21403DA2075653A2025303258202530325800455245
S21403DA30523A2072656164696E67206F6E2F6F6657
S21403DA40662025303258004F6E2F6F666620616C55
S21403DA5072656164792073657420746F206E6577D0
S21403DA602076616C756500546F67676C65206F6E12
S21403DA702F6F66662066726F6D20253032582074CD
S21403DA806F2025303258004552523A207772697417
S21403DA90696E67206F6E2F6F6666202530325800DA
S21403DAA0496E7374616C6C656420547970652028C4
S21403DAB042617365293A2020307825303258004376
S21403DAC061706162696C69746965733A202020200D
S21403DAD02020202020202030782530345800426F24
S21403DAE06F746C6F616465722056657273696F6ECE
S21403DAF03A202020202030782530345800536563A0
S21403DB0075726520426F6F746C6F61646572204B2B
S21403DB1065793A20202020202000426F6F746C6FB6
S21403DB206164696E67206661696C65642100446F91
S21403DB30776E6C6F6164206661696C65642E004461
S21403DB40656C6574696E67206661696C65642064DC
S21403DB506F776E6C6F61642C207374617475733A9F
S21403DB602030782530325800496D61676520646F30
S21403DB706573206E6F7420636F6E7461696E2061C7
S21403DB806E205570677261646520496D6167652014
S21403DB905461672028307825303458292E20536B5B
S21403DBA0697070696E6720757067726164652E00B0
S21403DBB0457865637574696E6720626F6F746C6F02
S21403DBC061642063616C6C6261636B2E00537461E5
S21403DBD07274696E672045424C2076657269666981
S21403DBE0636174696F6E0045424C206661696C65BB
S21403DBF06420766572696669636174696F6E2E0068
S21403DC0045424C207061737365642076657269665D
S21403DC1069636174696F6E2E002573696E67204FA2
S21403DC20544120636C69656E742073746174652057
S21403DC306D616368696E650073746F70700045721A
S21403DC40726F723A204E6F20696D6167652061744A
S21403DC5020696E646578202564004E6F74207375A2
S21403DC6070706F727465642E00436C69656E742001
S21403DC70696D61676520717565727920696E666F77
S21403DC80004D616E75662049443A202020202020EE
S21403DC9020202030782530345800496D6167652090
S21403DCA0547970652049443A202020203078253066
S21403DCB034580043757272656E74205665727369C4
S21403DCC06F6E3A20203078253038580048617264E9
S21403DCD0776172652056657273696F6E3A20004EDF
S21403DCE0410051756572792044656C6179206D73C6
S21403DCF03A202020202020202020202020256C646D
S21403DD000053657276657220446973636F76657235
S21403DD10792044656C6179206D733A20256C640024
S21403DD20446F776E6C6F61642044656C6179206D17
S21403DD30733A202020202020202020256C640052C7
S21403DD40756E20557067726164652044656C6179F1
S21403DD50206D733A202020202020256C6400566511
S21403DD60726966792044656C6179206D733A202068
S21403DD70202020202020202020256C6400446F775C
S21403DD806E6C6F6164204572726F722054687265A0
S21403DD9073686F6C643A202025640055706772615F
S21403DDA064652057616974205468726573686F6C84
S21403DDB0643A202020202564004F544120446F7786
S21403DDC06E6772616465733A2044697361626C6559
S21403DDD064004F544120446F776E677261646573C5
S21403DDE03A20456E61626C656400426F6F746C6FB7
S21403DDF061642073746174653A20257300496E76F6
S21403DE00616C6964204550202564207768656E2020
S21403DE10747279696E6720746F2073656E64204F21
S21403DE205441206D6573736167652E0053656E6498
S21403DE30696E67205570677261646520456E64205D
S21403DE40726571756573742E0025733A20696E7654
S21403DE50616C696420636D644964203078253032D0
S21403DE6058004572726F723A20204661696C656489
S21403DE7020746F2073656E64204F544120636F6D6A
S21403DE806D616E64203078253032582C20737461AF
S21403DE907475733A2030782530325800536572769D
S21403DEA0657220756E6B6E6F776E2C2066616C6C78
S21403DEB0696E67206261636B20746F2064697363A5
S21403DEC06F766572792E004D6178696D756D207178
S21403DED075657279206572726F7273206869742033
S21403DEE0282564292C207374617274696E67207305
S21403DEF0656172636820666F72206E6577204F5483
S21403DF0041207365727665722E0A004170706C79D3
S21403DF10696E6720757067726164650025733A20C1
S21403DF20696E76616C6964206F66667365742063D8
S21403DF30757272656E7454696D652830782530384D
S21403DF405829203E207570677261646554696D6553
S21403DF502830782530385829004F544120436C75B3
S21403DF60737465723A207761697420666F72202530
S21403DF7064207300525865642074696D654F757428
S21403DF802030782530385820732C204D4158207483
S21403DF90696D654F757420307825303858207300C6
S21403DFA04D6178696D756D20757067726164652063
S21403DFB07265717565737473206D616465202825B9
S21403DFC0642920776974686F757420726573706F3F
S21403DFD06E73652066726F6D207365727665722E3A
S21403DFE000557067726164696E6720616E79776148
S21403DFF079004F54412053657276696365206469DE
S21403E00073636F766572792070726576656E746574
S21403E01064202D20616E6F746865722069732061B9
S21403E0206C726561647920696E2070726F677265C1
S21403E0307373004661696C656420746F20696E694A
S21403E04074696174652073657276696365206469B3
S21403E05073636F766572792E004F54412053657251
S21403E0607669636520446973636F766572792069A0
S21403E0706E2070726F677265737300436C69656EAA
S21403E0807420766572696669636174696F6E20666B
S21403E09061696C65642E005369676E617475726599
S21403E0A000437573746F6D00706173736564004627
S21403E0B041494C4544004E6F207369676E61747521
S21403E0C0726520766572696669636174696F6E202E
S21403E0D0737570706F72742C20617373756D696ECF
S21403E0E06720696D616765206973206F6B61792EA0
S21403E0F000257320766572696669636174696F6E5D
S21403E1002025733A20307825303258004D617869DF
S21403E1106D756D206E756D626572206F6620646F17
S21403E120776E6C6F6164206572726F7273207265AE
S21403E13061636820282564292C2061626F727469E4
S21403E1406E672E004F544120436C75737465723AA4
S21403E1502073657474696E6720494545452061647C
S21403E1606472657373206F66204F544120636C7529
S21403E17073746572005061727469616C2066696CB1
S21403E1806520646F776E6C6F616420666F756E646E
S21403E1902C20636F6E74696E75696E672066726F86
S21403E1A06D206F66667365742030782530385800A6
S21403E1B0466F756E642066756C6C7920646F776E37
S21403E1C06C6F616465642066696C6520696E207394
S21403E1D0746F72616765202876657273696F6E2047
S21403E1E0307825303858292E00466F756E642066C1
S21403E1F0696C6520696E2073746F7261676520773A
S21403E20069746820646966666572656E74207665EF
S21403E2107273696F6E202830782530385829207439
S21403E22068616E2063757272656E742076657273AC
S21403E230696F6E2028307825303858290046696C77
S21403E2406520696E2073746F726167652069732039
S21403E25073616D652061732063757272656E7420D9
S21403E26072756E6E696E672076657273696F6E205F
S21403E2702830782530385829004E6F20696D61673D
S21403E2806520666F756E6420696E2073746F7261A5
S21403E29067652E004F544120536572766963652087
S21403E2A0446973636F7665727920756E626C6F630B
S21403E2B06B65640049676E6F72696E67207365727B
S21403E2C07665722066726F6D206C6F6F7062616325
S21403E2D06B20616464726573730049676E6F72695D
S21403E2E06E6720307825303458204F5441207365AC
S21403E2F07276657220696E20736561726368206F3B
S21403E300662054430053657474696E67204F544106
S21403E3102053657276657220746F2030782530340A
S21403E320580044656C6179696E67202564207365BF
S21403E330636F6E6473206265666F726520737461C3
S21403E3407274696E67204F544120636C69656E74FE
S21403E3500054696D656F75742077616974696E67BB
S21403E36020666F72206D6573736167652E00426168
S21403E37064204F544120636F6D6D616E643A2030A4
S21403E3807825303258004F544120636F6D6D616EAF
S21403E390642030782530325820746F6F2073686F8E
S21403E3A0727420286C656E202564203C206D696E8F
S21403E3B020256429004F544120636F6D6D616E64A0
S21403E3C02066726F6D20756E7265636F676E697A0D
S21403E3D0656420736572766572203078253034580C
S21403E3E02E20204D79204F54412073657276657236
S21403E3F03A2030782530345800496D616765204EE1
S21403E4006F7469667900476F7420756E65787065FA
S21403E410637465642025732E202053746172742000
S21403E420646973636F766572792E006465666175D9
S21403E4306C74004F54413A206661696C65642074BD
S21403E4406F2073656E6420257320726573706F6E1C
S21403E45073653A2030782530325800496D61676518
S21403E460206E6F7469667900476F7420756E6578E1
S21403E4707065637465642025732E202049676E6F6C
S21403E4807265642E004F54413A2044656661756C8C
S21403E4907420726573706F6E736520666F722049A1
S21403E4A06D616765206E6F746966792C207374617D
S21403E4B07475732030782530325800496D6167656E
S21403E4C0206E6F7469667920636F6D6D616E64008C
S21403E4D0257320756E69636173742C20717565727C
S21403E4E079696E6700496E76616C696400257320EE
S21403E4F02573207061796C6F616420747970652070
S21403E5003078253032580025732025733A206F75EE
S21403E51074206F662072616E6765206A697474651D
S21403E520722025640025732025733A207061796C68
S21403E5306F6164206C656E67746820646F65736EC4
S21403E5402774206D61746368207479706520307851
S21403E5502530325820282564203C202564290025B0
S21403E560732025732064756520746F206E6F6E2D7F
S21403E5706D61746368696E67206D616E756661634D
S21403E58074757265722049440025732025732064D0
S21403E590756520746F206E6F6E2D6D617463686988
S21403E5A06E6720696D6167652074797065204944DC
S21403E5B00025732025732064756520746F206D61B4
S21403E5C0746368696E67206669726D776172652029
S21403E5D076657273696F6E0025732025732C20523F
S21403E5E0782764204A697474657220283078253049
S21403E5F03258292C205069636B6564204A69747409
S21403E6006572202830782530325829005175657296
S21403E61079206E65787420696D616765207265730D
S21403E620706F6E73650025732072657475726E6500
S21403E63064203078253032582E20204E6F206E65A9
S21403E6407720696D61676520746F20646F776E6CE1
S21403E6506F61642E00257320746F6F2073686F726A
S21403E6607420282564203C202564290025733A203D
S21403E6704E657720696D61676520697320617661F1
S21403E680696C61626C6520666F7220646F776E6C6E
S21403E6906F61642E002573206973206E6F74207576
S21403E6A073696E67206D7920696D61676520696E91
S21403E6B0666F2E004552524F523A204E65787420AC
S21403E6C0496D61676520697320746F6F206269679F
S21403E6D020746F2073746F72652028307825303865
S21403E6E058203E203078253038582900257320726C
S21403E6F0657475726E65642073616D652046696C1A
S21403E7006556657273696F6E2061732063757272E6
S21403E710656E746C7920696E7374616C6C65642EB7
S21403E720004F544120446F776E67726164657320AF
S21403E73044697361626C65643A2046696C65566524
S21403E7407273696F6E20626568696E6420637572A2
S21403E75072656E7420696E7374616C6C6174696F34
S21403E7606E005374617274696E6720646F776E6CA3
S21403E7706F61642C2056657273696F6E203078253E
S21403E780303858004572726F723A204661696C657C
S21403E7906420746F2064656C65746520696D6167B9
S21403E7A0652E004572726F723A204661696C656425
S21403E7B020746F206572617365206F6C64207465C6
S21403E7C06D7020646174612E00496D616765206217
S21403E7D06C6F636B20726573706F6E7365004F5456
S21403E7E0413A20496D616765426C6F636B52657091
S21403E7F06F6E736520636F6E7461696E7320696EE6
S21403E80076616C6964206F7220696E636F6D706CDD
S21403E8106574652064617461005570646174696E23
S21403E82067204D696E20426C6F636B20526571756D
S21403E83065737420506572696F6420746F20256455
S21403E840206D7300446F776E6C6F61642064656C33
S21403E850617920627920736572766572202564205B
S21403E8606D7300446F776E6C6F61642061626F72C4
S21403E870746564206279207365727665722E005320
S21403E880657276657220646F65736E277420737580
S21403E89070706F727420706167652072657175653C
S21403E8A073742C206F6E6C79207573696E672062A3
S21403E8B06C6F636B20726571756573742E00536598
S21403E8C0727665722072657475726E65642027753C
S21403E8D06E737570706F7274656420636C75737491
S21403E8E0657220636F6D6D616E64272E00556E6BC7
S21403E8F06E6F776E2025732073746174757320634F
S21403E9006F6465203078253032580025732068619F
S21403E9107320646174612073697A652028256429ED
S21403E92020736D616C6C6572207468616E20616320
S21403E9307475616C207061636B65742073697A65A6
S21403E94020282564292E002573206572726F723A7B
S21403E950204578706563746564206F6666736574B6
S21403E960203078253038582C2062757420676F74F1
S21403E970203078253038582E202049676E6F72690C
S21403E9806E6700257320696E666F20646964206E67
S21403E9906F74206D61746368206D79206578706587
S21403E9A06374656420696E666F2E202044726F70F0
S21403E9B070696E672E004661696C656420746F200B
S21403E9C0777269746520746F2073746F72616765FC
S21403E9D0206465766963652100446F776E6C6F61AA
S21403E9E064005570677261646520656E64207265A5
S21403E9F073706F6E7365005365727665722061621D
S21403EA006F7274656420757067726164652C207319
S21403EA1074617475733A2030782530325800457225
S21403EA20726F723A2025732068616420696E76617E
S21403EA306C69642025733A200066696C65207665E8
S21403EA407273696F6E00416464696E672025642083
S21403EA506D732E2064656C617920666F7220696D14
S21403EA606D65646961746520757067726164652E8F
S21403EA7000436F756E74646F776E20746F207570C5
S21403EA8067726164653A202564206D7300205374B1
S21403EA906174653A202020257300205761697469E4
S21403EAA06E6720666F7220726573706F6E73653A59
S21403EAB020257300204E657874204576656E742095
S21403EAC054696D65723A202564206D730020437582
S21403EAD07272656E7420446F776E6C6F6164204F3C
S21403EAE066667365743A20307825303858202825B2
S21403EAF0642525290025733A206661696C656420C0
S21403EB0070617273696E67204F544120636D642091
S21403EB10307825303258004F54412044656661757D
S21403EB206C7420726573706F6E736520746F2063E8
S21403EB306F6D6D616E6420494420307825303258FD
S21403EB402C20737461747573203078253032580026
S21403EB50496D61676520626C6F636B2072657175C2
S21403EB606573742074657374206F6E6C7920776F89
S21403EB70726B73207768656E2073746174652069A1
S21403EB807320424F4F544C4F41445F5354415445B6
S21403EB905F4E4F4E450052616E646F6D2044656C48
S21403EBA06179206265666F726520737461727400A2
S21403EBB0446973636F766572696E67204F544120AC
S21403EBC053657276657200476574204F544120532F
S21403EBD0657276657220455549004F627461696EA9
S21403EBE0206C696E6B206B65790051756572796967
S21403EBF06E67204E65787420496D61676500446FC3
S21403EC00776E6C6F6164696E6720496D6167650036
S21403EC10566572696679696E6720496D6167650036
S21403EC2057616974696E6720666F722055706772E4
S21403EC30616465206D65737361676500436F756E08
S21403EC4074646F776E20746F2055706772616465A5
S21403EC500057616974696E6720746F2075706772F8
S21403EC6061646520766961206F75742D6F662D6209
S21403EC70616E64206D656368616E69736D002573EC
S21403EC803A202564252520636F6D706C65746500D6
S21403EC90496D6167652025640020204552524F5216
S21403ECA03A20436F756C64206E6F7420676574201A
S21403ECB066756C6C20686561646572210020204867
S21403ECC065616465722056657273696F6E3A2030AB
S21403ECD07825303458002020486561646572204CDE
S21403ECE0656E6774683A20202564206279746573BC
S21403ECF00020204669656C6420436F6E74726F6CE7
S21403ED003A20203078253034580020204D616E7527
S21403ED10662049443A2020202020202030782530C1
S21403ED203458002020496D61676520547970653A30
S21403ED3020202020203078253034580020205665A7
S21403ED407273696F6E3A20202020202020203078AE
S21403ED50253038580020205A696762656520566555
S21403ED607273696F6E3A203078253034580020204D
S21403ED7048656164657220537472696E673A202031
S21403ED802573002020496D6167652053697A653ACB
S21403ED902020202020256C6420627974657300206F
S21403EDA020536563757269747920437265643A20EB
S21403EDB02030782530325800202055706772616401
S21403EDC06520446573743A2020200020204D696E28
S21403EDD02E204857205665723A202020203078256A
S21403EDE03034580020204D61782E20485720566531
S21403EDF0723A2020202030782530345800202054C2
S21403EE006F74616C20546167733A20256400202078
S21403EE1020205461673A203078253034580020206B
S21403EE20202020204C656E6774683A20256C6400A9
S21403EE304572726F723A20436F756C64206E6F74FE
S21403EE40206F627461696E2074616720696E666FF5
S21403EE502066726F6D20696D6167652E000A2564F2
S21403EE6020696D6167657320696E204F5441207376
S21403EE70746F726167652E00496D6167652064650E
S21403EE806C65746525732E004572726F723A202086
S21403EE90436F756C64206E6F7420726561642062C4
S21403EEA06C6F636B3A203078253032582E0A005345
S21403EEB074617274696E6720657261736520667229
S21403EEC06F6D206F6666736574203078253038580A
S21403EED020746F2030782530385800436F756C6483
S21403EEE0206E6F74207374617274204552415345CB
S21403EEF02120283078253032582900454550524F76
S21403EF004D20457261736520636F6D706C65746523
S21403EF10002F686F6D652F72756E6E65722F776F33
S21403EF20726B2F747579612D7A69676265652D73C7
S21403EF3077697463682F747579612D7A696762657A
S21403EF40652D7377697463682F73696C6162735F89
S21403EF50746F6F6C732F73696D706C696369747902
S21403EF605F73646B2F70726F746F636F6C2F7A6945
S21403EF70676265652F6170702F6672616D65776F66
S21403EF80726B2F706C7567696E2F6F74612D737457
S21403EF906F726167652D73696D706C652D6565703D
S21403EFA0726F6D2F6F74612D73746F726167652D49
S21403EFB0656570726F6D2D706167652D657261731F
S21403EFC0652E63002F686F6D652F72756E6E6572A2
S21403EFD02F776F726B2F747579612D7A6967626507
S21403EFE0652D7377697463682F747579612D7A69F3
S21403EFF0676265652D7377697463682F73696C61DF
S21403F00062735F746F6F6C732F73696D706C696373
S21403F0106974795F73646B2F70726F746F636F6C50
S21403F0202F7A69676265652F6170702F6672616DEE
S21403F03065776F726B2F706C7567696E2F6F74616F
S21403F0402D73746F726167652D73696D706C652DB2
S21403F050656570726F6D2F6F74612D73746F726157
S21403F06067652D656570726F6D2E63004F54412082
S21403F07053696D706C652053746F726167652045C4
S21403F0804550524F4D207761726E696E673A206322
S21403F0906F756C64206E6F742067657420736C6F75
S21403F0A07420696E666F20666F7220736C6F7420AF
S21403F0B0256420286572726F7220307825303258A6
S21403F0C0292E2044656661756C74696E6720746FBB
S21403F0D0207370656369666965642061646472653C
S21403F0E07373206F6666736574730053746F72610F
S21403F0F06765204472697665723A202020202020B6
S21403F100202020202020204F54412053696D706C0E
S21403F110652053746F7261676520454550524F4DA5
S21403F12020506C7567696E0052656164204D6F648C
S21403F13069667920577269746520537570706F72AB
S21403F140743A20206E6F00534F4320426F6F746CE7
S21403F1506F6164696E6720537570706F72743A20BE
S21403F16020202079657300426F6F746C6F6164654D
S21403F170722053746F7261676520537570706F7277
S21403F180743A2055736520666972737420736C6FC6
S21403F1907400536C6F7420746F207573653A202067
S21403F1A0202020202020202020202020202025640E
S21403F1B00043757272656E7420446F776E6C6F6170
S21403F1C064204F66667365743A20202020307825C5
S21403F1D03038580045424C205374617274204F6691
S21403F1E0667365743A2020202020202020202020CB
S21403F1F030782530385800454550524F4D205374CB
S21403F2006172743A202020202020202020202020F5
S21403F21020202030782530385800454550524F4D31
S21403F22020456E643A202020202020202020202005
S21403F23020202020202030782530385800496D6162
S21403F240676520496E666F2053746172743A202096
S21403F25020202020202020202030782530385800F9
S21403F26053617665205261746520286279746573EC
S21403F2702920202020202020202020203078253000
S21403F2803858004F6666736574206F6620646F7720
S21403F2906E6C6F6164206F66667365742020203021
S21403F2A07825303858004F6666736574206F66207D
S21403F2B045424C206F66667365743A2020202020F2
S21403F2C02020307825303858004F666673657420E2
S21403F2D06F6620696D6167652073746172743A2086
S21403F2E0202020202030782530385800736C5F7A31
S21403F2F069676265655F61665F6F74615F73746F8C
S21403F300726167655F6472697665725F7265616470
S21403F3105F63622829206661696C65642100426127
S21403F32064206D61676963206E756D62657220691E
S21403F3306E2066696C653A20307825303258203066
S21403F34078253032582030782530325820307825CA
S21403F350303258004261642076657273696F6E209E
S21403F360696E2066696C6520307825303458004510
S21403F37072726F723A2072656164416E6456616C94
S21403F380696461746553746F726564496D6167651A
S21403F390282920747269656420746F20726561641D
S21403F3A0206D6F72652064617461207468616E20DD
S21403F3B0697420636F756C6420686F6C642E0073C9
S21403F3C06C5F7A69676265655F61665F6F74615FCC
S21403F3D073746F726167655F6472697665725F7274
S21403F3E06561645F63622829204641494C45442190
S21403F3F0004C617374206F666673657420646F7760
S21403F4006E6C6F616465643A203078253038580036
S21403F41053746F72616765204D6F64756C653A202F
S21403F4204F54412053696D706C652053746F72613D
S21403F430676520506C7567696E00496D6167657313
S21403F4402053746F7265643A20202564206F66200B
S21403F450310A00253032583A00657020253032587C
S21403F46020636C75732025303458206174747220C1
S21403F470253034582073767220256300206D666726
S21403F480202530325800207265706F7274206D69C3
S21403F4906E2025303458206D61782025303458206E
S21403F4A07270742D636867202530385800207265A3
S21403F4B063656976652066726F6D20253034582043
S21403F4C0657020253032582074696D656F75742019
S21403F4D02530345800636C6561720072656D6F7613
S21403F4E06500636C656172696E67206C6173742076
S21403F4F07265706F72742074696D65206F66206123
S21403F5006C6C2061747472696275746573007465DB
S21403F5107374696E672074696D696E67206F662001
S21403F520766172696F7573207265706F7274696E37
S21403F53067206F7065726174696F6E73002D2D2D71
S21403F5402D2D2D2D2D2D2D2D2D2D2D2D2D2D2D2DE3
S21403F5502D2D2D2D2D2D2D2D2D2D2D2D2D2D2D2DD3
S21403F5602D2D2D2D2D2D2D2D2D2D2D2D002D2D74A9
S21403F57061626C65207265616473202D2066756C0C
S21403F5806C207461626C652D2D00726573756C74E6
S21403F590203D202564206D73002D2D696E6974202F
S21403F5A02F207363686564756C65207469636B2DBF
S21403F5B02D2D002D2D6C6F616420636F6E66696759
S21403F5C075726174696F6E2064656661756C7473B9
S21403F5D02D2D002F686F6D652F72756E6E65722FF9
S21403F5E0776F726B2F747579612D7A6967626565BB
S21403F5F02D7377697463682F747579612D7A6967DB
S21403F6006265652D7377697463682F73696C6162CD
S21403F610735F746F6F6C732F73696D706C69636956
S21403F62074795F73646B2F70726F746F636F6C2F74
S21403F6307A69676265652F6170702F6672616D65A2
S21403F640776F726B2F706C7567696E2F7265706F4C
S21403F6507274696E672F7265706F7274696E672E47
S21403F6606300524541445F5250545F43464700721D
S21403F6706561645F7265706F7274696E675F636FEE
S21403F6806E66696775726174696F6E005265706F36
S21403F6907274696E673A206661696C656420746F7C
S21403F6A02073656E6420257320726573706F6E73A6
S21403F6B0653A20307825303258004552523A207247
S21403F6C0656164696E6720636C7573746572203058
S21403F6D078253034582061747472696275746520B5
S21403F6E03078253034583A20307825303258004563
S21403F6F052523A207265706F7274696E67206F6635
S21403F700204C4F4E4720737472696E672061747481
S21403F7107269627574652074797065206E6F7420E3
S21403F720737570706F727465643A20636C75737466
S21403F730657220307825303458206174747269629B
S21403F74075746520307825303458005265706F72B2
S21403F75074696E6720456E7472792046756C6C20EA
S21403F7602D206372656174696E67206E65772072FB
S21403F77065706F7274004346475F52505400202DE5
S21403F78020646972656374696F6E3A253032582C4B
S21403F79020617474723A253034580020202074791E
S21403F7A070653A253032582C206D696E3A25303410
S21403F7B0582C206D61783A25303458002020206379
S21403F7C068616E67653A0020202074696D656F7501
S21403F7D0743A2530345800636F6E666967757265D0
S21403F7E05F7265706F7274696E67002054434C4B8A
S21403F7F02075706461746520616C7265616479203C
S21403F800696E2070726F6772657373004D616E75F3
S21403F810616C2054434C4B2075706461746520669C
S21403F82061696C65642E2573005374617274696E26
S21403F83067207570646174652074727573742063D1
S21403F840656E746572206C696E6B206B65792070CB
S21403F850726F6365737300557064617465205443F7
S21403F860204C696E6B204B657900204E6577206BC4
S21403F87065792065737461626C69736865643A00C0
S21403F880204572726F723A00506172746E65723AF6
S21403F89020005A434C20676C6F62616C20636C7562
S21403F8A07374657220636F6D6D616E647300646953
S21403F8B072656374696F6E00646973632D636F6D3D
S21403F8C02D67656E00646973632D636F6D2D7265B6
S21403F8D063006578706563742D7265706F72742D3E
S21403F8E066726F6D2D6D6500757772697465006E4F
S21403F8F07772697465007265706F72742D726561D4
S21403F900640073656E642D6D652D612D7265706F71
S21403F91072740043726561746573206120676C6F4F
S21403F92062616C20646973636F76657220636F6DC2
S21403F9306D616E6420666F722074686520617373F0
S21403F9406F6369617465642076616C7565732E00F8
S21403F950636C757374657249641F6174747269624B
S21403F96075746549641F6D61784E756D6265725472
S21403F9706F5265706F72741F0043726561746573AE
S21403F980206120676C6F62616C2073656E64206D06
S21403F990652061207265706F727420636F6D6D6190
S21403F9A06E6420666F7220746865206173736F637C
S21403F9B069617465642076616C7565732E00636C8B
S21403F9C0757374657249641F6174747269627574C1
S21403F9D06549641F64617461547970651F6D696E4F
S21403F9E05265706F727454696D651F6D61785265E8
S21403F9F0706F727454696D651F7265706F7274618F
S21403FA00626C654368616E67651F00437265617467
S21403FA106573206120676C6F62616C207265616438
S21403FA20207265706F7274696E6720636F6D6D61A7
S21403FA306E6420666F7220746865206173736F63EB
S21403FA40696174656420636C75737465722C2061D8
S21403FA50747472696275746520616E64207365726E
S21403FA607665722F636C69656E742064697265636C
S21403FA7074696F6E2E00636C757374657249641FC8
S21403FA8061747472696275746549641F646972652A
S21403FA906374696F6E1F00476C6F62616C207265DA
S21403FAA0706F7274696E6720636F6D6D616E64004C
S21403FAB0656E64706F696E741F636C7573746572BC
S21403FAC049641F61747472696275746549641F6D55
S21403FAD061736B1F004372656174657320612067F1
S21403FAE06C6F62616C207265616420636F6D6D611B
S21403FAF06E64206D65737361676520746F2072652D
S21403FB0061642066726F6D2074686520636C75731C
S21403FB1074657220616E64206174747269627574B0
S21403FB2065207370656369666965642E00636C752A
S21403FB307374657249641F6174747269627574655F
S21403FB4049641F0043726561746573206120676CA6
S21403FB506F62616C20777269746520636F6D6D6187
S21403FB606E64206D65737361676520746F207772AA
S21403FB7069746520746F2074686520636C7573748C
S21403FB80657220616E64206174747269627574654F
S21403FB902073706563696669656400636C75737466
S21403FBA0657249641F617474726962757465496429
S21403FBB01F747970651F646174611F004372656109
S21403FBC074652061206578706563742D7265706F47
S21403FBD072742D66726F6D2D6D65206D657373611E
S21403FBE067652077697468206173736F63696174EE
S21403FBF065642076616C7565732E00636C7573742B
S21403FC00657249641F6174747269627574654964C8
S21403FC101F74696D656F75741F0043726561746543
S21403FC20206120446973636F76657220436F6D6D40
S21403FC30616E64732047656E6572617465642063E4
S21403FC406F6D6D616E642077697468206173736F7E
S21403FC506369617465642076616C7565732E0063F1
S21403FC606C757374657249641F7374617274436F41
S21403FC706D6D616E6449641F6D6178436F6D6D6170
S21403FC806E6449641F00536574732074686520644A
S21403FC906972656374696F6E20666F7220676C6F36
S21403FCA062616C20636F6D6D616E64732C20656991
S21403FCB07468657220636C69656E7420746F207354
S21403FCC06572766572206F72207365727665722030
S21403FCD0746F20636C69656E742E005365747320AD
S21403FCE06120666C616720736F207468617420748A
S21403FCF06865206170706C69636174696F6E2066F5
S21403FD0072616D65776F726B2057494C4C204E4F6E
S21403FD105420726573706F6E6420746F2074686508
S21403FD20206E657874205A434C206D657373616743
S21403FD3065207468617420636F6D657320696E2037
S21403FD406F76657220746865206169722E0053654C
S21403FD507473206120666C616720736F207468611A
S21403FD607420746865206170706C69636174696F70
S21403FD706E206672616D65776F726B2057494C4CC7
S21403FD8020726573706F6E6420746F2074686520CC
S21403FD906E657874205A434C206D6573736167658E
S21403FDA0207468617420636F6D657320696E206FBD
S21403FDB076657220746865206169722E00536574D7
S21403FDC073207468652044697361626C65204465BA
S21403FDD06661756C7420526573706F6E736520462A
S21403FDE072616D6520436F6E74726F6C2062697406
S21403FDF020746F2075736520666F722074686520A3
S21403FE006E65787420636F6D6D616E64206966201D
S21403FE1074686520636F6D6D616E64206973206E10
S21403FE206F7420616C7265616479206275696C74A5
S21403FE302E0064697361626C6544656661756C74F3
S21403FE40526573706F6E73651F0053657473207409
S21403FE50686520666C616720746F2075736520740F
S21403FE60686520696E6372656D656E74656420737C
S21403FE70657175656E6365206E756D626572206665
S21403FE80726F6D20746865206672616D65776F7238
S21403FE906B20666F7220746865206E6578742072B6
S21403FEA0617720636F6D6D616E642E007573654EAA
S21403FEB065787453657175656E63651F00436C6979
S21403FEC020636F6D6D616E6420746F2063616C6C6C
S21403FED020736C5F7A69676265655F61665F7365E9
S21403FEE0745F74696D652066756E6374696F6E20E2
S21403FEF0646F63756D656E74656420696E206166F4
S21403FF002E680075746354696D651F0053657473BA
S21403FF10207468652074776F2062797465206D613C
S21403FF206E75666163747572657220737065636956
S21403FF30666963206964656E7469666965722074B0
S21403FF406F2075736520666F7220746865206E6512
S21403FF50787420636F6D6D616E64206966207468C3
S21403FF606520636F6D6D616E64206973206E6F74B8
S21403FF7020616C7265616479206275696C742E0009
S21403FF806D6667537065636966696349641F006ECF
S21403FF906F742000534C5F5354415455535F4E4582
S21403FFA054574F524B5F5550203078253034580005
S21403FFB054727573742043656E7465722045554993
S21403FFC0206861732025736368616E6765642E001D
S21403FFD0534C5F5354415455535F4E4554574F52F9
S21403FFE04B5F444F574E00534C5F53544154555345
S21403FFF05F4E4F545F4A4F494E454400534C5F5340
S21404000054415455535F5A49474245455F4E4554FB
S214040010574F524B5F4F50454E45443A2025642077
S21404002073656300534C5F5354415455535F5A49A8
S214040030474245455F4E4554574F524B5F434C4FDE
S2140400405345440025733A2025730064697374721B
S2140400506962757465640063656E7472616C697A4E
S214040060656400466F726D002573696E67206F6E57
S2140400702063682025642C2070616E4964203078E3
S21404008025303458004572726F723A20446576699A
S214040090636520646F6573206E6F7420737570706B
S2140400A06F7274202573206E6574776F726B20668A
S2140400B06F726D6174696F6E004A6F696E00496E87
S2140400C076616C696420536563757269747920502F
S2140400D0726F66696C653A20307825303258007045
S2140400E04A6F696E20666F72202564207365633AD2
S2140400F020307825303258004C696D6974696E6713
S214040100206475726174696F6E206F662070657204
S2140401106D6974206A6F696E2066726F6D20666FF3
S214040120726576657220283235352920746F203240
S21404013035340052583A205A444F2C20636F6D6D64
S214040140616E64203078253034582C2073746174C2
S21404015075733A203078253032580053696D706CC8
S214040160650052583A20257320446573632052650F
S2140401707370004D61746368002C204D617463686D
S21404018065733A2025640044657669636520416E8C
S2140401906E6F756E63653A20307825303458005299
S2140401A0583A204945454520416464726573732076
S2140401B0526573706F6E73650052583A20416374CB
S2140401C069766520455020526573706F6E73652C92
S2140401D020436F756E743A202564004E6F64650084
S2140401E02C204D6174636865733A2030782530346A
S2140401F05800737461636B207665722E205B2564E9
S2140402002E25642E256400202573206275696C648F
S2140402102025645D005A444F00534500484100437E
S2140402206C757374657200476C6F62616C0025733D
S2140402307478203078253038582C200050726F6639
S214040240696C653A2025732028307825303458297F
S2140402502C20436C75737465723A203078253034DC
S214040260582C2025642062797465732C00205A4328
S2140402704C20257320436D642049443A20256400AD
S2140402805072652D52656C6561736500416C7068CB
S21404029061203100416C706861203200416C7068E6
S2140402A06120330042657461203100426574612028
S2140402B0320042657461203300474100526573651D
S2140402C07420696E666F3A203078253032582028BC
S2140402D02573290064656C6574652062696E6469BB
S2140402E06E673A20253032582025303258000102F5
S2140402F0030405060708090A0B0C000101010101A5
S214040300010101010101010057524954452045529B
S214040310523A200025736570202530325820636CCD
S2140403207573202530345820617474722025303457
S21404033058206E6F7420737570706F7274656400E5
S2140403402573696E76616C696420646174612074D7
S21404035079706500257361747472206E6F742077EB
S21404036072697461626C650057524954453A206E4E
S2140403706F2077726974652C206A75737420612007
S2140403807465737400524541443A2061747472690A
S214040390627574652073697A6520746F6F206C616A
S2140403A072676520666F722063616C6C65720063A9
S2140403B06C6E74007372767200525700524F0020AF
S2140403C02052414D20200020746F6B656E2000651E
S2140403D0787465726E2000454E44504F494E542042
S2140403E02530325800636C7573202F20736964655A
S2140403F0202F2061747472202F206D666720202FB2
S21404040074797065286C656E292F207277202F20EA
S21404041073746F72616765202F206461746120288D
S214040420726177290025303458202F202573202F19
S2140404302025303458202F2000202F2025303258F5
S21404044020282530325829202F202573202F2025B8
S21404045073202F2000556E737570706F7274656408
S214040460004F544120524541443A2065703A2530A5
S2140404703258206369643A253034582061747469AC
S214040480643A25303458206D736B3A253032582040
S2140404906D66636F64653A253034580052454144AE
S2140404A03A20636C757320253034582C206174749C
S2140404B0722025303458206661696C6564202530C6
S2140404C0325800524541443A20636C7573202530F7
S2140404D034582C206174747220253034582C2064CF
S2140404E06174614C656E3A20253032582C204F4B8F
S2140404F000282563292530325825303258253032D5
S2140405005825303258253032582530325825303266
S21404051058253032580064697361626C650025732F
S214040520642C2064726F7070696E6720657020306A
S214040530782530325820636C757320307825303433
S2140405405820636D64203078253032580047656E35
S21404055065726174656400526563656976656400F6
S214040560446973636F76657220436F6D6D616E6464
S2140405707320726573706F6E73652028636F6D7079
S2140405806C6574653A202563292C2025732049441C
S214040590733A200030782530325820005F4558548E
S2140405A000524541445F4154545200575249544501
S2140405B03A20636C75732025303458206174747245
S2140405C0202530345820004641494C2025303258E6
S2140405D00057524954453A20746F6F2073686F72FF
S2140405E07400444953435F415454520025732573A1
S2140405F03A20636C75732025303458005376632094
S214040600446973633A2000257357616974696E6799
S2140406102025642073656320666F722064697363A3
S2140406206F7665727920746F20636F6D706C657475
S2140406306500537461746520636F72726573706FBE
S2140406406E64696E6720746F2074686520746865CC
S2140406502072657175657374206E6F7420666F758D
S2140406606E640A002573636F6D706C6574652E0A7C
S2140406700025735365727669636520446973636FF6
S21404068076657279205374617465206C696D69743B
S2140406907320726561636865640A002573496C6C2F
S2140406A06567616C2062726F616463617374206154
S2140406B06464726573732C2072656D617070696E04
S2140406C06720746F2076616C6964206F6E652E00F7
S2140406D025734661696C656420746F2073656E6467
S2140406E0206D6174636820646973636F76657279DC
S2140406F03A2030782530325800257353746172746A
S214040700696E6720646973636F7665727920666FB5
S2140407107220636C75737465722030782530345893
S2140407200025734661696C656420746F2073656E7A
S214040730642073696D706C65206465736372697098
S214040740746F7220726571756573743A20307825FB
S2140407503032580025734661696C656420746F20D6
S21404076073656E642049454545206164647265730B
S2140407707320726571756573743A2030782530324B
S214040780580025734661696C656420746F20736530
S2140407906E64204E574B20616464726573732072D6
S2140407A06571756573743A20307825303258004583
S2140407B072726F723A202573206261642073696DC9
S2140407C0706C652064657363726970746F72206CF4
S2140407D0656E6774682E0025734D6573736167656F
S2140407E020746F6F2073686F72740025734D657381
S2140407F07361676520746F6F2073686F7274206608
S2140408006F72206E756D2E20656E64706F696E74DF
S214040810730025734D61746368257320666F756E67
S214040820642066726F6D203078253034582E00456B
S21404083072726F723A20257320696E76616C6964F1
S214040840206C656E6774682028256420213D202569
S214040850642920666F722041637469766520456E4C
S21404086064706F696E7420726573706F6E73650062
S2140408702573676F7420616374697665204550201C
S214040880726573706F6E7365005554432074696D9A
S214040890653A2025642F25642F25642025643A258F
S2140408A0643A2564202825303858290028556E6B6C
S2140408B06E6F776E20636C75732E205B30782530F0
S2140408C034585D29000D0A54253038583A005258D9
S2140408D0206C656E2025642C2065702025303258E7
S2140408E02C20636C75732030782530345820002013
S2140408F06D66674964202530345800204643202519
S21404090030325820736571202530325820636D6468
S2140409102025303258207061796C6F61645B004228
S21404092061736963004F7665722074686520416957
S2140409307220426F6F746C6F6164696E6700257312
S214040940525820706B7420746F6F2073686F7274C3
S2140409503A202564203C20256400257352582070D4
S2140409606B74206D616C666F726D65643A202564E5
S214040970203C2025640020204861766520526F754F
S21404098074657220537570706F7274002020456E03
S2140409906420446576696365204F6E6C7900202078
S2140409A0456E61626C656400202044697361626C04
S2140409B06564004572726F7220726574726965763A
S2140409C0696E6720696E666F20666F72206C696256
S2140409D072617279204944202564002573206C696D
S2140409E0627261727925732070726573656E740025
S2140409F05A69676265652050726F0042696E646961
S214040A006E6700536563757269747920436F726507
S214040A10005365637572697479204C696E6B204B5C
S214040A206579730043424B45203136334B310043DE
S214040A30424B4520445341205369676E0045434367
S214040A400043424B452044534120566572696679FB
S214040A50005061636B65742056616C6964617465EB
S214040A60005A4C4C0043424B45203238334B31003D
S214040A70454343203238334B310043424B452063D1
S214040A806F7265004E4350004D756C7469206E6538
S214040A9074776F726B00456E68616E63656420429E
S214040AA06561636F6E205265710043424B45203288
S214040AB038334B31204453412056657269667900B9
S214040AC04D756C74692D50414E002F686F6D652FFF
S214040AD072756E6E65722F776F726B2F747579618F
S214040AE02D7A69676265652D7377697463682F74F8
S214040AF07579612D7A69676265652D7377697463A4
S214040B00682F73696C6162735F746F6F6C732F7395
S214040B10696D706C69636974795F73646B2F707246
S214040B206F746F636F6C2F7A69676265652F737471
S214040B3061636B2F636F6E6669672F736C5F7A6988
S214040B40676265655F636F6E66696775726174690F
S214040B506F6E2E63002F686F6D652F72756E6E65EF
S214040B60722F776F726B2F747579612D7A6967624D
S214040B7065652D7377697463682F747579612D7A4A
S214040B8069676265652D7377697463682F73696C2A
S214040B906162735F746F6F6C732F73696D706C69C9
S214040BA0636974795F73646B2F70726F746F636FAD
S214040BB06C2F7A69676265652F737461636B2F6641
S214040BC072616D65776F726B2F6165732D656362F5
S214040BD02E63002F686F6D652F72756E6E65722FAB
S214040BE0776F726B2F747579612D7A6967626565A4
S214040BF02D7377697463682F747579612D7A6967C4
S214040C006265652D7377697463682F73696C6162B6
S214040C10735F746F6F6C732F73696D706C6963693F
S214040C2074795F73646B2F70726F746F636F6C2F5D
S214040C307A69676265652F737461636B2F73656386
S214040C4075726974792F7A69676265652D73656351
S214040C5075726974792D6D616E616765722D6E6F3C
S214040C602D7661756C742E63004572726F723A202D
S214040C70204661696C656420746F20726561642027
S214040C8066726F6D20454550524F4D20617420307A
S214040C90782534582C207374617475733A2025644F
S214040CA000454550524F4D20496E697469616C6920
S214040CB07A65643A20256300454550524F4D2042DC
S214040CC07573793A202563005061727469616C20EB
S214040CD0576F72642053746F7261676520436F7533
S214040CE06E743A20256400416464726573733A2016
S214040CF030782534582C205061727469616C205702
S214040D006F72643A203078255800636F6E66697295
S214040D106D656400617373756D6564000A454550BE
S214040D20524F4D20496E666F004E6F742061766197
S214040D30696C61626C6520286F6C64657220626FF2
S214040D406F746C6F6164657229005061727420441C
S214040D5065736372697074696F6E3A202020202070
S214040D6020202020202573004361706162696C692D
S214040D70746965733A20202020202020202020201B
S214040D80202020307825325800506167652045724F
S214040D906173652074696D65202873293A202020C4
S214040DA020202025640050617274204572617365AA
S214040DB02074696D65202873293A2020202020207D
S214040DC025640050617274204572617365207469ED
S214040DD06D6520286D73293A202020202020256464
S214040DE000506167652073697A65202862797465A6
S214040DF073293A202020202020202020256C005013
S214040E006172742073697A6520286279746573291F
S214040E103A202020202020202020256C00576F72A6
S214040E20642073697A6520286279746573293A2088
S214040E30202020202020202025642028257029001A
S214040E40454550524F4D20696E69743A20307825D6
S214040E5058002F686F6D652F72756E6E65722F77EA
S214040E606F726B2F747579612D7A69676265652D6B
S214040E707377697463682F747579612D7A6967620C
S214040E8065652D7377697463682F73696C61627323
S214040E905F746F6F6C732F73696D706C69636974BC
S214040EA0795F73646B2F7574696C2F706C756769E2
S214040EB06E2F706C7567696E2D636F6D6D6F6E2F18
S214040EC0656570726F6D2F656570726F6D2E630049
S214040ED0556E61626C6520746F20626F6F74206952
S214040EE06D61676520617420736C6F7420256C6473
S214040EF00A00536C6F74204D616E616765722066DC
S214040F0061696C656420746F206572617365207313
S214040F106C6F740A004D61782072656164206C6998
S214040F206D69742073657420746F2025642062795B
S214040F307465730A0041646472657373202020200C
S214040F40202020202020446174610A003078253453
S214040F506C7820202020202020307825780A00462F
S214040F6061696C656420746F2072656164206672C2
S214040F706F6D20666C6173680A00536C6F7420256D
S214040F806C640A20204164647265737320202020F8
S214040F90203A20307825346C580A20204C656E6739
S214040FA074682020202020203A20307825346C587D
S214040FB02028256C64206279746573290A00202031
S214040FC05479706520202020202020203A20004ECE
S214040FD06F2047424C2070726573656E740A005A1F
S214040FE069674265650A005468726561640A00436D
S214040FF06F6E6E6563740A00426C7565746F6F7409
S214041000680A00426C7565746F6F7468206170704E
S2140410106C69636174696F6E0A004D43550A004F2C
S2140410207468657220283078256C58290A002020B8
S21404103056657273696F6E20202020203A2030781F
S214041040256C580A0020204361706162696C6974DB
S2140410506965733A20307825346C580A002020508D
S214041060726F6475637420494420203A20003078F7
S21404107025582000536C6F74204D616E616765724D
S2140410803A206661696C656420746F20696E6974C1
S21404109069616C697A6520626F6F746C6F616465F0
S2140410A07220286572726F72203078253478290A87
S2140410B00056657273696F6E20202020203A202522
S2140410C0640A005061727420202020202020203AD8
S2140410D02025730A004361706162696C69746965EE
S2140410E0733A20307825780A005061727420736948
S2140410F07A652020203A20256420420A0050616741
S214041100652073697A652020203A20256420420AE7
S21404111000576F72642073697A652020203A202570
S2140411206420420A00536C6F747320202020202011
S214041130203A2025640A004661696C656420746F51
S21404114020726561642066726F6D2073746F7261BD
S214041150676520666C61736820286572726F7220FA
S2140411602564290A00496E76616C696420736C6F85
S2140411707420256420286D617820736C6F74202594
S21404118064290A004661696C656420746F2067658B
S2140411907420696E666F20666F7220736C6F74209D
S2140411A025640A00536C6F74204D616E6167657226
S2140411B03A20736C6F74207772697465206661696F
S2140411C06C7572652E2041646472657373206F6655
S2140411D0667365742028256429202B207772697429
S2140411E065206C656E6774682028256429206772FC
S2140411F06561746572207468616E20746F74616CC6
S21404120020736C6F74206C656E6774682028256480
S214041210290A00536C6F74204D616E6167657220F5
S2140412207761726E696E673A20736C6F74202564FA
S214041230206C656E6774682028256429206E6F7498
S21404124020616C69676E656420746F2070616765E1
S2140412502073697A6520282564292E205468652021
S214041260656E7469726520736C6F742077696C6C34
S214041270206E6F74206265206572617365642E0A41
S21404128000536C6F74204D616E616765723A206618
S21404129061696C656420746F2065726173652025CE
S2140412A06420627974657320696E20736C6F742091
S2140412B025642061742061646472657373203078D9
S2140412C025347820286572726F7220307825782944
S2140412D00A0045726173656420256420627974652A
S2140412E07320696E20736C6F742025640A0046614F
S2140412F0696C656420746F2073657420736C6F74F6
S21404130020746F20626F6F7420286572726F72206B
S2140413103078253478290A004661696C656420743F
S2140413206F20736574206C697374206F6620736C09
S2140413306F747320746F20626F6F742028657272E6
S2140413406F72203078253478290A004661696C6506
S2140413506420746F20676574206E6577206C6973EB
S21404136074206F6620736C6F747320746F20626FC2
S2140413706F7420286572726F72203078253478294D
S2140413800A00426567696E6E696E6720696D6167FB
S2140413906520766572696669636174696F6E2E2E60
S2140413A02E002E6661696C65642120284572726F72
S2140413B072203078253478290A002E70617373659C
S2140413C0642120426F6F74696E6720736C6F74209B
S2140413D025640A00666E692B00666E69006E616E8F
S2140413E000666E692D006C696273006273656E64D4
S2140413F0007265736574007261770073656E645F6E
S2140414006D756C7469636173740073656E642D75B1
S21404141073696E672D6D756C7469636173742D6280
S214041420696E64696E670074696D6573796E6300CE
S2140414306765742D7074692D726164696F2D636FAE
S2140414406E66696700636F6E6669672D6363612DF8
S2140414506D6F6465006576656E7473007365637599
S21404146072697479007A69676265655F7072696E1D
S2140414707400706C7567696E006E6574006B6579D0
S21404148073006F7074696F6E00706C7567006368C4
S214041490616E67656B6579006368616E67656B008E
S2140414A07A646F007072696E742072656C6174651C
S2140414B06420636F6D6D616E64732E006174747264
S2140414C0005A646F2072656C6174656420636F6D86
S2140414D06D616E64732E00726F75746500706F773D
S2140414E06572006D676D742D6C7169006D676D743F
S2140414F02D62696E64006E6F64650073696D706C4E
S21404150065006965656500756E62696E64006E7770
S2140415106B2D757064006F75742D636C2D6C697318
S2140415207400696E2D636C2D6C697374005A646F55
S21404153020696E2D636C2D6C6973742072656C6102
S21404154074656420636F6D6D616E64732E005A64F7
S2140415506F206F75742D636C2D6C697374207265BF
S2140415606C6174656420636F6D6D616E64732E00C8
S2140415705A646F206E776B2D7570642072656C618B
S21404158074656420636F6D6D616E64732E0073639F
S214041590616E2D6368616E2D6D61736B007363619C
S2140415A06E006368616E5067006368616E005A641B
S2140415B06F20756E62696E642072656C6174656412
S2140415C020636F6D6D616E64732E00756E69636162
S2140415D07374006368616E67656B65792072656C09
S2140415E06174656420636F6D6D616E64732E006C48
S2140415F0696E6B004F7074696F6E2072656C6174EF
S214041600656420636F6D6D616E64732E007265672A
S2140416106973746572006469736300696E737461D8
S2140416206C6C2D636F64650062696E64696E672D09
S2140416307461626C65007072696E742D72782D6DBB
S21404164073677300617073726574727900415053E6
S21404165020726574727920666C616720666F7263A7
S2140416606520636F6D6D616E647300456E61626CB8
S21404167065732F44697361626C6573207072696E5A
S21404168074696E67206F66205278206D6573736187
S2140416906765732E00656E61626C650042696E64F0
S2140416A0696E67207461626C652072656C6174652E
S2140416B06420636F6D6D616E64732E00536563758D
S2140416C072697479206B6579732072656C617465D0
S2140416D06420636F6D6D616E64732E0064656C6563
S2140416E07465004E6574776F726B2072656C6174F6
S2140416F0656420636F6D6D616E64732E00666F7231
S2140417006D0072656A6F696E2D646966662D646520
S214041710766963652D747970650065787470616E9A
S21404172069640069736F70656E0062726F61642D20
S214041730706A6F696E006368616E67652D636861C1
S2140417406E6E656C00696E6974006368616E6765C9
S2140417502D6B6565702D616C6976652D6D6F64659E
S2140417600074696D656F75742D6F7074696F6E2D76
S2140417706D61736B006D756C74692D7068792D736B
S21404178074617274006D756C74692D7068792D734C
S214041790746F700066696E64006E6574776F726B42
S2140417A02066696E6420636F6D6D616E64732E00CF
S2140417B06A6F696E61626C6500756E757365640048
S2140417C0736C6F742D6D616E6167657200636F75FF
S2140417D06E7465727300656E642D64657669636500
S2140417E02D737570706F72740066696E642D616E09
S2140417F0642D62696E6400667261676D656E7461FD
S21404180074696F6E0067726F7570732D7365727688
S2140418106572006E6574776F726B2D73746565728E
S214041820696E67006F74612D626F6F746C6F6164AC
S214041830006F74612D636C69656E74006F74612D3E
S21404184073746F726167652D636F6D6D6F6E006F75
S21404185074612D73746F726167652D656570726F40
S2140418606D0069646C652D736C65657000757064D5
S2140418706174652D74632D6C696E6B2D6B657900D0
S2140418807570646174652D74632D6C696E6B2D6B55
S21404189065792072656C6174656420636F6D6D6133
S2140418A06E64730074696D6572006E6F7700436FC3
S2140418B06D6D616E647320746F20636F6E74726FE7
S2140418C06C2069646C696E672F736C656570696EED
S2140418D067206F66207468652064657669636500B2
S2140418E0666F7263652D6177616B65006177616B06
S2140418F0652D7768656E2D6E6F742D6A6F696E65DB
S21404190064007265706F7274696E672072656C61CC
S21404191074656420636F6D6D616E64732E00636C12
S2140419206561722D6C6173742D7265706F72742D9F
S21404193074696D6500746573742D74696D696E677A
S214041940006F74612D73746F726167652D656570C1
S214041950726F6D2072656C6174656420636F6D6D63
S214041960616E64732E0077697065006F74612D7301
S214041970746F726167652D636F6D6D6F6E2072652F
S2140419806C6174656420636F6D6D616E6473007062
S21404199072696E74496D616765730072656C6F6118
S2140419A0640073746F726167652D696E666F006498
S2140419B06174612D7072696E74006F74612D636C4E
S2140419C069656E742072656C6174656420636F6DFE
S2140419D06D616E64732E0076657269667900626C5A
S2140419E06F636B2D7465737400706167652D726523
S2140419F0717565737400757067726164652D7265C0
S214041A0071756573740064697361626C652D646FC7
S214041A10776E67726164657300656E61626C652DCE
S214041A20646F776E677261646573006F74612D62AC
S214041A306F6F746C6F61642072656C61746564208A
S214041A40636F6D6D616E6473006E6574776F726B31
S214041A502D7374656572696E672072656C61746552
S214041A606420636F6D6D616E64732E007072652DF5
S214041A70636F6E666967757265642D6B65792D7321
S214041A806574006D61736B2072656C6174656420A7
S214041A90636F6D6D616E642E00737562747261633C
S214041AA0740067726F7570732D7365727665722035
S214041AB072656C6174656420636F6D6D616E6473CA
S214041AC02E00667261676D656E746174696F6E2050
S214041AD072656C6174656420636F6D6D616E6473AA
S214041AE02E007365742D72782D77696E646F772D6A
S214041AF073697A65006172746966696369616C2DDD
S214041B00626C6F636B2D64726F700046696E64203E
S214041B10616E642062696E642072656C61746564CB
S214041B2020636F6D6D616E64732E00696E697469EF
S214041B3061746F7200656E642D6465766963652DE5
S214041B40737570706F72742072656C61746564204E
S214041B50636F6D6D616E64732E00706F6C6C2D63B5
S214041B606F6D706C657465642D63616C6C62616323
S214041B706B00666F7263652D73686F72742D706F79
S214041B806C6C00656E61626C655F74797065007379
S214041B907461636B00617070007A636C006C6567D7
S214041BA06163795F61665F646562756700636F751C
S214041BB06E746572732072656C6174656420636FFD
S214041BC06D6D616E64732E007072696E742D636F32
S214041BD0756E7465722D747970650073696D706CBA
S214041BE0652D7072696E74007072696E742D7468F7
S214041BF0726573686F6C6473007365742D746872B1
S214041C006573686F6C640072657365742D746872AE
S214041C106573686F6C64730073656E642D726571AA
S214041C20756573740073656375726974792072657B
S214041C306C6174656420636F6D6D616E64730073AC
S214041C4065742D616C6C6F772D74727573742D6367
S214041C50656E7465722D72656A6F696E2D7573692B
S214041C606E672D77656C6C2D6B6E6F776E2D6B655E
S214041C7079007365742D616C6C6F772D747275734F
S214041C80742D63656E7465722D72656A6F696E2D48
S214041C907573696E672D77656C6C2D6B6E6F776EDA
S214041CA02D6B65792D74696D656F75740073657435
S214041CB02D6B65792D726571756573742D706F6CF7
S214041CC0696379006D66672D746F6B656E0061706D
S214041CD0730053656375726974792061707320723A
S214041CE0656C6174656420636F6D6D616E64732EDC
S214041CF0004765742F736574204D464720746F6BD8
S214041D00656E2E00656E64706F696E742072656C05
S214041D106174656420636F6D6D616E64732E006517
S214041D206570726F6D207574696C6974792072655C
S214041D306C6174656420636F6D6D616E64730053CB
S214041D406C6F74204D616E616765722072656C619C
S214041D5074656420636F6D6D616E647300626F6F8B
S214041D60742D736C6F740065726173652D736C6F7C
S214041D7074006578742D666C6173682D696E666F81
S214041D8000736C6F74732D696E666F005072696EA3
S214041D9074732074696D652E005072696E747320B6
S214041DA06174747269627574652E00436C65617241
S214041DB07320746865205A444F206C697374206FCE
S214041DC06620636C69656E742028696E2920636CCE
S214041DD07573746572732E004164647320636C7546
S214041DE0737465727320746F20746865206B6E6FED
S214041DF0776E20636C69656E742028696E2920638B
S214041E006C757374657273206F6E207468697320C2
S214041E106465766963652E00436C6561727320742D
S214041E206865205A444F206C697374206F6620637B
S214041E306C69656E7420286F75742920636C7573DD
S214041E40746572732E004164647320636C757374D6
S214041E5065727320746F20746865206B6E6F776E7E
S214041E6020636C69656E7420286F75742920636C12
S214041E70757374657273206F6E207468697320645A
S214041E8065766963652E0053656E647320616E2003
S214041E90757064617465206368616E6E656C20722B
S214041EA06571756573742E006368616E6E656C1F6C
S214041EB00053656E647320616E207570646174658A
S214041EC0206368616E6E656C20706167652072655C
S214041ED0712E2054686520737461636B2073656E7D
S214041EE06473206E776B20656E68616E636564202C
S214041EF07570646174652072657120666F72206EF9
S214041F006F6E2D7A65726F20706167652E00636848
S214041F10616E6E656C1F706167651F005065726642
S214041F206F726D7320616E20656E657267792073BB
S214041F3063616E2E007461726765744E6F646549E2
S214041F40641F7363616E4475726174696F6E1F7388
S214041F5063616E436F756E741F0042726F616463D3
S214041F606173747320746865204944206F66207416
S214041F706865206E6577206E6574776F726B206D6A
S214041F80616E6167657220616E6420616374697650
S214041F9065206368616E6E656C732E006E776B4D9C
S214041FA0676549641F6368616E6E656C4D61736B2B
S214041FB01F00506572666F726D7320616E20656EC9
S214041FC065726779207363616E206F6E2067697629
S214041FD0656E206368616E6E656C206D61736B2E32
S214041FE0007461726765744E6F646549641F736339
S214041FF0616E4475726174696F6E1F7363616E43BC
S2140420006F756E741F6368616E6E656C4D61736B7D
S2140420101F0053656E64732061206E6574776F725B
S2140420206B20616464726573732072657175657381
S2140420307420666F722074686520676976656E2002
S2140420404945454520616464726573732E0069656D
S21404205065651F00526571756573747320616E2023
S21404206049454545206164647265737320626173F3
S2140420706564206F6E206120676976656E206E6FDA
S21404208064652049442E006E6F646549641F0053DE
S214042090656E647320612073696D706C6520646579
S2140420A07363726970746F72207265717565737488
S2140420B020666F72207468652073686F727420617E
S2140420C064647265737320616E6420656E64706FF9
S2140420D0696E74207370656369666965642E00644E
S2140420E06573741F746172676574456E64706F6996
S2140420F06E741F0053656E64732061206D61746393
S2140421006844657363726970746F7273526571752F
S21404211065737420746F2074686520676976656ECD
S2140421202064657374696E6174696F6E2077697470
S214042130682074686520676976656E2070726F66BD
S214042140696C652E006E6F646549641F70726F66F5
S214042150696C651F0053656E64732061206E6F643E
S214042160652064657363726970746F72207265713A
S2140421707565737420746F206120676976656E20B8
S214042180746172676574206465766963652E00748D
S21404219061726765741F0053656E64732061205A0C
S2140421A0444F2042696E6420636F6D6D616E6420D7
S2140421B0746F206120646576696365207370656357
S2140421C0696669656420696E2074686520636F6D4E
S2140421D06D616E6420617267756D656E74732E0032
S2140421E044657374696E6174696F6E1F536F75729C
S2140421F0636520656E64706F696E741F44657374DE
S214042200696E6174696F6E20656E64706F696E7452
S2140422101F636C757374657249441F72656D6F74C1
S2140422206545554936341F646573744555493634D7
S2140422301F0053656E647320616E20616374697653
S2140422406520656E64706F696E742072657175655D
S214042250737420746F20746865206465766963659A
S21404226020776974682074686520676976656E20CF
S21404227073686F72742049442E0053656E6473202D
S214042280616E20756E62696E642072657175657321
S2140422907420666F72206120756E696361737420A2
S2140422A062696E64696E6720746F20746865207452
S2140422B06172676574206465766963652E0074616F
S2140422C0726765741F736F7572636520657569360A
S2140422D0341F736F7572636520656E64706F696E04
S2140422E0741F636C757374657249441F64657374F4
S2140422F0696E6174696F6E45554936341F6465733B
S21404230074696E6174696F6E20656E64706F696E51
S214042310741F0053656E647320616E20756E626967
S2140423206E64207265717565737420666F722061C1
S214042330206D756C7469636173742062696E646978
S2140423406E6720746F2074686520746172676574A4
S214042350206465766963652E007461726765741F10
S214042360736F757263652065756936341F736F7590
S21404237072636520656E64706F696E741F636C7536
S2140423807374657249441F67726F75704164647232
S2140423906573731F0053656E64732061205A444F3F
S2140423A0204D616E6167656D656E74204C6561765F
S2140423B06520636F6D6D616E6420746F207468654C
S2140423C020746172676574206465766963652E009F
S2140423D07461726765741F72656D6F7665436869AC
S2140423E06C6472656E1F72656A6F696E1F00536552
S2140423F06E64732061205A444F204D474D542D423D
S214042400696E64202842696E64696E67205461624E
S2140424106C6529205265717565737420746F207419
S214042420686520746172676574206465766963659F
S2140424302E007461726765741F7374617274496EDA
S2140424406465781F0053656E64732061205A444F98
S214042450204D474D542D4C514920284C5149205469
S21404246061626C6529205265717565737420746F9A
S2140424702074686520746172676574206465766983
S21404248063652E0053656E64732061205A444F20A2
S214042490506F7765722044657363726970746F72E7
S2140424A0205265717565737420746F207468652096
S2140424B0746172676574206465766963652E00537B
S2140424C0656E64732061205A444F20726F7574657C
S2140424D0207265717565737420636F6D6D616E64CB
S2140424E020746F20746865207461726765742E00AA
S2140424F07461726765741F696E6465781F00696E1F
S2140425006465781F65756936341F696E7374616C0B
S2140425106C436F64651F00696E6465781F65756932
S21404252036341F6B65791F005443206C696E6B202C
S2140425306B6579207265717565737420706F6C694C
S21404254063791F417070206C696E6B206B6579200F
S2140425507265717565737420706F6C6963791F009A
S214042560426F6F6C3A20616C6C6F7720747275736F
S214042570742063656E7465722072656A6F696E2076
S2140425807573696E672077656C6C2D6B6E6F776EEE
S214042590206B65791F0070726F66696C6549641FED
S2140425A0636C757374657249641F00746172676541
S2140425B07449641F00456E61626C657320707269AD
S2140425C06E74696E67206F66205278206D6573732B
S2140425D0616765732E0053657473207468652062A2
S2140425E0696E64696E67207461626C6500696E6406
S2140425F065781F636C75737465721F6C6F63616CAA
S21404260045701F72656D6F746545701F6575693614
S214042610341F00436C6561727320746865206269B8
S2140426206E64696E67207461626C652E0050726910
S2140426306E7473207468652062696E64696E6720C0
S2140426407461626C6520746F2074686520636F6DB6
S2140426506D616E64206C696E652E00436C656172F4
S2140426607320616C6C207365637572697479206B72
S2140426706579732E0044656C6574652074686520FE
S214042680737065636966696564206C696E6B206B3C
S214042690657920696E6465782E005072696E74736D
S2140426A020616C6C207365637572697479206B6540
S2140426B079732E005465726D696E61746573207447
S2140426C06865206D756C74692D50485920696E7460
S2140426D0657266616365005573656420746F207364
S2140426E074617274206D756C74692D504859206934
S2140426F06E74657266616365206F746865722074B3
S21404270068616E206E617469766520616E64206609
S2140427106F726D20746865206E6574776F726B2EA9
S2140427202054686520737461636B20757365732029
S21404273073616D652050616E4964206173206E611B
S2140427407469766520726164696F206E6574776F4C
S214042750726B2E00706167651F6368616E6E656CD0
S2140427601F706F7765721F6F7074696F6E734D613B
S214042770736B20284269742030203D20526F757494
S21404278065727320616C6C6F7765642C2042697483
S2140427902031203D2042726F61646361737420614E
S2140427A06C6C6F776564291F00417474656D707472
S2140427B07320746F206368616E6765207468652093
S2140427C06368696C642074696D656F7574206F70D6
S2140427D074696F6E206D61736B20746F2066696C0C
S2140427E0746572206F757420756E646573697261A2
S2140427F0626C652076616C7565732028652E672E7D
S214042800206E6F206D6F7265207468616E203320B1
S21404281064617973292E0074696D656F7574206F11
S2140428207074696F6E206D61736B1F0053776974E3
S21404283063686573206265747765656E206469668F
S214042840666572656E74206B65657020616C69766A
S21404285065206D6F64657320737570706F72746530
S21404286064206279206120726F757465722E004B45
S21404287065657020616C697665206D6F64651F0000
S2140428805072696E7473207468652063757272651D
S2140428906E74204E6F64652049442C204555493695
S2140428A0342C20616E642050616E2049442E004909
S2140428B06E697469616C697A65732061206E6574EB
S2140428C0776F726B3B20746869732069732061208C
S2140428D07465737420636F6D6D616E6420757365C3
S2140428E06420666F722074632D737761702D6F7524
S2140428F0742074657374696E672E00536574732050
S214042900746865206E6574776F726B20696E646593
S21404291078207573656420627920616C6C20667516
S2140429207475726520434C4920636F6D6D616E64E7
S214042930732E20204265666F726520657865637520
S21404294074696E67206120434C4920636F6D6D6126
S2140429506E642C20746865206672616D65776F728C
S2140429606B20737769746368657320746F2074686A
S2140429706973206E6574776F726B2E2020416674BF
S21404298065722074686520636F6D6D616E64206681
S214042990696E697368657320657865637574696EB6
S2140429A0672C20746865206672616D65776F726B3C
S2140429B0207377697463686573206261636B20743F
S2140429C06F207468652070726576696F7573206E03
S2140429D06574776F726B2E202054686520434C49CB
S2140429E02075736573207468652073616D65206E49
S2140429F06574776F726B20696E64657820756E7483
S214042A00696C207468652064657669636520726500
S214042A1073657473206F7220697420697320636809
S214042A20616E676564207468726F75676820746881
S214042A30697320636F6D6D616E642E0041747465F6
S214042A406D70747320746F206368616E67652064AC
S214042A506576696365206F76657220746F206120E1
S214042A60646966666572656E74206368616E6E6519
S214042A706C20676976656E20696E207468652063CD
S214042A8068616E6E656C20617267756D656E742E16
S214042A9000546865206368616E6E656C20746F20F0
S214042AA06368616E676520746F1F0066696E64559F
S214042AB06E7573656450616E49640066696E644A37
S214042AC06F696E61626C654E6574776F726B0050E9
S214042AD065726D697473206A6F696E696E67206FBC
S214042AE06E20746865206E6574776F726B20666FEF
S214042AF072206120676976656E206E756D626572F8
S214042B00206F66207365636F6E647320414E4420A5
S214042B1062726F616463617374732061205A444FF8
S214042B20204D676D74205065726D6974204A6F6914
S214042B306E696E67207265717565737420746F2094
S214042B40616C6C20726F75746572732E004120730D
S214042B50696E676C65206279746520696E64696362
S214042B606174696E6720686F77206C6F6E67207477
S214042B706865206465766963652073686F756C6440
S214042B802068617665207065726D6974206A6F6965
S214042B906E696E67207475726E6564206F6E20664B
S214042BA06F722E20412076616C7565206F6620302A
S214042BB0786666207475726E73206F6E2070657208
S214042BC06D6974206A6F696E20696E646566696EE5
S214042BD06974656C792E1F00436865636B73206E99
S214042BE06574776F726B20706A6F696E2073746198
S214042BF07475732E00577269746573207468652043
S214042C00657874656E6465642070616E204944203E
S214042C10666F7220746865206465766963652E0045
S214042C2065787470616E69641F0052656A6F696EB8
S214042C307320616E206578697374696E67206E65AB
S214042C4074776F726B20696E20612073656375728A
S214042C5065206F7220696E736563757265206D6199
S214042C606E6E657220776974682061206469666692
S214042C706572656E74206465766963652074797020
S214042C80652E00426F6F6C65616E206E6574776F9B
S214042C90726B206B657920617661696C6162696C20
S214042CA06974791F4368616E6E656C206D61736B21
S214042CB01F416E20656E756D65726174696F6E2056
S214042CC0696E6469636174696E67207468652064FC
S214042CD06576696365207479706520746F20726503
S214042CE06A6F696E2061732E54686520737461631D
S214042CF06B206F6E6C792061636365707473205308
S214042D004C5F5A49474245455F454E445F444556E5
S214042D1049434520616E6420534C5F5A49474245F7
S214042D20455F534C454550595F454E445F444556B0
S214042D304943452E1F0052654A6F696E7320612011
S214042D406E6574776F726B2E00426F6F6C65616E82
S214042D50206E6574776F726B206B6579206176617F
S214042D60696C6162696C6974791F4368616E6E652B
S214042D706C206D61736B1F004C6561766573206112
S214042D80206E6574776F726B2E005475726E7320A6
S214042D907065726D6974206A6F696E696E67206FFC
S214042DA06E20666F722074686520616D6F756E7430
S214042DB0206F662074696D6520696E64696361744A
S214042DC065642E00412073696E676C6520627974B1
S214042DD06520696E6469636174696E6720686F77DD
S214042DE0206C6F6E67207468652064657669636519
S214042DF02073686F756C64206861766520706572F0
S214042E006D6974206A6F696E696E67207475726E78
S214042E10206F6E20666F722E20412076616C756579
S214042E20206F662030786666207475726E73207024
S214042E3065726D6974206A6F696E20696E64656672
S214042E40696E6974656C792E1F004A6F696E73200B
S214042E5061206E6574776F726B206F6E20612067D9
S214042E606976656E206368616E6E656C2C20776982
S214042E707468206120676976656E20545820506F08
S214042E8077657220616E642050414E2049442E00BE
S214042E90546865206368616E6E656C206F6E20777B
S214042EA06869636820746F206A6F696E2074686549
S214042EB0206E6574776F726B1F4F6E652D62797422
S214042EC065207369676E65642076616C7565206934
S214042ED06E6469636174696E67207468652054580B
S214042EE020506F776572207468617420746865205A
S214042EF0726164696F2073686F756C642062652004
S214042F0073657420746F1F5468652050414E2049C1
S214042F1044206F6E20776869636820746F206A6F38
S214042F20696E20746865206E6574776F726B1F0017
S214042F30466F726D732061206E6574776F726B20B6
S214042F406F6E206120676976656E206368616E6EB9
S214042F50656C2C2077697468206120676976656ED5
S214042F6020545820506F77657220616E642050415B
S214042F704E2049442E00546865206368616E6E6571
S214042F806C206F6E20776869636820746F20666FA4
S214042F90726D20746865206E6574776F726B1F4F50
S214042FA06E652D62797465207369676E6564207634
S214042FB0616C756520696E6469636174696E672007
S214042FC074686520545820506F7765722074686161
S214042FD0742074686520726164696F2073686F7505
S214042FE06C642062652073657420746F1F54686572
S214042FF02050414E204944206F6E207768696368EC
S21404300020746F20666F726D20746865206E657418
S214043010776F726B1F005468697320696E697469F0
S2140430206174657320612054434C4B207570646151
S21404303074652070726F6365647572652E005370D4
S21404304065636966792074686520616D6F756E7452
S214043050206F662074696D6520746F2077616974CB
S214043060206166746572206F6E652054434C4B2055
S214043070757064617465206F7065726174696F6ED3
S21404308020636F6D706C65746573206265666F721D
S2140430906520626567696E6E696E672061206E657D
S2140430A0772054434C4B20757064617465206F70B0
S2140430B065726174696F6E2E0054686520616D6F69
S2140430C0756E74206F662074696D6520626574770A
S2140430D065656E2073756273657175656E742074AC
S2140430E0727573742063656E746572206C696E6B9A
S2140430F0206B6579207570646174657320696E2031
S2140431006D696C6C697365636F6E64731F005365D9
S21404311074206F7220636C65617220737461792009
S2140431206177616B65207768656E206E6F74206AC0
S2140431306F696E656400536574206F7220636C65F6
S214043140617220666F726365206177616B65004407
S2140431506973706C61792074686520736C6565703A
S2140431602073746174757300464F5220544553544B
S214043170494E4720505552504F534553202D2067F3
S21404318061746865722074696D696E67206D657414
S2140431907269637320666F72207265706F727469E9
S2140431A06E67207461626C65206F70657261746905
S2140431B06F6E732E00436C656172732074686520AD
S2140431C06C617374207265706F72742074696D65B7
S2140431D0206F6620617474726962757465732E005C
S2140431E0416464732061206E657720656E7472791D
S2140431F020746F20746865207265706F7274207412
S21404320061626C652E00546865206C6F63616C2087
S214043210656E64706F696E742066726F6D20776871
S2140432206963682074686520617474726962757471
S21404323065206973207265706F727465641F5468C4
S2140432406520636C75737465722077686572652093
S2140432507468652061747472696275746520697334
S214043260206C6F63617465641F546865204944204C
S2140432706F6620746865206174747269627574651B
S214043280206265696E67207265706F727465641F6C
S2140432903020666F7220636C69656E742D73696482
S2140432A0652061747472696275746573206F722028
S2140432B03120666F72207365727665722D73696449
S2140432C06520617474726962757465731F546865E9
S2140432D0206D696E696D756D207265706F727469A4
S2140432E06E6720696E74657276616C2C206D6561FC
S2140432F0737572656420696E207365636F6E64739C
S2140433002E1F546865206D6178696D756D20726531
S214043310706F7274696E6720696E74657276616C1C
S2140433202C206D6561737572656420696E20736503
S214043330636F6E64732E1F546865206D696E696DC5
S214043340756D206368616E676520746F20746865A8
S214043350206174747269627574652074686174207F
S21404336077696C6C20726573756C7420696E206165
S214043370207265706F7274206265696E672073656B
S2140433806E742E1F0052656D6F76657320616E2015
S214043390656E7472792066726F6D2074686520722B
S2140433A065706F7274207461626C652E0054686573
S2140433B020696E646578206F66207468652072657F
S2140433C0706F727420746F2062652072656D6F76FC
S2140433D065641F00436C6561727320616C6C2065C4
S2140433E06E74726965732066726F6D2074686520EA
S2140433F07265706F7274207461626C652E00507210
S214043400696E747320746865207265706F727420B8
S2140434107461626C652E00576970657320616C6C0C
S214043420206461746120696E207468652073746F0B
S21404343072616765206465766963652E00507269FB
S2140434406E74732061726269747261727920627933
S214043450746573206F6620746865204F5441206934
S2140434606D616765206F6E206469736B2E00546807
S2140434706520696E646578206F66207468652069C7
S2140434806D61676520746F207072696E742069744C
S2140434907320646174611F546865206F6666736583
S2140434A07420696E746F20746865204F54412069D7
S2140434B06D61676520746861742077696C6C20623E
S2140434C065207072696E7465641F005072696E744C
S2140434D07320696E666F726D6174696F6E206162C7
S2140434E06F7574207468652073746F7261676520E5
S2140434F06465766963652E0052656C6F616420743A
S21404350068652073746F72616765206465766963A5
S214043510652E0044656C657465732074686520695F
S2140435206D616765206174207468652073706563D7
S214043530696669656420696E6465782E00546865FA
S21404354020696E64657820617420776869636820F2
S214043550746F20626567696E2064656C6574696E55
S214043560672074686520696D6167651F005072691D
S2140435706E74732074686520696D616765732E00C8
S214043580456E61626C6573204F544120646F776E9C
S2140435906772616465732E0044697361626C657357
S2140435A0204F544120646F776E6772616465732E92
S2140435B00053656E647320616E2055706772616493
S2140435C065456E645265717565737420746F206109
S2140435D06E204F5441207365727665722E004361E7
S2140435E06E206265207573656420746F2064796E3E
S2140435F0616D6963616C6C79207475726E206F6698
S214043600662073656E64696E6720706167652072F4
S21404361065717565737473206F6E207468652063B6
S2140436206C69656E7420736964652C206966207401
S21404363068652073657276657220646F65736E279D
S2140436407420737570706F72742074686973206662
S2140436506561747572652E00426F6F6C65616E20CD
S21404366076616C7565207475726E696E67206F6E10
S21404367020283129206F72206F6666202830292082
S214043680746865207061676520726571756573740A
S21404369020666C61671F0053656E647320616E203C
S2140436A0696D61676520626C6F636B207265717506
S2140436B065737420666F7220612066696C65207479
S2140436C06865207365727665722073686F756C64BE
S2140436D0206E6F7420686176652E2020546573749E
S2140436E0206861726E657373206F6E6C792028741F
S2140436F0657374206361736520392E352E36202D4C
S214043700204D697373696E672046696C652900509D
S21404371072696E747320696E666F726D6174696F18
S2140437206E206F6E207468652063757272656E74A1
S214043730207374617465206F6620746865204F5426
S2140437404120636C69656E7420646F776E6C6F617C
S214043750642E0053746F707320746865204F544150
S214043760207374617465206D616368696E652E00EC
S21404377053746172747320746865204F54412063D7
S2140437806C69656E74207374617465206D6163681A
S214043790696E652E20546865207374617465206DA7
S2140437A0616368696E6520646973636F76657273B6
S2140437B020746865204F5441207365727665722CB8
S2140437C0207175657269657320666F72206E657701
S2140437D020696D616765732C20646F776E6C6F610A
S2140437E064732074686520696D6167657320616E13
S2140437F06420776169747320666F7220746865202C
S21404380073657276657220636F6D6D616E64207485
S2140438106F20757067726164652E005072696E74ED
S2140438207320746865206D616E7566616374757265
S21404383065722049442C20496D616765205479706F
S214043840652049442C20616E642056657273696F46
S2140438506E20696E666F726D6174696F6E2074682F
S2140438606174206172652075736564207768656E7F
S2140438702061207175657279206E65787420696D93
S2140438806167652069732073656E7420746F207495
S214043890686520736572766572206279207468653F
S2140438A020636C69656E742E00506572666F726D67
S2140438B073207369676E61747572652076657269C4
S2140438C06669636174696F6E206F6E207468652024
S2140438D0696D61676520617420746865207370651E
S2140438E063696669656420696E6465782E00546849
S2140438F06520696E646578206174207768696368FA
S21404390020746F20626567696E20766572696669E1
S214043910636174696F6E206F662074686520696DD4
S2140439206167651F00426F6F746C6F616473207407
S214043930686520696D616765206174207468652018
S21404394073706563696669656420696E646578206A
S21404395062792063616C6C696E6720746865204FB9
S214043960544120626F6F746C6F61642063616C6C89
S2140439706261636B2E0054686520696E6465782006
S214043980617420776869636820746F20626567696C
S2140439906E20626F6F746C6F6164696E6720746802
S2140439A06520696D6167651F005072696E747320C7
S2140439B0696E666F2061626F75742074686520692D
S2140439C06E7374616C6C656420626F6F746C6F6187
S2140439D06465722E00537562747261637473206139
S2140439E0206368616E6E656C2066726F6D20656913
S2140439F07468657220746865207072696D61727986
S214043A00206F72207365636F6E64617279206368D9
S214043A10616E6E656C206D61736B206F66207468D2
S214043A2065206E6574776F726B2D73746565726945
S214043A306E6720636F6D706F6E656E742E005468CB
S214043A4065206368616E6E656C206D61736B2074AF
S214043A506F20737562747261637420746865206382
S214043A6068616E6E656C2066726F6D1F54686520A3
S214043A706368616E6E656C20746F20737562747211
S214043A8061637420746865206D61736B2066726F61
S214043A906D1F00416464732061206368616E6E6507
S214043AA06C20746F2065697468657220746865207C
S214043AB07072696D617279206F72207365636F6EC0
S214043AC064617279206368616E6E656C206D6173E3
S214043AD06B206F6620746865206E6574776F726BF2
S214043AE02D7374656572696E6720636F6D706F6E93
S214043AF0656E742E00546865206368616E6E656C2E
S214043B00206D61736B20746F206164642061206390
S214043B1068616E6E656C20746F1F546865206368F8
S214043B20616E6E656C20746F2061646420746F200F
S214043B30746865206D61736B1F005365747320652C
S214043B40697468657220746865207072696D617244
S214043B5079206F72207365636F6E64617279206377
S214043B6068616E6E656C206D61736B2E00546865BB
S214043B70206368616E6E656C206D61736B20746F74
S214043B802073756274726163742074686520636858
S214043B90616E6E656C2066726F6D1F546865207664
S214043BA0616C756520746F20736574207468652075
S214043BB06368616E6E656C206D61736B20746F2E26
S214043BC01F005365747320746865207072652D63D6
S214043BD06F6E66696775726564206B657920736FAE
S214043BE0207468617420746865206A6F696E696EF3
S214043BF067206465766963652063616E20656E740C
S214043C00657220746865206E6574776F726B2E001B
S214043C10536574732074686520707265636F6E668E
S214043C20696775726564206B65791F0053746F70DD
S214043C307320746865206E6574776F726B20737476
S214043C40656572696E672070726F636573732E00A4
S214043C5053746172747320746865206E6574776F2C
S214043C60726B207374656572696E672070726F6319
S214043C706573732E0041206D61736B206F66206F31
S214043C807074696F6E7320666F7220696E64696300
S214043C906174696E67207370656369666963206220
S214043CA065686176696F722077697468696E2074D6
S214043CB06865206E6574776F726B2D7374656572B4
S214043CC0696E672070726F636573732E1F00446994
S214043CD073706C617973207468652063757272659D
S214043CE06E7420737461747573206F6620746865CF
S214043CF0206E6574776F726B207374656572696E77
S214043D00672070726F636573732E00436C6561720F
S214043D1073207468652067726F75707320746162AF
S214043D206C65206F6E20657665727920656E6470AA
S214043D306F696E74005072696E747320696E666F74
S214043D40726D6174696F6E2061626F757420746839
S214043D506520636F6E74656E7473206F6620746876
S214043D60652067726F757073207461626C652E00CF
S214043D704172746966696369616C6C792064726FF8
S214043D8070732074686520626C6F636B206E756D4B
S214043D9062657220646566696E6564206279207463
S214043DA068652070617373656420617267756D65FC
S214043DB06E74206F6E6C79206F6E63652C20616E56
S214043DC064207468656E20616C6C6F777320697408
S214043DD02075706F6E20612072657472792E00549F
S214043DE0686520626C6F636B206E756D6265722009
S214043DF0746F206172746966696369616C6C79209A
S214043E0064726F7020746F20666F72636520612021
S214043E107265747279202D2073657420746F203057
S214043E2078464620746F2064697361626C651F006F
S214043E305365747320746865207265636569766576
S214043E402077696E646F772073697A652E20204226
S214043E507920646566696E6974696F6E20696E2080
S214043E6074686520536D61727420456E6572677957
S214043E702070726F66696C65206974206D75737442
S214043E802062652073657420746F20312062757417
S214043E90207468697320616C6C6F77732069742072
S214043EA0746F206265206368616E6765642E0054D3
S214043EB06865206D6178206E756D626572206F6628
S214043EC02074686520626C6F636B7320726563652B
S214043ED069766564206265666F726520616E20414E
S214043EE050532061636B2069732067656E65726149
S214043EF07465641F004D616B657320746869732074
S214043F006E6F6465207374617274206964656E7480
S214043F10696679696E6720617320612074617267CF
S214043F20657420666F722062696E64696E672077B6
S214043F3069746820616E20696E69746961746F7251
S214043F40206E6F64652E0054686520656E64706F1D
S214043F50696E74206F6E20776869636820746F20BA
S214043F60626567696E207468652046696E64696E6A
S214043F706720616E642042696E64696E67207461AE
S214043F80726765742070726F636573731F004D618A
S214043F906B65732074686973206E6F646520737430
S214043FA06172742074686520696E69746961746FDF
S214043FB0722070617274206F66207468652066696A
S214043FC06E64696E6720616E642062696E64696EF1
S214043FD0672070726F636573732E0054686520657E
S214043FE06E64706F696E74206F6E2077686963689C
S214043FF020746F20626567696E2074686520466960
S2140440006E64696E6720616E642042696E64696ED0
S2140440106720696E69746961746F722070726F6369
S2140440206573731F005365747320776865746865D9
S214044030722074686520434C4920666F726365730A
S214044040207468652064657669636520746F2073E0
S214044050686F727420706F6C6C2E005468652076DE
S214044060616C756520696E6469636174696E672046
S2140440707768657468657220746865206465766917
S21404408063652073686F756C642073686F72742040
S214044090706F6C6C1F005365747320776865746862
S2140440A0657220746865206465766963657320703C
S2140440B06F6C6C20636F6D706C65746564206361EF
S2140440C06C6C6261636B2066756E6374696F6E20D8
S2140440D0697320656E61626C65642E0054686520A1
S2140440E076616C756520696E6469636174696E6770
S2140440F020776865746865722074686520646576E0
S2140441006963657320706F6C6C20636F6D706C658B
S2140441107465642063616C6C6261636B2066756EA3
S2140441206374696F6E20697320656E61626C656482
S2140441301F00446973706C6179732074686520731A
S2140441407461747573206F662074686520456E64A8
S214044150204465766963657320706F6C6C696E675E
S2140441602E00456E61626C652F64697361626C65CE
S21404417020646562756720606C6567616379206199
S2140441807070206672616D65776F726B206465620D
S214044190756760207072696E7420747970652E007D
S2140441A0456E61626C652F64697361626C651F009D
S2140441B0456E61626C652F64697361626C65206428
S2140441C06562756720607A636C60207072696E74CD
S2140441D020747970652E00456E61626C652F646983
S2140441E07361626C652064656275672060617070D7
S2140441F060207072696E7420747970652E00456E46
S21404420061626C652F64697361626C6520646562C3
S21404421075672060636F726560207072696E7420C3
S214044220747970652E00456E61626C652F646973DF
S21404423061626C652064656275672060737461638F
S2140442406B60207072696E7420747970652E0053EA
S214044250656E64732061207265717565737420667B
S2140442606F72204F544120636F756E746572732E9F
S2140442700052657365747320616C6C207468726593
S21404428073686F6C64732076616C75657320746FE5
S214044290203078464646462E0053657473206120C7
S2140442A07468726573686F6C642076616C756520DB
S2140442B0666F72206120706172746963756C6172D6
S2140442C02074797065206F6620636F756E746572EE
S2140442D02E0054797065206F6620636F756E746562
S2140442E0721F5468726573686F6C642056616C75CF
S2140442F0651F005072696E74732074686520746854
S214044300726573686F6C6473206F6620616C6C20D2
S21404431074686520636F756E746572732E00436CE3
S2140443206561727320616C6C20636F756E74657260
S2140443302076616C7565732E005072696E747320F6
S214044340616C6C20636F756E7465722076616C7533
S21404435065732E005072696E7473207468652076D7
S214044360616C7565206F662074686973207061726D
S214044370746963756C617220636F756E7465722EF2
S2140443800054686520636F756E7465722074797066
S2140443906520746F207072696E741F005072696EA7
S2140443A0747320616C6C20636F756E74657220760E
S2140443B0616C75657320616E6420636C65617273ED
S2140443C0207468656D2E00536574204D464720742E
S2140443D06F6B656E2C2043414E4E4F542042452051
S2140443E0554E53455420425920434C492E00507292
S2140443F0696E74204D464720746F6B656E2E0050B0
S21404440072696E7420616374697665206576656E7C
S21404441074732E0044697361626C65207468652049
S214044420656E64706F696E7420666F72205A434CB2
S214044430206D657373616765732E00456E64706FD7
S214044440696E7420696E6465781F00456E61626CDF
S21404445065732074686520656E64706F696E742079
S214044460666F72205A434C206D657373616765737B
S2140444702E005072696E7420737461747573206FA5
S2140444806620656E64706F696E74732E0053686F71
S2140444907773207468652076657273696F6E206F13
S2140444A0662074686520736F6674776172652E0083
S2140444B05365742074686520636F6E6669677572E9
S2140444C06564203830322E31352E34204343412063
S2140444D06D6F646520696E20746865207261646916
S2140444E06F2E2053656520646F63756D656E746109
S2140444F074696F6E20726567617264696E672052B4
S21404450041494C5F494545453830323135345F437F
S21404451063614D6F64655F742E0041205241494CBF
S2140445205F494545453830323135345F4363614D24
S2140445306F64655F742076616C75651F00526574E0
S21404454075726E732050544920726164696F2063DB
S2140445506F6E66696720696E666F726D6174696FE7
S2140445606E20746F2064657465726D696E65207460
S2140445706865205048592074797065206265696EB4
S214044580672075736564206279205241494C2E2059
S21404459072657475726E2076616C75652069732019
S2140445A0656E756D205241494C5F49454545383026
S2140445B0323135345F507469526164696F436F6E8B
S2140445C06669675F7420652E6720205241494C5FF8
S2140445D0494545453830323135345F5054495F5289
S2140445E04144494F5F434F4E4649475F3250344734
S2140445F0485A203D203078303055205241494C5F8F
S214044600494545453830323135345F5054495F5258
S2140446104144494F5F434F4E4649475F3250344703
S214044620485A5F414E54444956203D203078303134
S21404463055205241494C5F4945454538303231355D
S214044640345F5054495F524144494F5F434F4E468E
S21404465049475F32503447485A5F434F4558203DD8
S214044660203078303255205241494C5F4945454503
S2140446703830323135345F5054495F524144494FE3
S2140446805F434F4E4649475F32503447485A5F416E
S2140446904E544449565F434F4558203D20307830A9
S2140446A033550053656E647320612072656164201F
S2140446B06174747220666F72207468652074696D04
S2140446C065206F6620746865206465766963652076
S2140446D07370656369666965642E20497420736522
S2140446E07473206120666C616720736F2077686539
S2140446F06E2069742067657473207468652072651B
S21404470073706F6E7365206974207772697465734D
S214044710207468652074696D6520746F20697473ED
S214044720206F776E2074696D6520617474722E0034
S21404473049641F737263456E64706F696E741F6498
S214044740657374456E64706F696E741F0057686590
S2140447506E2073656E64696E67207573696E672074
S214044760612062696E64696E672C20737065636984
S2140447706669657320776865746865722061206D64
S214044780756C7469636173742062696E64696E67BC
S2140447902073686F756C6420626520757365642E7B
S2140447A0007573654D756C74696361737442696EE4
S2140447B064696E671F0053656E64732061207072AF
S2140447C0652D6275666665726564206D756C7469C0
S2140447D063617374206D65737361676520746F20FD
S2140447E06120676976656E2067726F75702049442C
S2140447F02066726F6D206120676976656E20656E2F
S21404480064706F696E742E0067726F757049641FEA
S2140448107372632D656E64706F696E741F004372E5
S21404482065617465732061206D65737361676520C7
S21404483062792073706563696679696E6720746847
S21404484065207261772062797465732E20557365CE
S214044850207468652073656E6420636F6D6D616E89
S2140448606420746F2073656E6420746865206D65BB
S2140448707373616765206F6E636520697420686171
S21404488073206265656E20637265617465642E20AC
S21404489045783A2072617720307830303046207B75
S2140448A03030203041203030203131203232203335
S2140448B0332034342035357D2073656E647320616F
S2140448C0206D65737361676520746F20636C757300
S2140448D074657220313520283078303030462920EF
S2140448E06F66206C656E6774682038207768696325
S2140448F06820696E636C7564657320746865205AF5
S214044900434C206865616465722E00436C7573744D
S214044910657249641F446174611F0052657365744F
S2140449207320746865206E6F64652E005772697410
S21404493065732061206D6573736167652E00456E2F
S21404494064706F696E741F436C7573746572204966
S214044950441F4174747269627574652049441F4D1E
S21404496061736B1F4461746120747970651F4461C0
S214044970746120627974651F0052656164732061F6
S214044980206D6573736167652E00456E64706F698C
S2140449906E741F436C75737465722049441F4174AA
S2140449A0747269627574652049441F3120696620F3
S2140449B073657276657220646972656374696F6E76
S2140449C02C203020696620636C69656E74206469E7
S2140449D072656374696F6E1F0053656E647320613D
S2140449E0206D6573736167652E0044657374696E24
S2140449F06174696F6E1F536F7572636520656E64AC
S214044A00706F696E741F44657374696E6174696F40
S214044A106E20656E64706F696E741F00536F7572D6
S214044A20636520656E64706F696E741F004C6973ED
S214044A307473207768696368206F7074696F6E6139
S214044A406C206C6962726172696573206F6620748B
S214044A50686520737461636B2061726520696D708C
S214044A606C656D656E746564206F6E20746869731A
S214044A70206465766963652E005072696E747320CF
S214044A80696E666F726D6174696F6E2061626F75B0
S214044A907420746865206E6574776F726B20737407
S214044AA06174652C20636C7573746572732C206155
S214044AB06E6420656E64706F696E74732E006F6624
S214044AC0667365741F005072696E747320696E662F
S214044AD06F726D6174696F6E20666F7220616C6CA4
S214044AE020617661696C61626C6520736C6F7473A7
S214044AF02E0052656164732072617720646174616C
S214044B002066726F6D20666C6173682073746F72B2
S214044B106167652E004164647265737320746F2048
S214044B20726561641F4E756D626572206F662062E1
S214044B307974657320746F20726561641F00507207
S214044B40696E747320666C6173682073746F726127
S214044B50676520696E666F726D6174696F6E2E008C
S214044B604572617365732074686520737065636944
S214044B706669656420736C6F742049442E00537410
S214044B806F7261676520736C6F74206E756D6265F5
S214044B90721F00426F6F74732074686520696D61BC
S214044BA0676520696E20746865207370656369663E
S214044BB069656420736C6F742049442E00434C4925
S214044BC020696E7374616E6365206578616D706CC0
S214044BD0650064756D6D795F696E7374005A434C35
S214044BE020636F6D6D616E64730062617369630048
S214044BF0676C6F62616C006D66672D636F64650039
S214044C007573652D6E6578742D73657175656E6341
S214044C106500782D64656661756C742D72657370B5
S214044C2000746573742D726573706F6E73652D6F83
S214044C306E00746573742D726573706F6E73652D74
S214044C406F6666005A434C20626173696320636C26
S214044C50757374657220636F6D6D616E6473007234
S214044C6074666400436F6D6D616E6420746861746D
S214044C702072657365747320616C6C206174747241
S214044C8069627574652076616C75657320746F202F
S214044C90666163746F72792064656661756C742EE0
S214044CA0005241494C006C6F7765722D6D61632D1F
S214044CB07261696C2D3830322E31352E342E6300F5
S214044CC06C69627261696C2E6100756E636C6169F1
S214044CD06D6564006275666665722D6D616E6167EA
S214044CE0656D656E742E63006576656E742D7175DC
S214044CF06575652E63007A69676265652D757070E3
S214044D0065722D6D61632E63006E65696768626FF8
S214044D10722E63006173736F63696174696F6E2EBC
S214044D20630031383231730031343232310031327B
S214044D3031003273003132323131320031323231A5
S214044D4031003238310038313100313832313100F7
S214044D503132313131323132323231730031323222
S214044D6000313231313232310031313131003232B8
S214044D7038006D61632D6D756C74692D6E6574777E
S214044D806F726B2E63006C65676163792D70616367
S214044D906B65742D6275666665722E63000000008E
S214044DA0000002000000000000000000BA0400003A
S214044DB0000002000000000000000000BA0400002A
S214044DC0000102030E312E312E322D303536346278
S214044DD065653300010000020303010006000000BD
S214044DE0000003000000000013B779FAC925DDB7F8
S214044DF0ADF3CFE0F1B614B80102000000000000E5
S214044E00FFFFFFFF0100000001000000000000009B
S214044E100000000000000000000000000000000089
S214044E200000000000000000000000000000000079
S214044E300000000000000000033F1F00DB11030019
S214044E40D7110300B51103008311030013120300E6
S214044E50E5110300851103002C0000000202020382
S214044E600000000001020000000801B4104F040016
S214044E700008015ACC4E040000080040884E040086
S214044E8000000000000000000000FCFEFFFF000021
S214044E9000000000FFFF000000000000FFFF00000D
S214044EA000000000FFFF000000000000400018069D
S214044EB0F4D200002C00B0023DBE00001700F20041
S214044EC00C7C00000C0041009E4200006400FCFEC6
S214044ED0FFFF000000000000FFFF000000000000CD
S214044EE05A00F306A554FEFF2100A301A1FEFFFF0E
S214044EF01100A600832700000A006100DC260000DB
S214044F0006003B00F820000003001500AD13000067
S214044F10C800FCFEB4008B087BC0FBFF4D00E40217
S214044F20E756FFFF2C00A20183EBFFFF1A000301E4
S214044F30B31A00001100A300552900000A005E0001
S214044F405A28000006003A00212200000400180037
S214044F50731600000703040049B6030049B60300AD
S214044F6049B6030049B6030049B6030049B6030030
S214044F7049B6030049B6030049B6030049B6030020
S214044F8049B6030049B6030049B6030049B6030010
S214044F9049B6030049B6030049B6030049B6030000
S214044FA049B6030049B6030049B6030049B60300F0
S214044FB049B6030049B6030049B6030049B60300E0
S214044FC049B6030057B6030049B603006CB603009F
S214044FD049B6030049B6030091B6030049B6030078
S214044FE049B6030049B6030049B60300B9B6030040
S214044FF049B6030049B6030049B6030049B60300A0
S214045000D1B6030049B60300EFB603000B00000058
S2140450100B0000000200000000002020000000003A
S214045020030000008C8C3C00000000000000000020
S21404503000000000000000581200000000000000FD
S214045040FFFFFFFFFFFFFFFFFFFFFFFF554E4B0075
S214045050474F200042544C00474F3200474F33001E
S214045060474F3400474F3500474F3600474F370009
S214045070474F3800474F3900474F4100474F4200DB
S214045080474F4300474F4400474F4500474F4600AD
S2140450904A4D5000424452005550520042544D006E
S2140450A04D534D0046544C00554E4B00474F200080
S2140450B042544C004241440046544C00465243007D
S2140450C04F54410044534C00424150005550470051
S2140450D0544D450046415500545A4600554E4B0023
S2140450E050494E00454D3400554E4B00485620005E
S2140450F0554E4B00455850004C574D00554E4B00EE
S2140451005242540044534C00454D3400554E4B0017
S21404511041535400554E4B0056465900494E4800DC
S214045120554E4B004C434B0058544C004F424600DF
S214045130554E4B00485244004D454D0042555300D1
S2140451405553470044424700444D410056435400DB
S214045150554E4B0055502000525020004150300010
S2140451604150310041502000445020004445430043
S2140451704C50040050500400A8500400DC500400B6
S214045180E8500400F0500400FC5004000C510400E5
S21404519014510400205104003051040050510400FE
S2140451A0554E4B004649420042544C004558540064
S2140451B05057520057444700205357004352530059
S2140451C04653480042414400464C540042524F0065
S2140451D00104010303060105010501090600060B87
S2140451E00000070B050B0000000000000000000094
S2140451F00400E40C0A00010410010000000500028B
S214045200000003008C540400885404007454040002
S214045210705404006C54040068540400565404008B
S214045220465404002C540400245404001A54040065
S2140452301854040000540400FD530400F5530400FD
S214045240E4530400D4530400C2530400A8530400D7
S214045250A053040094530400905304008C53040099
S2140452607E530400735304005A530400415304004D
S214045270E5520400E4520400D4520400AC52040084
S214045280A1520400A05204008C5204000000000046
S2140452900000000000000000000000000000000005
S2140452A00F000000000000000000000000000000E6
S2140452B000000000000000000000000000000000E5
S2140452C000000000000000000000000000000000D5
S2140452D000000000010000000000000000000000C4
S2140452E0000000000F0000000000000000000000A6
S2140452F000000000000000000000000000000000A5
S2140453000000000000000000000000000000000094
S2140453100000000000000000000000000000000084
S2140453200000000000000000000000000000000074
S2140453300000000000000000000000000000000064
S2140453400000000000000000000000000000000054
S2140453500000000000000000000000000000000044
S2140453600000000000000000000000000000000034
S2140453700000000000000000000000000000000024
S2140453800000000000000000000000000000000014
S21404539000000000FFFFFFFFFFFFFFFFFFFF00000E
S2140453A000000000000000000000000000000000F4
S2140453B000000000000000000000000000000000E4
S2140453C000000000000000000000000000000000D4
S2140453D000000000000000000000000000000000C4
S2140453E000000000000000000000000000000000B4
S2140453F00000000000FFFFFFFFFFFFFFFF9C000010
S214045400FF00000000000000000000000000000094
S21404541000000000800000000000FFFFFFFFFFFF09
S214045420FFFFFFFF00000000FFFF00000000000079
S2140454300000000000000000000000000000000063
S214045440000000000000FFFFFF0000000000000056
S2140454500000000000000000000000000000000043
S2140454600000000000000000000000000000000033
S2140454700000000000000000000000000000000023
S214045480000000000000000000000000FC03010112
S21404549001010101010101010101010101000000F6
S2140454A000000001002000000000000101000020B0
S2140454B002041104040211101A080A021801081141
S2140454C010111A080A04020D0B19195C0110280B96
S2140454D001140000000000000000000000000000AE
S2140454E000010101010101000101010101010100A6
S2140454F0000101010001000101000000000000009D
S2140455000000000000000000000100000000000091
S214045510000000000000000001FF010023E101007C
S21404552075E4010063E2010063E5010062E1010045
S21404553079EB010064EE010024E1010025E101009D
S21404554026E1010027E1010028E1010029E101002C
S2140455502AE10100000001008000010000010100B2
S21404556080010100000201008002010020E2010027
S214045570000301000005010080050100000601008B
S2140455802C890100800601000007010001E50100E6
S21404559002E5010000080100800801000040010047
S2140455A086321010FFFFFFFFFFFFFFFF7DBF0300E3
S2140455B083BF030089BF03008FBF030095BF0300AA
S2140455C05677777777777777777777777777777783
S2140455D05A6967426565416C6C69616E636530390A
S2140455E05A6967426565416C6C69616E63653039FA
S2140455F04E574B205374656572696E670000959626
S2140456009595950507090D000000000000010203AA
S21404561004060000FBD7030096EB0300B0EB030080
S214045620C7EB0300DAEB0300EAEB0300FEEB030030
S21404563010EC030020EC03003CEC030051EC0300E8
S2140456400208010D0D01010112010000FFFFFFFF1A
S214045650FFFFFFFF00000000000000000109050135
S21404566000020000000000031EF1EE0B7C5604004E
S21404567092F8030007030400FE000000AEF80300DF
S214045680DC57040000000000B8F80300CC57040000
S21404569000000000C5F80300BC570400000000002A
S2140456A0D2F80300AC57040000000000F0F8030032
S2140456B09857040000000000E8F80300845704002C
S2140456C000000000EFF8030070570400000000001C
S2140456D0FDF8030060570400000000006FF70300A5
S2140456E04C57040000000000F6F803003C57040082
S2140456F00000000002F90300285704000000000020
S214045700AEBD0300185704000000000000000000AF
S2140457100000000000000000C929030013F903007C
S21404572050F90300010100FF35EC000079F903008D
S214045730BEF90300010100010107FF00F1EB0000C0
S2140457400BFA030076FA0300010100FF31EB0000B8
S21404575097FA0300B0FA030000010100FF000000FE
S214045760DB290300D5FA03002DFB03000101FF002B
S214045770C329030044FB03009BFB0300010102074B
S214045780FF000000BD29030044FB03009BFB03004D
S21404579001010207FF000000B729030044FB0300D1
S2140457A09BFB030001010207FF000000E5EA00007E
S2140457B0BCFB0300FBFB0300010101FF85EA0000BC
S2140457C01AFC03005FFC0300010000FF41EA00002E
S2140457D01AFC03005FFC0300010000FFC9EA000096
S2140457E086FC03008CFA030000FF0000B1290300C6
S2140457F0DBFC0300A7270400FF000000AB2903001E
S2140458004EFD0300A7270400FF00000021EA000065
S214045810BDFD030032FE030000FF0000F9E90000AE
S2140458204AFE0300ACFE030000FF00009D290300AF
S214045830BDFE030003FF030002FF0000C1E90000F1
S2140458400CFF030080FF030001FF000000000000BF
S21404585080020400110000008C0204001200000004
S21404586094020400130000009C02040021000000BF
S214045870A402040022000000AB020400230000007F
S214045880B2020400AA000000B9020400FF000000EF
S21404589000000000FFFFFFFFFFFFFFFF0000000007
S2140458A000000000000001080109020A030B040CB2
S2140458B0050D060E070F081001180119021A031B1E
S2140458C0041C051D061E071F0820012102220323AF
S2140458D0042405250626072708280129022A032B5F
S2140458E0042C052D062E072F08300131023203380A
S2140458F00239043A08E004E104E204E802E902EAB0
S21404590004F008F110000000000000000405000088
S2140459107059040002000F009859040002000F009A
S214045920C059040002000F00E859040002000F00EA
S214045930105A040002000F00385A040002000F0038
S214045940605A040002000F00885A040002000F0088
S214045950B05A040002000F00D85A040002000F00D8
S214045960005B040002000F00285B040002000F0026
S21404597000000000505B040003000000400000002C
S2140459800000000019000000745B040004000F000F
S214045990800000000000000000000000505B0400CF
S2140459A00300000040000000000000001900000092
S2140459B0745B040004000F00800000000000000078
S2140459C000000000505B04000300000040000000DC
S2140459D00000000019000000745B040004000F00BF
S2140459E0800000000000000000000000505B04007F
S2140459F00300000040000000000000001900000042
S214045A00745B040004000F00800000000000000027
S214045A1000000000505B040003000000400000008B
S214045A200000000019000000745B040004000F006E
S214045A30800000000000000000000000505B04002E
S214045A4003000000400000000000000019000000F1
S214045A50745B040004000F008000000000000000D7
S214045A6000000000505B040003000000400000003B
S214045A700000000019000000745B040004000F001E
S214045A80800000000000000000000000505B0400DE
S214045A9003000000400000000000000019000000A1
S214045AA0745B040004000F00800000000000000087
S214045AB000000000505B04000300000040000000EB
S214045AC00000000019000000745B040004000F00CE
S214045AD0800000000000000000000000505B04008E
S214045AE00300000040000000000000001900000051
S214045AF0745B040004000F00800000000000000037
S214045B0000000000505B040003000000400000009A
S214045B100000000019000000745B040004000F007D
S214045B20800000000000000000000000505B04003D
S214045B300300000040000000000000001900000000
S214045B40745B040004000F008000000000000000E6
S214045B50000020012000000008000000040042218C
S214045B6030000000E85B040000FF42003000000044
S214045B70000000000000F00840000000095C04007B
S214045B800100230440000000115C040006003001FC
S214045B904000000000000000FDFF2102400000005D
S214045BA00100000019000004190001011900020494
S214045BB01900030119000504190006011900070459
S214045BC0040041009D0C010006004100D131030091
S214045BD0190081008D290100190084001934010080
S214045BE0008000000000000006435553544F4D004B
S214045BF0000000000000000000000000000000009C
S214045C00000000000000000000FFFFFFFFFFFFFF92
S214045C10FFFFFFFFFF000401040104010401040167
S214045C200401040104010401040104010401FFFF4A
S214045C30FFFFFFFFFFFFFFFFFFFFFFFFFFFFFFFF6B
S214045C40FFFFFFFFFFFF0001020304050607080924
S214045C500A0B1F1C1F1E1F1E1F1F1E1F1E1F0702B0
S214045C601F012F0037013F005701DF02E700FF0244
S214045C70000000000000000000000000000000001B
S214045C80000000000000000000000000000000000B
S214045C90000000001F090400190000002509040084
S214045CA0FFFF000000000000F0090400FB090400E8
S214045CB007030400030A0400110A0400070304008F
S214045CC0240A04002F0A04003D0A0400410A0400C2
S214045CD0510A040003D90300610A0400650A04009B
S214045CE0700A04007A0A0400840A0400880A04007D
S214045CF0960A0400AA0A0400C00A040000800000F1
S214045D00000000000000000000000000FFFFFFFF8E
S214045D10FF00000000000000F1B7010000000000D2
S214045D20000000000000F03F0000000000002440D7
S214045D3000000000000059400000000000408F40B2
S214045D40000000000088C34000000000006AF8401D
S214045D500000000080842E4100000000D012634141
S214045D600000000084D797410000000065CDCD41B7
S214045D707CDC0300DC73040000000000E61304006F
S214045D80CC73040000000000EB130400BC73040092
S214045D9000000000EC130400AC73040000000000D4
S214045DA0FDF803009873040000000000F0F80300F8
S214045DB08473040000000000F113040074730400EC
S214045DC000000000F71304006473040000000000E1
S214045DD0FB13040054730400000000000A140400BB
S214045DE04473040000000000271404003473040005
S214045DF000000000301404002473040000000000B7
S214045E004514040014730400000000003EEA030076
S214045E10047304000000000055140400C472040057
S214045E20000000005B180400206A04000000000064
S214045E3008080400E0690400000000005C14040084
S214045E4020690400000000006514040024680400AF
S214045E500000000072140400CC630400000000007C
S214045E608E0A0400A46204000000000079140400F2
S214045E70A4620400010000007D14040064620400AF
S214045E8000000000821404002861040000000000E2
S214045E903BB70300286104000100000072140400EC
S214045EA0CC6304000000000089140400CC630400E2
S214045EB0010000008E140400F460040000000000DA
S214045EC098140400F460040001000000A014040008
S214045ED0245F040000000000B3BE0300F05E04006C
S214045EE000000000000000000000000000000000A9
S214045EF0005F0400A414040007030400FE0000006E
S214045F00BC140400C86A0400000000003019040031
S214045F10B86A040000000000000000000000000052
S214045F2000000000345F0400C114040007030400EA
S214045F30FE000000D7140400486C040000000000B3
S214045F40DD140400386C040000000000E3140400B0
S214045F50286C040000000000EC140400186C040014
S214045F6000000000EDBB0300086C04000000000005
S214045F70F7B90300D06B04000000000005C303005B
S214045F80BC6B040000000000F6140400AC6B0400B4
S214045F9000000000F2BE03009C6B0400000000003A
S214045FA0FB1404008C6B04000000000002150400BF
S214045FB07C6B0400000000009ECD03006C6B0400A4
S214045FC00000000007150400C06004000000000084
S214045FD00E15040068600400000000001615040096
S214045FE03460040000000000221504000060040071
S214045FF00000000000000000000000000000000098
S214046000106004002D15040007030400FE000000C1
S21404601077D30300E86A040000000000D5F4030008
S214046020D86A040000000000000000000000000021
S21404603000000000446004004E150400070304003A
S214046040FE00000077D30300086B04000000000085
S214046050D5F40300F86A0400000000000000000005
S21404606000000000000000007860040070150400C2
S21404607007030400FE0000008E150400586B04009D
S214046080000000007F1A0400486B040000000000B3
S2140460909D150400386B040000000000A2150400DF
S2140460A0286B040000000000A9150400186B040007
S2140460B000000000000000000000000000000000D7
S2140460C0D0600400AE15040007030400FE000000C0
S2140460D039D30300F46B040000000000CB15040061
S2140460E0E06B040000000000000000000000000058
S2140460F00000000004610400D31504000703040034
S214046100FE000000EF150400886C04000000000088
S2140461108E0A0400786C04000000000000000000F2
S214046120000000000000000038610400F4150400BC
S21404613007030400FE0000000D160400386D04007A
S21404614000000000FACF0300286D040000000000E1
S21404615016160400186D040000000000EF15040075
S214046160686C0400000000001B160400586C040051
S214046170000000002816040024620400000000004A
S21404618036160400F0610400000000004416040003
S214046190B0610400000000005C14040020690400E0
S2140461A000000000000000000000000000000000E6
S2140461B0C06104004D16040007030400FE0000003E
S2140461C02F4C0400086D040000000000404C04003E
S2140461D0F86C0400000000002BE40300E86C0400E4
S2140461E000000000000000000000000000000000A6
S2140461F0006204006B16040007030400FE0000009F
S21404620095160400586D04000000000016050400EE
S214046210486D0400000000000000000000000000BC
S21404622000000000346204009C1604000703040007
S214046230FE000000B3BE03008C6D040000000000E6
S214046240D5F403007C6D0400000000007F1A0400EF
S214046250686D04000000000000000000000000005C
S2140462600000000074620400BC1604000703040067
S214046270FE000000B3BE0300BC6D04000000000076
S214046280DC160400AC6D040000000000D5F4030026
S2140462909C6D0400000000000000000000000000E8
S2140462A000000000B4620400E316040007030400C0
S2140462B0FE000000FD160400F06E0400000000005E
S2140462C0C5D40300E06E040000000000301704008C
S2140462D0D06E040000000000EDBB0300C06E040096
S2140462E000000000FEBB0300B06E040000000000C7
S2140462F002170400A06E0400000000001A17040031
S214046300906E04000000000023170400806E040052
S214046310000000002A170400706E0400000000004D
S21404632036170400406E0400000000007F1A0400C4
S214046330306E04000000000045170400206E0400C0
S21404634000000000EAE40300106E040000000000F1
S2140463504A170400006E04000000000061170400E1
S214046360F06D04000000000075170400DC6D0400E6
S2140463700000000085170400CC6D04000000000037
S2140463809417040098630400000000000000000056
S2140463900000000000000000A86304009917040031
S2140463A007030400FE000000B0170400606E04003B
S2140463B000000000B9170400506E0400000000003E
S2140463C0000000000000000000000000DC63040081
S2140463D00703040007030400FE000000C0170400BF
S2140463E0606A040000000000CD170400A4680400DE
S2140463F000000000D6170400E46704000000000054
S214046400E9170400B067040000000000F717040052
S2140464107C670400000000000518040048670400B8
S2140464200000000013180400B0660400000000001A
S21404643024180400886604000000000031180400D4
S214046440E8650400000000003C18040090650400A1
S214046450000000004F1804006865040000000000F7
S214046460E1F703000465040000000000621804005D
S214046470C4640400000000006D1804009064040066
S2140464800000000000000000000000000000000003
S214046490A06404008018040007030400FE00000043
S2140464A0A4180400106F040000000000AA180400DA
S2140464B0006F040000000000000000000000000060
S2140464C000000000D4640400AE18040007030400AF
S2140464D0FE000000E7D40300406F04000000000044
S2140464E0E0180400306F040000000000EC180400FC
S2140464F0206F040000000000000000000000000000
S21404650000000000146504000219040007030400D8
S214046510FE000000B3BE0300A46F040000000000E9
S214046520D5F40300946F040000000000DBF40300BD
S214046530846F04000000000077D30300706F04002B
S214046540000000001E190400606F04000000000034
S21404655035190400506F040000000000000000001D
S21404656000000000000000007865040041190400E3
S21404657007030400FE00000066190400B46F04005C
S2140465800000000000000000000000000000000002
S214046590A06504006B19040007030400FE00000055
S2140465A08F1904000470040000000000DC160400C8
S2140465B0F46F0400000000009B190400E46F04005C
S2140465C000000000A2190400D46F040000000000BC
S2140465D0AF190400C46F04000000000000000000AF
S2140465E00000000000000000F8650400BA1904006A
S2140465F007030400FE00000028180400B47004001A
S21404660000000000D7190400A47004000000000075
S2140466107CDC03009470040000000000AAEB030076
S21404662084700400000000008F17040074700400D7
S21404663000000000E7D403006470040000000000BB
S214046640DE1904005470040000000000E919040078
S2140466504470040000000000F619040034700400BE
S21404666000000000061A0400247004000000000065
S214046670191A040014700400000000000000000052
S2140466800000000000000000986604002B1A0400B6
S21404669007030400FE0000007CDC0300C470040052
S2140466A000000000000000000000000000000000E1
S2140466B0C0660400491A040007030400FE00000034
S2140466C0E7D403003471040000000000AAEB0300C2
S2140466D024710400000000008F17040014710400E5
S2140466E0000000006C1A040004710400000000009E
S2140466F0981504000867040000000000000000006D
S214046700000000000000000018670400831A04005C
S21404671007030400FE0000007F1A0400F47004005F
S2140467200000000077D30300E470040000000000BB
S214046730991A0400D4700400000000000000000051
S214046740000000000000000058670400A21A0400BD
S21404675007030400FE000000B3BE030054710400E7
S21404676000000000D5F4030044710400000000009B
S2140467700000000000000000000000008C67040019
S214046780C21A040007030400FE000000E21A040014
S2140467907471040000000000F51A0400647104001B
S2140467A000000000000000000000000000000000E0
S2140467B0C06704000B1B040007030400FE0000006F
S2140467C02B1B04009471040000000000FACF0300A1
S2140467D084710400000000000000000000000000B7
S2140467E000000000F4670400351B040007030400DF
S2140467F0FE000000E7D40300C4710400000000009B
S2140468005A1B0400B471040000000000721B04004C
S214046810A471040000000000000000000000000056
S21404682000000000346804000703040007030400A3
S214046830FE000000831B04004C68040000000000F7
S2140468400000000000000000000000005C68040077
S2140468500703040007030400FE0000008F1B040067
S21404686014720400000000007F0A0400047204008E
S21404687000000000951B0400F471040000000000F2
S214046880991B0400E4710400000000009D1B040032
S214046890D4710400000000000000000000000000A6
S2140468A000000000B4680400AD1B040007030400E5
S2140468B0FE000000B3BE0300947204000000000053
S2140468C0C81B04008472040000000000DB1B0400E4
S2140468D07472040000000000D5F40300647204001F
S2140468E000000000E81B04005472040000000000CE
S2140468F0F91B04004472040000000000071C040096
S2140469003472040000000000181C04002472040002
S214046910000000000000000000000000000000006E
S21404692030690400251C040007030400FE00000070
S2140469303F1C0400B86C040000000000721C040035
S214046940A86C040000000000AD1C0400986C040051
S21404695000000000C41C0400AC6904000000000031
S214046960CE1C04007869040000000000000000004B
S214046970000000000000000088690400D21C040027
S21404698007030400FE0000002F4C0400D86C04002B
S21404699000000000404C0400C86C04000000000026
S2140469A0000000000000000000000000BC690400B5
S2140469B0F11C040007030400FE00000012D00300CC
S2140469C0B4720400000000007F1A0400A4720400DD
S2140469D000000000000000000000000000000000AE
S2140469E0F0690400041D040007030400FE00000010
S2140469F0B3BE0300F4720400000000009516040001
S214046A00E47204000000000016050400D4720400BA
S214046A10000000000000000000000000000000006D
S214046A20306A04001F1D040007030400FE00000073
S214046A30AF1904000C74040000000000E7D403003F
S214046A40FC730400000000007CDC0300EC7304000C
S214046A50000000000000000000000000000000002D
S214046A60706A04003F1D040007030400FE000000D3
S214046A705D1D04005C74040000000000671D040033
S214046A804C74040000000000721D04003C740400F2
S214046A9000000000FDF803002C7404000000000051
S214046AA0811D04001C7404000000000000000000A7
S214046AB000000000000000008F2903008C1D040065
S214046AC007030400FF0000008B290300991D04003F
S214046AD007030400FF00000035F10000AB1D0400AE
S214046AE007030400FF000000D1F00000D81D0400D6
S214046AF0A025040001FF000035F10000181E040064
S214046B0007030400FF000000D1F00000461E040046
S214046B10A025040001FF000069F10000871E0400A0
S214046B20A81E040000FF000069F10000B11E040066
S214046B300E1F04000000FF00E5F100001C1F040007
S214046B40351F0400010001FF51F200005A1F040023
S214046B509C1F04000102FF00E5F10000B21F0400C0
S214046B60E11F040001000102FF00000061EF0000C5
S214046B70122004004E20040007FF000081EF0000EE
S214046B80542004008720040001FF000095EF000055
S214046B908F200400DF2004000100FF00F1EF000056
S214046BA0F4200400452104000101FF00C5EF0000A5
S214046BB0552104008F21040001FF000045F0000069
S214046BC097210400E0210400010000010707FF00EC
S214046BD081F20000322204008720040001FF000036
S214046BE081F300007A220400BE220400010700019B
S214046BF00700FF00ED2903001323040059230400B3
S214046C000107000101FF000009F3000095230400BA
S214046C10D0230400010000FFD9F20000EE23040094
S214046C20322404000100FF00A9F2000045240400F9
S214046C30322404000100FF0051F300008424040001
S214046C408F21040001FF0000C1F30000BF240400EC
S214046C50F02404000100FF00F1DC00000703040038
S214046C60FE240400000707FF95DC00000703040069
S214046C7017250400000707FFA1E10000070304002E
S214046C802325040007FF0000A1E100000703040019
S214046C902325040007FF00003F2903000703040020
S214046CA0282504000000FF007DE10000070304001F
S214046CB011FC030001FF000045E100000703040087
S214046CC06025040000FF000075DC000007030400D4
S214046CD007030400FF00000075DC0000070304003F
S214046CE007030400FF00000015290300070304003F
S214046CF007030400FF00000015290300070304002F
S214046D0007030400FF00000015290300070304001E
S214046D1007030400FF00000045DC0000070304002E
S214046D20962504000101FF0031DC0000070304007F
S214046D30AB25040001FF000011290300070304002B
S214046D4007030400FF000000F9DB000073160400CC
S214046D5007030400FF000000F9DB0000B52504006B
S214046D6007030400FF00000079DD0000D6250400B8
S214046D70ED2504000001000007FF00000D290300B4
S214046D801326040007030400FF000000F5DA0000E1
S214046D902D26040007030400FF00000087290300D3
S214046DA05B26040007030400FF00000079290300A3
S214046DB075260400F724040000FF000075E40000B4
S214046DC09A26040007030400FF000000C9D9000047
S214046DD0B426040007030400FF0000005DD9000089
S214046DE0D72604005427040000000310FF00000008
S214046DF039DA0000A92704001728040001FF000060
S214046E000DDA00002C2804006F28040000FF0000A0
S214046E1021D900008028040007030400FF000000B6
S214046E200B290300AF28040007030400FF0000003A
S214046E30FDD80000FB280400F724040000FF00002F
S214046E40C9D800003C2A0400912A040000FF000070
S214046E50ADD80000AB2A040007030400FF000000BE
S214046E6091D80000BB2A040007030400FF000000BA
S214046E70FB280300CF2A04004D2B040000FF00006B
S214046E8061D80000D82B040007030400FF000000AC
S214046E901DD80000F52B0400202C040007FF00007A
S214046EA0DDD700002A2C0400832C0400000500FF14
S214046EB095D70000362D0400492D04000002FF007B
S214046EC071D70000782D040007030400FF000000BB
S214046ED0FB2803008A2D0400C42D040000FF0000D4
S214046EE005D700004A2E0400902E0400000301FF7C
S214046EF0F5D60000302F0400762F0400000301FFAF
S214046F00915201001630040007030400FF0000003D
S214046F10933503003E300400B930040002FF00003D
S214046F20A1F700000E310400A727040000FF0000AC
S214046F306DF7000036310400A727040000FF0000A8
S214046F401DF700004F31040007030400FF00000093
S214046F509D4401006831040007030400FF0000009C
S214046F6075440100B531040007030400FF00000067
S214046F7001440100E031040006320400000101006F
S214046F80010102FFD943010085330400AD33040038
S214046F9000FF0000B9430100D433040007030400D3
S214046FA0FF00000001430100FE3304000703040051
S214046FB0FF000000653403001734040007030400D0
S214046FC0FF000000D13701003D3404006E34040095
S214046FD00002FF00C7320300CB340400070304009A
S214046FE0FF000000C3320300F83404000703040063
S214046FF0FF00000085370100133504003D3504000A
S21404700000FF0000453501006D3504000703040049
S214047010FF000000C12001008035040007030400BF
S214047020FF000000A92001009835040007030400AF
S214047030FF0000003F320300B135040007030400DC
S214047040FF0000002B320300DE350400583604002F
S21404705000FF0000513401009736040007030400C3
S214047060FF000000413301000F370400070304004B
S214047070FF000000651F01005337040007030400E7
S214047080FF000000491F01007037040007030400D6
S214047090FF000000C11F01001B38040007030400A2
S2140470A0FF000000B51F0100A9380400EE380400F4
S2140470B000FF0000811F0100253904007639040012
S2140470C000FF0000AD1D0100A939040007030400F9
S2140470D0FF00000045120100D53904003E3A0400C2
S2140470E00000FF0045120100933A0400F53A04003C
S2140470F00000FF00E51201003A3B04006D3B04006B
S2140471000002FF0099310300C23B0400103C040057
S21404711007FF0000191401002C3C040007030400B8
S214047120FF0000002D120100503C0400753C0400D2
S21404713000FF000039130100CE3C040007030400DE
S214047140FF000000FD0B01000B3D040007030400D4
S214047150FF000000C50B0100353D040007030400D2
S214047160FF00000071300300703D0400DF3D0400A2
S21404717000FF000021050100303E0400AF3E04007D
S21404718000FF000063300300F53E0400473F0400A0
S21404719000FF0000433003008E3F0400DB3F040082
S2140471A000FF0000E9FD0000254004005B400400E9
S2140471B003FF000021FE000096400400DC400400AB
S2140471C003FF0000D1FC0000324104000703040062
S2140471D0FF000000CF2F030062410400A04104001A
S2140471E000FF0000C92F0300B0410400A0410400C2
S2140471F000FF0000C32F0300D7410400A041040091
S21404720000FF0000BD2F0300FE410400A04104005F
S21404721000FF0000B72F030026420400A04104002C
S21404722000FF0000932F03004F42040007030400EE
S214047230FF000000992F03007142040007030400B6
S214047240FF00000021FA000099420400D242040024
S2140472500001FF004DFA0000F34204000703040097
S214047260FF000000952F03001E43040007030400DC
S214047270FF00000009FA0000394304000703040075
S214047280FF000000C5F900005443040081430400D5
S21404729000FF0000ADF900009C430400070304004F
S2140472A0FF000000F5E10000C743040007030400E4
S2140472B0FF000000F5E10000EE43040007030400AD
S2140472C0FF000000E5D60000FF43040007030400A7
S2140472D0FF000000B1D60000144404003B44040040
S2140472E000FF0000B1D600004B4404003B440400F9
S2140472F000FF000049D6000072440400070304009F
S214047300FF000000F32803008D4404000703040074
S214047310FF000000A5D20000B04404001A45040093
S21404732000FF000085D200003D450400070304006A
S214047330FF0000006DEE0000A34604003047040082
S214047340010000FF51ED00004D470400A147040072
S21404735000FF000085ED0000B6470400084804005E
S2140473600100FF00F1EC00001E4804000B49040075
S2140473700107FF00F72803001B4904000703040065
S214047380FF00000051E600002C4904003E490400BA
S214047390000101000007FF0049E5000079490400E8
S2140473A08A49040000010100FF00000085ED00008A
S2140473B0D9490400EA490400010000FFC1E40000C2
S2140473C0D94904001C4A040000FF0000318501006E
S2140473D02D4A040007030400FF000000D9D2000071
S2140473E0794A040007030400FF000000EF55030079
S2140473F00703040007030400FF000000F9920100DD
S2140474000703040007030400FF000000BD92010008
S21404741007030400BE4A040002FF0000699A010044
S214047420C64A040007030400FF000000F5990100A3
S214047430F24A0400154B04000200FF0071560300D4
S2140474403E4B040007030400FF000000D19901002E
S214047450604B04007E4B040002FF0000A999010063
S214047460934B04007E4B040002FF00000100000062
S214047470CC4D00200000000000000000FFFF0000CC
S214047480732F03000000000003000000FFFF01004C
S214047490513003000000000004000000FFFF01005C
S2140474A0DF3003000000000004000000FFFF0000BF
S2140474B0633103000000000006000000FFFF000028
S2140474C0D53103000000000019000000FFFF010092
S2140474D06B320300991B0400FC68002000000000C7
S2140474E0000000000000000000000000EA4B04005A
S2140474F05875040000000000F04B04006C560400AD
S21404750000000000F74B04003C5804000000000094
S214047510301904002C58040000000000004C04003D
S2140475201C58040000000000124C04000C58040010
S21404753000000000214C0400FC570400000000007A
S214047540324C0400EC570400000000000000000069
S214047550000000000000000068750400444C0400AD
S21404756007030400FE0000005F4C0400807504005E
S2140475700000000000000000000000000000000002
S214047580835A0300644C040007030400FF0301004D
S21404759001013F040201003F040202003D0402020E
S2140475A0003D0401020001020003010002023D0442
S2140475B00201000202020100020200000020202054
S2140475C0202020202020282828282820202020208A
S2140475D0202020202020202020202020208810105A
S2140475E010101010101010101010101010040404B6
S2140475F00404040404040410101010101010414174
S2140476004141414101010101010101010101010161
S2140476100101010101010101101010101010424275
S2140476204242424202020202020202020202020231
S21404763002020202020202021010101020000000D1
S2140476400000000000000000000000000000000031
S2140476500000000000000000000000000000000021
S2140476600000000000000000000000000000000011
S2140476700000000000000000000000000000000001
S21404768000000000000000000000000000000000F1
S21404769000000000000000000000000000000000E1
S2140476A000000000000000000000000000000000D1
S2140476B000000000000000000000000000000000C1
S2140476C000000000A001000080130020000210004B
S2140476D06852002020150020000002080000000068
S2140476E0FFFFFFFFFFFFFFFFFFFFFFFF000000009D
S2140476F00000000000000000000000000000000081
S214047700000000002000000041C601001000000038
S21404771021C7010000000001000001010001010171
S21404772020C001B80000000000000000FFFFFFFFBB
S214047730FFFFFFFFFFFFFFFFFFFFFFFFFFFFFFFF50
S214047740FFFFFFFFFFFFFFFFFFFFFFFF0001020237
S2140477500303040506080C0C0C00010203040707C7
S214047760C8C8C8C8C8C8C8C8C8C8C8C8030404089D
S2140477700808080800B801B802B800B0609304000E
S21404778048930400030404080805000000000000F1
S214047790000000000000000000000000EA060000F0
S2140477A048704C0F44700E0E30707E1302989A1771
S2140477B03870340F34705A0F307048102C704810DC
S2140477C02870D0112470E81120703E0F1C7090129F
S2140477D018700C1314703A0FB110086001D80A71AF
S2140477E004B87F78020C7E78641000C6881F00A058
S2140477F01DB8707803B018600F3027B30F3301112B
S214047800C04806987C0229B0086001D8087109DDD2
S214047810047109BB11101660A04808600410011218
S214047820FF3221500860D048086000880698381453
S21404783000C4441F00A000BA03DF107109DF0672FB
S214047840029836031DB8507800A044132814411536
S2140478508110086002D8147110880698201900C098
S21404786014C000B80698861B009106989202016020
S214047870B83020D806711EBC637C784D5412F032A2
S21404788040DE0472404804DB08720DDD0C72044BC3
S214047890EF3014480698F20400C4E0400054441242
S2140478A0086201322140087C811140D91C72B11251
S2140478B03032CF4A013AB1DA107208D8067104D8C9
S2140478C00871804C237C5670684C441200C4A41E75
S2140478D000A04414413AF3240164415C412A04752F
S2140478E080B800C46040005481D8367140D9047210
S2140478F0237C084B0698F20404BA1CB9767900C1B6
S214047900204001B835797F216121007906B906A99E
S21404791001D8067102981002804C307C02986402EA
S21404792008D86A7100C1544000B8141110D95E71A9
S214047930584C441280BDA26DFF25784C4412FC229C
S214047940513A2814104C00C20CC101B82412281451
S214047950086228140862281408622814304C304C34
S21404796000C11C4000B814111814086100C5284052
S21404797001B85415FF35047110491814B04C44125C
S21404798008620132067102980401804C08D80C7112
S21404799007BA24D8047106BA187004D80C7101BA50
S2140479A040D80E7102BA0A7005BA20D8047203BA17
S2140479B0204C4411C04C1814086118149111383125
S2140479C011429111186110D90472EF3200C10840B7
S2140479D001B8141110311E6111422814A111086156
S2140479E0181406986C1B181400C1084001B814112A
S2140479F01861FF31181400C1448001B8141118141A
S214047A00086118143088024806989403009308DB2B
S214047A10047101F800A027B00F3000A01088B1113F
S214047A20186180D90A7100C1884000B80811009115
S214047A3000A000C4684000B8441000A000C08840FD
S214047A40005004118261041082601050F07200A08D
S214047A50541550451271069802050698920407B804
S214047A60707802B841781EBA5B7A5C7A5D7A00C296
S214047A7020C001B8241206982A1900C5481F00A081
S214047A805415511400C3FF010000313D09647F34CE
S214047A9006989C02015851280475015841280E7511
S214047AA08111086102D90472FF0FCC7007B872788E
S214047AB000F8EBBD00C0441F00A00411113D10D90E
S214047AC01271FF33186300C1781002B8381107B971
S214047AD07479581000A0069892020D300472044877
S214047AE009DC0472084800C11CC101B8141100C3A3
S214047AF0D01E00A0911504351A7218131CBB08D8A2
S214047B0004716C7B04D804716A7B1DBB2F7C5B7B81
S214047B101670044B18131CBB08D804716F7B04D86A
S214047B2004716D7B217C0C30026006987E040698F6
S214047B30C40B00B8B111186140D9067202985804F3
S214047B4001BC00C2084001B800DC0A7124150265B5
S214047B50604A0A702C4A241508654C4A043508D92C
S214047B600471202400C13C1F00A0141200DC3271F2
S214047B7020D8067101B80C70F0DA0C720CDB0871B0
S214047B8002B806988604482400C3384101B8341362
S214047B908F7B0E7102B9911308DB047203B9287047
S214047BA07C4914111110FD300DDC1C7200C0A01E9F
S214047BB000A0041080D8107100C0448001B80410DE
S214047BC0E5200475804900C3884000B8FFB801204A
S214047BD011410871014118130824014200C12840CC
S214047BE000B8141101411C655141911520351E65DC
S214047BF0514118132813481300C3844000B83410A6
S214047C0003D81671073005DC1071B1108F780A722C
S214047C1000C384C40350217B1DB8507800B800C14B
S214047C203C1F00A014121C602150F0300152281191
S214047C3000A04024076400C0FFFF0100013C17B009
S214047C40022001584028067518AC01EC00A02088D4
S214047C5000C020C001B8041217B421130412305215
S214047C60F8711964402400C35C1F00A0341014117A
S214047C700698F60D1961009211592129067600BB63
S214047C8011590698D60D8762313B0472215A412A4F
S214047C9000A000C2686000B8B8B91F610D49181288
S214047CA000A0308801B9116100C30000C0FF311084
S214047CB0312800BC002D0C75115418AC01EC312D84
S214047CC0F470196451134155312C009300A000C37D
S214047CD0C00FFEFF50B2313A014250AA00A00698E7
S214047CE03E07FFB0867808715CB86B786E7800C281
S214047CF0548001B800C0D81F00A004100812B8228F
S214047D00217A237A52B8417801B80C6021A809B8C0
S214047D1019604CA800C0FFD1C1FF4FB2013A00C0A1
S214047D20002E300001424FAA24B86E78ACB9FFB0DA
S214047D3004D804714CB923A90698A80500C013906A
S214047D40010006982E0500A00698020519B81460CE
S214047D50FFB28C620F32826A214006982E0549BC17
S214047D6021B952B849B207DE2A7105DE0871627C71
S214047D70607C1D0C6179677864786B7862786578C6
S214047D8063786078617C010C010C6878020C697871
S214047D906C78020C00C22C8001B8277A287A267ADE
S214047DA06A78050C41790A0CB11040D8067102981D
S214047DB0BA06784A2B7A327A584A247A00C40001E2
S214047DC01100404A00C0108400000812508800C504
S214047DD084100100FBAD10BD01BB8A6B21B9FAA962
S214047DE0C44A1812217A227A00C0341F00A0041054
S214047DF0FCA88264411030300129F9A9F8ADFBB023
S214047E008260FBA80330A0652110044820EC237A86
S214047E100410037A184A2411DC4A01580029241055
S214047E2004753150F8B1115081632A7151403140C4
S214047E300812FCB18461FCA90F310E7117B0112829
S214047E4017B111591028FA76C44AF9B11812217AD2
S214047E50227AA07000950812F8A800C20C8001B817
S214047E60207A844A00B80812020CA44A087A020C43
S214047E7021B84178784A0B7A127A00C2C81F00A04B
S214047E80FFB008D80472184A241000DC0A7140A80F
S214047E900422241041A806989C0200C2481F00A091
S214047EA02410015100C4FF0100004139115008128A
S214047EB000A006983E0700BC00C20C8001B8217AD8
S214047EC052B84978020C4878020C49B8417852AC4A
S214047ED021AC204A087A067A077A49AC00A059B839
S214047EE040785AB101D9FC72427857B8407858B1F4
S214047EF001D9FC72427800A000C20C8001B8217A35
S214047F00227A21B8547852B8BC4A2411997912714D
S214047F1007B915614CA9617800BB03BC0C641470E6
S214047F2009B919614CA9417801BB126300C4002E3B
S214047F30300000C0FFD1C1FF4FB1013941414FA904
S214047F40E44AC8B8081224AB4CB823A80698A80577
S214047F5000C004900100FFB18679047108480698B1
S214047F602E0500C08009004040A809B8FFB108D912
S214047F70047103B853A8B11004D80C7156BB607BC7
S214047F8057BA627A607A02D80C7156BB607B59BACB
S214047F90627A607A04B86E783DB8607800C0563865
S214047FA0000000C1B08001B814119979087200C0AD
S214047FB0D604000000C124C000B814119F790472CE
S214047FC008484CA82EB8FFB108D906714AA8047010
S214047FD04BA80FB834A800C00C5E000046B201429D
S214047FE046AA00C12C4001B8141108610631087174
S214047FF000B90698501106983E14B11101D90E71B5
S2140480000698921B02D906720698A00C0698381495
S21404801051140698920406982A110698641700A02C
S21404802006984E1701D80A711CB85B7807B875789D
S21404803000B84CA84AA84BA800C0F321FFFF46B1DD
S214048040013946A904B86F7800A0FABC1964415CEB
S214048050512C00C0581F00A00410012C0675069869
S21404806092040698780FB110186005D8327140BA99
S21404807006980E1404B86578911004D816711CB8C6
S2140480806E7800C0684000B82178069878110140E0
S2140480900A721DB8427806984A1402985E0B1DB8F8
S2140480A0717804B86C7841B8427863784478FFB144
S2140480B004D906720298CA0900C004900100FFB1F0
S2140480C086790471084806982E0500C32C1F00A064
S2140480D000C274C000B82414481300BC48121C4BD9
S2140480E01C4A2414481300BC4812084B584A24144B
S2140480F0481301BC48124ABA447A427A4BBA447AC4
S214048100427AFFB086780472617A4CBA647A657AE9
S2140481103DBA607A4DB942B83FBB5B7966796179FE
S214048120020C6479050C63796079050C62796579CB
S2140481305A7900C2340102B8241305B819603140D4
S214048140081242B86A78020C4A78020C40BCFFB2A5
S21404815008DA06714ABA06704BBA627A657A677AA2
S214048160667A6A79667B0298A40A00C32C1F00A06C
S21404817000C274C000B8241448131C4B1C4A2414B0
S21404818048133FBC48121C4A00BC4812084B444AD9
S2140481902414481301BC48124ABA647A627A4BBA69
S2140481A0647A627AFFB3867B0472617A4CBA647A24
S2140481B0657A3DBA607A01D94E71647800C17080E0
S2140481C001B800C08000080008110698860B42B863
S2140481D061784DB97F797E796A7868786278020C1E
S2140481E07B790F0C7A79140C7479417860787579F8
S2140481F0050CFFB208DA06714AB804704BB8657805
S21404820001BC1664407002D93C710698860B42B8CD
S2140482104DB96878407841787F797E797B790F0C00
S2140482207A79140CFFB208DA087171794ABA0670C2
S21404823070794BBA7279657A6A78020C4A78050CBA
S21404824001BC1664020C417940790C0C00C04C0148
S21404825002B848100698F20400C4784000B8007CBF
S21404826000C0A01E00A0041180D93271911104D957
S2140482702C727F2021200411FD310DDD207200C0F8
S214048280448001B80411E521147600C0244001B8E6
S21404829004118A790871207C104C207C2AB86278F4
S2140482A0511400C0581F00A00410012C17B001116F
S2140482B08768015841280E7605218769415C412D5F
S2140482C0112D06700698920442B84DBB7C7B6478E8
S2140482D0020C29B86878511440440675069892042E
S2140482E042B844782AB84278FFB101D90C7100C16B
S2140482F0548001B8CBB80811911004D8147100C08A
S214048300A01E00A0041080D8067107B8537800F8A1
S21404831007B800C1CC1E00A000C220C001B82412B9
S2140483202811777800F8B1109478387106989C0272
S214048330E4B911591128067600B80C70A0B9115981
S21404834001290475A0B8826000C3C01F00A03413BE
S214048350012B341000C3FFFF00FF42B13139114036
S21404836042A800A01DB09178FA7142B86478020C55
S21404837000BA29AA00C4548001B842B84DB900C353
S214048380C04001B83413977B047240EC020C447866
S2140483905C7953AA0A0C281442B84DB9FFB301DB22
S2140483A02671244C00C3FF0FFF013814547940781B
S2140483B041785579020C5B795A79140C5F795E79A9
S2140483C04A784278347002DB1471527951795079C4
S2140483D0020C5B795A795F795E791E7004DB1A7138
S2140483E000C4FF07000000C3342102B848133FBB93
S2140483F0467B020C5B795A793DBB407B4CBB447B85
S214048400457B00C3301F00A03414403C207100C0DC
S21404841068C000B8481028131C4B1C483414481075
S2140484202813144B44483414481028134AAA4BAA59
S21404843004B86D781DB851785CB84B784E7800A0B7
S21404844000C074C000B80411108800B91810684839
S2140484500411108801B90B6118102C4804111088F7
S214048460008800C1231C000018104AB864784BB872
S2140484706478260C28B000C1FFFF0FF0113871B9DC
S2140484800B61114028A828B97379747900C21010BA
S214048490303045AA54790E0C00C0E84001B80411E7
S2140484A000C23030101045AA0E0C04100088108844
S2140484B00698620D0091009020888F618F60069860
S2140484C0620D0090886A21400112906A035800C128
S2140484D03F3F00001138FFBC0224412811380142F6
S2140484E045AA28B953794AB844784BB844780090DA
S2140484F00091181000912C48181000916848181024
S21404850000A09168436091694361115B012B1128B7
S21404851041603128315B00BA302806763128204A7B
S2140485204163302806763128104A4163302806769F
S2140485303128084A4163302806763128044A4163C4
S214048540302806763128024A416330280476014AE8
S21404855000A0115910D906710860086008D9047182
S214048560086004D90471046002D90471026001D958
S2140485700471016000A000BA01D806710148112AEE
S2140485801F61016001D8F6720138F67200A000C2BD
S21404859020C001B8241211592129127300210E712A
S2140485A000C238C001B824120121212900A002B05B
S2140485B020D8147100C0B01E00A0041002B945797A
S2140485C006987613EA7003B09F78087200B806A877
S2140485D000F806983E0700C5641F00A05088044DA6
S2140485E01CBC00C0B41E00A0811101D91E71407CC1
S2140485F0009501150C4D5088044DFFBB1863315B84
S21404860004110698EE0D3129F8750698681A541563
S2140486100698921B01D908720698580706700698A1
S214048620F4071CBB547B06984E1701D806720298B2
S2140486301A0FFFB901211038F67281129B7AF07175
S21404864000C2448001B8241400C0C01E00A0041058
S21404865001130020041040500C7200B90698280F2D
S21404866018B90A7018B90698280F00B900B8069801
S2140486701E0F704A08B806981E0F00C2284000B89D
S21404868014B806981E0F00C2EC4001B80CB8069841
S2140486901E0F202210B806981E0F108830880698E1
S2140486A05807009300910698280F00C0C41E00A027
S2140486B00412FFB9012121411810009500F8312851
S2140486C011280410081200A004B831281128F8B1A3
S2140486D0181000A0069880080E700698C40B06981A
S2140486E0800806987212069812079112211900C083
S2140486F02C4001B80A78097800F810B901BA06982F
S214048700041406982A110698641700C5641F00A06E
S21404871081109D78FC7200F8911203321CB900C3D4
S214048720A01E00A0341300C4B04000541DB8427804
S214048730707903DE067144783A707179A11020D8F6
S21404874006710298541080DB1C7102D8187205B8A2
S2140487500814A11010300248081400B80814911028
S214048760086008141DB86278A11000DC06765179FA
S21404877000BA06984E1701D82272911120311D6155
S214048780911004D80E7200C1501F00A0141101D914
S2140487900A71208806985011009200C1204000B843
S2140487A001DB1871084C03DE0471904C441400C3BA
S2140487B0FF1F0000413BFF233811944900C3384192
S2140487C001B83413086380DB0C7103BA1862069888
S2140487D03C100870186206983C100C490879097910
S2140487E014102140081100A000BD0698760210B9A6
S2140487F003DC047100B901BA0698041402D90671A0
S21404880000404E7203B118610F3106987811FFD8F4
S2140488102872811008D8187106DD0A710698760247
S21404882003DC0C720698BC1106984A140C7006DD1C
S21404883010710698C211487020B804A806DD10729C
S214048840069880080698120701F840B804A800F8AD
S21404885000C0A01E00A00413086301DB227191105F
S2140488600111186111381DB910D80871447902989D
S214048870541002DBFA72A11328DBF47203BD0698C7
S2140488801E11069880081DBA7F7A0698F20400C561
S214048890681F00A00698760200BA03DC1672044D20
S2140488A0A11002D804711C4D00C10CC101B8069871
S2140488B0AE045415212D06983E050298AA08911078
S2140488C0015503355150011900A000C14C1F00A0EA
S2140488D0141001D8427101480860FE200E758110FC
S2140488E020D8087100C1501F00A0141101D92871A6
S2140488F000C02C4001B80412215108610F311861E0
S2140489001152281000C0084001B8041191122151D8
S21404891020311152211900A0811380DB067201B8A0
S21404892000A000C314C001B8341006302E726C4B7D
S21404893034121C4B3410186002302072811080D818
S214048940DE713410014A08620460803021508C487D
S2140489500A717F234D233410013000A000BD069811
S2140489601E111CB847784578437802B8447800A0AE
S214048970069880080698BC1100C5741F00A05415FC
S21404898006983E050298AA08B1138F7B0A7200C3A4
S21404899084C40350017B06983E1400C1384101B8D4
S2140489A014118F790E7100C1B84000B800BA069849
S2140489B03C1050BA06980E1406987811FFD84A71DF
S2140489C0911004D84872811008601CD8407220D9CF
S2140489D038721112FF322151347180218021111412
S2140489E000C0D81E00A00413FFBA3151113A215119
S2140489F011531DB938107B7940440E7200B900C279
S214048A00AC1E00A01812067004B8607806983814D5
S214048A1000F800B900C2A44000541812644A0AB907
S214048A2018121CBA507A517A1DB942795F7900A09F
S214048A300698760207DC1072911000200A750698D4
S214048A4072120298660F0698120701B9911004D89C
S214048A50047100B910BA0698041400BA00403471C0
S214048A6000C0A01E00A00411086101D9127104D927
S214048A70E2728110086001D8DA711DB8647800C10A
S214048A801CC101B80698AE0401B81160002A047629
S214048A9000BA00C5781F00A05415212D069872123E
S214048AA00698580700C57C1F00A000F800BC81117A
S214048AB008D9167280D9207201B910BA069804141F
S214048AC000400E7101BC10700698BC1106984A143A
S214048AD020B804A800F806987212811102311271A7
S214048AE000B900C2144000541812244A02B91812DD
S214048AF00698BC1100C5801F00A054150698F01AED
S214048B000298AA080411012114711CBA737A04206D
S214048B1004122811042004110121F47200A00698FE
S214048B20F20401F806984E1701D81671FFB9012110
S214048B3010380E7281109B78087104B9677900F8B2
S214048B40911010D8287100C51CC101B8541106989C
S214048B50EE0D00C5C81E00A054155129EA7507B8C5
S214048B6076781DB8447801B804A800F8B1101860E7
S214048B7010D82E7100C05040005400C3084000B8FE
S214048B803114984C44113411086101D9FA71441215
S214048B902810086228100862281008622810E87056
S214048BA00298B00206989202113804721E6202BB42
S214048BB000C1D81E00A0141120390C72911210DACC
S214048BC00672417B00A006983E1400C2A01E00A0B8
S214048BD0241220DA0472617B1CBA527A00A01CBAF2
S214048BE0727A811204DAFC7200A01CB86B7800C09A
S214048BF0684000B82F7800A006984E1701D83A713E
S214048C0000C22C4001B82410036091112031015198
S214048C10383111501D6008121DB9457900C24480D0
S214048C2001B8241200C0C01E00A0041018200020A2
S214048C30041020500471657910631EB9637900B975
S214048C4002EC00CD114502EC00CC01DB087100BB40
S214048C500298D61803B841110731FA211C7606216A
S214048C60911210DA087102DD10721E7020B8069890
S214048C70B20D3038147208B806987E0400C02C4032
S214048C8000B82978207800F8056020D80671029884
S214048C900C1602EC00CA05B823DA187104DBDA7184
S214048CA020DAD67110DAD2721EB8617800B801DA0A
S214048CB0067202EC00C8911110D9267100C1B81EC4
S214048CC000A014111150FF300C720761A11011504E
S214048CD002300A7180DB0A720AB89E701DB97C796C
S214048CE01860911111402111C031114001191EB8AC
S214048CF0411108D90471667820D904726578A110E8
S214048D0002D80672C0DA1E711EB8273123DD087237
S214048D1010DB1072607825DD0A7121DD087208DB2D
S214048D200471627803B8411107310872A115203521
S214048D30AA7102DD2072A11120D9A07102D916727F
S214048D40CCDA9872411140D9927206B8054D5A721F
S214048D500298AE1421114049C0D94C71A031411576
S214048D604035026551410461086308DA1E7204DA6C
S214048D7036721049A1150235067110DB0E720134E5
S214048D800A7108DB22711EB86778CC3211101A30CB
S214048D900ADC0872CCDE0471FD3100C00D0F0C0D28
S214048DA0216001D85C7207B80298D81400BA411141
S214048DB008D90C7102EC00CA05B830DAEC72073434
S214048DC0F031036101DA0471014900C0F300A3E342
S214048DD0216001D8D27100C09814406821604030E8
S214048DE0014440DA0471204C04320262204A111015
S214048DF006301F60014218311D6111420298F614B4
S214048E00204A00C00517085021601130014220880E
S214048E10FFBB0DDA507100C1DE1B250180BC04DAED
S214048E20107208DA0A7200C120841000E024A0241C
S214048E3008634143026401DA06711E49024B00C00E
S214048E40201F00A008633810BC2002DA127101B992
S214048E501159A11380DB087100C100FCFF01181032
S214048E600298621800C4A01E00A0441080D87C712A
S214048E700092D0DA06710DDA0C711EBD437DEFBD8B
S214048E800698140304620DDA8672A11105D95C7182
S214048E9000C24040005424121424281401D9067237
S214048EA002D9327140D91E7102EC00CA2110183260
S214048EB00471FA2220D804720822FE22087502ECF5
S214048EC000C8F87001D90E7102EC00C802D9067207
S214048ED004DC187200C0A01E00A004101D6001D897
S214048EE006711EB8647807B873780298D61800C05E
S214048EF0A01E00A0041080300A7100C0C41E00A08A
S214048F00041000A006984E1701D82E71911010D8A0
S214048F1028728110A0D8227203B084781C7200C113
S214048F202C4001B814100DBA487A697A6B7A081185
S214048F301CB87B7807B8757800A0641000C6881F34
S214048F4000A0C3B806987C0200C4441F00A014BA4C
S214048F50281400B8011AB1108F780A7200C084C4AD
S214048F600350017891101030011905BA06980E14B2
S214048F7002D9067101B804A800C0A01E00A00413FC
S214048F800698641180DB0671029858141DBA7C7A20
S214048F9001DB6A7100C2241F00A024111114FF34DF
S214048FA002EC00C8FF24FA7608610698C20D046134
S214048FB011380F3004611114011141100698C20DC6
S214048FC001D8087203B80298D8140C4A01DB22713F
S214048FD0241011281128041202300471106200C0F3
S214048FE0FFFF0000213800C2204000B8FF2008120E
S214048FF0411008600698C20D01D87C7120BC10335D
S214049000767100BB00C1201F00A01415C021112CCE
S214049010511218620F320E71408851140698FA18CD
S21404902041430094511208651C620F320E714111BF
S21404903051140698FA181C6441430865513B00C154
S214049040DC1E00A01411111231100F30127100BA78
S214049050056101D80471114201600FD8F472311011
S21404906003601E30047201B8003A087204B802980D
S214049070D8140298C41600C0384101B804118F7978
S21404908014717F20692004110861303110DD0671E7
S2140490901DBA637A0698120300F830885088FF34A5
S2140490A0087102ECFF24F87002EC00CD141059503D
S2140490B001440421FF22F2720F4C0095009300A095
S2140490C000C1A81E00A0141100A030880698421BF8
S2140490D08111086102D906720298061A1CBB557BD8
S2140490E0086120D906710298F6190088A110186044
S2140490F00698201908211415FC251EBB5C7B5D7B95
S21404910000C1084001B814110731FE21307608D892
S2140491102A725113FC23341304DB20711863FF33C3
S214049120315B00C110C000B81411086180490C718D
S214049130FF31302954751EBB7B7B10707B7B7C7B98
S21404914000DD04717D7B01BB3815EC25541300DF6C
S2140491505471042505DF547154152111208806988E
S214049160EE0D009251293E7500C1084001B8141155
S21404917002DB0C710731315B31292A760C7004DF6F
S2140491800872016180D91E720698201900C010C0AA
S21404919000B80698861B069820191411FFD9607229
S2140491A002984C1A0090009300A05415A11118615F
S2140491B010D9A672082508D8A071082510D89A7167
S2140491C0208821110698EE0DFC255412112AF82544
S2140491D054110C2520D80871F02554111025202987
S2140491E004762159181500920298B81907B97179AE
S2140491F0811010D80A711CB8447802B841781CB99A
S214049200747904B9677900F88110A0D808711CB97C
S214049210497900A0086002D8FA71069820191088C7
S21404922006983E14106210DA087108211415F02509
S214049230541100C20020FEFF202912750698921BC6
S21404924001D90A72069880080698120700941CBB77
S21404925041100C2006986413411108211410069836
S21404926064133128441111120861FF31FF320122C0
S2140492701052107218611814042444130424381469
S2140492800C70186121411814082408140298381424
S2140492904044147100C1AC1E00A0141551131C6385
S2140492A00FDB0C72196506980205411500A000C371
S2140492B0784000B83413807B067206981207069826
S2140492C03E1408BB51140698B01A4415FC255415D0
S2140492D000C3784000B83413807B047100A0029861
S2140492E03E051CB900C3A01E00A03413086308DBA7
S2140492F01A718113A0DB06714979107069790863C5
S21404930002DB087204B9677900F800A081110861CD
S21404931002D910711CB97579069820191411FF31F9
S21404932000A0FFB900A0041008211411F4210811AC
S21404933000A08111106110310E71069820190821C1
S2140493401411F821141100A0A095040000000000D8
S21404935078930400010000000000000000F04902B9
S214049360A0950400000000009C9304000100000087
S2140493700000000000F04902C09304004063598FC7
S214049380404B4C000B000B001A00FF7F9069002036
S214049390000000004298040000000000B09404009E
S2140493A04063598F404B4C000B000B001A00FF7FA4
S2140493B090690020000000004098040000000000AF
S2140493C0FC1F0103A09704001CC0011000F807004E
S2140493D01CC001301402080050C00100874130044C
S2140493E024400601070062003870000000000000F8
S2140493F0000000030068010F40B8244058400101F3
S214049400FC006900804005012363E0119BC34A7495
S214049410F003000003800000BE0A0000E0400101E3
S21404942033000000F0400401590B00006404830775
S2140494308813C83A90200A0028410101001E000043
S2140494403C410B0100148C00141A21282E343B4294
S214049450495043557698BA0C28690000010000006C
S2140494600721286414171A002004C869A1203A09A1
S2140494703C42010129000000A0800201707803002C
S214049480D5C00000A8800111F0010000A8800131B9
S2140494900542CB01AC800111F0010000AC80013123
S2140494A005228D00B080010100030002FFFFFFFFCC
S2140494B0FC1F0103F09704001CC0011000F807000D
S2140494C01CC00130F502080050C001008741300C72
S2140494D02440060107C052000000000000000000FF
S2140494E000000003000000000000000058400101D6
S2140494F06402FF00804005014B01A0089BC34A7428
S214049500F00300000000000000000000E04001013D
S21404951033000000F04004010000000064048307E8
S2140495208813C83A9C200A00284101010310000051
S2140495303C410B0100000000000000000000000099
S2140495400000000000000000000000000100000011
S2140495500000000000000000000000000000000002
S2140495603C42010100000000A08002017078030064
S214049570D5C00000A8800111F0010000A8800131C8
S2140495800542CB01AC800111F0010000AC80013132
S21404959005228D00B080010100030002FFFFFFFFDB
S2140495A00C400200018014007F40000020400200AE
S2140495B0000000000000000030400700000000002B
S2140495C00000000000000000000000000000000092
S2140495D000000000A007000050400100000000004A
S2140495E05C4002000000000000000000A8400100EB
S2140495F007000000B440040000400000FF4C0000D8
S21404960000410000FF4D000008C0010000000000FB
S21404961020C00110FF00000020C0013000430000FD
S21404962024C00400EC80B3034375A80200000000C5
S2140496302E02000054C003000E2D09E65406070847
S214049640D1B6020064C008000430000040201006B2
S214049650C8F248181FE8F600BD4B721511A318058A
S21404966010325476980A000088C0010000000000FA
S21404967008000101040700001800010100000000B2
S21404968020000101088400001C40020110000000B4
S21404969020F913045C4005014108000001000000A5
S2140496A0B0070800A700000000000000944007016F
S2140496B00101103050707F7F0000000000000000A1
S2140496C0000000000000000000000000E44001016B
S2140496D000000000EC4001017DA8D98B0041020186
S2140496E000612000B75635120C410301F9541200EC
S2140496F02030042988BB40002441010100000000FA
S214049700304103016406660C0C010000E853FA00BD
S2140497106841030164048307881382000000000084
S21404972030420301000000000000000E00000000AC
S2140497304442010100000000108001010300000003
S21404974038800201114910000100000088800101E0
S214049750000000009C800101EB400200B48001017F
S2140497603700000188000202000C00044C000000D0
S2140497709400010200040000D00002020E00000063
S21404978090029608E40001023D094204F400010236
S214049790000000001801010260005102FFFFFFFFF5
S2140497A0120000006666660000000000549804007C
S2140497B04498040000000000001A9A00005A62024E
S2140497C080841E000420FE001149500200000000A0
S2140497D00000000000000000000000000000000080
S2140497E0B1841E000000000000000000000000001D
S2140497F0120000006666660000000000549804002C
S21404980044980400000C0000001A9A00005A6202F1
S21404981080841E000420000011495002000000004D
S214049820000000000000000000000000000000002F
S214049830B1841E00000000000000000000000000CC
S21404984005040000E1190000E11900000000000012
S21404985000000000193F0106041001000001010683
S21404986000102700000900000000000000000000AF
S21404987085CF010035CF010041CF010031D0010072
S2140498803D600300D7650300DB650300DF65030066
S214049890E3650300E76503000001030464EE0100CA
S2140498A01000000024E101001A00000079EB01001A
S2140498B01100000075E401001100000063E51100CA
S2140498C00400000023E111000400000025E101006B
S2140498D00800000026E101000A00000027E101005C
S2140498E00200000000000000000000004D9A040082
S2140498F0479A0400000000004E9A0400075D040026
S21404990000000000015D0400035D04000000000088
S214049910055D0400259A0400539A0400085D0400BB
S214049920025D040000000000065D04004099040087
S214049930FF5C0400005D0400045D0400FE5C04009B
S214049940000203040508090A0B0001020304051DAE
S2140499502000B40108020200AA00FFFFFFFFFFFF79
S214049960FFFFFFFF458303009D2C020019580200E9
S21404997069F50200295B0200AB6C0300AD6C0300C2
S214049980AF6C0300B16C030029BC0200C59402004E
S21404999009D6020015EF020039490200A56C03003F
S2140499A065970200A76C03003D3D0200A96C030006
S2140499B0A5550300314202001B2B030000000000E3
S2140499C0001300000000000000000000010000007A
S2140499D0F19A020002000000A37D030003000000C9
S2140499E0499A0200040000001D7D030005000000E3
S2140499F0E999020000000000000000000023001B9C
S214049A002200FF00000000000C0902020000000013
S214049A101C1A0B0303FF06080402020204020A0BC4
S214049A20030302030480FF0204FF0101010108008E
S214049A30000000000000005A6967426565416C6CCE
S214049A4069616E6365303980008F8E8C80808006F5
S208049A50080C108065
S20C049A5488B2FB7F010000004C
S210049A5C689A040080650020CA0100001F
S214049A680000000000000000FFFF000001000000E6
S214049A7800000000000000000000000000000000D5
S214049A8800000000000000000000000000000000C5
S214049A9800000000000000000000000000000000B5
S214049AA800000000000000000000000000000000A5
S214049AB80000000000000000000000000000000095
S214049AC80000000000000000000000000000000085
S214049AD80000000000000000000000000000000075
S214049AE80000000000000000000000000000000065
S214049AF80000000000000000000000000000000055
S214049B080000000000000000000000000000000044
S214049B180000000000000000000000000000000034
S214049B280000000000000000000000000000000024
S214049B380000000000000000000000000000000014
S214049B480000000000000000000000000000000004
S214049B5800000000000000000000000000000000F4
S214049B680000000000000000000100000000F001F2
S214049B78080000000810002001002301040000006B
S214049B881010002006003001010000001410002008
S214049B98FFFFFFFFC0EA2101C0EA210100800000A0
S214049BA800F04902C866002000600B000080000030
S214049BB8BC360020C8000000FE00000000000000BC
S214049BC83C4E040018100020FFFFFFFFF05104006D
S214049BD833000000EDF50000330000005D2F03009D
S214049BE882CA030086CA030093CA0300A0CA0300F5
S214049BF8ADCA0300BACA0300CDCA0300DFCA03000D
S214049C08ECCA0300F9CA030006CB03001BCB030007
S214049C182ECB030040CB030055CB030064CB0300D4
S214049C2875CB030084CB030094CB0300A0CB0300BE
S214049C38ADCB0300BDCB0300CFCB0300DECB0300C4
S214049C48EDCB0300F6CB03000BCC030020CC0300BB
S214049C5835CC030055CC030063CC030082CC030048
S214049C689DCC0300B0CC0300BDCC0300D2CC0300CB
S214049C78E1CC0300F0CC030002CD030014CD0300AE
S214049C8827CD03003ACD030050CD030000000000A2
S214049C980F00000087CF03009ECF0300FF000000DC
S214049CA800000000000000000000000000000000A3
S214049CB80000000000000000000000000030E70478
S214049CC800C81803FBD7030000D803002DD80300E8
S214049CD858D8030086D80300B4D80300E3D8030092
S214049CE810D9030040D9030070D90300C0D9030073
S214049CF8FFFFFFFF00F80300FFFFFFFF000004005C
S214049D0800000400005C26052C68002006000000FD
S214049D18747404000000000001001900010000002B
S214049D28A44200200100190001000000A4420020FB
S214049D380100190001000000A442002001001900D7
S214049D4801000000A44200200100190001000000E0
S214049D58A44200200100190001000000A4420020CB
S214049D680100190001000000A442002001001900A7
S214049D7801000000A44200200100190001000000B0
S214049D88A44200200100190001000000A44200209B
S214049D980100190001000000A44200200100190077
S214049DA801000000A4420020B04600200000000085
S214049DB800000000705D0400CC4D0020E068002020
S214049DC88C500020D24B040006000000000000005F
S214049DD80000000000000000D4740400EC740400C2
S214049DE8DD4B040007030400FE0000001069002091
S214049DF8000000009C500020045100206C510020F4
S214049E080000000000000000000000000000000041
S214049E180000000000000000000000000000000031
S214049E280000000000000000000000000000000021
S214049E38000000000000000000000000CF5B0300E4
S214049E48C0760400FFFFFFFF135F03000F5F0300E5
S214049E58FFFFFFFF175F0300FFFFFFFFB1FA0100D4
S214049E68FFFFFFFFFFFFFFFFFFFFFFFFFFFFFFFFF1
S214049E78FFFFFFFFFFFFFFFF0000000020A1070011
S214049E8800000000819C03000000000000000000A1
S214049E9800000000000000000000000000000000B1
S214049EA80000000000000000AC560020AD220200AE
S214049EB8213C020007030400000000000000000024
S214049EC80000000000000000AC56002045290200EF
S214049ED80000000007030400000000000000000063
S214049EE80000000000000000AC5600206D3302009D
S214049EF8213C0200070304000000000000000000E4
S214049F080000000000000000CA4C0400AC56002004
S214049F18C54D02000000000007030400000000000E
S214049F28000000000000000000000000AC560020FE
S214049F38C9560200000000000703040000000000E1
S214049F48000000000000000000000000AC560020DE
S214049F582567020000000000070304000000000054
S214049F68000000000000000000000000B80B00001D
S214049F78AC560020056B020000000000070304002E
S214049F8800000000000000000000000000000000C0
S214049F98AC560020E5730200000000000703040026
S214049FA800000000000000000000000000000000A0
S214049FB8AC56002055750200000000000703040094
S214049FC80000000000000000000000000000000080
S214049FD8AC560020DF7203000000000007030400EC
S214049FE80000000000000000000000000000000060
S214049FF8AC5600209D780200000000000703040009
S21404A008000000000000000000000000000000003F
S21404A018AC560020417D020000000000070304003F
S21404A028000000000000000000000000000000001F
S21404A038AC560020A77F03000000000007030400B6
S21404A04800000000000000000000000000000000FF
S21404A058AC560020B9D5020000000000070304002F
S21404A06800000000000000000000000000000000DF
S21404A078EF840300AC56002085EF0200213C020062
S21404A08807030400000000000000000000000000B1
S21404A09800000000AC560020F5F5020000000000A1
S21404A0A80703040000000000000000000000000091
S21404A0B800000000FFFFD007B80B0000FFFFFFFFFB
S21404A0C8CEFAEFBEFFFFFDFFFDFF0C002C01001EBD
S21404A0D82C0140068000FFFF04F8FFFF0C00000078
S21404A0E8000000004000FDFF2C019C000000FFFF5C
S21404A0F8FDFFFFFFFFFF60EA8000800010C1CDABC4
S21404A1080A0101FFFFFFFFFFFFFFFFFFFFFFFFFF3F
S21404A118FFFFFFFFFFFFFFFFFFFFFFFFFFFFFFFF3E
S21404A128FFFFFF01FF05FFFFFF0101FFFF0201FF1D
S21404A138FF640250FF0F0208031E050216010A0CEC
S21404A148052007051001010F080101010104FF039A
S21404A1580101FF0C01FF405AB47F0150403000FF54
S21404A168FFFF0B03FF050B01030105020201FFFFB6
S21404A178FFFFFFFFFFFF010102FFFFFF01000000D2
S20C04A188BD4C0000954C0000DC
S804007F116B
