S01B00006275696C642F72656C656173652F7A69676265652E73333714
S2140060000810002029A0000049E80000612B0300CA
S214006010612B030051E8000059E80000612B0300E3
S214006020612B0300612B0300612B0300612B03002F
S2140060305DE80000AC6C0400612B0300612B0300DC
S214006040612B0300612B0300612B0300F99A00000B
S214006050612B0300612B0300612B0300612B0300FF
S214006060612B0300612B0300612B0300612B0300EF
S214006070C9ED0000612B0300612B0300612B0300B8
S214006080612B0300612B0300612B0300612B0300CF
S214006090612B0300612B0300612B0300612B0300BF
S2140060A0612B0300F5A30000D5A30000612B0300BD
S2140060B0612B030039310200612B03009D3B020077
S2140060C0818303007D8303007933020097830300F6
S2140060D0858303006D3B020089830300DD3B0200DD
S2140060E049420200451F0200493C0200612B0300A2
S2140060F0612B0300612B0300612B0300612B03005F
S214006100612B0300612B0300612B0300612B03004E
S214006110612B0300612B0300612B0300612B03003E
S214006120612B0300612B0300612B0300612B03002E
S214006130612B0300612B0300612B0300612B03001E
S21400614082B030BF074BD3F8F030DB0704D500230E
S2140061500193019B052B01DD02B07047019B0133C3
S214006160F6E700BF00ED00E0F0B5114A114C124E04
S21400617000F00105E3695F0713D40DB9334213D16C
S21400618003EA00078F4207D10B4A1A40002A14BFC1
S2140061906FF001000020F0BD013AEBD16FF0020075
S2140061A0F9E74FF0FF30F6E76FF00100F3E700BFC6
S2140061B08096980000000350020001000B4B70B55B
S2140061C0D96911F480310DD101244FF48072084E44
S2140061D0084DF46020462C641A61FFF7C5FF34644E
S2140061E0EC6070BD6FF00100FBE700BF00000350DD
S2140061F000100350002003504FF4003238B50F4B08
S2140062000F4C9A6641F671330122E569E3630D4B44
S2140062100021DA60022360612120236105F48035C5
S214006220FFF7A2FF10B92120FFF79EFF0122064BC1
S214006230DA600DB10023E36338BD00BF0090005064
S21400624000000350001003500020035070B5134C9C
S2140062506061E3695B071ED40E4656F8043B8D1852
S214006260A361AE420BD10423002121202361FFF756
S2140062707BFF58B9BDE870402120FFF775BF0821A5
S2140062800846FFF771FF10B10423236170BD56F86E
S214006290043BA361E5E74FF0FF30F7E7000003504B
S2140062A02DE9F84315464FF40032184B89469A6696
S2140062B041F6713203F51C33DF69DA6301220646C4
S2140062C003F58053DFF84C8007F48037DA6055B961
S2140062D0284601220E4BDA601FB10022A3F50053B8
S2140062E0DA63BDE8F88306F5005404EA0804A41B44
S2140062F0AC4228BF2C46494622463046FFF7A6FF4A
S2140063000028E6D12644A1442D1BE0E7009000506B
S20C0063100020035000E0FFFF2F
S2140063182DE9F04F4FF0FD0BC9B09A460DF11B0959
S2140063289DF8503108AFCDF80C90CDF808B001971D
S214006338059303890446009383790E469046418860
S2140063488288407812F066FC054650B10090A38813
S214006358002062883A4912F0A1FF284649B0BDE8F5
S214006368F08F99F800002FF015FB38B12846A3885F
S2140063786288344912F092FF8D25EEE75A46394670
S21400638899F800002FF0AEFA8346002851D0529BA9
S2140063981BB1BDF84C3198424BD8002399F80090B1
S2140063A80793A9F14102012A5FFA8BF123D83846F0
S2140063B80139254ADFF898C05FFA81FE734513DB7A
S2140063C8059B04210792C3B907AF18221F489FED03
S2140063D81A7B02FB060420460A460830394684ED36
S2140063E8027B17F0AFFD11E010F8011F0133514092
S2140063F80CFB01F2E2E7059B33B123464A463846D2
S214006408009610F089FBA8E70829DED9B8F1000F36
S21400641801D088F80090BAF1000F01D0AAF800B0B1
S214006428529B002B99D05A46184608A917F08AFDA1
S21400643893E7012591E700BF000000000000000078
S21400644878150400AD150400C59D1C818010002039
S21400645893010001000000002DE9F04F93B0CDE94C
S2140064680A32DDE91C530E9353EC102BCDE90801D4
S214006478104619468DED060B1E9E16F0EDFF80B1F0
S214006488DDE906014FF0FF32C54B17F00DF840B9AD
S214006498DDE906014FF0FF326FF4801316F0E6FFD1
S2140064A870B1DDE908019DED060B0E9B1E96CDE941
S2140064B81C53DDE90A3213B0BDE8F04F00F088B986
S2140064C80022DDE90601002316F0D0FF002800F0C0
S2140064D83381DDE906A303F1004BCBF30A5016F42B
S2140064E88063A0F2FF3008BF06250F9316F0E2FC83
S2140064F89BA3D3E9002316F047FD9BA3D3E900230B
S21400650816F08CFBCBF31304894644F07F51804683
S2140065180022A44B504641F4401116F07DFB94A38C
S214006528D3E9002316F030FD02460B46404649469E
S21400653816F074FB16F0C2FF044616F0BBFC8EA3DA
S214006548D3E900238046894616F01EFD0022964BA6
S21400655816F064FB16F0B2FF89A3D3E900230746BA
S2140065684946404616F010FD80463846894616F0DD
S214006578A1FC85A3D3E9002316F006FD02460B46C8
S2140065884046494616F048FB02460B46CDE90C2322
S21400659816F0FAFCDDE90C238046894610461946B3
S2140065A816F03CFB0022CDE91001804B40464946D8
S2140065B816F014FE00227E4B16F030FB02460B4601
S2140065C84046494616F00AFE00227A4B16F026FB8D
S2140065D802460B464046494616F000FEDDE90C2307
S2140065E88046894600204FF0804116F015FB02468B
S2140065F80B464046494616F011FB02460B46DDE9B7
S214006608100116F0EBFD07F2FF3700226A4B16F072
S21400661805FB00223B0516F0B7FC52465B46804653
S214006628894616F041FF002840F08980CDE90C899C
S21400663804F16303C62B8CBF0527042731051BD539
S21400664853A3D3E900235046594616F023FF0028E3
S2140066587FD051A3D3E900235046594616F006FFCB
S214006668002876D00027A542C6BF2C1B04F1FF35AC
S21400667800253C4646F480660E9B9F422CBF4FF092
S2140066880008A3EB070816F0020903D0002F18BF6E
S2140066984FF000083CB1DDE90C235046594616F089
S2140066A89DFD82468B46DDE906010022002316F092
S2140066B8DDFE10B10BF100439B46DDE9080126F428
S2140066C80063CDE90183DDE90A324BEC10AB009597
S2140066D800F07EF802465FB3DDE9091316F0200FD6
S2140066E800F10105089E0CBF65204520B047DDE98E
S2140066F808010523002205930A23002CCDE902325F
S21400670807F1FF374FEAD473B8BF64422A460193AD
S21400671804970A9B009431F06DF80246B9F1000F11
S21400672806D00B9BC41A0B9B1A190E9BA34245D87E
S214006738104613B0BDE8F08FDDE906ABCDE60022C3
S214006748404649461A4B16F049FD013CCDE90C0176
S2140067586EE7002D90D00F9B002B8DD0013D8BE768
S214006768FB799F501344D33FB3C8608B288AC63F33
S21400677861436F63A787D23F71A379094F930A4095
S2140067881655B5BBB16B0240EF39FAFE422EE63F0E
S2140067982D431CEBE2361A3F0000000080842E4191
S2140067A8FFFFEF7F0000F83F0000E03F00002C40AE
S2140067B800002440000018400000F03F2020DDE9DB
S2140067C80913089DA8470134ADE700BF0000000084
S2140067D82DE9F04F5BEC10AB97B0CDE90501DDE98C
S2140067E82058CDE90723504652465B465946229F15
S2140067F816F032FE70B90323CDE902870193AA4B3F
S2140068080093DDE90501DDE9072330F025FF17B021
S214006818BDE8F08F4FF0FF326FF4801350465946AC
S21400682816F024FE28B10423CDE9028701939F4B76
S214006838E6E74FF0FF32504659469D4B16F034FEB9
S21400684868B19C4A07F00403002B08BF03229A4B42
S2140068581CBF13460422CDE902870192D0E75046B2
S2140068688DA3D3E90023594616F01EFE38B98CA32B
S214006878D3E900235046594616F0F8FD68B1DDE91D
S2140068880723DDE905014BEC10ABCDE92187209500
S21400689817B0BDE8F04FFFF7DFBD002200235046D3
S2140068A8594616F0E3FD002800F091805B465246F4
S2140068B80020002116F0B0F9012382468B46099382
S2140068C817F4806400F08580092D40F28580002446
S2140068D830210EABA5F109020134202C03F8011B68
S2140068E8A5EB040901D09442F6D15946504616F055
S2140068F8E5FD724B054603EBC90393ED007B8DED72
S2140069080A7B16F0D7FA02460B465046594616F04A
S21400691883F9DDE90A2316F037FB02460B46CDE974
S2140069280C2316F0F3FD064616F0B4FA02460B469C
S214006938DDE90C0116F070F902460B46CDE90C238A
S21400694800225F4B16F0B0FD002848D001363046CE
S21400695816F0A0FA02460B46DDE90A0116F090FD8D
S21400696808B100260135B9F1000F45D1284616F0C2
S214006978A1FA02460B465046594616F04DF9002233
S2140069884F4B16F073FD10B9E90700D501350A21FB
S2140069980EAB1A19202C0AD095FBF1F001FB105506
S2140069A8303502F8015B013405460028F2D107F0BD
S2140069B80302012A55D1B8F1000F52D0099A12B92C
S2140069C817F00C0F01D008F1FF38302240E009908C
S2140069D876E74FF0060988E7A946002485E70022EF
S2140069E8DDE90C01364B16F041FD0028BBD10EB18F
S2140069F8F007B8D50136B6E70A210EAB1A19202CCF
S214006A080DD0B6FBF1F001FB1063092E03F130033D
S214006A1809F1FF3904F1010402F8013B11D83021CD
S214006A28A1440EAA202CB2D04C4504F101030AD189
S214006A3804F158020DEB02042E2204F8202C1C4602
S214006A48A5E70646DBE7A1541C46EBE71A550134D2
S214006A58444506D2202CF9D1CDE9028701940EAB25
S214006A68CEE6202CF8D0099B3BB12D2204F1580322
S214006A786B4403F8202C0134EEE77A0704D504F1BA
S214006A8858032B226B44F4E73B07E5D504F158037B
S214006A9820226B44EDE700BF0000000065CDCD4125
S214006AA80000000065CDCDC19B3204009F32040073
S214006AB8FFFFEF7F9232040097320400A07B0400A9
S214006AC80000E03F0000000070B58EB02C220021C8
S214006AD803A817F0A7F864234FF002320893CDE90D
S214006AE805230B2301218DF834305B4B8DF81010ED
S214006AF81D880D4040F0A980084634F0EBFE0A22B7
S214006B08564B574C1A704FF42873ADF812304FF0A6
S214006B18FF332360534B54491B8820460B82534B44
S214006B28534A1B68CD828B61524B0D621B884B8281
S214006B38514B1B68CB611DF04FF920B14FF41B7108
S214006B484E4835F0F4FE0521206831F0BBFC20B134
S214006B5840F27D21494835F0EAFE206816F018F81C
S214006B68474B2068196831F027F80C2535F01AFBD2
S214006B786843099035F016FB68430DEB050107904E
S214006B88206817F0EBFC20B140F295213B4835F021
S214006B98CEFE25681FF04AFD00220146284631F041
S214006BA883F820B140F29721344835F0C0FE40F211
S214006BB80353344D344E2B80052396F90000AB70F2
S214006BC87F2801D11DF0F0FB3378EB7035F0EAFA38
S214006BD800EB80008000A88035F0E4FA0023C000AF
S214006BE84FF0FF31E880AB604FF0FF3018A3D3E9D1
S214006BF8002334F0C1FF2549206831F00EF82068DC
S214006C0802A931F006FD20B14FF434711B4835F067
S214006C188EFE042220680DEB020130F0A2FF042845
S214006C2804D040F2D721154835F081FE01A901208D
S214006C3830F063FB07F048FE01201EF039F82CF010
S214006C4879FD1EF05FF81DF047FB0EB070BD00BF63
S214006C580A0020FF42030000265B0020576200203F
S214006C6840550020409504004C69002048950400D3
S214006C7805B903003E95040044950400646B0400BF
S214006C888C660020345500201F6C002079B903005C
S214006C980348044B834202D0034B03B1184770479E
S214006CA84C6C00204C6C002000000000064B074986
S214006CB8C91A891048BF0131491003D0044B0BB1DB
S214006CC801481847704700BF4C6C00204C6C0020E9
S214006CD80000000010B5064C237843B9FFF7D8FF2C
S214006CE8044B13B10448AFF300800123237010BD92
S214006CF8B81500200000000060D0040008B5044B5A
S214006D081BB104490448AFF30080BDE80840CDE74E
S214006D1800000000BC15002060D00400A3F5803AEF
S214006D28704700BF154B002B08BF114B9D46FFF759
S214006D38F5FF00218B460F461148124A121A16F024
S214006D4871FF0C4B002B00D098470B4B002B00D044
S214006D5898470020002104000D000B4817F0A8FAF9
S214006D6816F038FF200029002BF066FB17F08EFA85
S214006D7800000800000000000000000008100020C6
S214006D8808100020AC62002021E3010007B50121AD
S214006D9820200DF1070201F03BF858B1022301212B
S214006DA820200DF107028DF8073001F041F803B0F6
S214006DB85DF804FB9DF807100229F8D0022209485E
S214006DC815F012FE022301210DF1070220208DF88E
S214006DD8073001F02DF82BF089FA4FF4FA6000F02E
S214006DE85FFEE4E770CD030038B502F005F901F060
S214006DF8ADF9012805D001F0A9F9022801D001F063
S214006E08CBF9064D2B783BB901F0A0F901280446CA
S214006E1802D12BF0F4FA2C7038BD00BF045C0020B9
S214006E2810B5044600882BF035FAA37884F8440099
S214006E38834202BF0123E3702371074B04F11C0051
S214006E48C4E9073401F03AF8224620880349BDE829
S214006E58104000F077BF00BF33200300FD1F03007B
S214006E6870B5C37804460D461646002B34D1D1B10A
S214006E78214815F0B9FD0123E370E36CA6600BB159
S214006E88E06D9847E368F61A63699E4221D2217E30
S214006E981A480131C9B2217615F0A6FDA36D13B1C3
S214006EA8217EE06D9847E5702BF033FA15B3237909
S214006EB803BBA268238A801A83421BD80123104882
S214006EC8237115F091FD236DA3B1E06DBDE8704008
S214006ED8184701232376E6E70029E4D1094815F088
S214006EE883FD636DE660E5702571002BDBD0E06DF1
S214006EF89847D8E770BD00BF98CD0300A9CD03001A
S214006F08D7CD0300C4CD030070B51E46838804465B
S214006F180D46C18002810BB1868070BD81780088DD
S214006F282BF0A4F80123E370064BA680C4E90334CB
S214006F380C34204600F0C2FF29462046BDE87040C3
S214006F482BF0DEB97F20030010B501790446B1FAAC
S214006F5881F1008849092BF000F921796088B1FA97
S214006F6881F149092BF0F9F8034B1A68A24204BFCD
S214006F7800221A6010BD00BFD415002070B54379F2
S214006F880446A3B100880E4E04F10805336813B111
S214006F980C4B1B786BB121792BF0DFF864210A4B78
S214006FA83460A3602846BDE870402BF0A9B9408835
S214006FB8E9E7064815F018FD054B3221A360F1E70E
S214006FC8D4150020055C0020516F0000EDCD0300AD
S214006FD8856F000010B50446E0B10F4815F004FDB3
S214006FE801236371A37953B9217920882BF0B5F86A
S214006FF8236B7BB1606B0121BDE810401847204623
S214007008FFF7A2FF04F108002BF07FF92046FFF7F0
S214007018B5FFEDE710BD00BF23CE030010B504464C
S214007028F8B1104815F0E0FC00236371A3796BB93A
S21400703821792088B1FA81F149092BF08EF8236B63
S2140070487BB1606B0021BDE8104018472046FFF76B
S2140070587BFF04F108002BF058F92046FFF78EFF57
S214007068EDE710BD2ECE030010B5044668B10748FC
S21400707815F0BAFC637920461BB1BDE81040FFF74F
S214007088CDBFBDE81040FFF7A5BF10BD3ACE030040
S21400709810B50E4C0E48214615F0A6FC82210D4868
S2140070A815F0A2FC82210220A21E00F0C1FE0146B5
S2140070B830B134F8022C0848BDE8104015F094BCEE
S2140070C80648BDE8104015F08FBC00BF8656002065
S2140070D849CE030064CE03006FCE0300B3CE030090
S2140070E838B5114C82212246022000F091FEA51CDC
S2140070F8014688B122880D4815F076FC2A460C4BC6
S21400710803F12C0153F8040B8B4242F8040BF9D117
S2140071181B7813702C23238035F8021C054A064872
S214007128BDE8384015F060BC84560020BECE03008B
S2140071383ECF0300865600201CCF0300034B1B7867
S2140071481BB18B4201D82BF0D1B87047C86B002012
S21400715810B5044601460E4815F046FC012C11D120
S2140071680C4B0D481A884FF6FF739A421EBF002232
S214007178094B5A742AF0D7FF02F094F8BDE810407D
S21400718801F066BF0448BDE810402AF0CEBF00BF35
S2140071986BCF03007C6B00201866002070B50024B7
S2140071A81A4D1B4E3378A3421BDC0024194D1A4E89
S2140071B83378A3421BDC0024184D194E3378A342BB
S2140071C81BDC00F0C3FF012816481CD12AF0ABFFD1
S2140071D802F068F801F03CFFBDE87040124800F085
S2140071E8D5BF2846FFF71CFE01346035DAE7284687
S2140071F82AF07FFF01343435DAE728462AF0B2FF52
S21400720801343835DAE72AF090FFE5E73C2300201A
S2140072180B5C00205C2700200C5C00200C21002062
S2140072280A5C002018660020597100002DE9F04F0E
S21400723887B0FFF755FFB94B05A805932AF0B6FFA8
S214007248054616F0EBFBB64CC2B21F2A627004D98C
S214007258B44815F0C9FB00F017FC2946A01C16F028
S21400726871FE05A82AF0A2FF054616F0D7FBC2B2A3
S2140072781F2A84F8212001D9AB48EAE7294604F1F9
S214007288220016F05FFE05A82AF090FF3226044674
S21400729800272578002D40F09F80A44CFFF77EFF3E
S2140072A82378DFF8C8A2DFF8C882A14F00939AF8BF
S2140072B8003098F8002039789E4815F095FB3A7803
S2140072C898F800109AF8000053180344DFF894B2B0
S2140072D820782C4603445846DBB2AA4200F3E582DF
S2140072E8012B38BF0123944E0293324600233546BD
S2140072F84FF482714FF6FF74029801339842137068
S2140073085180948002F10C02F6DC8C4B8A49844842
S214007318AB6000F0F1FFE879AB68DFF8449200EB69
S214007328400003EB800000F0BDFDEB79B9F80020C3
S2140073380133A242EB7103D07F49814801F0DEF8A1
S2140073484FF6FF73B9F800207B49D21A18BF0122FE
S2140073587C4801F0BDFD4FF00009784C3A784A4564
S21400736800F3CC8200264FF00C09774ADFF8C8B144
S21400737898F800003978B04200F3D48246180C21F9
S214007388002501FB06B19AF800009423A8426F4A2C
S21400739800F3E6820C253E7898F8003000274FF474
S2140073A882781E44064405FB06B5DFF8C8A15F4B85
S2140073B81B78BB4200F3E78202995F4800F000FEA4
S2140073C8059B56491A468B4240F0F082604807B043
S2140073D8BDE8F04F15F008BB532D0FD163784C2B42
S2140073E840F04881A378502B40F044810122594B45
S2140073F81A7005A82AF0DAFE04464AE7442D13D187
S2140074086378303B092BF4D8601C2AF0DCFE524B1C
S214007418524A1978002386B2994202F16002E8DDE2
S21400742822F8466C0133F7E7422D0BD16378542BCC
S21400743854D1A01C00F0D4FC494B188018462AF0FA
S214007448B6FDD6E7582D33D8412DD2D9433D152D54
S214007458CFD801A353F825F01F780000FB7300006F
S214007468FB730000FB730000FB730000FB73000057
S214007478CF750000FB730000FB73000081750000E9
S214007488CB740000FB730000FB730000FB73000066
S214007498FB730000017700007D760000FB73000098
S2140074A8FB730000FB730000FB7300007777000097
S2140074B8692D9ED1601C2AF086FE80B22AF012FF43
S2140074C897E71B4B012019780023264A994202F1B8
S2140074D8A8028EDD02F8A60C0133F7E7601C00F060
S2140074E87FFC0546E01C2AF0E6FE012102462846F7
S2140074F82AF09DFE60211848184C037859436218F4
S21400750865524FF4FA6111824FF448715161164979
S21400751856831165013303706BE700BF865600205B
S2140075282C6500208ACF0300A1CF0300065C00204C
S214007538095C0020B1CF0300A01600201817002011
S21400754850160020D8150020601D0020A41B00201F
S21400755801D00300055C00200B5C00203C230020C3
S2140075687C6B0020601E00209F210300075C002023
S214007578085C002098180020601C00F031FC0022EF
S2140075884FF034088146CD4F11462AF050FE387821
S214007598CB4D08FB00F325F80390EA18E37810466D
S2140075A8693B18BF012393702AF0A3FD0021C54A42
S2140075B83B785160012103FB08550B443B7015606E
S2140075C80F46117415E7601C00F00AFC00221146ED
S2140075D881462AF02CFE3422B84DDFF8E48228785B
S2140075E802FB00F328F8039008EB0301E37808464B
S2140075F8693B18BF01238B702AF07BFDB24A002333
S2140076081046916B31BB00EB831034232A7802FBBB
S21400761803838363AD4A00231046D2F8A410F9B951
S214007628A82202FB030034232A7802FB0383C0F84F
S214007638A4305FB9A34A3B46114652F8040BA8B9D2
S2140076483422287800FB028241F823202B78013365
S2140076582B70CEE60133042B02F14002D1D1D9E7D4
S2140076680133042B02F1A802D7D1E2E70133042B39
S214007678E3D1EBE7601C00F0B3FB8046E01C2AF081
S2140076881AFE0121024640462AF0D1FD60219048A4
S214007698904D0278DFF858C251436B1825F80180E0
S2140076A84FF44871198259618B495E839965E17870
S2140076B8A824642904BF012199709CF80030DFF8DB
S2140076C80CE25C430EEB04010EF804304FF4007431
S2140076D84C8003240C718C7102EB420405EB4415B4
S2140076E832240133DBB201324B718D6081F8A04041
S2140076F802708CF800307CE6601C00F071FB0022FB
S2140077084FF0380A8146DFF8E08111462AF08FFDEF
S21400771898F80030714D0AFB03F325F803904FF0F4
S2140077280109EA1882F80490E37873B1E01C00F0C7
S21400773857FB0022044611462AF079FD98F80030D7
S2140077480AFB03535C8083F8069065485E4A037814
S2140077589901535498F8001002EB8314C1EBC10248
S21400776805EBC2054A1C656388F80020D2E6601C53
S21400777800F036FB8046E01C00F032FB0546601D34
S2140077882AF099FD04460246012140462AF04FFD9C
S2140077982246284601212AF04AFD60204FF4487CFC
S2140077A8DFF82CE14B4A9EF8003000FB03F422F881
S2140077B80480DFF824811119A1F810C0C1F814C09C
S2140077C84E83C1F85880591CC9B248431418A4F807
S2140077D810C0C4F814C06683C4F8588094241552A0
S2140077E8404D981C8EF800002878DFF808C14443FE
S2140077F803EB430301EB41010CEB040E02EB4313CE
S21400780802EB41120CF80400CEF80430CEF808203B
S21400781801302870EDE5601C00F0E2FA8046E01CB6
S21400782800F0DEFA00220546114640462AF0FFFC24
S21400783800223824114628462AF0F9FC2A48274A06
S21400784803784FF0000E04FB03FC22F80C804FF080
S214007858010802EB0C0181F806E081F8048003EBCE
S2140078680801C9B24C4302EB040C15539C1C047067
S2140078784FF482741D4D8CF806E028788CF8048046
S2140078884443DFF874C0C3EBC303C1EBC1010CEB80
S214007898040E02EBC30302EBC1020CF80400CEF898
S2140078A80430CEF808204044B3E7467901358E42C6
S2140078B884BF04714471A8300FE500BF0C5C00203B
S2140078C85C27002018660020601D0020601E00202F
S2140078D80B5C00203C230020457100000C21002092
S2140078E8085C0020075C00200A5C0020065C00207C
S2140078F8095C0020A41B002098180020B9F1000F8E
S21400790806D016F8052C02EB420204EB8204B4609B
S2140079183146584601F09AFE09F101090BF1A80B09
S2140079280C361BE571180AD0481E09FB00B0C07952
S21400793800EB400004EB800409FB01B084601046AD
S21400794809FB0151039201F03FFC39781C48314489
S21400795809FB015101F0A6F9039A0136403207E502
S214007968F54218BF11F8050C03911EBF00EB400046
S21400797804EB80048C6003FB052001F0A3F8039950
S21400798801350C31FFE4F74218BF15F8053C2946C7
S2140079981CBF03EB430304EB830408FB07A018BFD4
S2140079A8AC6000F041FF01370C3500E513F8011D07
S2140079B800297FF406AD3B2102F8011C01E500BF53
S2140079C80021002007B5012121200DF1070200F053
S2140079D81FFA18B99DF80720024B1A7003B05DF815
S2140079E804FB00BFC86B002007B5064B8DF80700E0
S2140079F8187001210DF10702212000F019FA03B0D2
S214007A085DF804FBC86B002007B5022101200DF1C4
S214007A18060200F0FDF938B9044814F0E5FFBDF891
S214007A28060003B05DF804FB0020FAE71ED003004A
S214007A3807B50221ADF806000DF10602012000F098
S214007A48F7F9014610B1034814F0CEFF03B05DF80D
S214007A5804FB00BF3FD0030010B5FFF7D5FF044670
S214007A680146074814F0C0FF0121064814F0BCFF81
S214007A7824B9BDE810400120FFF7DABF10BD00BFEB
S214007A886FD0030081D0030008B5044814F0ACFF9B
S214007A9800F0DEF92AF02AFC2AF025FC97D003002D
S214007AA838B50446084D094B28462B6000F006FA00
S214007AB8002C18BF21462846BDE8384008BF4FF4BA
S214007AC896712AF01DBC00BF60280020ED21030037
S214007AD82DE9F043394D93B008AC074689469046E1
S214007AE80FCD0FC40FCD00260FC495E8030003235F
S214007AF8012584E80300324C3248CDE90366CDE917
S214007B0805668DF80E300796029534F0AAFE2E48C4
S214007B1834F0A7FE32462D4920468DF8176005F04A
S214007B2835F9334632462A498DF819000090204622
S214007B388DF82390CDF82C808DF8216005F040F95B
S214007B480A9020468DF8097005F0A0F8204608AA85
S214007B5805A905F05BF902AA204603A92BF068FDE3
S214007B684FF400721B4B5A62194BE560626A920525
S214007B7810D46BB94FF40072164B11485A6205F0D0
S214007B8885F8114834F070FE002013B0BDE8F08385
S214007B98013BEBE7002BEDD0094908A82BF07BFD4D
S214007BA84FF400720B4B06485A6205F06FF8064809
S214007BB834F05AFEBDF82000E7E700BF5C6C04000E
S214007BC80040005AAC6E0400A86E040080841E00B4
S214007BD840420F000060005A0122034B1870034B06
S214007BE81980034B1A7070470E5C0020846B0020C7
S214007BF80D5C0020F8B5454B1B780BB90020F8BD86
S214007C08434B1B78012B03D1BDE8F8402AF0EDBAA8
S214007C18404B1C884FF6FF739C42EFD03E4834F02A
S214007C2820FE0023260AE4B21A462146304604F00F
S214007C38EDFF012E354604F0010335D015D9B51EE3
S214007C48012DDBD8002B0BBF4FF480754FF08075E5
S214007C584FF470614FF070610BBF01274FF4803707
S214007C680F204FF470202D4B11E0002B0BBF4FF464
S214007C7880754FF080754FF470614FF070610BBFE0
S214007C8801274FF480370F204FF47020244B1A68D2
S214007C9802401CD0BA421AD01A680A4032D11A6872
S214007CA822EA01022A4316E0002B0BBF4FF4807528
S214007CB84FF080754FF470614FF070610BBF01276D
S214007CC84FF480370F204FF47020164BDFE71A6802
S214007CD822EA00023A431A602AF087FA0546002884
S214007CE88CD0083644EA06102A460321C0B2FFF7AD
S214007CF8EFFE40F6FF73684300F2FF70B0FBF3F048
S214007D0880B27CE795427FF479AFC8E70D5C002027
S214007D180E5C0020846B0020AC6E040028C3035061
S214007D2820C3035024C3035010B5044C237823B94A
S214007D38034834F096FD0123237010BD105C002024
S214007D48AC6E04002DE9F0431F4C85B00746884604
S214007D589146FFF7E9FF23781BB902F0FDF90123E6
S214007D6823707BBAADF80C3030220023174E02FB86
S214007D7803F4315DA51901BB012333554FF0FF33DA
S214007D8804F1100012493044AB606F80C5F80480D7
S214007D98C5F80C9009F0D8FC04F108010422314417
S214007DA80C4B009503A802F0ADFAA96802460A48EB
S214007DB814F01AFE05B0BDE8F0830133102BD6D1B7
S214007DC8064814F011FEF5E70F5C0020882800200E
S214007DD81722030029220300A4D00300D2D00300F0
S214007DE880B10278A2F14103032B0BD840783038D3
S214007DF8C0B2082806D8054B134413F8413C40EA9D
S214007E08032070474FF6FF70704700BF846C04006D
S214007E1808B50B4642B101460448006803F0BAFBB1
S214007E28BDE808402AF058BA022008BD846600203B
S214007E3808B50B4642B101460448006803F032FD17
S214007E48BDE808402AF048BA022008BD846600202B
S214007E58F0B50026124F8DB0FF2300930A22334652
S214007E68386802A92BF089F9C0B102AB1D4603EBAE
S214007E78800404E055F8043BB34228BF5E1CAC42BD
S214007E883868E9D9296803F093FE0028F2D02D282F
S214007E98F0D00DB0BDE8F0402AF01EBA0DB0F0BD27
S214007EA88466002028B1034B0360034B436000231D
S214007EB883607047190000032C660020FF2307B56F
S214007EC80021044A0093083009F0C2FB03B05DF8AD
S214007ED804FB00BF032303000B4604490246086858
S214007EE80349097808B12AF02FBA7047942B002066
S214007EF8125C0020F7B50C4618B12921194834F051
S214007F0816FD246823685E795F8830463946FFF791
S214007F18E3FFF0B18568E5B1A089227D3946904235
S214007F2891BF0020801AA36880B294BF03469B18AE
S214007F38E27C00903046A8470138032803D8DFE8DB
S214007F4800F0080F0B0D002420462EF08BFA204672
S214007F5800E0812003B0F0BD8024F5E79324F3E722
S214007F688724F1E7FAD00300F8B515460D4A04460B
S214007F7810680D4A0B46117850B122462AF0E4F9EB
S214007F88034628B100210C27C678B14201DB002041
S214007F98F8BD07FB01F45A681019125BAA42F7D01D
S214007FA80131F2E7942B0020125C002008B5034B41
S214007FB81B6803B19847002008BD00BF902B00201F
S214007FC82DE9F74F04460D460026454B454F1860E9
S214007FD8454B197033010021F85C013610F008FC97
S214007FE80C2EF7D10C2D28BF0C254FF00009019553
S214007FF83C4EDFF800A13D4DDFF8FC80019B4B4569
S21400800802DC03B0BDE8F08F23784FF0000B337026
S21400801863887380A388B380A379C6F80880B37191
S214008028E379C8F8005088F804304FF00003A768D2
S214008038A8F80630E3795B450ADC012116F8100B30
S21400804810F0D6FB08F1080809F101090C34D5E749
S2140080584FF0000338886B812880FB784FF0000CBF
S2140080682B81BA78C5F804A0002A00920CBF80229B
S21400807840222A7379680AF10C02634513DC03EB85
S21400808843030AEB830ABB6843B1009A4FF6FF71B5
S214008098B2FA82F2164B52092EF074F914350BF127
S2140080A8010B0C37C6E7B1F800E00CF1010C22F81A
S2140080B80CEC91F802E00C3202F816EC91F804E0A9
S2140080C80C3102F815EC11F809ECBEF1010F14BFDB
S2140080D84FF0100E4FF0110E02F814ECCDE700BF6B
S2140080E8942B0020EC420020125C002098310020DF
S2140080F8FD7E0000982B002018340020014B1860E5
S214008108704700BF8C2B0020014B1860704700BFDB
S214008118902B002070B5128805460E46FFF724FF00
S214008128044670B102790499806815F0CDFD064BB7
S2140081381B680BB9002070BD314628462288984730
S214008148F8E78620F7E700BF8C2B002008B50FF06D
S214008158EBFB022806D0012806D0044B187840000E
S214008168C0B208BD0120FCE70220FAE7115C002037
S214008178054B10B51C682CB1FFF7E8FF2346BDE891
S2140081881040184710BD00BF882B0020014B186010
S214008198704700BF882B0020034B1A781AB90122B3
S2140081A81A700BF021BC7047115C00200022024BAD
S2140081B81A70FFF7DDBF00BF115C002037B5044614
S2140081C8002832D00FF0B0FB022830D160892EF09C
S2140081D8ABFCE079237A003818BF0120012B637ABC
S2140081E808BF40F008000BB140F0100063890BB1DF
S2140081F840F00400257CA188A2790DB1E36873B924
S2140082080C4B10F0D1FE2178084610F049FF2DF0EF
S214008218B4FF002814BF0320002003B030BDCDE90A
S2140082280035054B10F0C0FEEDE70220F5E701200B
S214008238F3E700BFC52104008EF1030008B50DF072
S21400824831FD014630B1044814F0CEFBBDE80840C5
S2140082580EF0CCB808BD00BF6CD10300034B044A2F
S2140082685B7C012103201370FFF7E2BD186600202F
S214008278135C002010B50446FFF7F0FFB4F57F4FF7
S2140082880BD100240F4B1A8813449C70FEF700FF8E
S2140082982046BDE81040FFF703BC4FF601739C422A
S2140082A804D1BDE81040084829F025BF4FF60273F0
S2140082B89C4205D1BDE81040044B1878FFF794BBE4
S2140082C810BD00BF8456002018660020C86B00202A
S2140082D810B5074C012122460320FFF799FD28B95F
S2140082E82378044A003B18BF0123537410BD00BF0F
S2140082F8135C002018660020F8B5564B564C1A88B2
S2140083084FF6FF739A4218BF03234FF0080218BFB0
S2140083182370524B36251A70322230265A70DA707D
S214008328DA714FF400121D711D724D4D9E70C564B2
S2140083384C4D5E7105654C4D352685654B4D426442
S214008348C5654B4D012245664A4D9E7185664A4D68
S21400835886180567494DC6674567202580F8785012
S21400836880F8845000F12105C0F88850444E454DE9
S21400837880F84820C0F88C5080F8542080F8602098
S21400838880F86C20C0F8806080F89020C0F8944090
S214008398C0F8B8303C4B3D4CC0F8BC300223C0F89F
S2140083A898403B4C80F8C030C0F8A4400F24394BA6
S2140083B880F8A840C0F8C430374B384CC0F8C830EE
S2140083C88223C0F8AC40364C80F8CC30C0F8B040B9
S2140083D80924344B344DC0F8D030344B80F8B440C0
S2140083E8C0F8D4302C7C324B80F89C20C0F8A00013
S2140083F880F8D820C0F8DC3044B12E4B80F8E42052
S214008408C0F8E03005F11103C0F8E8304FF0000C72
S214008418CA798E6802EB42039F00443006EB83035A
S21400842826F807C0586001200D349870DC701318C1
S214008438CB71FFF7C7FAFFF74BFFFFF787FE012858
S21400844806D12B7C23B1BDE8F840174829F053BE67
S214008458F8BD00BF7C6B0020C96B0020145C0020B0
S2140084689D6C0400010020009C6C040002002000A3
S2140084789B6C0400030020009A6C04000400420071
S2140084880500420007003000FDFF21001200100121
S21400849800404200986C040000FF4401886C040009
S2140084A806004200845600201866002002FF2001BD
S2140084B8C86B002001FF100113B504460D4829F0CB
S2140084C881FD6422C0F30F43637083B2B3FBF2F3FB
S2140084D8A07823702022012129F058FFA0782122B5
S2140084E8012129F053FF0449201D02B0BDE81040C1
S2140084F829F006BF7C6B0020E09304000B7870B56B
S21400850883704CF61E0303804FF02013C3620123CA
S21400851880F8303080F83C30C3180364124B0446A9
S21400852843640223114A80F84830114B8263C364BF
S2140085384063CA798D6802EB420305EB830004F1B9
S2140085482C0646600B4E45F8236000238360531CB8
S214008558CB71094B201DC4E90134FFF7AFFC204658
S214008568BDE87040FFF7A8BFFDFF210021002000EE
S2140085789E6C040001000103C1840000F8B54FF6A4
S214008588FF73994204460E4609D0B0F87E308B42F7
S21400859805D04FF6FE729142037B01D10BB9F8BDA8
S2140085A8EBB1204629F0CFFF204629F08FFF4FF683
S2140085B8FE739E4213D1A068FEF730FD6068FEF792
S2140085C82DFD29F0A6FE00232373A0674FF47F42F3
S2140085D860784FF48171BDE8F84029F0D7BEB4F84A
S2140085E87E50237BB5422CBF02250125AB4218D00E
S2140085F8D4E90107637B13B13B4607461846012DAD
S21400860841D1FEF7E7FC3846FEF708FD29F081FE63
S2140086184FF47F42A0674FF481716078257329F084
S214008628B5FEE389A4F8806004F1B4060BB9238A82
S2140086387BB3B4F87E30A4F8883029F06AFE012DA2
S214008648B4F87E30B4F88020C4F8840038D1D31A41
S214008658022DE18903D1208A002818BF0146594314
S2140086686423594342F21073B1FBF3F10AB19A42FC
S21400867801D101F6B831304629F042FE2046BDE861
S214008688F84029F06BBFFEF7C9FC3846FEF7A2FC97
S214008698BCE742F21072012D08BF1346A4F87E30DC
S2140086A814BF0023642360784FF48171A3750822F1
S2140086B829F06CFE3046BDE8F840024929F020BE95
S2140086C89B1AC5E7E0930400094A437B0C21137004
S2140086D8C3895380038A9380438AD380838A13810D
S2140086E8B0F87E30538100781130C0B2FFF7A0BBD7
S2140086F80657002038B5044600780D4D11302A4636
S2140087080C21C0B2FFF784FB80B92B782046637330
S2140087186B88E381AB882382EB8863822B89A382EC
S2140087286B89A4F87E3029F09BFEA07538BD00BF83
S21400873806570020024B53F8200029F0BABF00BFA6
S2140087487834002010B50446052923D8DFE801F060
S21400875803080C222210204629F0A0FF002010BD96
S214008768204629F09FFFF9E7204629F09EFFF5E707
S214008778E18911B9218A0029F0D082B17BB111783C
S21400878864290ED8204629F088FE0146204629F09E
S21400879876FFE3E7044814F027F90120DFE7032013
S2140087A8DDE70220DBE700BF99D1030010B4054CD3
S2140087B8114654F820001A46BDF804305DF8044BFC
S2140087C8FFF7C0BF7834002000234FF0967210B52C
S2140087D8C0E903233222044682750F4A8382C267A1
S2140087E8C0F88430A0F888308367A0F880308C30D2
S2140087F8FFF764FB094B04F1B400C4E92334FFF720
S2140088085DFB074B04F1DC00C4E92D34FFF756FB8B
S214008818044BC4E9373410BDFFFF881395260300C0
S214008828A12503008925030038B504460B78294A94
S21400883843700D4642F82300FFF7C6FF2046FFF7B1
S21400884859FF4FF44013A3610123237784F8283097
S21400885884F8343084F8403004F10D0363641E4B0A
S2140088681E4AA364022322621D4A84F84C306262C0
S21400887804F11602E2621B4A84F85830226304F1B7
S2140088880C02A263184A84F86430E26304F10E020C
S2140088982265164A84F87030626504F11002E265B3
S2140088A8134A04F11403226604F11202A266114A5E
S2140088B86367E266EA79A86802EB420300EB830185
S2140088C818344C600C4C40F823400C4B8B60531CFF
S2140088D8EB7138BD7834002002FF21011D5C0020B2
S2140088E80800200000FF300001FF100103FF2101EF
S2140088F804FF210105FF210102010108B5870000D8
S21400890810B44FF48274427B0C48013A012904FBE8
S214008918020006D0022908D059B95DF8044B29F0A0
S214008928BDBE5DF8044B29F0BDBE5DF8044B29F0CA
S214008938BCBE03485DF8044B14F056B898180020DF
S214008948B5D10300B0F85C302DE9F0418B420446FF
S2140089580E4639D0437B077C93B31C4A12789A425A
S2140089682ED34FF482751A4A013B05FB032390F871
S2140089780F801B7B424629F0B5FEB845054601D157
S214008988FF281FD13A463146204694F8903029F001
S214008998A9FE2F460546552212216078A4F85C6089
S2140089A829F0F4FCFF2F03D039462046FFF7A8FF2E
S2140089B8FF2D09D029462046BDE8F04129F0D2BE51
S2140089C8FF25DFE70746E6E7BDE8F081065C0020FE
S2140089D89818002041688268C978D27849B112B1DF
S2140089E80321FFF7AFBF837B002B0CBF01210221B9
S2140089F8F7E72AB1837B002B0CBF02210121F0E7A1
S214008A08014813F0F1BF00BFC6D10300037BD3B102
S214008A184368DA7812B18268D278A2B91B7933B182
S214008A28837B002B0CBF04210521FFF78BBF8368CF
S214008A381B792BB1837B002B0CBF05210421F4E79F
S214008A48014813F0D1BF7047F8D10300084A437BAA
S214008A5805211370837B5370C37B9370037CD3709C
S214008A68037B137100780E30C0B2FFF7E1B900BF80
S214008A781E5C002038B5044600780C4D0E302A4699
S214008A880521C0B2FFF7C4F920B1BDE83840084850
S214008A9813F0AABF2B7863736B78A373AB78E37372
S214008AA8EB7823742B79237338BD00BF1E5C002037
S214008AB834D20300024B53F8200029F09DBE00BFB5
S214008AC8A0340020F8B504460B78424A43700D4699
S214008AD842F82300404E29F0ADFEFFF7CBFF626850
S214008AE8A3683E483E49D6641165D4655065C3E917
S214008AF81410DE64DC654FF0987302266361012368
S214008B0804F10C01E16137491032216204F10D01CC
S214008B18A16235492376E16204F10E0161633349A7
S214008B2884F82430A16304F10F012164304984F8E5
S214008B383030616404F11001E1642E4984F83C3059
S214008B4884F84830216584F85460A265E879A968F5
S214008B5800EB400201EB820704F1140CC7F804C0CE
S214008B684FF4817C244F41F82270C218D2B202EB2F
S214008B78420241F822C001EB820700227A601F4AAF
S214008B8884F8703022661E4A84F88830A2661D4A29
S214008B981D4BE2661D4AC4F88C3062671C4A83196E
S214008BA8A26704F15C02C4F88020DBB2194A03EB22
S214008BB84303C4F8842084F8646084F87C6001EB7E
S214008BC8830260345460144A033041F82320E87165
S214008BD8F8BD00BFA0340020DD890000C3270300CD
S214008BE8158A000001002001020010010300300170
S214008BF8040030010500210101FC01064A0021009D
S214008C08A06C040051001000A26C0400A36C0400C1
S214008C18550021006F0018001200010470B50D46BB
S214008C280646144613460A4601461A4813F0DCFE62
S214008C3825B92046BDE87040FFF71CBB072D05D1B7
S214008C4821463046BDE8704000F0C4BC4FF60143EC
S214008C589D4205D121463046BDE87040FFF72ABF41
S214008C68062D05D121463046BDE8704000F066BAAC
S214008C78B5F5817F05D121463046BDE87040FFF73F
S214008C8859BD202D04D12046BDE8704000F0ECB850
S214008C9870BD00BF63D203000148FFF72FBA00BFBC
S214008CA8258C00004FF4C01330B503600123037110
S214008CB8074B8C688360CA7902EB420304EB830592
S214008CC86860044844F82300531CCB7130BD00BFCD
S214008CD8A46C0400040001010368064A0C21136012
S214008CE84368536003891381438922205381FFF721
S214008CF89FB800BFC834002010B50368044686B085
S214008D08FBB1114813F070FEA37B104A8DF80430AF
S214008D184FF48273ADF806300123CDE90223002311
S214008D2801A804938DF81430FFF748FA20466189A5
S214008D3829F090FD2046FA2150F8143B594329F0B3
S214008D48DFFA06B010BD00BF96D20300200000016F
S214008D5810B5064C236843B1054813F045FE206855
S214008D68BDE81040418929F075BD10BDD4340020F7
S214008D78B7D2030070B5364910460C68BDF8102007
S214008D88002C5ED003285CD8DFE800F0021E2745DA
S214008D98002B5AD0022A58D91D78B3F80160291E2C
S214008DA818BF012132462B4813F01EFE2DB131465E
S214008DB8204629F04FFD002070BDE573FA20636851
S214008DC8584329F024FBF6E7234813F00DFEE37B0F
S214008DD8002B38D00023E373F0E7002B35D0032AA6
S214008DE833D91D681D48294613F0FEFD1C4B2A1F63
S214008DF89A4201D90220DFE723680BB19D42F9D8D1
S214008E0823899D42F6D3E37B6560B3B9FA206843AD
S214008E1829F0FDFA11E0002BCED0012ACCD91D8806
S214008E281048294613F0E0FD002DE3D063689D4204
S214008E38E0D8E37B2581002BE8D12046FFF74CFFDE
S214008E48B9E70120B8E70420B6E70320B4E700BF77
S214008E58D4340020DAD2030011D3030030D3030041
S214008E68FCFF6D005BD3030038B5154B1C6834B3A4
S214008E78F0B92168134813F0B7FD23683BB1626860
S214008E88934204D2104813F0AFFD6368236004F1E0
S214008E981405284629F039FA236823B1FA2128460A
S214008EA8594329F02DFA2046BDE83840FFF714BF8D
S214008EB8032804D16189054813F096FDF3E738BD09
S214008EC8D434002086D30300B4D30300E9D30300C8
S214008ED870B53E4B0D46044609781860002A6FD1D7
S214008EE801231A46A1730021E1730121A1814FF4E1
S214008EF86151C4E900132823354E22810C213246DD
S214008F0822206381FEF784FF60B9D6E900230AB100
S214008F189A4207D3318999429FBFC4E900237389CF
S214008F28218163812B4B2C4AE363042384F8403069
S214008F3884F84C30E3182365284BA2646365022343
S214008F4804F10802E265264A84F85830226604F1DD
S214008F580A02A266234A84F8643084F8703004F162
S214008F680C03E26663676464EA79A86802EB420366
S214008F7800EB830104F13C064E601B4E40F823606C
S214008F88FA261A4B1A488B60531CEB71FFF7BCF88D
S214008F98208904F11405704329F039FA61892046BE
S214008FA829F058FC134B2846C4E90534FEF786FF1B
S214008FB8216849B128467143BDE8704029F0A0B938
S214008FC84FF4F07302228DE770BD00BFD434002042
S214008FD8C8340020000023010100230002002100FD
S214008FE803002101FDFF2100200001057D8D000002
S214008FF8598D0000018D0000134B10B51C680CB38A
S214009008E37BEBB129F085F92369C01A002809DB50
S2140090180E4813F0E9FC0023FA20E373636858430C
S21400902829F0F5F9E37B5BB12489FA235C4329F040
S214009038F9F9A04206D02046BDE8104029F0E7B965
S2140090486468F2E710BD00BFD434002016D40300CD
S21400905838B50024044D55F8040B08B129F00DFC6A
S21400906801340A2CF7D138BDD8340020042908B5B5
S2140090780AD172B16BB113781BB929F029FC00200C
S21400908808BD29F01BFCFAE7034813F0ADFC0120E5
S214009098F6E70320F4E700BF50D4030010B4054CED
S2140090A8114654F820001A46BDF804305DF8044B03
S2140090B8FFF7DCBFD83400200229024608B50ED0D8
S2140090C804D839B9104629F003FC06E04029F9D03F
S2140090D8412907D1104629F0F1FB002008BD29F0E8
S2140090E801FCFAE7024813F07FFC0120F6E700BF10
S2140090F870D4030010B4054C114654F820001A46E4
S214009108BDF804305DF8044BFFF7D6BFD83400200E
S214009118426B094B52791A7082785A70C2789A70E4
S214009128826B12B190F83C20DA700078042109307E
S214009138014AC0B2FEF77CBE235C0020024B53F8FF
S214009148200029F0EBBB00BFD834002038B5044611
S2140091580078084D09302A460421C0B2FEF758FEAA
S21400916830B96B78A370AB78E370EB7884F83C3052
S21400917838BD00BF235C002038B504460078114D82
S21400918809302A460421C0B2FEF742FEC8B9A378C1
S2140091982A78022B0CD004D863B9204629F098FB0D
S2140091A801E0FF2B0AD02046BDE8384029F065BB11
S2140091B8002AF2D1204629F081FBF4E7002AF9D1EB
S2140091C8EBE738BD235C0020F8B504460B78284A40
S2140091D80D4642F823004370FFF7B8FF636B254A35
S2140091E85C631A632046FFF7C7FF204629F045FB55
S2140091F84FF4801363600123626BA66B0532E2604E
S2140092081D4A23722261A21C2375A26166B11B4AFD
S21400921884F82030E261E21C6262194A84F82C3035
S21400922804F13C03A26223630627EA79A96802EBE5
S2140092384203002E21F8237001EB83000CBF0223A3
S2140092480423C370012383700E4B04348360531CBD
S2140092584460DBB20C4C03EB430341F8234001EBBC
S214009268830000234360094B02328360EA71F8BD2D
S214009278D8340020012903000340300101FF3001E3
S21400928802FF1001FD90000008000100A5900000F4
S21400929828B1034B1B78834234BF00200120704757
S2140092A8085C002070B500250A4C0B4E3378AB429C
S2140092B800DC70BDD4F8A42042B123791BB16079D4
S2140092C8FFF7E6FF10B9104628F006FF0135A83468
S2140092D8ECE700BF601E0020095C002008B5427954
S2140092E801461046FFF7D4FFA8B1CB780A48013AE2
S2140092F8042B00EB82100ED8012B08D81BB9BDE84A
S214009308084029F0DBBABDE8084029F0E1BABDE814
S214009318084029F0E7BA08BD601D002008B5427964
S21400932801461046FFF7B4FFA8B1CB780A48013AC1
S214009338042B00EB82100ED8012B08D81BB9BDE809
S214009348084029F0C5BABDE8084029F0B7BABDE814
S214009358084029F0C7BA08BD601D002010B586B0C1
S2140093680446FEF7F3FE012830D1E278042A2DD809
S214009378DFE802F013323403030061790846FFF78A
S21400938887FF58B31648032A00EB811050F80C3CA8
S21400939858791DD1003818BF012063784FF48072C1
S2140093A88DF804304FF48273ADF806300623ADF816
S2140093B8083001238DF80B3000238DF80A0001A829
S2140093C8CDE903238DF81430FEF7F8FE06B010BD7D
S2140093D8B0FA80F04009E0E70020DEE70220DCE78C
S2140093E8601D002010B586B00446FEF7AFFE0128C3
S2140093F830D1E278042A2DD8DFE802F013133203BE
S214009408030061790846FFF743FF48B31548032A67
S21400941800EB811050F80C3C5B791DD11A1E18BF62
S214009428012263788DF80A208DF804304FF4827391
S214009438ADF806300623ADF8083001234FF48072E5
S2140094488DF80B30002301A8CDE903238DF81430DE
S214009458FEF7B4FE06B010BDB3FA83F25209E0E791
S2140094680222DEE7601D002010B586B00446FEF72F
S2140094786DFE012812D16378094A8DF804304FF43E
S2140094888273ADF806304FF48073CDE902230023CB
S21400949801A804938DF81430FEF790FE06B010BDB0
S2140094A80800070110B586B00446FEF74FFE0128EF
S2140094B820D16278104B8DF804204FF4827294F80D
S2140094C8A01094F8A10059701870ADF806200493FF
S2140094D84FF480720223094901A88DF81430CDE9AB
S2140094E80212FEF76BFE94F8A130013B18BF012369
S2140094F884F8A13006B010BD275C002008000501DE
S21400950810B58378044603B30379022B0AD142794F
S2140095181046FFF7BDFE28B10C48013A00EB821052
S21400952829F0E0F9A379022B02D12046FFF716FFAF
S2140095382046FFF7B7FF02236078A4F86C30552260
S214009548BDE81040122128F021BF10BD601D002084
S2140095584388094A082113808388538083681B8AB6
S214009568938090F8A03093718379D3710078043093
S214009578C0B2FEF75DBC00BF1257002038B50D46D6
S21400958804460178114813F02FFA4FF602739D42ED
S2140095980ED10F4B1B782BB963712046BDE83840B7
S2140095A8FFF7D6BF62790AB19342F6D20123F3E7F2
S2140095B8B5F57F4FF1D1204629F02DFAA378022B76
S2140095C80CBF01220022A3689A70E6E78CD4030039
S2140095D8085C0020024B53F82000FFF7CFBF00BFFF
S2140095E80035002038B504460078144D04302A4665
S2140095F80821C0B2FEF70CFC20B1BDE83840104880
S21400960813F0F2B92B8863806B88E978A380AA8860
S214009618A3681A82AB7984F8A030EB79A371094B5A
S2140096281B780BB9637138BD09B19942FBD9064856
S21400963813F0DAF923780133F4E700BF1257002055
S214009648A6D40300085C0020CFD40300F8B504466F
S2140096580B78474A0D4642F823004370FFF7C2FFCF
S214009668A268444BD465D364434B02265365434BE8
S214009678A11C13654FF44013E36001236161E162A6
S2140096883F49103221632265211D3E4AA1633E48A8
S2140096983E49626504F1A002A061E163E265E01C50
S2140096A8611D3B4A206261643A483B492266A21D16
S2140096B82374237784F8283084F8343084F84030CC
S2140096C8A16484F84C6084F8583084F8643060628A
S2140096D8A266E879AA6800EB400102EB810704F16C
S2140096E80C0CC7F804C04FF0060C2C4F42F821703B
S2140096F8C118C9B201EB410142F821C002EB81074B
S21400970800217960264F84F880302767254F84F833
S2140097189830A767244F254BE767254F84F8746071
S21400972884F88C60C4F89C3004F16C06831CC4F87A
S2140097388470C4F890601F4F1F4EDBB203EB4303E0
S214009748C4F89460C4F8887002EB830670347460BA
S21400975808261A4C42F82340C31CDBB203EB43032B
S21400976802EB8304043042F823606160E871F8BDB8
S2140097780035002075290300BF290300099500005D
S21400978801FF300104FF20011000300102FF200114
S21400979805FF300100FF300103FF21010700010823
S2140097A84A002100A66C040051001000A86C0400B2
S2140097B8A96C0400550021006F001800120001046F
S2140097C800239B6AB3F5C04F03D21968064A914234
S2140097D803D00023037083607047012202709A68E2
S2140097E89B694260F7E700BF07B0CD5E024B034AAD
S2140097F81A602AF060BB00BF0000002002020FF0CB
S21400980873B5534B04461A781AB102221A7002B07E
S21400981870BDCDE900220028F9D001261E7032F06E
S214009828FFFF4C4D4C4B186017F0E0FA2B785BB9ED
S21400983802F062FA40B949480823494A494900688B
S21400984801F0A8FE00B92E70474B5A6E62619B6EF7
S214009858464AA3614FF40043936603F18843596868
S214009868E16143499960196E2160596E6160D3F8C9
S2140098787011A160196CE160596C21613D49086C52
S2140098881864496C5964012151664FF40051916679
S2140098981A6E560436D53849CA68D407FCD45B6EA7
S2140098A85A0434D5354AD36B13F0430FFBD1344BE7
S2140098B81A68531C31D04FF400139340314A13668C
S2140098C80423304C684623664FF4806323661023CF
S2140098D823664FF4005323664FF0804323664FF405
S2140098E8804301A9636629F0AEF8009B2366019BB6
S2140098F863662B78002B8AD0194B1A6822665B6839
S214009908636684E72049CA68D007FCD4C7E71F4ABD
S214009918D36B13F0430FFBD1C9E71D4B1B78002B05
S214009928CED14FF48072114B5A661A4A52681AB949
S2140099384FF40011134A11664FF400725A66164B1C
S2140099485B68002BBCD14FF480020E4B1A66B7E753
S2140099582A5C00202B5C0020483500208466002006
S2140099684C35002000710800008000500090005020
S21400997855CEAC0000C00054000004400000024C65
S2140099885066002000900044000004500000025C6E
S214009998295C002000C005500000065070B52C4D0C
S2140099A804462E78012E02D001232B7070BD0028A5
S2140099B8FCD029F06DF801300BD029F069F840F298
S2140099C80113984205D0234B234A5E66D368DE0708
S2140099D8FCD4224B22491B6E13F0040F4FF400539D
S2140099E814BF1C4A1F4A9366CA6B12F04302FBD187
S2140099F821681A4B196661685966A168C3F8701120
S214009A08E168196421695964E169C80748BF9A6022
S214009A18154B1A6801320DD1144A127852B91449F6
S214009A284968C90748BF1A60124A5268D20744BF35
S214009A3801221A606269104B5A66A2699A6617F084
S214009A48DDF90E4B186832F0E6FE0023ADE700BFDE
S214009A582A5C00200090004000000440008000447B
S214009A680000024C0090005050660020295C002040
S214009A7800C0055000000650008000504835002001
S214009A8870B50024A36AB3F5C04F23D21A68134BE7
S214009A989A421FD1124E337813F0FD0518D14FF4B1
S214009AA880341048FFF7ACFE032004F0B9FC0E4BD8
S214009AB80320DC6004F098FC0C4B1C61AB6ADB6985
S214009AC8984704460748FFF769FF0CB90123337027
S214009AD8204670BD4FF48174FAE700BF07B0CD5E2C
S214009AE8295C00202835002000A00044009000448F
S214009AF813B5204B1B7803B9FEE700231E4CCDE9AF
S214009B0800336A4608231D49206801F043FDF8B96A
S214009B181B4AD2F84031D2F840211F2B4FF00103E0
S214009B2811D9203A9340019A1A43019208236A46AB
S214009B381249206801F0B6FE124B134A1A602AF042
S214009B48BAF902B010BD9340009A1A430092EDE7A6
S214009B582D28F1D10A4AD2F84031D2F840211F2BDD
S214009B684FF0010385BF203A93409340019398BF76
S214009B780093DBE72A5C002084660020007108005A
S214009B8800800044000000200B020FF038B50025C6
S214009B98AB6A0446B3F5C04F10D21B6BB3F5C04F83
S214009BA80CD20748FFF72CFEAB6A20461B6B5B6897
S214009BB89847BDE838400248FFF7F0BE38BD00BFFA
S214009BC85435002013B50024A36A0190B3F5C04F9E
S214009BD813D21B6BB3F5C04F0FD20948FFF710FE20
S214009BE8A36A01211B6B01A89B6998470446044891
S214009BF8FFF7D4FE204602B010BD4FF48174F9E793
S214009C085435002070B50026B36A0446B3F5C04F35
S214009C180D4612D21B6BB3F5C04F0ED20848FFF79D
S214009C28EFFDB36A20461B6B29469B699847044696
S214009C380348FFF7B3FE204670BD4FF48174FAE779
S214009C485435002070B50026B36A0446B3F5C04FF5
S214009C580D4612D21B6BB3F5C04F0ED20848FFF75D
S214009C68CFFDB36A20461B6B2946DB699847044636
S214009C780348FFF793FE204670BD4FF48174FAE759
S214009C8854350020F8B50027BB6A0446B3F5C04F24
S214009C980D46164611D21B6B7BB10948FFF7B0FD7F
S214009CA8BB6A20461B6B324629465B6A98470446C1
S214009CB80348FFF773FE2046F8BD4FF40174FAE731
S214009CC85435002070B50026B36A0446B3F5C04F75
S214009CD80D4612D21B6BB3F5C04F0ED20848FFF7DD
S214009CE88FFDB36A20461B6B29469B6A9847044635
S214009CF80348FFF753FE204670BD4FF40174FAE799
S214009D0854350020F0B50027BB6A0446B3F5C04FAB
S214009D180D461646ADF5177D20D21B6BB3F5C04F22
S214009D281CD21048FFF76CFDBB6A20461B6B40F23E
S214009D3851225B6A01A99847044630B10948FFF7E3
S214009D482DFE20460DF5177DF0BD836A32461B6B47
S214009D582946DB6A01A898470446EFE74FF40174E2
S214009D68EFE700BF5435002010B50024A36AB3F50A
S214009D78C04F10D21B6BB3F5C04F0CD20748FFF785
S214009D883FFDA36A1B6B1B6B984704460348FFF707
S214009D9805FE204610BD0124FBE700BF5435002011
S214009DA8F0B58FB0044601A80E461546FFF7EEFE3E
S214009DB89DF80C30012B12D1B5F5002F27D8B4F535
S214009DC8002F24D86319B3F5002F20D821462A4639
S214009DD8304614F0B7F8002420460FB0F0BD002730
S214009DE8BB6AB3F5C04F15D21B6BB3F5C04F11D283
S214009DF80A48FFF705FDBB6A2A461B6B3146204614
S214009E085B6B984704460548FFF7C8FDE4E740F251
S214009E180244E1E740F20114DEE700BF54350020B3
S214009E28F0B58FB0044601A80E461546FFF7AEFEFD
S214009E389DF80C30012B1FD1B5F5002F06D8B4F5C8
S214009E48002F03D86319B3F5002F13D940F2024444
S214009E5820460FB0F0BDE258013225D104339D42AA
S214009E68F9D82A463146204600F082F80028EDD078
S214009E780024EDE70023F2E70027BB6AB3F5C04FDE
S214009E8815D21B6BB3F5C04F11D20A48FFF7B8FCC2
S214009E98BB6A2A461B6B314620469B6B984704468E
S214009EA80448FFF77BFDD3E740F20344D0E740F2CF
S214009EB80114CDE75435002070B58EB0044601A8CD
S214009EC80D46FFF763FE9DF80C30012B22D144EABD
S214009ED80503C3F30C03002B33D1B5F5002F04D9C3
S214009EE840F2024420460EB070BDB4F5002FF7D8F5
S214009EF82544B5F5002FF3D8204604F5005400F0A5
S214009F0829F8AC4202D00028F6D1E9E70028E7D0C5
S214009F180024E7E70026B36AB3F5C04F14D21B6BDC
S214009F28B3F5C04F10D20A48FFF76AFCB36A294651
S214009F381B6B2046DB6B984704460548FFF72EFD4B
S214009F48D0E740F20444CDE740F20114CAE700BF68
S214009F58543500204FF4003208B5044B9A6632F0A8
S214009F68F7FEB0FA80F0400908BD00BF0090005028
S214009F78134610B562B103439B070BD14FF4003468
S214009F88054B9C6632F0E8FEB0FA80F0400910BD3A
S214009F980120FCE70020FAE700900050BFF34F8F3F
S214009FA80549064BCA6802F4E0621343CB60BFF368
S214009FB84F8F00BFFDE700BF00ED00E00400FA0584
S214009FC870B5D0B1C9B10E4E431E013913F8014F12
S214009FD82046325D02F00302012A11F8012F08BF5D
S214009FE804F12000B55C05F00305012D08BF2032FA
S214009FF8801A01D1002CE9D170BD0120FCE700BF12
S21400A0083D9404000348044A0449121A921028F0A2
S21400A018A4BD00BF4061000018630000486300202C
S21400A02808B5154B83F30A8800F030F8FFF7EAFF07
S21400A038124B13498B4212D30020124B12498B4203
S21400A04818D3FCF76FFE186850F82240586840F896
S21400A0582240013298688242F5D30C33EAE70022A0
S21400A068F8E71C6844F8220001325C68A242F8D37C
S21400A0780833E4E70022F8E70800002068D0040068
S21400A08874D0040074D0040074D004004FF4004167
S21400A098134B144A70B59A60D3F88820124D42F4D0
S21400A0A87002C3F88820114A05F5005491664FF0EF
S21400A0B8FF3222664FF6DF7262660222C3F8D020AD
S21400A0C8BFF34F8FBFF36F8F4FF44036032004F073
S21400A0D8A7F90320E66004F087F92E6170BD00BF7B
S21400A0E800ED00E000600000008000440090005092
S21400A0F8054B1860054B1B6F03F00703032B01D1B4
S21400A10830F0DABC704700BF606600200080005060
S21400A1182DE9F04104464FF001080C250D4E0CB908
S21400A128BDE8F08194FAA4F0B0FA80F00F2808FA97
S21400A13800F2C8BF103824EA0204CABF05FB006252
S21400A14805FB0062B4325768002FE8D09168C0B2A9
S21400A158B847E4E77435002008B50C4832F081FBB0
S21400A168192004F04FF928B1192004F059F91920DC
S21400A17804F03AF91A2004F045F928B11A2004F038
S21400A1884FF91A2004F030F9002008BDAC6E040020
S21400A1982DE9F0410E461746054618B30F2923D871
S21400A1A80378DBB1013BDBB2022B19D8104AD35C2B
S21400A1B86A78D340DB0717D50E4BD3F81043ACB9F3
S21400A1C832F02EFB80463A462846314603F064F8BD
S21400A1D8404632F020FB2046BDE8F0817F23E7E7C3
S21400A1E80023E5E72224F6E72124F4E70224F2E731
S21400A1F8FC6C040000C0035010B5044610B3037886
S21400A208E3B1013BDBB2022B1AD8104AD35C627862
S21400A218D340DB0718D532F003FB01226178237898
S21400A2288A4030214B4341F2100103F1A04303F565
S21400A23870335A5032F0EFFA002010BD7F23E6E75D
S21400A2480023E4E72220F8E72120F6E7FC6C040068
S21400A25810B5044610B30378E3B1013BDBB2022B1A
S21400A2681AD8104AD35C6278D340DB0718D532F088
S21400A278D7FA0122617823788A4030214B4342F28C
S21400A288100103F1A04303F570335A5032F0C3FAB5
S21400A298002010BD7F23E6E70023E4E72220F8E746
S21400A2A82120F6E7FC6C040038B50D46044618B3C2
S21400A2B811B30378E3B1013BDBB2022B1AD8104A7C
S21400A2C8D35C6278D340DB0718D532F0A9FA30227F
S21400A2D82378534303F1A04303F570335B69627830
S21400A2E8D34003F001032B7032F095FA002038BDF6
S21400A2F87F23E6E70023E4E72220F8E72120F6E7B5
S21400A308FC6C04002DE9F0410D46164698460446B6
S21400A31800284FD000294DD00178002940D04B1E88
S21400A328DBB2022B3ED8254AD25C6378DA40D207E5
S21400A33801D4FF2940D1022E01D9042E3CD132F097
S21400A3486FFA23780746FF2B05D032462046296841
S21400A35802F0E8FF28602B68013309D12378FF2B29
S21400A36806D1174B6078D3F8241429F0C7F928606B
S21400A37829684B1C18D00C23124A03FB0122069BA3
S21400A388C2F8048093602378FF2B04D001230E4A7A
S21400A3988B40C2F82434384632F03DFA002007E0F5
S21400A3A87F22C2E70022C0E7384632F034FA2D2072
S21400A3B8BDE8F0812220FBE72120F9E7FC6C0400C9
S21400A3C800C003507435002000D0035008B502F0D2
S21400A3D859FF054B00F0553020F05020C3F82004F4
S21400A3E8BDE80840FFF794BE00E0035008B502F049
S21400A3F849FF054B00F0AA3020F0A020C3F820043F
S21400A408BDE80840FFF784BE00E003502DE9F04F92
S21400A418144605460E469B46C36B87B001225B6909
S21400A42802A960689847EB6B01225B6903A930466E
S21400A438984702A828F090FF074648B10023A3755E
S21400A44863754FF0FF33A360002007B0BDE8F08FB8
S21400A45803A828F08EFF0123A375237E04EBC3030D
S21400A468DE611F846368B3420ED1206003A828F01B
S21400A478A2FF4FF0FF332075A360237D043B022B19
S21400A48826D80023A375DFE723681A1A53425341D8
S21400A498A37503A828F08FFF237D834218BFA775EE
S21400A4A803A828F06AFF074602A828F066FF874236
S21400A4B818BF002303A818BFA37528F066FF074631
S21400A4C802A828F062FF87421CBF0023A375D4E7C2
S21400A4D803A828F052FF80B1EB6B022230465B6976
S21400A4E804A9984704A828F057FF0346207D0328A8
S21400A4F839D8DFE800F03838040903A8F3E7CC2297
S21400A508237E04EBC3031A8401F06EFC109B1870BC
S21400A51803A8277E28F025FF04EBC70787F8220044
S21400A528237E03A804EBC303B3F8209093F82270A5
S21400A53828F023FF804603A828F027FF8246B8F1B4
S21400A548000F15D0EB6B022230465B6904A99847CA
S21400A55804A828F0E6FE6075637D6BB90023A37532
S21400A5684FF0000838E0227E04EBC2021384CBE7E3
S21400A57803A828F0C1FEEEE794F81680B8F1000F9D
S21400A588EED0B9F1000F09D1DFB10123E375637E80
S21400A598002B4FD1012F42D1677614E06B6C06EB87
S21400A5A80A015A4286EA010010421CBF0022A27520
S21400A5B85A1E0A409B1A9945D0D8A37D002BE3D192
S21400A5C8CEE7E37D43B94FF000084B465246314686
S21400A5D8284628F00CFCA060A27D12B123694B44E3
S21400A5E823611A49237E097899422AD901332376AA
S21400A5F8BBF1000F27D032B3E37D23B3B8F1000FC9
S21400A60821D1032F1FD0A1684B1C1CD0109B2246BB
S21400A618009328460123FFF7F9FEA07513E095F886
S21400A628343063B9EB6A0133CFD1032FCDD1012380
S21400A638A376C8E7012FCFD0032FC4D1F7E79846F3
S21400A648C3E70023A375A07DFFE600BF206D0400C6
S21400A6582DE9F04F0E46984600238BB004464FF07F
S21400A668FF31104617468DF8133001F0A7FBB6F5F4
S21400A678801F20D2314605AA04F1080028F0BEFD46
S21400A688451C014603D1237CBBB92D2010E0384673
S21400A69801F094FB0122394620460DF1130328F0F9
S21400A6A8F8FB0028EFD09DF8133088F8003000201B
S21400A6B80BB0BDE8F08FB01CE5D1E56A691C36D151
S21400A6C82046616A28F0D9FA0546B31C18BF01234C
S21400A6D8DFF8CC900193636A626C0293236805A93D
S21400A6E802FB053AE36B05225B695046984705A8C6
S21400A6F828F0CDFE28F0F0FE504628F0F8FE4FF081
S21400A708000B824601464B1C05D0636C81EA0A02A0
S21400A7185B42134211D02946204628F0AEFA029B27
S21400A728AB422CD0BBF1000F2CD10546D3E72368EB
S21400A738ED1A636CB5FBF3F5C7E7484601F03EFB38
S21400A7480DF1130349462046019A28F0A2FB03465A
S21400A75890B1B21C03D0D9F80020B2420CD19DF8B3
S21400A768132003930D4B88F8002049461A6838468C
S21400A77813F0E8FB039B9B46D9F80810C3E7BBF128
S21400A788000F82D0B6F5801F91D2314698F8003077
S21400A7987A6804F1080001F03FFA88E71C6D0400A7
S21400A7A8503D00202DE9F3410446174698460E46CC
S21400A7B8184D816AE36A8B4201D04B1C02D102B065
S21400A7C8BDE8F081284601F0F9FA0122294620461C
S21400A7D80DF1070328F05DFB38B1434629462046AD
S21400A7E89DF80720B8470028E9D0A9684A1C04D174
S21400A7F86968204628F0CEFA0146012EDAD16B6841
S21400A80881EA0302636C5B421A4218BF4FF0FF31BD
S21400A818D0E700BF243D00202DE9F04F4FF0FF336E
S21400A8284FF6FF720025044600F10806C0E9092322
S21400A8388BB0C362056205633046884628F0AFFCD5
S21400A848204628F0EAF960BB2046414628F065FA1B
S21400A858204628F0E2F960BB5E200BB0BDE8F08F1A
S21400A8682368E26B606C576900FB0530052205A972
S21400A878B84705A828F00BFE012807460CD129463C
S21400A888204628F01BFA012F024600D1013229463D
S21400A898204628F0E1F903E028F023FE0028EED150
S21400A8A80135E3699D42DBD3204628F0B6F9002837
S21400A8B8CAD000254FF0FF394FF6FF73CA46A846A0
S21400A8C8C4E90853E36998450AD3A5EB0905012DA1
S21400A8D82CD84FF6FF72636A93423CD16720BCE7D8
S21400A8E82368E26B606C576900FB0830052205A9EF
S21400A8F8B84705A828F0CBFD834605A828F09EFD96
S21400A9080746584628F0E8FD68B1574538BFC4F8EA
S21400A9182480B94528BFB946BD4238BF3D46BA4629
S21400A928236A0133236208F10108CBE74FF6FF7369
S21400A93800256362E3699D42CBD2676C2068E36BAF
S21400A948052207FB05005B6905A9984705A828F0B6
S21400A95875FD0135EEE7E26B676C2068694607FB14
S21400A968030055690522A847684628F067FD626A0D
S21400A9782368606C4B4D00FB023028F0B8FD4FF0A2
S21400A988FF33A062E3622A466FF00101204605AB5A
S21400A998FFF75EFE002846D1AD6829462046E562E8
S21400A9A828F017F9206320B92046E16A28F0F2F962
S21400A9B8E0622946204628F0EDF90546A36A9D423E
S21400A9C833D1204628F0D8F800278046B946E369F0
S21400A9D899453CD3B84559D92046616A28F04DF9BF
S21400A9E80026054604F1400AB74212D8626C23686E
S21400A9F8694602FB0539E36B05225B6948469847BA
S21400AA08684628F01BFD534602464946E06B28F088
S21400AA1870FD2946204628F030F90136B04505462F
S21400AA28E2D1642019E7A56AB7E72946204628F048
S21400AA38D0F8236B2946034407462363204628F0AC
S21400AA48A9F90546002FB9D1C4E90B07B6E7636C28
S21400AA582568052203FB0955E36B05A95B692846AB
S21400AA68984705A828F013FD28F036FD58B1284663
S21400AA7828F03DFD0146204628F0ABF8636C143BF1
S21400AA88984208BF013709F10109A0E7304628F0C7
S21400AA9886FB002320461946034AFFF783FE00205C
S21400AAA8DBE600BF7C3D0020892E03002DE9F0413F
S21400AAB8036B9046826B07689A4288BF8363426C32
S21400AAC8436A90B002FB0377C36B0E46052201A9C2
S21400AAD85B6904463846984701A828F0D8FC012840
S21400AAE80146307057D0656CE26B2368606AD2F80E
S21400AAF814C005FB0030052206A9E04706A828F082
S21400AB08C6FC01284FF0000523D0D4E90A320121FB
S21400AB189342CDE90B458DF834800E958DF83C10A0
S21400AB282AD11946204628F035F9236B626C14336F
S21400AB389B1AE06223630C9B53B99DF83C303BB1EB
S21400AB48626A616C2368E06B01FB023128F057FCEF
S21400AB580C9DE36B05225B6901A93846984701A856
S21400AB6828F095FC30702846236BA26B9A4288BF63
S21400AB78A36310B0BDE8F081237C33B91C490BAA47
S21400AB8804F1080001F096F8D5E72046194A0BAB01
S21400AB98FFF708FECFE7237C23BB2246164904F1BD
S21400ABA8080001F087F8616A204628F087F8616A8D
S21400ABB8421C204628F050F8054620B9236B626CE4
S21400ABC81344143B23632046A16A28F0E3F823685D
S21400ABD8A062C01A636CB0FBF3F06062204628F0EF
S21400ABE81CF9B6E700232046044AFFF7DBFDDAE740
S21400ABF859B30000D5B20000232F0300BF2E030070
S21400AC0873B50D46D11E4A421C461B7E4A419A42DF
S21400AC1826D129682368994222D3636899421FD8A7
S21400AC28114E0DF107033246FFF712FDC0B97268E0
S21400AC386B689A4214D19DF80730DA1E5342534186
S21400AC48227E93420CD1636901336361D4E90323FE
S21400AC58934205D22968A26842F82310013323617B
S21400AC68012002B070BD00BF7C3D00202DE9F04FEA
S21400AC789B4689B09DF848309046514A019313691F
S21400AC8807465B450D46C0F09580D9465368009345
S21400AC98B9F1000F7BD0FB6B01225B6905A9009810
S21400ACA8984705A828F065FB454B1B68984240F076
S21400ACB8848005A828F069FB0428064615D105A84F
S21400ACC828F06AFB009B04461E44019B002B3ED1DD
S21400ACD8804512D91C46A8EB00083846009928F08B
S21400ACE859F8A9EB04090090D2E7FB6B02225B69CE
S21400ACF8009806A9984706A8E2E7A0EB08045C4572
S21400AD0828BF5C46032C4644ABEB040B1DD9FB6BF3
S21400AD18294630465B69A208984724F0030304F0E6
S21400AD28030A1E441D44DDF80480BAF1000FD4D08F
S21400AD38FB6B012206A930465B69984752462846AF
S21400AD4806A913F0FFF85544C7E7A246EBE7824684
S21400AD5800F0030302932B1803930644039BA6EB09
S21400AD680A00A3EB0A05029B9A4514D1BAF1000F14
S21400AD78B3D0FB6B012206A95B6998475246284662
S21400AD8806A913F09BFA0028DDD04FF0360948468E
S21400AD9809B0BDE8F08FFB6B012206A95B699847EE
S21400ADA80422284606A913F089FA0028EDD1AAF14C
S21400ADB8040AD3E74FF06309E9E74FF06F09E6E7BF
S21400ADC8A83D00202DE9F0410F4616469846044651
S21400ADD888B060B390F83450FDB1012127F012FF17
S21400ADE800210E9BCDE90511CDE902379DF83C30D0
S21400ADF8CDF804808DF81C30237C04968BB90D4959
S21400AE0801AA04F1080000F055FFDDE90553E06BE0
S21400AE18002E08BF1D4628F08EF8284608B0BDE864
S21400AE28F0812046044A01ABFFF7BCFCEDE7054677
S21400AE38F3E700BFED2E030009AC00007FB590F8DD
S21400AE484260044601920DF10B030A46304611494A
S21400AE5828F079F8012E0546E36B17D132465B6970
S21400AE6803A998479DF80B10039B019A59B19BB20A
S21400AE7843EA0243012228460393E36B03A99B692E
S21400AE88984704B070BD62F30F03F3E701229B698D
S21400AE9801A9F5E7A83D00202DE9F04F99B00E4628
S21400AEA80D920A69416C0B931439D31DB3FBF1F369
S21400AEB8013302EBC302036B04469342C0F00182DF
S21400AEC80023DFF804940893E36A48461946059376
S21400AED800F074FFD6E9033707930B9B022B4DD17E
S21400AEE8CC2F40F0D7810D9B3BB13146204628F049
S21400AEF880F8656C1490012044E00120079B656C7F
S21400AF081B68149300F0010000280CBF04230823D4
S21400AF18782F0E9349D8059A6B1E1340ED1A3B1DE1
S21400AF289D423CD2002F3DD0082D3ED80023042554
S21400AF3806934FF0040A336806990B98C9F8003050
S21400AF48C9F8107028F03BFA4FEA9A030F93059B4E
S21400AF5889F814000393002309930C9304930A9327
S21400AF68616C039B4A1E1A408B1A27B35544AB42A2
S21400AF7823D8236B5B1A134423632FE1782F656C61
S21400AF88B9D8F07D0D9B002BBCD0E36B01225B6922
S21400AF98706816A9984716A828F0EFF9B4E70025B0
S21400AFA80695C6E704250697C3E7012300254FF054
S21400AFB8080A0693BFE75345DBD3A3EB0A0297427A
S21400AFC8039BB84628BF90469742534428D9012287
S21400AFD8D9F8101089F817208F4226D10399C9F896
S21400AFE80410049299F817200AB399F818100398D1
S21400AFF8CA1C09EBC202506004980131A2F8088006
S21400B008907289F81810B8F1000F07D00B9A022A28
S21400B01840F08180099A72B1012209929B46ABE002
S21400B028049A002A18BF0322DBE70222D9E7039A0C
S21400B038C9F80420E7E70C9A4244032AEED9E26BE3
S21400B0481846956914A901220993A847099B05463D
S21400B0580028E1D03D2D40F01E8104F1080303933B
S21400B0682368059A606CA2EB030ABAFBF0FA00FBA9
S21400B0780A3028F03CFAE16A8046204627F08AFE25
S21400B088A26A824200F00F81626CD9F80830511E1D
S21400B0980B40216B2768891A0B442363089BE062E0
S21400B0A8DF1BB7FBF2F7BA4540F0FA80059BB3EB17
S21400B0B8080A12D0E36B4FEA9A0241469B69984702
S21400B0C88346E36A059A5344E362236B03989B1A04
S21400B0D84344236328F063F8DA462368616CE06B20
S21400B0E801FB073128F078F9204627F096FD204620
S21400B0F827F093FE2063BAF1000F00F0D48032697F
S21400B108616CD31D1439B3FBF1F3013302EBC302B0
S21400B1189042A5D2BFE00D9A002A77D1B8F1030F66
S21400B1284FEA98026ED9E16B18468D690799109315
S21400B138A847109B0546C0B918F0030515D0079A0E
S21400B14828F0030B02EB0B019B444FF0FF3215A8C7
S21400B15815922A46109312F0F5FEE26B584695694A
S21400B16815A90122A8470546109B9B46079A424404
S21400B1780792002D40F08B80049B16A80193069B2F
S21400B188009399F814204346316800F0CDFDE36B30
S21400B1980F9A9B69039816A99847039A051E089B59
S21400B1A818BF13460893434652462046039927F08D
S21400B1B81EFE236B08F10302A3EB0A0322F0030228
S21400B1C89B1AC9F808002363002D7FF443AF0C9B35
S21400B1D8A7EB080743440C93CDF80CB02046039918
S21400B1E827F0D8FD00250390002F7FF4B9AE364A25
S21400B1F83168936804F10800E36252680B9B00F01C
S21400B2080BFD49E09B46454607999EE79B4606F197
S21400B21820021092F27D7068A2B1002296F818C03B
S21400B2280A99D5B2AC4511D9109D02F1010E35F830
S21400B23832508D4228D90E9806EBC2020144D069D6
S21400B248084403E00E9A0A990A441044E26B15A9CA
S21400B258556901221193A847159A0A9B1392E26B27
S21400B268043395695846012213A90A93A847119BE7
S21400B278054603EB0802A2EB0B02042A7FF679AF19
S21400B28828B90BF1040BC5E77246491BC9E7CDF888
S21400B29820B088E770252F46384619B0BDE8F08FED
S21400B2A84FF0000A19E73269616CD31D1439B3FBF5
S21400B2B8F1F3013302EBC302236B9342BFF404AEEF
S21400B2C8E9E71C27E8E700BF503D0020032A2DE9E0
S21400B2D8F34106460D4617461C4606D1237A012B2F
S21400B2E823D0012002B0BDE8F081DFF8608009684D
S21400B2F842460DF10703FFF7ABF960600028EDD171
S21400B3089DF80720237A032AE8D0D8F804106A683C
S21400B3189142E3D1012B2969D4F80CC007D1726990
S21400B3280CEB0103934202D92074207CDAE708313B
S21400B3386144E1603B46012229463046FFF7ACFDF2
S21400B34860600028CAD00020CCE700BF7C3D002003
S21400B3582DE9F341089C032A1746266806D1237A66
S21400B368012B24D0012002B0BDE8F081DFF89080E0
S21400B378304642460DF10703FFF76AF96060002879
S21400B388EDD12568D8F80400A96AD5F844C0484025
S21400B398CCF100031840227AE1D1012A09D1E268EB
S21400B3A8D8F8103013447269934202D92074207C6E
S21400B3B8D9E72868EB6A1B1A081AB3FBFCF3B0FB3C
S21400B3C8FCF083420BD1706CF36A421E1340326B5A
S21400B3D8121A13442846336327F0DCFCE862D8F8D0
S21400B3E81020E36808321344E36001223B46044910
S21400B3F82068FFF751FD60600028B0D00020B2E753
S21400B4087C3D00202DE9F0410025604B0E46D3F820
S21400B418008004461D6018B921252846BDE8F0813D
S21400B42890F8347007B30A6803689A4240F0A3801D
S21400B4384A6843689A4240F09E808A6883689A42BF
S21400B44840F09980CA68C3689A4240F094800A69B6
S21400B45843699A4240F08F808A69C36B9A4240F0EB
S21400B4688A804B698361D8E768223946856B12F073
S21400B478D9FBD6E90212336804F108002360736822
S21400B488A5636360336963617369A36127F099FEF6
S21400B498B36904F14000E3639B68984720B9676C7A
S21400B4A817B16368B3FBF7F794F84330E761002BEE
S21400B4B8B2D00023656C2366002D64D0002F62D0BE
S21400B4C82368B3FBF5F205FB1233002B55D16668EB
S21400B4D8B6FBF5F305FB1363002B4ED1204627F089
S21400B4E868FBA369043303449E4248D340F634728B
S21400B4F86369CC3B934244D8B5F5805F43D30321B8
S21400B508204627F07FFBD4E90001E36B1B689847C9
S21400B5180546E36B0220DB689847CDB941462046CE
S21400B528FFF77AF96428054604D141462046FFF716
S21400B53873F90546666C5DB9236A2046143E5E4379
S21400B54827F037FBA369043303449E4238BF5A25C5
S21400B558002D0CBF0123002384F8343007D1D4E92A
S21400B56800010B4A13680133136027F0C4FEE06B32
S21400B57827F0E1FC51E75D254FE759254DE75A25A9
S21400B5884BE75F2549E75B2547E700BFE036002025
S21400B598DC3600202DE9FF410C4616461F460546B8
S21400B5A880B390F834307BB3B1F5801F2ED2DFF825
S21400B5B86080012127F026FB2146424628460DF1E9
S21400B5C80F03FFF745F8044670B99DF80F30012BB6
S21400B5D811D1D8F81030BB4212D10246009031463D
S21400B5E82846FFF743FB0446E86B27F0A4FC2046F2
S21400B5F804B0BDE8F081022B14BF2D246024F3E7C5
S21400B6086324F1E72124F2E71124F0E72924EEE782
S21400B618A83D00202DE9F04385B00C4617461E4687
S21400B6280546DDF8308098B390F8343093B3B1F51A
S21400B638801F31D2DFF86490012127F0E3FA214613
S21400B6484A4628460DF10F03FFF702F8044688B964
S21400B6589DF80F30012B14D1D9F8102006EB0803FB
S21400B6689A4213D300904346324639462846FFF797
S21400B678FDFA0446E86B27F05EFC204605B0BDE8F8
S21400B688F083022B14BF2D246024F3E76324F1E72C
S21400B6982124F2E71124F0E72924EEE7A83D00204C
S21400B6A873B50C461646054630B390F834302BB3BF
S21400B6B8B1F5801F24D2012127F0A4FA2146284696
S21400B6C8104A0DF10703FEF7C3FF044680B99DF83C
S21400B6D80730032B0CD0022B0CD12846094927F03B
S21400B6E888FC3060E86B27F026FC204602B070BD68
S21400B6F82D24F7E76124F5E72124F6E71124F4E77B
S21400B7082924F2E7A83D00202DE9F3411E46002330
S21400B7180C4617460546336050B390F834304BB3A2
S21400B728B1F5801F28D2DFF85480012127F06AFA85
S21400B7382146424628460DF10703FEF789FF0446D0
S21400B748A0B99DF80730032B10D0022B03BF0123A6
S21400B7583B600423D8F8103018BF38603360E86BB5
S21400B76827F0E9FB204602B0BDE8F0812D24F6E775
S21400B7782124F7E71124F5E72924F3E7A83D00205C
S21400B78873B50446056B27F014FA636E03449D42AE
S21400B7982CBF00230123854294BF00252D1A207C48
S21400B7A884F85030656584F85800A8B100230C4E1C
S21400B7B81A4619462046009627F0DFFC0023054661
S21400B7C81A4619462046009627F0E0FCE368284407
S21400B7D8984294BF0020C01AE06502B070BD00BF52
S21400B7E8FFFF0F002DE9F3471E4643690446B342A0
S21400B7F8884617469DF828904ED300258DF80750A2
S21400B808204627F0D6F9D4F830A082450AD2236A13
S21400B818B5EB430F06D2002220460DF10701FFF7CD
S21400B82845F9B8B39DF80730012B05D1002220460C
S21400B8380DF10701FFF73AF9B9F1030F06D03146C3
S21400B848204627F0A6F9256B854227D3144D4FF0DE
S21400B858FF31284600F0B2FA4B4629460022204619
S21400B868C5E90376C5F80080FFF716FB236E054684
S21400B87863B12046FFF784FF94F8503013B994F864
S21400B88858301BB1236E04F150009847284602B082
S21400B898BDE8F0870135B3E76225F7E71C25F5E72D
S21400B8A87C3D00202DE9FF410F4690461E46054682
S21400B8B898B390F8343093B3B1F5801F31D21A4C50
S21400B8C8022127F09FF92246394628460DF10F0334
S21400B8D8FEF7BEFE024678B101234246009339467B
S21400B8E833462846FFF77EFF0446E86B27F023FB1F
S21400B8F8204604B0BDE8F0819DF80F30012BEBD14F
S21400B9082169B142E8D10093414633462846FFF7FD
S21400B918ADF904460028DFD1E7E72124E8E711243B
S21400B928E6E72924E4E700BFA83D00202DE9F04714
S21400B93890F8423086B0012B05460391A1EB02072A
S21400B94840F0AA80FF2F03D81E464FF0640807E091
S21400B9580226012B14BF4FF032084FF06408013658
S21400B96800244FF6FF79DFF844A195F84230012B02
S21400B97814BF322364239C4202D35FFA88F40DE096
S21400B98805AB22465146284627F011FB95F842306B
S21400B998012B059B34D14B452DD1E4B295F84230A6
S21400B9A8012B14BF32226422121BB24217D3012E77
S21400B9B839D10022012B05978DF8132027D10822AC
S21400B9C805A90DF1130027F0AEFD9DF81330059A72
S21400B9D842EA032221462846FFF730FA40B10223FE
S21400B9E8324900932846CC23096803AAFFF7FAFED3
S21400B9F806B0BDE8F087DBB203B902340134B4E719
S21400BA08591CCAD09BB2002BF8D10134F6E7102295
S21400BA1805A90DF1130027F086FD9DF81330059A49
S21400BA2842EA0342D6E7039A012B059223D108235C
S21400BA38202205A90DF113008DF8133027F073FDA9
S21400BA489DF81320120221462846FFF7F7F995F8C5
S21400BA584230611C012BC9B21AD10028BFD1284632
S21400BA68BDF81420FFF7EAF90028B8D10234BDF86B
S21400BA781620E1B2AFE71023202205A90DF1130026
S21400BA888DF8133027F04FFD9DF813201204DAE7DF
S21400BA980028A4D1059A9EE7B7F5803F4FF0010627
S21400BAA8BFF457AF4FF032085AE700BFA83D002052
S21400BAB870B586B00E4605460392A0B390F83430AB
S21400BAC89BB3B1F5801F32D2022127F09BF831468E
S21400BAD82846184A0DF11703FEF7BAFD044618B9AA
S21400BAE89DF81730032B0ED10223314600932846C3
S21400BAF8CC2303AAFFF776FE0446E86B27F01BFA6A
S21400BB08204606B070BD022B0BD10A49284627F0FE
S21400BB1870FA039902468142EFD02846FFF706FFDF
S21400BB28EAE76124E9E72124EAE71124E8E729247B
S21400BB38E6E700BFA83D0020F7B50C4616460546C2
S21400BB4868B390F8343063B3B1F5801F2BD2022166
S21400BB5827F058F821462846144A0DF10703FEF741
S21400BB6877FDC0B99DF80730032B14D0022B14D1EB
S21400BB780E49284627F03DFA471C0246394628460D
S21400BB88FFF7D4FE044606B13760E86B27F0D3F912
S21400BB98204603B0F0BD2D24F7E76124F5E72124FD
S21400BBA8F6E71124F4E72924F2E700BFA83D0020B1
S21400BBB830B50C46054685B028B390F8343023B324
S21400BBC8B1F5801F23D2022127F01CF80DF10F03D0
S21400BBD8214628460F4AFEF73BFD034688B99DF8DE
S21400BBE80F20032A0DD0032221460092024628463B
S21400BBF8FFF7F8FD0446E86B27F09DF9204605B0E8
S21400BC0830BD2D24F7E72124F8E71124F6E7292488
S21400BC18F4E700BFA83D00202DE9F043466886B348
S21400BC28056898464FF0000CA946AE4655F83C40C5
S21400BC380CF1010CC4F31307013401D0B94217D034
S21400BC48B4450EF1080EF1D12F46002403E0B442A5
S21400BC5807F1080712D055F8343001340133F6D10D
S21400BC68C1F3130141EA0851C7E90012BDE8F083A1
S21400BC7841EA0851CEE90012BDE8F083B8F1030F97
S21400BC8803D101230372BDE8F083002303E0B34227
S21400BC9809F10809F5D055F833400133C4F30754C1
S21400BCA8032CF4D1C1F3130343EA0853C9E900325D
S21400BCB8BDE8F0832DE9F0410646406882B0B8B189
S21400BCC80F4690460024336853F8345003EBC403F9
S21400BCD8C5F30752C5F31301013506D05B68304635
S21400BCE8CDF80080B84718B1706801348442EAD3AA
S21400BCF802B0BDE8F08100BF024B1968024B186815
S21400BD08FFF780BB646600208466002008B530F024
S21400BD187AFD014B186008BDD43D0020014B186819
S21400BD2830F06CBDD43D002073B504462248012A85
S21400BD3800EAC1119DF8185023F07C4007D9961EDA
S21400BD48012E28D9073303F07F03194308E09DF82E
S21400BD581C300A43DB0603F0C053134343F060412C
S21400BD680023C4E900108DF80730B5B1202221461B
S21400BD780DF1070027F0D7FB1A220DF10700211D49
S21400BD8827F0D1FB082063689DF8072043EA826302
S21400BD98636002B070BD1143E2E71B220DF1070095
S21400BDA8214627F0C0FB23689DF80720042043EAB5
S21400BDB8C2632360EDE700BF80FFFF0738B5094B75
S21400BDC80D461A680021044611F02CFF00234FF098
S21400BDD8FF322383C4E900252361A260E382A376A9
S21400BDE838BD00BF1C6D04000138C0B205289ABFD4
S21400BDF8014B185C01207047216D04002DE9F041C5
S21400BE080746154600240E46596888B0490A01298F
S21400BE1822464FEA510104F10104F8D8DC789978F3
S21400BE2824031B88C90201F4006104F480540C43FF
S21400BE38C3F30A035203234492B24FF000089C1837
S21400BE48274B6FEA0444039325F07843ED4302A991
S21400BE580DF107001B2202938DF8078027F063FB7D
S21400BE689DF80720029B02A943EAC2630DF107006A
S21400BE781B2225F07845049302958DF8078027F055
S21400BE8852FB9DF80720029B6FEA144443EAC263FC
S21400BE9805934FF0FF330794069307A9BB69012261
S21400BEA806F110009847BB6905A90446012206F169
S21400BEB808009847BB69404518BF044604A90122F4
S21400BEC8301D98470122404518BF0446BB693046D6
S21400BED803A99847404508BF204608B0BDE8F0814A
S21400BEE801009AB2044BD3F88420D206FBD4D3F8C8
S21400BEF88400C0F3811070470040005038B5184BD6
S21400BF080546D3F824010C4600F00700062823D877
S21400BF18DFE800F0040A121A1E0E1600012305B107
S21400BF28286004B1236038BD2EF0A6FD0523F6E789
S21400BF382EF0A2FD0623F2E72EF0D8FD0323EEE747
S21400BF482EF0D4FD0423EAE72EF0CCFD0223E6E724
S21400BF5830F06CFC0723E2E700231846DFE700BF53
S21400BF680080005038B5104B0546D3F800310C4613
S21400BF7803F00303022B0BD0032B0DD0012B0FD19C
S21400BF882EF0B4FD032305B1286004B1236038BD44
S21400BF982EF0B2FD0823F6E730F048FC0723F2E758
S21400BFA801230020EFE700BF0080005038B5104B93
S21400BFB80546D3F820310C4603F00303022B0BD0BA
S21400BFC8032B0DD0012B0FD12EF056FD052305B1FE
S21400BFD8286004B1236038BD2EF088FD0323F6E7F9
S21400BFE82EF080FD0223F2E701230020EFE700BFD2
S21400BFF80080005038B5104B0546D3F840310C4643
S21400C00803F00303022B0BD0032B0DD0012B0FD10B
S21400C01830F00EFC092305B1286004B1236038BD52
S21400C0282EF06AFD0823F6E730F005FC0B23F2E74E
S21400C03801230020EFE700BF0080005038B5104B02
S21400C0480546D3F860310C4603F00303022B0BD0E9
S21400C058032B0DD0012B0FD130F0EAFB092305B1D5
S21400C068286004B1236038BD2EF046FD0823F6E7A5
S21400C07830F0E1FB0B23F2E701230020EFE700BFD7
S21400C0880080005073B50D4600210E4B0191D3F881
S21400C0988041064604F00304012C09D0022C0CD07B
S21400C0A80C460EB1019B336005B12C6002B070BD22
S21400C0B801A8FFF77BFF0F24F3E72EF013FD01908E
S21400C0C8EFE700BF0080005038B5104B0546D3F8A0
S21400C0D840320C4603F00303022B0BD0032B0DD083
S21400C0E8012B0FD130F0A4FB092305B1286004B159
S21400C0F8236038BD2EF000FD0823F6E730F09BFBE2
S21400C1080B23F2E700231846EFE700BF0080005035
S21400C11838B5144B0546D3F800020C4600F0070065
S21400C12804281BD8DFE800F003090D1115000123C9
S21400C13805B1286004B1236038BD30F079FB0923C7
S21400C148F6E72EF0D9FC0823F2E730F074FB0B2351
S21400C158EEE72EF0B1FC0E23800AE9E70023184626
S21400C168E6E700BF0080005010B40D4C0B46D4F82C
S21400C178204204F00304012C0AD0022C0CD008B18B
S21400C188002101600BB100221A605DF8044B70476D
S21400C1985DF8044BFFF70ABF5DF8044BFFF72ABFAC
S21400C1A800800050B0F5207F1FD009D8B0F5007F7A
S21400C1B815D003D868B1B0F5C07F0AD000200CE0CF
S21400C1C8B0F5607FFAD10B4BD3F88000C0F30110AE
S21400C1D803E0084B186FC0F3033001307047054B77
S21400C1E8D3F89000C0F30460F7E7024B186FC0F36B
S21400C1F88020F2E7008000504FF400320E4B0146D4
S21400C20810B500209A66FFF7CDFF484341F6713215
S21400C2180A490B4B884294BF00200120DC69DA6388
S21400C2289A6822F4401242EA00529A60E20344BF37
S21400C2380022DA6310BD00BF00900050005A620268
S21400C248000003505F2898BF094B4FEA501294BF6E
S21400C25853F82230074B00F01F0029B103F580532E
S21400C268012282401A60704703F50053F8E700BFC2
S21400C278286D0400608200501FB50021B0F5807F4D
S21400C2880446019100F0068100F29D80612800F2C4
S21400C29895801F2805D8002840F092802EF00CFCC8
S21400C2A8DCE0A0F12004412C00F28A8001A353F8B8
S21400C2B824F000BFA5C2000069C40000A5C20000A3
S21400C2C869C4000089C4000089C4000089C400004D
S21400C2D889C4000069C4000069C4000043C40000A3
S21400C2E8FDC30000BFC40000C9C40000FDC30000B1
S21400C2F869C4000069C4000069C40000C9C300001E
S21400C308C9C30000C9C30000C9C30000C9C30000F0
S21400C318C9C3000093C400001FC4000069C400001D
S21400C32869C4000069C40000DDC40000D3C400006E
S21400C33869C40000C9C30000C9C30000C9C300001F
S21400C348C9C30000C9C30000C9C30000C9C30000B0
S21400C358C9C30000C9C30000C9C30000C9C30000A0
S21400C368C9C30000C9C30000A5C20000C9C30000B5
S21400C378A5C20000A5C20000A5C2000089C400002E
S21400C388C9C30000C9C30000C9C30000C9C3000070
S21400C398C9C30000C9C30000C9C30000C9C3000060
S21400C3A8C9C30000C9C30000C9C30000C9C3000050
S21400C3B8C9C30000A5C20000A5C2000080284BD053
S21400C3C8019804B010BDB0F5A06F5ED028D8B0F5BF
S21400C3D8607F50D019D8B0F5007F4CD004D8B0F59F
S21400C3E8C07F3FF45BAFEBE7B0F5207F38D0B0F501
S21400C3F8407FE5D12EF060FB02464FF42070FFF731
S21400C408D1FEB2FBF0F2520833E0B0F5806F37D0B9
S21400C418B0F5906FD4D1002101A8FFF76FFDCFE7E4
S21400C428B0F5E06F51D00DD8B0F5C06F43D0B0F579
S21400C438D06F45D0B0F5B06FC2D1002101A8FFF784
S21400C44821FEBDE7B0F5F06F44D0B0F5086FB7D160
S21400C45801A8FFF787FDB3E72EF014FB0190AFE7BE
S21400C4682EF02AFB02464FF42070FFF79BFEB2FB25
S21400C478F0F20192A4E72EF005FB02462046F4E708
S21400C488002101A8FFF792FD9AE7002101A8FFF70F
S21400C4986BFE95E74FF0E02302911B695B0705D515
S21400C4A82EF00AFB0290029B019389E703A902A8D3
S21400C4B8FFF7A0FDF7E7002101A8FFF79BFD7FE740
S21400C4C8002101A8FFF724FE7AE7002101A8FFF75C
S21400C4D8FBFD75E7002101A8FFF7B0FD70E700BF78
S21400C4E808B58020FFF7C8FE034B98429EBF4FF45E
S21400C4F88032024B1A6708BD005A620200A000503C
S21400C5081FB503460020B3F5807F01906FD027D86B
S21400C518382B00F082800BD8243B092B0FD8092B28
S21400C5280DD8DFE803F05F5F5F5F0C0C5A0C3675BA
S21400C538522B57D007D83D2B3AD03E2B72D00198B5
S21400C54805B05DF804FB802BF9D1394B1B6F03F05F
S21400C5580703013B032BF2D8DFE803F03D36393BEF
S21400C568B3F5D06F54D019D8B3F5A06F55D00AD804
S21400C578B3F5806F36D0B3F5906FE0D1002001A9EF
S21400C588FFF7BCFCDBE7B3F5B06F26D0B3F5C06F9A
S21400C598D5D1002001A9FFF72DFDD0E7B3F5006F30
S21400C5A8ECD00AD8B3F5E06F3CD0B3F5F06FC6D13F
S21400C5B8002001A9FFF742FDC1E7B3F5086FBED119
S21400C5C801A9FFF7CFFCBAE705230193B7E70323D2
S21400C5D8FBE70723F9E70223F7E7002001A9FFF79F
S21400C5E851FDACE7002001A9FFF7E0FCA7E74FF0F4
S21400C5F8E02302901B695B0705D52EF05DFA0C2335
S21400C6080393039BE1E703A902A8FFF7F3FCF8E707
S21400C618002001A9FFF77CFD91E7002001A9FFF79C
S21400C628A3FD8CE7002001A9FFF74EFD87E700BFB2
S21400C638008000504FF40022034B5A66012203F58F
S21400C64880439A62704700BF0090005070B5044659
S21400C6588020FFF755FF032800F082804FF4002261
S21400C668444B02215A6645F60E03434AC2F8803008
S21400C678424B9962012103F580539962936DD90361
S21400C688FCD4D4E900131B0543EA0163E17B94F864
S21400C69823500B43217B43EA0143617B43EA013382
S21400C6A8A17B43EA811313619169D4E904031B064D
S21400C6B843EA806301F000410B43A17EE07E0B4312
S21400C6C8217E43EA0143617E43EA01239361E169DF
S21400C6D8136A002923F00D0343EA010314BF01215E
S21400C6E8002143EA800343EAC103136294F820302A
S21400C6F894F82200916A4FEA431332D194F82160E5
S21400C70821F0330143EA06130B4343F00103936217
S21400C7181B49194B9A6D31EA0202FBD102221749CE
S21400C7288A621A659A6D5200FCD41A69A16822F4C6
S21400C738700242EA01521A614FF000420F4B9A61AA
S21400C74818B9022203F580539A6215B901220D4BD7
S21400C7589A6294F824301BB1074B0B4AC3F8802022
S21400C76870BD21F0330129430B4343EA400393622B
S21400C778EFE700BF0090005000C0005000D0005007
S21400C7880300014000E00050F1A7FFFF014B93F9BA
S21400C798000070472D5C0020014B1880704700BFD2
S21400C7A8866B0020B0F5207F10B50C4642D008D81E
S21400C7B8B0F5007F33D003D888B1B0F5C07F0ED06F
S21400C7C810BDB0F5607FFBD11F4A4C1ED2F88030F2
S21400C7D823F0300343EA0413C2F88030F0E726F06B
S21400C7E8C0FE26F0CCFE4FF48031184B164A196767
S21400C7F8136F013C23F4704343EA043313672EF0A7
S21400C8085BF90446FFF76EFBC0F10201204626F0EE
S21400C818B0FE00F035F8BDE81040FFF761BE0A4AE2
S21400C8284C1ED2F8903023F0F85343EA0463C2F85B
S21400C8389030C5E7044A4C1E136F23F4806343EA1E
S21400C84884231367BCE700BF0080005000900050A8
S21400C85808B50121022000F0E1F84FF42070FFF738
S21400C868A1FC054B187026F07CFE26F088FE4FF4D7
S21400C8788032024B1A6708BD2C5C002000900050DE
S21400C88808B54FF4C070FFF7F7FCBDE80840044948
S21400C898884294BF012102214FF42070FFF782BF1F
S21400C8A880F0FA0238B504462EF006F90546FFF77A
S21400C8B819FBC0F10201284626F05BFE0121002084
S21400C8C800F0ECF82CB1FFF7DBFFBDE83840FFF7C7
S21400C8D807BE034B4FF420701978FFF763FFF4E7A1
S21400C8E82C5C002010B5224B70B94FF40031214A59
S21400C8F81860516602F598325268012A03D11E4A1A
S21400C908D2F800211A6010BD1B68002BFBD01B4A0A
S21400C9185268012AF7D0184A8020C2F80031FFF77B
S21400C928EFFD05281FD14FF4C070FFF73BFC012828
S21400C938044604D102214FF4C070FFF733FF0722E4
S21400C9480F4B1A610122A3F580535A600B4A1369EC
S21400C958DB07FCD5012CD6D12146BDE810404FF4A4
S21400C968C070FFF71FBF0122064B5A60CBE700BF17
S21400C978D83D0020009000500080005000C00150B4
S21400C98800E0015000D00150044A4178536F23F468
S21400C998407343EA01235367704700BF00400050C6
S21400C9A810B5044610B10020FFF79CFF124A136921
S21400C9B843F0040313612EF0F5FB26F0E5FD0F4B5C
S21400C9C85B6E5B0142BF0E4B0E4AC3F820242FF065
S21400C9D81AFF30F0C5F92FF011FF26F0D6FD02F049
S21400C9E8FFF81CB9BDE810402EF066B80120BDE877
S21400C9F81040FFF777BF00BF00ED00E00080005052
S21400CA0800E003500000FF0F034A0179D36E23F0BD
S21400CA1830030B43D366704700400050F8B5044611
S21400CA281C4BD3F88420D106FBD4D3F88430C3F348
S21400CA3881139C422CD02EF025F8012C064602D1F4
S21400CA48214626F096FD2FF0DEFE4FF00072124BC0
S21400CA5807465A66204626F09FFD4FF480630D4D24
S21400CA68621E93402B676B6E9A0103D4D5F8843008
S21400CA789B060AD538462FF0C1FE022C08D1304650
S21400CA88BDE8F840002126F074BDD5F88430EAE702
S21400CA98F8BD00BF004000500060005010B50C46BE
S21400CAA808B92DF0EFFF074B21461B783BB1064B24
S21400CAB8984204D80120BDE81040FFF7AFBF022017
S21400CAC8F9E700BF2E5C0020005A62020278034B8A
S21400CAD8012100201A70FFF7E1BF00BF2E5C00207E
S21400CAE84FF0004238B5264B26495A6601224A605E
S21400CAF84AF6CD3103F50B235D6C1964154030BB3F
S21400CB089968C9070BD4002401221F4B5A6015B137
S21400CB181E4B1F4A1A642BF01BF8204638BD1A49CC
S21400CB288A601C4AD96ACC0705D4904201D10724EA
S21400CB38EAE70130F6E79042E5D1F8E70132DC6A29
S21400CB4814F0080406D08A42F8D10724DFE700224A
S21400CB581049F4E78A42F8D020220B4B0B495A6258
S21400CB680122A3F580539A6023460A4A486A80063B
S21400CB7803D49342E9D00133F8E79342C7D1E4E7F8
S21400CB8800900050005009500060095000400950BD
S21400CB983254FFFF40420F004FF0004238B5174BA3
S21400CBA8174C5A66012203F50C235A604AF6CD3311
S21400CBB8656C2364437893401343124AD363C3785F
S21400CBC88178A2689B0043EA011322F0740213439B
S21400CBD8A3600279837943EA022323614279C37901
S21400CBE843EA022363610078FFF77AFFEB0744BF46
S21400CBF8054B23642AF0ACFF012038BD0090005096
S21400CC0800400950004000503254FFFFF8B5044673
S21400CC180D461F4616464AB101238B403021184A56
S21400CC2801FB0022F7B141F21001535004EB440314
S21400CC38072D4FF00F014FEA031316D8A80006FA7F
S21400CC4800F281400F48184426F0A7FC4EB901238D
S21400CC5830210B4AAB4001FB042277B141F21001A8
S21400CC685350F8BD42F21001DFE7A5F10800800036
S21400CC7806FA00F281400448E5E742F21001EFE7C1
S21400CC8800C0035004C003500CC0035001210246E4
S21400CC9800F5805310B55960244B2549C360536985
S21400CCA80B40FCD19361C2F89830536913F4401FC7
S21400CCB8FBD15369D9052DD4936F5BBB53699B058C
S21400CCC82AD4D2F8881039BB1046D36FD2F88C30E5
S21400CCD826F072FC302391601161D16211621367ED
S21400CCE8C2F88030134B9A4208D142F26000124BC9
S21400CCF89064136551659065136651660D4B9A42AC
S21400CD0802D1002010290AD10C4B02F500525362BA
S21400CD18936210BD536FCCE7D2F88430CEE701F1AA
S21400CD28280443F824000131ECE700BF1200020093
S21400CD38520001000040005A00C002808F330F8066
S21400CD48084608B569B92A20FFF796FAB0B10C4B21
S21400CD58984206D90B4B9B68C3F302730133B0FBAA
S21400CD68F3F0094B00F5742000F23F20B0FBF3F017
S21400CD7801387F2828BF7F20C0B208BD0120F0E711
S21400CD88005A62020040005A40420F000B4B10B592
S21400CD98994228BF19460C461AB92A20FFF76CFA9A
S21400CDA80246631E1344B3FBF4F0A34228BF00F107
S21400CDB8FF30032828BF0320C0B210BD005A620205
S21400CDC810B51048104C002B08BF04468C4228BFEC
S21400CDD80C461AB92A20FFF74FFA02469DF8083083
S21400CDE840F2FF300133B2FBF3F2631E1A44B2FB83
S21400CDF8F4F3A24228BF03F1FF33984228BF18462F
S21400CE0810BD00BF80969800404B4C002DE9F04FAF
S21400CE182DED048BB64E0C4687B0154631460022DB
S21400CE280746FFF7B3FF94F80580804538BF80466D
S21400CE38384626F0C1FB20795FFA88F850B92A20D0
S21400CE48FFF71AFAB042014628BFB0FBF8F1384699
S21400CE58FFF776FF4FF00009E37822781B0152426D
S21400CE6802F0020203F030031343627800045242D1
S21400CE7802F004021343A27800F4FE00524202F0C5
S21400CE88080213434FEA087202F0E04213431843BD
S21400CE98E3882289B8603B616389DFF860A243EAC9
S21400CEA802433B62574502D1B9F1020F08D101236C
S21400CEB807F580577B6007B0BDEC048BBDE8F08FA4
S21400CEC800222E788B488C49AC68964218BF0146DB
S21400CED833468A48CDF80080FFF772FF07EB091142
S21400CEE88B6CA2B223F0435323F41D1323F4405350
S21400CEF823F01F0306F003041C436B7882424FEAB4
S21400CF08830303F01C0344EA0304AB7838BF0246E5
S21400CF181B03E87803F4E0432343040404F4E02402
S21400CF2823432C7C4FEA091C640504F4600423435D
S21400CF382C7909F1050B240704F0405423438B642D
S21400CF488C6C6F49C4F30234013C042C26D8DFE805
S21400CF5804F0252503101A00D1F88041240C2EB3BE
S21400CF68C2F309020AEB0B135A6009F101091435DA
S21400CF7898E7D1F88441002EF2D1D1F88C11A4B2EA
S21400CF880914490015E0D1F88441002EE8D1D1F8FB
S21400CF988C11240C091401EB41010AE0D1F88041F8
S21400CFA8A4B2002EDCD1DFED577A06E0D1F88C115A
S21400CFB8091407EE901AF8EEE77A01210CF1B44C42
S21400CFC80CF5804C2304DCF8483024F4C046C3F340
S21400CFD8820C0CF1010C01FA0CF107EE101A4FEA5C
S21400CFE8864648BF46F0004613F01C0FB8EEC79AB0
S21400CFF8F6EE008A424B4CD1D3F88C110BB208EEF1
S21400D008103AB8EEC88A38EE278A002858D105A8FC
S21400D018039200F013F9DFED3C7A28EE278A039A8C
S21400D0289FED3A7AC7EE097A9FED397A67EE877AE6
S21400D038B1EE007AB6F1004F48EE077A0BD09FEDB6
S21400D048357A06EE104A77EE876ABAEEE86AF0EEA8
S21400D058477A56EE267AF5EEC07AF1EE10FACBBF8E
S21400D068F1EE677A78EEE78A77EEE87AFDEEE87A08
S21400D078C8BFFDEEE77A17EE901AB1F5003F2EDB33
S21400D0886FEA56466FEA46461C484FEA0B1146506A
S21400D09866E7D3F8901169EE286A09B207EE101A07
S21400D0A8B8EEC77AD3F8881177EE677A0BB208EE2F
S21400D0B8103A87EEA67AB8EEC88A38EE078AA4E74A
S21400D0C8D5ED037ADFED146AF8EE677A87EEA67A6E
S21400D0D8F7EE046AC6EE877A27EE888AA0E711F587
S21400D0E8003FAABFC1F3110146F400360E43CBE752
S21400D0F8005A6202404B4C00809698000040005A46
S21400D1080080E00F000000003D3B843F00008043A5
S21400D118000020440000004900007A444FF4003222
S21400D128054B9A6641F6713203F51C33DA63012221
S21400D13803F50053DA6070470090005041F67132EC
S21400D1480121064BDA6303F50052D1600022DA6348
S21400D1584FF40032A3F518339A6670470000035060
S21400D168044B1868421C02BF034AD2F894001860A1
S21400D178704700BF8866002000400050CB784A7889
S21400D18810B55B010C7843EA82030A79234343EA25
S21400D19802130C22424302F1B0421363012C02BF71
S21400D1A88A78024B43F8202010BD00BFE880035061
S21400D1B808B54FF0B0435A6802B960B15B680BB166
S21400D1C826F077FA4FF0B04130B10120074B58608F
S21400D1D826F06FFAC86008BD26F06BFA0223CB600B
S21400D1E826F067FA0122024B5A60F4E7001000584E
S21400D1F8002000584FF0B0414B6810B50BB126F030
S21400D20858FA01220B4BC4785A608378934043EA55
S21400D218840344782343047943EA0413447943EAAD
S21400D228C4038B60044B5A600378C3F10203CB60D7
S21400D23810BD00BF00200058001000584FF4803280
S21400D248064B5A6603F5E6235B69C3F385128270BC
S21400D25803F03F021B0B42700370704700900050AB
S21400D268024B1868C0F30740704700BF0080E00F05
S21400D2780120034B9B680A3303F01F03984070474E
S21400D2880080E00F034BD3F82424D3F82004104082
S21400D298704700BF00C003502DE9F8431E4B0546F3
S21400D2A8D3F810334B1E0E2B0E46174690F80090F8
S21400D2B844781DD909B34FF000082846D7B12FF097
S21400D2C8BDFA09EB4903072C4FF00F014FEA031389
S21400D2D815D8A400114808FA04F2A140184426F00C
S21400D2E8F0F9BEB928468FB1BDE8F8432FF0A6BAC4
S21400D2F88846E2E726F0F4F9E3E78846E1E7083CE3
S21400D308A400074808FA04F2A140E7E7BDE8F84396
S21400D31826F0E6B9BDE8F88300C0035004C0035001
S21400D3280CC003502DE9F0412B4B1746D3F81023B9
S21400D3384A1C06460C46407804D1D3F8241426F036
S21400D348DDF90446002C2FDB072C4FF00305327856
S21400D3582DDC4FEA840805FA08F529461F4802FA24
S21400D36808F226F0AEF9294672781D4802F0030244
S21400D37802FA08F226F0A5F9012317F0050F194A54
S21400D38818BF194903FA04F30CBFC2F81034C1F8E1
S21400D398103417F0060F18BF134AC2F814340123C6
S21400D3A8104AA340C2F820342046BDE8F081A4F114
S21400D3B808084FEA880805FA08F529460B4802FACD
S21400D3C808F226F07EF97278294602F00302084829
S21400D3D802FA08F2CEE700BF00C0035000C40350AC
S21400D3E808C4035000E0035000D0035004C40350A0
S21400D3F80CC4035070B504462AF0EFFB064630B955
S21400D4080FCC044D0FC594E8030085E803003046AA
S21400D41870BD00BFDC3D002047F6FF739A42F0B5AA
S21400D42869D0022969D8364B5B5C012B65D8354D27
S21400D438DE0005EBC30415F83330A178012B13D1B1
S21400D4480025E078401AA84202D80844C0B2F0BDC9
S21400D458431B6668A0EB530336F913609642D4BFA5
S21400D4681D4603F1FF30EEE760680028EFD0B0F9FC
S21400D4780040944204DBB0F902409442B8BF144618
S21400D48883883544FF2B19BFC8232827B0F90630F0
S21400D498B0F90870A3EB04030CBF0122002293FB2B
S21400D4A8F7F36E7813441BB29E4201DD002B01DAB7
S21400D4B8731E1BB24FF47A7C00EBC305EA88AD688E
S21400D4C85F1C14FB02521D4622EAE2723BB25C3233
S21400D4D89E42B2FBFCF204DD00EBC307BF8897420E
S21400D4E8EAD200EBC5039888904228BF10468842C7
S21400D4F838BF0846AAE7FF20A9E70020A7E700BF2D
S21400D508346D0400DC3D00200229F0B555D82C4BBC
S21400D518585C012851D82B4C04EBC00114F8300095
S21400D5284B6801280FD1C8788C78904294BFC4EB1A
S21400D5380001C4EB0201001BCAB28242C8BF002227
S21400D54833F91200F0BD002B37D08878904202D30A
S21400D558B3F90200F6E7CC78B3F900009442F1D9A3
S21400D5684C789988013CA1F1FF06714203F1040545
S21400D578E4B2714103F10C07CEB2B44216D805EBFB
S21400D588C1014FF47A756A43B1F902404968521AE4
S21400D59804EBD47102EB610292FBF4F29042D1DB09
S21400D5A8B3F902009042CDDC10B2CBE737F831C0B1
S21400D5B84E1C9445E3D33146DEE70348C2E700BF76
S21400D5C8346D0400DC3D00200080FFFF08B50448E9
S21400D5D8FFF710FFBDE8084001202AF004BB00BF93
S21400D5E8386D04007FB51422002101A810F01AFB3C
S21400D5F8044B01A94FF0FF3002932AF03AFB07B01C
S21400D6085DF804FB006A18004FF40052034B002034
S21400D6189A660322C3F86022704700BF0090005045
S21400D6284FF40052034B00209A660322C3F8602288
S21400D638704700BF00A000502DE9F04F894691B012
S21400D6480DF1300B8246DDE91C64174600211022D6
S21400D658584698461E9D10F0E5FA1F9BB9F1000F34
S21400D66804D16FF0860011B0BDE8F08F002FF8D017
S21400D6780EB9002CF5D11A9A12B91B9A002AF0D1C5
S21400D6880DB9002BEDD1209A002AEAD0424A9045DF
S21400D69802D0424A90457CD1BAF80020B2F5105F15
S21400D6A877D1BAF80220B7EBD20FDAD322F04001CE
S21400D6B8802902D0B2F5807FD3D11CB9209B0020E8
S21400D6C81C60D0E7AE421FD2321995421CD29C424B
S21400D6D8C7D831462246284610F0F6FA2F4B2E4673
S21400D6E8984526D014F00F03BBD1CDE90097CDE9B5
S21400D6F80236CDE90443CDE906540893FFF784FFC4
S21400D70850B16FF09200AEE7244A90450FD09C4285
S21400D718E8D96FF08900A6E7684606AA03A90EF0BE
S21400D728A7FD0546FFF77CFF0543C7D0E9E79C42FF
S21400D738EFD81B9B0D2B94D101238DF830301A9B04
S21400D7480DF1310203F10C0153F8040B8B4242F839
S21400D758040BF9D11B781370012310228DF83F3083
S21400D7680023CDE90097CDE90A23CDE90236CDE9B5
S21400D7780443CDE90654CDF824B00893FFF744FFD8
S21400D7880028BED1684609AB06AA03A90EF098FD84
S21400D798C7E76FF0850066E7004440040013C0043E
S21400D7A82DE9F04F91B09046DDE91A45DDE91C6B8E
S21400D7B81F468946DDF878A021B96FF0860011B0BB
S21400D7C8BDE8F08F002AF8D00CB9002DF5D116B9AF
S21400D7D8BBF1000FF1D1BAF1000FEED0484B9F42D3
S21400D7E803D0484B9F4240F087800388B3F5105F0C
S21400D7F840F082804388B8EBD30FDED323F0400294
S21400D808802A02D0B3F5807FD7D125B90023CAF87D
S21400D81800300020D3E7102D05D1394B9F42F5D1B3
S21400D828B44202D343E0B4423ED263199E423BD28E
S21400D8385D45C2D821462A46304610F045FA304B98
S21400D84834469F4238D00D3D5D4532D801238DF8C9
S21400D858303023460DF1310204F10C0153F8040B65
S21400D8688B4242F8040BF9D11B780D3413704FF431
S21400D8788073ADF83E300CAB102209930023CDE937
S21400D8880098CDE90A23CDE90345CDE90536CDE96B
S21400D89807530293FFF7B8FEF0B9684609AB06AA25
S21400D8A803A90EF021FD1FE0164B9F42CBD05D4525
S21400D8B802D96FF0890082E715F00F037FF47DAF79
S21400D8C8CDE90098CDE90234CDE90453CDE90665E3
S21400D8D80893FFF799FE10B16FF092006FE768465D
S21400D8E806AA03A90EF0D8FC0446FFF799FE0443DF
S21400D8F8F2D1CAF800508CE76FF085005FE700BFEA
S21400D908004440040013C00410B54FF42F720021E1
S21400D918044610F087F98023C4F88C30054B04F1D0
S21400D9289C00C4F88430012384F88830BDE8104091
S21400D93825F0D7B804D5030010B5D0F8A0400A469D
S21400D9488CB926F0DBF8044610B90024204610BD32
S21400D9582D2896BF064B074953F82010064A074855
S21400D96826F012FAF2E7D0F8A4101046A047ECE723
S21400D978BC6D040007D50300A2D0030037D6030009
S21400D988F8B590F88060044616B100263046F8BD13
S21400D99825F0E7FE0028F8D1012384F8803094F8B3
S21400D9A8883033B1D4F884101F4884F8886026F08D
S21400D9B8EBF94FF0FF37D4F8B402421C1FD0C4F876
S21400D9C8B47210F0FF052CD0204625F0C7FE294675
S21400D9D8204600F0A7FB0028EDD0204625F0CCFE18
S21400D9E894F888303BB1D4F884100F4826F0CCF968
S21400D9F8002384F88830002384F88030C6E726F0B1
S21400DA08A8F9431CDDD1D4F88C30D4F89420013B17
S21400DA189A4204DB054A0649064826F0B5F9012667
S21400DA28E9E70126C7E700BFD9E70300A2D003004D
S21400DA3815D5030037D60300F8B50B780446302B07
S21400DA480D46164604D14B7803F0DF03582B11D049
S21400DA58284F6A1E12F8011F002934D128460A22C8
S21400DA680FF0D0FF202C03460D4631D1B1FA81F0D5
S21400DA7840091AE04A1C1F4912F8013F8BB928468C
S21400DA880FF0CCFF1C4B02382340032B12D1013475
S21400DA98A41084420AD1A87837288CBF0020012019
S21400DAA803E0CB5C13F04400E6D1F8BDCCBF012000
S21400DAB80020FAE7002CB8BF0334B0EBA40FD4BF9D
S21400DAC801200020F1E77B5C13F00400C2D1ECE7EC
S21400DAD826B1084302D0013B61F100050122A240AD
S21400DAE8013A1A40002D08BF9A420CBF01200020B8
S21400DAF8DBE700BF3D94040003000080F0B5037820
S21400DB0801467B2B17D10646022400220B4F16F837
S21400DB18015F7D2D05D10B5D6BB9D24302F0010084
S21400DB2808E07B5D13F0440002D001320134EEE7D2
S21400DB38202DFBD0F0BD0020FCE700BF3D9404007C
S21400DB4870B506460D460FF069FF0446304626F0C7
S21400DB581BF9044EAC4200D370BD304626F014F9CB
S21400DB680134F7E7B1DE03002DE9F84F0446022139
S21400DB785148FFF7E5FF1E212068FFF7E1FF6368BD
S21400DB88586826F001F94D4826F0FEF867683B7B92
S21400DB98FD2B12D8D7F808804FF0FF3640460FF016
S21400DBA83DFF0546DFF81091DFF870A1DFF84CB1AD
S21400DBB80C3717F8013BFF2B01D1BDE8F88F212B56
S21400DBC818D8212B36D8DFE803F0377274111B1DDE
S21400DBD81F213535353535353535232527292B2D60
S21400DBE82F3135353535353535353D33344C002D03
S21400DBF82BD12EE0334C344AFE2B08BF1446F6E7EA
S21400DC08324CF4E7324CF2E7324CF0E7324CEEE7AF
S21400DC18324CECE7324CEAE7324CE8E7324CE6E7BF
S21400DC28324CE4E7324CE2E7324CE0E7324CDEE7CF
S21400DC38324CDCE7234CDAE7314CD8E726F098F884
S21400DC4801362AE0002DB4D02E4C202B06F1010612
S21400DC58AFD002214846FFF773FF1E214846FFF75C
S21400DC686FFF504626F090F85946204610F030FAD6
S21400DC782549002818BF2146244826F085F83B7811
S21400DC88202B02D12B2026F073F8214826F07CF8AA
S21400DC984DB118F806301F2B05D018F806001F28B7
S21400DCA801D0AE42CADB054826F06EF881E7194C6B
S21400DCB89DE7194C9BE700BFC5210400A2D00300CE
S21400DCC8BFD50300D1D50300F7F103001CD6030027
S21400DCD823D6030014D6030010D6030007D6030085
S21400DCE8FDD50300F3D5030008D60300FED50300D0
S21400DCF8F4D50300E9D50300E2D50300D9D503001F
S21400DD08BED50300C4D50300CFD50300D9E703006A
S21400DD1848D903001BD6030022D60300DFF203000F
S21400DD282DE9F04F9BB005468B46002400920393DE
S21400DD380FF074FE249F039B04901C6028463C60EA
S21400DD480AAA09A926F042F8064658B90A980FF012
S21400DD5865FE3446B046039B1860D5F89C3002939F
S21400DD68029B1BB920461BB0BDE8F08F029BD3F878
S21400DD780890B9F1000F6CD02E4416F8013B202B02
S21400DD8811D000260C23734309EB030A59F8033015
S21400DD980193002B58D0099B434555DB9AF8082079
S21400DDA82AB1721C39E03B6801333B60E5E7396805
S21400DDB8D5F894200793039B521A1A601AAB03EB04
S21400DDC8880151F8403C01991846059310F040F92F
S21400DDD806900028E5D101980FF020FEDDE906231D
S21400DDE80146DAF80400D7F800A090F80CC0BCF199
S21400DDF8FE0F16D103F1FF3EC64512D0D0F80090AC
S21400DE08059801920FF00AFE0AF1010A019A504499
S21400DE182B5C23B1386008F101081646B2E70130DA
S21400DE28F6E7D5F894200591A2EB0A028A4220DC90
S21400DE3858460FF0F3FD059901447B290DD958463D
S21400DE481F4A009924F074FE2B46049A2A449342EB
S21400DE582CD1029B1B68029382E7DDE90012584624
S21400DE6824F066FE5846174A0099013424F060FEEE
S21400DE7897E7BCF1FE0F94D1013B434591D1D0F80A
S21400DE8800A0DFF840905AF80C2B22B9049B3B60A0
S21400DE98039B1A60D8E75846009924F049FE4A467C
S21400DEA85846009924F044FE0134ECE713F8011BA9
S21400DEB80029CCD14FF0200103F8011CC7E700BFAA
S21400DEC829D60300B1DE03002DE9F047002486B00A
S21400DED81C60DDE90EA8064689468AF800401168E7
S21400DEE8154888F8004017461D468DF81740FCF779
S21400DEF867F818B901242B6801332B600020D6F880
S21400DF089C6036B914B1012388F8003006B0BDE825
S21400DF18F087B06868B14B460021CDE902A8CDE984
S21400DF2800750DF1170225F088FD9DF81730002BB7
S21400DF38E8D13668E5E700BF2ED603002DE9F0479E
S21400DF480446ADF5447D8022002104A802AF0FF0F8
S21400DF5869FE80222046009703AB04A9FFF7E0FE7F
S21400DF6801283DD104A80FF059FD03993B68461ACD
S21400DF780B4426EAE6762344054604A832460144BE
S21400DF8818460FF0DFFF00228255D4F89060039BF6
S21400DF983968D4F890201944B14212DCD4F89410A9
S21400DFA8E81A0244C4F89020014404AAC4F894105D
S21400DFB8D41825182B1B002B0DDC0DF5447DBDE869
S21400DFC8F087A05C25F0D4FED4F8903001360133F3
S21400DFD8C4F89030DBE714F8010B25F0C9FEE9E732
S21400DFE8EBDD24AD8022002128460DF5887A0FF057
S21400DFF819FE0DF110094FF40072002150460FF07B
S21400E00811FE4FF001084A46002312F8016BA6B924
S21400E01804A84AF828300FF001FD294633469845EB
S21400E0281CDB19F8016B0DF5887C5CF8042B824222
S21400E0380CD101F8016B0133F1E7202E03F101033F
S21400E04804BF4AF8283008F10108DEE70DF1100E83
S21400E0587244D25CB242E8D00022EA54D4F8906007
S21400E068039BB3422FDC23462C4A04A92C4825F0F0
S21400E0788BFE28460FF0D2FC0646039B3F68F61A2E
S21400E0881F4426EAE672E01917441D44E11904F114
S21400E098900399423CD904F19803984238D26A1EF4
S21400E0A881190B1A002B27DD12F8013F00F8013BF7
S21400E0B8D4F890300133C4F89030D4F89430013353
S21400E0C8C4F89430EDE7D4F890300136E05C25F0DB
S21400E0D84FFED4F890300133C4F89030C0E7D4F837
S21400E0E89020013B0132C4F89020D4F894200132E5
S21400E0F8C4F89420002BF2DC00232E44E355731B4F
S21400E108002B7FF75AAF15F8010B25F031FEF6E71E
S21400E11829460FF017FF3346ECE700BF04D5030087
S21400E12833D603002DE9F843D0E9245604460F46B3
S21400E138002294F89830012B07D10A2F07D1002324
S21400E14884F898300020BDE8F88300F29F801B2FE3
S21400E15801D10223F4E70D2F0DD1012384F898305E
S21400E1680D2025F005FE0A2025F002FE00230120DA
S21400E178C4E92433E7E74FF00008082F84F89880AE
S21400E18834D1454530DDB5420FD1384625F0F0FD8F
S21400E198202025F0EDFD013D384625F0E9FD013E3D
S21400E1A804F80580C4E92456CCE7FBDA05F1FF3904
S21400E1B8384625F0DDFD04EB0903A6EB09026119D4
S21400E1C818460FF081FD04F806800146013E4848CF
S21400E1D825F0DAFD35464D4501DC4D46E2E70820D8
S21400E1E825F0C6FD013DF6E7ACD0DBE77F2F1CD156
S21400E1F8002EA7DDB542A5DA6319691C2144184626
S21400E208721B0FF061FD04F806800146394825F0B8
S21400E218BBFD0820013E25F0ABFDB542F9D1D4F888
S21400E2289430013BC4F894308CE70A2F98D0092F15
S21400E23803D12046FFF782FE84E7D4F88C30013BF2
S21400E248B3427FF77FAFB54204EB050805F1010935
S21400E2580CDB384688F80070D4F89430C4F89090F0
S21400E2680133C4F8943025F083FD6BE74146721BF2
S21400E27804EB09000FF028FD404625F085FD082030
S21400E288013E25F075FDB542F9DDE2E7022B06D121
S21400E2985B2F01D1032353E784F8982049E7032B23
S21400E2A87FF450AF413F84F89820032F3FF64AAFDB
S21400E2B8DFE807F002070A160121204625F009FDC7
S21400E2C840E74FF0FF31F8E7B542BFF63BAF605D79
S21400E2D825F04EFDD4F890300133C4F8903031E77D
S21400E2E8002D7FF72FAF013D0820C4F89050BAE7FD
S21400E2F83CD6030036DA030007B56B46054A1068B5
S21400E308516803C36846FEF747FC002003B05DF873
S21400E31804FB00BF746E040030B58BB06C46174D16
S21400E3280FCD0FC40FCD0FC495E8030084E8030093
S21400E338134BD3F84C2112031CD5A3F5FE431C88B7
S21400E3484FF6FF739C4208BF8C248DF81940FEF7E1
S21400E3581DFA204480F308008DF818000948FBF7DA
S21400E368C7FE6846FEF772F93220FEF715FA002057
S21400E3780BB030BDD3F85041E4B2E6E77C6E04003B
S21400E3880080E00F00F049020028ACBF00F16040B2
S21400E398064B4FEA0111C9B2ABBF00F5614000F069
S21400E3A80F0080F800131954704700BF14ED00E002
S21400E3B808B52EF035FA0B4B1A7872B901221A7086
S21400E3C82EF029FA6FF0040210460132052152B2E7
S21400E3D8FFF7DAFF402AF7D108BDBDE808402EF05F
S21400E3E81ABA00BF2F5C0020002807DB012341096A
S21400E3F8034A00F01F00834042F82130704700BFF0
S21400E40800E100E0054B421153F8223000F01F00EF
S21400E41823FA00F0C04300F00100704700E100E076
S21400E428002808DB01224309034900F01F00824048
S21400E438603341F82320704700E100E010B5044639
S21400E4482EF0E1F9024B1C602EF0D8F9002010BD22
S21400E458FC3D002010B52EF0D6F9034B1C682EF0B4
S21400E468CDF9204610BD00BFFC3D002038B50C464F
S21400E4781546014610B9FFF7EDFF01462B46224622
S21400E48803480EF0D3FA0028D4BF3720002038BD42
S21400E4982B3F030008B500F017FC18B16A210248A4
S21400E4A82EF045FA002008BD41D6030008B500F056
S21400E4B849F80C4A536A43F470235362EFF308830F
S21400E4C84FF0CD31084A043B934208D200F070FA68
S21400E4D8FFF7E0FFBDE808400448FEF78BBF43F8A7
S21400E4E80419F1E700ED00E008000020386D04008C
S21400E4F807B5042200200DEB020129F032FB0428A0
S21400E50803D0D72104482EF012FA019800F0DCF95F
S21400E51803B05DF804FB00BF41D60300082310B51E
S21400E5280C0A41400648C9B241F30002013B0240CA
S21400E53813F0FF0382EA5101F6D184EA010010BD08
S21400E5482083B8ED38B5FEF70BFE044625F0ABF889
S21400E558E3072AD401221046114600FA01F32340A5
S21400E56802F1010223D01D4B33F811301C48062B4C
S21400E578028844881B4920D14FF20F039C4219D1C8
S21400E588B2F5406F28BF4FF4C0624CF23C330A80A5
S21400E598438040F201730A889A4201BF124B134A1D
S21400E5A8D2E90001C3E9000115E00021DBE7102AE3
S21400E5B8D2D1DBE74FF4C062E7E740F20725AB426B
S21400E5C80AD14FF20F05AC4206D19A4204D14CF25A
S21400E5D83C320B80428038BD0B80DAE7407004007E
S21400E5E8446300201A570020003E00203C630020A9
S21400E5F8014B1888704700BF1A570020014B18882F
S21400E608000A70471A570020044B05481B881A0A48
S21400E618B3F5406F38BF00EB820070471A570020EA
S21400E62810700400044B1888044B020A53F8223072
S21400E638C0B203EB800070471A570020E06F040052
S21400E64810B504462EF0E3F84FF20F02044B1C8078
S21400E6585A80BFF35F8FBDE8104025F02CBC00BF82
S21400E668446300206D4A2DE9F0416D4B55686D4CAA
S21400E6785D65516A99656C49D1F80002D865D1F88C
S21400E6880412586B1966916A10F0040F5966D16A1D
S21400E6984FF000009966116BD966516B1967D26BFB
S21400E6A8D8645A67D3E90E1218BF11465F4A9142DA
S21400E6B81A655DD301F12000A04259D88869C5F3D0
S21400E6C808051864CE69062D5E6455D1584DA842D3
S21400E6D852D3584DA8424FD205884DF6426085421F
S21400E6E84AD11868C3F890005868C3F8940040F2F6
S21400E6F80170A242154604D22E680432B6F1CD3F08
S21400E708F7D00022C3E91E22C3E92022C3E9222249
S21400E718641BDFF81CC1434DDFF818E19C648D428A
S21400E7282DD8D3E91EC7D3E92065D3E922414FF097
S21400E738000E013AD2B2FF2A3CD1BEF1000F05D036
S21400E748C3E91EC7C3E92065C3E92241B3F85430BC
S21400E758C3F308030C2B3BD8022B54D9DA1E092A1C
S21400E76851D8DFE802F03157404350505050504DD2
S21400E7780021C3E910112D494FF42060B9E755F878
S21400E788044D6445CBD37445C9D2E607C7D50026E1
S21400E798294F57F8048FA045C1D00136062EF8D168
S21400E7A832B1013AD2B202F11E0643F82640B6E765
S21400E7B80522F8E7E0464FF0010EBC4637462E46DF
S21400E7C825460C464146B4E740F60120BDE8F081F0
S21400E7D83B2B18D1194B9B6913F0020F40F20253DA
S21400E7E818BF1846F2E740F60320EFE740F6042283
S21400E7F840F20173B0F5206F0CBF10461846E5E7E7
S21400E80840F60520E2E740F60722013B4E2B98BF6C
S21400E8181046DBE740F60220D8E700BF00ED00E030
S21400E828AC6200200810002000E100E0080000208C
S21400E8381863000040CD0300206300200080015AC2
S21400E84800F00CB800F00AB800F008B800F006B8F7
S21400E85800F004B800F002B800F000B872B61EF077
S21400E868080F09D01EF0040F0DD0DFF850E0AEE810
S21400E878FF1F6FF002000CE0DFF840E0AEE8FF1F75
S21400E8886FF00E0005E0DFF834E0AEE8FF1F6FF02B
S21400E89806006946EFF309828EE8070086460848B0
S21400E8A8084C854501D3A54501D384F30888FFF7AE
S21400E8B8D9FE84F30888FFF7C3FE0000AC62002088
S21400E8C848000020081000204BF6EF6283B2002BA9
S21400E8D808BF1346044A000C13804FF6CE2308BF21
S21400E8E81846024B188070478A6B0020886B0020F9
S21400E8F80B4BB3F900201888002AB8BF80F06200D6
S21400E90842001A80074AB2F9001013880029BCBFD3
S21400E91883F4805383F00B035900118058407047E6
S21400E9288A6B0020886B002007B5684600F01AF846
S21400E938DDE900010022034B03B05DF804EB25F087
S21400E948B6BD00BF083E002007B5009313460A462A
S21400E9580146034825F05FFB03B05DF804FB00BFE3
S21400E968083E00200249034A0160521A4260704776
S21400E978506C00200080002000487047083E0020A9
S21400E98838B5416004462DF03EFF0546214604484A
S21400E99824F0AAF82846BDE838402DF02FBF00BF5F
S21400E9A8303E0020014824F09CB800BF303E0020CE
S21400E9B80222014B1A6770470040005070B52DF0D0
S21400E9C822FF174E054617482DF04BFF3378CBB974
S21400E9D800F07AF9044620B128462DF00FFF2046AD
S21400E9E870BDFFF7DFFF2EF015F80F4B1C602CF0FC
S21400E9F85BFD0E4B0E4A1860536F43F001035367D6
S21400EA0825F071FD00F074F825F084FD094B00240C
S21400EA1818600123284633702DF0F0FEDFE700BFAC
S21400EA283C5C0020AC6E0400343E00205C3E0020B7
S21400EA3800400050383E002038B504462DF0E3FE6E
S21400EA480F4D02462B78FF2B04D1B4B1BDE83840F1
S21400EA582DF0D4BE1BB9002CF8D0012103E0002C01
S21400EA6814BF0121FF210B44DBB22B70B3FA83F3EA
S21400EA7804495B0910460B70E8E71946F3E700BF40
S21400EA88395C0020385C0020054B1B685843054B52
S21400EA9800F5742000F23F20B0FBF3F0704700BF8B
S21400EAA85C3E002040420F0073B50F4E0446337894
S21400EAB8834211D000238DF80430430001A88DF856
S21400EAC805300A4DFDF760FF40203CB1FFF7DCFF3C
S21400EAD82B68181A2860347002B070BDFFF7D4FF90
S21400EAE82B681844F6E700BFCA6B0020943E002047
S21400EAF873B5002401A88DF80440FDF7E7FF20460B
S21400EB08FFF7D2FF2C4B2D4AD3F8003103F003034E
S21400EB1813604FF400222A4B5A664FF400325A66A6
S21400EB282CF03CFA4FF4C870FFF7AEFF254B264A88
S21400EB381860264913680134E4B20A2C41F8040B1D
S21400EB48F9D1034400EBC00003441360204B214D69
S21400EB581B7813B3184BD3F8003103F00303022BCA
S21400EB6823D0032B24D0012B17D12BF0BFFF02464E
S21400EB7898B1194B194EDC6800231946C4F30B04E8
S21400EB88013404EB84040138E4FB06010EF0DEFCD5
S21400EB98FFF77AFF2B6803442B601F20FFF774FFEC
S21400EBA82B6803442B6002B070BD2BF0A5FFDEE790
S21400EBB82DF03CFEDBE700BF008000509C3E0020A6
S21400EBC800900050603E0020643E0020683E002012
S21400EBD8405C0020943E002000C0015040420F00D8
S21400EBE80122154B10B55A67144B154C1B7813B3F6
S21400EBF802202DF000FFF0B12CF0DCFCD8B1A36D9C
S21400EC08D90302D5E36D9A0715D40D4B9B6DDB0728
S21400EC1811D401220B4B1A702DF0E1FEBDE810400E
S21400EC28094B0A4A1860136F23F0070343F00303DF
S21400EC3813672BF041BF10BD00D00050415C002088
S21400EC4800C000503E5C0020903E0020008000502F
S21400EC580122014B1A707047415C002008B5FFF787
S21400EC6863FEFEF7FDFA01280ED1144B04205A6EF7
S21400EC784FF480231249520358BF124A4B6601F5D7
S21400EC881041086258BF536625F04CFCFFF790FB0E
S21400EC98FFF732FBFFF740FB0DF012FFFFF78EFE83
S21400ECA800F012F825F03FFCFFF700FC25F04AFCC0
S21400ECB828F05BFEBDE8084025F036BC0080005012
S21400ECC80090005000A0005070B52DF0A9FD144E1D
S21400ECD805463478FCB9134B1C60134B1C60134B69
S21400ECE81C6000F031F801202CF052FD2CF044FD99
S21400ECF80F4B0246186020B928462DF08CFD2320BD
S21400ED0870BD234640F2E7310A480EF01FFC0A4B56
S21400ED1818600123337028462DF07DFD0020EFE7AC
S21400ED28445C0020B03E0020AC3E0020B83E0020E8
S21400ED38B43E002018FCFFFFA83E0020014B1868D0
S21400ED48704700BFA83E00201FB50024194B18685E
S21400ED589A880290D3F806009B7A00901648ADF879
S21400ED680C208DF804302DF07CFD02A88DF80840A4
S21400ED788DF80C40FEF73EFA694601208DF80040F3
S21400ED88FEF7FCF940F2FF320C4B9A615A614FF0DD
S21400ED98B042936A13F00803FBD113620120FEF712
S21400EDA807FA0C20FFF73CFB0C20FFF71DFB04B00E
S21400EDB810BD00BF69700400A46E0400002000584F
S21400EDC810B52DF02DFD4FF0B04304465B695A068A
S21400EDD8074A03F0010003F0510348BF40F0020061
S21400EDE853612CF0FDFB2046BDE810402DF013BD06
S21400EDF80020005821282DE9F341054604D82C4662
S21400EE08204602B0BDE8F08100240B4E0B4FDFF819
S21400EE1830800023CDF800801A461946386824F05A
S21400EE28ACF98442EBD2222CE9D056F8043BAB422C
S21400EE38E6D00134EDE700BF88730400846600203E
S21400EE48FFFF0F002DE9F04F644E654D89B025F0A1
S21400EE58C5FB31682868FCF7D5FA0446002827D091
S21400EE6833680024D3E900019A691268904733682A
S21400EE7804A89B699B689847336802209B69DB68EF
S21400EE889847326805985368E7B2B3FBF0F3BB427D
S21400EE98916904F101044ED8CB680020984733687E
S21400EEA89B695B68984731682868FCF7ABFA0446A4
S21400EEB80027DFF844A1DFF84481DFF84491F4B96D
S21400EEC8484B2868DB5D002B00F08380D8F800608C
S21400EED802AB314603AAFCF717FC2D2807D070B9F9
S21400EEE8039B012B0BD031462868FCF761FEDAF845
S21400EEF8003031461A682868FCF7DAFD0446013700
S21400EF08222F0AF1040A08F1040809F10109D6D1EA
S21400EF18B4FA84F3344A5B0913702B681B7C33B14C
S21400EF2825F028FB18B1DB2130482DF000FD2046DF
S21400EF3809B0BDE8F08F12680B6907FB00209847F8
S21400EF489FE7D8F8003003AA194402AB0191FCF7F2
S21400EF58DBFB2D28034601992BD0286813B30BF149
S21400EF68010B5FFA8BF18E422868EAD8204BDB5DEE
S21400EF78002BC4D0F3B27E2B2868C0D8D8F800304F
S21400EF8803AA06EB030B594602ABFCF7BDFB2D287C
S21400EF98B5D059462868FCF70BFE0136044600280B
S21400EFA8E8D0ACE7039B7BB999F80020029B9A420D
S21400EFB8D5D099F80030DAF800202868FCF772FCFB
S21400EFC80028CCD00446D1E70191FCF7F1FD019961
S21400EFD8EFE7084BA346DE5DC3E700BF6466002084
S21400EFE88466002064730400465C0020C8D60300CC
S21400EFF842730400FE7204007470040088730400F0
S21400F00820730400F8B51F46214B04461B780D46AE
S21400F018164623B100F47E23B3F50E2F2BD02046D8
S21400F028FFF7E8FE2128044614D81A4B53F8201098
S21400F038194B1B78ABB1194B212C18681DD8184BE7
S21400F0481B5DD3B13268FCF733FD044650B125F09A
S21400F05890FA07E0FF2807D93A46314680B224F0EE
S21400F0689CFF00242046F8BD4FF4A9710D482DF0EA
S21400F0785EFC0021DCE70146DAE77F2D08BF0025A5
S21400F0883B46324651FA85F1FCF70CFCDDE700BF3B
S21400F098455C002088730400465C002084660020D7
S21400F0A864730400C8D6030008B5520825F064FA4D
S21400F0B830B1BDE808404FF49C7102482DF037BCCB
S21400F0C808BD00BF59D703002DE9F743C707054613
S21400F0D80E46144604D540F2E31149482DF027FCA5
S21400F0E8E10704D54FF4F27145482DF020FC454B56
S21400F0F893F80080B8F1000F20D043F260239D42B9
S21400F10808D12246314640480EF01CFF002003B0C6
S21400F118BDE8F083C5F30B0705F44055B5F5805FE9
S21400F12814BF4FF40F204FF40E20234632467F219B
S21400F138384303B0BDE8F043FFF764BF05F47043F7
S21400F148B3F5805F3FD1C5F30B05304A05F17E6500
S21400F158631E2B44934230D82F46DFF8A49007EB63
S21400F1680408474542D1AA070ED04FF6FF7336F873
S21400F178022BA81E43EA024304220DEB0201019368
S21400F188FFF792FF0235023CA3070ED0023C24F09C
S21400F1980103F35A04226FEA03436FEA13430DEBA5
S21400F1A8020128190193FFF77FFF002CAED02246F4
S21400F1B831462846FFF778FFA8E740F2FD111048C9
S21400F1C82DF0B5FBC8E705F46043B3F5005F04D13E
S21400F1D8C5F30B0505F5FC25BEE740F205210848F2
S21400F1E82DF0A5FB6FF00F074546B6E717F8013B6D
S21400F1F8FF2BB6D04FF4047148462DF098FBB0E7C5
S21400F20859D70300455C00208C6B0020FF03E00FF5
S21400F21810B500F077F825F0FBF9044618B100F0B1
S21400F22879F8204610BD00F07BF804460028F6D191
S21400F2380122014B1A70F2E7475C0020054B1B7849
S21400F24833B1054BC0F3130100221868FCF774BCF1
S21400F25811207047475C002084660020144B2DE977
S21400F268F0411B7805460E461746FBB125F0B7F960
S21400F278012805D9841EE4B2012C09D9212412E0FC
S21400F2883B4631462846BDE8F041002200F052B819
S21400F29800F038F83B4600223146284600F076F85B
S21400F2A8044600F037F82046BDE8F0811124FAE756
S21400F2B8475C0020124B70B51B7804460D46164670
S21400F2C8E3B125F08CF9012805D9831EDBB2012BA2
S21400F2D808D9212410E0324629462046BDE8704069
S21400F2E800F040B800F00EF820463246294625F0D1
S21400F2F891F9044600F00EF8204670BD1124FBE78D
S21400F308475C002008B52DF07EFA014B186008BD52
S21400F318BC3E0020014B18682DF070BABC3E002099
S21400F328024B1968024B1868FCF76CB86466002034
S21400F3388466002037B505460C46C0F31301084816
S21400F348ED02006805D5224603B0BDE83040FCF75C
S21400F358A7B9009313462246FCF75CF903B030BD04
S21400F3688466002030B405461346074A0C46C0F3A8
S21400F37813011068EA0203D5226830BCFCF798BB74
S21400F388224630BCFCF78EBA84660020F7B50546E0
S21400F3980F4614461E461BB92125284603B0F0BD65
S21400F3A80029F9D025F01BF94BF23462ABB2934230
S21400F3B820D14FF0FF3322466946CDE90033254871
S21400F3C83346FFF7E3FF08220546234968460EF052
S21400F3D875FF38B933462246694641F2F010FFF702
S21400F3E8D5FF0546002DD8D13246694638460EF078
S21400F3F8A9FDD2E741F2F01293420FD1174B31190B
S21400F40808299A6CDB6CC7D8CDE9002332460DEB89
S21400F418040138460EF096FD0025BEE702280BD1FB
S21400F428C5F30C4332199342B6D3C5F30B0104F166
S21400F4387E6432462144ECE7032809D1C5F30C4321
S21400F44832199342A8D3C5F30B0104F5FC24F0E760
S21400F4580125A2E7021008C0147404000080E00F1B
S21400F46810B527F037FB28F00EFCBDE81040034621
S21400F47801210220014A02F00BBC00BFF0D70300AE
S21400F48813B5D0E9023253F822301C78204627F00C
S21400F49833FB2346009001210220024A02F0F8FBC3
S21400F4A802B010BD04D80300014B187826F00CBF34
S21400F4B8485C0020FF232DE9F04F8FB01122002171
S21400F4C808A88DF813300EF0ADFB08A826F0BCF897
S21400F4D801210220B04A08AB02F0DAFB41F24903E8
S21400F4E8AE4A0121022002F0D3FB06A826F0DBF97B
S21400F4F808A90DF1130026F0E1F902200021A84A18
S21400F50802F0C6FB002026F010FF10B106A809F08E
S21400F51847FE9DF92A3001210220A24A00939DF851
S21400F5282B3002F0B5FB27F0D1FA831EDBB2FC2B9A
S21400F538054631D8012102209B4A02F0A9FB012486
S21400F5489A4E9B4FDFF8D08223463246002102208F
S21400F55802F09EFB05A9E0B227F0BAFA034650B1BE
S21400F568A0F11602012A40F2AA8042460121022092
S21400F57802F08EFB0CE09DF914303A4601939DF894
S21400F58816300121009302209DF8153002F080FB0A
S21400F5980134E3B29D42D7D8BDF8284008F0ECF90C
S21400F5A823460021834A0090022002F071FB0220C5
S21400F5B80021814A02F06CFB002026F0B6FE10B14E
S21400F5C808A809F0EDFD01217C4A022002F060FB44
S21400F5D827F0D8F9044627F0D3F923460121784ABC
S21400F5E80090022002F054FB08F09EFE0021022044
S21400F5F8744A02F04DFB9DF81330FF2B65D00021AE
S21400F6080220714A02F044FB01216C4A022002F0F3
S21400F6183FFB26F058F9012103466C4A022002F007
S21400F62837FB08F081F900210346694A022002F0F8
S21400F6382FFB26F04EF9044626F04DF92346012105
S21400F648644A0090022002F023FB2DF07DF908F0B2
S21400F65813FF01210346604A022002F019FB002529
S21400F668DFF8B88108F008FFECB2A04233D82DF0D6
S21400F6786BF90123594A1946022002F009FB0020BB
S21400F68826F022FE564B574C0093012100230220F9
S21400F698554A02F0FDFA236863B1012102201B785F
S21400F6A8524A02F0F5FA2368012102205B78504A94
S21400F6B802F0EEFA26F00DFE0FB0BDE8F08F01213D
S21400F6C802204C4A02F0E4FA62E7002102204A4A85
S21400F6D802F0DEFA98E7494B204603EB0416D6F804
S21400F6E8089008F083FF8246204608F0CBFE444F79
S21400F6F800280CBFC346BB46204608F077FF0AF032
S21400F70831FD002808BF4746534600210220CDE9B0
S21400F71800B73C4A02F0BCFAB37901210293B388D9
S21400F728022001937388384A0093337B02F0B0FABC
S21400F7380026DFF8ECB099F80430F4B2A34203D8F8
S21400F7482DF002F901358DE714235C43D9F80070D3
S21400F75802203A5B07EB040A9AF90C3000922B4A0F
S21400F768002132EA230228BF5A461346284A02F0E6
S21400F7788FFA002026F0D9FD38B150463C5B26F0BB
S21400F78811F9014620460AF03BFD01210220214AD4
S21400F79802F07EFA0136CEE745D8030054D80300B7
S21400F7A870D803009CD8030077D803008DD80300D0
S21400F7B894D80300C9D80300E9D8030033D9030056
S21400F7C8F2D8030014D9030076F903001FD9030002
S21400F7D835D903004BD9030061D90300DAD90300F1
S21400F7E8F2D90300B8430020E6D9030000DA030084
S21400F7F814DA0300B1D80300D1D50300EC42002088
S21400F8081CD803006CD903008CD9030039D8030030
S21400F818C2D90300C5210400BCD8030024D80300BD
S21400F8282DD803002DE9F7430025134EDFF858803E
S21400F83808F022FEECB2A04202D803B0BDE8F0837E
S21400F8482701204616F8079008F01CFE0B4A4B4680
S21400F858002808BF4246002102200092084A02F00B
S21400F86817FAF05D26F03BF801210220054A02F05F
S21400F8780FFA0135DCE700BFEC4200205E280400E2
S21400F8882FDA0300C52104006828040008B5836839
S21400F8985A681178C26853F82230A1F165025142BD
S21400F8A85141187808F0A4FF30B9BDE80840012196
S21400F8B80220024A02F0ECB908BD00BF3ADA03009B
S21400F8C800210220014A02F0E3B900BF54DA03001F
S21400F8D800210220014A02F0DBB900BF82DA0300E9
S21400F8E810B5044686B01822002168460EF09AF92C
S21400F8F8684626F069FCD4E9022052F8203002EB6C
S21400F90880021B788DF80B30516891F900108DF83D
S21400F9180A1091680988ADF808106168091A032961
S21400F92807DDD26803F01F03127843EA42138DF806
S21400F9380B30684608F0CEF800210346024A02203B
S21400F94802F0A6F906B010BD9EDA030007B500203F
S21400F95827F080F800210090034B0220034A02F0AB
S21400F96897F903B05DF804FBABDA0300B1DA0300DD
S21400F97813B5D0E9023253F8221003EB82035B6812
S21400F988087819680023094CA222994208BF214624
S21400F998C01A18BF012027F051F801210090044B27
S21400F9A80420044A02F074F902B010BD00F8FF07FC
S21400F9B8BCDA0300CADB030013B5D0E9023203EB56
S21400F9C8820153F82230D1E901141878FF22003852
S21400F9D818BF01202378096827F030F80121009025
S21400F9E8034B0420034A02F053F902B010BD00BFCF
S21400F9F8C3DA0300CADB030008B5002101230C4A5A
S21400FA0826F0A1FE0A4826F001FC0020094909F064
S21400FA185FFC002026F089FC10B1054809F0C0FB01
S21400FA28BDE8084001210420034A02F031B900BFAE
S21400FA387A610020D8DA0300C521040010B525F045
S21400FA484CFF034630B1BDE8104001210420054AAA
S21400FA5802F01EB90121BDE810400420024A02F057
S21400FA6817B900BFE6DA0300F7DA030010B526F088
S21400FA78CFFBBDE81040034601210220014A02F0F0
S21400FA8807B900BF02DB030010B526F093FBBDE8FC
S21400FA981040034601210220014A02F0F9B800BFCF
S21400FAA818DB030037B5D0E90232012453F82230B8
S21400FAB84FF6FF701D78FE2204FA05F1002327F0A2
S21400FAC829F82B46009021460420024A02F0E0F866
S21400FAD803B030BD2CDB0300D0E9023253F82230E5
S21400FAE81B7823B101210220024A02F0D1B8024A4B
S21400FAF8137070474BDB0300485C002007B5684668
S21400FB0825F0D1FE07F038FF01210346084A0220F7
S21400FB1802F0BEF8684609F043FB08F0A1F9012197
S21400FB280346044A022002F0B3F803B05DF804FB6B
S21400FB3861DB03007BDB030037B5D0E9024540688C
S21400FB4854F82530401B0328D8BF002004EB850452
S21400FB58C8BFE06819786368C8BF00781A78A368D1
S21400FB6893F900300090012026F058FF38B901219B
S21400FB780220084A03B0BDE8304002F089B8064BB8
S21400FB880190009301210220044B054A02F080F8F8
S21400FB9803B030BD8CDB030094DB0300680A040066
S21400FBA8A8DB030007B5012026F040FF48B90090FF
S21400FBB801210220084B094A02F06AF803B05DF8F2
S21400FBC804FB054B0190009301210220044B054AD3
S21400FBD802F05EF8F2E700BF94DB0300BFDB030029
S21400FBE84D360400A8DB030008B5D0E9023253F806
S21400FBF82230187826F0CCFE30B9044A0121BDE838
S21400FC080840042002F044B8014AF7E7D4DB0300B2
S21400FC18F0DB030008B5D0E9023253F82230188822
S21400FC2826F0B4FE30B9044A0121BDE80840042095
S21400FC3802F02EB8014AF7E70FDC03003FDC0300AA
S21400FC4873B50378044613F0050F0ED04588062DC5
S21400FC5817D1836801215B68174A1B78019383884C
S21400FC6804200093154B02F013F82378012B20D0BC
S21400FC7801210420114B124A02B0BDE8704002F080
S21400FC8807B835B98388012104200E4A02F000F827
S21400FC98EBE7012DE9D186680B49002009F018FB2F
S21400FCA8304609F07DFA29460420084A01F0F0FF9C
S21400FCB8DBE702B070BD00BF75DC03006CDC030038
S21400FCC8C7DC030092DC0300AFDC0300C521040098
S21400FCD82DE9F04F00268FB0364D09AC0FCD0FC476
S21400FCE82B6801210220344A236001F0D1FF3446F4
S21400FCF8DFF8DC9025F0EBFDF5B2A8420BD825F02E
S21400FD08E6FD23460090012102202C4A01F0C0FFA0
S21400FD180FB0BDE8F08F284605A926F023FE034657
S21400FD28002841D19DF81430032B39D904238DF8C7
S21400FD3814302B4600210220214A01F0A9FF9DF825
S21400FD4814300EAA02EB830300214A4653F8143CEB
S21400FD58022001F09DFF28469DF821A09DF815B0C9
S21400FD689DF81870BDF8168026F0FEFD5346CDE9BE
S21400FD78028000210220CDE900B7124A01F088FF70
S21400FD8801340020E4B226F0D0FA18B10DF11900BB
S21400FD9809F006FA002102200B4A01F079FF01E07B
S21400FDA8002BC6D10136A5E700210220074A01F03C
S21400FDB86FFFF7E71C740400D9DC030052DD03006C
S21400FDC88FD8030006DD0300A2D003002DDD030054
S21400FDD8D9E70300C3688268013BDBB252F82330D8
S21400FDE802201B78652B14BF00220121044B1BBF81
S21400FDF801211A70034A044A08BF197001F048BF67
S21400FE08F36B002069DD030077DD0300D0E90232DA
S21400FE1853F822301A88014B1A8070478E6B0020E0
S21400FE2807B5D0E9023103EB810253F82130526856
S21400FE381988054B0548128800930088012309F0A5
S21400FE48A3FE03B05DF804FB49FC00008E6B00209F
S21400FE58C3688268013BDBB252F823305B78A3F1B3
S21400FE68660253425341014A13707047F66B0020EE
S21400FE7830B5D0E9023253F8223089B01D78012314
S21400FE8802AA1946044626F05EFC012300931023B6
S21400FE9802210DEB0302204626F036FC284604AA6B
S21400FEA802A926F051FE0446002026F03EFA18B1B4
S21400FEB82146044807F0F0FD0020034909F0EEF952
S21400FEC809B030BD86DD0300C5210400002330B527
S21400FED88FB00221009309AA1223054626F014FCC7
S21400FEE805AA014609A807F0B5FB044698B12328D9
S21400FEF805D1134A0121042001F0CAFE09E0212891
S21400FF0801D1104AF6E70346012104200E4A01F003
S21400FF18BFFE0FB030BD01232846194603AA26F0B7
S21400FF2812FC05A903A826F011FE0546204626F071
S21400FF38FCF918B12946054807F0AEFD044AD9E78A
S21400FF4893DD0300B6DD0300F1DD030012DE0300D7
S21400FF58C5210400F0B5D0E9023253F8221003EBAD
S21400FF6882039B6805461F7887B038460E7826F0C9
S21400FF78BCF9044608BBD5E9022101238DF80830F0
S21400FF88194452F8210002EB810200888DF80970A6
S21400FF989268ADF80A00127804218DF80C202846DD
S21400FFA80DF10D0226F0CFFB304602A98DF815405C
S21400FFB826F0DCFC044626F08CF9334601210420A2
S21400FFC8024A009401F064FE07B0F0BD27DE030085
S21400FFD82DE9F04101218EB00220274A01F058FE93
S21400FFE8002005AB01AA09A926F0A8FD00250446AD
S21400FFF8224E234FDFF898801CB128460EB0BDE885
S214010008F08102202B463246214601F041FE204669
S21401001826F08BF910B10AA809F0C2F83A46002171
S21401002802209DF8303001F033FE424600210220BE
S214010038079B01F02DFE00210220BDF82030114A51
S21401004801F026FEBDF8143000210F4A022001F007
S2140100581FFE013501A826F063F9EDB20121022041
S2140100680A4A01F015FE284605AB01AA09A926F099
S21401007865FD0446C0E700BF59DE03009FDE0300A6
S214010088A7DE030095F90300BCDE0300C5210400C2
S214010098B3DE03002DE9F047064698B0C0B925F04F
S2140100A814FC074600250EA826F052FD0121022061
S2140100B8384A01F0EDFD2C46DFF8E080DFF8E090E5
S2140100C8DFF8E0A0BC4205D3284618B0BDE8F087A3
S2140100D80127E7E713A826F03BFD002E4CD00223A4
S2140100E806A913A88DF84C30FE2426F023FD002817
S2140100F83FD102A913A826F023FD9DF8593043F0F5
S21401010801038DF85930002E3DD123463146022091
S214010118214A01F0BDFD9DF859300AA943F00103B3
S21401012813A88DF8593026F00BFD002026F0FDF8AF
S21401013810B114A809F034F80C9B4246002102209D
S21401014801F0A6FDBDF82820002112F4007F0CBF9F
S2140101584C23412312F0100F0CBF6E227922022085
S21401016800924A4601F094FD06A826F0D9F8013512
S214010178EDB20134E4B2A5E720460AAB06AA13A9F4
S21401018826F0DAFCB3E752460021022001F080FD92
S214010198C1E700BFC6DE03009FDE0300B3DE03002F
S2140101A802DF0300FBDE030030B5012499B00EA878
S2140101B826F0CEFC13A88DF8384026F067FCC0B9A7
S2140101C8BDF84C1011EA040513D121460220444A11
S2140101D801F05EFD29460220424A01F059FD2146FA
S2140101E802203F4A01F054FD214602203C4A01F014
S2140101F84FFD06A90EA826F09DFC20B11022FF216E
S21401020806A80DF00FFD04A826F09CFC059B01210D
S2140102180220354A0093354B01F03AFD9DF812301D
S21401022801210220324A0093304B01F031FD0021B2
S2140102382E4B304A022001F02BFD06A826F070F856
S21401024813A826F085FC02230AA913A88DF84C30BA
S21401025826F076FC00283FD10B9B00930121022053
S214010268254B264A01F014FD0121234B244A02207E
S21401027801F00EFD0120FFF70DFF01211E4B214A5B
S214010288022001F005FD0020FFF704FF044625F0D3
S2140102981CFB23460090012102201B4A01F0F8FCB2
S2140102A801211A4B174A022001F0F2FCFFF790FED3
S2140102B81749022803461748174A28BF0A46084915
S2140102C828BF01460092CDE9013102200121134AD7
S2140102D801F0DEFC19B030BD4FF0FF33BDE700BFBB
S2140102E8C521040015DF030053DF03004BDF0300BD
S2140102F863DF0300F20804001F17040076DF03001B
S21401030886DF03008DDF030096DF0300AADF030004
S21401031811DF03005CFE0300AEFE0300B8DF030036
S21401032810B5D0E9023253F822301C78201E18BFC7
S214010338012026F097FB054A054B0020002C18BF24
S2140103481A46BDE81040034908F0A8BFE5DF0300D8
S214010358E0DF0300EEDF0300D0E9023210B553F800
S21401036822301C88204626F07FFB2246BDE8104036
S2140103780020014908F092BF2FE0030037B5044674
S21401038807F0D2FA014638B100200D4A0D4903B0EC
S214010398BDE8304008F082BFE368A268013BDBB2E3
S2140103A852F8233008481D780123084A00936C2D1B
S2140103B808BF02461023204626F0A6F903B030BD32
S2140103C87DE0030085E00300DC6B0020CC6B002099
S2140103D813B583689A681278672A22D101A826F08D
S2140103E855FB0446A8B9BDF80420174908F056FF7E
S2140103F8BDF80430DA070AD413F0020F134B144A77
S21401040818BF1A461349002008F048FF19E0124A97
S214010418F8E702461149002008F040FF2246104935
S214010428F1E7C26801A953F8220003EB82035B686F
S21401043800681B68ADF8043026F02EFB0446002839
S214010448ECD102B010BD00BFB8E00300ABE003007A
S2140104584F0A0400D9E003009BE00300EBE0030029
S21401046817E10300034A04491388C854013313806B
S214010478704700BF2A5700204E5C002073B5154D03
S21401048801242B78144E13F0040F0CBF0223042307
S214010498124A21461470328802200192EB5C104AF7
S2140104A80093104B5B8801F0F3FB002102200E4AF3
S2140104B801F0EEFB0D4B29460093328823460220B5
S2140104C801F02CFC21460220094A02B0BDE8704022
S2140104D801F0DEBB4E5C00202A5700204D5C002050
S2140104E826E103001C5700204BE103006DE10300E1
S2140104F8C521040070B516464FF48A52114B124DA9
S214010508DA805980114B1B881A1E18BF012240EA4F
S21401051882000F4A1278003A18BF012240EA0210F8
S214010528287063B103246B701B0AAB7009F088FE50
S214010538631C2855EE54074B02341C8070BD0124F9
S214010548F4E700BF1C5700204E5C00202857002007
S2140105584C5C00202A57002038B5D1E902320C46F7
S214010568054653F82230024619880C4B1878FFF7CF
S214010578C1FFE368A268013352F82330188824F0D3
S2140105888BF84DB1E368A268023352F82330187825
S214010598BDE83840FFF766BF38BD00BF495C00209C
S2140105A8F0B50546EB68AA68023352F823300846C8
S2140105B81C78294685B0FFF7CFFF204625F0DEF9DF
S2140105C8204E214F78B3204625F0E4F90321441C38
S2140105D803AA284623F0C7F83288E4B2C2F1FF031B
S2140105E803991B1B9BB28B4222443CBFC2F1FF03FB
S2140105F803930123032100933A449DF80C302846BF
S21401060826F082F8039A022C338804BF0F48110A91
S214010618FA5408BFC15413441C44348005B0BDE8DD
S214010628F040FFF72BBF204607F086FE01233288ED
S21401063804460093032103463A44284626F064F804
S2140106483388E9E72A5700204E5C00204F5C0020DB
S214010658052307B5012100930220044B044A01F043
S21401066817FB03B05DF804EBFFF79EBD54E10300EA
S2140106785BE1030013B5044626F004FA38B1CDE968
S214010688004001210220034B034A01F001FB02B09E
S21401069810BD00BF7DE0030072E10300194B37B5BA
S2140106A81B783BB901210220174A03B0BDE8304048
S2140106B801F0EEBAD0E90232144C53F82230012187
S2140106C81D78638802200093114A2B4601F0E0FA50
S2140106D8104B25711B78104D63B1012102200F4A7A
S2140106E801F0D6FA20460E4A298803B0BDE8304004
S2140106F824F0E5BE20460A4A298803B0BDE8304002
S21401070824F09FBF4D5C002089E103001C570020A0
S21401071897E103004A5C00202A570020AEE1030057
S2140107284E5C00202DE9F041D0E9023253F8221040
S21401073803EB82035A680C7817889A68DB68B2F864
S2140107480080C6B01D780021304B0220304A009444
S214010758CDE9017801F09CFA002D0CBF6E237923B0
S214010768012102202B4A01F093FAFF23002D0DF1F7
S214010778170606AD019320460CBF80234023424648
S21401078839460296009525F03FFC0446002835D1E7
S214010798307825F0F9F80746B0B1284625F084FDEB
S2140107A81D4BFD28A8BFFD200093234682B20DF1FC
S2140107B81901022001F0B2FA01210220174A01F0BC
S2140107C867FA46B0BDE8F081307825F0E3F860B105
S2140107D8284625F06EFDFD28A8BFFD200E4B82B2E7
S2140107E800930DF11A013B46E3E7307807F0A4FDC4
S2140107F80B4B0246009329460123DAE700900121B4
S2140108080220084B084A01F043FADAE7BB1704004E
S214010818C8E10300EDE10300732B0400C5210400C1
S2140108286DE1030075EA0300F7E10300D0E902323F
S21401083853F8221003EB82032DE9F04F5A680F781C
S214010848B2F800809A68C7B0B2F80090DA681B69F7
S21401085892F800A01E7800212F4B304A0446CDE9B5
S21401086801890220009701F013FABAF1000F0CBFB4
S2140108786E23792301210220294A009606AD01F04C
S21401088807FAFF22002128460DF0CCF9304625F05C
S2140108987BF8834608B30023052100932046FD23F1
S2140108A80DF1190225F030FF2870BAF1000F0CBFC0
S2140108B8802340234A4641463846CDE9005625F06E
S2140108C86EFB0146144807F0E7F801210220154A95
S2140108D801F0DEF947B0BDE8F08F304625F05AF84A
S2140108E860B1FD2305212046CDF800B00DF11A02AE
S2140108F825F00AFF85F801B02870D6E7059030463E
S21401090807F01AFD059A0346009205212A46204655
S21401091825F0FAFEC9E700BFAE170400C8E10300D8
S21401092808E20300C52104002DE9FF471C465B6861
S214010938E5685B1B00255FFA83F803952E46FFF7EB
S214010948D9FDEBB298450BD90C9B9B5D282B39D862
S214010958202B00F2CB800136F6B2002B40F0C9807E
S214010968FFF78CFD04B0BDE8F087132A2FD801A144
S21401097851F822F0430A0100550A0100670A0100EE
S2140109889B0A01006909010069090100690901005A
S21401099869090100D7090100D7090100D709010033
S2140109A8D7090100D7090100D7090100D7090100B5
S2140109B8D7090100D7090100D7090100E709010095
S2140109C8C10A0100A3F13102D1B21329CDD90136EA
S2140109D8F6B2A3F14102032AC2D8422B6CD06C4F5F
S2140109E800213A88DFF8B0A1C2F1FE039BB2FF2BC3
S2140109F828BFFF2301320091DBB22046524469B278
S214010A0825F05EFE3B880AF8030001331844388057
S214010A1811E04FF00409E368A2682B4452F823302A
S214010A281F68F8B209F1FF39FFF71CFD19F0FF0935
S214010A384FEA1727F5D1013583E7E368A2682B4407
S214010A4852F823301878FFF70DFDF4E7E368A2683B
S214010A582B4452F82330188823F01EFEEBE7E36890
S214010A68A2682B4452F823301F68B7F1807F09D259
S214010A78F8B2FFF7F7FCC7F30720FFF7F3FCC7F355
S214010A880740E0E72B4601210820424A01F000F919
S214010A9866E74FF00409E368A2682B4452F823304E
S214010AA81F68F8B209F1FF39FFF7DCFC19F0FF09F6
S214010AB84FEA1727F5D1BEE7294603AA204622F0B2
S214010AC852FE0021324F344A3B88DDF80C9002EB87
S214010AD8030CCAB2914501F1010102D84B443B808F
S214010AE8A9E710F802A00CF802A0F2E7242B3FF6BB
S214010AF870AF013B232B3FF633AF01A252F823F028
S214010B08430A0100550A0100670A01001B0A010091
S214010B1869090100690901006909010069090100FB
S214010B2869090100690901006909010069090100EB
S214010B3869090100690901006909010069090100DB
S214010B48430A0100550A0100670A01009B0A0100D1
S214010B5869090100690901006909010069090100BB
S214010B6869090100690901006909010069090100AB
S214010B78690901006909010069090100690901009B
S214010B88430A0100550A0100670A01001B0A010011
S214010B982A57002021E203004E5C0020094B1B78EF
S214010BA823B101210820084A01F072B8D0E90232BF
S214010BB853F82230054A1B88012113800820044A6D
S214010BC801F066B84D5C002047E203002857002074
S214010BD889E20300D0E9023253F82230054A1B782D
S214010BE80121003B18BF012308201370024A01F0B7
S214010BF84FB800BF4B5C0020AFE20300D0E90232D9
S214010C0853F82230034A1B78012113700820024A40
S214010C1801F03EB84C5C0020DEE2030010B5D0E9D6
S214010C280232044653F82230132219880B4B1878DF
S214010C38FFF760FCE368A268013352F8233018789E
S214010C48FFF710FCE368A268023352F823301878DD
S214010C58FFF708FCBDE81040FFF710BC495C002010
S214010C6810B5D0E90232044653F822301122198809
S214010C780B4B1878FFF73EFCE368A268013352F87D
S214010C8823301878FFF7EEFBE368A268023352F8C0
S214010C9823301878FFF7E6FBBDE81040FFF7EEBBF8
S214010CA8495C0020D0E9023253F82230034A1B7807
S214010CB8003B18BF0123DB0013707047495C002016
S214010CC810B5D0E9023253F82230044619880E4B83
S214010CD806221878FFF70EFC0120FFF7C3FBE3682E
S214010CE8A268034452F82330188823F0D5FCE36839
S214010CF8A268023352F82330188823F0CDFCBDE8E9
S214010D081040FFF7BBBB00BF495C00202DE9F0434C
S214010D18D0E902324FF0FD09013253F8221003EBF5
S214010D2882035A68C7B017889A68B1F800801478A1
S214010D3853F8043C002C0DF1170506AE18783A4610
S214010D4814BF4023802341460295CDF804900096AF
S214010D5825F05AF9034638B1184A0121082000F04F
S214010D6897FF47B0BDE8F083201E18BF01200A226E
S214010D784146C000FFF7BEFB384623F08DFC2878B5
S214010D88FFF770FB4A463146287824F0ABFD044647
S214010D9828B10B4F3D88C5F1FF03984202DD234673
S214010DA8084ADAE7024608483146284425440DF041
S214010DB8C9F83D80FFF762FBD3E700BF14E30300E1
S214010DC82A57002030E303004E5C002010B5D0E916
S214010DD80232044653F82230082219880B4B187839
S214010DE8FFF788FBE368A268023352F823301878C5
S214010DF8FFF738FBE368A268013352F823301888F6
S214010E0823F04AFCBDE81040FFF738BB495C0020D8
S214010E1873B5D0E902320546023253F8221003EBC5
S214010E28820353F8042C53F8083C0C781988234B92
S214010E38168818780622FFF75DFB0020FFF712FBDD
S214010E48304623F029FC2046FFF70CFBEB68AA681E
S214010E58033352F82330188823F01EFCEB68AA687F
S214010E68043352F82330188823F016FC204609F07C
S214010E78E7FBE8B9204607F05FFA0521044601902A
S214010E8801AA284622F06FFC019B01469C4206D027
S214010E98224631460A480BF0A7FD02B070BD094D3F
S214010EA809482E882246304434440CF00DFF2C8025
S214010EB802B0BDE87040FFF7E1BA00BF495C002008
S214010EC85CE303002A5700204E5C002073B5D0E986
S214010ED802324FF48A5153F82230104D1A88104BBB
S214010EE8D9805A8000232A4600930121FF2325F042
S214010EF80BFC2B78044613F0040F0A4B08BF012697
S214010F081B7818BF032613B109F09AF9A855064BA2
S214010F181C8002B0BDE87040FFF7B0BA4E5C0020F6
S214010F281C5700204B5C00202A570020D0E90232CB
S214010F3853F82230034A1B78003B18BF012313706D
S214010F48704700BF4A5C002010B50C4608B908F087
S214010F5803F9024B18715C7110BD00BF1C570020C5
S214010F6802462DE9F341D0E90253526855F8231099
S214010F78D21A0C8805EB8301013BDBB255F82380B6
S214010F88294D022A4868C8BF8A682B78D8BFFF212E
S214010F980078C8BF11783BB901210220234A02B064
S214010FA8BDE8F04100F074BEFFF7CEFF06F0E4FCA2
S214010FB81F4F204E3B880146224600931E48334663
S214010FC825F00FF90246C8B998F804103B885F293E
S214010FD817D1CDE900364FF6FF712046164B24F09F
S214010FE862FA28B1034601210220144A00F050FE95
S214010FF80023134A2B701380124A137002B0BDE8FF
S214011008F0814FF6FB718C4208D9CDE900362146AE
S214011018094B4FF6FF7024F0A4FAE2E72146064A88
S214011028009624F0D0FADCE74D5C0020A7E3030025
S2140110382A5700204E5C00201C570020AEE3030010
S214011048285700204C5C0020002210B50A210446CF
S2140110581046FFF74FFA002023F01EFB0122044B2F
S2140110681A70FFF70BFA2046BDE81040FFF778BF65
S2140110787761002038B51C4615460123224625F01F
S21401108862FB60B92146284625F026FD044620B1B4
S21401109801210420034A00F0FBFD204638BD002448
S2140110A8FBE700BFD5E303002DE9F0430C461546E0
S2140110B81F46D0E9022352F8231002EB83029368F5
S2140110C80E8893F80080D3688BB0B3F80090324648
S2140110D8012106ABFFF7CEFFF0B90DF1200CF4B1F4
S2140110E801232A884021CDE902C2CDE90471CDE960
S2140110F800932221434606AA304625F05BFB0B4B9C
S2140111080B4A00930B4B0190002C08BF1346012194
S2140111180420094A00F0BCFD0BB0BDE8F083624626
S21401112828686968032303C22246DBE734E4030020
S21401113819E4030013E4030021E4030007B50123BF
S2140111486A46002125F0FFFA6846034908F0C8FDFB
S21401115803B05DF804FB00BF49FC0000D0E9023289
S21401116853F822300149188808F08CBD49FC000064
S21401117810B5D0E9023203EB8201496853F82230F0
S21401118809784FF48A52188825F004FBBDE8104008
S214011198034601210420014A00F07ABD3EE403001B
S2140111A8D0E9023253F8223002214FF48A5210B5A0
S2140111B8188825F0E1FABDE810400346012104200D
S2140111C8014A00F065BD00BF57E403001FB5D0E92A
S2140111D8023203EB820153F82230496818884FF42B
S2140111E88A5309880293094B094A0193094B1B78CC
S2140111F800931278084B25F035FB0121034604209D
S214011208064A05B05DF804EB00F042BD2C570020F5
S2140112184E5D00204D5D0020365700206EE4030029
S2140112282DE9F043D0E9023253F8221003EB82038A
S2140112385A680E8817789A68DB688BB092F800901F
S214011248B3F800803246042106AB0446FFF712FFC6
S21401125828BB08AD01232A460521204625F073FA46
S21401126838B9042001210F4A00F012FD284624F05F
S2140112781AFB4FF48A53CDE904930023CDE90253B0
S21401128803232121CDE9008306AA3B46304625F0F3
S21401129891FA01210346044A042000F0F9FC0BB038
S2140112A8BDE8F08386E40300B5E4030038B5D0E969
S2140112B8024303F18043023B02220F4954F82300FC
S2140112C89D000CF0FBFF60B90C4B0D491A78042AF7
S2140112D80BD82C44A068008821F8120001321A7035
S2140112E838BD084B08491A78F1E70121BDE83840AE
S2140112F80420064A00F0CCBCE30F04004E5D002033
S214011308365700204D5D00202C570020C7E4030007
S21401131808B5C368806803F18043023B0222064988
S21401132850F823000CF0CAFF10B9044B187008BD1A
S2140113380022034B1A70FAE7E30F04004E5D002003
S2140113484D5D002037B5D0E9023153F821208C00D5
S21401135815784268521A012AC5BF1B195B686C09C1
S2140113681C78DCBF44F0180405F01F052946204602
S21401137825F03CF9034640B12346012104200E4AD4
S214011388009500F085FC03B030BD0121A94074B971
S2140113982346FE224FF6FF7025F0BCFB01210346CB
S2140113A80420064A03B0BDE8304000F071BCFE22B6
S2140113B841EAC461EEE700BFDDE40300FDE4030093
S2140113C870B5D0E9021551F8253001EB85010446C0
S2140113D818884B681A788B68052A1B8802D85E1EFF
S2140113E8072E0BD9012104200C4A00F051FCBDE858
S2140113F87040012104200A4A00F04ABC6468641B54
S214011408032CCABFC9680749096825F083FBBDE8EC
S214011418704002460449002007F05ABF1BE5030046
S2140114283BE5030000F8FF0758E5030008B5D0E9D7
S214011438023253F8220003EB82035968FF2203881D
S21401144809684FF6FF7025F065FBBDE808400246BF
S2140114580149002007F03CBF6BE5030008B5D0E959
S214011468023253F8223005214022188825F084F9E3
S214011478BDE8084002460249002007F029BF00BF20
S2140114888CE5030008B5D0E9023203EB820148680F
S21401149853F82210027840230988312025F0BFF935
S2140114A8BDE8084002460249002007F011BF00BF08
S2140114B8ADE5030008B5D0E9023203EB82014868BE
S2140114C853F82210027840230988332025F0A7F91B
S2140114D8BDE8084002460249002007F0F9BE00BFF1
S2140114E8C7E503001FB5D0E9023253F8221003EB13
S2140114F882039B6808881A780023D21A18BF01222B
S214011508CDE9023302A94023D20125F097F901213A
S2140115180090044B0420044A00F0BAFB05B05DF8BD
S21401152804FB00BF34E40300E5E5030007B5D0E992
S214011538023253F8223003214022188825F01CF97C
S21401154801210090034B0420034A00F0A1FB03B0DD
S2140115585DF804FB34E40300F4E5030037B5C3681B
S2140115688268053352F8233004211D786A46012320
S214011578044625F0E8F838B904200121064A00F0A7
S21401158887FB684624F08FF92B466A4600212046D9
S214011598FFF78AFD03B030BD0EE6030007B5D0E9B4
S2140115A8023203EB8201486853F82210027840237E
S2140115B80988322025F033F901210090034B0420D5
S2140115C8034A00F065FB03B05DF804FB34E403004E
S2140115D83FE6030070B585690446EA0705F002068A
S2140115E805D476B1C5F3072024F07FFE09E01EB1C5
S2140115F8B2210F482BF09BF9A069C0F3810024F0B3
S21401160863FEE3691BB9BA2109482BF090F9204615
S21401161814F098FBE3693EB1607E9847AB0706D0A5
S214011628BDE8704024F055BE20469847F6E770BDE1
S21401163854E6030008B514F079FE28B1BDE8084061
S214011648472102482BF073B908BD00BF54E60300D2
S2140116582DE9F041FF2B04460F4690461D469DF89E
S214011668186005D0FF2E03D0D52111482BF05FF95D
S2140116780023FF2D18BFAD000E4A1CBF45F001051B
S214011688EDB222600C4AC4E9063818BFA561FF2EE0
S214011698C4E901232361E76007D0A36943F0020385
S2140116A823F47F4343EA0623A361BDE8F08100BF24
S2140116B854E60300C03E0020DD150100002310B5E6
S2140116C8054C03610460054CC261C0E9014301236E
S2140116D8C160836110BD00BFC03E0020DD1501005A
S2140116E870B58669044606F00303032B0D4603D13D
S2140116F8FC2114482BF01BF9FF2D16D0B20704D491
S21401170840F201110F482BF012F9284624F08BFA03
S214011718FF28054604D14FF482710A482BF007F9D1
S2140117282DB204EB4514204670BDF307FBD5A3691B
S21401173813F00C0FF7D040F20B1102482BF0F7F814
S214011748F1E700BF54E603000023054AC0E9063165
S21401175803610260C360034A034B426083607047BB
S214011768C03E0020DD150100195D0200014827F082
S214011778B2B900BFC03E0020014827F0B8B900BF83
S214011788C03E002013B50E4827F07FF923F007F86E
S21401179826F03DF926F05FF926F069F9FCF728FFEF
S2140117A80446FCF73FFF2346009001210420054A22
S2140117B800F06EFA02B0BDE81040FCF71FBF00BF8C
S2140117C8C03E0020E7E60300022808B503D12BF047
S2140117D8A7F8014B186008BDF03E002008B50DF0CB
S2140117E88FF80122044B1A702BF023F9BDE8084044
S2140117F802490348FDF7C4B8505D002090660020F2
S214011808F43E0020014B1870704700BF4F5D002062
S214011818024B187808B106F093B87047EC6B0020B5
S21401182808B5074B1B780BB1002008BDFFF7F0FF82
S2140118380028F9D106F05EFC023818BF0120F4E74B
S2140118484F5D002070B5FFF7EBFF174D20B1FFF78E
S2140118588DFF0428044613D82B781BB92BF0E9F81A
S21401186801232B7022F0A9FF0446D8B12B781BB9A7
S214011878F7210E482BF05BF8BDE87040FFF776BFFE
S21401188822F09DFF0028E7D02B785BB12AF0BBFF3A
S21401189806460021012029F0F1F930462AF0AEFF6C
S2140118A800232B70204670BD505D002008E703001A
S2140118B81FB5FFF7C7FF0446FDF740FAA04228BF49
S2140118C8204688B103A929F0F5FD034638B9CDE9C4
S2140118D80000064A039906482BF03EF818B18E21F7
S2140118E804482BF024F8012004B010BDC1470300BA
S2140118F8D03E002008E703000D4B70B51B780D4D50
S2140119080D4C0121002B0CBF2B46234602200B4A07
S21401191800F0BEF90A4B01211B780220002B0CBFF0
S2140119282B462346BDE87040064A00F0B1B900BF11
S214011938EC6B002002100400211004009EE703004F
S2140119484F5D0020BDE7030010B5D0E9023253F819
S214011958223002201B780121002B15BF0124002408
S214011968044A054A00F094F92046BDE81040FFF7FE
S21401197849BF00BFDCE70300F9E70300D0E90232FC
S21401198853F82230034A1B78003B18BF0123137013
S214011998704700BFEC6B002038B50125084B1D7059
S2140119A82AF031FF04462946284629F067F92046D9
S2140119B82AF024FFBDE8384002490348FCF7E0BF97
S2140119C8515D0020986600201C3F002070B514F079
S2140119D833FD10F0070F1D4D11D02B785BB901268A
S2140119E82E702AF010FF04463146304629F046F993
S2140119F820462AF003FFBDE8704014F0EDBA25F042
S214011A086DF8022803D1124B1B78032BE5D914F085
S214011A1813FD18B90E4B1B78032B14D814F0DCFAF7
S214011A2804460028D9D02B785BB100262E702AF000
S214011A38EAFE05463146012029F020F928462AF013
S214011A48DDFE204670BD4FF0FF34ECE7515D002007
S214011A58D86100201FB5FFF7B9FF0446FDF76EF9F8
S214011A68A04228BF204688B103A929F023FD0346D2
S214011A7838B9CDE90000064A039906482AF06CFFF2
S214011A8818B18C2104482AF052FF012004B010BD79
S214011A989B4C0300FC3E002018E8030010B5094CD7
S214011AA80949002007F0FAFB23681B68587924F0D7
S214011AB8F0F823681B68587923F0F4F805F066F9FE
S214011AC8002010BD7C440020A6E8030008B524F0D9
S214011AD8F5FF024628B1BDE808400020014907F095
S214011AE8DDBB08BDC9E8030008B524F0FDFF0246C2
S214011AF828B1BDE808400020044907F0CFBB5422AE
S214011B08BDE80840FF2102480CF08CB8E1E8030064
S214011B184057002038B504460D4624F0E9FF024632
S214011B2828B1BDE838400020034907F0B7BB034B8E
S214011B3823F8145038BD00BFFFE8030040570020C3
S214011B482DE9F34100240C4E0C4DDFF838800C4F7C
S214011B5856F8043B0BB9D8F8003035F8022B39464D
S214011B68009200202246013407F098FB2A2CEFD178
S214011B7802B0BDE8F08100BFA4660020945700209B
S214011B881BE90300A066002008B52A21034824F0B3
S214011B98A7FFBDE80840FFF7D3BF00BF9457002052
S214011BA807B5D0E9023253F822301A78292A0DD817
S214011BB8084B53F822300BB9074B1B68074900201E
S214011BC831F812100091064907F068FB03B05DF87A
S214011BD804FB00BFA4660020A066002094570020DE
S214011BE81BE9030008B52A21034824F07BFFBDE85A
S214011BF80840FFF7A5BF00BF9457002038B5D0E9C5
S214011C08023253F8221003EB82035B680C781D88B6
S214011C180020044907F042FB29462046BDE8384023
S214011C28FFF778BF26E903002DE9F34100240C4E9F
S214011C380C4DDFF838800C4F56F8043B0BB9D8F832
S214011C48003035F8022B394600920020224601342E
S214011C5807F024FB2A2CEFD102B0BDE8F08100BFC3
S214011C68A4660020405700201BE90300A066002058
S214011C7810B5024623F02CF820B9044C236811B19C
S214011C881343236010BD23EA0203FAE750670020D6
S214011C980CB413B502460C4623F01AF860B9094B82
S214011CA81B681A4208D005A9049801910AF0B0FEEB
S214011CB814B1054825F039FE02B0BDE8104002B05F
S214011CC8704700BF5067002025EC0300034610B597
S214011CD8D3E9023253F8223008461C78211E18BF71
S214011CE80121FFF7C5FF014648B9084A084B0220FB
S214011CF8002C08BF1346074AFFF7CAFF10BD00218C
S214011D080220054AFFF7C4FFF8E700BF24D80300FE
S214011D181CD8030027EC03003DEC03002DE9F04135
S214011D2805461F460C46DFF82C808E18B44201D1B2
S214011D38BDE8F0810021284614F8013B069AFFF712
S214011D48A7FF002FF2D0424600212846FFF7A0FF42
S214011D58ECE700BFB1DE03000021024A0248FFF7A4
S214011D68ADBC00BFF51D0100243F0020FF2101483E
S214011D7822F007BD243F00200022034BFF21034821
S214011D881A7022F0F7BC00BF525D0020243F0020E5
S214011D9813B5114C2378032B13D8009300230F4A4D
S214011DA818460F4907F07AFA237842F21072002B88
S214011DB808BF0022FF210B4802B0BDE8104022F000
S214011DC8C8BC00220849104607F068FA02B0BDE808
S214011DD81040FFF7D1BF00BF525D00204EEC030054
S214011DE860EC0300243F00206AEC0300F0B52B4D9D
S214011DF88FB02B7823B309A824F0AAFE022309A8DA
S214011E088DF8243024F092FE01AA06469446244B07
S214011E1803F11007144618685968083303C4BB420F
S214011E282246F7D105AA17461E4B03F1100E144693
S214011E3818685968083303C473452246F7D1E6B1D2
S214011E48012409A824F020FE28B9BDF8243013F08F
S214011E58020F18BF01242B781349002B4FF00003FB
S214011E684FF0A00208BF1946204624F0E7FD90B9B6
S214011E782B7801332B700FB0F0BD614609A824F00A
S214011E8857FE0028DCD1394609A824F051FE04463D
S214011E980028D6D0D4E7FFF77BFFECE7525D002099
S214011EA8307404004074040000F8FF0710B50020E1
S214011EB8324907F0F3F908220020314907F0EEF914
S214011EC8304B314A1978314B0020002918BF1A4681
S214011ED82F4C304907F0E2F9002024F0F5F9236881
S214011EE8002B47D01B78022B44D900222A4B1046D8
S214011EF82A4907F0D3F922F032FF29490246002081
S214011F0807F0CCF900F0D0F826490246002007F081
S214011F18C5F923681B78032B2CD900F0D5F822497C
S214011F280246002007F0BAF900F0DEF81F4902461B
S214011F38002007F0B3F900F0DFF81D49024600203B
S214011F4807F0ACF900F0A4F81A490246002007F099
S214011F58A5F900F0D7F8184C184954F820200020A5
S214011F6807F09CF900F024F9154954F820200020C0
S214011F7807F094F9BDE8104024F0ABB98CEC0300E7
S214011F88A8EC0300535D0020021004002110040091
S214011F98B8430020CBEC0300F2D90300E6D90300CE
S214011FA8E7EC03000BED03002FED030053ED0300F0
S214011FB877ED03009EED030054670020C5ED03008E
S214011FC8E8ED030008B5D0E9023253F82230187854
S214011FD840B10020074907F061F9BDE808408020B4
S214011FE800F034B8044907F059F9BDE808408020E4
S214011FF800F046B80BEE030028EE0300D0E90232E3
S21401200853F82230034A1B78003B18BF012313708C
S214012018704700BF535D002018220021094BC3E911
S21401202800121A7B0AB9084A9A601A7C12B94FF448
S2140120387A72DA8140F6B8325A8200229A829A7502
S214012048704700BF443F0020E09304000A4B10B5D8
S2140120581B687BB11B78032B02D8B0F5007F09D12A
S214012068064C2368034323606368184202D02AF0AB
S21401207852FCA08210BD00BFB8430020443F002098
S214012088024A136823EA000313607047443F00209E
S214012098014B1868704700BF443F0020014B986801
S2140120A8704700BF443F0020024B9868FA23B0FBF4
S2140120B8F3F07047443F00200122024B98601A73E0
S2140120C8704700BF443F0020024BD889FA23B0FB73
S2140120D8F3F07047443F00200122024BD8811A745E
S2140120E8704700BF443F0020024B588AFA23B0FBD2
S2140120F8F3F07047443F0020014B5868704700BF13
S214012108443F00202DE9F84300244FF00C08104BFB
S214012118104F9D7D104E3988E3B28B4202D3284674
S214012128BDE8F88308FB03F3F05C06EB030924F02B
S214012138D2F850B9FF21D9F8080022F022FB20B1C5
S21401214899F805309D4238BF1D460134E3E700BFC4
S214012158443F0020926B0020D8670020124B10B530
S2140121681B68124CEBB11B78032B02D823689B051E
S21401217817D52AF0D0FBA38AC01A638A80B2834295
S2140121883EBFD4E900329343236024F021FC08B112
S214012198E08910BD2368002BFAD1FFF7B3FF0128A9
S2140121A8F6D0A068F5E700BFB8430020443F0020FA
S2140121B8014B987D704700BF443F002038B5044660
S2140121C80D462AF059FC244B1B7813B1204622F001
S2140121D8C1FD402C27D006D884B13F2C18D0BDE8C5
S2140121E8384024F076B84C3C0C2CF8D81B4B2341CD
S2140121F8DB07F4D40220FFF743FFF0E74FF4007043
S214012208FFF73EFF0220FFF721FF154B1C71E6E79B
S2140122184FF40070FFF734FF0220FFF731FF00226A
S2140122280F4B1A71DBE723F0D7FF0028D7D10C4CE8
S2140122380220237901332371FFF722FF4FF4007040
S214012248FFF704FF2379AB42C9D322F084FD0028A7
S214012258C5D122F059FDC2E7535D0020FEEEFFFF0F
S2140122685C3F002010B505F05FFB02280AD124F078
S2140122788BFB034630B1BDE81040002202491046E8
S21401228807F00CB810BD00BF74EE03000021024A27
S2140122980248FFF713BA00BF6D220100643F002011
S2140122A838B5002024F010F8124B1B6893B11B7840
S2140122B8022B0FD905F038FB022816D10E4C2568DB
S2140122C8FFF74CFFA842206008D0FF2122680B4880
S2140122D822F03FFABDE8384023F0FBBFFF2107484C
S2140122E822F04FFA0028F5D1EFE7FF21034822F044
S2140122F841FAEFE7B84300205C3F0020643F002026
S21401230802460249002006F0C9BF00BF88EE030056
S21401231810B5234C2348FF2122F02CFA20780228F6
S2140123281ED003282ED0012804D02120BDE8104055
S214012338FFF7E6BF1C4B19780029F7D002231B4A82
S21401234823701378052B0EBF00230133DBB29942A5
S214012358137003D1052313700020E7E7052BFBD084
S214012368124B1B78052B02D103232370DDE7104A95
S214012378104932F8230007F085FC03232370002850
S214012388D4D110BD094B0C4A1878094B03EB8001D0
S214012398897833F8200007F045FC0123EEE700BFF3
S2140123A8545D0020843F00205D5D0020EE6B002018
S2140123B8E8570020A12501004D2501002DE9F04F21
S2140123C80D46144695B00490112200210FA899468F
S2140123D8DFF86C810BF026FC04EB45030393D9F870
S2140123E800301C2B02D0039B9C4202D115B0BDE8DD
S2140123F8F08F0123DFF844A18DF81C3023884C4A5E
S214012408ADF81E309AF800304A4D08EB83039B78E6
S21401241828788DF8203013688DF81D00CDF8213006
S2140124285368CDF8253023F056FF049B8DF8290014
S21401243821882878002B4AD123F01CFC002844D098
S2140124489AF800300FAA38F8230007A922F091FC61
S21401245800283AD023F03BFA4FF0000B0746064611
S2140124681C255FFA8BF2974234D8B7422BD99DF8D0
S2140124781C30032B1AD10FAB0193BDF82130002273
S2140124880421009301202C4B06F08EFD9AF80030AB
S21401249808EB83039978274B187806F001FE9AF81B
S2140124A80030002038F8231023F06AFE5DB107A932
S2140124B8304624F05BFA214B05461B78304638F83F
S2140124C8231024F055FAC9F80050023487E723F0A0
S2140124D8C8FBB3E710460BA9059224F043FA30B9B6
S2140124E89DF82C1031B9059AB74208BF16460BF16C
S2140124F8010BB6E7BDF82E00BDF81E209042F6D1B6
S2140125089DF830009DF820209042F0D19DF81C20BF
S2140125188A42ECD1032A14BF082202220DF12101B6
S2140125280DF131000BF0CAFE002808BF0025DEE7D2
S214012538555D0020ED6B002005F10300EE6B0020D1
S214012548E857002013B503460020114A9C68127804
S2140125580190052A03D01B78032B00D12CB9012042
S21401256802B0BDE81040FFF7CBBE6268217801AB28
S214012578FFF724FF217A0120E26801ABFFF71EFF6F
S214012588FF21044802B0BDE8104022F0EBB800BFB6
S214012598EE6B0020843F0020094B1B78052B02D0E8
S2140125A80378032B02D00120FFF7AABE8168054AEB
S2140125B80B68054813604B68FF21536022F0D2B8B8
S2140125C8EE6B0020555D0020843F002038B50024BE
S2140125D8114B124D1870124BFF211C702C7006F00F
S2140125E85FFD0122032110460E4B06F0DDFC4FF677
S2140125F8FF712246084623F0C6FD044648B940F650
S214012608B832FF21084822F0A4F801232B7020468F
S21401261838BDFFF775FEFAE7ED6B0020545D002024
S2140126285D5D0020C5210400843F0020144BF0B5F1
S2140126381A68144913680978587988420BD11249DF
S214012648D78808460022114D1E792B78D4B2A342AA
S21401265803D8052C0AD10020F0BD0C88BC4202D153
S2140126688C78B442F7D001320431EFE7A342F2D1B5
S21401267820F82270013300EB820086702B70EAE79F
S2140126887C440020ED6B0020E85700205D5D0020AB
S214012698FF2307B50021044A04480093FEF7D8FF34
S2140126A803B05DF804FB00BF19230100843F002036
S2140126B81FB5B42303210446ADF80E3023F0D1FA32
S2140126C898B1212320460093002203210DF10E0321
S2140126D823F076FC04460020054B064A064900947A
S2140126E806F0DCFD204604B010BD8624F3E700BFE3
S2140126F8B2EE0300BFEE0300D4EE0300D0E90232C7
S21401270853F82230034A1B78012113700220024A2B
S214012718FFF7BEBA066C0020E3EE03000122014B68
S2140127281A707047066C00200A4B90F805111B7842
S21401273890F8082119448A42BCBFB2FBF3F103FBA7
S21401274811234FF0FF32B8BFDBB202FA03F380F869
S2140127580A317047066C00202DE9FF410446057FC3
S214012768867EDFF870806E43237F98F80020134436
S2140127789D4212DB607F60B9238B029363690193E4
S214012788237C00936288A31D217805F095FDFF231D
S2140127982370002004B0BDE8F081E37EAB42E9D99E
S2140127A8A77E228BF1199142A4BF921BD7B205EBE3
S2140127B80323E3813A4633462946204622F0F3FAB4
S2140127C80028E7D1637F3744013301356377BEB20A
S2140127D8EDB2C9E7066C002037B5054624F0F4F8D3
S2140127E80D4B04461B6869461B78032B82BF0B4BAF
S2140127F81B881B18284688BF9CB224F06DF938B987
S214012808684624F0E3F818B9044B1B8823449CB2A5
S214012818204603B030BD00BFB8430020966B0020A9
S214012828084B1B78FF2B0BD1074B1B78FF2B07D1C7
S214012838064B1B78022B03D04FF48070FFF720BCA1
S214012848704700BF5C670020D4400020A43F0020EA
S21401285810B50446FF2121F08DFF054B9C4202BFAF
S2140128680023A4F588742370BDE81040FFF7D8BF8D
S214012878B44000202DE9F0479A462A4B81461B783A
S21401288888461646BDF82050002B49D0FF2D3ED964
S21401289838252846BDE8F087234B0C223146A01D73
S2140128A8636184F80090A4F802800BF00DFAA289FF
S2140128B8414642F4004242F040022046A28122F0FC
S2140128C884FA2A46514660690BF0FEF941464846A5
S2140128D8A21D258323F0CCFDA0760028D8D0054478
S2140128E8013DB5FBF0F0FF28D2DC0023E076204658
S2140128F8A383FFF731FF054680B923794FF480702B
S214012908B372FFF7A3FB227C099B1A80C1E7074C29
S2140129182778FF2FC0D040F60345BAE72770F2E7BD
S2140129280225B6E7066C00205F5D0020D440002033
S214012938B0F9063010B5002B25DA144C2278237C22
S214012948FF2A02D0827A9A4207D0114C2378FF2BAD
S21401295817D0827A237C9A4213D169B9637F013BE7
S214012968DBB263775BB90B4A237F127820461344A0
S2140129782377FFF7F1FE0146204622F035FAFFF7E6
S2140129884FFF012010BD0020FCE700BFD440002007
S2140129985C670020066C00202DE9F04F9A46B1F9D5
S2140129A8063091B0002B0D461746DDF86880049076
S2140129B880F22981B8F80030FF2B04D94FF4B8719A
S2140129C8A64829F0B4FFA64B00241A7893F8040108
S2140129D8B3F80211002A40F0A5802E7AA14A12788F
S2140129E8B24240F2AF800222A3F802711A70AA7AA4
S2140129F8FF2483F804210022A3F8084183F805215F
S214012A08A3F80621B8F80020954883F80C21FFF7AB
S214012A188BFE3846FFF7E0FE214600EB400292485F
S214012A2821F097FE4FF48070FFF710FB8C4C94F85A
S214012A380A91B9F1FF0F20D18A4A94F80531127824
S214012A481344B34219DC94F80C1184F80531B4F830
S214012A580631204601FB0233A4F80631FFF764FE6F
S214012A680122824B38461A70FFF7B6FE494600EB3C
S214012A78400204F5887021F06CFE94F80531B342E3
S214012A8860D8DFF8E0B19BF800C00CEB0302964271
S214012A9858DA764994F808210878013A002853D07C
S214012AA8964205DAB8F8002084F80C2100220A704C
S214012AB8B6FBFCF901220CFB196994F80A015FFAC6
S214012AC889F902FA09F2D1B2024076B92889000AD0
S214012AD8844584F8080108D92046CDE906210593DE
S214012AE8FFF722FEDDE90621059B94F80A0101435A
S214012AF884F80A1182B994F80921B4F806C101329A
S214012B0884F80921B8F80020DAF800100CEB020066
S214012B18FF2826DD0323237094F80831013B9E42E3
S214012B2830D138E0AE7A864202D18F4200D11C46B7
S214012B382E7A002C7FF47BAF002A3FF44FAF012A90
S214012B483FF44CAF01205FE09642B1DA94F80C11DD
S214012B5898F800209142ABD004F58870FFF778FE0C
S214012B68F0E794F80CE1F31A0EFB03C3A01C10FA65
S214012B7883F005920BF0A8F894F80831059A013B02
S214012B889E4244D0012394F80A2103FA09F3013B33
S214012B981343FF2B04D122462946384622F016F95C
S214012BA894F8083194F809219A42CBD19BF8003061
S214012BB8B2FBF3F103FB112212F0FF0218BF134612
S214012BC82278022A26D1264A02341078517801281A
S214012BD804BF01315170012224F8022CEA88B4F8A6
S214012BE8041122F04002EA8094F809210A44591E89
S214012BF894F80A3113FB01F31344A8F80030CAF815
S214012C080040FFF70DFE002011B0BDE8F08F84F8F4
S214012C180B21C0E76979002994D0032A92D1B4F828
S214012C28062194F80B1108AE11445A1E94F80C317B
S214012C38284613FB02F30B4400219BB2A21CA8F8FA
S214012C480030CAF80020CDE900710296049907F011
S214012C5805FD8921304623F008FC7DE70AEF0300CD
S214012C68A43F0020066C0020B44000205E5D0020D2
S214012C7813B5044618B101280BD002B010BDFF23C6
S214012C8801460093064A0748FEF7E2FC064B1C700D
S214012C98F3E7FFF743FDFF22044B1A70EDE700BF89
S214012CA859280100B4400020A43F0020D440002049
S214012CB813B501A909F076FF044648B9BDF80630F0
S214012CC89DF80420034906F0E9FA204602B010BD33
S214012CD88120FBE7A1EF030013B5694609F06EFFF3
S214012CE8044688B9BDF802309DF80020074906F069
S214012CF8EFFA2046019906F043FA2046044906F001
S214012D08CDFA204602B010BD8120FBE7C5EF0300CF
S214012D18EBEF030037B5694609F074FF044618BBA4
S214012D289DF801309DF80020104906F0D1FA104DA3
S214012D389DF80120E3B29A4206D800200D4906F014
S214012D48ADFA002003B030BD0198630003F4FF73A9
S214012D5802220021184423F0A1FA2946024600203F
S214012D6806F0B6FA0134E3E78120EBE7EDEF03005E
S214012D781CF00300C521040013B501A909F018FFCA
S214012D88044648B9BDF806309DF80420034906F004
S214012D9885FA204602B010BD8120FBE726F0030025
S214012DA830B500240B4D85B06946E0B223F0DAFD54
S214012DB850B99DF80030032B06D12946BDF80530D9
S214012DC89DF8012006F06AFA0134202CECD105B0F2
S214012DD830BD00BF4DF0030008B50020034906F0DA
S214012DE85DFABDE80840FF2000F0DEBA5FF0030098
S214012DF82DE9F04F85B006460D46174622F034F801
S214012E08044640B130463A46294622F017F80020D3
S214012E1805B0BDE8F08F4FF003094FEA15285FFAB1
S214012E2884FA6946504623F09DFDB8B99DF800B06E
S214012E38BBF1000F12D1694650468DF800908DF807
S214012E4805508DF806808DF8016023F08FFD024647
S214012E580028D7D05846064906F020FA0134202C17
S214012E68DDD10020034906F019FA8920D0E700BF12
S214012E7874F003009BF003001FB5002304468DF889
S214012E880F3021F0DCFF28B19DF80F3063F07F0387
S214012E988DF80F30182301930DF10F0300220093CC
S214012EA804214023204623F07AF8024618B1002070
S214012EB8024906F0F3F904B010BD00BFB6F00300EE
S214012EC81FB502A909F08CFE044688BBBDF8082088
S214012ED8184906F0FDF92046039906F051F92046EF
S214012EE8154906F0DBF94FF6F672BDF80810134CD3
S214012EF84B1E9BB2934219D82368039A1B685879CC
S214012F08FFF776FF23681B79012B0BD8BDF808302D
S214012F180022CDE900030421094B092006F044F8F4
S214012F2823F09DFA6FF0FF0004B010BD8720E9E793
S214012F388120F9E7D5F00300EBEF03007C4400207D
S214012F48ECF0030070B504468AB005AD11220021E5
S214012F5828460AF067FE204604A909F035FE04460D
S214012F6800283AD11E4EBDF810201E4906F096F9E3
S214012F7832681379012B28D84FF6F670BDF8101071
S214012F884B1E9BB2834224D81368587921F06CFFF4
S214012F9808B333682A461B68BDF81010587921F023
S214012FA84CFFBDF8103001220421CDE90043092069
S214012FB80D4B029505F0F8FF23F051FA034620B1B0
S214012FC800200A4A0A4906F069F96FF0FF000AB0BC
S214012FD870BD8724E5E78B24E3E78120F7E700BF88
S214012FE87C440020EFF0030004F1030008F103001D
S214012FF813F103002DE9F0479AB004A909F0FCFD86
S2140130080446002840F0B5809DF810205B4906F07C
S2140130185FF925465A4E9DF81020EBB29A4254D8CD
S2140130280020584906F03AF99DF81050002D40F056
S21401303899802C462E46544F06A9F0B223F092FCEE
S214013048C8B99DF81830032B15D13B689DF819208F
S2140130581B685B799A420ED19DF81D2005F168031D
S2140130686B4403F8402C9DF81E200235013403F802
S2140130783F2CEDB2E4B20136202EDDD19DF810309A
S2140130880BB1002C77D00AABCDE90143FF2302220E
S2140130980421009309203D4B039505F085FF23F095
S2140130A8DEF9034660B19DF81020002A5FD0384A41
S2140130B83849002C08BF0A460020374906F0EEF8C2
S2140130C86FF0FF001AB0BDE8F08705986B0003F4AF
S2140130D8FF7302220021184423F0E0F83146024625
S2140130E8002006F0F5F8013595E70598730003F416
S2140130F8FF7302220021184423F0D0F800278046E7
S2140131085FFA80FA06A9F8B223F02CFC00BB9DF8FA
S2140131181830032B1CD1D9F800309DF819201B68EC
S2140131285B799A4214D19DF81D30534510D19DF80C
S2140131381E30C8F307229A420AD105F168036B4488
S2140131480235013403F840AC03F83F2CEDB2E4B283
S2140131580137202FD6D101369DF81020F3B29A42B6
S214013168C3D88BE70025DFF820902E46F4E7084AF7
S214013178A2E78120A6E78B20A4E700BF6DF1030034
S2140131881CF00300C52104007C4400208CF10300D8
S2140131983EF103005CF1030090F103002DE9F043D2
S2140131A889B002A909F016FD0446002867D1BDF8C2
S2140131B80820344906F072F84FF6F672BDF8085042
S2140131C8DFF8D4906B1E9BB2934254D8D9F80030DE
S2140131D829461B685F79384621F046FE00284CD000
S2140131E826465FFA86F8404603A923F0BBFB28B9B2
S2140131F82946384603AA21F024FE20B90136202E96
S214013208EFD14FF0FF08404623F0AAFB014658BB12
S214013218112203A80AF006FD2946384603AA21F01A
S2140132280DFED9F800301A79012A18D81B68BDF89E
S2140132380810587922F0F3FFBDF80830032204215C
S214013248CDE900430920104B05F0AEFE23F007F93F
S214013258034620B100200D4A0D4906F01FF86FF00D
S214013268FF0009B0BDE8F08302460A49002006F0CF
S21401327815F80124D5E78724D3E78B24D1E78120E5
S214013288EFE700BFB2F10300ECF00300F0F1030032
S21401329813F10300C9F103007C4400202DE9F04333
S2140132A8DFF894800020D8F8003021491B688BB0DD
S2140132B85E79002505F0F2FF01275FFA85F9484691
S2140132C801A923F04FFB044690B99DF80430032B5F
S2140132D80ED19DF80530B3420AD1484623F040FB8B
S2140132E80146A0B102461349204605F0D7FF2746F6
S2140132F80135202DE1D1D8F8003000211B68587916
S21401330822F08DFF87F001000BB0BDE8F083112293
S21401331805A80AF087FCBDF809403046214605AAEB
S21401332821F08CFD2146304622F079FFE0E700BF08
S214013338FDF10300C9F103007C44002037B5694656
S21401334809F054FC044638BBBDF80020134905F0C3
S214013358BFFF134D2046019905F012FF204611497B
S21401336805F09CFF2B681B68587923F067F870B145
S2140133784FF6F672BDF800104B1E9BB2934209D861
S2140133882B68019A1B685879FFF732FD04462046D8
S21401339803B030BD8724FAE78120F9E711F203006C
S2140133A87C440020EBEF03007FB505460024E6B217
S2140133B86946304623F0D6FAA8B99DF80030032BA3
S2140133C811D19DF80130AB4204D0FF2D0BD19DF8E9
S2140133D80D3043B9304623F0C3FA024618B100202F
S2140133E8034905F05BFF0134202CE0D104B070BD21
S2140133F8C9F10300034B1B681878012808BF02208F
S214013408704700BFB8430020D0E9023253F8223093
S2140134181A78024B1A7000F0E7BA00BF5E5E002009
S21401342870B5D0E902456B1EDBB254F823000322BF
S2140134381B490AF043FF54F8253004EB8504197834
S21401344863681A78A2F10B030F2B05D915490020DA
S214013458BDE8704005F022BF01290FD1124C9140FA
S214013468236840B90B43114A23600020BDE8704029
S2140134780F4905F013BF23EA0103F4E702290CD12B
S21401348801230C4903FA02F20B6818B913430A4AD6
S2140134980B60EAE723EA0203F9E70A460749D6E793
S2140134A835F2030039F20300806700204FF203006B
S2140134B857F203007C6700206AF2030074F20300E7
S2140134C807B5D0E9023103EB810253F821300B49E5
S2140134D81B785268012B0A4B08BF0B4612684FF03F
S2140134E800001A600092074A074B084918BF13469E
S2140134F8074A05F0D3FE03B05DF804FB8067002099
S2140135087C6700208FF2030087F2030099F203001C
S2140135186074040038B5254A254B264C00202649F8
S21401352805F0BCFE0020254905F0B8FE22682449AE
S214013538002005F0CDFE2068224C234D05F088FEBC
S2140135482146002005F0AAFE2A682049002005F039
S214013558BFFE286805F07CFE2146002005F09EFE89
S2140135681B4B1C491A781C4B002053F8223005F0D7
S21401357895FE00F00DF919490246002005F08EFE69
S214013588174B00201A78174905F088FE164B17497D
S2140135981A78002005F082FE04F0C6F9BDE8384026
S2140135A802461349002005F079BE00BF6074040086
S2140135B8B3F2030080670020BAF20300C2F20300E8
S2140135C8D0F2030033D903007C670020E1F2030040
S2140135D88C5E0020F2F203008467002005F30300E6
S2140135E8715E002019F30300705E00202BF30300C0
S2140135F83DF3030007B500F071F8054B0090054A46
S2140136080020054905F04AFE03B05DF804FB00BF3B
S21401361853F3030060740400D4EE0300F8B50446BF
S2140136280B4F0C4E0C4D00200C4A0D4905F036FE8A
S21401363820463B7829783278F4F7B8FD00233B70AA
S21401364833702B70FF21BDE8F840064821F092B888
S2140136588C5E0020705E0020715E0020607404009D
S21401366858F30300F440002037B51248FF2121F033
S21401367881F8114B187810F0100505D0002003B01A
S214013688BDE8304003F01CBF0121B42004F0C6FA9F
S21401369804460A4B0A4A0B490090284605F0FEFDE7
S2140136A82046FFF7BBFF4FF4806003B0BDE830400B
S2140136B8FEF7E6BCF44000208C5E00206FF30300A2
S2140136C860740400D4EE03000021024A0248FDF7A4
S2140136D8F5BF00BF71360100F440002008B5054B60
S2140136E81B7823B11720FFF799FF002008BD022099
S2140136F8FCE700BF8C5E002010B550B1054B00F109
S214013708100250F8044B904243F8044BF9D1024B8F
S214013718197010BD725E0020825E002037B5174D05
S21401372804462B78DB0626D50090154B0020154A53
S214013738154905F0B3FD1E2C0BD0652C09D0032CBA
S21401374819D0002023F086F940F61C40FFF766FFE3
S2140137580DE023F0A7F94FF4FA63B0FBF3F202FB8E
S2140137681300C218FF21094892B220F0F2FF2B7805
S21401377823F010032B7003B030BD00BF8C5E002011
S21401378888F3030060740400D4EE0300F4400020BC
S214013798014B1879704700BFFC57002070B54C4E96
S2140137A88EB0337803F0FB02A3F10905022AEDB2C5
S2140137B858D0042B41F6041257D0A3F108014B4206
S2140137C84B415B0013434348ADF80C3021F07CFBBA
S2140137D848B9414B3F4A03F1100153F8040B8B4299
S2140137E842F8040BF9D13D4B1B78002B3FD03C4BDC
S2140137F80DF10E0203F1100153F8040B8B4242F847
S214013808040BF9D103A823F045F92328044610D15F
S214013818012D49D80020334A334905F03FFDBDF84C
S2140138280C3003A823F40053ADF80C3023F032F91A
S2140138380446002C41D14FF40C7023F029F90446B4
S21401384800283AD103F0FAFE012D36D8274A01ABF3
S2140138581068516803C3264901A823F077F978B39D
S21401386819242AE043F60412A7E70223AAE73378C5
S214013878042B0DD0082B0BD01E4B0DF10E0203F1B5
S214013888100153F8040B8B4242F8040BF9D1B9E73F
S214013898104A0DF10E0302F1100152F8040B8A4288
S2140138A843F8040BF9D1ADE7337803F0FB03022B99
S2140138B803D10020104905F0F1FC20460EB070BD7A
S2140138C8044901A823F042F904460028C8D1F4E7C0
S2140138D88C5E0020605E002055F40300825E0020A6
S2140138E8725E002060740400ACF3030066F4030003
S2140138F8507404006FF4030007F4030070B5002643
S21401390886B00446252023F0ABF816220021164877
S2140139180AF088F9154B1E60154B1878FFF76AFDF3
S214013928022814BF0123042303208DF8083023F04E
S214013938E5F804238DF810300E4B02A8059303947E
S21401394803F030FD05460C4B0C4A19680C4B304603
S214013958A14208BF134600940A4A0B4905F09EFC8B
S214013968284606B070BD00BFFC5700201441002051
S2140139788C5E0020653C01008067002087F203000A
S2140139888FF203006074040080F4030008B5134A3C
S2140139981378042B09BF124B01331B78C3F10603B6
S2140139A8DBB2137003F0FD02092A04D11720FFF7D2
S2140139B835FE172008BD0A4A1278002A14BF0522C8
S2140139C806229A4207D1074B18680028EED0FFF75F
S2140139D895FF4D20EEE70020ECE700BF8C5E002047
S2140139E8825E00207C67002073B51E4C1E4E23683D
S2140139F83268134334D01D4B1B6853B31C4D2B78C8
S214013A083BBB03F091FFF8B94FF48060FEF71EFB4D
S214013A18184B24681B7894B1C3F102032B7003F08A
S214013A2847FD2046FFF76AFF04460020124B134A5B
S214013A381349009405F032FC204602B070BDC3F16C
S214013A48060334682B70EAE70121B42004F0E6F88F
S214013A58EAE70020094A0B4905F020FC0224E4E7BE
S214013A680224E9E7806700207C670020B84300202D
S214013A788C5E0020825E0020C8F403006074040097
S214013A88D4EE0300AEF403002DE9F347384D394E62
S214013A9800202A792B88384905F000FC32682879F5
S214013AA822FA00F010F0010002D1344905F0F6FBC5
S214013AB8334F3C783CB10822324933480AF0FEFBC2
S214013AC8041E18BF0124DFF8DC80DFF8A490DFF8B5
S214013AD8B4A014E098F8000049460130C0B288F84E
S214013AE8000022F0AFFF002835D13C783CB108220F
S214013AF8514625480AF0E2FB041E18BF01242A791C
S214013B083368D340DB07E5D5002CE3D100922B8838
S214013B181E4A1F49204605F0C1FB1E4B1878FFF7C1
S214013B2869FC01230322124922F092FF1A4A05462C
S214013B3813780133137010B902B0BDE8F087204638
S214013B482B46124A154905F0A9FB284602B0BDE8DE
S214013B58F047FFF763BD0020114905F09FFBFFF70B
S214013B6815FF0028E8D102B0BDE8F04700F01CB800
S214013B78FC57002014410020CEF40300FFF4030094
S214013B888B5E0020835E00200A58002060740400C3
S214013B98CEF503008C5E0020705E00206FF50300F2
S214013BA898F503005F5E00202DE9F041214C224D77
S214013BB82378002055F82330204A214905F06EFB6A
S214013BC8FFF7ECFD03461D4E1E4FDFF874802BB938
S214013BD82378042B15D8B3B91B4B15E03246394662
S214013BE8002005F05BFBFFF7D1FE00BB23783246C9
S214013BF855F82330414605F051FBFFF7CFFD034644
S214013C08E5E7092BE8D1114B00201B68104A11493A
S214013C181360114B187022F015FF20B1BDE8F04172
S214013C280120FFF7FBBCBDE8F041FFF72DBFBDE85B
S214013C38F08100BF8C5E0020846700206074040059
S214013C48EEF50300FBF503007C6700208067002083
S214013C5814410020FC5700205F5E002070B51C4C04
S214013C6823789BB3838913F4407F2FD0056835B139
S214013C782A46BDE870400020164905F00FBB22F021
S214013C88DFFE154E03463070144A2846144905F0DF
S214013C9805FB33781BB1BDE87040FFF785BF237875
S214013CA8082B0CD8042B0CD80E4B1B78C3F1060333
S214013CB823700D4BBDE870401868FFF71FBE0A2B2E
S214013CC8F2D1BDE870401820FFF7A8BC70BD00BF50
S214013CD88C5E002026F60300715E002060740400E6
S214013CE853F60300825E00207C67002030B5464DFF
S214013CF803460446454A0020454987B005F0CEFAF2
S214013D082B782BBB01A822F023FF022301A88DF8EC
S214013D18043022F00BFFB0B93E4901A822F008FF93
S214013D2888B1152C0FD122F0BDFE47F23153B0FBF6
S214013D38F3F202FB130000F51C50103080B203F0BA
S214013D48BFFB07B030BD162CFBD103F0F3FBF8E739
S214013D58152C2AD100202D4A2F4905F09FFA2B78D9
S214013D68042B11D0082B0FD02C4B1B78DA070BD459
S214013D7801A822F089FE18B9BDF804309B0703D4C0
S214013D882B7843F010032B7022F08CFE4FF4FA6365
S214013D98B0FBF3F2FF2102FB1300C218204892B2CF
S214013DA807B0BDE8304020F0D4BC22F0ADFE044692
S214013DB80028C6D12B78013B092B1ED8134A19496E
S214013DC805F06CFA184A194913780133D8B21070FD
S214013DD822F038FE60B12046154905F05FFAFFF774
S214013DE8D5FD0028ADD107B0BDE83040FFF7DCBEF1
S214013DF807B0BDE83040FFF747BE40F61C4007B0A5
S214013E08BDE83040FFF70ABC8C5E002060740400F1
S214013E1877F60300507404008EF603005E5E0020F9
S214013E28F4400020A1F603005F5E0020FC57002046
S214013E3898F503002DE9F0410B4686B004460E4678
S214013E4817463A490246002005F028FA4FF00008BE
S214013E580123CDE901380DF11603009342464023AC
S214013E680621204622F0D0F8054640B102463049E0
S214013E78404605F013FA284606B0BDE8F0819DF8DD
S214013E8816202AB936B900202A4905F007FAF2E7BA
S214013E98012EF8D082F00103002027498DF817304B
S214013EA805F0FCF99DF817300DF1170633B310230A
S214013EB80022CDE9006306214023204622F06FF850
S214013EC8064630B1324600201C4905F0E7F935466A
S214013ED8D1E74FB90821204621F0C3FE20B120467C
S214013EE89DF8171022F09CF90521204621F0B9FE0D
S214013EF80028C0D0204622F090F9BCE74FB9082127
S214013F08204621F0AEFE20B120469DF8171022F07B
S214013F1887F910230022CDE90063062140232046B5
S214013F2822F03DF806460028DED0CBE7D0F803009D
S214013F38ECF8030005F9030025F9030045F9030029
S214013F48002208B5034B11461B681B685879FFF712
S214013F5871FF08BD7C44002008B5044B00221B688D
S214013F6801211B685879FFF765FF08BD7C440020CE
S214013F7808B5044B00221B6802211B685879FFF715
S214013F8859FF08BD7C44002010B50123002488B0E1
S214013F9801A88DF80430CDE90244F5F711FC204656
S214013FA89DF80420124905F079F92046039A11492B
S214013FB805F074F92046029A0F4905F06FF91022A8
S214013FC80E4B0DEB0201188840F0604040F480105B
S214013FD8FBF744F920460A4905F07AF904A822F0C5
S214013FE89FF92046074905F059F908B010BD00BFEA
S214013FF85EF903007DF903009CF9030010740400C0
S214014008BBF90300C521040008B520F08EFF002087
S214014018024905F043F9012008BD00BFD8F903009D
S2140140280023054A8360C360044BC0E9002311B12D
S2140140384FF6FF730B80704749101CB20930021106
S21401404810B5044660B10020064905F027F9052C8D
S21401405806D002F0CBF904490246002005F01EF905
S214014068012010BDECF90300FDF9030037B5002166
S2140140786A4601AB054621F019F8044668B10022E4
S2140140880F49104605F00AF902F0B0F90D49024643
S214014098002005F003F903B030BD0B4905F0FEF822
S2140140A801201FF058FF01F099FF431C02D007F0CA
S2140140B89DFFF0E721462846FFF7A6FFEBE700BF7E
S2140140C826FA0300FDF903006EFA030038B5054623
S2140140D801F084FF044622F06CF84DB100200E4929
S2140140E805F0DCF8631C14BF2046002007F040FFEB
S2140140F820F029FF0228044605D0012805D1002012
S214014108064905F0CBF8204638BD0020044905F0DD
S214014118C5F80024F7E700BF8BFA0300A5FA0300E9
S214014128BEFA030008B50020034A044905F0B6F8AC
S214014138BDE8084000F050BD680A0400D7FA03003D
S21401414808B50020034A044905F0A8F8BDE8084068
S21401415801F0CAB9F6FA0300D7FA03001FB5D0E989
S214014168023253F8223068461C78214601F0D0FB0B
S214014178684601F073FC28B92246044905F08EF812
S21401418804B010BD6846FFF771FFF9E7FCFA0300B3
S2140141980020014905F082B818FB03007FB50DF130
S2140141A8060102A8FFF73CFF0020264905F076F82D
S2140141B80020BDF80820244905F070F80020BDF855
S2140141C80A20224905F06AF8039A0020204905F0DA
S2140141D865F800201F4905F07BF84FF6FF73BDF818
S2140141E806209A4229D000201B4905F057F80020DE
S2140141F81A4A1B4905F052F800201A4A1A4905F0CE
S2140142084DF800221949104605F048F80020154ACD
S214014218174905F043F80A220020164905F03EF82A
S2140142280A220020144905F039F80A220020134909
S21401423805F034F807B05DF804FB0020104905F0D6
S2140142482DF8D4E727FB03003FFB030058FB0300C8
S21401425871FB03008AFB030095F90300E093040051
S214014268A0FB0300C0270900BFFB0300DEFB030019
S214014278FDFB03001CFC03003BFC030059FC030088
S2140142889DFB030008B50020034905F007F8BDE8C3
S2140142980840012001F0FAB977FC030008B50020B0
S2140142A8034904F0FBFFBDE80840002001F0EEB921
S2140142B890FC030030B5104B104D1B5C85B08DF893
S2140142C80F302B780446834206D00D4B0D4953F820
S2140142D82020002004F0E2FF30232C700A480193C6
S2140142E80DF10F030093062280231921007821F08F
S2140142F856FE05B030BD00BF77740400945E0020FA
S21401430884740400A8FC0300F06B00201FB5232367
S21401431803900193064803AB0093012280231921D9
S214014328007821F03CFE039805B05DF804FB00BF59
S214014338F06B002073B5164D04462B78154ECBB19D
S21401434820F022FE012815D0346040F6B244124B04
S2140143581B78072B17D02D78C5B920F015FE031E3C
S21401436818BF01230D48009522461921007821F02F
S2140143789AF903E000233360002CE8D1201E18BF09
S214014388012002B070BD02250123EBE70025FBE7FB
S214014398915E002018410020945E0020F06B0020FA
S2140143A808B50448FFF7C6FFBDE808400220FFF736
S2140143B881BF00BFC027090010B5064C208821F030
S2140143C830FF608821F02DFF6068BDE8104021F0BD
S2140143D837BF00BF1C4100207FB523238DF813305B
S2140143E80DF11303029304230648019305AB0093CA
S2140143F8012280231921007821F006FE059807B0CE
S2140144085DF804FBF06B00202DE9F047DFF84C91CE
S214014418044699F8000090460F4621F004FC0B2844
S21401442899F8002005D9BDE8F04700203F4904F077
S21401443835BF00263E4B3F4D1E803F4BDFF820A17F
S21401444803EB00135B8801202B802A7104F04EFED3
S21401445805F0F6FE04F04AFE204604F047FE012366
S214014468042C8AF800300BD8022C45D89C4216D06A
S2140144782346BDE8F0470020304A314904F00EBF14
S214014488062CF5D130462F4904F008FF384604F0CB
S2140144982DFEFFF791FF97B18AF800600FE04FF6FF
S2140144A8FF76294F3888801B18BF012004F01EFEAE
S2140144B8FFF782FF3888B04201D021F0B2FE1923F7
S2140144C86B8099F8003000202B71204B1B786B719C
S2140144D8EB8843F04003EB801D4B198821F050FE12
S2140144E8034620B1224600201A4904F0D7FE40466A
S2140144F8BDE8F047FFF71EBF304604F0F7FDFFF7AB
S2140145085BFFFFF769FF21F09BFE134B1B78002B1F
S2140145180CBF3F20202004F0E9FD042CCFD14FF436
S214014528806021F07EFE3220C7E700BFBBFC030097
S2140145382058002024580020EC42002075EA030089
S21401454807FD0300EAFC030014580020EF6B002067
S214014558906B002020FD0300905E0020F06B002089
S214014568915E002038B5044605200D46FFF7A2FEE9
S214014578184B1A884FF6FD739A4207D10020164940
S21401458804F08CFEBDE83840FFF70ABF65B1134A50
S21401459813780133DBB2092B137014D90A220020D1
S2140145A80F4904F07BFEEDE7012C0ED10B4B1D7075
S2140145B80C490D48FFF734FDBDE8384000210120BD
S2140145C80A4AFFF721BF012CF2D0BDE83840074858
S2140145D8FFF7B0BE906B00205AFD0300935E0020E3
S2140145E885FD0300145800201C410020E0930400B8
S2140145F808B50649002004F051FE0548FFF736FDC8
S214014608BDE8084000210846FFF7ACBFC9FD030016
S2140146181C410020814237B50346154608D20020C2
S21401462800910F4A0F4904F039FE002003B030BD4F
S2140146380C1A224600200C4904F030FE40F6BB5303
S21401464822460020094904F029FE4FF47A735C4398
S214014658074B01209C4294BF2C602B60E6E700BF05
S21401466875EA0300DAFD030017FE030032FE0300B5
S21401467880EE360010B504460820FFF71BFE0D4BEA
S2140146883CB91C700021BDE8104006200A4AFFF715
S214014698BBBE1B78092BF5D90A220020074904F06E
S2140146A8FDFD0020064904F0F9FDBDE81040FFF7BE
S2140146B89FBF00BF935E0020C02709005EFE03006F
S2140146C89FFE030073B51F4D2C7834B100201E4998
S2140146D802B0BDE8704004F0E1BD0220FFF7EAFD34
S2140146E8FF221A4E1A4B30781A7021F09CFA0B28C2
S2140146F807D920463278174902B0BDE8704004F061
S214014708CDBD154B1549009301EB00110123192264
S2140147184FF6FD70498805F037FA70B12046104902
S21401472804F0BCFD00220F4B0F481C700F4B1A708B
S21401473802B0BDE87040FFF7FDBD01240C492C709E
S214014748EEE700BF925E0020B0FE0300F06B00208B
S214014758EF6B0020BBFC03005D4A0100EC42002021
S214014768F1FE0300915E0020C0270900935E002039
S21401477817FF030038B5144D04462B78052B21D9AD
S2140147881249FFF75DFC24B918B9114904F086FDF2
S2140147980424104B195D21B9BDE838400846FFF7D7
S2140147A869BF032C06D02B78052B03D006200A4AAE
S2140147B8FFF72AFE0021094B08461970BDE8384064
S2140147C8FFF7D0BE38BD00BF945E00201C41002014
S2140147D839FF03006D740400C0270900915E0020AC
S2140147E830B5044689B00720FFF764FD052C0AD1C9
S2140147F800222A4B03A91A7002A804AA01F0FEFD9A
S21401480830B1022045E09CB90122244B1A700224DB
S214014818224D287878B1421E504221495041FFF76F
S21401482855FC022304462B70022C0ED10A200FE0F9
S214014838022CE6D1EBE7631F5A424FF005001849F0
S2140148485A4120F0A8FB0446EEE7032C04D10020C9
S214014858FFF770FD09B030BD062C06D100201149BE
S21401486804F01CFD01232B70E0E70F4A0F4B287854
S214014878002C18BF13460E490E4A0094002808BF9C
S2140148880A4600200C4904F009FD201E18BF012025
S214014898400009B0BDE83040FFF76CBF8F5E0020CE
S2140148A81C41002074FF03006DFF030066FF030030
S2140148B855FF03005FFF0300AFFF030013B51F4C4E
S2140148C80620FFF7F7FC2278092A09D900201C4997
S2140148D804F0E4FC042002B0BDE81040FFF74ABF2C
S2140148E8184B1B782BB300201FF059FB20F04CFB0C
S2140148F868B9FFF771FD144B196820F03CFB0246B6
S2140149080420002102B0BDE81040FFF77DBD01A8D4
S21401491820F038FBFF2809D14FF4FA6023780133D9
S214014928237002B0BDE81040FFF704BD0198FFF7F9
S214014938EDFC4FF4FA620320E3E700BF935E002024
S214014948CAFF0300905E00202C410020F023F0B53A
S21401495889B0CDE900033448802300221921007864
S214014968324E334F21F01BFB0020324904F096FCEF
S2140149783246394603A801F041FD032804462E4D68
S2140149881CD10626039A2D49002004F087FC0398BB
S214014998FFF7BCFC0020396800F0ACFE2E7001F071
S2140149A89FF900220446264B30461A70FFF782FC10
S2140149B884BB09B0BDE8F040FFF780BF28BB72682A
S2140149C8204904F06BFC214604A8FFF729FB059B48
S2140149D8726893420BD020461B4904F05FFC0723FC
S2140149E805202B7009B0BDE8F040FFF7F9BE1A465E
S2140149F82046164904F052FC0523002101202B709D
S214014A0809B0BDE8F040FFF7ADBD0020104904F03D
S214014A1845FCF1E7042C05D0042009B0BDE8F040B8
S214014A28FFF7A8BE09B0F0BDF06B00201C410020BE
S214014A382C41002002000400945E0020330004008C
S214014A48935E00206E000400A7000400FB0004002B
S214014A5837010400F7B50446876800202378364DE9
S214014A68012B287004D0354B3549187004F016FC14
S214014A7826785EBB334B1B78FF2B04D103B0BDE809
S214014A88F040FFF78DBC304B1B78032B11D82F4C09
S214014A980320FFF70FFC6946208822F01DF800283E
S214014AA843D02B49208805F0EDF820B12E70FFF78A
S214014AB877FC03B0F0BD0124204B26491C7004F096
S214014AC8EDFB0320FFF7F6FB2C70F2E7012E25D14C
S214014AD83B78002BEDD01B4D2B78FF2BE9D1A68810
S214014AE802F04AFF864206D100201B4903B0BDE802
S214014AF8F04004F0D3BB194BA2881B783BB132B106
S214014B081749002003B0BDE8F04004F0C7BB7B6836
S214014B1814491B782B700D4B1A80F2E7032E08D127
S214014B2808226846A16809F0CFF86846FFF70EFF25
S214014B38BFE700232B70A1E7915E0020925E00205C
S214014B4852010400EF6B0020945E0020906B002059
S214014B585D4A010017FF0300720104008E5E002003
S214014B6898010400C30104007FB5094B1A78FF2A8F
S214014B780AD1187001F088FB0022064B0DF10601D8
S214014B8802A81A80FFF74CFA07B05DF804FB00BFCD
S214014B98F06B002012580020152838B517D10C4B99
S214014BA81D78A5B921F07EFFC4B2012C38BF0124B7
S214014BB80120FFF77FFB28462246064904F06EFBD4
S214014BC84FF47A706043BDE83840FFF7B3BB38BD91
S214014BD8945E0020E0010400034B1B78022B01D8E9
S214014BE8FFF770BD704700BF945E002070B5284C73
S214014BF820F0C5F92578274EBDB10020264904F0D6
S214014C084DFB264A1378013313700023237033783B
S214014C18062B0AD1BDE87040214B1868B0F5FA6F2B
S214014C2838BF4FF4FA60FFF785BB3378013B082B92
S214014C382CD8DFE803F005090D2B13191D222700D0
S214014C48BDE87040FFF7C8BFBDE87040FFF73ABD42
S214014C5800232370BDE87040FFF7A2BB2946BDE8D4
S214014C6870400120FFF77EBCBDE87040FFF726BE06
S214014C780220BDE87040FFF7B3BD0120BDE87040D3
S214014C88FFF7F8BCBDE87040FFF7B2BC70BD00BFC7
S214014C98915E0020945E00200F020400935E0020BF
S214014CA81841002010B90520FFF764BD034B1B7897
S214014CB8062B01D1FFF79ABF704700BF945E00200C
S214014CC82DE9F0478E68054633189A780C46092A66
S214014CD88EB008D90020A34904F0E0FA85242046BE
S214014CE80EB0BDE8F08750B98B899F49895C8B4225
S214014CF805D200919D4904F0D1FA8024EFE79C4B38
S214014D08E7881B889F4236D09A490978012932D903
S214014D1832B13A460020984904F0C0FA7E24DEE70C
S214014D28964B1A70934B26791B78052B03D0012BCB
S214014D383AD8FFF751FF5EB93146204621F095FB78
S214014D480346002851D030468D4A8E4904F0A6FA0B
S214014D58D4F80880A48998F8037098F80450002EAF
S214014D684CD13046884A894904F098FA0021012036
S214014D78FFF7F8FB4FE00021804B1970072A00F275
S214014D888A8301A353F822F02D4D0100DB4E010062
S214014D98DB4E0100ED500100ED500100ED50010021
S214014DA88353010083530100022B17D102F0E4FD5F
S214014DB88742B3D00020764A764904F06FFAFFF7A7
S214014DC881FC46BB3146204621F04FFB034610B313
S214014DD86B4A6C49002004F061FA1CE06E4A002018
S214014DE86E4904F05BFA012479E7A3681B78DA06B2
S214014DF8AED432466A4904F051FAA9E700210AA856
S214014E08FFF70EF9032F08D95F4B664A66490097E4
S214014E18002004F043FA002461E76B1E632B04D9D3
S214014E28594B604A61490095F2E7614BE4B2DB5D94
S214014E389C4209D0CDE901430020534B594A5D49AC
S214014E48009704F02BFAE6E757B3A4B222460521E9
S214014E58404621F023FABDF82830834203D04A4B56
S214014E68554A5649B6E7012F1AD022460721404629
S214014E7821F014FABDF82A30834203D0424B4E4A39
S214014E884F49A7E7032F0BD122460921404621F0B7
S214014E9802FA0B9B984203D13B4B474A494999E78B
S214014EA8642D3FF463AF21F0FDFD6423C0B2B0FB6F
S214014EB8F3F203FB12030133DBB29D42BFF456AF94
S214014EC8CDE900530020304B3B4A3F4904F0E6F950
S214014ED8A1E7284B1B78052B01D03C4A7FE7EB1C42
S214014EE8DBB2277BF45C44B123460020374A3849B5
S214014EF804F0D4F900210C460BE00F2F0DD810232F
S214014F08204634490093314A3B4604F0C7F98024C9
S214014F1801210020FFF726FBE1E60435EDB2204625
S214014F282A4A2D4904F0BAF97A1B7119D2B206A891
S214014F3820F038F805443A46E9B2304621F0ABF994
S214014F48264D069A2B68264F9A42386001D10028CA
S214014F584AD1244900201D4A04F0A0F985240121DC
S214014F68D7E700BF2C020400B07404004402040012
S214014F78906B0020945E002073020400915E00206E
S214014F88E9020400F1020400790304008E03040018
S214014F98B7020400C402040019030400260304002F
S214014FA843030400A3030400AB030400C503040081
S214014FB873740400E3030400380804001D040400A5
S214014FC8470404006F04040096040400CA0404009D
S214014FD8E4040400130504002A0504001C4100200B
S214014FE82C4100205305040000F08EFF3E68B042B5
S214014FF80AD200F089FF9D4903463246204604F04E
S2140150084DF98924012184E7079A6B689A4205D1EC
S2140150182046974A974904F041F96BE7964909787B
S21401502859B19A4209D22046944904F037F9962193
S2140150380620934AFFF7E8F95CE7924A924905A8E1
S21401504801F0DCF9079E48B96A68964206D88F4986
S21401505804F024F90520FFF7C3FB40E6324600209A
S2140150688B4904F01BF939680027002000F042FB41
S21401507800206E60FFF74AF9864B06201F80FFF76F
S21401508819F9854B1F7001F0B1F90646F8B94FF6C4
S214015098FF73824A0AA81188994214BF13463B46F1
S2140150A86A88298801F012F90AA800F0D7FC58B1D5
S2140150B80AA801F0DDF938B13046794904F0EEF86E
S2140150C80420FFF757FB0AE6FFF7F8FB07E6042874
S2140150D805D1744B1921187820F0FCFAFFE53846FB
S2140150E87149EBE7714B1B78062B01D0704A76E6BF
S2140150F8DFF8A0A1EB1C94F80C90BAF80080DBB29C
S2140151082EB930466B4904F0C9F88724E7E5F75C01
S2140151182C1D972FE4B22FD025D8812F71D0952F2B
S21401512867D017BBB9F1100F7FF6E7AD31194A46BC
S2140151380AA81FF037FF0444E4B221464A4630461F
S21401514821F0A9F8231DDBB2053416F803A0E4B252
S214015158A9EB04035345054666DA009338465346D9
S214015168534A5549C7E5982F43D03B460020504A35
S214015178524904F093F8C8E7B9F10A0F7FF6BDADB6
S2140151881FFA89F721463A46304621F084F805F198
S214015198080104463A46C9B2304621F07CF80AAA04
S2140151A801462046FFF736FA08B9454B0A93B9F186
S2140151B80C0F12D905F10C013A46C9B23046DDF892
S2140151C8288021F06BF8044602463E49002004F088
S2140151D865F8AAF8004044440A940A9C3A492246CB
S2140151E8002004F05BF82046FFF7A4F81FF0D2FE73
S2140151F811E63649002004F051F80320FFF7BAFA01
S21401520809E6334C23786BB11FF0B7FE50B1002086
S214015218304904F043F8002323701FF0BBFEFFF764
S2140152284DFBF8E52C49E5E7DFF8A49099F800303E
S21401523843B9FFF7D1F88542034607D01C4A2749E8
S2140152480095E5E51FF0A0FE0128F2D110220D48D1
S2140152580AA909F033F810B9BAF13F0F42D9144A2E
S2140152681F49002004F01AF84FE700BF7205040032
S214015278CA040400AA0504008D5E0020DF050400A8
S214015288C02709001C4100202C4100206E000400A4
S2140152982006040012580020935E002014580020AF
S2140152A842060400F06B002061060400945E0020AC
S2140152B8870604009C060400C9070400AB0704001F
S2140152C8E0930400D706040002070400210704003F
S2140152D8905E00203D0704007C07040005080400D2
S2140152E8410804006D4B187099F800304BB11FF057
S2140152F844FE30B128461FF043FE042807463FF413
S2140153088AAD5146284632191FF07DFF28B1002084
S214015318634903F0C3FF042070E799F80030554449
S21401532863B11FF02AFE48B1FF2FF4D0012F3FF4D6
S21401533872AD032F16D11FF02BFE05462846FEF741
S214015348E5FF04460246052156481FF052FE564B15
S2140153581B689C420AD320461FF050FF0520FFF722
S2140153683FFA58E51FF012FE8046E7E74046FEF78B
S214015378E1FF00287FF44FAD51E74C4B1B7803F053
S214015388FD03082B01D04A4A29E5A48935B1F278EC
S21401539822B10020474903F081FF2EE7E4B22246F6
S2140153A8F11C0AA81FF0FEFD434BBDF828201988FA
S2140153B8054691420DD04FF6FF718A4209D03C4A04
S2140153C800203E4B3E4903F083FFBDF828203D49A7
S2140153D847E7BDF82A20598891420CD04FF6FF714D
S2140153E88A4208D0324A0020374B354903F070FF0D
S2140153F8BDF82A20EBE70B9A5B689A420AD001327D
S21401540808D02B4A2E490020304B03F061FF0B9A37
S2140154182F4926E7A4B2E91C2246C9B2304620F035
S2140154283AFFE91DC9B207462246304620F033FF47
S214015438431C014606D10820FEF73CFF2548FEF727
S21401544879FFE8E4384606AAFFF7E4F8A8B9214B3D
S2140154580693214B00221978204B18781FF07EFD01
S214015468069C2046FEF766FF224600201C4903F0EC
S21401547815FF0920FEF71EFFCDE440F6B733069A5E
S2140154889A42E6D840F6B8320020164903F006FFDD
S21401549840F6B833DCE7812421E400BF935E0020A0
S2140154A874080400970804002C410020945E00202C
S2140154B8A0080400B50804001C41002037040400B5
S2140154C8DC08040095F9030061040400F7080400E9
S2140154D8F410040080EE3600EF6B0020F06B00201D
S2140154E82F0904000409040008B50420FFF742F94F
S2140154F80020FEF7DFFE0023054A19211370054A2E
S2140155081370054B1878BDE8084020F0E3B800BFD3
S214015518915E0020925E0020F06B002010B5164BBD
S214015528164C1A78164B002053F82220154903F01A
S214015538B5FE2178144B154A0020002918BF1A46D3
S214015548134903F0ABFE23782BB1124B00201A68DF
S214015558114903F0A3FEFEF73FFF0446FEF73CFFA2
S2140155680E4B19681FF038FD2246BDE81040034669
S2140155780B49002003F092BE945E0020915E002045
S214015588847404004B09040021100400021004006E
S2140155985809040018410020720904002C41002013
S2140155A88B09040038B5014604460020FFF788FB3E
S2140155B8054698B1E37C00200A4A0B4903F06EFEC3
S2140155C82379042B0AD02946204620F04EFF0346AD
S2140155D820B10020054A064903F060FE6FF0FF007F
S2140155E838BD00BF75EA0300B3090400E9020400E8
S2140155F8F102040010B51346094A127882420DD109
S21401560863B1084A002014680A46074903F046FEB3
S2140156182146BDE810400120FFF752BB10BD00BF70
S214015628F06B00207C440020D509040010B50D4B12
S2140156381C782CB1BDE8104000200B4903F02EBEA3
S2140156486420FEF763FE4FF6F0716FF00F02074B0A
S2140156580320C3E9001222462146BDE81040FEF7A2
S214015668D3BE00BF945E00200E0A04001C41002031
S214015678014B1870704700BF905E0020002106207D
S214015688014AFEF7C1BE00BFC0270900014B1870CA
S214015698704700BF8D5E0020114B2DE9F04107468B
S2140156A80D4618680F49101A09681FF095FCDFF8AF
S2140156B840800D4E98F800400346FF2C307004D009
S2140156C8A8420AD32C44A04207DB3A4600200749E1
S2140156D803F0E4FD337888F800303078BDE8F081CF
S2140156E83441002030410020955E00203C0B040028
S2140156F8F16B002050EA010208D0FF22054B091A77
S2140157081A70054B1860054B19607047114610460C
S214015718FFF7C2BFF16B0020344100203041002062
S2140157282DE9F04FAFB006AD284600F0FDFD002686
S214015738624FDFF8D091284600F090F9044648B940
S21401574800F0BEFD5E490246204603F0A7FD2FB0D5
S214015758BDE8F08F39460020F2B203F09FFD2846D7
S21401576816A900F0FFFD044620B15649002003F0B3
S21401577895FD8FE0BDF85820534903F08FFD494643
S2140157882046BDF85A2003F089FD2046BDF85C2066
S2140157984E4903F083FD2046BDF85E204C4903F0D0
S2140157A87DFD2046BDF860204A4903F077FD204676
S2140157B8199A494903F072FD2046BDF86820474901
S2140157C803F06CFD204646490DF16A0203F066FDBA
S2140157D844492046239A03F061FDBDF85C30D90799
S2140157E805D520469DF890203F4903F057FDBDF8A2
S2140157F85C309A0714D500203C4903F069FDBDF8D2
S2140158085830B3F5807F4FD1002020F08EFD18B1B7
S2140158180DF1910003F0C4FC0020354903F03EFD6C
S214015828BDF85C305B070BD50020BDF8B2203149C6
S21401583803F034FD0020BDF8B4202F4903F02EFDF7
S214015848062228460DF116030AA91FF0F4FB0446A2
S21401585890BBBDF81620294903F020FDDFF8A8A063
S214015868DFF8A8B00DF12808BDF81610A2B29142CB
S21401587810D9B8F800205146002003F00FFD013476
S214015888D8F804205946002003F008FD062C08F134
S2140158980808E9D16C46204600F05AFD94E80F0046
S2140158A8013685E80F0046E70123202200200DF186
S2140158B8910103F057FCAFE7114957E74E0B040077
S2140158C81B0D0400570B04007B0B0400AF0B0400F0
S2140158D8C80B0400E10B0400FA0B0400130C0400C7
S2140158E82C0C0400410C04005D0C0400760C04002A
S2140158F8C5210400890C0400A20C0400BB0C04009A
S214015908EE0C0400940B0400CC0C0400DC0C040020
S2140159182DE9F04188B004AD04462846884600279C
S21401592800F002FD6E46474507D195E80F0084E86A
S2140159380F00204608B0BDE8F081304600F008FDAB
S21401594896E80F0085E80F00284600F087F801372B
S2140159580028E8D1014B0FCBE9E700BF0477040024
S2140159681FB5D0E9023253F8223068461978FFF796
S214015978CFFF684600F07CFD48B1042809D1074AE4
S2140159880020074903F08AFC05B05DF804FB054AC8
S214015998F6E70020044903F081FCF5E7BD1604008C
S2140159A8360D04006D1004004206040010B5D0E957
S2140159B8023203EB8201496853F8223098B00C682A
S2140159C804A81978FFF7A4FF03AB402200932146E9
S2140159D808AB04A800F0E2FC024628B100200E49F4
S2140159E803F05CFC18B010BD039808A900F0070482
S2140159F80122C0F3C70003F0FBFB039908A8091BA3
S214015A080144064801232246008803F0ABFB0448FC
S214015A1803F0E4FBE6E700BF460D0400305800201B
S214015A28C5210400F0B504460D460B4BEF880FCB95
S214015A3884E80F00AB882E899B0741BFD5F839004B
S214015A48D5F83D1004F1080303C3EA682046278009
S214015A5866806260F0BD00BFBC740400102208B501
S214015A68034908F02BFC003818BF012008BD00BF09
S214015A780477040008B521F073FCC288FF21920858
S214015A88012A38BF012202481EF063FE012008BD24
S214015A984441002038B5134690B10120274A1070BA
S214015AA8274A00201160274A13600A46264903F050
S214015AB8F5FB02F043FB254B1870022002F044FB6D
S214015AC821F069FCE8B91D4D1D4C2B782BB921F046
S214015AD847FC2268C368134423601A4B24681B6872
S214015AE89C4229D221F03CFCC168204606F022F8E7
S214015AF8002402462C7050B921F04DFCFFF7BAFF7E
S214015B0803E0FFF7B7FF0028DDD0012038BD2046A7
S214015B180F4903F0C3FB0D4B187802F015FB002064
S214015B280C4903F0BBFB00F091F908B900F0AEF997
S214015B382046FFF7B7F8E8E70124ECE7975E002070
S214015B483C410020384100206D0D0400965E00207F
S214015B58990D0400B90D040038B500F04BFA044657
S214015B6800F042FA241A21F0FBFB054618B9B121C8
S214015B781B4826F0DCFEAB8803F00303032B03D097
S214015B88B221174826F0D3FE00F02EFA05461FF07C
S214015B98C5FA01238340013B2B4203D0B4211048A8
S214015BA826F0C5FE1FF0BAFA01238340013B2342C3
S214015BB803D0B5210A4826F0BAFE05F091FD054640
S214015BC81FF0ACFA4FF48063B3FBF5F3C440A3426D
S214015BD805D2BDE83840BA21014826F0A8BE38BD2E
S214015BE8CF0D0400FF2108B504481EF0C3FDBDE82B
S214015BF80840002211461046FFF74CBF44410020DA
S214015C08F7B504460E4600F089F8054621F0A8FBCC
S214015C18C3682B449C4220D31FF080FA2C44C4400E
S214015C28013C114F3B68DEB1A34219D10134002370
S214015C38ADF8043000F0E4F9054605F051FD1035DD
S214015C4804FB005405F04CFD01A90246204605F068
S214015C5899FD1FF073FA386004E04FF0FF34E0E76F
S214015C68A342E4DB03B0F0BDB06700204FF0FF327B
S214015C780A4B10B51A600022094B1A7000F0B4F9E5
S214015C88044600F0B7F9214602460120FFF702FF55
S214015C9800280CBF0120042010BD00BFB0670020FB
S214015CA8985E002038B500F0D1F808B9002038BD54
S214015CB8094D0A4C2B7823B91FF040FA01232060BE
S214015CC82B7024681FF02AFA01348440EED000F0C5
S214015CD825F82044EBE700BF985E0020B067002057
S214015CE870B50D4C2368002B01DA012070BD00F059
S214015CF87BF9054621F034FB2468C6681FF00EFAC6
S214015D08013404FA00F1294401208A19FFF7C2FE7A
S214015D180028EAD00420E9E7B0670020024B18689B
S214015D280C301FF03BBA00BFB4670020FF2307B54D
S214015D380021044A04480093FBF78AFC03B05DF887
S214015D4804FB00BFED5B0100444100200E4B70B51B
S214015D581C680546036804F582641C440E46FFF772
S214015D68DDFF2B68834208D232681A44824208D97A
S214015D78C31A012033602C6070BD044A12681344AC
S214015D881C1A0020F7E700BFB46700204041002036
S214015D982DE9F04FB3F5803F87B00F46984601903E
S214015DA803D3002007B0BDE8F08F03A904A8CDE906
S214015DB80332FFF7CBFF0024824600F10109DFF822
S214015DC888B05FFA89F9019BDDE90356AAB27BB16F
S214015DD83046109921F0CBFA0028E2D1B9F1020F2A
S214015DE82BD1DBF800300493019B03BB2F4421E041
S214015DF83946304605F0C6FC0028D2D1BAF1000F64
S214015E08ECD0002CEDD105F06BFC2E44B6FBF0F37C
S214015E1803FB10600028E4D005F062FC05A90246E1
S214015E283046059405F0AEFC0028DAD0B9E7109B99
S214015E382B441093A8EB05050395631C4B454FF0BF
S214015E480104C0D32046ADE7404100207FB56B462C
S214015E580C4A1068516803C390680C2218600A4BF4
S214015E680DEB0201186821F082FA0C2268460DEB48
S214015E78020108F023FAB0FA80F0400907B05DF88D
S214015E8804FB00BFCC740400B46700201FB5084AA1
S214015E9801AB1068516803C3906801A91860054BE7
S214015EA80C22186805F06EFC05B05DF804FB00BF0F
S214015EB8CC740400B4670020F7B5044615460E46B0
S214015EC881B9072A03D80024204603B0F0BD0D4B3C
S214015ED880791968E379063000EB03200C3180B22B
S214015EE81FF066F9002721462B46324638460097AA
S214015EF8FFF74EFF04460028E5D039467019FFF72C
S214015F087FFEE1E7B4670020024B1868A0F5006041
S214015F18704700BFC067002010B58AB0684606F013
S214015F2815F810F0FF0027D1009BFBB1174C01A90B
S214015F38206005F083FF10F0FF001DD12268009B4A
S214015F489A4204D34FF4DD71114826F0F0FC019B08
S214015F58104A11491360029A13440B600F49A3F5BE
S214015F6800630A600E4A1360009B63B940F2CF11C2
S214015F78074826F0DCFC06E0044A034612680020BF
S214015F88084903F08BF90AB010BD00BFB8670020B6
S214015F98820E040040410020BC670020C067002034
S214015FA8B46700202A0F040008B5FFF7B5FF21F0F3
S214015FB8D7F950B121F0D4F9064B02691B689A4209
S214015FC803D2B321044826F0B2FCFFF7C5FD012031
S214015FD808BD00BFC0670020820E0400014B186888
S214015FE8704700BFB8670020014B1868704700BFAC
S214015FF840410020014B1868704700BFBC6700206D
S214016008014B1868704700BFB467002010B5FFF74A
S21401601849FE04462849002003F040F90020274994
S21401602803F03CF90020264903F038F900202549F9
S21401603803F034F9244B00201A68244903F02EF99A
S21401604822462349002003F029F9FFF767FE214974
S2140160580246002003F022F91F4B00201A681F4948
S21401606803F01CF91E4B1F4C1A6800201E4903F04A
S21401607815F9226800201D4903F010F94FF48062D3
S21401608800201B4903F00AF922680020194910323A
S21401609803F004F92268002017490C3203F0FEF8D1
S2140160A822680020154902F5826203F0F7F8BDE878
S2140160B8104005F049BA00BFA90F0400E60F040016
S2140160C80510040025100400B867002050100400CD
S2140160D86F1004009210040040410020B51004001F
S2140160E8BC670020B4670020D8100400FB10040029
S2140160F81E110400411104006411040087110400F4
S2140161082DE9F04194B004460D460020482102AA24
S2140161181FF05FF818B9534903F0C0F819E0602278
S2140161280021204607F07EFD04224F4902A808F008
S214016138C5F890B16DB19DF80B30002001939DF81C
S2140161480A309DF80820009348499DF8093003F065
S214016158A5F8012014B0BDE8F081BDF80C20B2F511
S214016168807F228003D0424903F098F8F1E7BDF812
S2140161781420BDF80E102281DDF816206180E26039
S2140161880499BDF81A206160228284F8320007ADAE
S21401619804F112020FAE2B4603CBB34210605160D6
S2140161A81D4602F10802F6D10F9B324A636313605B
S2140161B8314B10221846002107F034FDE288A388E7
S2140161C8028022894280E26842600BB90020C1E75A
S2140161D800263546A388D90709D536B105F15002F8
S2140161E86A4412F8482C84F838200135EDB29A072B
S2140161F814D520881EF003FF07466EB102AB03EBE9
S21401620805080246414604F1390007F09BFE3A4666
S21401621841461A4807F096FE2F44FDB2A3885B074D
S2140162280DD556B105F150036B4433F8482C33F8B5
S214016238463CA4F85A20A4F85C300435EDB2002E8A
S214016248C4D1482D02D930460D4965E7294638207C
S21401625802AA1EF0BEFF08B90A495DE738250126DD
S214016268B8E700BFAA110400D8740400DC110400C2
S2140162781212040064410020684100207041002089
S2140162882D1204007D12040030B50B4C99B0257808
S2140162986DB9FFF789FE68B129466846FFF730FFF2
S2140162A8B0FA80F0054B40091870012323700020CE
S2140162B819B030BD0120FBE7995E00209A5E0020E8
S2140162C8014B1878704700BF9A5E002070B51E46CD
S2140162D8134B044618881D46884298B002D15B883D
S2140162E8934206D00F4B0FCB84E80F00204618B018
S2140162F870BD96B100216846FFF702FF0028F1D16C
S214016308BDF804305B0708D53388BDF85A209A4291
S214016318E8D8BDF85C209A42E4D395E80F00E3E795
S2140163286841002004770400064B10B51B78044624
S2140163382BB9054B0FCB84E80F00204610BD034B45
S214016348F8E700BF9A5E0020047704006841002041
S21401635810B50446024B0FCB84E80F00204610BD4B
S214016368047704000B4B10B51B78044608467BB12E
S2140163780021FFF7C5FE48B910222146064807F056
S2140163889DFF003818BF0120C0B210BD0120FBE7F1
S2140163980120FAE79A5E0020684100202DE9F041C5
S2140163A80E4690460E4910221F4607F087FF044600
S2140163B870B90C4B3A461D683046AD1B454528BF9B
S2140163C8454629461EF005FF28B9074902F066FF2B
S2140163D80120BDE8F081069B20461D60F9E700BF55
S2140163E868410020644100207D1204000022024B0F
S2140163F81A70FFF73BBC00BF9A5E00202DE9F041FA
S2140164089CB00F4616468046FFF74CFC05460246EA
S2140164181549002002F042FF382D20D9012104A891
S214016428FFF76EFE0446D0B9119B04A93B606F4680
S2140164383846FFF7F7FA97E80F0086E80F00119B32
S214016448AB4297BF01210324084AC8F8003094BF1D
S2140164581170C8F8005020461CB0BDE8F081002233
S214016468024B01241A70F6E7AF1204009A5E002068
S21401647870B5084D00262B7853B1FFF7F7FB044695
S2140164881022002104482E7007F0CCFB204670BD70
S2140164983446F5E79A5E00206841002008B50020DA
S2140164A8064902F0FBFE064B00201A78054902F061
S2140164B8F5FEBDE80840FFF7A9BD00BFCE120400EF
S2140164C89A5E0020F812040003460120024AC3E936
S2140164D8032000221A7070470100FEFF2DE9F041E3
S2140164E80024264E264FDFF8A88088B000F0D4F99D
S2140164F8A5B2854202D308B0BDE8F081284603A9B3
S2140165081EF09DFEA2B23146002002F0E1FE9DF883
S2140165180D2012B39DF81210BDF81030402914BF93
S2140165286E2179210020CDE900313946BDF80E30BB
S21401653802F0CEFEBDF814201AB10020114902F06F
S214016548C7FE9DF80C00BDF8182070B9079B0E49C8
S2140165580093BDF81A3002F0BBFE00200B4902F08A
S2140165689DFE013426F0F0F9C0E7BDF81C3041461F
S214016578009300209DF81A30EDE700BF11130400C0
S214016588171304003A13040044130400C521040039
S2140165986B13040010B500F0ABFABDE810400346D3
S2140165A8024A0020024902F079BE00BF9313040094
S2140165B8CADB0300D0E9023253F8223010B5188836
S2140165C800F086FABDE810400346024A0020024958
S2140165D802F064BE99130400CADB030010B5D0E9C3
S2140165E80232002486B08DF8044053F8221003EBDB
S2140165F88203097801A88DF805105A681288ADF843
S21401660806209A681288ADF80820DA681278ADF87C
S2140166180C40A24214BF402280228DF80A201A6933
S2140166281288ADF810205A699B691288ADF81220B5
S2140166381B68059300F0D0FB034A0346034920462E
S21401664802F02CFE06B010BD35F20300CADB0300CB
S21401665838B50024064D26F063F945F824000634BB
S214016668C02CF8D10020BDE83840024902F016BE19
S21401667880100020A013040030B5002087B0204900
S21401668802F00CFE00201F4902F008FE00201E49F9
S21401669802F004FE26F044F900240546A0B201A93A
S2140166A801341EF0CCFD202CF8D126F039F9174913
S2140166B8421B002002F0F2FD1549002002F0EEFD13
S2140166C826F02EF90446012000F09EF826F028F957
S2140166D80E49021B002002F0E1FD0E49002002F0DF
S2140166E8DDFD26F01DF904461EF09AFD26F018F980
S2140166F8021B0020054907B0BDE8304002F0CEBDB8
S214016708CC130400FB1304002B14040048140400E3
S214016718571404007114040010B50C4603F022FD4A
S21401672808B9032C12D101F0FFF804280ED001F0A5
S214016738FBF805280AD0064802F060FC1C2801D19F
S2140167481FF01BFDBDE8104002F068BC10BD00BF7D
S214016758335203002DE9F04F00274FF0FF36DFF8DC
S214016768A4B0264C87B0BBF80030B8B2834209D82B
S214016778731C3BD03246FF21214807B0BDE8F04FD5
S2140167881DF0E7BF01A91EF05AFD9DF8050001F0AE
S21401679801FFF8B19DF80480B8F1000F1AD1BDF8D1
S2140167A810A0BDF8129026F0BBF818210246BBB21D
S2140167B84B43E018E158007C4FF47A73A2EB010CC6
S2140167C850B103FB0AF363450ED30B44981A86426D
S2140167D828BF06460137C6E74D466B43FAD06345E0
S2140167E8F5D31944881AF2E74046F0E7FF21044832
S2140167F807B0BDE8F04F1DF0BDBF00BF80100020F8
S21401680878410020165800202DE9F041014688B04D
S21401681858B1022810D01EF02CFD78B3D2211948A1
S21401682808B0BDE8F04126F082B8FF23164A17489B
S2140168380093FAF70DFFEEE700244FF0010827460C
S214016848134EA5B2284603A98DF80D701EF0F7FC65
S2140168589DF80D0068B101F09DFE20B19DF80C3041
S2140168680BB986F810800134202C06F11806E8D1F9
S2140168782546084B1D80FFF76DFFCCE708B0BDE83D
S214016888F08100BF91140400C56B01007841002017
S2140168988010002016580020014B1888704700BF4A
S2140168A8165800202DE9F04F634A077D89B0044643
S2140168B86249002002F00CFD00201FF036FD20B1D1
S2140168C82368218A588803F09BFC00205C4902F063
S2140168D8E5FC637DDFF87491002B236808BF082068
S2140168E85988574B18BF00200093228A4FF0090396
S2140168F814BF4FF080084FF0400802F02FFBA28922
S214016908BB1C93420CDB1FF0AAFD034620B10020F6
S2140169184C4A4D4902F0C2FC012009B0BDE8F08F8F
S214016928A068791C89B2C55D1FF0B8FC0337012D34
S2140169380646BFB213D82368324659885879238A3F
S214016948009343461FF0F4F8824600283ED186207D
S21401695802F0CCFB284602F0C9FB304668E08520E9
S214016968F6E703A91EF06BFC9DF80C30AB4223D169
S21401697823689DF80D105A7991421DD1BDF80E1065
S2140169885A88914218D1BDF81020B24214D19DF808
S2140169981220424510D1BDF81410228A91420BD11B
S2140169A8002D38D0BDF81810E288914204D19DF820
S2140169B81A201B799A422ED00BF1010BB9F8003038
S2140169C85FFA8BF08342CCD88B20C1E74FF0000BDF
S2140169D8F4E79AF8020002F089FBBDF818001FF0E8
S2140169E820FCBDF81A001FF01CFC9AF8020003F000
S2140169F827FE002883D19AF8020001F09DFC05467F
S214016A08079E002D3FF47BAFF0B2013D02F06EFB0E
S214016A18360AEDB2F5E7002002F068FB284602F0D8
S214016A2865FB30461FF0FDFB012DD2D1BDF81C00D9
S214016A381FF0F7FB63E700BF20150400F208040007
S214016A48C52104002D1504004A1504001658002017
S214016A582DE9F04391B0694680461EF0F0FB00230D
S214016A68194F8DF801303888431E98B28045388012
S214016A7809D1694640461EF0EAFB68461EF0CEFB81
S214016A8811B0BDE8F0834FF0180905A91EF0D7FB31
S214016A980E4C3E880AAD09FB06460FCE0FC596E892
S214016AA8030009FB084485E803000AAE404605A929
S214016AB81EF0CDFB0FCE0FC495E8030084E8030053
S214016AC869463888D7E700BF16580020801000208E
S214016AD808B5064B1B88834205D9FFF7B9FFFFF7B0
S214016AE839FE002008BD2720FCE700BF1658002005
S214016AF838B5074D2C882CB9FF2106481DF03AFEFB
S214016B08204638BD601E80B2FFF7A2FFF2E700BF3D
S214016B1816580020784100202DE9F3479A46182395
S214016B289DF82890244FCDE9001203FB09731446FB
S214016B38D3E902231FF072FD064620460D4603F0F0
S214016B487FFD04F0FD03382B80460FD100943246B2
S214016B582B460021DAF810001EF09CFBB8F1010F55
S214016B681BD135431ED102B0BDE8F087392CDAF8BF
S214016B7810300BD107EE906A07EE103AF4EEC77A9A
S214016B88F1EE10FAACBF01200020E7E79E4275F14E
S214016B9800032CBF01200020E0E7B8F1000FE2D186
S214016BA80028E0D0182303FB097701233B7402B0C1
S214016BB8BDE8F047FFF7CEBD801000202DE9F04F65
S214016BC800252E46A846AA462C46DFF8BC91D1B029
S214016BD8694BA8B21B88834209D81CB16188207901
S214016BE8FFF79AFDFFF7B6FD51B0BDE8F08F0BA988
S214016BF81EF025FB25F094FE1823AFB27B4309EB64
S214016C08030B59F8033005909DF82D00049301F005
S214016C18C1FC002800F0AE809DF82C10002940F039
S214016C28A980DDE90432D01A4FF47A72BDF83830FB
S214016C385343834200F29E809BF8103043B9BDF857
S214016C483A30002B00F096805343834200F292803C
S214016C58FD230022CDE9013210AB00930DF1190294
S214016C680DF11A03E9B20BA8EFF752FB002877D10A
S214016C78BDF81A30DA1C0493D2B214B33F4B9DF810
S214016C882D101B8813442279914214D1BDF82E1079
S214016C98628891420FD19DF83220B8EBD21F0AD1F3
S214016CA8BDF83420524506D1B3424DDD00203449A3
S214016CB802F0F4FA01E0B342F8DC61882079FFF7C4
S214016CC82BFD02F0E7F904469DF932002D4BC0432F
S214016CD8C00F0093BDF834200A23BDF82E10C0005B
S214016CE89DF8328002F03AF99DF82D304FF0000BEE
S214016CF823714FF48A53FF26BDF834A04FEAD818FB
S214016D08E38007A95FFA8BF01FF02CFEC0B2B0B97A
S214016D189DF81D109DF82D20914210D1BDF81E102A
S214016D28BDF82E2091420AD122469DF829109DF8D9
S214016D381C001FF09DFBB04228BF3046C6B20BF1BF
S214016D48010BBBF1200FDCD1BDF830001FF069FA4A
S214016D589DF8190002F0CAF9049910A802F0DAF9A8
S214016D68182300225F4309EB07031A7425F0D8FDA0
S214016D7849F8070001352BE716580020205800204F
S214016D8809160400C52104008010002070B50024EF
S214016D980126104D8AB02B88A0B2834204D80AB0C7
S214016DA8BDE87040FFF7D6BC05A91EF048FA9DF865
S214016DB8150001F0EFFB50B19DF814303BB91A46A7
S214016DC8CDE901360093E1B205A8EFF7A1FA01343F
S214016DD8E1E700BF165800202DE9F0430389DFF8E4
S214016DE858818BB0B8F8009000930446837982885E
S214016DF8418840781EF09CFE002800F09580E789BF
S214016E0827B1A389BB4200F291800027B8F8003069
S214016E18BDB2AB4214D84D4601264FF6FF73E28940
S214016E289A4226D146B9B8F80030AB4202D928466C
S214016E38FFF70EFEFFF78EFC00200BB0BDE8F083CF
S214016E48284605A91EF0FBF99DF814307BB922687F
S214016E58059B5340FF2B0AD86368069E5E4036F0B2
S214016E687F4604D1BDF81C2023899A42D5D0013724
S214016E78CCE7E2689A422BD0002E53D1D4E90323FB
S214016E88CDE9082305A81EF0C9F90028D5D1B8F818
S214016E980030AB4204BF6B1CA8F8003025F040FD5B
S214016EA818236B43234AE9B2D050D418002305A807
S214016EB81A46CDE901330093EFF72AFA18B10022F2
S214016EC80023C4E90223284605A91EF0C0F9B1E744
S214016ED8234605AA04F1100C1746186859680833A2
S214016EE803C763453A46F7D11868386005A81EF007
S214016EF898F90028C0D01F2D1AD800238DF8143011
S214016F0863788DF815306388ADF81630A388ADF828
S214016F181830A3798DF81A302389ADF81C3000286B
S214016F28B0D1ABE70020E6E7862086E7872084E72E
S214016F38892082E780100020165800202DE9F04F9E
S214016F48B04A90F814908DB00446AF49002002F07C
S214016F58BFF900201FF0E9F920B12368218A588873
S214016F6803F04EF90020A94902F098F9637DDFF88D
S214016F78B8A2002B14BF802340230293236808BFBE
S214016F8808205988A14B18BF00200093228A07239E
S214016F9801F0E4FF00230393A28909F10305954252
S214016FA811DB039B13B9184602F0A0F81FF057FA35
S214016FB8034620B10020964A964902F06FF901204F
S214016FC80DB0BDE8F08FA06809F1010189B210F88B
S214016FD809601FF063F93246804603468E49002051
S214016FE8ADB202F05BF98EB1012E00F08A808527DA
S214016FF8384602F07BF8304602F078F840461FF033
S21401700810F9852FD2D00123039376E0A06809F101
S2140170180401A28989B2475D1FF040F909F106010A
S214017028A289049089B2A0681FF038F93A460590FB
S2140170380090049B3046794902F030F909F10809B5
S21401704838461FFA89F503F0FBFA002857D1384667
S21401705801F072F9294603468146A289A0681FF005
S2140170680EF96F498346304602F032F9A1684A465E
S21401707829443346304602F075F83046634902F033
S2140170880DF9A9441FFA89F52368424659885879A3
S214017098238A0093029B1EF04BFD18B18378BB42EE
S2140170A840F0AC80483FFFB2092F05D840F21133B3
S2140170B8FB40DB0700F1A48000238DF81C30236811
S2140170C807A85A798DF81D205B88ADF82080ADF8A1
S2140170D81E30029BCDF82CB08DF82230238AADF8ED
S2140170E82430049BADF82830059BADF82A30FFF70D
S2140170F873FE074600287FF47BAFA9464CE7B346E4
S214017108C2E72946A289A0681FF0C8F84FF0000B0D
S214017118024607464349002002F0C0F809F105096E
S214017128BAF800301FFA89F5BAF800201FFA8BF969
S2140171384A4503D81F2B31D9892759E7484607A955
S21401714804931EF07CF89DF81C20049B012A22D18A
S21401715822689DF81D00517988421CD1BDF81E0091
S2140171685188884217D1BDF82010414513D19DF8A2
S2140171782210029881420ED1BDF82400218A884245
S21401718809D1BDF82800E188884204D19DF82A1063
S214017198127991421BD00BF1010BC5E701229946E2
S2140171A88DF81C20226851798DF81D105188ADF88C
S2140171B82080ADF81E1002998DF82210218AADF8AC
S2140171C82410E188ADF8281012798DF82A2007A82E
S2140171D8ADF82C701EF022F8074600287FF408AF99
S2140171E8BAF800304846994508BF09F1010307A9CE
S2140171F808BFAAF800301EF02AF87EE78D27F7E6C2
S2140172088C27F5E634160400F2080400C5210400AC
S214017218951604004A1504003C1604005916040085
S2140172287A16040085160400165800202DE9F04F3A
S214017238074688469146002589B09A46BDF848B063
S2140172489DF84C60149C224B1A88A8B2824235D904
S21401725803A91DF0F4FF9DF80C201D4BB2BB9DF849
S2140172680D10B94232D1BDF80E1041452ED1BDF8E8
S214017278101049452AD19DF81210514526D1BDF85E
S2140172881410594522D13046029201F055F8A6F15C
S2140172984103012B01460AD820461FF005F80D4B7D
S2140172A80D4A204484420CD10421029302ACEDB26B
S2140172B832462046009503ABFFF72EFC09B0BDE821
S2140172C8F08F14F8011F4B405343EBE70135BBE73A
S2140172D816580020C59D1C81930100011FB50F4C4F
S2140172E82478C4B142EA03229DF818308DF80510B7
S2140172F842EA43220A4BADF80C201A78094B8DF85E
S2140173080610079903EB021300908DF80400DB685A
S21401731868460291984704B010BD00BF9B5E0020E6
S2140173289D5E00209841002073B51A4DFF211A482A
S2140173381DF020FA2B7853B3184C194E23781801F0
S21401734806EB03131A7A5968305C1FF08FFB4D2839
S2140173581DD0E0B1012300212278CDE900311201C8
S214017368B25CC0B2FFF7BAFF0A2223780A48013393
S214017378DBB2B3FBF2F102FB1133FF2123702B784A
S214017388013B2B7002B0BDE870401DF0EBB902B0AE
S21401739870BD00BF9B5E0020384200209D5E002025
S2140173A898410020F8B5104F3E780A2E1AD00FC81B
S2140173B8DFF840C00D4D9CF80040013605EB04157A
S2140173C885E80F000A230134E4B2B4FBF3F203FBA9
S2140173D812440748FF218CF800403E701DF0C2F9A0
S2140173E80020F8BD0120FCE79B5E002098410020A4
S2140173F8384200209C5E00200021024A0248FAF723
S2140174085DB900BF3173010038420020002337B54B
S2140174180C46124D12492A78CDE9003312018A5CCE
S21401742801230146E0B2FFF759FFA4B90D490A78CE
S2140174388AB10A202B78013A0133DBB2B3FBF0F4A8
S2140174480A70FF2100FB143307482B7003B0BDE810
S21401745830401DF087B903B030BD00BF9D5E0020E7
S214017468984100209B5E00203842002008B500F0B5
S214017478BDF850B1054B064A0649052808BF1A4605
S214017488BDE80840002001F009BF08BDA9160400A0
S214017498C5210400CA16040008B503201FF000FB26
S2140174A810B90122014B1A7008BD00BF9E5E00206C
S2140174B80022024B18781A70704700BF9E5E0020A3
S2140174C80246FF2101481DF044B900BF584200207A
S2140174D8114B37B51D78C5B9FF2110481DF04AF97B
S2140174E8FFF7DAFF044600900D4B28460D4A0E4971
S2140174F801F0D4FE4CB10D4B1B78DB0605D52846AA
S2140175081FF0A8FA20461DF0FAFC094B186803B0CC
S214017518BDE83040FFF7D4BF9E5E002058420020E9
S214017528E716040015170400D4EE03008C5E00204D
S214017538C4670020FF2101481DF01CB958420020ED
S21401754870B51A4E054633780C466BB30020184AB8
S214017558184901F0BDFE032C01D0652C20D116492F
S214017568002001F0B5FE22460020144901F096FEDF
S2140175780020134901F0ACFE012329460822002009
S21401758801F0F0FD00200F4901F088FE032C88BFAA
S2140175980023204688BF3370BDE87040FCF7BEB8AC
S2140175A8012CE0D00849DBE770BD00BF9E5E0020D5
S2140175B815170400BEF203002817040075F9030026
S2140175C846170400C52104003E170400014B186045
S2140175D8704700BFC46700200021024A0248FAF734
S2140175E86DB800BFD974010058420020054B10B58C
S2140175F81C782CB90448FF211DF0B4F8204610BDAC
S2140176080520FCE79E5E002058420020F8B50024BD
S214017618074B084E1D68084FE3B29D4204F101046A
S21401762800D8F8BD394656F823001CF05AFAF3E795
S214017638EC920400F09204009068002010B5044C07
S21401764823780BB11FF01CFA0123237010BD00BF6D
S214017658F26B00202DE9F743254B0D4616460446E6
S214017668019350B14AB1042301AA12F8011BA94299
S21401767835D0013B13F0FF03F7D1212003B0BDE855
S214017688F08317F8010F90FAA0F0000E1CF065FCC5
S214017698014608EB07039945F3DCCAB2C1F30F2389
S2140176A892FAA2F293FAA3F3120E1B0E03EB02232D
S2140176B8DB43621912F8020C99B2DBB298420CD17C
S2140176C812F8013CB3EB112F07D132462146284662
S2140176D803B0BDE8F0431FF03BB92320CEE74FF6D1
S2140176E8FF71671EA5F10209C4F10108D1E700BFC1
S2140176F8080A0E12014B1870704700BF9F5E0020E3
S214017708024B1A6818608260704700BFC86700207D
S214017718024B186800B14068704700BFC867002070
S21401772870B5044600250A4B1B687BB100211E88EC
S21401773807E05A6802EB0110013145B9021B5542B0
S21401774855418AB29642F4D89B68EEE7184670BD52
S214017758C86700202DE9F04F1E46002393B0022E7D
S214017768074688461446DDF870909DF874A0ADF873
S2140177781A3040F2C08099F800305A0729D5042EED
S21401778840F2B98099F804B000255F4B33F83520EC
S214017798002A00F0B68001350A2DF7D1209B002B70
S2140177A840F0AD80FF250023207908AA0DF11901C4
S2140177B88DF819301EF006FD70B1BDF82C309DF815
S2140177C8190023801EF080FD0790C0B113B0BDE8F4
S2140177D8F08F99F802B0D7E720791EF024FA0B2823
S2140177E8059000F28A8020791EF07FFD0790002818
S2140177F8ECD1464A059B02EB03135B8823804FF6C0
S214017808FF73002F08BF434662880021CDE9002395
S21401781858465246238802F0FDFD18B1E38843F026
S2140178282003E380209B07A90DA8CDE90D34CDF8E8
S2140178383C90ADF84080ADF842608DF844708DF804
S21401784845A01EF0D2FC08B10798BFE7484602F0EB
S21401785825FDA01D02F010FD2246414638461EF0C1
S21401786807FEB04227D3E3882246C3F30E03E3801C
S2140178789DF87C3041460393BDF87830384602932C
S2140178880DF11A03CDE90093F3B21DF03FFF209BDB
S214017898079003B3F8B9BDF81A2042B1092D06D8E6
S2140178A81B4B03EBC5018A80209A43F8352011202B
S2140178B8FAF7CCFB1CE0BAF1000F0AD10DF11A0356
S2140178C8CDE9006322464B4641463846FAF7D2FFD1
S2140178D8DDE73820DBE7052807D1E388DB0607D58F
S2140178E8002301200793FFF705FF079B002BDED037
S2140178F81EF0EFFCA8E7012068E7212066E71C20B8
S21401790864E7EDB24FE700BF80420020EC4200205A
S2140179187C4200204FF6FF72024B1A805A809A80EA
S214017928704700BF1858002010B5044C2379FF2B68
S21401793802D11FF0D3F82071207910BD1858002005
S21401794810B50C4C2379FF2B08D100201EF0BCFC87
S21401795820B91FF0C3F820711EF0BBFC207902285D
S21401796805D00438012894BF0020012010BD00204E
S214017978FCE700BF185800204FF6FF7310B5044CFB
S21401798822889A4202D11FF09FF82080208810BDD5
S2140179981858002010B5FFF7BDFF40F61D43984262
S2140179A8044607D8B0F5416F05D2182826D81528F9
S2140179B848D829D010BDA0F541630D2BFAD801A2ED
S2140179C852F823F0117A0100117A0100BD790100FD
S2140179D8BD790100BD790100BD790100BD790100BD
S2140179E8BD790100617A0100737A01000D7A010000
S2140179F80D7A01000D7A01000D7A010040F6064362
S214017A089842D7D11C4920E0FFF7B6FF1B4902462A
S214017A18002001F043FC152C05D11FF03FF8BDE806
S214017A2810401EF0EBBB164B164A1749B4F5416FCA
S214017A3808BF1A46002001F031FC1EF0DEFB1EF0DE
S214017A48DDFBECE71628DDD11049002001F026FC05
S214017A58BDE810401EF0F4BC1DF03FFFBDE8104025
S214017A6802460B49002001F019BC0020BDE8104071
S214017A78084901F013BC00BFA51E0400521E0400ED
S214017A88C52104004D1E04006E1E04008E1E04004F
S214017A98BA1E0400E21E040007B5094A0346108808
S214017AA831B9084A084903B05DF804EB01F010BC87
S214017AB80091064A064901F00BFC03B05DF804FB89
S214017AC830580020D1E90300021F040075EA0300BC
S214017AD8D4EE03000D4B37B51B68044693B11D78E9
S214017AE80389012D08BF02250093C37A084A00209E
S214017AF8084901F0D3FB2146284603B0BDE83040CB
S214017B081EF0A4BF022003B030BD00BFB84300205A
S214017B18771F0400261F0400002010B51EF0D4FBB2
S214017B280D4B1B6863B15A78052A03D862B1052440
S214017B3802220AE0FF2AFAD00020084901F0AEFB2B
S214017B48BDE810401EF0C5BB144610461EF0DAFF0D
S214017B5820461EF0D5FFF3E7B84300207C1F04003B
S214017B6813B5134C00201EF0AFFBFFF7D3FE2368B6
S214017B789BB101A81DF0A4FE78B923681A789DF870
S214017B8804309A4209D0D91E032906D9D11E0129E3
S214017B9803D9012A07D1022B05D1032301A8ADF881
S214017BA804301EF059FF02B0BDE810401EF091BB2C
S214017BB8B843002000231946034A01330A2B918053
S214017BC842F8081BF9D170477C4200207FB50E4663
S214017BD805461EF043FF2A46044603460D49002083
S214017BE801F05CFB96B10C4B36211A889B78ADF8F0
S214017BF80C208DF80E300323002200934FF6FC70FC
S214017C0803AB8DF80D501EF07DFE0446204604B0E9
S214017C1870BD00BF9D1F040014770400FF2810B52F
S214017C280C4604D10020044901F038FBFE20214609
S214017C38BDE81040FFF7CABFB61F0400F8B51E46D8
S214017C480B8807460C461546002B64D14A88B1F9BD
S214017C58021000200029B8BF6B78304901F01EFBDE
S214017C686288132A1DD002F5FF437F339BB2052B8A
S214017C7823D8A2F50042013A052A1ED8DFE802F009
S214017C88193F1D033C09264A2649002001F006FB38
S214017C9813E0254A2349002001F01AFB2A792349D3
S214017CA8F3E7022E94BF4FF6FF72B5F8012020497C
S214017CB8EBE700201F4901F0F1FA33462A46214630
S214017CC838461FF027FF70B933462A4621463846FC
S214017CD81FF022FF48F2210362889A4203D13846F0
S214017CE869781EF078FA6388B3F5004F02D9082040
S214017CF8FAF7C6F90120F8BD2A790F49C5E70F4AF0
S214017D080849002001F0E4FA032E94BF4FF6FF72EB
S214017D186A880B49B9E70020EDE700BFF11F0400A8
S214017D281920040020200400312004003720040014
S214017D38452004005D2004007720040099200400F3
S214017D489E2004002DE9F04116888AB0DFF88C8061
S214017D58ADF80E300DF10E03C8F800201546009355
S214017D68324610AB07460C46FAF716FE90BB109B38
S214017D788DF824000693BDF80E3004A8ADF81C3023
S214017D88AB898DF81070ADF820306B890594ADF885
S214017D981E60ADF822301EF026FAD8B921463046C4
S214017DA8BDF80E30109A01F0C9FF98B92146304641
S214017DB8BDF80E30109AFFF741FF58B9CDE90060BB
S214017DC839462046BDF80E30109A02F049FB08B92C
S214017DD8C8F800000AB0BDE8F08100BF784200206C
S214017DE8F0B585B004AB03E9030000231C469DF8F3
S214017DF80D609DF80E70154AD9B202EBC1004568B0
S214017E08EDB99DF80C30284600939DF80A209DF898
S214017E180B300F4901F05CFA26B1324628460D4967
S214017E2801F056FA0C4A0020002C18BF2246BDF86D
S214017E3808300A4905B0BDE8F04001F02FBA12F83B
S214017E4831100133B94208BF2C46D5E7BC76040089
S214017E58B0200400C120040040E90300C520040046
S214017E684FF6FF7310B5084C88B062889A4207D15E
S214017E7802A90DF107001DF021FDBDF81030638041
S214017E88608808B010BD00BF185800202DE9F04FD3
S214017E9885B0894692461C460746BDF83850BDF857
S214017EA83C80109E002833D00346464A00204649A7
S214017EB801F00EFA2388002B76D040F2091293427D
S214017EC874D0424A4249B3F5827F08BF0A46CDF8C4
S214017ED804806188002000913E4901F0F9F9238861
S214017EE893B1B8F1020F0FD933783B4913F0010F5C
S214017EF83A4A18BF0A4659074FF000004CBF337973
S214017F08B378374901F0E4F90020364901F0C6F99B
S214017F180023354931F83320AA4249D1334A52F869
S214017F2833B0002331F83300DA00A84246D10020E6
S214017F382E490A44908041F8330047B9238833B95B
S214017F48B4F90230002B02DB0820FAF77FF801208B
S214017F58FAF796F89EB13578EB0710D515F00400B8
S214017F6804D04246012130461EF098F9CDE9017049
S214017F78434622465146484600961DF0B1FEBBF1DF
S214017F88000F06D04346224651464846CDE90067CB
S214017F98D8474346224651464846CDE900671DF074
S214017FA865FB05B0BDE8F08F114A90E7114A8EE7E8
S214017FB801330A2BAED14FF0000BB2E701330A2B7F
S214017FC8B0D1BAE77DE00300EC20040041E90300E4
S214017FD8DA200400FA200400DD200400E52004006D
S214017FE82B210400C5210400804200207C42002089
S214017FF8D3200400D72004000D4BF0B54FF00C0C2D
S2140180081F88054600230B4EDCB2BC4201D3002074
S214018018F0BD0CFB04F43019345DAC4205D144883C
S2140180288C4202D104799442F2D00133ECE700BFC6
S214018038926B0020D867002073B501262B4D2C4C77
S2140180482A462046FF2300210096F9F701FB2A4617
S2140180582046FF2300210096F9F7FAFA2A46204619
S214018068FF2300210096F9F7F3FA2A462046FF2354
S21401807800210096F9F7ECFA2A462046FF2300214C
S2140180880096F9F7E5FA2A462046FF2300210096CE
S214018098F9F7DEFA2A462046FF2300210096F9F76B
S2140180A8D7FA2A462046FF2300210096F9F7D0FA88
S2140180B82A462046FF2300210096F9F7C9FA2A46E0
S2140180C82046FF2300210096F9F7C2FA2A462046E1
S2140180D8FF2300210096F9F7BBFAFF232A46002161
S2140180E820460096F9F7B4FA02B070BDA34F030014
S2140180F8CC4200202DE9F84300244FF00C090C4B24
S2140181080C4F1E78DFF830803A88E5B2954202D3E4
S2140181183046BDE8F88309FB0585FF21A8681CF0F1
S21401812837FB18B9AB799E4238BF1E460134EBE7D8
S214018138A05E0020926B0020D8670020014B1878BB
S214018148704700BFA05E0020014B1870704700BF43
S214018158A05E0020F8B506460C461EF031F8054626
S214018168C8B930461DF05FFD0B2815D80B4B03EB3D
S21401817800131F7B87B95A88012122809A883046C6
S21401818862809B79237100F037FA39466071304670
S21401819800F032FAA07101252846F8BDEC4200200D
S2140181A870B504460E4615461DF03DFD0B2802D94E
S2140181B84FF6FF7070BD094B03EB00131A7B002ABC
S2140181C8F6D146B901222946204600F03DFA002894
S2140181D8EED00088EEE7012EEAD1F4E7EC42002063
S2140181E8FF2313B50DF1070104468DF807301DF07E
S2140181F8E5FF18B19DF8070002B010BD074B03EB69
S21401820804131B7B0BB1FF20F6E7204600F03AF972
S2140182180028F8D0204600F0E9F9EDE7EC42002006
S21401822813B5F6F7EBF90446F6F7EEF922460346D8
S2140182381249002001F032F800F084FFFFF7BAFC7B
S21401824800F0A6F80221084602F046FDFFF764FC96
S21401825841F249001EF068FC4FF0FF130093FF231C
S21401826868468DF804301EF045FC4FF400401EF0B9
S21401827823FC00201EF040FC02B010BD7A21040049
S21401828838B505461DF0BCFF90B928461EF068FBB8
S214018298044628B140F60443984214BF88248D2426
S2140182A823462A460020034900F0F8FF204638BD39
S2140182B88D24FBE7922104002DE9FF4705460E466B
S2140182C817469846BDF83090DDF834A0BDF838401A
S2140182D8CDF80090CDE9014AE4B2FFF7D7FD434651
S2140182E83A4631462846CDE90094CDF808A01FF055
S2140182F8DAFBFF21034B044A044804B0BDE8F04703
S21401830800F01ABE2458002020580020786000206B
S214018318044B01461888102240F0404040F4801073
S214018328F6F79CBF12740400024B18685968FFF7E9
S21401833857BD00BF5ECF04000123064AD15C8142C7
S21401834802D1054AD05C704702335F2BF6D1002074
S214018358704700BF167704001777040070B500222F
S2140183680446094B1D78094BD0B2854201D8FF2037
S21401837870BD1E78A64204D10029F9D05E7BF607A7
S214018388F6D401321033EFE7A15E0020EC4200205C
S2140183982DE9F04198B06B46304A1068516803C31E
S2140183A890680CAA18602E4B14469C4603F11806D2
S2140183B8154618685968083303C5B3422A46F7D1E3
S2140183C812AA1746274B03F1180615461868596866
S2140183D8083303C5B3422A46F7D1234A03AB1068CC
S2140183E851684FF0010E03C3906871681860DCF895
S2140183F83000002206AB03C30C21EC46B068CDE979
S21401840809221860194BDFF86C801970184B0DEBB0
S21401841801060B9206AD09A91CF8010B013218706A
S21401842834F8020B0C2A588037F8020B83F80DE053
S214018438988016F8010B03F1100303F80A0C15F8D7
S214018448010B08EBC00043F8080C11F8010B03F800
S214018458040CE1D118B0BDE8F08100BFAC210400DE
S214018468867A04009E7A0400B9210400A15E0020E1
S214018478EC42002080770400014B1878704700BF53
S214018488A15E0020034B03EB0013587B00F00100AC
S214018498704700BFEC420020F0B504460846D9B143
S2140184A800220E4B11461F780D4B1D46D6B2B74219
S2140184B801D8002010E01E78A64206D09E68F688ED
S2140184C8314489B201321033F0E75E7BF607F9D5FD
S2140184D805EB02150180A868F0BD00BFA15E00206B
S2140184E8EC4200202DE9F347894690461D4607468B
S2140184F818B9002002B0BDE8F0870029F9D0002A93
S214018508F7D0002BF5D0002400780DF10601ADF860
S2140185180640FFF7C1FF0028EBD039460DF10602E9
S214018528BDF806601DF074FA07460028E1D00DF183
S2140185380602BDF806A01DF092FA0028D9D0C9F89F
S2140185480070C8F80000037913F0200219D1DB0681
S21401855814D4BDF806300C4A564413FA86F612FAB5
S21401856886F20BE01A790C33920642BF13F8092CEF
S214018578891889B29842F5D8044A0A4401202A6023
S214018588B8E72146024BF5E7C45F0020A25E00204B
S214018598C079040008B50021FFF7E0FEFF2817BFE1
S2140185A8044B084603EB0013587B18BF00F0010084
S2140185B808BD00BFEC4200202DE9F0410D461646E5
S2140185C81F461DF030FB0B280AD8074C3B4604EB28
S2140185D8001032462946BDE8F04180681DF0F0BA21
S2140185E80020BDE8F08100BFEC420020014B0001ED
S2140185F8185C7047EC42002070B50C461DF013FB62
S2140186080B281BD80F4B03EB00139A68C2B1002343
S214018618142618461579D9B28D4200D870BD11684E
S21401862806FB0311097B34B911F0800F1CBF01301A
S214018638C0B20133EFE711F0400FF7E70020EDE78E
S2140186481046EBE7EC420020F8B50D4616461DF03D
S214018658EAFA0B280BD80F4B4FF0140C03EB001358
S2140186689A6800231C461779D9B28F4201D8002090
S214018678F8BD10680CFB0300017B46B911F0800FAA
S21401868803D0AC42F4D00134E4B20133ECE711F084
S214018698400FF5E7EC4200202DE9F04F064600248E
S2140186A83A4B87B01B783A4F0093009B9C4207D2FF
S2140186B8FF2E08D030461DF0B6FA0B28044606D918
S2140186C807B0BDE8F08F07EB04131B7B2BBB230118
S2140186D84FF00008019307EB041A14E014221B68F4
S2140186E802FB05352B89B3F5967F01D924F02CF9C1
S2140186F84FF000094FF00C0B29891FFA89F29142B5
S2140187080ED808F10108019B5FFA88F5FB189B68EB
S2140187181A79AA42E2D8FF2ED2D10134E4B2C4E7CC
S2140187281FFA89F00BFB00F06B6819180A7912F02A
S214018738100F23D19AF800E012F0400F8DF80CE0E4
S214018748B5F800E0185AADF80EE00CBF4FF0400E31
S2140187584FF0800EADF8120028468DF810E01DF097
S21401876823F95307ADF81400C8780AD50228896892
S21401877800D90968002203A81DF0F2F909F10109D8
S214018788BAE702288CBF89680831F3E7A15E0020A2
S214018798EC420020052370B5094A06881488B442BD
S2140187A808D19578047B2C403F2C03D90D4201D083
S2140187B8506870BD013B02F10802EFD11846F8E790
S2140187C8307A040070B50024074D084E2B78E0B2C5
S2140187D8834200D870BD06EB0010437BDB0701D54A
S2140187E81DF000FB0134F1E7A15E0020EC420020F9
S2140187F8F8B50C4600210546FFF7B0FDFF2829D03D
S214018808154A060102EB00135B7B03F001016CB10C
S21401881843F001031644A142737305D0C4B100B2F4
S21401882802EB00101DF0DEFA0120F8BD2346F1E741
S2140188387B4311682846CA18127BC95AD2091CF00C
S2140188483DFF0134B268E3B211799942F0D8EBE7FB
S2140188581427F7E70846E8E7EC420020F0B5944607
S214018868497D20B339B3012918BF042100254FF6E5
S214018878FF702F462A46144E3488644511D196F85F
S21401888803E01EEA010F0CD0B4789C4209D30AB162
S214018898BC4206D81EF0100F03D08AB1BC420CD3D6
S2140188A870B90135072D06F10406E5D1F0BD00299A
S2140188B808BF0821D8E70221D8E727460020F0E7B5
S2140188C827460122FAE700BF147A04002DE9F04F83
S2140188D80A9FBDF824E09DF82C809DF830904C7DC9
S2140188E878B394B3012C18BF04240025194800F165
S2140188F81C0C068896421ED190F803B01BEA040F9A
S21401890819D08678464516D31BF0100F91F80FA09C
S21401891804D0BAF1000F0ED0B1F810A0BAF1000FCA
S21401892809D1A94513D0AE4511D95E553E88013502
S21401893801363E80ADB204306045DAD10120BDE88B
S214018948F08F002C08BF0824CDE70224CDE70020CD
S214018958F5E700BF147A04002DE9F04F0024B1F5BD
S2140189687C4F0E4638BF4FF0010BA246A1464FF684
S214018978FF781F4628BF274B85B028BFB3F800B03D
S214018988009001925C4503D3404605B0BDE8F08FE0
S214018998B6F57C4F0CD3204B3A4603EB840331469D
S2140189A85B880098FFF708FE054680B300232AE097
S2140189B83A46314600981DF066F9F5E70C229CB256
S2140189C854436A680199105B02EB040C884219D378
S2140189D8B9F1000F01D0504514D861462846CDE9B3
S2140189E802321CF0E1FF029B60B1039A125BB9F1F7
S2140189F8000F03D0524501D3804503D992468046DD
S214018A084FF0010901332A899CB2A242D6D8013413
S214018A18A4B2B7E776770400787704002DE9F04F1B
S214018A2891461A4600238BB08DF82020BDF85020B9
S214018A388DF81C00ADF81E10ADF8242005460F462B
S214018A481A4604A907A8159C9DF858609DF85CA0CD
S214018A589DF860B09DF864800493ADF822901DF0EF
S214018A682BF8049850B92B46CDE90079644A654934
S214018A7800F014FC86200BB0BDE8F08FBAF1000FA9
S214018A8814D18378B34206D050465D4A5E4900F059
S214018A9805FC8D20EFE7037913F0010306D118468C
S214018AA8574A5A4900F0FAFB8820E4E703795B073E
S214018AB82CD583685A689B680592069380781DF0C2
S214018AC88FFD049B0546DF782146022F03463A466A
S214018AD810D805A81DF040FD81462B463A4621468A
S214018AE806A81DF039FDB9F1010F01D001300DD1ED
S214018AF88720C0E705981DF02FFD0128F8D02B46E2
S214018B083A46214606981DF027FDEFE7BBF1000F10
S214018B186FD1049F4FF6FF722146B8781CF0E2FE2B
S214018B2800286BD0BDF82430C5B20093CDE90254B5
S214018B389DF82030BDF82220BDF81E109DF81C00B7
S214018B4801961DF04CFB002895D1BDF82430CDE9DF
S214018B5802540093BDF822209DF82030BDF81E105F
S214018B689DF81C0001961DF017F9002883D12146AF
S214018B789DF8682007A81CF0F3FF00287FF47BAF58
S214018B88B8F1000F07D03B462046BDF81E209DF8D9
S214018B981C101DF088F8BDF82430BDF82220BDF859
S214018BA81E109DF81C000093CDE901649DF8203045
S214018BB8FEF73CFBBDF82430BDF82220BDF81E1098
S214018BC89DF81C000093CDE902549DF820300196CB
S214018BD81DF004FBBDF82430BDF822200093BDF833
S214018BE81E109DF820309DF81C001DF0ADF80020E1
S214018BF841E70020064900F051FBF8E701203AE773
S214018C08C6210400D2210400FE2104001222040019
S214018C18262204007FB500258DF80830BDF82030DF
S214018C288DF80400ADF80610ADF80A20ADF80C3042
S214018C386946BDF82830099A01A80B9E00951CF0D4
S214018C483BFF044630B916B1009B9B78337020462B
S214018C5804B070BD8928FAD12846024900F01EFBE7
S214018C68F5E700BF432204002DE9F04F4FF0000A54
S214018C78C7B0FFF701FC5FFA8AF6B04202D847B0E0
S214018C88BDE8F08F5B4B36019A5D00205A4900F02B
S214018C9805FB0020594900F001FB00230593554BBD
S214018CA89DF8144033449B681A79A24202D80AF107
S214018CB8010ADEE714224FF000091B6802FB0434A0
S214018CC822891FFA89F39A4202D8059B0133E5E700
S214018CD80C231FFA89F803FB08F8D4F804B023F02C
S214018CE833FE0BEB08052B79454913F0400F3BF88B
S214018CF8083022884FF000000093424B18BF0B46FD
S214018D08414900F0E5FA294620461CF04DFE074683
S214018D1800283CD13D4900F0DBFA2979DFF814C177
S214018D2811F0010F3A4818BF604611F0020FAA78F1
S214018D38EB7832D1DFF800C111F0100F354918BFB2
S214018D486146CDE900010020334900F0C1FA2B79CC
S214018D583BF8082013F0400F4FF0000B4FF0FD03CF
S214018D680DF118082188CDE9023BCDE900782148A4
S214018D780CBF40238023805DFFF74CFF86280ED169
S214018D882649002000F08AFA09F1010998E7024607
S214018D982349002000F09CFABFE72249D1E7A878CA
S214018DA81CF0F2FDD8B140461DF07EFA421C92B284
S214018DB801234146002000F0D5F93946208801F004
S214018DC801FA4FF6FF73984207D0174B174903EB82
S214018DD8C0035A68002000F061FA1549D1E7A8785F
S214018DE81CF0D8FD20B140461DF063FA821CDEE770
S214018DF8EA78DDE7EC42002095220400A32204006D
S214018E086D22040072220400E322040026140400E2
S214018E187A2204007D220400F722040013230400AA
S214018E28B427040085220400007B040000F3030035
S214018E38C5210400772204008D2204002DE9F04F95
S214018E48C7B0BDF844A10646BAF1040F0D4614464C
S214018E581F46BDF840B163D9CDE9013B00920B46E8
S214018E6802463049002000F019FAFD230DF11709D2
S214018E780DF118083046029322463B462946CDE9AD
S214018E8800B8CDF80C90FFF7C5FE0646B8B9FD2226
S214018E98414699F800001CF025FD0746C0B1AAF125
S214018EA80403834238BF892620461DF0BAF98EB1DD
S214018EB8304600F01BF9304647B0BDE8F08F009009
S214018EC823462A460020184900F0E8F90027EBE770
S214018ED88926E9E7DFF85CA0BA1CBAF80030C3F1C6
S214018EE8FF039A4219DA304600F000F999F80000B3
S214018EF800F0FCF8BAF800900C483A464146484457
S214018F08B94405F01FF8AAF8009023462A463046C9
S214018F180749009700F0C2F9CDE7892000F0E6F886
S214018F288926C8E71F2304005A2304007860002016
S214018F38812304002058002010B5044C2060044802
S214018F48018004490A60044A136010BDB443002036
S214018F581E580020B0430020AC43002030B587B02F
S214018F680AAC0D4654F8041B0093CDE901141346C8
S214018F780949024609480988006805941DF053F80E
S214018F884FF48A52064B1B681880064B1B685D8097
S214018F98DA8007B030BD00BF1E580020B443002059
S214018FA8B0430020AC43002008B410B587B009AB25
S214018FB80C4653F8041B0092CDE9011302460B49EF
S214018FC80B4805930988002300681DF02CF84FF418
S214018FD88A52084B1B681880074B1B685C80DA802E
S214018FE807B0BDE8104001B0704700BF1E5800200A
S214018FF8B4430020B0430020AC430020044A034693
S21401900811680448044A0988126800681CF0E4BA22
S214019018B0430020AC430020B4430020044B054A6B
S2140190281B6812681988044B18681CF048BA00BFF8
S214019038B0430020B4430020AC43002007B5074BDB
S2140190481B681B880192064A12680092054A126834
S2140190581CF096FA03B05DF804FB00BFB04300208D
S214019068B4430020AC4300201FB51446064A1268D4
S2140190781288CDE901430091044B05491B6809682C
S2140190881CF05AFA04B010BDB0430020B4430020C7
S214019098AC430020014B1868704700BFAC43002062
S2140190A8024B1B6818715971704700BFAC4300200A
S2140190B810B50024084B1C70FEF75EFC074BFF2218
S2140190C818802146064804F0ADFD064B1C80064B69
S2140190D81C605C609C6010BD8261002022580020E4
S2140190E878600020205800202458002007490B8863
S2140190F8FE2B9FBF064AD054581C80B29DBF0880DD
S21401910800F1FF3080180020704700BF205800206B
S21401911878600020F8B5094F0D463B885C18FE2C90
S2140191280ADC074E0A46A4B20146F01804F0CCFD44
S2140191383C80641BA019F8BD0020FCE720580020DD
S21401914878600020024B034A00201A60704700BF6F
S214019158B84300207C770400014B1878704700BF9D
S214019168EC42002030B4044D044C002B0CBF2B46B7
S214019178234630BC1DF0C1B86DE103005424040039
S21401918870B5054608460C461DF08EF8611C024669
S214019198024B2846BDE870401DF0AFB8732B04009B
S2140191A800B5037889B0069343783E220593837801
S2140191B808490493C3780393037902934379019387
S2140191C883790093C3790448008800F081F809B0D0
S2140191D85DF804FBAF23040030580020024B02461A
S2140191E80249188800F05AB830580020D9E7030019
S2140191F82DE9F04705460E4617460024DFF8448059
S214019208DFF844A0DFF84490AC4201D1BDE8F0870E
S214019218B8F8000006EBC401534608221DF06DF8A5
S2140192280134B8F800003FB9044AA54208BF4A46C7
S214019238034900F04DF8E7E74A46F9E7C521040077
S214019248D8E703003058002054240400A1D00300B6
S2140192582DE9F0410E4E044630881DF066F8A8B197
S21401926800250C4FDFF83080E3070AD518B94146C8
S214019278308800F02DF830882A46394600F028F85C
S214019288002001351B2D4FEA5404EDD1BDE8F081CD
S214019298305800206C100400F72004000EB417B5EF
S2140192A805A9044651F8040B019103F0B1FB01210D
S2140192B80220054AF8F7ECFC044B1C8003B0BDE815
S2140192C8104003B0704700BFC52104003058002085
S2140192D80EB417B505A9044651F8040B019103F01D
S2140192E897FB034B1C8003B0BDE8104003B07047E2
S2140192F83058002013B503680446587900F032FF49
S21401930890B923685A88032A0ED0E17C5B79CDE9A7
S21401931800211649164AFFF7C1FF012120461DF014
S214019328A4F8012002B010BD637D012B0AD0637D2D
S21401933833B92368228A598858791CF080FC48B9C1
S214019348C3200AE02368228A598858791CF080FCD1
S2140193580028ECD020461CF0EAFF064B1B78002BB1
S214019368DFD110F5807FDCD0C1B2D7E7DC2304005B
S214019378D423040079610020002970B50F491D46E1
S2140193880F4B14460CBF6E227922002808BF0B46E5
S21401939800200C49FFF79CFF0B4E2544AC4205D133
S2140193A8BDE8704000200949FFF778BF3146002024
S2140193B814F8012BFFF78CFFF0E700BF1524040013
S2140193C80B2404001E24040052240400A9070400E8
S2140193D82DE9F04FC27C8BB00592427D0368002AC6
S2140193E814BF80224022077D0446856886895879FD
S2140193F8B846B3F80290069200F0B4FEA0B9059BF1
S214019408052B05D86FF02D03059A1341DB070BD5FD
S214019418B9F1030F08D0AB490020FFF73FFF012140
S21401942820461DF022F876E0E37B1BB1228A002A4B
S21401943800F0B781607D0022B0FA80F05B4203F04D
S2140194480403DFF88CB2400943EAC000ABF80020F9
S214019458FFF74CFEE37B1BB3208A1CF0E2FE824634
S214019468A07CFFF743FE059A162A00F29A81DFE8E8
S21401947812F019009E016C005600D2016C00920190
S214019488D9019A01E001E701EE01390102029801CA
S2140194989801980114025802140270023901020256
S2140194A89A46DDE700204B46874A8849FFF7F6FECD
S2140194B80120FFF71BFE08F10207B74229D84146EB
S2140194C8324628461CF0EAFE80462368424658790A
S2140194D8BBF800304946C3F1FF039BB20193238AC8
S2140194E80093069B1EF019FB10B11FFA87F8E2E7F6
S2140194F8236842465879BBF800304946C3F1FF0352
S2140195089BB20193238A0093069BFFF797FC892851
S214019518EBD11CF0A4FF01200BB0BDE8F08F4FF093
S214019528000B0420FFF7E2FDF31E0893089B9845FD
S21401953852D3BBF1000FECD1E37B94F81480002BD7
S2140195480CBF02220422624B1A804FF0000B042043
S214019558FFF7CCFD5F4608F1030A564540F29D80A9
S2140195683246414628461CF099FE05EB08039B78CF
S214019578F21EAA44A2EB080207905146184692B278
S21401958809931CF0AFF90890002879D02268099B46
S2140195985079CDE901A3238A49460093DDE90632CD
S2140195A81CF0CFFC82464A460020079B4949FFF734
S2140195B88FFEBAF1000F55D10BF10103504646490B
S2140195C85FFA83FBFFF76AFE089B08F1030813FAA4
S2140195D888F81FFA88F8BEE73246414628461CF046
S2140195E85DFE05EB08039F78089B08F10301A3EBD2
S2140195F808022944824692B2384609911CF072F94B
S214019608079068B323680999587902970191238AC4
S214019618524600934946069B1CF0E3FC0746B8B140
S2140196280BF1010338465FFA83FBFFF75FFD5046EF
S2140196381CF0F7FD53464A4600202649FFF72EFE42
S2140196483A4600202549FFF729FE802F3FF471AFDF
S214019658079B08F1030813FA88F81FFA88F865E7E4
S2140196688027DDE75046FFF741FD07981CF0D9FD36
S2140196780137524600201949FFB2FFF70FFEA3E74C
S2140196888720FFF733FD07981CF0CBFD01378722AB
S21401969812490898FFB2FFF701FE059B052B3FF418
S2140196A83AAF002F7FF435AFBBF1000F05D10C4957
S2140196B85846FFF7F3FD8021B2E63846FFF716FD58
S2140196C827E700BF24D803005F240400AC24040065
S2140196D82058002069240400AC23040085240400D3
S2140196E88F2404000599A84AA84B0020152918BFFD
S2140196F81346CDF80090A64AA649FFF7CFFD059B6D
S2140197080C2B14BF16200D20FFF7F0FC3246284616
S21401971839461CF0C3FD059B3D440C2B0646AD7827
S21401972835D1192D28BF1925E37BB3B14FF6FF7341
S214019738278A9F4211D1206832464946069B4079BE
S214019748FFF70AF9B84208D0BAF1000F05D020820F
S2140197588AF80000000A8AF801000020BBF80070A9
S214019768FFF7C4FC236832465879059B4946A3F19E
S214019778150CDCF1000343EB0C03CDE90153238AF6
S2140197880093069B1CF051FB834BD855C1E6132D5D
S21401979828BF1325C8E72046FDF7D0FB00287FF42D
S2140197A8BAAE81213CE62046FDF77CF8F6E7B9F12A
S2140197B80A0F05EB0708A6EB070A21D1DFF8DCB18B
S2140197C89BF80030E3B1E37BD3B9BAF1080F17D1A0
S2140197D83246394628461CF061FD88B998F80230A9
S2140197E873B998F80320E22A0AD13246391D284669
S2140197F805931CF050FD1CF01DFE059B8BF80030F0
S214019808414648461FFA8AF21EF089F900287FF475
S21401981882AE002104E6F21B484692B2E9191CF012
S214019828FAFCF3E7F21B484692B2E9191CF0B7FCBA
S214019838ECE7F21B484692B2E9191CF0DCFCE5E7B6
S214019848F21B484692B2E9191EF06BF9DEE7236867
S214019858EE5D5879238A0137ED5D0193069B324602
S214019868494600932B461CF01FFA2A4631464846BD
S2140198781CF097FC4FE605987A1CE95DB31AA0F12F
S2140198881606704270410039009018BF01214846FB
S2140198989BB22A441CF087FCB8E7059BEE5D112BAA
S2140198A83D446F7838D11220FFF720FC0025E37B72
S2140198B8B3B14FF6FF73B4F81080984510D133460C
S2140198C84A4621462846FEF7C9FF404508D0BAF160
S2140198D8000F05D020828AF80000000A8AF80100E5
S2140198E8BBF80080DFF8B0A0C8F1FE0292B208F11A
S2140198F80103009253444A4621462846CDE90267A9
S214019908CDF804B0FEF7E2FFBBF800300AF808000D
S2140199180133ABF80030FCE51420FFF7E7FB01251F
S214019928C5E77B1C9E422CD3EF5D1D44003F18BF44
S2140199380127F31A9EB233462A4639460020FFF716
S2140199481BFD00962B463A464846218A1CF02FFCFA
S2140199585CE77B1C9E4214D3EF5DF61A003F18BFE6
S21401996801271D44B6B233462A4639460120FFF779
S21401997803FD00962B463A464846218A1CF015FCFC
S21401998844E70020C8E500BFC52104005A240400A6
S214019998A0240400AA24040078600020776100202F
S2140199A838B54FF6FB750446A9424FF001019DF8FC
S2140199B8100098BF43F40043217023816260A072AF
S2140199C802230020084A0949FFF768FCE07A084B99
S2140199D840F6CA0203EB4010FF211AF0BAFEBDE8B2
S2140199E838400420F8F732BBBA240400C524040022
S2140199F8FC43002030B5054685B028B91D4905B099
S214019A08BDE83040FFF74ABC0024007B1CF05CFC34
S214019A182046194A19492C70FFF740FC184BE87A7A
S214019A28FF2103EB40101AF0A5FE2046154B020154
S214019A389A5C22B901300428F9D1F8F721FB696844
S214019A4899B1B5F908302A899B1303F002038DF8FA
S214019A580430C2F30E03ADF806304FF6FF73ADF8C7
S214019A680830002301A80393884705B0BDE83040B5
S214019A781CF02FBCF0240400BA240400222504009C
S214019A88FC430020BC4300200948037873B91946F3
S214019A98084AD3720133042B117311705160118176
S214019AA8917202F11002F4D101230370704700BFCE
S214019AB878610020BC43002008B5FFF7E5FF0023C6
S214019AC805491A018A5C01EB03101AB10133042B0C
S214019AD8F7D1002008BD00BFBC43002070B50D4675
S214019AE80646FFF7D1FF0023094800EB0514A17AC3
S214019AF8B14205D1217819B12B4400EB031070BD92
S214019B080133042B04F11004F1D10020F7E700BF5C
S214019B18BC43002010B50446FFF7B6FF0E4B9C4227
S214019B2812D003F12002944210D003F1400294426D
S214019B380ED060339C420DD10323084800EB031076
S214019B48BDE81040FFF756BF0023F6E70123F4E708
S214019B580223F2E70020F3E7FC430020BC43002081
S214019B6870B50024064D074E2846324600210134BA
S214019B78F7F7A4FD042C05F12005F5D170BD00BF4B
S214019B88FC4300201D9B01002DE9F34105460C46C8
S214019B9817469846FFF790FF064640B91C4A1D49E6
S214019BA8FFF77CFB0224204602B0BDE8F0814FF6A1
S214019BB8FB739D420AD94FF6FD739D4204D00020DF
S214019BC8134A1549FFF76AFB4FF6FD7543462146CA
S214019BD83A4628461CF016FC044600F02FFE80463E
S214019BE834B1234600200A4A0C49FFF757FBDAE747
S214019BF83B462046064A0A49FFF750FB06232946F4
S214019C083046089ACDF80080FFF7CAFECBE700BFBA
S214019C18BA2404002F250400592504008E250400C3
S214019C28B7250400F7B506460C461746FFF744FF66
S214019C38054638B9104A1149FFF730FB0224204679
S214019C4803B0F0BD21464FF48A5230461CF0A2FDFF
S214019C58044600F0F3FD34B123460020064A0849BD
S214019C68FFF71CFBEBE7009004233A4631462846EB
S214019C78FFF796FEE3E700BFBA2404002F25040089
S214019C88DF250400F7B506460F46FFF715FF05461C
S214019C9838B9104A1049FFF701FB0224204603B0E1
S214019CA8F0BD00224023114630461CF037FF04461B
S214019CB81CF032FF34B123460020064A0749FFF755
S214019CC8EDFAEBE7009001233A4631462846FFF7BE
S214019CD867FEE3E7BA2404002F25040012260400D1
S214019CE873B504460E46FFF7E7FE054638B9104A2F
S214019CF81049FFF7D3FA0224204602B070BD0022AD
S214019D08204611461CF00CFF04461CF005FF34B132
S214019D1823460020064A0849FFF7C0FAECE70090F8
S214019D28234632464FF6FC712846FFF739FEE3E72D
S214019D38BA2404002F250400402604002DE9F0412A
S214019D488846107800219EB014461D46FFF7C6FEC9
S214019D580646002800F0FD800778002F7BD0B8F86B
S214019D680010002940F0F5800389B8F8022043F472
S214019D780040824240F0ED80617800296BD1A2F55F
S214019D880042062A00F2E580DFE812F0A100A100F1
S214019D98E300E3000700B8006900E3880D3DADF86D
S214019DA82430238915F00105ADF8263063798DF83E
S214019DB82830E37A03F1060214F812208DF81430DD
S214019DC88DF81C2042D10BA98E46069104F10C0091
S214019DD85FFA85FC9C4500F1020009D210F8018C57
S214019DE810F802CC01350CEB082C2EF802CBEFE765
S214019DF801EB43011A440891D2B2590001F10D0052
S214019E089A42C0B20BD025186D78205C7831694427
S214019E1800EB0520013321F84C0CDBB2EDE7B6F96F
S214019E2808203389002AACBF01220322C3F30E039C
S214019E388DF808206288ADF80A3005ABADF80C201D
S214019E48049302A930461CF0C8FA04E0424A434982
S214019E580020FFF723FA38461EB0BDE8F081042D2E
S214019E6802D83D4A3E49F3E72379053DADB29D4206
S214019E78B4F8028002D0384A3A49E9E73A4A3B4BF5
S214019E880020002D08BF13463949334ACDF8008013
S214019E98FFF704FA05348DF81450B6F9083006941D
S214019EA885B1002BACBF012303238DF82C303389F1
S214019EB8ADF83080C3F30E03ADF82E3005AB0D9325
S214019EC80BA9BFE7002BACBF06230523EDE70B2D37
S214019ED8C7D9D4F80200D4F8061013F4004F05AA1F
S214019EE803C20CBF042203228DF82C206289C3F317
S214019EF80E03ADF83020ADF82E30DFE7042DB0D9CB
S214019F086388ADF8303023790533DBB29D4206D03D
S214019F180020114A17490095FFF7C0F99BE70E4A3A
S214019F2800201549FFF7BAF9B6F908203389002A3F
S214019F38ACBF01220322C3F30E03ADF82E3005ABE6
S214019F480D93631D069323798DF82C208DF8143014
S214019F58B6E700277FE700BFBA2404006D26040091
S214019F6895260400A9260400E9DF0300C52104009C
S214019F78D0260400ED2604002E270400304BF0B549
S214019F88B0FBF3F24FF4616503FB1200B0FBF5F387
S214019F98DCB205FB13033C25B3FBF5F3DBB2A0EB00
S214019FA804104B71C3EB0313A0EB83004FF4FA6361
S214019FB80B8040F201134B8001230C711F460024CD
S214019FC86425204E8871944200D1F0BD91F802C0F4
S214019FD813B1BCF1020F2BD006EB0C0010F801EC04
S214019FE8C87870450BBF012001300CF1010CC0B2D6
S214019FF808BF81F802C0C87088780D2816D10B886A
S21401A0088F7001339BB298070B8014D1B3FBF5F020
S21401A01805FB103080B280B94FF4C870B3FBF0FC72
S21401A02800FB1C339BB2B3FA83F35B090134CAE71E
S21401A0384FF01D0ED4E70023F8E70123F6E700BF2B
S21401A04880510100C27A040010B5044688B006A9FA
S21401A058FFF794FF9DF81E300A4803939DF81D30BC
S21401A068049402939DF81C309DF81A200193BDF8BC
S21401A07818300549009300889DF81B30FFF70EF944
S21401A08808B010BD3058002047270400026808B5FC
S21401A0981188154B19805188598051791971117990
S21401A0A859714FF48A51D980D28812F0200F0CBF0B
S21401A0B80A464FF48B528169DA800C4A137831B913
S21401A0C8C0880B4923F002030880137008BD43F0CB
S21401A0D802031370074B15221846013103F0F4FDED
S21401A0E8002200F8012CF1E72458002082610020A4
S21401A0F8225800203358002010B5184C2368587988
S21401A1081BF091FD0B2822D8154B03EB0010027BA0
S21401A118237F9A421BD12368428819888A4205D030
S21401A1284FF6FF70814212D1120410D42279023AF6
S21401A138012A06D9A37B63B9BDE810400748FFF793
S21401A14847B9198958791AF0A4FE0028F2D10020D7
S21401A15810BD0248BDE81040FFF7CCB88044002087
S21401A168EC42002008B51BF05EFD0B2896BF024B9B
S21401A1780020185C08BD00BF8761002008B50020D4
S21401A1881CF0A2F8FF201BF081FD1CF0A2F81BF0C2
S21401A19849FFFEF771F901210246064803F042FD20
S21401A1A8054BFF21054A0648FEF7C6FEBDE80840EE
S21401A1B8FEF708BB8761002024580020205800209D
S21401A1C878600020F0B5002204464FF6FF750B4F65
S21401A1D890B237F830600346AE4201D12846F0BD4A
S21401A1E8A64209D1B4F57C4FF9D307EBC3035B88C4
S21401A1F88B42F4D00029F2D00132E9E7007B040053
S21401A20810B50446FFF7DEFF094A034610884FF6E5
S21401A218FF72934214BF074A2246BDE8104017BF93
S21401A22802EBC30304495A680449FFF751B800BF53
S21401A23830580020007B04006A27040000F303005E
S21401A248034B18780130C0B2187000F07F007047D1
S21401A258F46B0020044A137818B143F00103137015
S21401A268704703F0FE03FAE782610020014B18707D
S21401A278704700BF8561002038B1074B1B78012B5A
S21401A28804D1038843F0400303807047022BFCD1B6
S21401A298038823F04003F7E78561002068B1074A81
S21401A2A81378012B07D1064B1B781370037843F0FC
S21401A2B81003037001E0022BF8D070478461002078
S21401A2C8836100207FB50121264B274E197033780C
S21401A2D80246D90744D42549096881B10868C18866
S21401A2E88D0641BF224CE18841F02001E180C188FA
S21401A2F84C0641BF1E48C18841F04001C1801D4D32
S21401A3081D492878097840074CBFE97069701B49D0
S21401A31813F00204098809D0164A19481BF057FF9A
S21401A328337823F00203337004B070BD154B1888D8
S21401A3384FF6FB73984208D80B46CDE90052014602
S21401A3480B4A20461BF01CF9EEE74FF6FF73CDE9E2
S21401A358014200930A46074B05491BF0EDF8E3E76F
S21401A3680020E1E779610020826100207C4400201A
S21401A3782458002078600020F56B00202058002023
S21401A388325800202258002070B503790446012B64
S21401A3980D46164631D883681B78DB0600D561B3AF
S21401A3A8A37B13B9E37C0B2B27D00022144B1A800E
S21401A3B8637DB3FA83F35B09D800E37BABB9FEF799
S21401A3C895FEA07CFEF792FE0B20FEF78FFEE07C42
S21401A3D8FEF78CFE2846FEF789FE2046FFF756FE56
S21401A3E83046BDE87040FFF76DBF40F00400FEF749
S21401A3F87DFE208A1BF015FFE3E7002070BD00BF35
S21401A40820580020024B0A4601461868FFF7BCBFD1
S21401A4187C440020F0B4054618460F4B0C461B78C2
S21401A428BDF81010012B0D4E01D0377827B1002347
S21401A43833700020F0BC70470CB9002AF9D143B13B
S21401A4484FF65743994204D02B462246F0BC1BF0E0
S21401A458A4BE0120EEE700BFF66B0020866100204F
S21401A4682DE9F04F684C4FF0000A2546844696467B
S21401A47898460F46654B664E83F800A00FCE0FC56B
S21401A48896E80F0085B085E80F00DDF83C90BDF82A
S21401A498383072460093394643466046CDE9019402
S21401A4A800F0DCF8DFF89081064670B90025FEF763
S21401A4B8FFFD16220021574803F0B4FB0023284667
S21401A4C8C8F8003005B0BDE8F08F534BA27CC8F839
S21401A4D800401A70514B1B78002B36D01BF0ACFF8E
S21401A4E84F4902465046FEF7F3FE22685046537916
S21401A4F852884C490092A289FEF7EAFE50461BF0A4
S21401A50814FF20B12368218A5888FFF779FEE37B78
S21401A51823B10020228A4449FEF7DAFEA368002008
S21401A5281A78E37C41490093A37CFEF7D1FE207D8F
S21401A538A289A168121A01440123002092B2FEF7EB
S21401A54811FE00203A49FEF7A9FE2F48FFF79EFDA7
S21401A5582D481DF0DDFA054630BBB9F1000F25D1AF
S21401A5682168E0880B8801904988BA1E032A009161
S21401A5788CBF002201220121E07CFFF74BFF38B98E
S21401A58823685B79FF2B3AD0FFF7B6FD05468EE7C1
S21401A5982368DB889A06F3D40121264C1A482170D1
S21401A5A81BF063FF84F80090354680E7B9F814304D
S21401A5B89B07E5D47AE75846FEF718F882465846C8
S21401A5C8FDF760FF88B123685046228A59881BF038
S21401A5D82DFB50B13846FFF759FD236889F804A0CA
S21401A5E883F805A0FFF788FD00B928460546013619
S21401A5F8FDF742FF5FFA86FB5845DCD857E7002689
S21401A608014FDFF83890F3E7804400207961002095
S21401A618E07A040032580020F56B0020F36B002026
S21401A628832704008C270400AD270400B9270400FB
S21401A63833D90300866100207C440020245800207A
S21401A6480023054AD15C814202D31A4450787047E8
S21401A6580233DBB2F6E700BFCE7A040073B51546BF
S21401A6682E781A4616F0040F0CBF032605269E42BE
S21401A678089C08D9224A234900960020FEF70EFEB8
S21401A688002002B070BDBDF8183021712060E3804B
S21401A698A560A2812B7803F00103A3732B7803F03E
S21401A6A80403002B14BF01210021E1732978C1F3AB
S21401A6B8C00161754FF00101217518D028461BF0BD
S21401A6C8EDFD237D208202332375227D531CDBB2E8
S21401A6D82375A95C0232D2B2A1742275EB5CE374CD
S21401A6E8A3899A4205D900920749054AC5E72382F4
S21401A6F8EBE7079B0120A36100232377C1E700BF8F
S21401A7087DE00300FC270400182804002DE9F74320
S21401A7180024204FDFF89C80DFF89C90E0B21CF004
S21401A72839F9FF2805460FD12346012102201A4A86
S21401A738F7F7AEFA194B0134187819F00CFC152CFA
S21401A748ECD103B0BDE8F08346B238EA260328BF49
S21401A7584B4601210093022057F82430104AF7F798
S21401A76897FA002EE6DA0923E340DB070AD50D4AF5
S21401A7780D4B15F0010F18BF1A4601210220F7F7F5
S21401A78887FAD7E70A2CD5D1084A094B15F0010FE5
S21401A798F1E700BF187B040071280400F76B00205E
S21401A7A8992804004A28040034280400662804006E
S21401A7B85C280400E9DF0300C521040008B554221B
S21401A7C80021024803F02EFA002008BD2059002077
S21401A7D808B55422FF21024803F024FA002008BDD8
S21401A7E8CC580020024B23F810100020704700BFF9
S21401A7F8CC580020002310B4074ADCB2A14203D883
S21401A8085DF8044BFFF7DABF2A2BF9D032F8024B72
S21401A81820F813400133F0E720590020002310B533
S21401A828054A994201DD2A2B00D110BD32F8024BA8
S21401A83820F813400133F4E720590020024B18781A
S21401A84800F07F00704700BF93610020034B187823
S21401A8580130C0B2187000F07F0070479361002085
S21401A86830B51C4600238BB0ADF82220021D92B2EB
S21401A878012A0E9DADF82030ADF81E10ADF81C303B
S21401A88803D94FF6FF7290420FD10022CDE9035249
S21401A898CDE90124094B01461B784FF6FF7000935A
S21401A8A807AB1CF097F80BB030BD0146CDE9015354
S21401A8B81846009407AA1CF0A9F8F4E7F86B0020DC
S21401A8C838B505464FF480500C4603F0B1FB4FF4FB
S21401A8D880532860236030B940F2A511BDE838409E
S21401A8E8014822F024B838BD88290400004870477A
S21401A8F8DE5A0020014B1878704700BF116C002003
S21401A908014B1888704700BF9A6B0020014B1878D6
S21401A918704700BF0A6C0020014B1878704700BFCB
S21401A92897610020014B1878704700BF056C00201E
S21401A938014B1870704700BF9A610020014B1870D0
S21401A948704700BF99610020014B1888704700BF07
S21401A958986B00202DE9F74F4FF00008394B3A4F16
S21401A96893F80090394B3A4E3A4D3B4C3B483C499C
S21401A978DFF8F4C0DFF8FCE0DFF810A1DFF810B16B
S21401A9880193019B2037203301935FFA88F3994599
S21401A99806F1200605F1200504F1200400F1200047
S21401A9A801F120010FD8002211462E4B2E4D1C789E
S21401A9B82E4E2F4B2F4FD0B2844203F1200338D8A6
S21401A9C803B0BDE8F08F2C4B2C4A47F81C3C0023FB
S21401A9D846E907232A4A47E9063E45E90723294A5D
S21401A9E846E905E344E90723274A45E905E340E93B
S21401A9F80723019A44E905E340E905E341E908CA62
S21401AA0841E9063E47F820CC47F8103C46F820CCEA
S21401AA1845F820CC44F820CC40F820CC41F8103C2E
S21401AA2808F1010842E908CB42E9063E42F8103C23
S21401AA38A7E743E9085643E9061743F8101C01320D
S21401AA48B9E700BF156C0020584800205847002079
S21401AA583848002018480020B847002098470020AA
S21401AA68784700200F6C00200C56002085D4020081
S21401AA78D8470020C52104005192030029910300FC
S21401AA88C19C020061B6020057690300351A03002B
S21401AA98C58B0200002208B5074B1A605A601BF0E6
S21401AAA848FF064B18701BF044FF054B1870054B02
S21401AAB81A78054B1A7008BDAE550020D5610020DE
S21401AAC8D4610020036C0020D3610020002100B56A
S21401AAD893B008466A460AF071F90146C8B90E4BA2
S21401AAE80E4A09930E4B0D920A930E4A0E4B0E927E
S21401AAF80B930E4A0E4BCDE90F230C930D4B6A466A
S21401AB0811930AF011FC003818BF012013B05DF844
S21401AB1804FB0120FAE700BFBB8C03005D98020026
S21401AB28BF8E03001D6D02008569030089A7020018
S21401AB381F8F03008D940200084B1878112806D839
S21401AB48012809D9064BC34003F001007047A0F15C
S21401AB58430358425841704700207047D761002088
S21401AB683400020008B5064B1B78013B022B05D8BA
S21401AB780020FFF7E1FF0138C0B208BDFF20FCE75F
S21401AB88D8610020044B00F1100250F8041B9042D3
S21401AB9843F8041BF9D17047D9610020044B03F12F
S21401ABA8100253F8041B934240F8041BF9D170476E
S21401ABB8D961002030B5002491B0114B05462146D5
S21401ABC814220BA8CDE9094303F02CF8102209AB8F
S21401ABD8CDE900440693CDE90452CDE90252094B6A
S21401ABE809490AA8F2F728FD04460AA81CF02FFD11
S21401ABF81CB1A021054821F09AFE11B030BD00BF56
S21401AC080024800000444004D9610020132A04006F
S21401AC1870B5002490B0154B05460E461422214601
S21401AC280BA8CDE9094302F0FDFF102209ABCDE9D7
S21401AC38004406933146CDE90452CDE902520C4B45
S21401AC480AA8F2F7F9FC04460AA81CF000FD1CB194
S21401AC58BA21084821F06BFE099B102B03D0BB21B3
S21401AC68044821F064FE10B070BD00BF00248000C7
S21401AC7800444004132A040030B50D4600218FB065
S21401AC88124B0446142209A8CDE9071302F0CAFF9D
S21401AC98102207ABCDE90242CDE9004204932946CA
S21401ACA80B4B08A8F2F77CFD044608A81CF0CFFC5D
S21401ACB81CB1D121074821F03AFE079B102B03D07F
S21401ACC8D221044821F033FE0FB030BD00248000A5
S21401ACD800444004132A04000022034B1870034B57
S21401ACE81970034B1A707047EA610020EB61002067
S21401ACF8E96100202DE9F04FDFF89080064698F8C4
S21401AD0800300D4685B0002B3AD04FF6FB739842BB
S21401AD1836D84FF0000B1C4FDFF874A03C7898F833
S21401AD2800305FFA8BF94B459AF8000011D9484470
S21401AD3802AA0DF10601C0B214F096FA08222946B5
S21401AD480DEB020003F0BAFA0BF1010B0028E6D16D
S21401AD584C463B78A34208D198F80020631CDBB226
S21401AD689A423B7004BF00233B70324629469AF844
S21401AD7800301C44E0B205B0BDE8F04F14F062BBE9
S21401AD8805B0BDE8F08F00BFE9610020EB61002047
S21401AD98EA6100202DE9F74F06460D4614461F4680
S21401ADA84FF0010BDFF8789003F10C0A15B903B0E0
S21401ADB8BDE8F08F102DA84628BF4FF010083A4678
S21401ADC8164B5FFA88F152F8040B524543F8040B08
S21401ADD8F9D101919AF8002011481A70002389F8D0
S21401ADE80F4089F800B089F80E30FFF7E3FE3246C7
S21401ADF801340B480199E4B212F801CB10F8013B73
S21401AE0883EA0C0302F8013C931BDBB28B42F3D3B3
S21401AE18A5EB080816461FFA88F5C7E7ED61002076
S21401AE28EC6100202DE9F04F9046914685B00090E0
S21401AE38981A029383B20193009B0F46354903F192
S21401AE480C0453F8045BA34241F8045BF9D11B7860
S21401AE58314E0B7049233370019BF0731B0A304641
S21401AE68B373FFF7A7FE0221BB460D46737888EA3F
S21401AE78030373704FF0000A1DE0C5F11004A9EB37
S21401AE880A039BB2A4B29C4228BF1C4600231FFAA1
S21401AE9883FCE8186445C0B21FD82544EDB2A34424
S21401AEA8102D54441FFA84FA05D100253046039123
S21401AEB8FFF780FE0399D145DFD807EB080B25B1CC
S21401AEC815480391FFF776FE039901294FF000050F
S21401AED80DD00121DDF80490CCE71BF803C016F865
S21401AEE800E001338CEA0E0C06F800C0CFE7029B9F
S21401AEF809491F44094B38461C78224603F022F8B4
S21401AF082A4621463846009B05B0BDE8F04FFFF7B4
S21401AF1841BF00BFED610020EC610020166C0020E7
S21401AF2830B540780C4601284FF0110387B001F17F
S21401AF38100516D1144A01A90AF07EFF234601AC72
S21401AF48224618685968083303C2AB421446F7D13B
S21401AF5811230D4A002001A90AF06EFF002007B050
S21401AF6830BD0120094A01A90AF066FF234601AC53
S21401AF78224618685968083303C2AB421446F7D10B
S21401AF881123024AE6E700BF75E4010079EB0100E8
S21401AF9830B50C46407887B001284FF011030DBF35
S21401AFA80B4A0C4A012001A918BF01A90AF044FF5F
S21401AFB8234601AA05AD144603CCAC421860596075
S21401AFC8224603F10803F6D1002007B030BD00BFC2
S21401AFD875E4010079EB010010B50C4688B01A2318
S21401AFE80C4A01A901200AF027FF21460DF10E039C
S21401AFF804F1100251F8040B914243F8040BF9D1FD
S21401B0081A230020034A01A90AF016FF002008B0F7
S21401B01810BD00BF24E10100F0B58BB004460D4613
S21401B0281DF00CFEA8B101A812F0CEF888B1667B17
S21401B038271D16F0020F05D00822384601A903F08D
S21401B0483DF9D0B901AB46F0020603CB60607960E2
S21401B05866731A230A4A03A901200AF0EDFE294657
S21401B0680DF116030DF1260253F8040B934241F82D
S21401B078040BF9D100200BB0F0BD2D20FBE700BF73
S21401B08824E10100F0B50546071D00220C463846A6
S21401B098082193B01DF060FD6A7B0646D0070BD5E4
S21401B0A8687808A91CF0F0F8DDF83D306B60DDF82B
S21401B0B841307B6080B10BE0910709D5D2000121B0
S21401B0C8384602F080021CF0EAF8FF28687002D1C0
S21401B0D82D2013B0F0BDD6B1687801A91CF071F81F
S21401B0E89DF81C305B0604D54FF4C6710A4821F05A
S21401B0F81EFC234603AD07AC2A4603CAA2421860C3
S21401B1085960154603F10803F6D10020E1E708A9BE
S21401B1181CF0BAF8CEE700BF912A04002DE9F041E9
S21401B12806468AB01F480F4615460024FFF736FD27
S21401B138002C01A914BF4FF05C0C4FF0360C1023FD
S21401B1488846184A12F8010B013B8CEA000013F0F6
S21401B158FF0301F8010BF5D105A81EF038FB42469E
S21401B168102105A81EF037FBC4B93946324605A892
S21401B1781EF099FB2A460DF1140C0DF1240E6346B8
S21401B18803CB7345106051609C4602F10802F6D164
S21401B19814B10AB0BDE8F0810124C9E72A46102196
S21401B1A8E5E700BF1C6200202DE9F04791460D46F1
S21401B1B8C0B09DF82041DDF828811E46DFF87CA046
S21401B1C89DF8243107462246494640468AF800300B
S21401B1D802F0B8FE9DB12346324641463846FFF78F
S21401B1E821FEB44207D9A11B3B46012289B208EBCE
S21401B1F80600FFF7CFFD002040B0BDE8F087A11B91
S21401B2083B46012289B208EB0600FFF7C3FD22463A
S21401B2184146684602F096FE324669463846234657
S21401B228FFF700FE9AF800200DEB040109EB040075
S21401B23803F044F80028DED02C20DDE7166C002049
S21401B24838B50346104601F1100451F8045BA142D3
S21401B25842F8045BF9D104491BB1FFF7D9FC002079
S21401B26838BDFFF709FDFAE71C62002030B5054630
S21401B27889B069461BF029FE6B8804ACABB122463F
S21401B288294668461BF0C1FD0E4A08AD234603CB86
S21401B298AB42106051601C4602F10802F6D109481B
S21401B2A8FFF770FC002009B030BD6B46054D1A4605
S21401B2B803CAA24228606960134605F10805F6D15B
S21401B2C8EDE700BF1C62002050B10B4B0B4A03F19F
S21401B2D8100153F8040B8B4242F8040BF9D170475E
S21401B2E8064B054A03F1100153F8040B8B4242F84A
S21401B2F8040BF9D1704700BF1C620020FC610020D6
S21401B30808B51022024802F0DFFC002008BD00BF85
S21401B3180C62002008B508461022024902F0D4FC47
S21401B328002008BD0C62002010B5044686B001A9AD
S21401B338114A112301200AF07FFD9DF8143001A857
S21401B348E3701EF00BFE80F001000C4A01A9607044
S21401B358112301200AF070FD9DF8143001A8A3708E
S21401B3681EF0FCFD80F00100207010F0C7FA606046
S21401B378002006B010BD00BF75E4010079EB01009E
S21401B38810B5044686B01123134A012001A90AF014
S21401B39853FDA3789DF814209A4207D08DF81430EF
S21401B3A8002011230C4A01A90AF046FD11230B4A75
S21401B3B8012001A90AF040FDE3789DF814209A427D
S21401B3C807D08DF8143000201123044A01A90AF089
S21401B3D833FD06B010BD00BF79EB010075E401002E
S21401B3E82DE9F04186B0064603A80C4612F08AFEFF
S21401B3F8054600284AD1BDF80C30980646D51022D5
S21401B4082946204602F00EFC01A811F0DDFEC0B167
S21401B418777B06F1040817F0020F06D0082240468B
S21401B42801A902F04BFF00282ED101AB47F0020715
S21401B43803CB7060C8F804107773238843F00803B9
S21401B4482380238843F00203238011F097FA606073
S21401B4581DF0F4FB30B10E4B1B68A360238843F044
S21401B468040323800B4B1A68D1035EBF238843F07D
S21401B47810032380130203D5238843F40063238033
S21401B488284606B0BDE8F0812D25F9E72425F7E71B
S21401B498884800208C48002010B5D0E9023253F8BD
S21401B4A8223090B01C684022694620461BF05FFF98
S21401B4B8034630B1224600200549FDF7EFFE10B0DD
S21401B4C810BD012269460820FDF792FEF7E700BF86
S21401B4D8272B040070B500F0B1F800280CBF6E22C7
S21401B4E8792200201349FDF7D9FE00F0A7F8F0B13C
S21401B4F81BF051FF00280CBF6E22792200200E494E
S21401B508FDF7CCFE082200200C49FDF7C7FE0025F2
S21401B5180B4C0C4E234654F8042C314600200335B8
S21401B528FDF7BCFE182D04F10C04F3D170BD3F22C3
S21401B538E4E700BF5F2B0400762B0400862B04008B
S21401B548B0490020A52B040070B51BF009FF04467E
S21401B55821490020FDF7A2FE2CB92046BDE870401F
S21401B5681E49FDF79BBE00F0BBF805461C4B6269F9
S21401B5780020002A08BF1A461A492668FDF78EFEDB
S21401B588A28800201849FDF789FE1849E28800209C
S21401B598FDF784FEA388228913F010001ABF002045
S21401B5A813491449FDF77AFEE26800201249FDF7AF
S21401B5B875FE226900201149FDF770FE104A114BED
S21401B5C80020B6F5817F38BF13460F492A46BDE8E5
S21401B5D87040FDF763BE00BFDA2B0400E72B0400BA
S21401B5E89DFB0300082C0400262C0400472C0400AD
S21401B5F8642C0400812C04009F2C0400BD2C04003C
S21401B608D22B0400C82B0400DB2C040038B50146F5
S21401B61800230C25084A05FB03F4A0181459013425
S21401B62804D10C2202F050FB002038BD0133082B50
S21401B638F1D10120F9E700BFAC490020034B187887
S21401B648012894BF00200120704700BF2E62002009
S21401B65838B50446044D2878A04203D021461BF08D
S21401B6685FFE2C7038BD00BF2E62002000B58FB07B
S21401B6783422002101A802F0D5FA01A8EEF786FACD
S21401B6880598D0B182680E4BB2F5803F34BF92B2AE
S21401B698C2F38F2241881A81028828BF41F010011F
S21401B6A81A6042689980DA80C268DA6002691A61AB
S21401B6B842695A61027E18461A760FB05DF804FB95
S21401B6C830490020054B1B7820B1012B04D80220F5
S21401B6D8FFF7BEBF012BFBD8704700BF2E620020C4
S21401B6E810B5084C237853B91BF03AFE0123237092
S21401B6F828B10368B3F5817F24BF037E23702078C1
S21401B70810BD00BF2D62002070B5184B1B78012BA9
S21401B7182BD81BF008FE164D024616490020FDF7E9
S21401B728BDFD0120FFF7CEFF2E78FF2E1DD1FFF7B6
S21401B7389DFFC8B1848860223146C4F340040E4890
S21401B7482C7002F06FFA602231460C4802F06AFA51
S21401B7585CB1FFF7C5FF042807D9BDE8704040F281
S21401B7682B11074821F0E3B8287070BD2E6200201F
S21401B778176C0020FE2C0400AC4900204C49002020
S21401B788102D04002DE9F04FDFF884928DB003AB3D
S21401B79807468846144699E8070083E80700FFF736
S21401B7A8B3FFFFF79DFF944B06461D784B46012DC8
S21401B7B840F07081012840F27281B7FBF0F200FB7D
S21401B7C81272002A00F06B818C4900228B46D1F850
S21401B7D800C0BCF1FF3F04D0087A6044874200F0FD
S21401B7E819810132082A01F10C01F0D193E807000A
S21401B7F806AE0DF1240A86E807008AE80700FFF777
S21401B8086FFFB7FBF0FB00FB1B7BA0EB0B094A465F
S21401B818414606460AA809978DF82C9002F092FB35
S21401B82800224FF00C0E764902E00132082A0ED0AB
S21401B8380EFB02F000EB010C08580130F5D19AE82E
S21401B84807008CE807006F490A7801320A70A1459B
S21401B85804DD4FF4E2716C4821F069F8A41B5C44DE
S21401B8684F44A1B217FA84F4B4FBF6F206FB12426F
S21401B878C8448E1A91B1A41A08EB060107A88DF8D8
S21401B8882020069402F05EFB06A8FFF7BFFEFF28FD
S21401B89804D140F2D9115C4821F049F8B6B2B6B1E4
S21401B8A80320FFF7D5FE802E0AD832464146574870
S21401B8B802F048FB3246384654491BF03CFD054623
S21401B8C80220FFF7C5FE28460DB0BDE8F08F00251B
S21401B8D8F9E74FF40E714C4821F029F8464B1B78CE
S21401B8E8012B00F0E380002C36D00320FFF7B0FED2
S21401B8F8802C2FD822464146444802F023FB224694
S21401B908384642491BF017FD05460220FFF7A0FE00
S21401B918DFF8F09099F8003093B1039CFFF7E0FE4A
S21401B928374B002798461A68511C04D0197A411AD1
S21401B938521A944224D00137082F03F10C03F2D18E
S21401B948002DC0D1039B0133C1D003A8FFF75EFECB
S21401B9580546B8E70125D8E72546D9E740F26D211F
S21401B968294820F0E4FF012524E0012D30D0802E5F
S21401B9782FD83246254903981BF0DDFC054628E0FA
S21401B988002DA0D10C247C4308EB04039DF814A0D9
S21401B99893F808B00AEB0B03802BDFDC1B4B5246EF
S21401B9A804A9184602F0CEFA211D5A4641445044CD
S21401B9B802F0C8FA0C2303FB07839DF814201B7AB0
S21401B9C813449E42D1D040F273210F4820F0AFFFB6
S21401B9D801250220FFF73CFE99F8003013B1013B20
S21401B9E889F800304FF0FF3308EB040248F80430BA
S21401B9F8C2E9013367E700BF176C0020AC49002095
S21401BA084C4900202C620020102D0400B04800206C
S21401BA187C7B04004FF00C0A0AFB02B3187AA6EBEB
S21401BA2800095FFA89F9A14501D35FFA84F90AFB8F
S21401BA3802FA0AF1040528444A464146584402F0E7
S21401BA4881FA0BEB0A031A7AA4EB09044A44D2B228
S21401BA58B242A4B21A7219D103200193FFF7F8FD76
S21401BA6832460BEB05015BF80A001BF064FC054641
S21401BA780220FFF7EDFD4FF0FF32019B4BF80A203D
S21401BA88C3E90122002D7FF41EAFC844002C3FF401
S21401BA981EAF4F44104B1B78012B7FF424AFB7FB26
S21401BAA8F6F306FB1373002B7FF413AFE319B3FB0E
S21401BAB8F6F506FB1535002D3FF415AF641B5B1B29
S21401BAC808EB04012A4604A80393A4B202F03AFA42
S21401BAD88DF8145007E700BF176C002070B5134B9C
S21401BAE81B78012B0CD1FFF70FFE0026104D55F8D9
S21401BAF8043C013306D10336182E05F10C05F6D1A0
S21401BB08002411E00320FFF7A3FD55F8044CFFF7C6
S21401BB18E7FD2946024620461BF00DFC0446022096
S21401BB28FFF796FD002CE6D0204670BD176C002066
S21401BB38B049002070B505460C46FFF7E5FD05201F
S21401BB48FFF786FD214628461BF003FC0646022021
S21401BB58FFF77EFD00220A4B2C441968481C08D0C2
S21401BB68A94206D3A1423EBF4FF0FF31C3E90011F7
S21401BB7899600332182A03F10C03EED1304670BDE2
S21401BB88AC490020D0E9023253F8223010B51C68BF
S21401BB98204600F095FA28B12146BDE81040024833
S21401BBA800F022BF10BD00BF8E2D040008B5D0E9F5
S21401BBB8023253F82230186800F06CF920B1BDE85B
S21401BBC80840024800F010BF08BD00BFB02D0400B1
S21401BBD82DE9F041D0E9023253F8221003EB820333
S21401BBE85B680F681D789AB0642D04D964211148E2
S21401BBF800F0FAFE64252A46384601A900F002F943
S21401BC08044698B90C4800F0EFFEDFF8348001AE20
S21401BC18013DA54202DC1AB0BDE8F081391940465B
S21401BC2816F8012B00F0E0FE0134F2E7034800F0B5
S21401BC38DBFEF0E7D32D0400F32D04001D2E0400CF
S21401BC480A2E04002DE9F04700252D4FDFF8E08085
S21401BC58DFF8E0908CB0284603A900F0EFF810B1A1
S21401BC680CB0BDE8F087049B2946039A0093384632
S21401BC7800F0BAFE404600F0B7FE059910290CD828
S21401BC8810290CD8DFE801F00F14320B340B0B0B1C
S21401BC98360B0B0B0B0B0B0B3A0020292CD0194833
S21401BCA800F0A2FE07E0184800F09EFE0135D2E734
S21401BCB8164800F099FE0699484600F095FE079941
S21401BCC8134800F091FE134800F08EFE1024DFF8AA
S21401BCD868A00DF11F06504616F8011F013C00F03A
S21401BCE883FE14F0FF04F6D10B48DDE70B48E0E7C6
S21401BCF80B48DEE70B48DCE70B48DAE70B48D8E7E2
S21401BD08382E0400DD2E04008D2E04009D2E04001E
S21401BD18032F04001B2F0400A2D00300A52E040045
S21401BD28AD2E0400B62E0400C12E0400D82E040041
S21401BD387C2E0400EC2E04002C2F040010B50B4CAE
S21401BD488EB023785BB9EDF79BFE014650B9012307
S21401BD5801A82370EDF71AFF054B049A1A6020789C
S21401BD680EB010BD034800F03FFEF8E72F62002032
S21401BD78804C0020322F040000B58FB0FFF7DEFF9D
S21401BD88002829D001A8EDF701FF059B144819885A
S21401BD9800F02AFE059B13485969134B002908BF72
S21401BDA8194600F021FE059B1048598800F01CFE34
S21401BDB8059B0F48196900F017FE059B0D48D968C1
S21401BDC800F012FE059B0C48197E00F00DFE0B4B89
S21401BDD80B48196800F008FE0FB05DF804FB00BFB9
S21401BDE86F2F0400812F04009DFB0300932F04008E
S21401BDF8A72F0400BB2F0400CF2F0400804C00207F
S21401BE08E32F040070B5064615460C4679B172B1A3
S21401BE18FFF794FF68B121462A463046EDF7C0FF82
S21401BE28014618B1044800F0DFFD012070BD21204D
S21401BE38FCE71120FAE700BFF52F040037B50546E1
S21401BE480C46FFF77BFFE0B1114B1B68AB421AD9D2
S21401BE58CCB100212422204601F0E4FE21462846E2
S21401BE6816F008FE88B9284601AA04F10801EDF77C
S21401BE7849FF20B140F20643C01A18BF012003B09B
S21401BE8830BD1120FBE72120F9E70120F7E700BFC5
S21401BE98804C0020F0B593B00546FFF74FFF002809
S21401BEA845D0254B1A68AA4207D829462348013A9D
S21401BEB800F09AFD212013B0F0BD05A8EDF766FE47
S21401BEC8284603A916F0D6FD98BB049A22F4FF5714
S21401BED8C2F30C0327F01F072BB14FF40053294672
S21401BEE8174800F081FD039E7FB120F02DFD3046F6
S21401BEF84FF40051EDF7E0FF3346044606F50056C9
S21401BF0850B9039BF31ABB42EFD32A4639460D486C
S21401BF1800F06AFD002406E000902A464FF400511E
S21401BF28094800F061FD201E18BF0120C3E7112053
S21401BF38C1E70120BFE700BF804C00202330040082
S21401BF48D1300400903104003F31040010B5044696
S21401BF5838B1FFF7F3FE30B10020044B1B682360AD
S21401BF6810BD2120FCE71120FAE700BF804C002015
S21401BF7810B50446FFF7E2FEB0B10C4B1A68A242B0
S21401BF8806D821460A48013A00F02EFD212010BDA8
S21401BF9820F0DAFC40F2512220460649EDF772FEFF
S21401BFA8003818BF0120F2E71120F0E7804C002086
S21401BFB8233004002C4A002010B50446FFF7BEFEC5
S21401BFC870B121460848EDF77DFE40F203239842FA
S21401BFD808D040F2012398420CBF0520012010BD6D
S21401BFE81120FCE70020FAE72C4A00202DE9F04151
S21401BFF82D4D04462F68FFF7A1FE002851D0296869
S21401C008A14207D84A1E2948214600F0EDFC212006
S21401C018BDE8F0812648EDF715FEDFF89480024664
S21401C028B0B943462E68964222D1BE4214BF3A465C
S21401C03806F1FF3212BB31461D48C8F80040EDF73D
S21401C048E1FD014600B31B4800F0CEFC0120DFE706
S21401C0582046EDF7B7FD044638B10146164800F00C
S21401C068C3FC201E18BF0120D2E7EDF7BFFBF8E797
S21401C07853F8041B8C42DDD00132D4E70C499200F8
S21401C088081D01F021FED6E729680948EDF7DAFD13
S21401C098044610B101460948D6E7EDF7A7FB204646
S21401C0A8B6E71120B4E700BF804C00202330040017
S21401C0B80C4A0020D6310400AC31040009320400D1
S21401C0C8F8B50446FFF73AFE002845D0234B1A6810
S21401C0D8A24207D821462248013A00F085FC2124CD
S21401C0E82046F8BD1F4800F07FFC20F02DFC40F2EA
S21401C0F851221D492046EDF7C5FD40F203270546A6
S21401C10820F022FC184E65B140F203239D421AD056
S21401C1182946164800F068FC0124154800F064FC1E
S21401C128DEE720F011FC29463046EDF7CBFDB84294
S21401C13809D040F20123984203D10E4800F054FC7E
S21401C148E1E70546DFE721460B4800F04DFC2046AF
S21401C158FFF74CFF0446E0E71124C1E7804C0020B6
S21401C16823300400403204002C4A002060320400C8
S21401C178A2D00300A9070400783204000322024B68
S21401C188186019615A6370470000025C3F22034B2E
S21401C1981A631022DA6103229A6370470000025C70
S21401C1A8024AD36B9B07FCD4704700BF0000025CB1
S21401C1B8044B9B6A13F0240F14BF01200020800053
S21401C1C8704700BF0000025C08B5FFF7F1FF084B97
S21401C1D8DB6B23F47F4323F0EF03003B18BF0123F7
S21401C1E850EA83001EBF0122024BC3F8FC2F08BD8C
S21401C1F80000025C00F0FF3F4368182B0AD0202B92
S21401C2081DD0102B2BD1174BD3F80434DB010AD4DD
S21401C21801207047134BD3F804349A01F8D50B68FC
S21401C22843F008030B6003680F4A934210D10B686A
S21401C23843F040030B600023436000207047094B1E
S21401C248D3F804345B01E3D50B6843F00403E9E74C
S21401C258064A9342F1D10B6843F08003EAE70720C8
S21401C268704700BF0000025C316200203062002087
S21401C2780B4607B50749D1F80414C90708D50021A4
S21401C28800920246084600F043F803B05DF804FB46
S21401C2980120FAE70000025C0B4607B50749D1F80A
S21401C2A80414C90708D5009201210246002000F0AF
S21401C2B82FF803B05DF804FB0120FAE70000025CE2
S21401C2C813B5084CD4F80444640709D5CDE900230E
S21401C2D80B4600210246084600F044F802B010BD9D
S21401C2E80120FBE70000025C13B5084CD4F80444AF
S21401C2F8640709D5CDE900230B4602460121002033
S21401C30800F030F802B010BD0120FBE70000025C27
S21401C318F0B51C465B6815468DB01A07129E1AD1F1
S21401C328CBB17268934216D10C4B0D4A53F8217063
S21401C33809AB07CA83E807001A462946CDE905333B
S21401C348CDE90333CDE90163009447F480701BF00F
S21401C35873F80DB0F0BD0720FBE700BF947B04001F
S21401C368887B0400F0B51D4616466A688DB0DDE97F
S21401C3781273E2B17868824219D15A68102A16D126
S21401C3880C4A09AC52F821C00B4A07CA84E80700D0
S21401C39822463146CDE90544CDE90344CDE9017489
S21401C3A800954CF480601BF047F80DB0F0BD0720EF
S21401C3B8FBE700BF947B0400887B040010B50A469F
S21401C3C8044619B1024B00211B68984710BD00BFEF
S21401C3D89C7B040010B5114C2378580744BF23F002
S21401C3E8040323702378990705D500F05DF82378B0
S21401C3F823F00203237063781BB10023084A6360A5
S21401C40853600023082106486370FFF7D7FF237897
S21401C418DA0744BF23F00103237010BD844C0020C3
S21401C428884C002038B51A4C62782378022A01D144
S21401C438072B11D0DD0712D52378980707D400F00B
S21401C4482BF82378054643F00203237080B96278F7
S21401C458237882B15A0716D50025284638BD17F025
S21401C4687BF92378054643F0010323700028E3D0BF
S21401C478FFF7B0FFF1E7D907ECD5064962604A60D5
S21401C48802226270E6E743F004032370E4E700BF84
S21401C498844C0020884C00200122024B002083F89F
S21401C4A8F0207047904C00202DE9F0410A4C0025F9
S21401C4B826464FF0010803272046C4F81C80277635
S21401C4C801351BF0A7F8062D04F12804F4D1002342
S21401C4D886F8F030BDE8F081904C00202DE9F04F49
S21401C4E8984691B00B1E0A93B44B914614BF8346E7
S21401C4F89B4600251A9E98F8000070B94D4538BF2E
S21401C5082A464B464FF000000A9928BF09F1FF3228
S21401C518D847284611B0BDE8F08F252808F101084C
S21401C52806D02A464B460A996C1CD8472546E2E7A8
S21401C5380023414611F8012B2B2A16D00AD8202AA7
S21401C54816D0232A17D0A2F13000092834D800279C
S21401C5580A2418E02D2A05D0302AF4D143F0010325
S21401C5688846E6E743F00203FAE743F00403F7E7F1
S21401C57843F00803F4E743F01003F1E7884604FBA9
S21401C5880722A2F13007414611F8012BA2F130002B
S21401C5980928F3D998F800202E2A52D198F80110C4
S21401C5A808F10102A1F13000092843F480633ED85E
S21401C5B800244FF00A0E11E02A2A08D156F8047B07
S21401C5C88846002FBCBF43F002037F42E2E70027FC
S21401C5D8E0E702460EFB0411A1F13004104610F8FC
S21401C5E8011BA1F1300CBCF1090FF2D99046424665
S21401C5F812F8011B6C292DD025D8682933D06A2951
S21401C6083BD04246904618F8010B672860D8572851
S21401C61836D8452808D084D9462800F018814728F6
S21401C6287FF47FAF43F4006343F0200327E12A2910
S21401C63806D156F8044B08F1020824EAE474D6E752
S21401C64890460024D3E7742901D07A29D9D143F436
S21401C6588073D7E798F801106C29F8D143F4407332
S21401C66808F10202CEE798F80110682902D043F0D3
S21401C6788003C7E743F0C003F2E743F40073C1E75A
S21401C688A0F158020F2A3FF64CAF01A151F822F04B
S21401C69839C701002BC501002BC501002BC50100B8
S21401C6A82BC501002BC501002BC501002BC50100B8
S21401C6B82BC501002BC5010039C70100A5C801001B
S21401C6C839C701007BC801005BC801007BC80100AF
S21401C6D8A0F16901C9B20F293FF623AF012249F239
S21401C6E8410C8A4012EA0C0218D10A2900F0158179
S21401C6F807297FF416AF43F0210305930823CDE9F4
S21401C70803431023CDE9012356F8043B2A46009338
S21401C71858464B460A991BF06DF8A8E06F2800F0BA
S21401C7285E8110D9782808D1102223F00C0310E076
S21401C738582839D0622800F054810A2223F01003C1
S21401C748642806D0F1E769284FF00A0223F010039F
S21401C758F6D1590548BF23F00103692803F400718F
S21401C76801D0642840D111B3073626F00706B24631
S21401C77870685AF8081BCDE9077300230593C30FA1
S21401C7880028029306940B46049202DA4B4260EBA9
S21401C7984000CDE900304B462A4658460A991BF018
S21401C7A86BF805465646A6E643F02003BCE7D905CE
S21401C7B806F1040A04D5316805E000BF5F76030078
S21401C7C858060CD53178CDE90224CDE90473002941
S21401C7D84FEAD1730193B8BF4942009120E0190688
S21401C7E8E9D5B6F90010EEE779B1CDE9077300236C
S21401C7F8CDE9042306F1070A2AF0070A06940293EC
S21401C808FAE80223CDE90023C5E7D80506F1040AAC
S21401C8180DD5CDE90473CDE902240191336800935F
S21401C8284B462A4658460A991AF0E4FFB9E75906CC
S21401C83807D53178CDE904730023CDE902240193A5
S21401C848CBE7316813F0800F18BF89B2F2E743F0DF
S21401C8582003CDE90173073626F007060094B6ECE7
S21401C868020B4B462A4658460A99E9F7B1FF054690
S21401C87841E600F0DF00472801D143F40063CDE923
S21401C8880173073626F007060094B6EC020B4B46F2
S21401C8982A4658460A99E9F7DFFDE8E713F0020445
S21401C8A826D04FF0010A6B1C0B932A464B460A9971
S21401C8B816F8040BD84774B354460B9A21E04B4636
S21401C8C820200A99D8470AEB05020AF1010A5745BA
S21401C8D8F5D83A1E18BF0122002A07F1FF3308BF10
S21401C8E8002307F1010A1D4408BF4FF0020ADAE7E0
S21401C8F8A246E8E7551C4B4620200A99D8472A46FF
S21401C9080134BC42F6D3A7EB0A03574538BF0023C8
S21401C9180B9A1A440B920B9DEDE53246002C52F801
S21401C928046B14BF21464FF0FF310B923246314457
S21401C938107808B1914211D1A2EB060A13F480626D
S21401C9480C9202D0A24528BFA24613F002030D930B
S21401C9581BD1AAEB05032A460F9308E00132E7E745
S21401C968531C0E9320204B460A99D8470E9A0F9BC4
S21401C978D318BB42F4D3A7EB0A03574538BF0023A5
S21401C9880AF101021D4403EB020AAB1B0E9304E0F5
S21401C9981C464B462A460A99D8470E9BF51816F8A0
S21401C9A8010B28B10C9B002BF3D0631E002CEFD192
S21401C9B80D9B93B12A46AAEB050405E0561C4B4687
S21401C9C820200A99D84732461319BB42F6D3A7EB5B
S21401C9D80A03574538BF00231D440B9E8BE50822E2
S21401C9E8A3E60222A1E600BF0FB41FB506AA52F8B5
S21401C9F8043B02A90392009204484FF0FF32FFF766
S21401CA086DFD05B05DF804EB04B0704721790300AD
S21401CA181FB5034600914FF0FF3203A90248FFF7FE
S21401CA285DFD05B05DF804FB217903001FB5CDE96E
S21401CA380201009302A9134603484FF0FF32FFF79D
S21401CA484DFD05B05DF804FB297903001FB5094BB8
S21401CA58094A1868094B01A91860094B1360094A65
S21401CA680192094A1268CDE9022316F098FE05B02C
S21401CA785DF804FB78680020F43D0020F83D0020AE
S21401CA886C6800207B6A040040500020014B18683F
S21401CA9816F099BE7868002038B5F1F7DBFC044635
S21401CAA8064D2B68D3F8B002F1F7C8FC286816F0D3
S21401CAB89DFE2046BDE83840F1F7C0BC78680020E6
S21401CAC810B5234CEFF7B6FDEFF7C2FE236F012032
S21401CAD823F0070343F003032367EFF7E3FE1D4B39
S21401CAE800209B6A9B075EBF01221B4B9A62D4F803
S21401CAF8203123F0030343F00203C4F82031D4F8AD
S21401CB08243123F0070343F00203C4F82431D4F890
S21401CB18403123F0030343F00103C4F84031D4F84D
S21401CB28603123F0030343F00103C4F86031D4F8FD
S21401CB38403223F0030343F00103C4F84032D4F82B
S21401CB48003223F0070343F00103C4F8003210BD96
S21401CB580080005000C0005000E00050064B1B68E3
S21401CB681A7A022A01D81AB97047032A00D07047E0
S21401CB781B68024A136070477C68002040500020FA
S21401CB880022024B5A60DA601A607047445000204F
S21401CB9808B501F011FD0022014B1A7008BD00BF4F
S21401CBA8326200200A4601491AF022BF3594040071
S21401CBB80A4601491AF01CBF309404000A46014986
S21401CBC81AF016BF299404000A4601491AF010BF44
S21401CBD8269404000A4601491AF00ABF2394040061
S21401CBE80A4601491AF004BF1E9404000A46014980
S21401CBF81AF0FEBE199404000A4601491AF0F8BE56
S21401CC08149404000A4601491AF0F2BE0D94040071
S21401CC1881F0004102E000BF83F0004330B54FEADF
S21401CC2841044FEA430594EA050F08BF90EA020F4C
S21401CC381FBF54EA000C55EA020C7FEA645C7FEADF
S21401CC48655C00F0E2804FEA5454D4EB5555B8BF02
S21401CC586D420CDD2C4480EA020281EA030382EA73
S21401CC68000083EA010180EA020281EA0303362D05
S21401CC7888BF30BD11F0004F4FEA01314FF4801CD8
S21401CC884CEA113102D0404261EB410113F0004FEA
S21401CC984FEA03334CEA133302D0524263EB4303A1
S21401CCA894EA050F00F0A780A4F10104D5F1200E3F
S21401CCB80DDB02FA0EFC22FA05F2801841F100019A
S21401CCC803FA0EF2801843FA05F359410EE0A5F16E
S21401CCD820050EF1200E012A03FA0EFC28BF4CF09F
S21401CCE8020C43FA05F3C01851EBE37101F0004555
S21401CCF807D54FF0000EDCF1000C7EEB00006EEB62
S21401CD080101B1F5801F1BD3B1F5001F0CD34908EB
S21401CD185FEA30004FEA3C0C04F101044FEA445242
S21401CD2812F5800F80F09A80BCF1004F08BF5FEAC9
S21401CD38500C50F1000041EB045141EA050130BDA9
S21401CD485FEA4C0C404141EB0101013C28BFB1F5BB
S21401CD58801FE9D291F0000F04BF01460020B1FA06
S21401CD6881F308BF2033A3F10B03B3F120020CDAD9
S21401CD780C3208DD02F1140CC2F10C0201FA0CF0B7
S21401CD8821FA02F10CE002F11402D8BFC2F1200C1C
S21401CD9801FA02F120FA0CFCDCBF41EA0C019040D2
S21401CDA8E41AA2BF01EB0451294330BD6FEA04041B
S21401CDB81F3C1CDA0C340EDC04F11404C4F1200206
S21401CDC820FA04F001FA02F340EA030021FA04F318
S21401CDD845EA030130BDC4F10C04C4F1200220FA6F
S21401CDE802F001FA04F340EA0300294630BD21FAAD
S21401CDF804F0294630BD94F0000F83F4801306BF73
S21401CE0881F480110134013D4EE77FEA645C18BF66
S21401CE187FEA655C29D094EA050F08BF90EA020FFD
S21401CE2805D054EA000C04BF1946104630BD91EAF5
S21401CE38030F1EBF0021002030BD5FEA545C05D1F8
S21401CE484000494128BF41F0004130BD14F5800437
S21401CE583CBF01F5801130BD01F0004545F0FE41AB
S21401CE6841F470014FF0000030BD7FEA645C1ABFE0
S21401CE78194610467FEA655C1CBF0B46024650EA17
S21401CE88013406BF52EA033591EA030F41F4002143
S21401CE9830BD00BF90F0000F04BF0021704730B5C9
S21401CEA84FF4806404F132044FF000054FF000019E
S21401CEB850E700BF90F0000F04BF0021704730B55F
S21401CEC84FF4806404F1320410F0004548BF404234
S21401CED84FF000013EE700BF42004FEAE2014FEA89
S21401CEE831014FEA02701FBF12F07F4393F07F4F64
S21401CEF881F06051704732F07F4208BF704793F067
S21401CF087F4F04BF41F40021704730B54FF4607479
S21401CF1801F0004521F000411CE700BF50EA01027C
S21401CF2808BF704730B54FF000050AE050EA010225
S21401CF3808BF704730B511F0004502D5404261EB95
S21401CF4841014FF4806404F132045FEA915C3FF4D6
S21401CF58D8AE4FF003025FEADC0C18BF03325FEA73
S21401CF68DC0C18BF033202EBDC02C2F1200300FA24
S21401CF7803FC20FA02F001FA03FE40EA0E0021FA49
S21401CF8802F11444BDE600BF70B54FF0FF0C4CF437
S21401CF98E06C1CEA11541DBF1CEA135594EA0C0FE9
S21401CFA895EA0C0F00F0DEF82C4481EA030621EA24
S21401CFB84C5123EA4C5350EA013518BF52EA03355F
S21401CFC841F4801143F4801338D0A0FB02CE4FF011
S21401CFD80005E1FB02E506F00042E0FB03E54FF041
S21401CFE80006E1FB03569CF0000F18BF4EF0010E39
S21401CFF8A4F1FF04B6F5007F64F5407404D25FEA35
S21401D0084E0E6D4146EB060642EAC62141EA5551E7
S21401D0184FEAC52040EA5E504FEACE2EB4F1FD0C29
S21401D02888BFBCF5E06F1ED8BEF1004F08BF5FEAA7
S21401D038500E50F1000041EB045170BD06F0004659
S21401D04846EA010140EA020081EA0301B4EB5C0406
S21401D058C2BFD4EB0C0541EA045170BD41F48011FE
S21401D0684FF0000E013C00F3AB8014F1360FDEBF23
S21401D078002001F0004170BDC4F10004203C35DAFF
S21401D0880C341BDC04F11404C4F1200500FA05F382
S21401D09820FA04F001FA05F240EA020001F0004223
S21401D0A821F0004110EBD37021FA04F642EB060199
S21401D0B85EEA430E08BF20EAD37070BDC4F10C04C3
S21401D0C8C4F1200500FA04F320FA05F001FA04F287
S21401D0D840EA020001F0004110EBD37041F1000173
S21401D0E85EEA430E08BF20EAD37070BDC4F120057E
S21401D0F800FA05F24EEA020E20FA04F301FA05F2E6
S21401D10843EA020321FA04F001F0004121FA04F28D
S21401D11820EA020000EBD3705EEA430E08BF20EA5D
S21401D128D37070BD94F0000F0FD101F00046400097
S21401D13841EB010111F4801F08BF013CF7D041EA19
S21401D148060195F0000F18BF704703F0004652001D
S21401D15843EB030313F4801F08BF013DF7D043EAEE
S21401D1680603704794EA0C0F0CEA135518BF95EAA4
S21401D1780C0F0CD050EA410618BF52EA4306D1D12B
S21401D18881EA030101F000414FF0000070BD50EA4A
S21401D198410606BF1046194652EA430619D094EAD4
S21401D1A80C0F02D150EA013613D195EA0C0F05D1BE
S21401D1B852EA03361CBF104619460AD181EA030112
S21401D1C801F0004141F0FE4141F470014FF00000CA
S21401D1D870BD41F0FE4141F4780170BD70B54FF065
S21401D1E8FF0C4CF4E06C1CEA11541DBF1CEA1355E5
S21401D1F894EA0C0F95EA0C0F00F0A7F8A4EB0504C7
S21401D20881EA030E52EA03354FEA013100F08880BD
S21401D2184FEA03334FF0805545EA131343EA126386
S21401D2284FEA022245EA111545EA10654FEA00263B
S21401D2380EF000419D4208BF964244F1FD0404F5F4
S21401D248407402D25B084FEA3202B61A65EB030550
S21401D2585B084FEA32024FF480104FF4002CB6EB0D
S21401D268020E75EB030E22BFB61A754640EA0C008D
S21401D2785B084FEA3202B6EB020E75EB030E22BFCD
S21401D288B61A754640EA5C005B084FEA3202B6EB0E
S21401D298020E75EB030E22BFB61A754640EA9C00CD
S21401D2A85B084FEA3202B6EB020E75EB030E22BF9D
S21401D2B8B61A754640EADC0055EA060E18D04FEA5B
S21401D2C8051545EA16754FEA06164FEAC30343EAFB
S21401D2D852734FEAC2025FEA1C1CC0D111F4801FC8
S21401D2E80BD141EA00014FF000004FF0004CB6E7C1
S21401D2F811F4801F04BF01430020B4F1FD0C88BF60
S21401D308BCF5E06F3FF6AFAEB5EB030C04BFB6EB6A
S21401D318020C5FEA500C50F1000041EB045170BD5D
S21401D3280EF0004E4EEA113114EB5C04C2BFD4EB8A
S21401D3380C0541EA045170BD41F480114FF0000E0E
S21401D348013C90E645EA060E8DE60CEA135594EA8A
S21401D3580C0F08BF95EA0C0F3FF43BAF94EA0C0F8D
S21401D3680AD150EA01347FF434AF95EA0C0F7FF402
S21401D37825AF104619462CE795EA0C0F06D152EA56
S21401D38803353FF4FDAE1046194622E750EA41063A
S21401D39818BF52EA43067FF4C5AE50EA41047FF44B
S21401D3A80DAF52EA43057FF4EBAE12E74FF0FF3CB0
S21401D3B806E000BF4FF0010C02E000BF4FF0010C81
S21401D3C84DF804CD4FEA410C7FEA6C5C4FEA430CFA
S21401D3D818BF7FEA6C5C1BD001B050EA410C0CBF49
S21401D3E852EA430C91EA030F02BF90EA020F0020AB
S21401D3F8704710F1000F91EA030F58BF994208BF12
S21401D40890422CBFD8176FEAE37040F001007047CE
S21401D4184FEA410C7FEA6C5C02D150EA013C07D125
S21401D4284FEA430C7FEA6C5CD6D152EA033CD3D070
S21401D4385DF8040B704700BF8446104662468C466A
S21401D4481946634600E000BF01B5FFF7B7FF00289D
S21401D45848BF10F1000F01BD4DF808EDFFF7F4FFC6
S21401D4680CBF012000205DF808FB00BF4DF808ED51
S21401D478FFF7EAFF34BF012000205DF808FB00BF74
S21401D4884DF808EDFFF7E0FF94BF012000205DF896
S21401D49808FB00BF4DF808EDFFF7CEFF94BF01204B
S21401D4A800205DF808FB00BF4DF808EDFFF7C4FF44
S21401D4B834BF012000205DF808FB00BF4FEA410297
S21401D4C812F5001215D211D56FF47873B3EB6252C8
S21401D4D812D94FEAC12343F0004343EA505311F0EF
S21401D4E8004F23FA02F018BF404270474FF0000081
S21401D4F8704750EA013005D111F0004008BF6FF0BF
S21401D508004070474FF00000704700BF4A0011D234
S21401D51812F5001211D20DD56FF47873B3EB62527F
S21401D5280ED44FEAC12343F0004343EA505323FA8B
S21401D53802F070474FF00000704750EA013002D100
S21401D5484FF0FF3070474FF00000704753B94AB9A3
S21401D558002908BF00281CBF4FF0FF314FF0FF30ED
S21401D56800F08CB9ADF1080C6DE904CE00F006F8B0
S21401D578DDF804E0DDE9022304B070472DE9F04F39
S21401D588099D0E4604460F46002B47D18A4294460B
S21401D598B2FA82F35AD943B102FA03FCC3F1200264
S21401D5A89F409C4020FA02F217434FEA1C461FFA96
S21401D5B88CFE220CB7FBF6F106FB117701FB0EF089
S21401D5C842EA0742904208D91CEB020201F1FF37F2
S21401D5D802D2904200F23C813946121AA4B2B2FB3A
S21401D5E8F6F006FB102200FB0EFE44EA0244A645AE
S21401D5F808D91CEB040400F1FF3202D2A64500F25A
S21401D6082A81104640EA0140A4EB0E0400211DB110
S21401D618DC400023C5E90043BDE8F08F8B4205D9FD
S21401D6280DB1C5E9000100210846F5E7B3FA83F113
S21401D63800294FD1B342C0F00281824240F2FF80F6
S21401D6480846002DE8D0C5E90047E5E7002B40F07D
S21401D658AF808A1A4FEA1C4E1FFA8CF70121B2FBDB
S21401D668FEF60EFB1620220C42EA004207FB06F0E5
S21401D67890420FD91CEB020206F1FF382CBF4FF07F
S21401D68801094FF00009904203D9B9F1000F00F0E3
S21401D698DC804646121AA4B2B2FBFEF00EFB10223C
S21401D6A800FB07F744EA0244A7420FD91CEB04041F
S21401D6B800F1FF322CBF4FF0010E4FF0000EA742CB
S21401D6C803D9BEF1000F00F0C9801046E41B40EAFA
S21401D6D806409CE7C1F120048B4006FA01FC00FADB
S21401D6E801FE22FA04F7E6408A401F4320FA04F3B3
S21401D6F84FEA174843EA0C031FFA87FC4FEA134917
S21401D708B6FBF8F008FB106649EA064600FB0CF97A
S21401D718B1450ED9BE1900F1FF3A2CBF4FF0010BE7
S21401D7284FF0000BB14503D9BBF1000F00F0A28002
S21401D7385046A6EB09061FFA83F9B6FBF8F308FB71
S21401D748136603FB0CFC49EA0646B4450ED9BE1916
S21401D75803F1FF382CBF4FF001094FF00009B4451B
S21401D76803D9B9F1000F00F08280434643EA00402E
S21401D778A6EB0C06A0FB028C66454346E14602D39F
S21401D78807D1C64505D2B8EB02036CEB070C013886
S21401D798E1465DB1BEEB030266EB090606FA04F440
S21401D7A822FA01F3CE401C43C5E90046002133E7BF
S21401D7B802FA03FCC3F1200299409C40D6404FEA86
S21401D7C81C4E20FA02F21FFA8CF7B6FBFEF00A434B
S21401D7D80EFB1066110C41EA064100FB07F68E4265
S21401D7E80ED91CEB010100F1FF382CBF4FF00109DF
S21401D7F84FF000098E4202D9B9F1000F34D04046E5
S21401D808891B92B2B1FBFEF60EFB161142EA0142E3
S21401D81806FB07F191420ED91CEB020206F1FF380E
S21401D8282CBF4FF001094FF00009914202D9B9F116
S21401D838000F16D04646521A46EA00410FE7841AE8
S21401D84866EB030201201746FBE6023E624421E727
S21401D85802396244C1E664440238D3E664440238B5
S21401D86834E7023E6244E6E702386144C8E7023B11
S21401D8783E447BE702383E445BE700BF704700BF83
S21401D8882DE9F04F924685B089461E460D46554A03
S21401D8980390294615F8014B135D13F00803F8D1D8
S21401D8A82D2C7CD02B2C4ED04FF0FF3102936FF0ED
S21401D8B80043CDE9001336F0100851D037464FEA39
S21401D8C8E6783A464346DDE90001FFF73FFE0023C6
S21401D8D883468E4618461946A44613E0ACF137042B
S21401D8E8A6421FDD002B09DB83457EEB010305D32A
S21401D8F88E4508BF83453BD1A24239DA4FF0FF3344
S21401D90815F801CBACF13004092CE9D9ACF1410486
S21401D918192CE3D9ACF16104192C03D8ACF15704DE
S21401D928A642DFDC5A1C2FD0029A12B1404261EBA4
S21401D9384101BAF1000F03D0002B48D1CAF8009074
S21401D94805B0BDE8F08F4FF0FF30029336F01008AF
S21401D9586FF000432C7801F10205CDE90003ADD143
S21401D968302C25D0002E3AD10A27B0463E46A8E7E5
S21401D97800FB08F307FB0133A0FB07010B44201843
S21401D98843EBE4710123BBE72223039A1360BAF140
S21401D998000F17D005F1FF39DDE90001CEE74FF09A
S21401D9A80047009301232C788D1CCDE9017382E78B
S21401D9B82B7803F0DF03582B0CD086B90827B0461E
S21401D9C83E467EE7DDE9000105B0BDE8F08FCDE90A
S21401D9D80001DFE710276C7802353E4671E710270D
S21401D9E83E466EE73D9404004AE700BF10B4044C77
S21401D9F813460A46014620685DF8044B40E700BF17
S21401DA08AC68002010B4044C13460A460146206848
S21401DA185DF8044B34E700BFAC68002020F0030132
S21401DA2810F00300C0F1000051F8043B00F1040CAB
S21401DA384FEACC0C6FF000021CBF22FA0CF213431B
S21401DA484FF0010C4CEA0C2C4CEA0C4CA3EB0C02E4
S21401DA5822EA030212EACC1204BF51F8043B04304E
S21401DA68F4D0C2F1000102EA0102B2FA82F2C2F16E
S21401DA781F0200EBD20070472DE9F04780460C469E
S21401DA884548264614F801EB10F80EC01CF0080CA1
S21401DA98F7D1BEF12D0F5BD0BEF12B0F3AD06546FC
S21401DAA833F010003ED04FF0FF379A46B7FBF3F736
S21401DAB803FB07F96FEA0909002630460EE0AEF1C6
S21401DAC8370C63451DDD002E04DBB84202D833D17E
S21401DAD8CC4531DD4FF0FF3614F801EBAEF1300CD2
S21401DAE8BCF1090FEDD9AEF1410CBCF1190FE6D91D
S21401DAF8AEF1610CBCF1190F03D8AEF1570C6345B2
S21401DB08E1DC731C1CD005B140420AB1F6B91160BC
S21401DB18BDE8F08733F0100094F800E0654606F19A
S21401DB280204C0D1BEF1300F17D06BBB0A234FF0E9
S21401DB3805091A4F9A46BFE700FB0AC00126CBE73C
S21401DB4822233046C8F80030002AE1D0611EDEE7FD
S21401DB5894F800E00125B41CA2E7207800F0DF0065
S21401DB68582807D083B908234FF007096FF0604794
S21401DB789A46A1E7102394F801E04FF00F09023402
S21401DB886FF070479A4697E710234FF00F096FF02A
S21401DB9870479A4690E700BF3D94040099999919F1
S21401DBA86AE700BF10B4044C13460A4601462068CB
S21401DBB85DF8044B60E700BFAC68002010B4044C65
S21401DBC813460A46014620685DF8044B54E700BF31
S21401DBD8AC6800200F4B70B50F4DAB42A3EB0506A2
S21401DBE807D0B6100024013455F8043B9847A642DE
S21401DBF8F9D80A4D1FF0A0F8094B5E1BAB424FEA55
S21401DC08A60606D00024013455F8043B9847A642D8
S21401DC18F9D870BD446C0020446C0020446C002088
S21401DC28486C002070B5860747D0541E002A3ED09F
S21401DC38CAB2034601E0013C39D303F8012B9D071C
S21401DC48F9D1032C2CD9CDB20F2C05EB052505EB04
S21401DC58054535D9A4F1100C03F1100E1A462CF01F
S21401DC680F064FEA1C1CB644C2E90055C2E9025524
S21401DC7810327245F8D10CF1010214F00C0F04F0C1
S21401DC880F0C03EB021213D0ACF1040323F00303C9
S21401DC980433134442F8045B9342FBD10CF00304AB
S21401DCA82CB1C9B21C4403F8011BA342FBD170BDB9
S21401DCB864461346002CF4D1F9E703461446C0E738
S21401DCC81A46A446E0E700BF88420ED98B1883425D
S21401DCD80BD900EB020C002A6ED0624613F801CD70
S21401DCE8994202F801CDF9D170470F2A0FD8034699
S21401DCF802F1FF3C002A5FD00CF1010C013B8C4479
S21401DD0811F8012B614503F8012FF9D1704740EA54
S21401DD1801039B0751D1A2F1100301F1200C70B544
S21401DD2823F00F0501F1100E00F110041B09AC4495
S21401DD385EF8105C0EF1100E103444F8205C5EF8A4
S21401DD481C5C44F81C5C5EF8185C44F8185C5EF8C9
S21401DD58145CE64544F8145CEAD1013312F00C0F62
S21401DD6802F00F0C01EB031100EB031329D0ACF101
S21401DD78040C1C1F8E462CF003064FEA9C0C1E440E
S21401DD885EF8045B44F8045FB442F9D10CF101046F
S21401DD9802F0030203EB840301EB840102F1FF3C6A
S21401DDA84AB10CF1010C013B8C4411F8012B614579
S21401DDB803F8012FF9D170BD704702F1FF3C034605
S21401DDC89AE76246EAE700BF2DE9F04F82468E469B
S21401DDD83F4875461EF801BB10F80B4014F00804BE
S21401DDE8F7D1BBF12D0F5BD0BBF12B0F6FF00049BC
S21401DDF804BF9EF800B005F1020E33F0100010D1F2
S21401DE08BBF1300F04D0002B5ED10A231F4609E070
S21401DE189EF8000000F0DF0058284ED0002B53D1A2
S21401DE2808231F460025B9FBF7F6284607FB169870
S21401DE380EE0ABF1370C63451DDD002D04DB864291
S21401DE4802D321D1E0451FDA4FF0FF351EF801BB9A
S21401DE58ABF1300CBCF1090FEDD9ABF1410CBCF1BB
S21401DE68190FE6D9ABF1610CBCF1190F03D8ABF168
S21401DE78570C6345E1DC6B1C0AD004B140420AB179
S21401DE88CDB91160BDE8F08F07FB00C00125DDE7BD
S21401DE982223CAF800305AB10EF1FF314846F0E79E
S21401DEA89EF800B04FF0004905F1020E0124A4E7E0
S21401DEB84846BDE8F08F8146EEE710239EF801B08C
S21401DEC80EF1020E1F46ADE710231F46AAE700BF54
S21401DED83D940400242B02D8012B00D074E710B51A
S21401DEE800F02EFA16230360002010BD10B5242A70
S21401DEF8084C1346246807D8012A05D00A46014665
S21401DF082046BDE810405FE700F01AFA16230360C2
S21401DF18002010BDAC68002010B5242A084C134612
S21401DF28246807D8012A05D00A4601462046BDE8D6
S21401DF38104049E700F004FA16230360002010BDDC
S21401DF48AC680020844641EA000313F0030349D174
S21401DF58403A23D30B6803604B6843608B68836041
S21401DF68CB68C3600B6903614B6943618B69836145
S21401DF78CB69C3610B6A03624B6A43628B6A83622D
S21401DF88CB6AC3620B6B03634B6B43638B6B836315
S21401DF98CB6BC36340304031403ADBD230320BD3CF
S21401DFA80B6803604B6843608B688360CB68C3600B
S21401DFB810301031103AF3D20C3205D351F8043B25
S21401DFC840F8043B043AF9D2043208D0D2071CBF01
S21401DFD811F8013B00F8013B01D30B88038060462A
S21401DFE8704700BF082A13D38B07B1D010F003037C
S21401DFF8AED0C3F10403D21ADB071CBF11F8013BEC
S21401E00800F8013BA4D331F8023B20F8023B9FE716
S21401E018043AD9D3013A11F8013B00F8013BF9D289
S21401E0280B7803704B7843708B7883706046704723
S21401E038024B0146186816F098B900BFAC68002074
S21401E048024B0146186816F093B900BFAC68002069
S21401E058CAB384460B4630B504460843800719D030
S21401E0689CF800000C78A04212D150B3012A28D09F
S21401E078E64603E01CEB030F23D010B31EF8010F8E
S21401E08811F8014FA2EB0E03A04203F1FF33F1D0C2
S21401E098001B30BD032A07D8E2E7043A11D01EF068
S21401E0A8803F0ED1032A10D92068194653F8045B1D
S21401E0B8A446A0F1013E0434A8422EEA000EECD094
S21401E0C8CEE7002030BD10467047A4461946C7E77C
S21401E0D880EA010C1CF0030F37D110F0030C20F076
S21401E0E8030021F0030150F8042B08BF51F8043B44
S21401E0F80ED08CF0030C6FF07F434FEACC0C23FA5A
S21401E1080CFC51F8043B42EA0C0243EA0C0300BF3C
S21401E118A2F1013C9A4201BF2CEA020C1CF0803F96
S21401E12850F8042B51F8043BF2D04FEA02604FEA4C
S21401E1381222012828BFB0EB036F08BF1B0AF4D0D0
S21401E14803F0FF03000EC01A704710F0030F0AD041
S21401E15810F8012B11F8013B012A28BF9A42F4D086
S21401E168A2EB030070474DF8045D50F8042B01F04C
S21401E178030521F0030151F8043B022D26D04DD8A2
S21401E18822F07F45B5EB132FA2F1013C2CEA020CD5
S21401E1980DD11CF0803C08BF51F8043B0AD185EA32
S21401E1A80205B5EB036F0CD150F8042BE8E74FEAEC
S21401E1B813235BE03CF07F4C54D10B784FEA126591
S21401E1C854E04FEA126503F0FF034FE04FEA0245B9
S21401E1D8A2F1013C4FEA15452CEA020CB5EB134FA8
S21401E1E818D11CF0803C08BF51F8043B07D185EADA
S21401E1F80205B5EB034F09D150F8042BE6E75FEAB1
S21401E2080C4C2FD10B884FEA12452FE04FEA0343F7
S21401E2184FEA12454FEA134328E000BF02F0FF0514
S21401E228B5EB136FA2F1013C2CEA020C0DD11CF0E0
S21401E238803C08BF51F8043B0AD185EA0205B5EBD4
S21401E248032F0AD150F8042BE8E74FEA13630DE0D1
S21401E25812F0FF0F06D051F8043B4FEA122523F0BF
S21401E2687F4303E04FF0000020BC704705F0FF0233
S21401E27803F0FF00012828BF904204BF2D0A1B0A9D
S21401E288F4D0A2EB000020BC704700BF08B5064BCF
S21401E298044613B1002100F0AFF8044B1B6803B124
S21401E2A89847204614F057FC01E401008C510020E1
S21401E2B8002301461A46184600F048B8032A30B427
S21401E2C815D941EA000484460B46A40704D0541E17
S21401E2D80FE0043A032A08D91946604653F8044B56
S21401E2E85CF8045BA542F4D0F1E760461946541E73
S21401E2F87AB1431E0139021901E09A4209D013F88E
S21401E308010F11F801CF6045F7D0A0EB0C0030BC27
S21401E3187047002030BC704738B5074D074C2C1B9A
S21401E328A41005D0013C55F8043D9847002CF9D1B6
S21401E338BDE838401EF006BD4C6C0020486C002035
S21401E348014B1868704700BFAC680020F0B5264C32
S21401E35883B006460F46256805B36C681F2C3FDC5C
S21401E368A6B1D5F8880048B3D0F800114FF0010CD3
S21401E37840F82420022E00EB84020CFA04FC4CEA36
S21401E3880101C0F80011C2F8803010D0631C0020CB
S21401E39802346B6045F8247003B0F0BD1349144885
S21401E3A8216010B10068C1F88800104DD5E7D0F893
S21401E3B8043143EA0C03C0F80431E7E70D49CDE917
S21401E3C8002369B14FF48470FFF732FE40B1002193
S21401E3D86C68C0E94011DDE90023C5F88800C5E787
S21401E3E84FF0FF30D8E700BF1C52002090510020A4
S21401E3F80000000039E001002DE9F04FDFF8B49085
S21401E40883B0D9F8006096B3884601907568D6F847
S21401E41888706C1E2BD4013507F1800B06EB850539
S21401E428B8F1000F26D173682A68013BA3423BD096
S21401E43800232B60BAB1D6F804A05FB30123D7F83E
S21401E4480011A3400B4225D0D7F8040157F8241031
S21401E45803422BD1019890477368D9F80020534599
S21401E4681ED1B2421CD1013C043D631CD8D103B075
S21401E478BDE8F08F4FB15BF824304345D3D0013C5B
S21401E488043D621CF3D0002FF5D1013CEFD3013CCB
S21401E498FBD2ECE790477368D9F800205345E0D0E3
S21401E4A8002AE4D01646B1E77460C3E708469047E9
S21401E4B8D2E700BF1C52002013B50446694619F07E
S21401E4C88EFB204619F0D2FCFF28024606D02046CD
S21401E4D89DF80010EFF718F802B010BD0048FBE7EA
S21401E4E80080FFFF2DE9F0418AB001AC05460B46D6
S21401E4F82746194A02F1200C264610685168083248
S21401E50803C662453446F7D1002B08BF3B460027B1
S21401E51810681C463060384603F10C0690B95FFA5D
S21401E52887F842462846218819F0C2FD50B9424666
S21401E5382846E18819F0CDFD20B9424631462846DD
S21401E54819F0D9FD0137032F06F1080604F1020474
S21401E558E4D10AB0BDE8F08154950400F0B589B05D
S21401E56805460E4601F034FE044600BB01AC06F132
S21401E5780C070FCF0FC497E8070084E8070001A926
S21401E588284605F0F1FC2846311D1AF04FF80446D6
S21401E59848B92846074901F05DFA044618B92846DD
S21401E5A801F0E0FD044628463168FFF79BFF204648
S21401E5B809B0F0BD4C950400014919F063BB00BFD2
S21401E5C85D01020070B5164E032804460D463378E1
S21401E5D81ED023FA04F202F00102AA421DD053B15A
S21401E5E80122A240A54023EA02032B43DBB2337083
S21401E5F84BB1012070BD2DB10A4B01201B6898470D
S21401E6083378EDE73570074B00201B689847F0E72D
S21401E6189A07DED003F0FC03E9E7002070BD00BFCF
S21401E628346200205C540020F8B505460C461EF0FE
S21401E638EAF8104F06463B7833B1012D04D01CB9D1
S21401E6480D481CF0A7FE3C7021462846FFF7BAFF86
S21401E6580A4B04461B783BB93B782BB919F0FCFCEE
S21401E66810B1074B1B68984730461EF0C7F820467E
S21401E678F8BD00BF35620020305400203462002007
S21401E688FC680020054A0B46117831B1002111704B
S21401E698034A0121526818781047704735620020EE
S21401E6A8FC68002038B5074D04462B78834207D00E
S21401E6B801F0B8FC20462C70BDE83840F0F7BCB92C
S21401E6C838BD00BF3362002038B5044680B11EF05D
S21401E6D89AF80121044608461CF0D0FA01210B4A93
S21401E6E8084615F016FF2046BDE838401EF086B8E5
S21401E6F81EF089F80546214601201CF0BFFA0120C4
S21401E7082146024A15F005FF2846EDE75F6B04002F
S21401E7181B4B022910B5187002D0032904D010BD6E
S21401E728184B1B78002BFAD105F08CFB0028F6D085
S21401E7384FF00052144BC3F88020BFF34F8FBFF33E
S21401E7486F8F01F047FC0028E9D001F03BFA00285A
S21401E758E5D10E4B1C6834B123689847BDE81040D4
S21401E768002001F053BC19F089FA094B18601EF015
S21401E77836F9084B1860204601F034FCEEE700BF76
S21401E788196C00203362002000E100E0805400206C
S21401E798585400205454002038B504460D4605F058
S21401E7A851FB80B14FF00052124B1A6001F012FC77
S21401E7B848B9012D07D8012001F028FC0E4B1B682B
S21401E7C823B15B6898470D4B1C7038BD1EF007F9DE
S21401E7D80B4B1A68801A18601CF08AFE4FF47A727E
S21401E7E8084B1B6802FB003019F04AFA012001F0B9
S21401E7F8F9FBE8E700E100E080540020196C0020EE
S21401E8085454002058540020F0B585B01DF0FBFF85
S21401E818344D04462B7823B133481CF0BBFD002841
S21401E82852D11CF041FE02AA03A919F0FFFB0346C8
S21401E838002838D019F00EFC029B98421CD1002003
S21401E8482A4B03991B682A4E9942307020D9002713
S21401E858C91A012324482B70264A3346CDE9007786
S21401E8681EF099F8002837D1234A1378D90701D51D
S21401E8783178F9B1204611E019F0EAFB029B98427B
S21401E88828D0002318461949194A096813700391B4
S21401E8980121FFF797FE002320462B701DF0AEFFDF
S21401E8A8002005B0F0BD20462B701DF0A7FF2120E3
S21401E8B805B0F0BD03F0FE031370002BDAD10F4B41
S21401E8C81B6898472046E9E720461DF097FF0E206B
S21401E8D805B0F0BD0220B3E7032320462F7033703E
S21401E8E8F3E700BF35620020305400205054002062
S21401E8F8186C00208DE60100346200205C5400206C
S21401E90870B51DF080FF184D04462B7823BB174AB7
S21401E91817491370174B184A18481A60184A194E9F
S21401E9285A60F0F72DF818491848F0F729F8184BE7
S21401E93880203360EDF7E4FD052804BF154B3360EE
S21401E948154B5B6F03F44073B3F5007F02BF0222D9
S21401E958124B1A6001232B70F0F77AF920461DF046
S21401E9684DFF002070BD00BF3662002035620020D2
S21401E97878950400FC68002011E801002054002066
S21401E98831E601005C5400208095040028540020DC
S21401E998ADE60100D1E601000040005050540020C9
S21401E9A82DE9F0438F7880460F2F0C4685B003D9A2
S21401E9B8212005B0BDE8F08327B90123374A002096
S21401E9C81370F6E70D784E78EDB9002EF0D194F96C
S21401E9D80310E08802F00CFE2128E9D055EA060368
S21401E9E8A088DFF8C89013D002F066FE4FF604033D
S21401E9F8B9F8002001469A424BD1AE42334638BF99
S21401EA082B4600262DE0082DD2D8082ED0D8DEE7D2
S21401EA1802F052FE4FF6040501464FF60500204A5D
S21401EA28136E9BB2AB4208BF0346B1F5803FA9F807
S21401EA3800300FD902230825136680230126C2F861
S21401EA4880302B4649084FF6FF720139914228BF9C
S21401EA58114608E08023012608251666C2F880308C
S21401EA682B460029EFD1002202920122013FFFB274
S21401EA78009201972A4608F1F80002F0C7FC1EB179
S21401EA884FF48012074B5A65074BA2681A60022397
S21401EA9894E703480266A9F80030AEE7376200201B
S21401EAA800C001B800D001B868540020A06B00204F
S21401EAB810B50446D0F818210B4B4FF40061C3F883
S21401EAC8CC2090F82420D20102F4006205F0D6F892
S21401EAD894F8243013F0100F4FF4007314BF034A50
S21401EAE8034A136410BD00BF003E00B0001002B810
S21401EAF8002002B8431C07D06FF0FF02034B1040FA
S21401EB085A62A3F580535862704700BF00E000B808
S21401EB18F8B504460F4616461DF075FE0546A0478D
S21401EB28044620B128461DF069FE2046F8BD04F0CB
S21401EB385FFA04220549D1F8F03E23EA0703334376
S21401EB48C1F8F03E024B1A64ECE700BF003000B093
S21401EB58002002B800F01803182B0AD003070AD4BD
S21401EB6840F2011310F0100018BF1846034BD8677F
S21401EB7870470020FAE70120F8E700BF003F00B021
S21401EB88044B1868830654BFC0F30F204FF6FF7076
S21401EB98704700BF0C55002038B10368044A002BA3
S21401EBA808BF1346034A13607047014BFAE700BFD4
S21401EBB8D37C03000869002010B4D0E952412240F2
S21401EBC80B4052EA030104D003495DF8044B096877
S21401EBD808475DF8044B7047086900200F2938B5C7
S21401EBE805460C460ED801F033FA01280CD1074A1F
S21401EBF82846936E23F00F032343936619F08AFA87
S21401EC08002038BD2120FCE70220FAE7003F00B0CB
S21401EC18014BD86E704700BF003F00B0014B002083
S21401EC28D9667047003F00B003282DE9F3478846A8
S21401EC3855D82C4B13F800902B4B1E5C2B4B13F816
S21401EC4800A01DF0E0FD074604F01EF9054640B198
S21401EC5800230022CDE9003301200023002103F020
S21401EC683FFF04F019F948B100230022CDE900332B
S21401EC78002000234FF4004103F032FF6EB31C4B13
S21401EC88DC6C04F008041B4B3146DC64484604F08F
S21401EC980DFA52463146484604F096FA164BDC649D
S21401ECA86DB1164B1868D0F89010F83003F008F8D4
S21401ECB813490868FFF71EFF4FF0FF330B60B8F1E2
S21401ECC8000F04D00F4B002103205B689847384695
S21401ECD802B0BDE8F0471DF091BD3446D3E702B057
S21401ECE8BDE8F087909504008C950400889504008B
S21401ECF8004000B8006000B8005000B81855002061
S21401ED0804690020FC6800200F4A136C13F0A00F5A
S21401ED1815D1506C10F0040013D10C4BD3F8F03E0B
S21401ED2823F07F4323F0FF035BB1D368C3F3036289
S21401ED38092A07D0B2F10C0018BF0120704700203D
S21401ED4870470120704700BF000002B8003000B0CD
S21401ED5870B50D46064620B91A4B1B68A3B10E209E
S21401ED6811E001F075F9012829D1174B93F90040F4
S21401ED78C4F12704641BC4F11C03002BB8BF5B4213
S21401ED88232B0CDD212070BDA1F10B03002BB8BF8E
S21401ED985B42232BF6DC0C4B19700020F3E786F850
S21401EDA826501DF030FD094AE402136A04F4FF24D4
S21401EDB823F4FF231C4314621DF020FDEDE7022017
S21401EDC8E1E700BF185500203862002000C000B8EF
S21401EDD818B9034B93F90000704790F9260070475D
S21401EDE83862002010B5FFF763FE03F0A7FB1DF09D
S21401EDF80AFD0A4A0121D2F8C83E044623F0200338
S21401EE08C2F8C83E0222064B08469A60054B5B6864
S21401EE18984720461DF0F2FC002010BD003000B0D7
S21401EE28001002B8FC680020094B08465A6A91028D
S21401EE380BD4D3F80021D20708D4D3F8803013F4C2
S21401EE48706F14BF0120002070470120704700BF73
S21401EE58004001B8F8B50D46D0F8903002EA010432
S21401EE6823EA01032343C0F890303D4A01F00B031F
S21401EE7823EA0401D1642340A2F580526F070646AF
S21401EE88D36410D50121FFF7CFFF60B104F0B0F8C5
S21401EE984FF4007314F0040F14BF324A324A536217
S21401EEA80422324B1A64E90606D514F0100F14BF73
S21401EEB800221B222E4B5A652A061DD5230616D577
S21401EEC84FF40012274B1A62012203F58053C3F848
S21401EED800211DF098FC0E210746032002F040FE93
S21401EEE840F20122224B3846DA621DF087FC2146A1
S21401EEF806F1F80002F0E4FEEF0503D5E00529D592
S21401EF0802F0FEFDA90503D5A20526D502F004FEEA
S21401EF1815F0600F09D0D6F8E410304618F0D6FE82
S21401EF288022144B9867144B1A612B0510D504F0F0
S21401EF385FF8124A14F4006FD2F8F03E14BF43F09B
S21401EF48006323F00063C2F8F03E0422074B1A64FC
S21401EF580020F8BD02F0CEFDD4E702F0D7FDD7E7D2
S21401EF68006000B8005001B8006001B8002002B87F
S21401EF78004000B8003F00B0000002B8003000B002
S21401EF88014B1868704700BF7454002037B51DF050
S21401EF983AFC002401230022CDE90034002305466B
S21401EFA81946104603F09CFD022002F003F9064BB1
S21401EFB821461C60054B02205B68984728461DF0D1
S21401EFC81DFC204603B030BD7C540020FC680020A0
S21401EFD82DE9FF4102290D4616469846039004D1AD
S21401EFE8FFF7D4FF04B0BDE8F0811DF00CFC1E4FFE
S21401EFF804463B683BB1B34205D01DF0FFFB002336
S21401F00821203B60EEE7194B0022C3F800803E60E2
S21401F018002301264FF0000810461946CDE9006680
S21401F02803F05EFD124B022083F8008002F0C2F85E
S21401F03843462A46022003A902F0DAF80D4B039A42
S21401F0481A6008B92046D8E70B4D2B68984721283F
S21401F05804D020461DF0D2FB0020C3E731466B687A
S21401F06802209847F5E700BF7C540020785400201A
S21401F0783A62002074540020FC680020044B5B6E42
S21401F0885B054EBF0120034B187800F0010070475E
S21401F09800C001B83A6200200A78022A11D0101F6F
S21401F0A84242424152004B781201022B0BD0191FE3
S21401F0B84B424B415B000549054842EA8312FFF77C
S21401F0C827BD0122EFE70123F5E700BFF0FFFF00A8
S21401F0D8A10002000B78022B10D0181F43424341AF
S21401F0E85B004A78022A0BD0111F4A424A41520055
S21401F0F80F21044843EA8202FFF70ABD0123F0E71D
S21401F1080122F5E7CD0002002DE9F8430E78044602
S21401F118042E0D4690F824810BD100275FFA87F953
S21401F128484601F0BBFC08B14E4602E00137042F01
S21401F138F4D1304601F0B2FC002849D094F82431C5
S21401F148B34209D1AA88D4F8A4309A4204D16A886D
S21401F158B4F826319A4238D084F82461AB88304610
S21401F168A4F828316B88A4F82631AB8804F5927583
S21401F178C4F8A430FF2384F8293019F049F884F834
S21401F1882800284601F04AFC18BB284601F07CFCFA
S21401F198F8B9D4F8E03053B194F82411414506D0B3
S21401F1A82046B3F91220EEF737F984F82D012046E8
S21401F1B801F0B8FC0949A4F828010123084AD1F846
S21401F1C8FC1004F1F80003F083FA0020BDE8F88388
S21401F1D821200C2384F82431F8E700BF004F00B043
S21401F1E8A43F00B070B5054690F824010C460C28DB
S21401F1F81FD0FF2901D1212070BD1AB14FF0FF326F
S21401F2080D4B1A6019F004F8064695F8240101F02A
S21401F2187BFC844228BF0446E4B2B44238BF344675
S21401F228E0B285F8290001F079FDFF28E3D0002037
S21401F238E2E70220E0E700BF0C69002010B590F86D
S21401F248243104460C2B44D0D0F8E03080F828103E
S21401F258DBB3D0F8F020D2B990F82D318B421CD30D
S21401F26800222046FFF7BEFF48BB1B4B1B7813F056
S21401F278FD0F23D1204601F055FC18490123184AF1
S21401F288D1F8FC1004F1F80003F022FA16E0B0F900
S21401F2984020B3F912309A42E2DD0022204694F863
S21401F2A82D11FFF79FFF50B9C4F8E000204619F06A
S21401F2B859F94FF6FF739842014601D1002010BD57
S21401F2C82046BDE8104004F077BFFF2380F82930B8
S21401F2D8F4E70220F3E700BFA46B0020004F00B05C
S21401F2E8A43F00B0F0B51D46144B04461B780F46E4
S21401F2F8164685B05BB1D0F8E030E3B102AAB3F99F
S21401F30812300092002214F019FA05B0F0BD02A9D5
S21401F31818F065FC9DF808103A462046EEF77CF88A
S21401F328014626B92A462046FFF75CFFEDE7204648
S21401F338FFF784FFE9E71846E7E700BF376D0400E3
S21401F348D0F89830012B01D10020704770B50546DA
S21401F35850498EB018F0AFFFD5F8E0600146AC8D85
S21401F368C5F8E40026B1336813B15B68002B6BD18E
S21401F3781DF049FA1DF042FA0123D5F8E4108DF87C
S21401F3880E30B389D6E90120E31A9BB200FB0322AB
S21401F3984148ADF80C3003680292994207D02846D6
S21401F3A818F094FC80223D493D4B88671A613D4C14
S21401F3B83B4E00F04DFE0128FBD1236CD907F8D44B
S21401F3C8336CDA01F5D4D5F8E41028460D919DF88A
S21401F3D80E20029908AB02F037FE002831D100F062
S21401F3E837FE0128FBD12E4A2E49136CDB01FCD4CB
S21401F3F80B6CDE07F9D408A901A803F047F800BB8F
S21401F408AA8D294B5A6495F8243060F3410385F890
S21401F418243018F0A4FED5F8E03002465B69196876
S21401F428431EDBB2FD2B049114D9CC1C12D91F4BF9
S21401F43801311B6815D0D81C10D8284604A9049396
S21401F4480AE002200EB070BD1A68032A90D99B6A9A
S21401F4585B0E94E7284604A918F06BFE00200EB050
S21401F46870BDD91C04D8284604A9049318F061FE77
S21401F478D5F84C319B0506D495F8243043F00203A1
S21401F48885F82430EAE728464FF4803119F09AF8CF
S21401F498E4E700BFFC4F00B064540020003F00B012
S21401F4A8000002B800C002B8008001B81869002040
S21401F4B810B50C4619B118F0F8FD00B10434204611
S21401F4C802F0FAF8024B4042C3F8E00E002010BDE5
S21401F4D8003000B0438E70B593420C4615461CD3D7
S21401F4E8436C8B4208BF00241DF08DF94FF49C53E2
S21401F4F80B490646CA68C2F30362D340DA0702D547
S21401F5080B6C9B0304D401222946204601F05CF8C3
S21401F51830461DF073F9002070BD2120FCE700BFBE
S21401F528000002B82DE9F84F074615460B4611B9F3
S21401F5382120BDE8F88F002AFAD0032905D8002231
S21401F54801F0ACF903460028F2D01C889A78B4F585
S21401F558804F02F0070180F0CE80A1F1070C1879E0
S21401F56893F805B0DE88DCF1000343EB0C030529AC
S21401F5782B7394BF0023C2F30013C2F3801C6B7372
S21401F588930985F810C003F00203C2F3C00C43EADE
S21401F5980C03C2F34012E8746B74AA74D7F890305F
S21401F5A8AE82D80600F193800639012900F28F80D1
S21401F5B8B7F81290D7F81C8009F1FF394F4B083C71
S21401F5C804EA09045B6D18F804300021802B0CBF8F
S21401F5D86FF07F03323B04F1010418BF5BB204EA03
S21401F5E80904AB73631D03EA09035A1CA96002EAFE
S21401F5F8090218F8022018F8036097F825A046EAC9
S21401F608022636B2BAF1000F5FD1F10456D5D7F803
S21401F618E43013B11B68022B05D841F24D724C2118
S21401F628002004F0F7FDD7F8E420C6F30B0392F8A0
S21401F6382420DB000AB1B3FBF2F39B4508D83BB1A3
S21401F648CBEB0B2BBBFBF3FB6FEA0B0B5FFA8BFACF
S21401F658D7F8EC3023B1504695F90E1098478246F4
S21401F668013485F80FA004EA090418F804100134D7
S21401F67804EA090418F80430013404EA090441EAE2
S21401F688032118F80430013404EA090441EA034165
S21401F69818F8043041EA036116F4804305D0184B84
S21401F6A8DB6EB3FA83F35B095B0038466A7C03F0CA
S21401F6B8CBF806232860AB7100203AE718F804A0B7
S21401F6C84FEA4A0A5FFA8AFAC2E78A46C8E7002377
S21401F6D80020EB730B4BDA69C2F30723120448BF09
S21401F6E863F0FF035AB212F1800F1CBF323B5AB2C5
S21401F6F8AA730346DEE702201BE700BF004000B8F6
S21401F708003F00B000C000B806238B7190F8253082
S21401F71843B1054BD3F8C4200B6802F01F0203EB74
S21401F728C2030B6000207047003E00B011F5004F81
S21401F7381FBF01F30E01044BC1F30E01002014BFD5
S21401F74899642120704700BF008001B8F8B50446C7
S21401F7580E4619B990F824305A0647D44FF6FF7367
S21401F768218ED4F8E470994204D0354B1B680BB14E
S21401F77820469847334D2B68BB4255D0324B1B6801
S21401F7883BB11FB13A68002A50D0BF6839462046B7
S21401F79898470727204601F0C5F9002E3AD004F00D
S21401F7A8C7FA0620294B94F9262093F900302849F0
S21401F7B8C3F127039B1A0A6ADB0222F4FF2203F429
S21401F7C8FF2313430B62D4F8E420224B2A60986780
S21401F7D801F01CFB002501211F4A204B1170204611
S21401F7E883F8845018F096FC2846F8BD4FF6FF714A
S21401F7F8144DD0F8E4702A6866F38613974201869A
S21401F80880F8243017D0104B1B68002BB9D101F0B3
S21401F81889F9072712493B46124AD1F8FC1004F128
S21401F828F80002F055FFBAE70127B3E71746204666
S21401F83839469847ADE701F075F90127EAE700BFB1
S21401F84870540020645400206C5400203862002054
S21401F85800C000B8006000B839620020003F00B060
S21401F868004F00B0A43F00B0054A12681AB190F8DC
S21401F8781E1119B91047084602F092B90148704797
S21401F8886054002000FEFFFF334B2DE9F7431C6848
S21401F89801F4007900F00103174653EA0902064607
S21401F8A80D4632D04FF0000823B300230022012072
S21401F8B80021CDE9008803F013F941462046FFF7F9
S21401F8C8D3FF01224146E085104618F0FDFDD4F825
S21401F8D8901004F1F80002F0F3F920490868FFF7E0
S21401F8E809F94FF0FF330B6094F8243043F0040312
S21401F8F884F82430B9F1000F07D00121204618F00A
S21401F90861FE25F4007506430D432B463246204614
S21401F918FFF752F9FB070FD51149124A086800216B
S21401F928136811600121104A117003B198470F4BF3
S21401F938002102205B68984717F00E0F08D04FF495
S21401F94809723B21002003B0BDE8F04304F062BC15
S21401F95803B0BDE8F08300BF1855002004690020F5
S21401F968785400207C5400203A620020FC6800206D
S21401F97808B5582200210648FEF754F91022FF213F
S21401F9880448FEF74FF904F0D3F9002008BD00BF7C
S21401F998F43E00B0383F00B073B574210C236D22D5
S21401F9A8A0F81411822180F824314FF6FF734FF026
S21401F9B8FF35C0E941120026C0F80021642204463A
S21401F9C8838580F82A301E4BC0E94322C36300F1C1
S21401F9D8480343641B4B80F82660C0E90C35C0F821
S21401F9E8A450058503F060FA2046FFF7C1FF94F995
S21401F9F826102046FFF7ACF96023134A40F6FF713C
S21401FA08D3644FF03A4211631167104A2946D3640A
S21401FA1840220F4B20461A64D4F89020FFF71AFAB2
S21401FA280E230022CDE9003340F202231046194680
S21401FA3803F056F801F046F8304602B070BD00BF34
S21401FA480700FFFFFFFF4000004000B8005000B865
S21401FA58002002B810B50C46FFF78AFFCCB1A37890
S21401FA68082B18D8E278082A15D843EA021313F0A7
S21401FA78FF030CBF19466168084AC2F8F4102178DA
S21401FA8882F84811617882F84B3182F8491104F0FE
S21401FA984FF9002010BD2120FCE700BF003E00B052
S21401FAA8012A10B512D8032B10D803EB82020123C2
S21401FAB8074C934094F84A01DBB221B10343002076
S21401FAC884F84A3110BD20EA0303F8E72120F9E754
S21401FAD8003E00B0044BD3F8F03E13F0806F14BF1D
S21401FAE823200020704700BF003000B00246F8B55A
S21401FAF8B0F8284100F1F805FFF7ECFF0B688E68AF
S21401FB08013304BFD2F800310B604B68013304BFE0
S21401FB18D2F80C314B60771C3BD1D2F80831CF684C
S21401FB288B607E1C3CD1D2F804610F69CE60013728
S21401FB3804BFD2F8F8700F614F69013704BFD2F8D5
S21401FB48FC704F618F69013704BFD2F810718F615D
S21401FB588F6967BBC0F1640408688C6110B16D28B1
S21401FB6838BF6D20C2F808314B68C2E94006C2E9C1
S21401FB7843340B692846C2F8F8304B690F49C2F876
S21401FB88FC30D1F8FC1007230D4A02F0A1FD002035
S21401FB98F8BD04F16D031B1AB34238BF3346BEE7FE
S21401FBA804F17406361ABE4238BF3E46BDE76D34C8
S21401FBB8241ABC4238BF3C46CEE700BF004F00B00F
S21401FBC8A43F00B070B51CF01EFE05460B4E00F0B3
S21401FBD83FFA012805D028461CF010FE02242046CC
S21401FBE870BDF36813F0706FF1D1F46814F08054A7
S21401FBF8EDD128461CF002FEF1E700BF000002B86E
S21401FC0838B51CF000FE4FF6FF710A4A13888B427E
S21401FC1803D11CF0F3FD0E2038BD074C074D1B041D
S21401FC286566A4F58054636611801CF0E7FD002024
S21401FC38F2E700BFA26B0020006001B80000FFFFDA
S21401FC482DE9F74304460F4615461E46FFF75CF8AE
S21401FC5838B3A38A2BB3204618F003F878B9744B47
S21401FC68D3F8F02E1EB10E2003B0BDE8F08302F0E3
S21401FC783003102BF7D002F0C002402AF3D0DFF889
S21401FC88E08102F05BFCD8F81430DE07EBD51CF0F7
S21401FC98BAFD0646032001F08BFB20B130461CF066
S21401FCA8ADFD0220E0E7D8F8142012F00608F5D1D9
S21401FCB830461CF0A3FD5E4B4FF400612046D3F896
S21401FCC8F09ED3F8D06E03F0EDFF40B14FF400720A
S21401FCD80121584B08461A64424618F0F5FB394686
S21401FCE8204604F069FA524BC3F8F09EC3F8D06E6A
S21401FCF80028B9D194F82430980601D4002D57D09D
S21401FD08C5F3400003F03AF9022315F4807F1FBFBC
S21401FD18494A002113644FF03A420BBF454A9161A4
S21401FD281364536303F064F94FF4806315F0040F0A
S21401FD3814BF424A424A15F0400F53624FF004027C
S21401FD483C4B28461A644FF0400314BF3D4A3E4ACE
S21401FD58C2F88830FEF7FEFE204618F0ACF838B137
S21401FD684FF4807315F0010F14BF334A314A1364F8
S21401FD78A90646D54FF6FF72E38F93420FD0334A52
S21401FD883349526E100CC2F301120132B3FBF2F37F
S21401FD9808802A4A2A492F481B0448665366003DAC
S21401FDA818BF012594F8243065F3451384F82430E8
S21401FDB8204618F07AF9F0B1204618F07CF8D0B150
S21401FDC84FF40031204603F06DFF431C03229BB21B
S21401FDD8214801A918F009FA9DF8042002F0070342
S21401FDE8052B9DF8053015D112070DD443F4807301
S21401FDF81A4AC2F8D830002003B0BDE8F04318F01C
S21401FE0801BAFFF7FDFECAE713F0040F09D19DF802
S21401FE180630EBE703F03002202A05D113F0010F74
S21401FE28F4E74FF48073E3E79DF80630E0E700BF98
S21401FE38003000B0002002B8001002B8005001B827
S21401FE48006001B800D000B800E000B8004001B872
S21401FE58A26B00200000FFFF0C0000BA003E00B0B5
S21401FE6800C001B82DE9F3410646884615461F46E7
S21401FE781CF0C9FC0446032001F09AFA38B1204662
S21401FE881CF0BCFC0E24204602B0BDE8F08104201C
S21401FE9801F08EFA0028F2D120461CF0AFFC0123AF
S21401FEA82A4641463046FFF7CBFE04460028EAD1EB
S21401FEB8DFF8C8805FB388F8000039463046FEF799
S21401FEC86FFD00284CD198F80030012B1CD0202259
S21401FED8244B1A64244B9B6FB3F5817F1FD20120F4
S21401FEE818F0A9F91CF08FFC204B06461B680193F5
S21401FEF8CBB901F0DDFA15F0800526D101F01CFB1F
S21401FF08284603F00FF825E003F022F8BBE798F837
S21401FF180030012BF8D0002BD9D12124B3E7802259
S21401FF28134B1A61DBE7042001F044F90023012290
S21401FF38042001A901F05CF90028DAD103F070F871
S21401FF48212430461CF05AFC9DE70022094B9A678B
S21401FF5801F0F2FA084B01215B6800209847F0E7A8
S21401FF68044690E7001002B8003F00B0685400202D
S21401FF78000002B800C001B8FC6800203762002003
S21401FF8808B50B4BD3F84C114B1C10D011F080411F
S21401FF980DD1084B1B6813B10320FEF745FE4FF041
S21401FFA88062054BDA6401225A6102229A6208BD10
S21401FFB80080E00F18550020001002B84FF4002208
S21401FFC8034B186C03F500531A64C0F3C04070471E
S21401FFD8000002B8024B586900F00100704700BFE4
S21401FFE800C001B8084B5A69D10707D508B901F00E
S21401FFF8BDB85B69DA0706D401F0AAB85B69DB0706
S21402000801D40028F8D1704700C001B84FF08063C9
S21402001810B1024A53617047014AFBE7001002B862
S214020028002002B8202350B1064AC2F8F433064B21
S214020038196C11F0010104D1032002F093BA034AA5
S214020048F3E77047001002B800C002B8002002B8F2
S2140200580F4BDB68C3F30363013B0B2B0FD8DFE8B8
S21402006803F006060C06060606080A080808022012
S2140200787047042070470520704703207047054BD9
S2140200885B6913F0060F0CBF01200420704700BFFF
S214020098000002B800C001B8094AD368C3F3036374
S2140200A80B2B08D06FF49050184100F0010080F036
S2140200B8010040007047106C10F48030EDD1704794
S2140200C8000002B80C4AD368C3F30363062B07D8AA
S2140200D8042BD8B20BD8C31E58425841400070476A
S2140200E8072B06D1D2F844010028ECD1704702202B
S2140200F870470020704700BF000002B8094BDB6853
S214020108C3F303639A1E012A8CBF00220122012B25
S21402011802701EBF4FF4026222FA03F303F00103D1
S2140201280B707047000002B8094AD368C3F303632A
S214020138032B01D0072B08D1536CDB0605D4906C31
S21402014880F00800C0F3C00070470020704700BF68
S214020158000002B8024B0022196817F089BF00BFD8
S214020168D095040010B5FF224FF6FF71044617F02B
S2140201789FFF68B9FF224FF6FF71204617F0A9FFC6
S21402018830B92046BDE81040FF22024917F0B3BF37
S21402019810BD00BF9895040010B55B0743EA0243FA
S2140201A89DF8082043EAC163520502F0BC621A436E
S2140201B8064942F4C872044603F060FD002220464F
S2140201C81146FFF787F9002010BD00BF9007E12D02
S2140201D837B50C460546094A09490A4801F038FB6C
S2140201E894F828302846009394F82B3094F829205F
S2140201F894F82A10FFF7D0FF03B030BD34960400F7
S2140202083C9604000496040008B5FFF78DFF88B1F3
S214020218094BDA6912030DD5186C10F4003009D1AF
S2140202289B6C13F0100F4FF010030CBF034A044ADE
S214020238936408BD0220FCE7000002B8001002B86A
S214020248002002B8034610B500B3124AD169090362
S2140202581ED5546CC4F38114032C15D0022C17D166
S21402026822460D49B1F8D40001F10061801A01F561
S214020278357101441846FDF765FE064A0472926C0B
S214020288120A4272002010BD0822EAE72120FAE785
S2140202980220F8E7000002B8003E00B00A68064BE3
S2140202A812F0802F1CBF42F20101C3F82812C3F8CD
S2140202B88822C3F88C227047004001B8F0B585B092
S2140202C86C460E460B4B074615460FCB84E80F00C6
S2140202D8094BD3F84822009226B16B1EDBB2FD2BDF
S2140202E888BF32602A462146384617F022FF05B0F4
S2140202F8F0BD00BFA09504000080E00FF0B585B001
S2140203086E460D4B07460D460FCB86E80F0017F0D4
S21402031826FF314604460246384618F06CF84DB1B8
S21402032840B9FF2C1BBF04AB03EB8404009B54F8B4
S214020338103C2B6005B0F0BDA095040030B508232C
S214020348054685B080B9094AC2F8FC3351B96C46ED
S214020358074B0FCB84E80F00064B2A46214618683F
S214020368FFF7ACFF05B030BD034AEDE7001002B850
S214020378B095040018550020002002B84FF03A4302
S214020388D3F81421D2031ED54FF480320E49C1F891
S2140203981421A1F58051C1F818215A6DD1B2C2F3C1
S2140203A80722C3F8A410C3F8A4200422C3F8A42082
S2140203B80022C3F8A420C3F8A420C3F8A420C3F8D4
S2140203C8A420C3F8A4207047002000BAF0220B4BE2
S2140203D801219A64A022A3F580539A644FF03A4307
S2140203E8426CC3F8F410FC21C3F8CC10C3F8D02032
S2140203F84FF40052C3F8F020704700BF006000B800
S214020408F8B50D464FF03A44174606461CF0FBF977
S21402041801230421074A6363E76026616561C2F81F
S2140204281411054AC2F884311CF0E8F90DB102230A
S2140204386363F8BD002000BA00E100E02DE9F04150
S21402044805460124006800F00700063004FA00F3A7
S214020458A868EC685E1EA04262D000EA060E6C68C7
S21402046810441E430640A3EB0E000EEB040C824219
S214020478644618D9D31A0EEB030298B1431E052B0D
S21402048804D94B1CACEB0303022B59D80B46084481
S214020498ACEB010E03EB0E0113F8014B83420C7012
S2140204A8F8D101466C688AB1531E052B01F1010387
S2140204B802D9E01A022812D80A44611E00E0013363
S2140204C813F8010C934201F8010FF8D11CF09BF9BE
S2140204D80223AE60AB62BDE8F0411CF08FB90B4652
S2140204E8204622F0030E8E4453F804CB734540F898
S2140204F804CBF9D122F00303D01A920701EB030CBE
S21402050804EB0307E2D0CA5C0128E254DED09CF86A
S214020518013002287B70D9D09CF80230BB70D5E730
S214020528042A35D90878043AA86148780431A861BB
S21402053811F8020CA86111F8010CA861A8688CE7EA
S2140205480B4620F003070F44ACEB010E1C684EF86E
S21402055803400433BB42F9D120F0030310F0030F23
S21402056801EB030EA0EB03040CEB030728D011F8EB
S2140205780380012C0CF8038022D09EF80130022C4E
S2140205887B7018BF9EF80230084418BFBB7088E715
S214020598013A032A12D8DFE802F00F1507020B46C3
S2140205A813F8012B1946AA610A4612F8013BAB61F9
S2140205B8114611F8013BAB610B78AB61BDE8F081DF
S2140205C808446EE70A46F3E738B50B461546014671
S2140205D84FF03A4468B101221048C4F8F4201A468B
S2140205E8FFF72CFF25B14FF03A430422C3F8F42054
S2140205F838BD73B1D4F8D8209A4284BF0122C4F811
S214020608F4204FF03A42C2F8D4300223C2F8F4304B
S214020618E8E70123C4F8F430E4E700BFCC0000BAE8
S21402062838B504461CF0EFF84FF03A420121238F02
S214020638054651674BB3B3FA83F3C3F11903DBB22A
S214020648A069C2F8B410C2F88C300723C2F890002A
S214020658C2F8B0304FF4A02302F50052C2F81431A3
S214020668A2F58052C2F8183100220C4B1A600C4BC5
S2140206781B6C5B0209D54FF480020A4B04F1F800A2
S2140206881A64D4F8901001F01BFB00236387072333
S2140206982846A387BDE838401CF0B0B8845400202A
S2140206A8000002B8002002B82DE9F84305460C46B9
S2140206B8B1B1D0F81880078F1CF0A5F8B5F83AC083
S2140206C8791E01EA0C0323F00702032C0646DFF81C
S2140206D8F8E042445ED1DEF8004024B91CF08EF8F9
S2140206E80E20BDE8F88324F00104DEF8000020F0AE
S2140206F80100A04253D10023CEF80030238894424A
S2140207086FEA43436FEA534323803ED1AB8F08EB2D
S21402071807091846083880B202F108044C4528BF73
S2140207284446082804D9B4F800E0BEF5804F40D203
S21402073863440F431B1A3B409BB26B87A887947887
S21402074811884FF03A42C1F30C019165C2F898300D
S214020758C2F8B0004FF48022174B04F00704C3F81F
S21402076814210122154BC3F88421FFF707FE042C37
S2140207780BD14FF48002124B05F1F8001B6C114B9B
S2140207881A64D5F8901001F09BFA30461CF036F839
S2140207980020A6E7601E012898BF1446A5E7A88F82
S2140207A84344E31A48BFDB1908389842A6DC3046A9
S2140207B894E72246AEE700BF002000BA00E100E058
S2140207C8000002B8002002B884540020154B10B569
S2140207D819688A8F4B8F088F13440138073B8C6938
S2140207E8034023F007031C4402F108034FF03A4281
S2140207F89BB28B87C2F8B0304FF480220A4BC3F8FC
S21402080814210122094BC3F88421A07800F00700BE
S214020818042803D1064AD3681B03FCD4054B1C6084
S21402082810BD00BF18550020002000BA00E100E005
S214020838000002B88454002010B5064C216839B16D
S214020848CB0703D4044B1868FFF72EFF0023236058
S21402085810BD00BF84540020185500204FF4803283
S2140208680C4B0D49C3F818214FF03A43C1F814212E
S214020878D3F8AC10D3F88C20012302F00702063214
S2140208889340C1F30C01083B994201D8FFF776BDA5
S214020898704700BF002000BA001000BA2DE9F047E2
S2140208A880460C4616468769058F1BF0ACFFB8F8DB
S2140208B83A2005F1FF3C02EA0C0323F00701032C59
S2140208C882463944B8F83C0019D14A4C24689CB987
S2140208D80244073A02EA0C0222F00702BC183B441A
S2140208E8E31A48BF5B19834210DB50461BF086FFAB
S2140208F800242046BDE8F08724F00104EFE7012C27
S21402090802D0022CEBD108380C46E8E7002E3FD07E
S2140209188C4241D14FF03A42D2F858904FF03A41C1
S214020928D1F8AC20B8F81270C2F30C02934247DA38
S2140209382588B5F5804FD8D2A378C5F30C0503F001
S21402094807037A1EA5EB09053A43052B337005EA19
S21402095802052DD82DB2E84340F241420421C00FC9
S21402096803F058FC7580E3783374D8F81C207B1E95
S21402097803EA0903D118B160A9B213FA85F5AF42A2
S2140209882FBF0023FF1AB780F26024BFB180F3603E
S21402099850461BF033FFACE7A4F10802974284BF27
S2140209A8ED0802EBC502B2F80090C9F30C09B5E7E8
S2140209B8114B5B6D003B18BF0123A5EBC305C9E7C6
S2140209C84B6D7A1EA3EB09033A431A400B4915B23C
S2140209D8002DCB680BDCC3F30363D81E43424341A6
S2140209E8DB0033708B6C72801B0A3374BDE70823F6
S2140209F8F7E700BF84540020004000B8000002B8A1
S214020A08054BA822D3F84C013121431C0CBF012008
S214020A18C0F3807003F0FEBB0080E00F38B5134DBC
S214020A280446297819B920221148FDF7FBF861888F
S214020A38104A23785180002113700F4A022BC2F8FD
S214020A48CC104FF0FF010D4A0D4B11704FF0070105
S214020A580C4A4FF00000C2F8FC130CBF0422012215
S214020A68C3F8FC2301232B7038BD00BF3B6200206D
S214020A78E03F00B0A46B0020004001B81C6C0020C8
S214020A88001002B8002002B8034B1A6802609B885E
S214020A9883800020704700BFA46B002010B5044670
S214020AA800F03AFF064BD3F8F83724B983F400333C
S214020AB8C3F3404010BDA31E58425841FAE700BF90
S214020AC8000002B84FF63F720A4BD3F8FC3793423F
S214020AD806D0094AC3F301131370E022074B1A70B3
S214020AE841F66A02064B1B68B3FBF2F3054A13602B
S214020AF8704700BF000002B81D6C00201E6C002064
S214020B08A45400208854002020B1022804D1034BA4
S214020B1818787047024BFBE7002070471D6C0020D0
S214020B281E6C00202DE9F74FD0F8A4204C21022A8B
S214020B3838BF0222064690F824B16B48013A036A87
S214020B48D0F8CC506948C3F38213D9400368DFF85B
S214020B58C0A19342DFF8BC91654BDFF8BC8101F077
S214020B68010116D11C788C4213D19AF800405C45D4
S214020B780FD1D6F8A84064B1AC420AD196F82950EB
S214020B8899F80040A54204D1B8F8040003B0BDE8BD
S214020B98F08F98F80040026020461970FFF7B4FFFD
S214020BA8002900F0888004234FF07F400025514931
S214020BB8C1F8B830504BC3F8B80096F829301B066F
S214020BC8C1F8B8304FF080514A4B2C04C3F8B41021
S214020BD840F27121494B1B68B3FBF1F319215343C9
S214020BE8182BB3FBF1F173D8002C7BD0B4FA84F23D
S214020BF8C2F12002C2F10F03012B38BF0123D440F1
S214020C08A14201D2013B64086A1C03F01F0152008C
S214020C188A403B4F121B9208C7F8B0201A0242EAD3
S214020C2803121343019305EB052305EB0325354B06
S214020C3840F6970218682B21003818BF012003F0E7
S214020C48E9FAFA222F4B02FB04F01B6840F6FF7201
S214020C58B0FBF3F00A2358432B4B00F57A74C3F81B
S214020C68C420019AA3F58053C3F8C420A3F5805381
S214020C78C3F8CC50D3F8CC3000F58C50C7F8FC300B
S214020C88C6F8A850214D14302C6001F0ABFC4FF486
S214020C987A72C7F8A400C7F8F8002B68B4FBF2F01B
S214020CA8B3FBF2F3A8F8043096F829308AF800B0B5
S214020CB889F800306AE7002C14BF1025202596F81C
S214020CC82930834294BFED182D1805F0FF0579E701
S214020CD8B1FA81F234B1B4FA84F3D21A002A89DC62
S214020CE80F238DE70F238FE7004001B80C69002019
S214020CF83C620020001002B8002002B8A45400206B
S214020D08003F00B088540020006001B88C540020D0
S214020D181B6C00201A6C0020A46B002010B5114B27
S214020D2801461B78104C0C2B02D1FF20207010BDF8
S214020D38184617F06DFA02461846FFF7E5FE88428F
S214020D4828BF0846C0B2904238BF10462378C0B2C1
S214020D588342ECD0054B20701868FFF7E3FE207834
S214020D68E5E700BFA46B00201C6C00201855002085
S214020D7810B5044603F066F878B1154B1B786BB9C4
S214020D8864B1144B1B784BB1134B1B78013B012BF8
S214020D9804D84FF40042114BDA6410BD104BDB6CDA
S214020DA81B04FAD41BF02FFD044602F021F94FF477
S214020DB800420C4B2046BDE81040DA6402220A4B79
S214020DC8C3F87C240422054B1A641BF017BD00BF27
S214020DD83D6200203E62002090540020002002B8A7
S214020DE8000002B8001002B800D003500122024BDD
S214020DF800201A70FFF7BCBF3D6200200022024B9B
S214020E0801201A70FFF7B4BF3D6200204FF480221B
S214020E18014B9A64704700BF005000B8F7B5064603
S214020E28544C00F079FD01213A20EBF70BFA524BAD
S214020E382578524F1E7085BB2846FFF799FF237800
S214020E48013B012B19D8E37B01A88DF80430237CDB
S214020E588DF80530E9F7FCF9C7F87C544FF6FF72AF
S214020E68474BC3F88420F822A3F58053C3F884209E
S214020E780022424BC3F87C240DE04FF6FF72404B2B
S214020E88C7F87C54C3F88420F822A3F58053C3F825
S214020E988420C7F87C543B4B5BE00020FFF768FFD2
S214020EA82378013B012B08D8E37B01A88DF8043090
S214020EB8237C8DF80530E9F7CBF90023C7F87C3494
S214020EC8002ECBD062685AB32F4B1B6803EB520333
S214020ED8B3FBF2F3013B1B0243F0F80326782849DA
S214020EE8022E2A4A1ED0032E4FF6FF75234826D016
S214020EF8012E38D143F00203C1F88450C2F8843078
S214020F080723C0F87C34E37B01A88DF80430237CE1
S214020F188DF80530E9F770F90120FFF729FF17E089
S214020F28F823DBE74FF6FF7043F00103C1F88400AD
S214020F38C2F884300622114BC3F87C24E3E743F058
S214020F480503C1F88450C2F884300423C0F87C3400
S214020F580F4B4FF080420020DA644FF480220B4B8E
S214020F689A6403B0F0BDC1F88450C2F884300023F6
S214020F78ECE700BF905400203E62002000C00350F9
S214020F88006000B8002002B8A4540020005000B840
S214020F98001002B8F0B52B4F06463D4604460FCE63
S214020FA80FC5336885B02B6000F0B6FC01213A20E5
S214020FB8EBF748F90022244BC3F87C24A17A627A1C
S214020FC842EA0142C3F88824217CE27B42EA0142D3
S214020FD8C3F88424217B627B41EA0240C3F880047A
S214020FE83B78032B2AD8DFE803F022020C178DF889
S214020FF8041004218DF805200DEB01000022E9F704
S214021008C7F8E37B00228DF80830237C042102A867
S2140210188DF80930E9F7BCF8637A01228DF80C30AE
S214021028A37A042103A88DF80D30E9F7B1F8074B27
S214021038187805B0BDE8F040FFF7F0BE212005B0ED
S214021048F0BD00BF9054002000C003503E6200204E
S214021058034BDB6C002BBCBF024BC3F888007047FF
S214021068000002B8004000B82DE9F04700F0AEFCD8
S2140210784FF47A762D4BB0FBF6F618604FF4FA73F7
S214021088734307462A48190E1B021818294A4FF0B6
S214021098000341F10001FCF759FA274BA0F58072CC
S2140210A805461A6320B948222B2103F0B3F8012516
S2140210B84FF47A724FF0000A6A43534650083102D8
S2140210C8FCF744FA1C4B1D4AB7F57A7F9A601C4B0C
S2140210D84FEA056819601B4B8946044618604FEAB2
S2140210E8152505D29B222B21504603F093F801269C
S2140210F84FF47A73A8FB030103FB05117308C018A3
S21402110841F1000100233246FCF720FA0E4B023466
S21402111819600E4B49F10009A408186044EA89745C
S214021128054B013C9C63BDE8F08700BFA454002031
S21402113820A1070040420F0000C001B802110100BA
S214021148B4540020B0540020AC540020A854002008
S2140211581022044BC3F884215A600122024BDA603B
S214021168704700BF00E100E000C001B81022064B3D
S214021178C3F88421C3F88420BFF34F8FBFF36F8F61
S2140211880422024BDA60704700E100E000C001B8B2
S21402119810B50446A242A2EB0000A3EB010104D25A
S2140211A8034B01399B6B0133184401F0030110BD50
S2140211B800C001B838B501250A4B02019D504FF40C
S2140211C880730446084A834053661BF01CFB074A92
S2140211D8A540137823EA05031370BDE838401BF0D0
S2140211E80DBB00BF00E101B800E001B8476200206D
S2140211F82DE9F84F164605468A461F461BF003FB9E
S214021208022E00F0918080461BF00AFB5A4B5B4A7E
S214021218D3F8209092F891405A6EE4B2520744BF2F
S214021228D3F82090013404F003041BF0F4FA48467D
S214021238214600F02FFA8446DAF80000012E04BF91
S21402124801306044ACEB000C08BFCAF80000BCF1E1
S214021258804F7DD300F030FA8145A1EB040188BFA8
S214021268454BDFF838C188BF01F1FF3101F00301B1
S21402127888BF9B6BA0EB090E0CF80510A1B1F90705
S21402128842BF41F61F723E4B5A67BA0742BF3C4BF3
S2140212983C4A5A677B0742BF0022374B9A673C078D
S2140212A842BF0022344B9A6511244FF0010A324B92
S2140212B805F11002120103EB051BCBF80C013249AB
S2140212C89C501A6A0AFA05F4586E0B78A2EB0902C1
S2140212D8E4B2234372450B7025D34FF48073AB40B8
S2140212E8034220D11CF80520002A40D10EB3274A13
S2140212F8F807536607D541F61F7140F20110204BD6
S214021308596750675967B90706D51D4B1D4A1F49C5
S2140213181F485A6748675A677A0742BF01221D4B19
S2140213281A613B071AD440461BF068FA0120BDE84A
S214021338F88F194A2D0142F805A042F89C3C1BF08A
S21402134862FA11490B7823EA04030B701BF056FA6B
S21402135840461BF053FA0020BDE8F88F2120FFF71D
S21402136877FE4FF48032044B4046DA60DCE7074AE1
S21402137840465366D8E700BF00C001B8003E00B03A
S21402138800E001B800001F1F4762002000D001B825
S21402139800000101000002B800E101B83F62002027
S2140213A8024B1878003818BF0120704747620020A1
S2140213B8034B10300001185800F00100704700BFB8
S2140213C800C001B870B50646FEF704FE044608B12A
S2140213D8FFF7CCFE00230A4D3046AB61EB612B6269
S2140213E800F06AF9074BC9B283F8911028622CB14B
S2140213F8FFF7AEFE4FF08062034B1A64002070BD02
S21402140800C001B8003E00B0002002B82DE9F04145
S2140214189DF818800D46B8F1000F08BF0022214E2D
S214021428B5F5803FB168074621F4700141F4A00182
S214021438B1609DF820409DF81C104FEA042444EA47
S214021448016444EA031444EA084444EA02044FF0F6
S214021458180140F2E9222CBF00200120746502F030
S214021468D9FE3564B8F1000F1AD00F4BBC68D3F812
S21402147888306D2C38BF6D245B0606D500F082FBDB
S21402148818B10A4BB3FBF0F31C44204600F014F9DB
S2140214980130854238BF0022024B34BF5A64586472
S2140214A8BDE8F08100C001B800C000B800093D00E0
S2140214B838B51A4B5D6C35BB10242020FFF7C8FDE3
S2140214C8174B9C6002F04EFB2022164BC3F8842171
S2140214D801F0D2FC48B12A4600200821FEF7D4F9CA
S2140214E8114B5C66A3F580531C67104AD36803F059
S2140214F87063B3F1807FF9D9084B0D4A5A6741F2F7
S21402150801429A6738BD01F0B7FC0028F4D0094BAF
S214021518054A5366A2F580521367EDE700C001B884
S214021528001002B800E100E000E001B8000002B8CE
S214021538011B01181000002008B52120FFF788FDBE
S2140215484FF48032014BDA6008BD00BF00C001B814
S214021558F8B5184D04466B6A1B0426D500F086FBC0
S2140215686B6AA0FB044613F0787F4FEA9367C3F3CF
S2140215784450C3F3044505D140F25A422B2102F0E7
S21402158849FE0120AD01B5FBF0F010EB871005D13E
S21402159840F25F422B2102F03DFE01200246002364
S2140215A820463146FBF7D2FFF8BD00F0EBFAA0FB67
S2140215B80401F9E700C000B80246012030B50B4C1A
S2140215C8A0F12003C0F1200524FA05F504FA03F376
S2140215D82B4304FA00F595428B4100D330BD0F2801
S2140215E801D00130ECE7FF20F8E700BF40420F00C9
S2140215F810B50C46FFF7ACFFC30943EA4163C01AAD
S21402160861EBD111FFF7D8FFFF2814D00F220C4B3D
S21402161840F01000C3F88820A3F58053C3F888006A
S214021628A3F580535B6ADBB2802B06D02046BDE862
S214021638104000F007BB212010BD0220FCE700BFC7
S21402164800E000B838B51BF0EBF8084B084A1D6AEC
S21402165892F891405A6EE4B2520744BF1D6A0134AA
S2140216681BF0D9F8284604F0030138BD00C001B8BB
S214021678003E00B00346064A103302EB00111B0177
S214021688D1F80C01D158C1F3400116F0DFBD00BFF6
S21402169800C001B8064B1B68434303EB8171054B38
S2140216A81B68A3FB003013F1004341EB00007047B0
S2140216B8AC540020A85400200C4A20F040430146AF
S2140216C810B5002014684FF00042E4FB0320084AD5
S2140216D8890F126802FB0300064B9B6B984204D9DB
S2140216E801330131C01A01F0030110BDB0540020C5
S2140216F8B454002000C001B8044B01F0F071103059
S21402170841F0030100011950704700BF00C001B83C
S21402171808B52220FFF79CFC4FF48022014BDA60C2
S21402172808BD00BF00C001B870B51646054600B32E
S214021738F9B1F2B14268104B006803321B6892088E
S21402174800F130409847044688B9EA68A868033228
S2140217583146920800F1304016F091FD044630B941
S214021768D5E90402214600F13040FCF75BFA204630
S21402177870BD2124FBE700BF1469002070B50C6811
S214021788651C15D0C4F302669E42C4F3074530D1E1
S214021798A4B294422DD804EB8506B24229D2141B71
S2140217A8A50824F003040E59340F04D0012C08D0DF
S2140217B80022212402E06B1C51F82320C0E90024F1
S2140217C870BD0E4C34F8133042EA03431A686B1C99
S2140217D851F8234001EB83014B6822405E4036F005
S2140217E8704404D11B0F032B04BF8B681A430024D2
S2140217F8E4E7013501EB8501C1E700BFC89504009F
S21402180807B501A8EBF71AFD9DF80530022B02BFB3
S21402181840220B4BC3F8FC23C8220A4B5A650A4BD4
S2140218280A4AD3F86032DBB2FF2B08BF03239B00B9
S21402183843F47F53C2F8F83303B05DF804FB00BFE5
S214021848001002B8008001B80080E00F000002B85D
S214021858836810B4074C03F1304324681B689C4223
S21402186803D15DF8044BFFF75FBF00205DF8044B19
S214021878704700BF286900200022012108B51E4BC8
S2140218881A645A649A641D4A516102219162DA689E
S214021898C2F303620D2A01D0002AF8D11122184990
S2140218A89A631848184AFFF73FFF00F0E9FF174AFD
S2140218B893685BB9164A93689BB94FF080620F4BE0
S2140218C85A61012203F580535A6108BD1149D2684C
S2140218D8096803F13043032AECD943F8041B043A97
S2140218E8F9E70C49D268096803F13043032AE4D9B8
S2140218F843F8041B043AF9E7000002B8001002B8DD
S214021908349B04001C9604003896040004960400CF
S214021918EC95040028690020012341F6FF710D4A60
S214021928C2F8803291660C4A53600C4A53600C4ADD
S2140219385360A2F580425360A2F54042536002F516
S214021948C032536002F580425360A2F500425360EB
S214021958704700BF0090005000D000B8001000BAD0
S214021968005001B838B50324FFF7D6FF114A124BC8
S214021978124DDA64FFF744FF114BC3F8E040012327
S214021988EB6400F0DBFD4FF460736B614FF4007399
S214021998EB6416F0E4FB0021FEF7D0FC8022094B2C
S2140219A81C64A3F580535C64074BC3F884215A6011
S2140219B838BD00BF0048F000000002B8001002B8A8
S2140219C8005001B800A002B800E100E008B519F01E
S2140219D859F8044B1B6FC3F300430133B0FBF3F013
S2140219E808BD00BF0080005070B5044698B1B1B17A
S2140219F83A4A52F8043B834213D10023384A116C00
S214021A08C907FCD4374800EB830016F041FC364B76
S214021A18106001221A6470BD01330C2B02D1334DBB
S214021A282CE0012352F8041BA142F5D1304A32F8C1
S214021A381330E3E7C2F3016335F81300110C93B2CF
S214021A4811F0FE0F43EA0043606820D00434CAB29D
S214021A58022A216808D9D4E90160033AC3E90016C4
S214021A6898600C340C33F3E704D16268C3E90012B9
S214021A78083403E0012A01D1043419602268531C91
S214021A88D8D10022164B1A6003F58053C1E7120F0D
S214021A98072AEDD8DFE802F00704090D1013181D0F
S214021AA8C04303F500531860E2E71A6842401A601A
S214021AB8DEE703F58053F6E716F0BDFBD8E701220A
S214021AC803F580538240F2E7012203F50053824071
S214021AD8EDE71A6830EA0202FBD1C9E7B8540020DB
S214021AE800C002B8404000B000D002B8C895040052
S214021AF80A5B00200122014BDA647047001002B824
S214021B080122014BDA647047002002B84022014BDA
S214021B18DA647047002002B84022014BDA64704744
S214021B28001002B80B4B1B68D3F8E43023B11A68CE
S214021B38022A01D9186A7047074B9A6D90B238B1D3
S214021B48064BC2F307421B68DB085343B3FBF0F0AD
S214021B58704700BF18550020004001B8A454002062
S214021B68064BDB68C3F30363984206D1044A936EB6
S214021B7823F0F00343EA011191667047000002B8A9
S214021B88003F00B0054B1B68D3F8E43013B11A685F
S214021B980A2A01D8FFF7C6BF186C704718550020E6
S214021BA82DE9F743064616F03FFB00248046DFF889
S214021BB890901AF028FE0DF1070105460DF1060071
S214021BC8FEF79CFA9DF806308BB9721C29D016F0DF
S214021BD82BFBA0EB080428461AF010FE9DF80630E8
S214021BE813B99DF807303BB3A642E2D824E0D9F8E9
S214021BF80C3013F4603FE8D0D9F8180016F09BFBB7
S214021C08731C074603D016F00FFBA0EB0804284601
S214021C181AF0F4FD17F5007FE0D0384603B0BDE8A9
S214021C28F08328461AF0EAFD9DF80630002BC0D14C
S214021C389DF80730002BBCD1004FEEE700FEFFFFF1
S214021C4800C000B810F1800F04D04D28CEBF7F2008
S214021C58323040B2FF22044BC0B25A62A3F5805318
S214021C6858620020704700BF00E000B80B4A10B563
S214021C78136E0B4C116E03F00703E35CC1F3CD0140
S214021C8801FB0333126E0748C2F3454202FB0333D5
S214021C9800688001B0FBF3F010BD00BF004001B839
S214021CA8C0950400A4540020044BD3F8AC3010B1FD
S214021CB8C3F30332027003F00F007047000002B845
S214021CC8094B01F080011B6C03F480030B4309D116
S214021CD84FF40012054B1A62837F1BB10122044B94
S214021CE8C3F80021704700BF000002B8006001B8C0
S214021CF8005001B82DE9F04F404F804685B038684D
S214021D080C4615F0AEFF20B90024204605B0BDE803
S214021D18F08F224600214046FBF784FF384B5D6968
S214021D2815F00105F0D102F019F906460028EBD0A5
S214021D383F68384616F016FC4FF6FF73984234D0C2
S214021D484FF060512F4E304B304AD3F82090D6F8D9
S214021D588C3011624FF00061A2F580521162242283
S214021D680421C6F88C202A4A4FF4804B91604FF41F
S214021D7880520027DFF8A4A0CAF868B0F262A74229
S214021D881ED30421234A9160A2F5F032C2F88C30A1
S214021D984FF060521D4B1A6209EA02031E4A13628A
S214021DA84FF480421D4B9A66AFE73146384616F026
S214021DB87DFB0146384602F0FFF90028C0D0A3E7AB
S214021DC8B26E5104FCD5B268D205F9D5CAF868B025
S214021DD8D6F890200135012D0392D0D9E21B042AA9
S214021DE8A8BF042208EB070003A901930092FCF798
S214021DF8A9F8009A019B3A4497B2C0E71855002002
S214021E08000002B8004000B8004001B8006001B8FF
S214021E18001002B8002002B8005001B8006000B8EE
S214021E284FF604014FF60502044B01201B6C9BB2C9
S214021E388B4208BF1346024A136670470080E00FBB
S214021E4800C001B82DE9F74F81460F464FF0FF351F
S214021E58FFF7F8FB002601908A462C463046DFF844
S214021E68D8B006F110031B015BF8033003F0030831
S214021E78B8F1010F15D13046FFF7FCFB02460B46B8
S214021E8801985146FFF784F9DBF8643006F1080238
S214021E98D340DB0739D5002F40D000252C463E60BC
S214021EA840460136082EDCD160B3234A0027D2F812
S214021EB808C0916B0CF440330131A4FB014164194C
S214021EC841F10001B3F5003F30D1536B0CF4405C8E
S214021ED8013347F10006BCF5805F22D1156B15F574
S214021EE8807505FB06F647F1000203FB0266A5FBB2
S214021EF803323244594304FB0212A3FB043414444B
S214021F08C9E9003403B0BDE8F08FA84271EB0403B8
S214021F18C6D207B13E6005460C46C1E73D463C467A
S214021F28BEE7320242EA13621B02E3E7136B13F5BB
S214021F38807347F10002DDE700C001B808B516F065
S214021F480EFA0122054B93F88D3002335B00DBB2A2
S214021F5802FA03F3024A536108BD00BF003E00B00E
S214021F68002000B82DE9F34105460F46684611469B
S214021F78FFF768FF0646B0B1AFB1DDE900321B0ACB
S214021F8843EA0263A5FB0384094B120A05FB0244D3
S214021F981A6812B9FFF71AFD024600234046214680
S214021FA8FBF7D4FA3860304602B0BDE8F08100BFCD
S214021FB8A45400204FF00052014B1A60704700BF2D
S214021FC800E100E04FF00052034BC3F88020BFF355
S214021FD84F8FBFF36F8F704700E100E0F8B50B46EE
S214021FE8002213F8044B944225D91D68854224D151
S214021FF806245A791D79124B88181E6804FB0503B5
S214022008104F33F8063C7B43B3420ED900238A5A54
S2140220187A43964202D804FB0300F8BD9D42FAD9D9
S214022028013304FB03F2825AF2E740F244423D21AE
S214022038002002F0EFF80020EFE708330132D2E77B
S214022048E854002040420F0000202DE9F84FA2FB7A
S214022058018BC74EC74F18EB060699466BF100036D
S214022068B74270EB030307D240F23E220E2102F07B
S214022078D1F80220BDE8F88FD9F814A00C46154608
S214022088BAF1000F04D0DAF80030032B00F21B81F5
S214022098B94BBA4A9F6BA3F58043D3F8EC30C7F323
S2140220A814075E00B64B48BF47F400171B6ED2F8FB
S2140220B8FCA058074EBF4FF440039B0503F0E0739D
S2140220C81F43B04BD3F8E430990748BF47F08077F0
S2140220D847EA456718F00AFD012D0646C9D10028C9
S2140220E8C7D0A94B984200F0FD8003F5122303F5EA
S2140220F8F863984200F05A81A44B984200F0A781F0
S214022108002502462B4600204FF00071FBF71EFA08
S2140221182B46013008FB03F3C7F3130100FB0B330E
S214022128A1FB0662A8FB008001FB052203442033BC
S2140221389B09C9F80030F60C954B46EA4236FA0275
S2140221481C6058BF7642934B934D34441E602C60F5
S214022158BAF1000F00F00881FB014FF000038F4927
S214022168C7F381528A5C194648BF6408002EB8BF76
S214022178764292066008C2FB06012246FBF7E6F99B
S214022188DAF800100E2908D97D4B7B4A926BDE6975
S214022198D3F80C31F60600F12881C0F3130017F4C1
S2140221A80017C9F8040014BFC42040F207107C4A7E
S2140221B8DAF81860A2FB04C24FEA521200FB02F2D7
S2140221C84FF4FA73B2FBF6F218BF002702FB03F3CA
S2140221D8A4FB00C0FA33A3FB063604FB07006345DC
S2140221E8864138BF0132D2B242F4006CC9F808C040
S2140221F8002A00F0BB80DAF81C70A2FB070624B19E
S214022208B4FA84F30E2B40F3D880E303002E40F092
S214022218D180B3FBF0F6700000FB0220A0FB078318
S2140222284FEA044EC6454FEA144474EB030309D337
S21402223852001044A7FB0083C64574EB030306F15D
S2140222480106F6D2C6F30E034CEA033C4CF00063D2
S2140222580629C9F8083049D9DAF83030002B45D0B3
S2140222680023C9F80C30C9F8103018F03FFCDAF829
S2140222783010FFF7B3FE044618B18378002B40F0FF
S214022288CC8018F0F9FBDAF83010FFF7A7FE044600
S214022298002869D08378002B66D040794FF4AE6266
S2140222A8003818BF01203D2101F0B4FF207940F222
S2140222B8715200384FF03D0118BF012001F0AAFF05
S2140222C8237962794BE0042BDAF828707FF402AFA0
S2140222D8FB014CBF4FF4400307F0E07327F0E077AA
S2140222E81F43F7E600232F481D4613E718F0FEFBA8
S2140222F82C68002C00F0AF80B4FA84F3D3F1020302
S21402230858BFDC40284B9C4288BF6408002875D01A
S214022318B4FBF0F3642100FB134201FB02F2904285
S21402232803F1FF3200F2A6805D085308013D1B0246
S21402233843EA0515C9F80C5018F0A4FB002800F06B
S2140223489080B4FBF0F2642100FB124401FB04F413
S214022358A04200F28D80531E52085B08013A1B0207
S21402236843EA0213C9F81030002083E6212081E6EA
S214022378006CCA88807C814A008001B8004F00B091
S214022388004001B8000002B800F04902005A620292
S214022398F0540020EC540020E8540020D4950400A1
S2140223A8D34D62100A3BB2DF3FBE402500233548B4
S2140223B81D46AFE61046002630E7C3F10F0E03F1BE
S2140223C8110806FA08F820FA0EF040EA0800AEF1FC
S2140223D8200826FA08F840EA080026FA0EFE013017
S2140223E804FA03F34EF1000610E702F4801203F42F
S2140223F800131A4308BFC0F58010CEE6631EA51E5A
S2140224085B086D08013B2D0245EA031540F2C242FD
S2140224182B21002001F0FEFE8CE7407940F255524F
S214022428003818BF01203D2101F0F4FE207940F261
S2140224385652003818BF01203D2101F0EBFE2379E1
S21402244862791B0243EA0213C9F80C3019E7002323
S2140224580D481D465EE66FF01F0500287FF46AAF3A
S214022468D4E740F2E5422B2101F0D4FE621E72E761
S2140224781446FBE79D1E6D085308013B2D0245EAEC
S214022488031557E7313641DCD694BFD610B5044655
S21402249886B059B9214B4168D3F8FC30827A204875
S2140224A8059300686B46FFF7CFFD69461D4B0A6821
S2140224B85A631A4BD3F8FC3033B34B6843B11A4B02
S2140224C81A4AC3F80C214A68A3F58053C3F80C21AC
S2140224D88B6843B1144B164AC3F8EC208A68A3F5F6
S2140224E88053C3F8EC20134AC868D2F8743123F430
S2140224F8EE630343C2F87431D2F86C31096923F4E7
S214022508EE630B43C2F86C31002022890A4B9A62AA
S21402251803F5A033186406B010BD00BF004F00B024
S21402252818550020008001B8006001B8FFFF0F00B0
S214022538FFF8FF0F000002B8004000B8064B9A6E7C
S214022548920607D55B6E002B4FF48043B4BF034A4E
S214022558034AD3640020704700800050002002B867
S214022568001002B8064B1A6C9207FCD4022240EA04
S21402257801205860034B1A640122034B1A707047F5
S21402258800C002B800D002B84862002040B1036812
S214022598012B05D90069034B002808BF1846704767
S2140225A800487047DC95040010B590B10468012C09
S2140225B80FD902696AB11168094B102C1960516863
S2140225C85960916888BFD268996094BFD960DA600A
S2140225D810BD102200210248FBF724FBF8E700BFD3
S2140225E8F8540020084BC1171A68A2FB000302FB26
S2140225F8013310F1807043F10003400E40EAC31025
S214022608803820EAE0707047085500200722194BE8
S21402261870B5DA63184B194A1D68194BEC08E005C1
S214022628C0184FEA153141F100010023FAF78EFF70
S214022638144B154E18601548FFF7D4FF4042C6F8EB
S214022648DC0049F65800FFF7CDFFC6F8A800104888
S214022658FFF732F8024660B1E301500818184FEA4D
S21402266815714FF0000341F10001FAF76FFFC6F843
S214022678B40070BD000002B8A454002065CD1D0049
S214022688B2E60E0008550020003F00B070110100A7
S21402269840420F0010B5044698B10B4BD3F8FC0025
S2140226A8FFF782FF4FF47A7303FB04F0074BA0F59B
S2140226B87A60DA689B681044C01ABDE81040FFF7D3
S2140226C891BF49F64040F8E7004F00B0F8540020A2
S2140226D82DE9F8430546084614461E46FFF764FFEA
S2140226E805B306F0020716F004061DD1D7B14FF45B
S2140226F87A706B685843002B40F08C80FFF772FFA5
S21402270820636B69002B00F08C804A4AD0684FF42D
S2140227187A7202FB0300A0F5FA50FFF763FFE06245
S214022728002E58D1BDE8F8832869002869D04FF4EE
S2140227387A7358433F4BA0F57A609B68C01AFFF736
S21402274851FFA062A88B00285ED04FF47A735843D4
S214022758384BA0F57A609B68C01AFFF743FFE06122
S214022768354BE968D3F80080002950D04FF47A73C5
S2140227785943304BA1F57A619A685B68891AC91A77
S2140227882E4BC8171A68DFF8BC90A2FB011302FB8F
S214022798003311F1807143F10003490E41EAC31177
S2140227A88039274B2162D3F8C4306362D9F80030E7
S2140227B853B1404615F079FC30B12246D9F80030BC
S2140227C81C49D8F8D80098470021A869FFF762FF85
S2140227D86063002F8BD1A86830BB47F23050FFF7F2
S2140227E801FF60614FF47A702B6858432BB1114B86
S2140227F81B6803F51C5310331844FFF7F3FEA06159
S21402280890E749F640409AE749F64040A5E749F678
S2140228184041B5E7074B1B6803F51C5310331844B1
S2140228286CE747F2305078E74FF47A735843A0F5CE
S214022838FA50D4E7F854002018550020085500200E
S214022848003F00B0F454002038B5054608461C463A
S21402285815F00DFD0246D5F8E400FFF797FE43682B
S214022868A018002B044AA8BF4FF4FA721A44034B66
S21402287892FBF3F2104438BD0CFEFFFF18FCFFFF74
S21402288870B588B06D46124C0FCC0FC594E80F0091
S21402289885E80F00D82200210E48FBF7C3F9AC22C0
S2140228A800210D48FBF7BEF9202200210B48FBF752
S2140228B8B9F915F004FF0A4B1B783BB16D46044E76
S2140228C80FCD0FC695E80F0084E80F0008B070BD5C
S2140228D8E03F00B07C3E00B0543F00B0E04F00B08E
S2140228E83B62002008B519F08EFF0E4B1A78A2B983
S2140228F80D4A126812F4843F0FD10C4A1021D16493
S2140229081B7863B9084B1B68DB0508D4074B2022E3
S214022918DA64BDE8084019F071BF054AEEE7044BD1
S214022928F5E700BF4E62002000140020002002B81F
S214022938001002B80A4B197801F0FF0229B10021EB
S214022948197008499202C1F80421597801F0FF0269
S21402295829B1002159709302024AC2F80831704719
S21402296849620020005000B8064BD3F8F00E064B1A
S2140229785B6C1A0103D4054B9B6E1B0401D500F54C
S21402298880707047003000B0000002B8004000B8FF
S21402299810B519F038FF0E2104460320FFF7E0F8B9
S2140229A840F20122034B2046BDE81040DA6219F0D5
S2140229B825BF00BF004000B838B519F024FF4FF015
S2140229C80043244C0546C4F88030BFF34F8FBFF34C
S2140229D86F8F0123C4F88430BFF34F8FBFF36F8F16
S2140229E80223C4F88430BFF34F8FBFF36F8F0423DC
S2140229F8C4F88430BFF34F8FBFF36F8F0823C4F831
S214022A088430BFF34F8FBFF36F8FFFF7DBFA1023C5
S214022A18C4F88430BFF34F8FBFF36F8F2023C4F8F8
S214022A288430BFF34F8FBFF36F8F4023C4F88430D0
S214022A38BFF34F8FBFF36F8F4FF48063C4F88430B1
S214022A48BFF34F8FBFF36F8F2846BDE8384019F0A3
S214022A58D5BE00BF00E100E038B519F0D4FE054641
S214022A684FF000430A4C236001236360042363602B
S214022A7808236360FFF79EFA1023636020236360CF
S214022A88402363602846BDE8384019F0B7BE00BF49
S214022A9800E100E0012370B5074C2370074B1E685F
S214022AA8074B3240D3E9005319402840FCF7ECFEA6
S214022AB80023237070BD00BF4C6200201055002012
S214022AC8001400200022044B1A70044B197811B126
S214022AD81A70FFF707BF70474D6200204E6200204B
S214022AE82DE9F047DDF820A003EA0108099B06460F
S214022AF80D4602EA000703EA0A09BAF1000F40F097
S214022B085281031F0B4300F01281052871F100035E
S214022B1880F0E88050EA010300F07881431E0B43F8
S214022B2800F02881FFF748FFB94AD2E9004323EAB2
S214022B38050324EA06043C4343EA0807B54BC2E900
S214022B4800471E6826EA0A0646EA09061E60FFF7D6
S214022B58C9FE14F02A4F14BF48F202034FF400438A
S214022B68AD4AB007D26EAD4848BF43F4005383EA75
S214022B78020122EA0302C266A94A0B408166D366AC
S214022B88C4F380421203210348BF42F48072E3066C
S214022B9848BF42F40052A34BA50648BF42F400724F
S214022BA86006D3F80C3248BF42F48062210648BF5A
S214022BB842F400629C4882EA030123EA0203C0F850
S214022BC80C329A4B0A4017F4007FC0F80812C3F872
S214022BD80C22974B07F4007200F0048101224FF48E
S214022BE8802583F88820E30448BF45F48035A0038F
S214022BF848BF45F48015A10748BF45F4001514F4EC
S214022C08001FDFF8688206D0D8F8000015F055FDD8
S214022C1808B945F40025E20248BF45F40035FB062C
S214022C28844B48BF45F480051A6A834985EA02033D
S214022C3823F001031A400A621D40CB617F4B16F04F
S214022C48010F1D627E4B7F4A18BF1A467E4B7D07D0
S214022C581B6F48BF42F000627C4882EA030123EAFF
S214022C68020303677A4B0A4041661A67794A04F0F8
S214022C780103926CA0F5803083EA020122EA03027D
S214022C888264754A0B4041649364D8F80020200297
S214022C9848BF724B92F8F62058BF714B610748BF7F
S214022CA843F4806322B114F4C06F18BF43F48073F0
S214022CB832074FF03A42BDE8F047D2F8181148BF3B
S214022CC843F0004383EA010222F4A0226548114039
S214022CD8C0F818111340C0F81421634AC2F8183114
S214022CE8FFF7BABEA0F580630B4306D020F48063D4
S214022CF8A3F500730B437FF415AF19F084FD44491E
S214022D08D1E9003223EA060322EA050242EA080269
S214022D183B43C1E90032554A126892F8F610514A06
S214022D2809B313F4C06F1ED04FF4807311E019F084
S214022D386AFD374AD2E9003123F004033B4341EAED
S214022D48080157EA0807C2E900314FF48063454A8A
S214022D580BD0C2F81431A2F58052C2F81831BDE879
S214022D68F04719F04BBD4FF48073C2F81831C2F819
S214022D781431F4E719F047FD254AD2E9003123F069
S214022D8801033B4341EA0801C2E900310123384AFC
S214022D9857EA08071BBF5364A2F5805293649364EC
S214022DA808BF5364DBE750EA01037FF4BBAEBAF10F
S214022DB8010F7FF4B7AE19F026FD164A136823F002
S214022DC8010343EA090313604FF480631F4AB9F10B
S214022DD8000F04D05366A2F580521367BFE7136745
S214022DE85366BCE793F8881071B183F88820214BA4
S214022DF8D3F8A41003F50053C3F8A410C3F8A01020
S214022E084FF05023C3F8A4200025ECE6BDE8F0876F
S214022E180014002010550020004000B8006000B8DA
S214022E28005000B8004001B8006001B8005001B870
S214022E38003F00B0000002B8002002B8001002B836
S214022E48041C00030418000300C001B800E001B81F
S214022E5800D001B800C000B800D000B80D0A0A09B0
S214022E68090A0A09002000BA001000BA18550020FC
S214022E7800E000B800400050024B5868C0F3C0009B
S214022E88704700BF00140020024B186800F00100CB
S214022E98704700BF00140020024B5868C0F3C030C9
S214022EA8704700BF0014002010B50446FEF75AFD0E
S214022EB8FFF782FD2046FDF789FAFEF7DDFCFEF7EE
S214022EC8D3F8FEF745F9FFF7A1FB13490723134A80
S214022ED8D1F8FC1004F1F800FFF7FAFB4FF0807106
S214022EE80020FEF709FC4FF000720D4B4FF400115C
S214022EF80120C3F80021FEF7FFFBFEF791FF20B979
S214022F0840F29232142101F085F915F031FABDE843
S214022F1810400120FDF782BF004F00B0A43F00B06A
S214022F2800D001B88023074A1364082340B113640B
S214022F38054AD2F8C83E23F02003C2F8C83E7047B6
S214022F48024AF4E7001002B8003000B0002002B8C7
S214022F5810B519F058FC012104460020FFF7E2FFDD
S214022F68044B1961044B5B6898472046BDE810403D
S214022F7819F044BC000002B8FC680020F8B5194CE9
S214022F880546207840F2E442B0FA80F03E21400935
S214022F9801F040F955B9607840F2E442BDE8F840DD
S214022FA8B0FA80F03E21400901F034B94FF4406689
S214022FB80D4F0E4DD7F8043140F2E442C3F3812395
S214022FC82370C5F8046160783E21B0FA80F04009A3
S214022FD801F020F9D7F80831C3F381236370C5F8E6
S214022FE80861F8BD49620020004000B8006000B8D9
S214022FF8F8B5084C084D236C0423084F2B64236C41
S2140230085B0300D4F8BD042602203E6415F013F9CB
S2140230182E64F4E7000002B8001002B8002002B8D6
S214023028A82238B51A4B1D6C03F500531A641022F1
S2140230389A60A3F5804302F100521A675A66FFF7B0
S21402304879FC144B1B7813B90320FEF7B3F8002457
S214023058114B9C67FFF7CCFF104A114BD2F8F01EB3
S2140230680B40C2F8F03E04220E4B1A640E4BAA0618
S214023078C3F8D04008D503F580739B6FB3F5817FFC
S21402308822BF8022024B1A61BDE83840FCF7B8BD61
S214023098000002B84B62002000C001B8003000B041
S2140230A8DF0000FF002002B8003E00B010B551B99C
S2140230B820B3154BDB681B0E13F00E0F1ED1134BF5
S2140230C81B6CD9071AD4FFF763FC0F4C0020FEF7D7
S2140230D8EBFD032801D0092805D1A36ADA07F5D43F
S2140230E8636CDB03F2D4FFF783FF0122084B5A61B5
S2140230F802229A62042203F580531A644FF4C062CD
S214023108044BDA6210BD00BF000002B800C002B865
S214023118001002B8006001B808B503210920FEF7BE
S2140231281FFD2022014B1A6108BD00BF000002B82D
S2140231380D4A10B5D2F8A030D2F8A4100B40B3F15D
S214023148804F0CD34FF040400849094CC1F8A40000
S214023158D467C1F8A0004FF48021064AD161034A19
S214023168C2F8A03010BD00BF0040005000600050FA
S2140231780000FF01001002B838B5054619F043FBF7
S2140231880E4B04461868FDF74BFA35B1FFF79AFC62
S2140231982046BDE8384019F031BB094B1B78002B96
S2140231A8F6D0084B1D78002DF2D1FFF78BFC2A4685
S2140231B84FF480400021FFF76DFCE9E71855002020
S2140231C84D6200204C6200202DE9F84F5A4B064605
S2140231D80D4614461B6C002A40F0AB8013F0A00F75
S2140231E814BF4FF001094FF00009FCF709FDA023B0
S2140231F84FF0000ADFF85C810320C8F84030FDF77C
S214023208D9FF0420FDF7D6FF4C4FFFF75BFC4C4B6B
S2140232184FF0040B7B67C7F878A0FFF7E9FE494B27
S2140232284FF48071D3F8C82E42F02002C3F8C82E95
S214023238FF22C8F80820404A1161D3F8F02E424906
S2140232481140C3F8F01EC8F840B0C3F8D0AE7B6988
S21402325813F0060F04D0FEF75BFA5846FDF7AAFFEE
S214023268B9F1000F08D04FF40062384B1A644FF4D5
S2140232780042A3F5E0339A6666B1354BDB6C180755
S21402328801D4FFF785FBFFF747FF0420FDF792FFFF
S214023298FFF750FB284B5A69D10748D5DA6812F06F
S2140232A8706FFBD12B4B2C4A1A642C4A936E23F070
S2140232B8F003936615B12046FFF75EFF284BD3F856
S2140232C84C315A1C01D05B0002D50122214B5A61AF
S2140232D86CB31F4BDA6E03F500539A6603F5D033C8
S2140232E81B6A1C4A23F00103D3611E4BD3F80C1247
S2140232F803F50053C3F8081203F50053D3F88410F5
S21402330803F5005399674FF03A43D3F8181103F5BB
S2140233180053C3F81411144B996C03F500535964FF
S214023328124903F5803359664FF608431364BDE81D
S214023338F88F4FF0000958E7000002B800C001B83D
S21402334800000101003000B0DF0000FF001002B8E4
S214023358004000B8002002B810003000003F00B05D
S2140233680080E00F004001B800C000B85000002FEF
S2140233789D4B2DE9F04F9F6EDB6E85B01F409B4B31
S2140233889F664FF03A43D3F81451D3F818311D40CC
S214023398974BC3F81451974BD3F80822D3F80C323C
S2140233A802EA0309944BC3F8089203F52043DA6944
S2140233B81B6A02EA0308914B08F47702DA61904B1B
S2140233C8D3F80422D20605D4D3F80431C3F3001680
S2140233D8DB0653D519F017FA8A4B5A695E6E1B6FCD
S2140233E812F0060F06EA0306874A26F0007314BF91
S2140233F84FF0010A4FF0000A23F40063740753667D
S21402340806D5824A92F891300133DBB282F89130BF
S21402341819F0F4F9002F00F0E48017F4004300F0E6
S214023428D58019F0F0F90146FFF79EFA0446784B64
S214023438D3F800B0DBF80020DBF800309A42FBD065
S214023448DBF800209A42FBD0FFF78EFAA04217D18B
S214023458084619F0D3F96F4B1C606F4BD3F840B08F
S2140234681BF4E0520ED124F07F4424F0DF040CB99A
S214023478FFF7D6FD4FF0807B002414E0B246C9E77A
S2140234880446D7E70192FFF7CBFD5C4B019A1BF483
S21402349880541A6440F09C801BF4806F0CBF4FF077
S2140234A8805B4FF0806BB80715D55B4A5348126CA1
S2140234B802F460410164002900F08D80110400F1D5
S2140234C88D8012F4005F0CBF4FF000524FF000627E
S2140234D800244BEA020BC7F340377F004F4A2A40C4
S2140234E8002A4BD015F4206F0AD040F6A312062104
S2140234F8002000F08FFE0020FFF73EFE25F4802510
S214023508EB0506D5FF213D4A4BF4C06B9160FFF7E9
S2140235183FFA15F0090F0BD040F6B8120821002022
S21402352800F078FEFFF7F8FD4FF03A4201215163AA
S21402353815F0106F0CD040F6C1120921002000F0D9
S21402354869FEFFF7E9FD002211461046FDF73CF832
S21402355815F4202F0AD040F6C9120721002000F0E1
S21402356859FE0020FFF708FE25F48025E80301D55A
S214023578FDF774F9002DB8BF47F0080769070ED59E
S2140235884FF03A42126B12F4005F4FF4005217BF24
S214023598174923490A634BF4000B08BF0A636A05F6
S2140235A848BF4BF0040B15F48023019300F0A48067
S2140235B8FDF70CF90138062834D8DFE810F01A01AE
S2140235C81D011A0120012301260126019B4653E705
S2140235D84FF0804B50E74FF0007279E74FF0004209
S2140235E876E7BB463C4679E7004000B8006000B87C
S2140235F8002000BA004001B8006001B8002002B8F6
S21402360800E100E000C001B800E001B8003E00B0EA
S214023618949504000C550020000002B8090B0B898B
S214023628001000BA40F6FA120321002000F0F2FD5C
S2140236384FF03A400121D0F88C20D0F8AC3002F096
S2140236480702063201FA02F2C3F30C0CA2EB0C02D2
S21402365892B2072A12D9774A126C53020ED4764BC4
S214023668C26CC06E5B6D5BB102F007020632914017
S214023678C0F30C00091A89B2072901D84BF4007B5B
S2140236886E4A1278002A37D04FF03A42D2F81421FE
S21402369812F4A02F30D16A4A6A4912789AB9F2040B
S2140236A811D40A787AB14FEADB02674842EA4472D2
S2140236B882F00102D0F8F00E02F00102520020FA5F
S2140236C802F2930718D10420FDF774FD5F4A60489A
S2140236D85067FFF7F7F95B490A784AB95D4A1278E4
S2140236E832B15D4A5D4912680BEA02020A4201D10A
S2140236F84BF4804B26F48056B9F1000F1DD019F40E
S214023708805F18BF4BF4802B19F4807F18BF4BF4E8
S214023718002B19F4005F18BF4BF0100B19F4007F4A
S21402372818BF4BF0200B19F4806F18BF4BF0400BF4
S21402373819F4006F18BF4BF0800BB8F1000F3AD09F
S21402374818F4802F18BF44F4007418F4803F18BF8A
S2140237584BF4805B18F4801F18BF4BF4003B18F438
S214023768001F18BF4BF0020B18F4003F18BF4BF4AB
S214023778801B18F4800F18BF44F0100418F4002FAA
S21402378819D0314AD2F8C82E12F0C00F13D02949E0
S214023798CA68C2F30362032A01D0072A05D14A6C13
S2140237A8D00602D48A6C110732D54FF400212C4A6F
S2140237B828F40028D161002E00F01881320540F165
S2140237C88A802848DFF88490C2782749002A51D090
S2140237D84FF40063013AD2B24B66C27032B9234A3A
S2140237E81278C2B140F60141214A516700220021EF
S2140237F86EE04BF4803B1BE74BF4006B18E74BF488
S214023808806B15E74BF4807B12E74BF0080B0FE74B
S2140238184BF4001BCFE7D9F8782012F4A05F15BF47
S2140238284FF4807240F60142C9F85820C9F8782049
S214023838DCE700BF000002B8004000B84E62002075
S2140238484D62002050620020003000B000C001B86F
S214023858000001014F62002000140020088D0100BC
S214023868002002B83F62002000E001B84B62002048
S21402387800D001B80320FDF79DFCD9F81420A34B0D
S21402388812F0060F04BF41F61F72A149A14808BFED
S2140238984A674FF400619E4A5166D9F8142012F01E
S2140238A8060208BFC9F87820B3F88E2012F4006121
S2140238B85DD022F40062A3F88E20027802F0FF0997
S2140238C8002A58D1FDF724FFFFF7AAFB4A46202113
S2140238D84BEA020B0C43B30009D52E20FDF7B8FBC2
S2140238E84FF000518A4A44F0080411675166F00600
S2140238F806D52B20FDF7ACFB1021854A11675166C9
S21402390816F0306F05D1F1045DD5BAF1000F00F05C
S214023918A780320111D52920FDF79AFBFFF7ACFAEA
S21402392848B17D4A7D487A494A66026700F54050A2
S214023938C068430422D444F0040416F0007A28D05F
S2140239480420FDF737FC2720FDF782FBFFF768FB0C
S2140239584FF000716E4A5166714AD2F8F01E490657
S21402396878D4704A0221916044F0020428E0027872
S2140239784FF40052ACE74FF4004238E70A672020BB
S2140239884A66FDF765FB2D2044F00C04FDF760FB44
S214023998D3E716F0807FDFF8909146D00420FDF733
S2140239A809FC2820FDF754FBD9F87820002A39D1DB
S2140239B8FFF736FB564A584944F001041167516628
S2140239C80021594A9165320405D5584A126890472B
S2140239D84BEA000B0C43730508D555498A78002A2A
S2140239E800F08E80013A8A70002217433A465846FB
S2140239F82146FFF74FF8019B0BB1FCF71DFF01228A
S214023A084C4B05F00435C3F814514B4B18F4002FF1
S214023A18C3F884211EBF4FF40022424BDA6105B078
S214023A28BDE8F08FC9F878A0C4E7F004C8D504202A
S214023A38FDF7C0FB414AC9F87420FDF769FED9F8BC
S214023A48642012F0407FBBD12A20FDF701FBFFF766
S214023A58E7FA81E7D2F8C82E930685D4384A81E772
S214023A6833490A7952B1013AD2B20A7112B92B4ACB
S214023A783449516700224BEA020BA4E70420FDF7FB
S214023A8899FB0320FDF796FB274A2C49516718F045
S214023A98BAFE81460DF10F00FEF706F92A4A82465B
S214023AA812780AB1FEF774FFBAF1030F0ED1DFF8E7
S214023AB8A0A00020FEF7F8F8032807D1DAF8282095
S214023AC8D007F6D4DAF84420D103F2D49DF80F20B2
S214023AD8032A06D101211D4A4846117018F08EFEA7
S214023AE8C8E74FF03A42D2F8142112F4A02FF1D1C7
S214023AF8FEF7E8FF484618F081FE4FF48042BAE720
S214023B080220FDF757FB01226FE700BF003E00B018
S214023B1800E001B84B6200201000002000D001B877
S214023B28003000B0002002B800C001B810690020BA
S214023B383F620020002000BA00E100E00000010118
S214023B48001002B80000010D516200204D620020EC
S214023B58000002B80122024B1A62DA61704700BFFF
S214023B68002002B8094A08B5D369116A0B40084909
S214023B7823F47F00DB07C86106D5D1684FF0FF3013
S214023B88C1F3036114F0FEFB08BD00BF000002B8D3
S214023B98002002B80C4A08B5536C926C13400B4AC4
S214023BA85364DB070FD50A4B40F663421878122196
S214023BB800F0010000F02EFBBDE8084000220120BC
S214023BC80021FEF767BF08BD00C000B800E000B8D5
S214023BD80014002070B5174D2C6C6B6C1C40164BED
S214023BE824F00202E1071A6405D540F6CA4200200C
S214023BF8296800F00FFBA2071AD502220E4B1A6498
S214023C086B68DBB2A3B9FDF71DFD04460D460B4EE5
S214023C18D6F8F433DB060BD5FDF714FD02460B4641
S214023C2820462946FDF7B4FA652871F10001EFD35C
S214023C3870BD00BF008002B800A002B8000002B83B
S214023C4838B50B4C0B4DD4F88430DB0706D4A36F7B
S214023C58D4F884201340084A936738BDD5F804314F
S214023C681A06F0D5FFF7B6FF8023C5F88431EAE7CF
S214023C78008001B800E100E000A001B870B5144663
S214023C880D4618F0C0FD064BD3F8C86E74402C409B
S214023C987440C3F8C84E18F0B1FD06EA050070BDB8
S214023CA8003000B0034BD3F8C83E99430CBF01203E
S214023CB800207047003000B02DE9F04117460A434D
S214023CC8012A1D469DF818409DF81C60DDF82080E4
S214023CD829D8B44227D2082E25D8032B23D8B8F1E0
S214023CE8000F20D00A460021FBF7DAFEFF21EB0080
S214023CF89940C943DFF834C008F1FF38FF00E2B242
S214023D08964202D80020BDE8F0813D190CEB8505E5
S214023D18D5F8F82018F8010F0A4098401043C5F85D
S214023D28F8000134EBE72120EDE700BF003E00B0C3
S214023D381E4BD3F8C83E13F001001ED01C4B93F856
S214023D484C001C4A40F08073C2F8CC304FF4801303
S214023D581949C1F8B430A1F58051C1F8B830D2F883
S214023D680C31DBB2FF2B1FD0984294BF00200120F3
S214023D7840F61F623C2100F04DBA1A06E1D40F4AFB
S214023D8892F84B1121B1DB0602D592F84801D8E722
S214023D984FF480120020084B0649C3F8B820C1F831
S214023DA8CC00C3F8B42070470120E1E7003000B029
S214023DB8003F00B0004000B8006000B8003E00B007
S214023DC8034B1868034B002808BF1846704700BF05
S214023DD81455002070CE04002DE9F843DFF86090F1
S214023DE80646D9F8008008461746B8F1000F03D0F1
S214023DF80E242046BDE8F88306B3336801331DD186
S214023E08E1B100F073F805460028F1D0C9F80000C1
S214023E1800F092F8284614F00EFB044640B14046DD
S214023E28C9F8008000F088F8284614F0FFFAE0E7A0
S214023E383560002FDDD02846B847DAE72124D8E7D0
S214023E4818550020024B1868003818BF0120704722
S214023E5818550020002108B5024B08465B689847AB
S214023E68002008BDFC680020431E033306D8044B16
S214023E78984228BF1846642838BF6420704700BF97
S214023E8840420F0038B505460C4641B10B6833B1BF
S214023E981B68013303D0CB680BB18B684BB914F09F
S214023EA8ADF900204FF4C172412100F0B3F9212088
S214023EB838BD0846FCF7A4FD00230A4A85F83031C7
S214023EC8C5E93743C2E9003363694BB1064A422162
S214023ED810684FF4D272C31A5842584100F09AF941
S214023EE80020E5E720650020A4540020F8B5044623
S214023EF818F089FC002607460E4B1B6893B19E688D
S214023F08AEB196F82420D20711D435460FCC0FC589
S214023F180FCC0FC523682B6096F8243043F00103B4
S214023F2886F82430384618F069FC3046F8BD1B6817
S214023F38E4E700BF3869002010B5044618B9054BF7
S214023F48054A136010BDFAF727FED4F8E830002BAE
S214023F58F6D1F4E71D84030034690020014B186883
S214023F68704700BF2065002008B502460868FFF7BC
S214023F787BFF08604868FFF777FF48608868FFF7A6
S214023F8873FF8860C868FFF76FFF0B69C860581C24
S214023F9803D00B48834228BF03460B614B69581C63
S214023FA803D00748834228BF034688694B61FFF758
S214023FB85BFFBDE8084088611046FBF797BD00BF67
S214023FC840420F00D0F8E0302DE9F04105460C4695
S214023FD813B1838D8B424CD0D5F8DC30002B4BD0F6
S214023FE89E68002E48D0D868002845D0013800B20E
S214023FF800281ADB002106E0128A591CA24217D2B0
S21402400809B2884211DB0B1803EBD3735B1003EB80
S214024018C30206EB8202B2F80EC003F1FF3EA445C5
S214024028EAD90FFA8EF08842EDDA2120BDE8F0814F
S2140240384FF6FF7299B29142F7D09BB203EBC303D5
S21402404806EB83062846B6F9122095F82411D5F809
S214024058F080E9F7E1F90746B8F1000F04D000232B
S214024068324628461946C047AC85C5F8E06085F84A
S2140240782D710020BDE8F0810E20BDE8F08100BF5A
S2140240882DE9F04782B004460F461646FBF796FF20
S21402409800285ED1454D2B68D4F8DCA0D4F8E08021
S2140240A80BB1534562D04FF00009AF60FBF7D0FF63
S2140240B80128074651D12B68DAF80010D8F80020F4
S2140240C813B1186888425CD0204613F0A3FFC5E9EE
S2140240D800A8D4F8F0508DF80760002D58D00022BA
S2140240E8204611460DF10703A8472046FBF728F994
S2140240F80546B9F1000F0FD076B9D4F888300BBB55
S214024108012F05D025B12A4B002103205B6898476A
S214024118284602B0BDE8F087B5FA85F040F20752A5
S2140241283321400900F076F831462046FBF70EFBAD
S214024138204B05461B68414620469847D4F88830E7
S214024148002BDDD000224FF400732046FAF734FD28
S214024158D6E70023154D6B609DE700210120FAF78C
S21402416863FDFBF775FF0128FBD1A4E76B68002BFC
S21402417899D0434597D1AB689F4215D04FF00109B5
S21402418893E7696811B109689142A0D059689BE71C
S21402419894F8281094F82D313246994228BF1946C9
S2140241A82046FBF71FF8A0E70025B1E720650020A8
S2140241B8FC68002034690020F8B50E46054618F05B
S2140241C822FB314607462846FFF7FCFE044620B186
S2140241D8384618F013FB2046F8BDFBF7D1FE2246F8
S2140241E831462846FFF74CFF0446384618F006FBC9
S2140241F82046F8BD38B5044D044C054B28602160AE
S2140242081A6017F0FBFF38BD1C5500203C690020D9
S2140242182055002010B550B90548064B01600648DF
S21402422802601868054B18601868FFF7E3FF10BDB0
S2140242383C69002018550020205500201C550020F7
S21402424810B518F0E0FA084B04461B683BB19847CD
S21402425828B1002200204FF48061FEF71BFC20469E
S214024268BDE8104018F0CABA245500200023F0B55D
S21402427885B0CDE901330393124B134D1B78134EC9
S2140242888DF8043018F0CCFA2A78337804469A4225
S2140242980F4F0CD03178386801AA297014F0A7F8A5
S2140242A850B140F608210B4818F041FB04E0386884
S2140242B814F07DF80128EDD0204618F0ACFA05B0C7
S2140242C8F0BD00BFF96B0020276C0020286C002088
S2140242D840550020646B0400F8B52B4B1B7823B1BD
S2140242E840F6FC31294818F022FB18F099FA284BB8
S2140242F807461C8814F0060409D001214FF4807082
S21402430817F0E8FA3846BDE8F84018F084BA2146AD
S2140243184FF4807017F0DEFA204600F09DFF022860
S21402432808D180221B4B8021186813F0FCFBFFF78C
S2140243389DFFE7E7204600F08FFF054638B10128C3
S21402434807D040F63141114818F0F1FADAE702468A
S214024358E8E7FF220F4E104B30681A70FFF77AFD17
S214024368306814F024F80128CCD02A46294630684A
S21402437814F01FF821462C2017F0D8FA21460A20F6
S21402438817F0D4FABEE700BF57620020646B040039
S214024398265B002040550020276C0020002101489B
S2140243A818F0DEB8906900207F2837B5044610D189
S2140243B84FF6FF73022217480DF10601ADF80630D4
S2140243C8EAF74CFFBDF80640E2054CBF6FF04A0418
S2140243D864B218F025FA104B05461C700F4B1B8862
S2140243E8DB0710D50E4B1B78002B0E4B0CBF214655
S2140243F86FF07F01186813F0C4FB20B140F67861AD
S214024408094818F094FA284603B0BDE8304018F078
S21402441802BA00BF641002C01F6C0020265B002090
S2140244285862002040550020646B040010B50FF057
S21402443881F960B10FF080F90B4A80B141F20D03A1
S214024448BDE8104041F20D01074817F095BB074B2F
S2140244581A781B799A4204D100220023F0E70D232A
S214024468EEE7034AF9E700BF400D0300F96B0020A8
S214024478488D0100F8B5164E0D46337802F0010451
S21402448823B140F2C531134818F051FA124B134FB4
S2140244981D60134DA4B1134B997801B10121202058
S2140244A817F018FA2B783B700F4B1C780F4B00212D
S2140244B81C70042333700E48BDE8F84018F050B854
S2140244C82146202017F006FA2B783B70EEE700BF4D
S2140244D857620020646B04003055002054620020A6
S2140244E8296C0020345500205562002056620020B0
S2140244F8906900202DE9F84318F092F9DFF8A081B8
S2140245080546B8F80030614C13F4807F03D0237850
S21402451873BBFFF7E1FE0021084617F007FA5C4B6B
S2140245281A78FF2A13D01A7802F0FF0632BBFF2247
S2140245381A702378052B0AD100232846237018F010
S2140245486AF9304614F0BCF818F06AF9054623787A
S214024558504E062B09D13378FF2B06D03378022B20
S21402456815D100214C4817F0FBFFFF2333702BE0D0
S21402457800214FF4807017F0ADF9CCE71A78012ABB
S2140245884FF0FF0214BF33264C261A70D4E733784E
S21402459813B13378012B22D117F03CFA07463E486E
S2140245A896F8009001F0CEFBFF235FFA89F9337084
S2140245B877B1B9F1010F44D16421374884F80090E5
S2140245C817F0CEFFFFF752FE284618F024F906E049
S2140245D82846277018F01FF9384614F071F8B8F80C
S2140245E800301B0605D50021802017F073F912F05B
S2140245F85DFA01F0E3FA294E308000B32778012FDE
S21402460842D117F0C1FE054610B3013018F06DFA14
S21402461800F44060B0F5006F1AD1042239462846E5
S21402462817F0F2FD284418F060FA4FF6FF73984226
S2140246380ED10020318800F0F1FC00233380BDE85B
S214024648F88300232846237018F0E5F83F20C4E7CD
S214024658114801F077FB002108462170012500F079
S2140246688FFC23780BB9FFF737FE0020318800F05D
S214024678D5FC00233380002DE1D020780028DED137
S214024688BDE8F84314F054B90025EAE7576200205B
S214024698266C0020256C002090690020245B0020F0
S2140246A8265B002008B513460A461946064B1868C4
S2140246B813F0F4FA30B1BDE8084040F2F44103487A
S2140246C818F035B908BD00BF40550020646B0400D9
S2140246D808B513460A461946064B186813F0D8FA60
S2140246E830B1BDE8084040F2FB41034818F01FB954
S2140246F808BD00BF40550020646B0400024B1878C2
S214024708431E5842584170475762002008B5064B68
S2140247181B7823B140F22551044818F008F9FFF730
S214024728DBFD002008BD00BF57620020646B040052
S21402473808B5054B01EB81011868490013F023FA06
S214024748002818BF212008BD4055002008B5044B94
S2140247581868F9F7B1FE0A2390FBF3F040B208BDD9
S21402476840550020014B1878704700BF286C00207F
S21402477808B5044B186813F0BAFEB0FA80F0400980
S21402478808BD00BF4055002038B5124D0C462B78A0
S214024798012B04D940F246510F4818F0C8F82146B2
S2140247A80020FFF7E5FF90B10C4B1C702B785BB925
S2140247B8FFF792FD0A4B93F900100A4BC9011868D5
S2140247C813F0FEFE002038BDFFF750FDF2E7212069
S2140247D8F9E700BF57620020646B0400286C0020CB
S2140247E8596200204055002008B5074B186813F098
S2140247F87CFE30B1054BB3FBF0F083B20BB1184622
S21402480808BD0120FCE700BF4055002040420F00CB
S2140248182DE9F3475C4E012018F086F8338899078D
S21402482804D440F63F41594818F081F8DFF88081F1
S21402483898F80030053B012B04D940F6414153480D
S21402484818F075F8524F3B6823B940F644414F4872
S21402485818F06DF8348814F0200478D0012122204C
S21402486817F064F84FF47A74FFF7BEFF3B681B78BC
S2140248780933434304EBC30498F80030A5B2062B69
S2140248880BD117F08FFC0446FFF7AEFF60235843A0
S2140248980C2303FB0400284485B2D7F800903D4B4E
S2140248A899F800801C7808F1FF381FFA88F8002C5F
S2140248B852D133885A0505D409F1010018F015F9C2
S2140248C8C0F340143449354A887812784B7812FB7C
S2140248D800F2334F93423B70A4BF9B1A3B703B785F
S2140248E8CA78BD60934238BF13463B700EF02AFF63
S2140248F8002833D00EF024FF012814BF10250825FF
S21402490825430023DFF8ACA000938022434649469D
S214024918DAF8000013F069F920B14FF43B611B483E
S21402492818F005F81F4BDAF8000019781E4B1970B4
S21402493833889B0614D52A461C4B009713F055FD60
S214024948C0B9002002B0BDE8F04717F0EDBF214617
S214024958222016F0EBFF87E70024B3E72546D0E7C8
S2140249682A460F4B13F03FFD014618B9252016F0CC
S214024978DDFFE6E72146262016F0D8FF40F6F4319A
S214024988024817F0D4FFDCE7265B0020646B0400BD
S214024998305500205A620020F96B0020546200202D
S2140249A840690020286C0020276C0020345500201F
S2140249B85762002040550020184B10B51B889B07ED
S2140249C804D440F6A661164817F0B1FF154B1B78BB
S2140249D8053B012B04D940F6A761114817F0A7FF3B
S2140249E8114B1B6823B940F6A9610D4817F09FFFC3
S2140249F800240E4B0E4921201C7016F097FF014624
S214024A0818B9BDE81040FFF703BF022804D12046B4
S214024A18BDE8104017F020B810BD00BF265B002086
S214024A28646B040057620020305500205262002052
S214024A38D94B0200F8B55A4C23889A0704D54FF486
S214024A483E71584817F073FF574801F07BF917F084
S214024A58E7FE238805465B070DD54FF0FF3013F0B7
S214024A680BF9524B1B68C01AB0F5717F03D90021A7
S214024A78042016F02FFF28464D4D17F0CCFE2B7853
S214024A88042B32D117F0CCFE238806465F0708D5DA
S214024A984548002117F064FD3046BDE8F84017F097
S214024AA8BABE17F0B8FE17F0BBFE424B06461B7896
S214024AB8414F13B9238859050FD505230121022032
S214024AC82B7016F007FFFFF777FF304617F0A3FEA6
S214024AD83B68DA78394B1A70F8BD3868013018F036
S214024AE804F88206E9D50623E8E7062B4DD1344BAF
S214024AF81B78FF2BF0D1334E0EF026FE3378002BB0
S214024B083DD017F08DFE238805465B0705D5264857
S214024B18002117F025FD2846BFE717F07CFE3378FC
S214024B28013B337017F07CFE04460121022016F082
S214024B38D1FEFFF741FF20461F4C17F06CFE206897
S214024B48013017F0D2FF00F44060B0F5006F13D1C1
S214024B58246801210422204617F056FB204417F049
S214024B68C4FF0146184B04201A783378D21AD2B2F8
S214024B78BDE8F84017F082BF4FF6FF71F2E7402013
S214024B882B70BDE8F84013F09BBD012BA4D100237F
S214024B982B700E4B1868FFF75DF93F20F1E700BF50
S214024BA8265B0020646B0400906900202C550020C8
S214024BB8576200205A6200203055002053620020B7
S214024BC8256C002054620020296C002040550020E5
S214024BD808B50A4B1A7882B9012210281A7004D02E
S214024BE840F69D61064817F0A2FE0021202016F026
S214024BF871FEBDE80840FFF70BBE08BD52620020F2
S214024C08646B040008B5094B1B88DB0604D440F223
S214024C18C351074817F08BFE1020002116F05AFEE3
S214024C28044B1868BDE8084013F0D6BB265B002084
S214024C38646B040040550020012208B5074B114654
S214024C48186813F0B6FB00212C2016F06FFEBDE89C
S214024C58084000210A2016F069BE00BF4055002011
S214024C68014B4008185C7047216C002008B51346B3
S214024C780A461946064B186813F016F830B1BDE80E
S214024C88084040F6E941034817F051BE08BD00BF88
S214024C9840550020646B040008B5044B186813F0EE
S214024CA886FB013818BF012008BD00BF405500200A
S214024CB870B5054617F0B4FD0E4B0F4E1B8804461A
S214024CC8DA07357008D50D4B0D4D1B78012B08D920
S214024CD80121286813F0EDFC2046BDE8704017F065
S214024CE89ABD1BB10EF024FDC305F1D4317881F0CC
S214024CF80101EEE7265B0020206C002058620020A7
S214024D08405500200C4B10B51B880446DB0711D50E
S214024D18FFF78CFB094B84F0010208211868D200C1
S214024D2812F001FF30B1BDE8104040F63671044873
S214024D3817F0FDBD10BD00BF265B002040550020C1
S214024D48646B040008B5044B0146186812F0B7FFF6
S214024D58003818BF012008BD4055002010B50A4C7F
S214024D6823787BB1FFF768FF0021042016F0B2FD16
S214024D780021022016F0AEFD00232370BDE8104085
S214024D88FFF7AABA10BD00BF5762002038B5094817
S214024D9800F0E8FC0024084D95F84430E0B283425F
S214024DA800D838BD05EBC000043000F0DBFC013447
S214024DB8F2E700BFE45500204455002008B5104627
S214024DC802494822F9F7BEF8002008BD9C55002083
S214024DD808B5054817F01FFF014620B9BDE8084088
S214024DE8014817F0BDBB08BDB0690020002238B5DF
S214024DF81C4B15461C461A700132082A5D609D80B7
S214024E0843F8085FF8D1482200211748F8F70AFF46
S214024E184FF6FE73A4F868306FF48033E365134BDD
S214024E2800211A88124B1868F8F7FCFE114BC4E9E1
S214024E381255C4E9283584F8445084F850506565FC
S214024E4884F8A850E9F754FDFF220B4B012118708D
S214024E580A4B00201A70E1F737FE0020FFF7B8FF6A
S214024E68002038BD445500209C5500209C6B00202D
S214024E78686800200000FFFF5B620020A162002035
S214024E8810B5AC24084B04FB0030836C53B990F879
S214024E9850403CB931B1C0E912122046FFF798FFDC
S214024EA8204610BD2120FCE744550020AC2370B5EF
S214024EB803FB00F5094E731993F850405CB9204677
S214024EC80BF022FF735D204643F002037355FFF78B
S214024ED87FFF204670BD0120FCE700BF4455002036
S214024EE8AC235843024A135C23F003031354704757
S214024EF84455002070B516461F4A04461278C2BBAF
S214024F08AC211E4D01FB00518A6C92BB91F85020D1
S214024F183AB1022B2DD191F84410072907D91C2043
S214024F2826E091F844100729F9D8012B08D0AC20BE
S214024F3800FB0450CA00011D0C30F8F7C5FE00211C
S214024F48AC2303FB04F000249DF8143000EBC101E7
S214024F582944CB71049B8E808B602B1893F84420CF
S214024F68204601328C7183F84420FFF731FF204631
S214024F7870BD0120FCE700BF5A620020445500209D
S214024F88F8B5234B04461B780F46002B3ED1AC23BC
S214024F98204D03FB0053B3F8A03023B940F2453145
S214024FA81D4817F0C4FCAC2202FB0452D2F8A460D7
S214024FB836B192F8A33039460020B2F8A020B0479E
S214024FC8AC2300216343EA18A2F8A010C2F8A41082
S214024FD8482192F8A82001FB02322A44D2F89820E7
S214024FE8964213D0EB5C9B070CD5AC226243AB5CB3
S214024FF8204623F0020343F00103AB54BDE8F84011
S214025008FFF7E6BE0BF0A2FE0028EED1F8BD00BF01
S2140250185A62002044550020BB6B04002DE9F04F6D
S21402502889B0059008460D4617F0AEF9044618B939
S214025038212009B0BDE8F08F284617F0C1F9C0B2A2
S2140250480838215C221892F802A00491D178526896
S214025058277803920022B4F80130ADF81E20434A9E
S214025068029192F800B0BBF1000F08D0404B1B68C3
S2140250781BB120464FFA8AF298470020D9E703F078
S2140250880703022B70D0013409225946204617F02E
S214025098BBF8023F3F1A3B0606465FFA87F8C7D4B4
S2140250A8344FD7F89090B9F1000F27D100210DF1AF
S2140250B81E0B434622460846CDF800B00BF05CFDB0
S2140250C8C3B20546002B4BD1BDF81E0013F03CFBBD
S2140250D8E0B9BDF81E0013F020FC8146BDF81E009C
S2140250E813F032FBF0B906EB0802012321465846B4
S2140250F892B200F07BFDD0B119209AE75B465A4679
S21402510801212846C8470028D0D191E7D7F894301D
S214025118BDF81E00002BDCD0A11998470028D8D16C
S214025128022086E742464846A119F8F70BFFBDF863
S2140251381E0017F029F9029B059A0372049B80F851
S21402514809A08372039B1BBAC360AC2303FB0273DA
S21402515893F85020BDF81E0022B1DB6C03B19847C5
S214025168E8B266E7BB6FF9E7012062E75A620020F9
S21402517828550020445500202DE9F84308460F46D6
S214025188164602F1010913F0CDFB8046384613F0A5
S214025198D4FA042856D1384613F0F3FA48F66105CD
S2140251A84FF6FF7248F64103294C904208BF1D4647
S2140251B8B4F85C10301D17F09AFC384613F0E1FA82
S2140251C80146B01D17F093FCB4F85E1006F108000D
S2140251D817F08DFC06F10A04384615F066F810B189
S2140251E845F01005ADB22946484617F080FC384609
S2140251F813F093FB424601462046F8F7A3FE3846CC
S214025208012117F0F9F84444074660B117F0D8F8B8
S2140252180546384617F0B8F8EDB201462A46204643
S214025228F8F790FE2C440B4AA41B13780134591C39
S2140252381170F37034703046BDE8F8430922012134
S21402524816F0E2BF484617F050FC4C460546C3E740
S214025258445500205B620020AC2210B54824504317
S214025268094B1A1892F8A81004FB0100034493F895
S2140252787700022806D092F850301BB9032818BFC8
S214025288012010BD0020FCE74455002070B508B187
S214025298012070BD234C94F8A850002DF8D1294659
S2140252A8B4F85C20FFF714FA29462846B4F85E20BC
S2140252B8FFF7F8F92946284604F16002FFF7D6FCFC
S2140252C894F87730002BE3D0284694F85860FFF716
S2140252D849FA864215D1002094F95A50FFF736FA51
S2140252E8854216D10020FFF7B7FF0446002016F0C5
S2140252F841FF0028CDD02146BDE870400020FFF7C8
S21402530805BA284694F85810FFF73EFA0028E2D065
S214025318BFE7002094F95A10FFF70AFA0028E1D0EE
S214025328B7E700BF445500200346AC2010B5144624
S214025338164A00FB032292F8770002280CD1E07F77
S214025348022809D141B112490978012913D992F8DC
S2140253585810227891420ED118462178FFF708FA9B
S21402536890B1482221460B48F8F7ECFD002016F0CB
S21402537801FF08B9002010BD044B93F8A8000028C6
S214025388F8D1FFF783FFF5E72120F4E7445500201C
S214025398956100209C55002038B5AC230D4C054677
S2140253A803FB004300205A6DD86483F8500012B1FC
S2140253B85865FFF727FCF5F7D5FBFF281EBFAC2379
S2140253C803FB054484F8A8000020FFF75FFF0020CF
S2140253D838BD00BF445500207FB51D4C94F8A83050
S2140253E823B1002084F8A800FFF750FF94F85A303B
S2140253F8B4F8A0608DF80F3026B940F2FD211548A2
S21402540817F095FA144B31461D6800202A46FFF716
S214025418B3FEE46F02469CB10DF10F03019300231D
S214025428294630460093A04702462C7854B92046AF
S2140254382146FFF7A5FD2046FFF7CAFC04B070BD5B
S2140254480122F2E729460020FFF714F8F6E700BF24
S21402545844550020BB6B04006868002038B5494BE9
S2140254681C78002C58D1484800F06CFC204616F0F0
S21402547881FE002850D0454C2378D90733D594F8B6
S21402548850201AB123F00303237045E023F00103EA
S21402549823700BF043FC237805469A0701D50BF0D8
S2140254A833FC294600200BF049FA40B923782846EF
S2140254B843F001032370BDE838400BF025BC0023F7
S2140254C8482284F8A33094F8A83084F8A25002FB45
S2140254D80343D3F89830A4F8A000C4F8A430BDE873
S2140254E83840FFF779BF94F84400B0B104F1A0033E
S2140254F8251D95E8030083E80300FFF76DFF94F87F
S21402550844202846D20004F10C01F8F7DDFB94F893
S2140255184430013B84F8443038BDA26C62B99B071C
S21402552811D52378002023F0020343F001032370E9
S214025538BDE83840FFF74CBC0123A06484F850301D
S214025548904723789EE70BF001FC0028E9D194F8EF
S214025558A83073B1F5F706FB94F85030002BDBD170
S214025568FF2818BF84F8A800BDE838400020FFF7D7
S2140255788DBED4F88C30002BECD098470028CBD1BF
S214025588E8E700BF5A620020B069002044550020B0
S21402559870B50446002016F0EDFDAC235C430B4EB6
S2140255A8351995F850300BB1002070BD0028FBD095
S2140255B8074817F030FB0028F6D1335D002BF3D1ED
S2140255C895F84400B0FA80F04009EEE7445500200A
S2140255D8B069002010B5084A034613F0B1F91468FA
S2140255E84FF6FF7203EB40039C42184603D9018824
S2140255F802339142F8D010BD005600202DE9F0473C
S214025608204F05463B88A3B3B0F90230002B30DBA7
S214025618DFF87C801C49D8F80000F8F759FD20B955
S2140256284FF4EA71194817F082F90026DFF85CA0F1
S214025638DFF860903A88B3B29A4204D84FF4EB7116
S214025648504617F074F9D9F80030B2B253F832005F
S214025658D8F8001003EBC20468B943F83210A388DE
S21402566828460133A38013F06BF9E38803EB400363
S214025678E380BDE8F087F8F72BFD01360028D9D17C
S214025688EDE700BF285B0020886B0400926B0400DD
S214025698D0690020F455002038B5094C094D226817
S2140256A82B689A4204D94FF48771074817F03FF9D6
S2140256B828682368C01A20F0010080B238BD00BFEF
S2140256C80056002008560020926B040038B5124C8B
S2140256D8124D21462846F5F7F3F823680BB12B68D6
S2140256E81BB9DE210E4817F022F92A680D4B0E491F
S2140256F81A60236823F0010313440B600B4B1A60ED
S2140257082AB9BDE83840F821054817F010B9FFF75E
S214025718C3FF6428F5D938BDF8550020FC5500208B
S214025728926B0400045600200856002000560020FB
S21402573838B5094C094D22682B689A4204D34FF4AF
S2140257488A71074817F0F3F828682368C01A20F009
S214025758010080B238BD00BF04560020085600205B
S214025768926B04002DE9F0411D4B04461B78012B71
S21402577824D1008816F0EAFD0546D8B10426DFF8DB
S21402578864802C4617F04CF807462046FFF736FF8B
S214025798638843EA08036380A05B16F0D7FD0446D5
S2140257A8384617F038F81CB1B4F90230002BE9DA9B
S2140257B8062E01D1BDE8F0810626E2E7022BF9D1D2
S2140257C817F02EF80246208816F0C0FD18B1038896
S2140257D8C3F30E0323801046BDE8F04117F01BB84A
S2140257E85C6200200080FFFF2DE9F04F0024BA4BD0
S2140257F897B006461C8017F013F80123DFF8EC82F0
S214025808B64F3B70B8F80030A8F80040ADF816302E
S214025818B34B1B68019316F0FEFFB24B21461A885B
S214025828B14BD2001868F8F7FDF90DF11600FFF72C
S21402583899FF002E3CD1DFF8B8924FF0000B0125F5
S214025848D9F80040019B9C4239D3BBF1000F39D1ED
S214025858002DF2D0D9F80040DFF898A22546224655
S214025868019B9A4273D302230DF116003B70FFF791
S21402587879FF002E40F08F80D9F800603246AA429F
S21402588880F0A280908816F061FD18B10388C3F3F1
S2140258980E039380D08816F059FD18B10388C3F317
S2140258A80E03D3801046FFF795FE0246E7E79847B1
S2140258B8E3B256F823300134002BF8D1BBE7BBF12C
S2140258C8000F3ED00BF1FF335FFA83FB16AB03EBF8
S2140258D88B0252F8402CB2F9020051880028B1DA3D
S2140258E84B04AFD4924641F48040931D2AF8020F27
S2140258F802933AF8020F16F029FDF0B1B0F902E069
S214025908B0F802C0BEF1000F17DB6FEA4C4C6FEA24
S2140259185C4CA0F802C00390FFF770FEBBF10F0FB5
S2140259288FBF002516AB039A03EB8B009EBF0BF1C5
S214025938010340F8402C5FFA83FB029B9A45D8D1B4
S21402594880E72046FFF746FE22460446C3E710468F
S21402595812F0F6FF8346B2F90200118800280AEA16
S214025968010108DA204616F0E7FC084381B204EB88
S2140259784B0402EB4B0510461180FFF72BFE02463E
S2140259886EE798475FFA8AF356F823300AF1010A57
S214025998002BF6D170E74FF0000AF3E73046FFF720
S2140259A819FE82467EB1B6F902307188002B0ADAF1
S2140259B83088C0F30E0016F0C9FC864203462DD185
S2140259C8C1F30D0171805646AE42E7D3DFF81CA13B
S2140259D816F026FF00210646504613F002F816F087
S2140259E8B5FC0546002800F08780304616F013FFFF
S2140259F8284612F0A5FF0646204616F09DFC81466C
S214025A087600324629462046F8F75EF900224946CD
S214025A180DF1160017F0D7F83444D9E71BD93046EB
S214025A2812F08EFFC1F30D0142007180184631460E
S214025A3892B2F8F749F9C6E75046FFF7CBFDD146CA
S214025A48854203D9B0F90230002B01DA824603E018
S214025A58FFF7C0FDF4E7B146554507D9BAF8000086
S214025A68C0F30E0016F072FC8245E5D3B9F1000FBA
S214025A7830D0B9F80000C0F30E0016F067FC0346F3
S214025A8838B93346CB46994513D8B1459BD0D94643
S214025A98ECE7484612F054FFB9F802204946C2F32A
S214025AA80D02A9F80220420092B21846F8F70CF93D
S214025AB8E7E718460193FFF78DFD019B9B46854253
S214025AC803D9B0F90230002B01DA0346DBE7FFF709
S214025AD881FDF4E7CB46DAE72A5B00205C62002009
S214025AE800560020285B0020F45500202C5B00207E
S214025AF8045600200080FFFFBDF816303870A8F85C
S214025B080030044B30461C6016F085FE17B0BDE820
S214025B18F08F00BF005600202DE9F041054616F02A
S214025B2815FC0F460446D8B117F037F820B940F2EC
S214025B38FB41204816F0FBFE284616F041FC0546B7
S214025B482046FFF747FDBD42064609D004D840F274
S214025B580351184816F0EBFE2588ED0B02D0278174
S214025B68BDE8F0816780204612F0EAFE074604EB9D
S214025B78400816F055FE104B1A68B2420AD1C3F80E
S214025B88008016F048FE2A464046BDE8F041FF214E
S214025B98F8F748B8A6EB0806B5B216F03CFE072D8D
S214025BA8F1D90023083D44F81730C8F80430A8F89D
S214025BB80250D5E7926B04000056002038B516F05E
S214025BC82FFE00210546044812F00BFF044628461D
S214025BD816F021FE204638BD2C5B0020024B1888A2
S214025BE8B0FA80F0400970472C5B00202DE9F74F89
S214025BF8044600881F4616F0A9FB88461546064640
S214025C0816F0CBFF20B940F2FE613F4816F08FFE31
S214025C183388DB0B009306D033892B44338100206C
S214025C2803B0BDE8F08F208816F0CAFB82463046DD
S214025C38FFF7D0FC019016F0F3FDDFF8D0B0019B19
S214025C48DBF8002081469A421DD1FFF725FDA842BF
S214025C5804D2484616F0DFFD1A20E1E70AEB0503F0
S214025C6873803FB1208816F08FFB2A46414650447F
S214025C78F8F768F93046FFF7ADFCCBF8000048465F
S214025C8816F0C9FDCBE716F0C6FD208816F098FB7D
S214025C982844009980B216F0EBFB06460028DBD0B3
S214025CA816F072FB8146208816F06EFB8246208824
S214025CB816F086FB514602464846F8F743F9304640
S214025CC8AFB116F061FB0746208816F079FB2A4624
S214025CD841463844F8F736F90121208816F08CFB3D
S214025CE801210246304616F09BFB268097E716F0FF
S214025CF84BFB8046208816F063FB2A46394640440A
S214025D08F7F790FFE8E700BF926B04000056002002
S214025D183421014816F00BBEA66B0400036910B5C1
S214025D285BB18268064B9A4201D1002010BD4469D5
S214025D3816F0F6FD201AF9D5F7E74FF0FF30F5E72B
S214025D48195D020082681C4B70B59A4204460568C3
S214025D5819D116F065FD236923B1A34206D10022A4
S214025D682A601A61BDE8704016F055BD1A461146FB
S214025D781269A242FBD12A68A24208BF29600B61B7
S214025D8800232361EEE7036993B198426E6803D154
S214025D989D210A4816F0CBFD2B46B44209D122694A
S214025DA89D4218BF1A614FF0000308BF6A6023615C
S214025DB870BD33463669F0E7195D0200A66B04002B
S214025DC82DE9F047074600254FF0010A154EDFF881
S214025DD858808AB0347914B90AB0BDE8F087D6F884
S214025DE8009087B900972A46B8F80010234603A8F9
S214025DF816F078FF2246484603A9E9F75BFA2544D7
S214025E08EDB20836E6E7224603A94846E9F726FA37
S214025E18CDF800A023462A46B8F8001003A816F0C4
S214025E2861FFECE7A8CE04002E5B00200148FFF7CE
S214025E3899BC00BF2E5B00209C46174BF7B505465B
S214025E4808461988164611B1144B1C78CCB101467F
S214025E5862463046BDB103B0BDE8F040E9F7FEB988
S214025E681C44E4B208373B79002BF0D03A689642D5
S214025E78F6D185F001052246009516F033FF03B0E9
S214025E88F0BD074FEFE7E9F715FAB0B203B0BDE881
S214025E98F04010F00FBE00BF2E5B00202A6C0020D8
S214025EA8A8CE040010B5074C238843B10020FFF79C
S214025EB887FF0020FF22044B20801A7010BD0220A4
S214025EC8FCE700BF2E5B00202A6C0020142810B5C1
S214025ED818D8082805D110F056FEC401E4B22046A8
S214025EE810BD0E2802D110F051FEF6E7064B53F805
S214025EF82040002CF3D00A282478F0D105F0A0FE22
S214025F080443EBE7FF24EAE7F8CE0400014BB3F8B4
S214025F18680070474455002000487047AE55002078
S214025F28014B1878704700BFD3610020014B1870E8
S214025F38704700BFD3610020194B022810B51870AD
S214025F4802D0043801281BD8164B1B78042B03D022
S214025F580021154816F004FB144B1B689A001BD543
S214025F6813F0805F40F6114418BF4FF44164204690
S214025F7811F0A3F990B92046BDE8104010F098BD7C
S214025F880948FFF7DFFE0A48FFF7DCFE162412F080
S214025F9854FF11F08CF9EAE71524E8E710BD00BFB4
S214025FA8D7610020D8610020D46900208C480020E0
S214025FB8F8470020024B187800F00F00704700BF21
S214025FC8D7610020034B187800F00F00831E584252
S214025FD858417047D761002008B512F019FFC0B1C2
S214025FE812F02FFFA8B10AF0A7FF90B90A4812F0DC
S214025FF8C1FC70B1094812F0BDFC50B110F0CBFDDF
S21402600838B111F05CF920B9BDE80840044812F02E
S21402601862BD002008BD00BF305B0020625B002026
S2140260280C56002030B505460C4693B081B910B917
S214026038002013B030BD1023214A69460120FFF71D
S214026048FBFE9DF805305A1E052A28D91720F0E7C8
S214026058182200212046F7F7E5FD002DEBD1FFF7C1
S214026068B1FF30B310F062FC6A4601460020FEF724
S214026078A5FEBDF80430204623819DF80230A3729F
S2140260889DF80030E37213F062F8002304F114015D
S214026098237304F1100003F0CBFDE081C8E7094A38
S2140260A89DF8041012789142D0D12B70002CD6D1CC
S2140260B8BEE7054B1B78033B022BD3D9C6E700BFC6
S2140260C864EE0100046C0020D761002030B593B05E
S2140260D805460C46FFF776FF20B90C4B1B78033BA8
S2140260E8022B10D810F022FC6A4601462846FEF714
S2140260F865FE00209DF80230607023709DF800301F
S214026108A37013B030BD1720FBE700BFD76100208D
S214026118054B1878012805D000F0FD00A0F13103E0
S21402612858425841704700BFD76100201FB5014644
S214026138002201A816F0E4FA064801A916F0A0FD06
S21402614820B116F021F94089C0F3400005B05DF889
S21402615804FB00BFAA6B002030B585B00D460022AE
S214026168014601A816F0CCFA084801A916F088FDDF
S21402617850B116F009F90446014608222846F7F7F0
S214026188A3FD6089C0F3400005B030BDAA6B0020AD
S214026198F8B50546F8B100210F4816F00EFD04467C
S2140261A8A8B10D4F204616F0EFF8064616F094FAF8
S2140261B8830705D4082229463046F8F77FF838B10F
S2140261C82146384616F01DFD04460028EAD100246A
S2140261D8201E18BF0120F8BDAA6B002010B50C4679
S2140261E80146064816F04CFD30B116F0CDF8438944
S2140261F81C4214BF0120002010BD00BFAA6B00205D
S2140262081FB51446024601A816F07AFA074801A9ED
S21402621816F036FD40B134B116F0B6F8142201462F
S2140262282046F7F751FD012004B010BDAA6B0020E6
S2140262381FB50146002201A816F062FA094801A90C
S21402624816F01EFD58B116F09FF84389024613F061
S214026258020004D0507B80F00800C0F3C00005B0EE
S2140262685DF804FBAA6B0020F7B59DF824400D469E
S21402627801949DF82040064600941F4614F004F840
S2140262884FF6FF718842044610D0BB0711D4284641
S21402629800F056FF204616F01AFDFF281FBF084AD0
S2140262A832F8103023F4804322F81030204603B028
S2140262B8F0BD02462946304612F0A3FCEAE700BFC4
S2140262C8005B002073B50E460146144816F0D8FC4B
S2140262D80546D8B116F058F843890446334012D01A
S2140262E89B0736B20BD5002E09DAA17B437B0289BF
S2140262F8007B0191012100912146FFF7B5FF6389D2
S21402630823EA06036381628912B1012002B070BDD6
S2140263182946024812F084FBF7E700BFAA6B002062
S2140263280148FFF71FBA00BFAA6B002013B53E4C00
S2140263380DF00FFED4F8FC311020C3F30743019387
S214026348FFF7C4FD000650D50020FFF7BFFD010683
S2140263584BD5019B802B3ED1236A9A0704D440F67C
S2140263681544204602B010BDE3699B07F7D52F48AF
S21402637812F05AF8012012F0BEF90DF0FDFD04469F
S2140263880028EED100F042F9294812F07EFB00F010
S21402639899F9E8F7ADF80DF0DBFD08F003FF08F011
S2140263A855FFF4F7D7FAF4F775FBF4F78FFB03F00B
S2140263B8DBFD10F0EAFB10F0EBFB10F083FF1D4844
S2140263C813F06BFF06F08CFA10F03FFF0028C8D0D7
S2140263D810F03DFFC5E7019B812BC0D1D4F80C31E4
S2140263E85B00BCD5D4F80C31BFE71020FFF76EFD72
S2140263F80006BCD40020FFF769FD0106B7D5019B4D
S214026408802B05D1084B1A6AD207A8D5DB69ACE7F8
S214026418019B812BA3D1044BD3F80C21002A9EDAC8
S214026428D3F80C31A1E700BF0080E00F690345EC02
S2140264380C5600203561020010B512F0FBFC70B352
S21402644801F0E0FA80F00104E4B20020FEF724FC32
S21402645844EA800424B212F0DBFC10BB0220044398
S214026468164816F0D8FB44EA4014154816F0D3FB33
S21402647824B244EA0014134816F0CDFB24B244EAC8
S2140264888014114816F0C7FB24B244EA40240F4889
S21402649816F0C1FB24B244EAC02080B210BD012423
S2140264A8D3E70B4812F066FA0028D7D0094812F04C
S2140264B861FA80F00100C0B24000D0E7146A0020FA
S2140264C8F86A002090480020786A0020D86A0020DF
S2140264D8305B0020625B002008B501F07FF8FEF70B
S2140264E809F8144812F046FA08B904F025FF1248CB
S2140264F812F040FA08B906F0DDF902F095FF0F48E7
S21402650812F0F5FA0E4B1B78043B022B09D80D48FD
S21402651816F081FB28B1FFF78FFF102801D107F08C
S214026528E1FC10F03AFB12F07BFBBDE80840064897
S214026538FFF75AB9305B0020625B00200C56002039
S214026548D8610020F86A002070CF0400014B186852
S214026558704700BF405500204FF6F77370B5984253
S21402656804460D4686B043D812F068FBA04207D10F
S214026578082220492846F7F7A7FB002006B070BD78
S2140265881D4EB6F86830A3420AD10022082106F149
S2140265986A0012F0E1FA18B9082206F16A01E9E778
S2140265A884B10023012219462046009308F05CFDB8
S2140265B8FF2811D12946204608F000FF80F0010086
S2140265C8C0B2DBE70D4B1B689B07EAD4284606F0E9
S2140265D8FBFD0028E5D0D0E702A913F000FD00284D
S2140265E8E8D1DDF80D302B60DDF811306B60C4E7BA
S2140265F80120C3E75D620020445500208C48002035
S214026608014B1870704700BF046C002010B5054C8B
S214026618082221460448E8F721FE204612F048FBE5
S21402662810BD00BF5D62002034B608C0004870473F
S2140266385D620020082208B50349F7F73FFEB0FA64
S21402664880F0400908BD00BF5D620020014B18704B
S214026658704700BFCB610020F7B50D4604461646C4
S2140266681F460021284601F061FD0B4B002183F8E6
S21402667859402A463346204600970AF03FF9014613
S21402668830B10222204603B0BDE8F04000F006B85A
S214026698012003B0F0BD00BF4455002013B51346D1
S2140266A80C461AB1022A0CBF134601230021044ADB
S2140266B8019100922246FEF71DFC02B010BD00BFF3
S2140266C81F8F030000B5002093B0FEF78FFB1E4B0A
S2140266D8188813F0E3FD1D4B1D491A7800200AF0AE
S2140266E891F9342200216846F7F79CFA0B238DF8B5
S2140266F800306FF4803301934FF6FE73ADF8103016
S21402670803238DF81D30134B134A0893134B106856
S2140267180993134B51680D93124B6A460E93124B0C
S2140267280F93124B1093124B119302AB03C3002123
S2140267380846FEF7F9FD6A4601210020FEF7F4FD39
S21402674813B05DF804FB00BF966B0020136C0020A4
S2140267586C7B0400756B02005D620020BB8C030034
S2140267685D9802001D6D020089A702001F8F0300B4
S2140267788D940200014B1878704700BF65620020AE
S214026788014B1888704700BFAE6B00202DE9F74F03
S214026798814610460E46904616F0A7F9DFF840B135
S2140267A805469BF8003033B94A4B1B681BB94A4B5F
S2140267B81B68002B7FD015F4406A05F040071BD1F2
S2140267C89FBBB5F5804F61D24FF48074B9F1400F84
S2140267D873D0B9F1800F63D0B9F1100F6BD10023D3
S2140267E89BF800003D4AD9B2884264D932F8021BA7
S2140267F80133A142F7D166E008F1030016F075F9F5
S2140268084FF6FF73984214BF0124022487B1052766
S21402681805F44043B3F5004F44F0080425D0B5F517
S214026828804F24D244F4807421E054460327EFE7CD
S214026838B5F5804F4FF00507F4D3BAF5406F14BF8D
S214026848022008203844404416F04FF9019012F00E
S21402685812FA019B05F4404598420CBF44F008041E
S21402686844F00404B5F5004F01D144F08004BAF5AB
S214026878006F0FD108EB070016F037F9054612F03D
S214026888DDF9A842A2D144F010049FE75446032734
S2140268980220D7E7BAF5406F08BF44F0200495E710
S2140268A80C4B1B683BB10022D1B233F8110033F906
S2140268B81110002903DA002008E0074BF1E7A0428E
S2140268C802F10102F0D106B13480012003B0BDE81E
S2140268D8F08F00BF1C56002020560020805B002048
S2140268E89E620020034B1A78022A04BF09221A70F5
S2140268F8704700BF666200200C22034B1A211A70EA
S2140269080320002201F090BD666200200C2208B522
S214026918054B1A211A700022104601F085FD002246
S214026928024B1A6008BD00BF666200202856002087
S2140269380C2270B50D4B05461E781A7030B93046D3
S214026948BDE8704000221A2101F06EBD084B1C7883
S214026958E1B21A29F3D825FA04F3DB0703D5442251
S214026968304601F061FD0134F2E700BF666200209E
S2140269782C6C00200C22024B1A7010F099BC00BF37
S21402698866620020F0B50C8805460E468BB0E4B960
S2140269984FF6FF77ADF8247010F09FFC10B902206E
S2140269A80BB0F0BDCDE90340CDE90544134A029485
S2140269B8B2F85C306032019300923B464CF6010115
S2140269C8FF2009AA13F085FC3080284612F07CFACC
S2140269D80B4C70B1237863B1013BDBB228462370B7
S2140269E812F072FA38B12078B0FA80F04009C0B2D4
S2140269F8D6E70523F2E70120F9E700BF4455002051
S214026A082B6C0020034B11461B6803B1184710F085
S214026A180FB800BF285600200C22024B1A7008F046
S214026A2839BF00BF666200200148FEF79BBE00BF62
S214026A38325B00207FB505460C46164615F0CEFE9C
S214026A4800286BD1062D03D85223EB40DB071AD455
S214026A58B4F1006F05D3E30E1C3B032B18D94F2065
S214026A682EE000222F4B1A602F4B1D7012F09AF858
S214026A7803460A2D54D8DFE805F02D183E49182596
S214026A8818535341360002F0A3F8B4F1006FE2D26D
S214026A980022244B042D1A60234B1D70E6D10220D7
S214026AA801F0B6F912F07EF80346012202921F4A56
S214026AB801921F4A00921F4A314620460AF078FA87
S214026AC804B070BD314620461B4A04B0BDE870408B
S214026AD80AF056BA31462046184B194A04B0BDE8A1
S214026AE870400AF031BA00220292164A0192104AFF
S214026AF80092154AE0E702220B4B1A700022104653
S214026B08124904B0BDE87040FEF7BAB900220292F4
S214026B180F4A0192064A00920E4ACDE74D20CFE769
S214026B280120CDE728560020666200203969020057
S214026B38756B02000B8F0300216A020015690200BA
S214026B480D6A02007D6902008D690200ED68020086
S214026B5801690200CD8E030008B50AF059FA0C2224
S214026B68014B00201A7008BD66620020F0B585B099
S214026B78ADF8060018B97621644815F0D8FEBDF8B7
S214026B88060011F0DAFD0446BDF8060011F0D5FD40
S214026B98082846D00C2CBDF8060042D111F0BDFEDE
S214026BA8074615F0A2FF0DF10F010646BDF80600CE
S214026BB80FF0DCFF002879D009220021384615F0AC
S214026BC823FB9DF80F301033C518BDF8060015F0E4
S214026BD8F7FBEDB2854269D22946BDF806000AF0EF
S214026BE825FB06F44C4416F44066054614D0F81CF9
S214026BF815F07BFF4FF6FF73984208BF44F0400437
S214026C08B6F5006F08D1781D15F06FFF4FF6FF73C3
S214026C18984208BF44F010049DF80F305BB3072D66
S214026C2844D1BDF8060011F07EFD0446BDF8060004
S214026C3811F083FD082817D0A30615D524F02001E5
S214026C4889B2BDF8060011F059FDBDF8060011F02C
S214026C5864FE0021092215F0D7FA00F1100189B264
S214026C680DF1060013F05EFC0022BDF80610284857
S214026C7815F0A9FF1AE0082D16D8BDB1013D072D5B
S214026C8814D801A353F825F0ED6C0200F96C020043
S214026C98B56C0200B96C0200B56C0200056D020004
S214026CA82B6C02000B6D02007C2D24D005B0F0BDC3
S214026CB824F48844A4B2B4F5084FF7D1BDF8060008
S214026CC811F036FDBDF8061013F0EDFA0028A8D02C
S214026CD8BDF8060011F084FD00220146022015F0D8
S214026CE8CDFEE3E724F48064A4B2B4F5484F97E7F0
S214026CF8B4F54C4F94E7B4F54C4F92D04CF650038B
S214026D0801E04CF640439C428AE700BFB46B04009D
S214026D18305B00202DE9F7430F4690469946064613
S214026D2815F032FB0446304615F04AFBC5B2083D5C
S214026D382C44E178094BA2781970094B31461A702F
S214026D48002043463A46CDF800900DF08DFD0038F7
S214026D5818BF012003B0BDE8F08300BF80620020A0
S214026D687F6200202DE9F04FDFF84081DFF840917E
S214026D7898F8002099F8003006469A4285B004D35F
S214026D8840F21911424815F0D2FD30460DF10F01B6
S214026D9815F0CEFC20B14FF48E713D4815F0C7FDB4
S214026DA898F800709DF80F403D1B15F0FF0530D08F
S214026DB84FF0FF3C374B01211B78A140184699F843
S214026DC800304FF6FF790CFA03FC0023324A01F131
S214026DD8FF3E0193C1F1000A9DF80430984243D859
S214026DE8122004FB00002D4BA0F1120105EBC50290
S214026DF85200194404F101091844F6F765FF4FEAF0
S214026E0889092748A9F104010144AA004844F6F76B
S214026E185BFF224904EBC40201EB420321F812602D
S214026E28204A013712784FF6FF71DA731A745A74C9
S214026E3812025A801C4A0D2012781A7110225A71B0
S214026E4800229A73C3F80620C3F80A20144B43F8A4
S214026E58242088F8007015F011FE0EB913F082F897
S214026E68204605B0BDE8F08F13884B450AD0536814
S214026E780AEA030B03EA0E030B4403EB4B0343EA4B
S214026E880C035360019B083201330193A4E700BF49
S214026E98C76B0400106C00205C460020CC5A002009
S214026EA8584600208062002067620020D1610020D8
S214026EB80E6C002010B5074C2046FEF743FF04F080
S214026EC86BFB02F0DDFE2046BDE810404FF47A5117
S214026ED815F046BBD46900202DE9F0410746002587
S214026EE80A4B0B4E93F80080ECB2A04503D8FF2459
S214026EF82046BDE8F08108223846B11DF7F7DEF9CC
S214026F0801350028F4D01236EEE700BFD161002022
S214026F18CC5A002007B50DF1070115F009FC30B16F
S214026F289DF80730034803EBC30300EB430003B0A6
S214026F385DF804FBCC5A00202DE9F843294E044696
S214026F4833785D1E2D1A8342EDB204D84FF4A17130
S214026F58254815F0ECFC0123A3404FF0FF305F1ED6
S214026F683B4400214FF6FF7E6FEA03081F4A92F859
S214026F7800C01F4A127890401E4ACBB29C4523D8BE
S214026F88BDB127B204EBC4041B48640005EBC50276
S214026F9804F11201014452002044F6F795FEBF00A0
S214026FA81648AA00391D014402F0FC023844F6F7D6
S214026FB88BFE33780022013B33704FF6FF71BDE833
S214026FC8F8430E2015F05ABD1388734507D0536848
S214026FD808EA03093B4003EB5903034353600832AC
S214026FE80131CAE7D1610020C76B0400106C00208B
S214026FF80E6C00205C460020CC5A00205846002022
S21402700810B50A4C207858B9094B1B781A2B03D9A5
S2140270189921084815F08BFC0322074B1A7010BDFD
S2140270280138C0B2FFF788FFECE700BFD161002045
S2140270380E6C0020C76B0400CD6100202DE9F047D6
S214027048054615F033FEFF28044624D1DFF884905F
S2140270581E4B99F800201B789A422BD22846BDE888
S214027068F047FFF77FBE38883B79504518D86F2B14
S2140270784FEA131214D85B0710D0123708F101082A
S21402708899F800105FFA88F6B142ECD80023104A45
S214027098DEB28E4214D32046BDE8F087022AECD927
S2140270A813F0D1F80028E8D129463046BDE8F04763
S2140270B811F04BBF4FF000084FF6F77A044FDFE7A0
S2140270C8107901338F28EFD81232E1E70E6C0020D0
S2140270D8CC5A0020D16100204FF6F773984210B5BB
S2140270E814D8FFF7ABFFFF2810D0134C00B200EB02
S2140270F8C00004EB40040DF0C9FD104938B9628897
S2140271080B7802EB0313A3EB1213638010BD227CE9
S214027118637C09789A42E2732374617407D98B42B6
S21402712803D213468B4228BF0B461B02EDE78A4260
S214027138F8D31346F9E700BFCC5A00208062002035
S2140271482DE9F04106460F4600240E4DDFF838803A
S21402715898F80030A34201D8BDE8F08108222946F3
S2140271683046F7F7ABF840B935F8063CBB4204D0D0
S2140271782046FFF7E1FE013CE4B20134E4B21235E0
S214027188E6E700BFD25A0020D1610020F8B50546CE
S21402719808460E46FFF7A0FEFF2830D01D4B2946AC
S2140271A853F820703046FFF7CBFF2846FFF746FF16
S2140271B8FF28044625D113F061F8FF280AD1164C99
S2140271C8207838B10FF0B5FB2378B0FBF3F202FB58
S2140271D81300C0B2294611F0B8FE044623B20F4D7A
S2140271E803EBC30305EB430508223146A81DF6F751
S2140271F86BFD2B79204603F00F032B71F8BD002791
S214027208D3E7074B1B78002B18BF0027014B43F820
S2140272182070E3E7584600200E6C0020CC5A002067
S2140272282D6C002038B50B4B04461B780D4683425E
S21402723804D840F25A21084815F079FB074804EBAF
S214027248C40400EB44002946BDE83840082206304C
S214027258F6F73ABD0E6C0020C76B0400CC5A002025
S21402726870B5044608460E4615F020FDFF2805466A
S21402727810D02046FFF730FEFF2807D0084B1B78B1
S21402728823B9084B53F8202043F8252021462846E0
S214027298FFF7C8FF31462046BDE87040FFF750BFEB
S2140272A82D6C0020584600202DE9F843002480461D
S2140272B801272646114DDFF84C9099F80030A34274
S2140272C810D83E430134E4B21A2C4FEA470705F1B8
S2140272D81205F2D14FF0FF30094B1B789840304325
S2140272E8BDE8F8832B884345EBD0284611F076FE96
S2140272F80328E6D82B796F2BE3D8E3E7CC5A00208D
S2140273080E6C0020D161002010B5084C00EBC000BE
S21402731804EB400423795B0707D1204611F05EFE92
S214027328237923F007031843207110BDCC5A002096
S2140273380022084B1878084BD1B2884203F1120390
S21402734800D8704713F80D1C013221F0100103F81B
S2140273580D1CF1E7D1610020CC5A00202DE9F04738
S21402736802261227DFF85C90DFF85C8099F8004066
S21402737800250CE007FB05F338F803A00021504669
S21402738811F041FE10B15CB1013CE4B2013599F846
S2140273980030EAB29342EDD8A34204D14FF6FF7A00
S2140273A85046BDE8F0870FF0C4FA99F80030012E6F
S2140273B8A3EB040390FBF3F202FB1300C4B2EDD076
S2140273C80126D5E7D1610020CC5A0020034B0021C4
S2140273D81A7803489200F6F725BC00BF0E6C002008
S2140273E85846002010B5134B0C461B7886B08342CD
S2140273F812D9114900EBC00001EB400108222046D1
S2140274080631F6F761FC00220821204611F0A4FB9B
S21402741880F00100C0B206E0C01A01A9C0B212F09C
S21402742836FF10B1002006B010BD01AB03CB2060BA
S2140274386160E8E70E6C0020CC5A002008B5074BBE
S214027448024653F820308B4206D915204FF6FF71B4
S21402745815F014FB002008BD0120FCE75846002062
S214027468024B013143F82010704700BF58460020EF
S2140274782DE9F34781460C4600272A4EDFF8ACA0D2
S2140274889AF80030FDB2AB4210D86946204612F090
S21402749817FFC0B3082269464846F6F70FFF90B3AF
S2140274A84946204612F055F8FE2537E006F106084A
S2140274B8082241464846F6F701FF90B94FF6FF7391
S2140274C89C422BD03388A34228D0204615F0FFFBD7
S2140274D8FF2814D14946204602B0BDE8F047FFF718
S2140274E855BE14B912360137CAE73388A342F9D112
S2140274F800220821404611F02FFB0028F2D1284628
S214027508FFF71AFDCCE74946002015F0DEFBFF28F8
S214027518054603D0044B1B780344DDB2284602B066
S214027528BDE8F087CC5A00200E6C0020D1610020FE
S2140275380F4B1B7883420CD8C01A0E4AC0B232F8D8
S2140275481030D90411D443F4805322F810300120A5
S2140275587047094B00EBC00003EB40035A79D1068B
S21402756803D442F010025A71F1E70020704700BFB8
S2140275780E6C0020005B0020CC5A0020F0B5134B9E
S21402758806461B78FBB100251148DFF84CC090F878
S21402759800E0104807781F44E8B2864501D8002064
S2140275A8F0BD7C1B94FBF3F003FB10440CEBC40009
S2140275B83CF83440B44204D1002AF1D184788C4293
S2140275C8EED00135E8E71846EAE700BF106C00205F
S2140275D878480020CF6100205C46002070B50CF089
S2140275E8A9FC14250F49104E0B78328830809B1A56
S2140275F803449BB2B3FBF5F405FB14330B700B493B
S214027608E2B20B78934292BF00239B1ADBB2032A9C
S2140276180B7088BF002306499EBFD2000B68D34072
S2140276280B6070BD69620020345B0020CE610020CA
S21402763878480020084B1868084BC2B21B789A4252
S21402764808D2074BC0F307201B78984234BF0020A5
S214027658012070470120704778480020106C0020EF
S21402766868620020F8B505461746FFF7E3FF0646A8
S21402767810B9184B1A783AB9212001224FF6FF7131
S21402768815F0FCF90020F8BD1348DFF854C003785B
S2140276980133B3FBF2F402FB143303700F48DCF831
S2140276A8002000EBC30420F8335002F10132A17027
S2140276B83846CCF80020FFF7F7FDE670606011F058
S2140276C8BDFAA84201D10120DDE7E3780133E37071
S2140276D8F9E700BF106C0020CF6100205C4600204E
S2140276E87848002010B50B4C0B4A2378063B1370DB
S2140276F80CF020FC0022094BFF211880084B094891
S2140277081A602278D200F6F78DFA0422064B1A700F
S21402771810BD00BF106C002068620020345B002099
S214027728784800205C460020CE6100202DE9F84308
S214027738074615F0F5F805461A4815F06CFA1A4B7E
S21402774848B31C683C1B2C44A4B20022174BDFF833
S21402775864901B78164D99F8006005EB03155FFADE
S21402776882F8464509D9AB8805F11000A34215D917
S214027778B21A29461201F6F7A7FA013689F8006006
S214027788AC80B8F1000F03D13946064814F0E8FE7B
S2140277982846BDE8F8833C461D60D6E70546013212
S2140277A8DDE700BFF46900202C5600206B6200203B
S2140277B8584500206C6200202DE9F74F15F0B0F806
S2140277C84FF0000E284D294F2978294C97F800A02B
S2140277D804EB011303EB0A120092F3465246DFF853
S2140277E898801FFA80FC0646B8F80000ACEB000941
S2140277F8A0EB0C001FFA89F901900098984217D15D
S214027808BEF1000F00D02970524503D200203A700C
S214027818FDF7DEFA3B7823B32B78164804EB0314FD
S214027828A188C8F8006003B0BDE8F04F14F098BE0F
S214027838B3F804C0CC450FD84FF0010E93F802C037
S21402784801310CF1FF3C013AA3F804B083F802C0F8
S214027858C9B2D2B21033D0E701988444A3F804C060
S214027868F8E703B0BDE8F08F6B6200206C62002078
S21402787858450020F46900202C5600207FB56C4637
S2140278881E4B1F4D1E78013EF6B21E7095E80F007D
S21402789884E80F001B4B28461A7805F1100132447B
S2140278A81201F6F711FA9DF8026016F00F0511D1CB
S2140278B8BDF8080009F02CFE360918BF29464FF015
S2140278C80002BDF8000008BF039904B0BDE8704086
S2140278D802F022BDBDF80400FFF728FF034682889F
S2140278E804ADADF80420224603CAAA4218605960BD
S2140278F8144603F10803F6D104B070BD6B6200208B
S214027908584500206C620020F8B50024084D094F3F
S214027918094E3B783178E2B20B449A4204F10104EC
S21402792800DBF8BD2846FDF71DFF1035F1E700BF5E
S214027938584500206C6200206B62002070B5134B1D
S21402794806460D46104612491A78124B09781B78D5
S2140279580B44934206DB1F204FF6FF7115F08EF894
S214027968002070BDFFF7E2FE0135068085700446EA
S21402797814F0D1FFE08009F0D1FD40F602432081E1
S214027988E3600020FDF724FA0120EAE70D6C0020E8
S2140279986C6200206B6200202DE9F84386460023BD
S2140279A8144FDFF85C803E7898F800501249721936
S2140279B8DCB294421CDA4FEA041C31F80C9001330C
S2140279C8F14501EB0410F3D1631CD21A0CF1100C2A
S2140279D812016144F6F778F9A5428BBF05F1FF3527
S2140279E806F1FF3688F800503E700CB9034B1C703F
S2140279F8BDE8F8836C620020584500206A620020C1
S214027A086B620020044B054A1B781278D3420CBFDF
S214027A1801200020704700BF6B6200206C620020C5
S214027A28024B1878003818BF012070476B62002096
S214027A38002108B5084B09481970094B1970094BFB
S214027A481970094B1A781201F6F7ECF8BDE80840E7
S214027A580648FEF777B900BF6C620020584500203A
S214027A686B6200206A6200200D6C0020F469002018
S214027A7810B50B4C23784BB10A4802F03BFD58B1BF
S214027A88084B0121188811F0CBF908B9002010BD5F
S214027A980122054B1A70FAE7FFF7F0FEEAE700BF85
S214027AA86B620020584500206A62002010B50E4B13
S214027AB81B78BBB10D4C238883424FF0000311D1CB
S214027AC80B4AE160137049B9A3781033A37011F01A
S214027AD871FC18B9A37823F00F03A370FFF7CEFE44
S214027AE8012010BD1846FCE76B62002058450020AE
S214027AF86A62002070B592B00C4606460EF016FF73
S214027B08E17A05460020FCF733FE28B394F90A000A
S214027B1811F02DF810BB134BE27A294683F8582049
S214027B28A27A83F85A206A46FDF748F94FF6FE739A
S214027B389E420CBF4FF6FF7323896A4629460020E9
S214027B48ADF80660ADF80430FDF7EEFB40B92289C1
S214027B58054B5A8012B070BD5520FBE75620F9E750
S214027B682120F7E7445500203056002010B5044679
S214027B78014608220948F6F7A7F8237B022B0AD8FB
S214027B88002B14BF3122012205490B7017234B61C3
S214027B98044B1A7010BD00230122F5E73456002064
S214027BA830560020D7610020014610230120014AE2
S214027BB8FEF742B964EE0100014B5861704700BFF8
S214027BC830560020014B1878704700BF3056002008
S214027BD810B5054C2378112B03D0E221034814F084
S214027BE8A6FE4123237010BDD7610020D26B040085
S214027BF8064B01461B78042B04D1054A137E05332F
S214027C0813767047034814F0ABBC00BFD861002057
S214027C1830560020146A002008B50648FDF7A2FD73
S214027C280548FDF79FFD0EF0ADFFBDE8084000F0E1
S214027C38EBBF00BF305B0020625B0020064B187863
S214027C48332806D000F0EF00A0F14303584258410B
S214027C5870470120704700BFD7610020002208B590
S214027C68074B4FF6FE701A7010F0F4FF4FF6FF70CF
S214027C7811F00DF8034B5869BDE808400EF018BF1E
S214027C88D76100203056002008B5064B187838B160
S214027C980548FEF743F84FF47A73B0FBF3F0C0B228
S214027CA808BD00BFCC610020384800202DE9F0430B
S214027CB88BB00746154698460E469DF8489049B931
S214027CC8104605AC15F003F8214612F0E0FA17281C
S214027CD818BF2646B9F1000F0AD1124B1B781BB9FA
S214027CE8284612F0F1FAD0B92846FEF7A1FA02E0C1
S214027CF8284612F0E9FA80F00104E4B29DF8503002
S214027D082A4602939DF84C303146CDE90093384610
S214027D184346039411F0C8F90BB0BDE8F0834C460D
S214027D28ECE700BFD36100200022014B1A767047A9
S214027D383056002008B50020FEF788FC0023024AC9
S214027D48C2E90133538008BD3056002010B5144BE3
S214027D581B78033B012B16D8124BB3F868204FF654
S214027D68FF739A420FD10320FEF7E6F801F052FF9E
S214027D78FFF7E0FF002014F0FDF978B1BDE81040E7
S214027D88002010F0D8BDFEF7C7F80446FEF7BEF886
S214027D980146204607F01AF80220E5E710BD00BFA4
S214027DA8D86100204455002008B5114A114B586185
S214027DB81378032B1BD0D3B1332B01D0432B10D10E
S214027DC80D4B1B78033B012B05D803231370BDE824
S214027DD808400EF06DBE0EF06BFEBDE80840FFF7D9
S214027DE8B5BF21231370BDE8084001F07DBD08BD6C
S214027DF8D761002030560020D861002008B5034815
S214027E08FDF7A0FFFFF796FF022008BD38480020BE
S214027E1838B5114D04462B78834218BF28700FF0E8
S214027E2854FA80B124B920460FF051FA02220DE026
S214027E3801200FF04CFA2B781A1F012A05D9062BB7
S214027E48F4D1032202E0002CF5D10122BDE8384025
S214027E580021084611F068B8D861002030B50446FB
S214027E6885B068460D46FFF79FFE94B10021284666
S214027E78144A01F0F3FE144B20681B7861688DF8EB
S214027E880430124B1B788DF8053002AB03C305F09D
S214027E9871F90F4B93F8582093F85A308DF803204F
S214027EA88DF8023010F0E7FEADF8000010F0C6FEBE
S214027EB81023ADF8060069460020064AFDF7BCFF07
S214027EC805B030BD00F8FF07046C0020D86100201A
S214027ED84455002064EE010010B5104B04461A788B
S214027EE80F4B002083F8582014F044F910B10020F4
S214027EF810F021FD00210846FFF7B0FF0FF0D7F972
S214027F082046FDF749FA40F617400EF0D1FD002349
S214027F18044A1380044A138010BD00BF6D62002015
S214027F28445500200A5B0020085B00201FB5044663
S214027F386846FFF739FE54B100238DF80530102342
S214027F4869460020064AFDF777FF04B010BD10F018
S214027F5875FEADF8060010F08EFEADF80000EEE7EE
S214027F6864EE010010B5014604460020FCF700FC4A
S214027F7890B10C4B1B78023B032B0FD80A4B1C7094
S214027F8814F02CFC60B9094A0949FCF779FF003855
S214027F9818BF0120800010BD5520FCE70220FAE732
S214027FA84D20F8E7D76100206D62002031A8020054
S214027FB8E17E0200F8B5064614F010FC044668B9DD
S214027FC814F0D8F850B1064D204695F8587085F842
S214027FD8586010F0B0FC10B185F858704D20F8BD06
S214027FE8445500202DE9F04180461846033B012BF4
S214027FF80E46174602D918B1212438E0FFF708FFC3
S214028008274B1D78022D08D0032D46D1B8F1000F54
S21402801803D1244B1B689B073FD43320FDF78CFF04
S21402802801F096FAB6F1006F34BF1F4B05223146AF
S2140280384FF0060038BF1A78FEF7FCFC044628BB49
S2140280481A4D2873012000F017FE10F014FE6880FF
S2140280582846B8F1000F0DD0022300F8043B11F0B1
S21402806876F86C732F61394630460EF065FC20466A
S214028078BDE8F081012300F8043B11F068F86C7340
S2140280882F61394630460EF056FCF0E72846FDF7D3
S21402809853FFB8F1000FF4D0E5E70224E7E700BF84
S2140280A8D76100208C4800202E6C00203056002015
S2140280B8034B187818B9034B034A1B78D05C7047F1
S2140280C8D6610020D861002054D0040038B5437B1E
S2140280D80446DB0703D590F909000FF0E7F80025F8
S2140280E80F4B83F859502079FFF764FFFFF7E0FF3C
S2140280F861882488034622462846FEF7ADFA0446D7
S21402810820B11720FFF750FE204638BD1723054D2D
S214028118C82105486B6114F023FA03232B76F3E78C
S2140281284455002030560020146A0020F0B51A4D37
S21402813806460C4693B0A5F8680005F16A0729BBFF
S214028148C5F86A1079600EF0F1FB6A46014600200F
S214028158FCF734FED5F86A30ADF81060CDF8123068
S2140281687B68CDF816300EF0E1FB6A460146002021
S214028178FDF7DAF84FF6FF73B5F86800984203D0B1
S21402818814B106490EF0DBFB13B0F0BD08223846E0
S214028198F5F79AFDD7E700BF44550020AE550020F4
S2140281A82DE9F041DFF8B8801F4698F800300546FA
S2140281B80C4616461BB102252846BDE8F081531E1A
S2140281C8052BF8D814F00AFB0028F4D13B7B032BC6
S2140281D814D14FF6FE739C4212D1012E09D0022EFC
S2140281E8E9D110F02BFD4FF6FB73984203D810F036
S2140281F825FD044604E011F07CF9FAE7012EDAD0F0
S214028208EDB939462046FFF775FC05460028D3D156
S21402821898F80030332B03D0532B1CBF0E4B186133
S2140282283046FFF7F5FD00214FF6FF70FFF77EFF99
S2140282380A4B1B78002BBFD012F02CF8BCE7397B10
S214028248721ECB1E594259415042504105F07CFFDE
S21402825805460028D5D0AFE7305600202F6C002000
S214028268D76100202DE9F04105460F46904610F0EA
S214028278E5FC6B7B0446DB0703D595F909000FF08E
S21402828815F810F0DBFC384B384E188010F0F3FC6B
S214028298374B1880FDF73AFE364B1880FDF73CFE42
S2140282A8082201463448F5F70FFD10F089FC334BD7
S2140282B818702879FFF77EFE00216888FFF736FFD8
S2140282C8FDF726FF60B14FF6F672631E9BB2934225
S2140282D806D911F00EF9B6F8683004468342F8D08B
S2140282E8204610F0B7FC288810F0D1FC4146B6F8B4
S2140282F86800B847044628B91920FFF755FD192023
S214028308BDE8F081B6F8681010F051FA00231C4D4B
S21402831886F859302B7803F0FB03022B02D020464E
S21402832810F0B2FE002220461146FFF707FB04466D
S214028338B0B117236B61134B1B78042B09D1C821E4
S214028348114814F00DF903232B7684F00100C0B20D
S214028358D6E74FF416710C4814F002F90023F3E737
S2140283681720FFF721FDF0E73A5B0020445500206E
S214028378385B0020365B00206E62002076620020A2
S21402838830560020D8610020146A0020F0B50C464A
S2140283981E460B462049074689B004F1140053F8D6
S2140283A8045B834241F8045BF9D11B8802AD0B805B
S2140283B8D4F80E00D4F81210238803C5ADF810308E
S2140283C823798DF812208DF8133000233A468DF85B
S2140283D814304FF6FE71012002ABFFF7E1FEC8B972
S2140283E802A8FFF7C3FB237B4BB10C4D0C4B01AA2B
S2140283F82946012001930EF037FF2A781AB920463B
S214028408FFF764FE03E020460199FFF72BFF08B941
S214028418044B1E7009B0F0BD3C5B002030560020AD
S2140284286D9103007762002001232DE9F341304E57
S21402843805460F4600202F491446737300F0EAFBE0
S2140284480EF036FFDFF8AC8038B9012D01D9042DBD
S2140284580FD1214638460EF0EFFA1020002111F00F
S21402846831FF00283CD0002002B0BDE8F041FCF7FE
S214028478AFBC002CF1D1204B1B78212B03D0062B46
S21402848801D0532B02D101F02FFAE6E7FDF740FEA2
S2140284980028E2D000F0EAFB28B9307BC0F11800C9
S2140284A8FFF782FCD9E7154B41462046019300F0B8
S2140284B8B1FB20B140F61901114814F038FA01AAA6
S2140284C80B4998F80C000EF0CFFE32781AB9094814
S2140284D8FFF7FCFDC1E701990648FFF7C3FEBCE7B4
S2140284E8FFF79EFA0028BED102B0BDE8F08100BFB1
S2140284F8305600203C5B0020D76100206D910300B7
S214028508D26B04001FB5144B04461B88DB0707D43E
S2140285184FF6FF700021FFF709FE002004B010BDD9
S2140285280A230E4A012001A9FDF786FC4FF6FF73BF
S214028538BDF80C209A42EBD00822FF2101A810F0C1
S2140285480BFB0028E4D10CB90120E7E7BDF80C00C4
S21402855801A9FFF7EBFDF7E7545B002026E10100CF
S21402856838B50C46154610F075FB02F053FF29463F
S2140285782046FFF7DBFD00F079FB48B1054BDB79B7
S2140285880E2B28BF0E230133DBB2034A137038BD05
S2140285980123FAE73C5B00208362002038B51D46BB
S2140285A8FFF7FEFD0446C8B92B7B2846032B03D1EA
S2140285B8BDE8384010F0EABDFFF7D8FA084B254662
S2140285C89C8110F0FDFA0121064B81401A7806209C
S2140285D8FEF730FA044608B1034B1D70204638BD34
S2140285E8305600202E6C0020D761002030B50120BE
S2140285F887B0FFF787FF6B460446144A106851682F
S21402860803C384B904F0C4FD02A8FFF7CDFA4FF6F7
S214028618FF752246BDF80E002946FFF7A1FF0EF0A9
S21402862892F907B030BD6B46094AD2F86A00D2F80A
S2140286386E10B2F8685003C304F0AAFD02A8FFF74A
S214028648B3FA6A46BDF80E00E6E700BF66F4030012
S2140286584455002037B5324B04461B781BB102241A
S214028668204603B030BD14F0B9F80028F7D100F060
S2140286780DFB14B122882B4B1A8000210DF107003E
S214028688FDF7D0FC002848D110F052FD0446002819
S214028698E6D1254D9DF80700FFF7BAFB2B78033B7A
S2140286A8012B27D82046FFF72DFF18B3FFF79EFFAA
S2140286B800F0FCFEFFF74AFB012010F04BFA48B91F
S2140286C8184B1B889A0707D5234605220120174907
S2140286D8FFF788FC0446C3E7154D02232946012006
S2140286E8144AFDF7A9FB2B885B07B9D5204600F08C
S2140286F8F1FEB5E72B78053B012BB1D8FFF776FFDD
S214028708FFF724FB2B78052B0CBF04200520FDF76A
S21402871813FC012010F01EFADCE71724A0E700BFBE
S214028728D7610020545B0020D861002000F8FF07BC
S214028738065B002027E101007FB50024184E194D7C
S2140287483278E3B29A4201D804B070BD4FF6FF738E
S214028758B5F868209A421AD0134B1B88DB0714D543
S214028768124AB5F8683010685168ADF80C3001AB9B
S21402877803C30F4A0A23002001A9FDF75DFB022363
S21402878800200C4A0C49FDF757FB0134D8E70022B3
S2140287980821064810F0E0F90028F6D1DCE700BF09
S2140287A80F6C002044550020545B0020AE55002074
S2140287B826E1010027E10100065B002010B500F063
S2140287C8C7FE01F013FCD8B10E48FDF7BBFA0E48F7
S2140287D80E4C017A0E30FFF741FB23781BB100F0EE
S2140287E8F7F9002323700022094B1A73FFF7AEFA33
S2140287F807F0B8F900F012FFBDE81040FFF79CBF7B
S21402880810BD00BF146A00203C5B0020776200207F
S2140288183056002010B52548FDF794FA01F0E6FB1D
S21402882830B1234B1B781BB9BDE81040FFF7C6BF13
S21402883801F0DCFB78B11F4C237E83B1C8211B48AC
S21402884813F08EFE0021237E0846013B2376BDE800
S2140288581040FCF72BBBFDF75BFC0028EBD1FDF7BD
S21402886857FC154B1B7858B9112B03D003F0FD03A0
S214028878412B19D1BDE810400E4B5869FFF794BA40
S214028888332BF7D10D4B188810F0E4F90C4B1888E7
S21402889810F0FDF90B4B0C491888FFF747FC0B4BF9
S2140288A81878FFF787FBE5E710BD00BF146A0020BB
S2140288B8D361002030560020D76100203A5B0020A2
S2140288C8385B0020365B00206E620020766200204D
S2140288D82DE9F04F0F4685B002AD044629463846C4
S2140288E8914611F081FF4FF0000B82463846CDF8CC
S2140288F804B010F012F84678022C804606F00206FB
S21402890809D85CB1FDF704FC0446002848D1754B2B
S21402891801241B7865E0043C022C3AD9FDF7F8FBE3
S21402892838460FF073FF00240546A046DFF8D8A1A4
S21402893838460FF0F2FF50F809300DF105000193A2
S21402894814F0D3F89DF807B00746B8F1000F4DD1DA
S214028958BBF1000F5BD0DFF88C9199F800300BB1B1
S214028968002E63D0002C61D05F4B1B78022B5DD1A2
S214028978BBF1000F53D1384610F06CF958465946E9
S214028988FFF76CFA07F0EEF840F607400EF090F89C
S21402899834E010F0C1FBFDF7BBFB0446F8B15C46B9
S2140289A84EB1524B1B78012B02D0043B012B0BD83D
S2140289B805B0BDE8F08F4B4B1B782BB14B4B1B78A1
S2140289C803F0FB03022BF3D0BAF1000F404608BFB0
S2140289D8002511F0FCFE4FF001088246A8E7414B3D
S2140289E81B78002BF0D0002EEED1E1E7BAF1000F8B
S2140289F8AED05046FDF71EFE0028A9D1002013F07F
S214028A08B9FB0028D4D000200FF095FFD0E74FF628
S214028A18F7739F429FD91720FFF7C6F9EEE7FDF7CF
S214028A2877FB48B13248FDF78DF9F4E7FDF770FB9E
S214028A3810B1BBF1000FF5D1FDF76AFB0028DDD0B7
S214028A482846FEF749FAFF28DFF89CA0294C03D0EF
S214028A589AF80030012B04D12946B4F86800FEF7CC
S214028A6895FBFEF751FC2A463846B4F86810FFF71D
S214028A7877FD214B214A93F906301B0213809AF898
S214028A880030012B19D0312B14BF432311238AF847
S214028A9800301B4B1648196813F062FD00F006FDFD
S214028AA80023124C99F80010237641B9104813F0A7
S214028AB857FD40F61B436361A0E71123E7E7B8F1C9
S214028AC8000F03D016B1FFF779FEF2E70D4B1B78BD
S214028AD8042BEED10521064813F042FD092323761E
S214028AE8E7E700BFD3610020D76100203056002098
S214028AF8146A0020445500203C5B0020525B00208C
S214028B08346A0020D86100205D62002070B50846ED
S214028B188CB00D460FF001FF09220021064613F01D
S214028B2873FB044628460FF071FE052228460DF10F
S214028B380F0304A90EF00EF802281BD09DF80F307A
S214028B4829461C440023E4B204F11002365D0120D3
S214028B580093D2B20BF088FE60B1022E0AD1064B01
S214028B681B78012B06D1054B187818B922462946D8
S214028B78FFF7AEFE0CB070BDD7610020305600205D
S214028B8808B5084B187050B1074B1B883BB14FF419
S214028B987A710648594313F0E3FC002008BD012009
S214028BA8FCE700BFCA610020B06B002058470020CF
S214028BB8014B188000207047B06B002008B5FDF7FF
S214028BC8C1F80022014B1A7008BD00BFCA61002016
S214028BD810B50024044B05481C80054B1C70FDF795
S214028BE8B1F8204610BD00BF565B0020386A002048
S214028BF87862002008B50348FDF7A4F8BDE80840E7
S214028C08FFF7E6BF386A00200148FCF7ABBD00BF95
S214028C18565B0020F7B5134B04461B780E46EBB19D
S214028C2883421DD90021104813F0C7FF00250146CC
S214028C380D4F09B9012009E0AC4209D100241623D8
S214028C4822463046009414F04DF8204603B0F0BD94
S214028C58384613F0D6FF01350146EAE71820F5E74D
S214028C682720F3E778620020565B0020014B18782D
S214028C78704700BF7862002025289DBF024B1870F7
S214028C8800202120704700BF306C0020012307B562
S214028C981846064A0DF10701FDF7CEF89DF807209B
S214028CA8034B1A7003B05DF804FB00BF29E101000C
S214028CB8B26B002084B010B502AC84E80F0008221C
S214028CC824480DF11601089CF5F7F8FA38BB9DF80A
S214028CD815309B0705D4204B1B7803F0FD03312B78
S214028CE823D11E496378097803F00F028A4203D01B
S214028CF8012928D1022A18D12278B2B91B09022BD7
S214028D0813D194F90230002B21DB154BB3F86820F7
S214028D18BDF80A309A4208D1FEF790FF06E0002214
S214028D2808210C480FF018FF20B90020BDE81040B3
S214028D3804B070470B4BBDF808205B889A42C6D031
S214028D48002BC4D0F1E70229EFD1012AD3E701208C
S214028D58ECE700BF34560020D7610020046C0020E0
S214028D68445500203056002084B02DE9F0478EB0D6
S214028D7816AC84E80F00DFF868C1564BBCF8020050
S214028D889DF85D9010F001049DF96220BDF870E030
S214028D989DF875A09DF976709DF878509DF97A1021
S214028DA89DF95E809DF860601B782FD09DF87D0047
S214028DB8C0F34004C0F38000002B44D0464B1B7817
S214028DC8012B02D1002C00F08280C0B19CF8003042
S214028DD81E335BB2BB42ACBF002701279845D4BFFF
S214028DE800230123BB4209D18A4208DB0CD1A81B07
S214028DF8C0B280288CBF0020012000E038460EB0A2
S214028E08BDE8F04704B070470020F8E710F0020FFC
S214028E1818D0C3B1490814BF01200020520814BF55
S214028E28012300238342EAD1AB1BDBB2802B0AD98B
S214028E38AE42E9D1B84506DB49D1CA4594BF0020FF
S214028E480120DCE70BB90120D9E7AE4216D002AC06
S214028E581CAF0FCF0FC497E8030044F8040B218019
S214028E68DDE91A0116AB0090ADF804100FCB0EF030
S214028E78F4F90028E7D1AE42B9D1C0E7BDF85830B8
S214028E8873451ED008AC0DF1700CBCE80F000FC479
S214028E989CE8030044F8040B2180104C6388734551
S214028EA80FD10822211D0DF12E00F5F707FA02460A
S214028EB838B90821201D0FF04FFE10B96388002B21
S214028EC8C1D1B845BFDBC2D1CA45BCD8BFE7204628
S214028ED895E700BF78620020D76100203056002050
S214028EE8B26B002084B02DE9F04F8FB06A4E18ACF2
S214028EF808AD84E80F00162200212846F4F792FEF1
S214028F0833783BB90024654B32781B789A4239D2BB
S214028F18002726E00021624813F04FFE0027044689
S214028F28B846DFF87C91002C45D13FB12246394637
S214028F385B480FF075FD3378013B33703378002BAE
S214028F48E0D0002156484FF0000913F036FE4F468F
S214028F588046CA46DFF848B1B8F1000F6CD1002F38
S214028F68D1D01621002218A80FF0F2FC014648B10B
S214028F78002F00F08B80224649480FF009FD33780F
S214028F8801333370454B32781B789A4207D94448E6
S214028F98002201880FF044FD3378013B33703378A2
S214028FA8012B03D13F49404813F0DAFA0FB0BDE867
S214028FB8F04F04B070470022214616232846CDF803
S214028FC8008013F08FFE1622294618A8F5F776F9C0
S214028FD80028EBD09DF864209DF824309A4225D1CB
S214028FE8BDF86020BDF820309A421FD108220DF144
S214028FF82E010DF16E00F5F761F9B8B902AF0DF161
S214029008600CBCE80F000FC79CE8030047F8040B87
S21402901839800EAB13E903000090ADF8041095E80A
S2140290280F00FFF7A1FE0028C0D027462146484673
S21402903813F0E7FD044676E7162300224146284643
S214029048CDF800A013F04EFE02AF0DF1600CBCE89E
S2140290580F000FC79CE8030047F8040B39800EABD5
S21402906813E903000090ADF8041095E80F00FFF727
S2140290787BFE074620B1B9F1000F04BF444681467D
S2140290884146584613F0BDFD804665E73A46044811
S21402909813F099FD73E700BF78620020306C002059
S2140290A8565B002020BF0200386A00202DE9F04FE8
S2140290B8002104469FB00DF14008162240460E9144
S2140290C8CDE90C11CDF83B10F4F7ACFD052220468D
S2140290D80DF11F0316A90DF03DFD0228074600F004
S2140290E8F28020460FF019FC064613F0FEFC814675
S2140290F8F01C13F0FAFCADF84000701D13F0F5FCF6
S214029108012FADF84200204640F0E0800FF005FC43
S2140291180546204613F038F90D3502232D1A00931A
S214029128214643460820EAB20BF09EFB002800F0D0
S214029138CA8020460FF0F6FB012F83469DF84D3075
S21402914840F0DC8000252F4643F001038DF84D30B1
S21402915816AE3388022B4DD1F1782046023108F03C
S21402916865F81B2846D1F1782046033108F05EF8E8
S21402917819283FD1F1782046043108F057F84A28D2
S21402918838D14FF0050AF17820460131514408F0EB
S2140291984DF8F17805905144204608F047F8059BAB
S2140291A800EB032083B200F03F02932B059240F0B7
S2140291B895800023F778214602375744FFB23A468D
S2140291C800930CA80F2313F08DFD07F10F0120461C
S2140291D811F0E3F907F111010546204611F0DDF911
S2140291E8ADF84200059B023353445FFA83FA33799B
S2140291F85345C8D806360DF17603B342A9D19DF871
S2140292084D20C5F3C03363F3410220468DF84D2046
S2140292180FF01AFB8DF8440020460FF00AFB8DF873
S214029228450020460FF00AFB9DF83230BBF1190FB5
S214029238C3F3C3028DF84720DDF833208DF84600C5
S214029248CDF84E20DDF83720CDF8522094BF002204
S2140292589DF83E208DF8482003F003028DF84A2038
S2140292689DF84D20DB0963F38202694B8DF84D2089
S2140292781B78022B56D1BDF840600FF0FCFC8642E4
S21402928850D108A80FF063FFBBF1190F47D908227F
S2140292980DF14E0108A8F5F711F800283CD1B9F5EA
S2140292A8004F02D0B9F5624F0DD140F6FF7325F490
S2140292B840459D4207D1002208210DF14E000FF0CD
S2140292C84BFC00283ED01FB0BDE8F08F0FF025FB00
S2140292D80546204613F058F807351EE7412B81D17C
S2140292E8F17820460231514407F0A0FF494B1B781B
S2140292F8C3F1B30318448DF8490073E76FF300030C
S214029308F01D8DF84D3013F0F0FB0CA905462046EB
S2140293180FF06FFF0B2772E700F058FDBFE700F06B
S21402932855FDD0E7B9F5004F02D0B9F5624FCAD15C
S21402933840F6FF7325F440459D42C4D1BBF1190F90
S214029348C1D9B8E7BBF11A0F06D007F11F0142468A
S2140293582046C9B20DF087FF2F4C304D637BDBB138
S2140293682B78012B1DD1012323730CAB029314AC6B
S21402937894E803000090ADF8041098E80F00FFF791
S21402938899FC90B194E803000090ADF8041098E8B0
S2140293980F00FFF7A7FD08E0FCF7BAFE0028DFD0AB
S2140293A8E1E703F0FD03042BDDD02B78012B01D077
S2140293B8042B88D11A4BDDF84E001B78DDF85210C4
S2140293C88DF82230BDF84030ADF820309DF84D308B
S2140293D8C3F340038DF823309DF8313003F00F03B2
S2140293E88DF82C309DF848308DF82D3009AB03C324
S2140293F80C4B1B681BB1414608A8984763E79DF9C2
S21402940846209DF8451008A80DF014FB5BE700BF40
S214029418D76100207F620020305600206662002056
S2140294287E6200202456002010B513F079FA114BFC
S2140294381B78022B1CD1104A1468A04218D00F4978
S21402944810600A68121B10440D4A086012786AB146
S214029458013A93403C2253434FF47A72534398425C
S21402946806D9BDE810400320FCF766BD0A23F3E7D9
S21402947810BD00BFD7610020844800208048002025
S214029488006C0020064B1B88DB0708D50022054B1C
S21402949843F82020044A135C63F00F031354704702
S2140294A8585B0020D44600209C61002008B513F0C3
S2140294B837FA0022024B1860024B1A6008BD00BF3A
S2140294C88448002080480020014B1868704700BF77
S2140294D88048002008B50C48FCF734FCFCF772FDFF
S2140294E880B10A4B0322B3F8681001200DF0DBFEA8
S2140294F84FF47A71064B04481B885943BDE8084066
S21402950813F02EB808BD00BF586A00204455002044
S214029518946B0020014B188000207047B66B002021
S214029528044A054B1870138823F003031843108067
S21402953800207047585B0020016C0020034B1888F7
S214029548C0F30E00003818BF01207047065B0020E3
S21402955808B5FFF7F3FF30B1002004490223044A96
S2140295680880FCF769FC002008BD00BF065B0020E7
S21402957827E10100024B1888C0F30E00704700BFAF
S214029588065B00200023084A01201370074A084990
S2140295981370084B084A1B7843F00403138002230F
S2140295A8064AFCF749BC00BF7B6200207A620020AC
S2140295B8065B0020016C0020585B002027E10100B2
S2140295C830B5012100240B2385B0104D019400917B
S2140295D88DF80C308DF80D000323B5F8680003AA41
S2140295E88DF80E4011F092F868B1B5F868100FF0D1
S2140295F8BDFE40B10522064B64211A70054B06488B
S2140296081C7012F0ADFF05B030BD00BF44550020F7
S2140296187A6200207B620020786A0020064B1B785C
S214029628033B012B06D8054B1B781BB9044B18784D
S214029638FFF7C6BF704700BFD861002079620020D6
S214029648006C002010B51548FCF77CFB144B197803
S214029658F9B9144A13787BB1013B1370124B1B7885
S214029668042B02D10846FBF721FCBDE810404FF454
S21402967896710A4812F074BF0C4A128802F0030266
S214029688022A0AD1BDE81040032201200849FEF743
S214029698A9BCBDE81040FFF7C1BF10BD786A00201C
S2140296A87B6200207A620020D8610020065B0020D8
S2140296B800F8FF07084B1A785AB10223013A93407A
S2140296C84EF66022534303210448B3FBF1F112F02D
S2140296D847BF42F21073F6E7006C0020786A002053
S2140296E870B505461748FCF72DFB0122164B28468F
S2140296F81A7011F02FF8411C044689B2284607F062
S21402970895FDA11C064689B2284607F08FFD0F4C28
S21402971802232080214600200D4AFCF78DFB86B9DD
S214029728238803F00303022B03D1FFF7BFFEFFF7DC
S214029738C1FF23885B0704D5BDE870400548FFF7DC
S214029748C9BE70BD786A00207B620020065B0020D6
S21402975827E10100586A00202DE9F0431F4C054610
S214029768238889B0002B33D01D4E00214FF4807019
S21402977810F088FD3378DB0728D50121208812F0FF
S2140297883BFE074620880FF0C8F8023013F0ADF902
S21402979805A98046208811F0C4F83378384613F0B5
S2140297A8020F104B18BF0025B3F8009012F008FEFF
S2140297B80646384612F0E8FDF6B202904246062100
S2140297C82846CDE9009605AB0DF0F0F80023238075
S2140297D8054809B0BDE8F043FCF7B4BA5E5B002062
S2140297E87C6200205C5B0020986A002010B5044664
S2140297F840F62140FFF7B0FF01214FF4807010F0C9
S21402980841FD78B10022084B1C80084B1A7007F0FD
S21402981885FEBDE81040064B1880064B0648198898
S21402982812F09EBE10BD00BF5E5B00207C62002068
S2140298385C5B0020966B0020986A0020044A137826
S21402984818B943F001031370704743F00303FAE7AD
S2140298587C620020044B1B781BB9044A1380FEF76F
S21402986807B90020704700BF6A6200205A5B0020D2
S214029878042230B501F0400387B0002B054614BF1A
S214029888012400248DF80C208DF80D1004D004A9AC
S21402989810F016FD10B304ABCDE9004301210223F4
S2140298A8284603AA10F032FF0446C8B10D4BB3F897
S2140298B868100EF07CFF4FF6F7739D4209D93222E4
S2140298C802212046FEF73AF880F00100C0B207B03F
S2140298D830BD294620460FF049FDF5E70120F6E798
S2140298E81920F4E74455002010B5FFF731FE04F0BE
S2140298F831FA0FF0C7FB002010F0DAFC12F06EFF08
S21402990808B1FDF729F9204C2378532B12D10323EB
S21402991823700023FF2219460120FEF763FB00206E
S21402992812F028FC10B100200FF005F8BDE8104030
S2140299380DF0BDBC062B01D0212BF0D10120FEF77D
S214029948F5FA4FF6FE700FF085F94FF6FF700FF036
S2140299589EF90020FEF752FA0020FEF759FAFEF7A3
S214029968E9F900F029FB0DF0A5FC2378212B02D19A
S214029978FEF774F9D3E70020FCF7DEFA00214FF46D
S214029988004010F06FFACAE7D761002010B50A4CFB
S2140299980A48FCF7D7F92378062B02D10120FEF7EE
S2140299A8C5FA2378062B01D0532B03D1BDE8104005
S2140299B8FFF79ABF10BD00BFD7610020B86A002023
S2140299C82DE9F047DFF8C08004460E461746FFF733
S2140299D8BFFD98F8005015B90220BDE8F087212D82
S2140299E8FAD0284813F017F90028F5D114F0200405
S2140299F839463046DFF894A0DFF8949005F00F0554
S214029A081BD00CF09BFF012D8AF80070A9F80060A5
S214029A1829D1212388F80030FFF766FF0020DCE70B
S214029A28212388F80030FFF75FFF00214FF6FE700B
S214029A38FEF77CFBFEF780FEF0E70CF07EFF012DBA
S214029A488AF80070A9F80060EAD0062321464FF685
S214029A58FD7088F80030FFF70BFF40F22621094810
S214029A6812F07EFDE1E7532321464FF6FD7088F893
S214029A780030FFF7FDFE40F22621024812F070FD84
S214029A88CCE700BFB86A0020D76100207D620020BC
S214029A98B86B0020F8B50D460646511C284607F056
S214029AA8C5FB044628460EF038FF0546023013F07A
S214029AB81CF8154B07461B78022B02D0043B012BD9
S214029AC821D8124B1B68580201D5A1061BD562067F
S214029AD819D50F4BB3F86830B34214D16B781B070D
S214029AE80DD5284610F073FEFCF7A4FD58B1314692
S214029AF804F020000122BDE8F840FFF761BF0FF02E
S214029B089DF8B842F3D0F8BDD76100208C480020F3
S214029B184455002073B504460D4613F0D8F8FF28BE
S214029B28034625D0134A12784AB1134A32F810204F
S214029B38520404D510F0ADFB002002B070BD1846E2
S214029B4810F0B8FB6946064610F0BAFB40B1FCF7BF
S214029B58E7F928B1002302226946304605F0DCF808
S214029B68204645F0400102B0BDE87040FFF780BECF
S214029B780120E2E7D3610020005B002038B50546E5
S214029B880EF0CBFE0446284610F0E4FD411C89B2CE
S214029B98284607F04BFB42060DD563781B070FD500
S214029BA8204610F014FE0146002013F08EF8BDE899
S214029BB8384010F06EBB0348BDE83840FFF7E6BEF3
S214029BC838BD00BFB86A002038B54FF6FF75A84200
S214029BD8044617D00FF04FF8A04213D04FF6FD7286
S214029BE8094B198891420DD9084A1288AA4201D00F
S214029BF8A24207D11C804FF47A71BDE83840044867
S214029C0812F0AEBC38BD00BF9E6B0020BA6B0020B7
S214029C181848002008B50448FCF794F84FF6FF7277
S214029C28024B1A8008BD00BF184800209E6B002011
S214029C3837B505460C46082369460120064AFCF74E
S214029C48FBF815B19DF806302B700CB1009B23600B
S214029C58BDF8040003B030BD25E1010007B50823AE
S214029C688DF80600ADF80410009269460020034AF3
S214029C78FCF7E2F803B05DF804FB00BF25E101003B
S214029C88024A13780BB1013B13707047C861002073
S214029C9808B50EF0FCFF00214FF6FF72054B08468A
S214029CA81A80FEF7DBF8BDE8084040F616400CF0CE
S214029CB8FFBE00BF9E6B002008B5FCF743F80A4BB0
S214029CC81B78023B032B08D84FF6FE73074A108808
S214029CD898424FF6FF7301D1138008BD9842FCD014
S214029CE8BDE80840FFF7D4BFD76100209E6B00206E
S214029CF810B5084B1B78042B0AD00EF09FFF0021E4
S214029D0804460846FFF794FF231A5842584110BDE6
S214029D180020FCE7D8610020F0B5002689B0054689
S214029D28CDE90566ADF81C6010F014FD0A2302465C
S214029D3804462946009605A812F0D4FF9DF8153069
S214029D489DF814701F2B27D803A80FF000FA0822D4
S214029D580DF1160103A8F4F7B1FA0646E0B9092F81
S214029D681CD1FFF7C5FFB8B1144B1B78A3B1144B2F
S214029D781A884FF6FD739A420ED9124C124A237865
S214029D880433DBB223701278013AB3EB820F03DD99
S214029D9858B20AF047FF267009B0F0BD0A34E4B29A
S214029DA82146284607F042FA0FF064FA611C284654
S214029DB810F0F3FBFFF708FFEEE700BF146C002075
S214029DC89E6B0020C8610020FF6B002038B5134B3D
S214029DD81B78033B012B20D9114B4FF6FF711B78DA
S214029DE8ABB1104D2B888B4217D10EF044FF4EF6BE
S214029DF8602104460C4812F0B3FB4FF6FE73224667
S214029E082B800021BDE8384009200FF041BA074AE6
S214029E1813888B421CBF0133138038BDD8610020DB
S214029E28146C00209E6B002018480020025B00205D
S214029E3808B50448FBF786FFBDE808400021084637
S214029E48FBF734B8D86A002010B5044661B1FF2182
S214029E580EF004FD002120460EF006FD0EF047FC2B
S214029E68014620460EF006FD2146BDE810400022B7
S214029E78014812F0A8BE00BF625B00202DE9F0413F
S214029E880D46174604460EF048FD06782846FCF7A7
S214029E984DF92946804620460EF089FC0EF0CEFE85
S214029EA8A84206D120460121FFF7CEFF0120BDE8D1
S214029EB8F0812846B8F1000F0AD0FCF7B9F950B974
S214029EC8144B3A462046BDE8F0411978FDF736BDF0
S214029ED810F0FAF9F3E706F00306012E08D00EF0A2
S214029EE8ADFE00232246294602F042FA0028D9D1BE
S214029EF820460EF018FC430505D52046BDE8F0417D
S214029F0800210EF08DBF204610F0C9F9B0FA80F095
S214029F184009CCE7FE6B002010B586B0044610F068
S214029F2819FC104B0246186819790290D3F80500F6
S214029F385B7A01328DF8143000238DF80C100490E9
S214029F482146009392B2052304A812F0CBFE0522FE
S214029F5804A902A8F4F7B2F9B0FA80F0400906B0EC
S214029F6810BD00BFCCCF040008B511480EF092FD14
S214029F78104B1B78012B06D8FF2010F063F9FDF76B
S214029F88B1FB10F07EF9FDF73BF801F091FCFFF704
S214029F98F9FA10F057FD07F0F1FDFDF749FD07F055
S214029FA83DFB0CF0CDFCBDE8084002F0D3BC00BF78
S214029FB80C5600209561002008B5F0F7D3FDFF285F
S214029FC803D0094B1B78012B06D9002010F03AF96A
S214029FD8FDF788FB10F055F9FDF712F801F068FC5A
S214029FE8BDE8084002F0B6BC95610020064B18781A
S214029FF8112806D000F0FD00A0F14103584258414E
S21402A00870470120704700BFD76100202DE9F8434A
S21402A0180446FDF70FFB18B100263046BDE8F88364
S21402A0284FF6FF78184BB3F868104145F4D020462F
S21402A0380EF0BDFB154B022120461A88FDF77EFC62
S21402A04806460028E8D020460EF067FC90F80790EF
S21402A0580546043012F049FD07460EF0EFFD494664
S21402A06802463846FDF7FEFAA81C12F03EFD4045A9
S21402A07802D12046FFF7BAFB2B789B07CDD10121E8
S21402A0882046FFF7E1FEC8E744550020605B002043
S21402A098F8B507460EF041FC0546043012F025FDD9
S21402A0A80646A81C12F021FD0446304612F00FFEA2
S21402A0B83046FCF73BF82B789B0701D10EF0BEFD25
S21402A0C8AB790BB90320F8BD0EF0B8FDA0420CD14F
S21402A0D80EF0B4FD0446094B214638461A78FFF7B7
S21402A0E8CDFE0028EED00020EDE7054B1B78052BA9
S21402A0F81CBF044BB3F86840EDE700BF605B002066
S21402A108D8610020445500202DE9F0410646104645
S21402A1180D4610F01FFBA0F11004E7B256FA84F4BD
S21402A1282146EA1B04F10E00F3F7CEFD2823DFF8DA
S21402A1384480F35598F80030637301F0CDFB611C38
S21402A148024601200DF0CBF808220949601DF3F7F4
S21402A158BBFD98F800000FF0E1FE05F10E0130464F
S21402A1683B460022C9B201F069FC1220BDE8F08124
S21402A1785D620020D26100202DE9F04F87B00446C8
S21402A1880EF0CBFB064620460EF02AFB0746301D8D
S21402A19812F0ABFC8146B01C12F0A7FC384696F8C3
S21402A1A807A012F09DFD33789A075FD12146042056
S21402A1B801F04CFD002859D0204610F0CBFA014693
S21402A1C8204607F033F8830750D1204610F0C2FA2B
S21402A1D80146204607F02AF810F00303039345D1F8
S21402A1E82046FFF799FE002840D0204610F088FB4C
S21402A1F8451C204612F0E4F8EDB205F10A0B834539
S21402A2085DDA304A04AB1068516803C3691C2046FD
S21402A21807F00CF829468046204607F007F800EBB8
S21402A228082059461FFA80F8204606F0FFFF8346A4
S21402A238039B2146AA1C009304A8082312F052FD89
S21402A24820460EF0CDFA5A4641460DF03AF801225B
S21402A258404604A90FF098F988BB022007F032FCA2
S21402A268013003D1404604A9F0F744FD0EF0E6FC9F
S21402A27848453A46514607D10EF0E8FEF8B907B007
S21402A288BDE8F04F0FF034B948460EF0DFFEB0B91D
S21402A2980D4B1B781BB9394648460FF03FF83A462D
S21402A2A851464846FDF7DEF948B1317811F0030108
S21402A2B805D1204607B0BDE8F04FFFF7C5BD07B089
S21402A2C8BDE8F08F66F40300CE61002038B5114D64
S21402A2D82B78023B012B18D80CF0F5FF0446B0B9D0
S21402A2E8FFF7A2F82B78032B07D12346FF22214635
S21402A2F80120FDF777FE012038BD21462046FAF7F1
S21402A308D5FD003818BF0120F6E71720F4E702202B
S21402A318F2E700BFD76100202DE9F74305460E464F
S21402A32814460EF00AFA0C2828464AD10EF0F5FA18
S21402A3380922002111F068FF00F11001C9B228466F
S21402A34806F074FF042813D07C282BD0012840F08E
S21402A358AC8046B91321284610F01FF903B0BDE8B1
S21402A368F0430EF094BC03B0BDE8F043FDF7DCBC46
S21402A3785B4B1B78022B40F0988046B9FFF7FAF839
S21402A388C3070AD5FFF792F8002C08BF3F263046C7
S21402A39803B0BDE8F0430CF0EFBAFFF7CFF8002899
S21402A3A8F0D0F1E7284612F00BF80446284611F0DA
S21402A3B8EBFF02463046E1B203B0BDE8F0430CF0CC
S21402A3C8D9BA0EF0AAFA8046043012F08EFB074677
S21402A3D808F1020012F089FB4FF6F773984204461A
S21402A3E80CD8404A138801339BB213800BB93E4AF5
S21402A3F813801EB13C4A13880133138098F80090E4
S21402A40809F00309B9F1010F1DD1284610F0A2F987
S21402A4180146284606F00AFF0B2809D00D2807D061
S21402A428042842D1284603B0BDE8F043FFF7A6BB8E
S21402A4382E4B1B78042B38D10021084603B0BDE802
S21402A448F043FAF733BDB9F1000F2ED1314628464C
S21402A45803F05EFD4EB34FF6F7739C4225D898F884
S21402A4680160204616F0040622D10FF0FBFE0546D0
S21402A47820467DB10FF028FF034600BB0C22009051
S21402A488214638460FF018F90C2200233946204692
S21402A498009308E00FF018FF0346C8B9144A009064
S21402A4A81278214638460FF007F903B0BDE8F08364
S21402A4B80FF00AFF034678B90B220090F1E706224E
S21402A4C833462146384600960FF0F6F80622DCE7B1
S21402A4D82B4600950622E4E74B46CDF80090F9E7AE
S21402A4E8D76100200A5B0020085B0020D8610020A4
S21402A4F8326C00202DE9F04F05888BB004462846BA
S21402A5080EF00BFA0746043012F0EFFA8146B81C32
S21402A51812F0EBFA05A98046284610F065F9284697
S21402A52810F018F901460646284606F07FFE3B78E4
S21402A538824603F00303012B0CBF83464FF0FF0B42
S21402A54812F0E9F9E388019002930EF077FBFB79A3
S21402A55800904846039300F081FF002876D14046D3
S21402A56800F07CFF002840F08880FDF72BFB804631
S21402A578FBF7CEFD10B9FFF739FD30B1A8F1040894
S21402A5885FFA88F8B8F1020F1BD90BF0FD03042B0B
S21402A59800F0B380FFF72AFD20B10AF0030ABAF1E9
S21402A5A8010F0ED0FBF70EFD28B9714B1B7803F08E
S21402A5B80F03062B68D16F4B2846B3F868100EF0C7
S21402A5C8F6F8BBF1010F63D128460EF0DAF84FF61B
S21402A5D8FF73984240F0918000233146284607AA26
S21402A5E80FF048FE0746002842D042799DF82530EB
S21402A5F8934209D9711D284689B206F02BFEA37824
S21402A60823F00F030233A3700CF093F97E23B0FBFA
S21402A618F3F202FB130303F58073A3809DF826303A
S21402A62813F0180F0AD0A3781B0707D1009B4B45D7
S21402A63804D048467A7905A90CF0B0F99DF82700A7
S21402A648003818BF01200BB0BDE8F08F28460EF080
S21402A65864F9023012F049FA4FF6F773984207D9AE
S21402A668039B2BB92846FFF757FC00287FF477AFE1
S21402A678A37823F00F03A37008E0404612F030FBDD
S21402A68800287FF472AFF3E72823A3800020DAE7D6
S21402A698BBF1020F54D10123314607AA28460FF010
S21402A6A8E9FD80460EF0CAFABDF8223098421FD15C
S21402A6B8B8F1000FDCD00122B8F80230314628463D
S21402A6C80FF0D6FD2C4A13780133DBB2FB711370F8
S21402A6D8B8F80230BDF81E209A421FBFA37823F0AE
S21402A6E80F030233A3704FF4C873A3800120AAE7AE
S21402A6F8184612F0F5FA0028DAD128460EF041F884
S21402A70812F08EFA012808BF1C4BA27809BF1B78E4
S21402A718FA2303EB830303EB830302BF9B00FA339C
S21402A7289BB21209A4D1DDE90121521A92B29342D0
S21402A7389ED30CF0FEF800F01F001030A080D5E77C
S21402A748BBF1030FD9D1009B4B45D6D1711C2846C5
S21402A75889B206F06BFD0C28CFD1FCF7FFFD4FF649
S21402A768FF7398420146C8D028460EF020F8C4E780
S21402A778D761002044550020D56100200D6C0020CA
S21402A7882DE9F04105460C460DF0D7FF082802D100
S21402A7980120BDE8F081201D12F0A7F906462846DA
S21402A7A894F807800EF01CF8074628460DF0BBFF03
S21402A7B8010612D5184B1B78042B0ED1174B1B78A3
S21402A7C8022B0AD1164BB3F868204FF6FF739A424B
S21402A7D803D000210846FAF769FB124B1B78002BB8
S21402A7E8D6D1A01C12F081F94FF6F773984202D818
S21402A7F86378DA070DD523789B070AD13A4641468D
S21402A80830460EF023FC80F00100C0B200F00100D2
S21402A818BFE70120FAE700BFD8610020D761002011
S21402A82844550020826200202DE9F04F9DB0044670
S21402A8380DF083FF054620460DF07FFF082869D1F4
S21402A8484FF400432046ADF85030ADF85C4011F0A6
S21402A858B7FDBDF85C20A0F11005EDB21046102336
S21402A868002100950FF086FE294617A80FF05AFE1B
S21402A878204611F089FD0AF0EBF9002321461A4614
S21402A8880C20009309F0F0FF98B3204611F07CFDE7
S21402A89814A902461020FBF779FF0501204611F09D
S21402A8A873FD14A902464020EDB2FBF76FFF10B104
S21402A8B820460CF047F8204611F066FD14A9024619
S21402A8C88020FBF763FFB8B99DB1102517A805F0DD
S21402A8D867FF2046BDF8507011F072FD0646204606
S21402A8E811F052FD29460090F3B2384617AA0CF02A
S21402A8F8BFF81DB0BDE8F08FBDF8503017A8ADF808
S21402A9085E40ADF85C300CF0D6FC0028DCD145F091
S21402A9188005DBE720460DF050FFB0F5006F40F0EB
S21402A928058120460DF05CFF0646042D40F00181A5
S21402A93820460DF0F8FE80F40060C0F3C020002226
S21402A9483146400012F09AF8944B1A78022A0DD033
S21402A958FFF74CFB50B902F0FD03312B06D0043A40
S21402A968012A03D98E4B1B78002BC2D0214602201F
S21402A97801F06CF905900028BBD02046ADF8464099
S21402A9880DF0CBFF0446BDF846000DF029FF06463B
S21402A998201D12F0AAF8A31C83461846039312F049
S21402A9A8A4F812A90746BDF846000FF01DFF637803
S21402A9B80690BDF8460094F8008008930FF0CAFE89
S21402A9C86378054608F0030830460C93FBF7AEFB9F
S21402A9D8B8F1010F0CBF032302230E93714B08BF75
S21402A9E84FF00B091E80237818BF4FF00A0903F0B0
S21402A9F83C03082B0D907FF47CAFBDF8460011F09F
S21402AA08DFFCA8427FF675AFB8F1010F03D02378B2
S21402AA189B077FF46EAF644BB3F86830B3420DD130
S21402AA28624A634BB2F9001093F90030002900F02D
S21402AA38A58001EB0313A3EB211313804FF0010A41
S21402AA48A5F11003DBB20A938DF84530102248466A
S21402AA58BDF84610CDF800A00DF1450309F004FF35
S21402AA6800283FF446AF089B13F00203099300F050
S21402AA780981504B1B78002B3FF43BAFBDF846903C
S21402AA8848460FF067FE002307904846CDE917337D
S21402AA981993ADF868300DF0A3FE079B039003F1F7
S21402AAA80E01484689B20FF028FE002870D000230F
S21402AAB84946079A009317A80E2312F013F9504630
S21402AAC80DF15D010CF019FC9DF869300B900493AA
S21402AAD89DF85C30282B5BD10DF16100FBF7AAFDCF
S21402AAE80F90002854D104980FF018FA0F9B0028EC
S21402AAF866D1314B049A1B78D31A1C0648D404F044
S21402AB0859F950453CD111F00BFF2C4E05463468D6
S21402AB1824B104F055F92C1B844239D30023FF22B2
S21402AB2819461846FDF75EFA356031E04FF6FD76AF
S21402AB38FBE64FF6FF70301A18BF01200022314696
S21402AB48400011F09BFF0C2D0DD12146012001F08B
S21402AB587DF800283FF4CDAE214600201DB0BDE8A2
S21402AB68F04FFDF7D3BF2DB920461DB0BDE8F04F14
S21402AB78FEF79CBA042D7FF4BCAEE5E61B025CE742
S21402AB8804F018F9022803D104F0F6F80028BAD01F
S21402AB9800221920039911F071FFAAE6D761002056
S21402ABA8826200207E5B002044550020525B002013
S21402ABB87F620020D3610020D26100205456002014
S21402ABC810214846079ACDF800A00EF0F7FF002895
S21402ABD8DED0BB4B049A1B78934240F0AA800399B6
S21402ABE80DF1610214A811F08BFD012114A8FBF7E0
S21402ABF8F5FA824648F2030114A8FBF763FBBAF19A
S21402AC08000F03D0082114A80CF01AFB48460FF0D0
S21402AC18BFFD03990DF16100FCF72AFCFE28824667
S21402AC28B6D0FF280AD1039812F040F8FF288246C9
S21402AC3800F087800DF16101FCF7F4FAA04B049A44
S21402AC481B78934200F0A38050460B99FCF7F6FB5C
S21402AC5800283FF44EAE50460B99FCF701FC2378C9
S21402AC6898070FD148460FF075FD0146484606F08C
S21402AC78DDFA00F00300012804D103980DF1610102
S21402AC88F0F738F8BDF846000DF04DFD010440F126
S21402AC988580204611F029FF40F4007189B22046CB
S21402ACA811F025FF00224FF40041BDF846000DF0D2
S21402ACB82BFDDDF81490012310220093BDF84610F0
S21402ACC80E980DF1450309F0CFFD00283FF411AEAA
S21402ACD8032866D1204611F008FF40F4007189B2B5
S21402ACE8204611F004FF304611F0FAFF002840F023
S21402ACF8B680DDF81490B8F1010F40F0B680032054
S21402AD08BDF8461000F0A2FF002840F0AE802946A3
S21402AD18BDF8460006F08AFA0F2801467FF6E9AD26
S21402AD284FF6F7739F423FF6E4AD30460EF063FBEC
S21402AD38DFE55046049903F085FA00287FF44FAF02
S21402AD4826E7237803F00303012B08D148460FF0C1
S21402AD5801FD0146484606F069FA082892D0594B82
S21402AD681A78594B1B789A4209D20DF16101039859
S21402AD78FCF70CFA039811F099FF82465EE7A01CCE
S21402AD8811F0B3FE4FF6F7739842EED900E7504635
S21402AD98FCF7CEFB00283FF457AF5CE74FF00009FC
S21402ADA889E7304611F09CFF0028A4D0099B002BA7
S21402ADB857D1B9F1000F52D1B8F1010FBDF84600CC
S21402ADC89DD0294606F032FA8246DFF8089199F8AD
S21402ADD80030002B54D00DF031FF87427FF489AD46
S21402ADE8B8F1010F7ED1BAF1070F75D8BAF1050F7F
S21402ADF87FF67FAD354B1B78022B02D0043B012B26
S21402AE0803D899F80030002B41D00C9B9A0640F1E3
S21402AE18B4800D9B002B40F0AC80304611F057FFF3
S21402AE28FF2840F0A6805E457FF463AD069B002BA4
S21402AE3800F09D8012AB46F204020124ADF85C20B5
S21402AE480193214602233046009417AA0FF05EFCAF
S21402AE5800283FF44EAD21460DF0E2FF49E5DDF845
S21402AE68149030460FF018FA45E72946BDF8460012
S21402AE7806F0DCF9099B824613B9B9F1000FA4D093
S21402AE88124B1B78022B02D0043B012BBDD830464E
S21402AE9800F0E4FA814600287FF42BAD0DF0CEFED2
S21402AEA8864225D10A4BB3F868400DF0C7FE4B46DA
S21402AEB801460D222046CDF800900EF0FDFB18E55F
S21402AEC8D2610020D16100200E6C0020D7610020DC
S21402AED844550020D3610020AAF10E03DBB2012BF1
S21402AEE888D906E50AF00303012B7FF402AD81E751
S21402AEF8304611F0F5FE58B90DF0BDFE4FF6FF7359
S21402AF08984205D011F06AFC10B93046FCF7E4F80E
S21402AF18304611F0E5FE88B10DF0ADFE4FF6FF7330
S21402AF2898420BD011F05AFC40B9B8F1010F02D181
S21402AF38BAF1060F02D030460FF0ADF9069BA3B958
S21402AF481946012258460EF01FFB814600287FF458
S21402AF58D0AC20460FF03BFC4A46014638460EF077
S21402AF6813FB00283FF451AFC3E412A9E9E7069B96
S21402AF7861E7637823F0200363704FF6FC739F4201
S21402AF883FF4B7AC4FF6FD739F4204D1B34B1B7820
S21402AF98042B3FF4AEACA3790BB1013BA3716378E3
S21402AFA85B0727D50023584617AA14A917930FF04C
S21402AFB853F91798F0B10FF048F98146384611F060
S21402AFC886FE179A0146137903F03000102806D039
S21402AFD803F00C0008281CBF23F00C031371137926
S21402AFE803F03303202B05D1FF2903D0012248465C
S21402AFF80FF03AF9304611F06AFEFF281EBF00220B
S21402B008974B43F82020089B03F001094FF6F77385
S21402B0189F4200F2F980B9F1000F40F001813146F3
S21402B02858460EF07BF90DF009FE874200F0C680FE
S21402B038384611F055FE002841D0B8F1010F27D145
S21402B048BAF1010F17D14A462946BDF846000FF055
S21402B0580EF9384611F044FE824B1B78002B72D14B
S21402B068584611F03DFE002866D1384611F038FEE3
S21402B078002861D13DE4384611F032FE50B3BAF1E9
S21402B088030F27D12946BDF846000EF04DFB30E4E3
S21402B098384611F025FE38460FF016F9002847D034
S21402B0A8002339465846BDF8462001F061F90028C3
S21402B0B83ED00021BDF84600FEF7C6FE19E4384623
S21402B0C811F00EFE18B1B8F1010FD8D0E3E7B8F1C7
S21402B0D8010FE0D1634B1B78002BC1D0BAF1050FE4
S21402B0E831D10DF0ABFD8DF85C000DF0A7FD000A1E
S21402B0F88DF85D000123022217A90DF14600FAF722
S21402B10875FD00287FF4F5AB691C89B2BDF84600C8
S21402B11806F07AF80378013303706378590715D472
S21402B1280DF08CFD834522D0002239461C2032E5DC
S21402B1384C4B1B78002B93D0B8F1010FCED0637816
S21402B1485A0714D502E06378580718D5BDF8464062
S21402B15820460FF0C1FA411C89B2204606F054F880
S21402B1680378B8F1010F03F1FF33037004D0BDF87A
S21402B1784600FEF78DFF09E0BAF1050FD0D0BDF8FC
S21402B1884600FEF785FFBAF1030FCDD00228CBD1D1
S21402B1980021584617AA0FF062F830B103794680A4
S21402B1A803F03C0343F04003037100232E4A009346
S21402B1B83946584612780EF07FFAB5E7B8F1010F0D
S21402B1C87FF477AF0AF1FF330C2B00F2868001A2D8
S21402B1D852F823F03DB202003DB202008DB00200E2
S21402B1E853B2020075B20200FBA8020099B202002E
S21402B1F8A9B20200B5B20200B5B20200FBA802006C
S21402B208CBB20200D7B20200B8F1010F71D0B9F181
S21402B218000F08D1BDF84600FEF7AEFFFFF769BB80
S21402B228B8F1010FCED0237A03F00303012B7FF483
S21402B23860ABEFE7AAF102035A422946BDF8460078
S21402B2485A410FF014F8FFF754BB2A465846BDF881
S21402B2584610FEF71FFCFFF74CBB00BFD861002064
S21402B268D4460020126C0020326C0020691CBDF8FF
S21402B278460089B205F0DAFF0235EDB20246BDF89D
S21402B28846305846009512A906F0D4FDFFF731BBA2
S21402B29801200A9ABDF84610FDF71AFBFFF729BBEC
S21402B2A8BDF846000EF0E9FFFFF723BBBDF84600DF
S21402B2B8FEF732FDFFF71DBBBDF84600FEF72CFD74
S21402B2C8A8E7BDF84600FEF70BFAFFF712BBBDF873
S21402B2D846000BF0EAFFFFF70CBB2B462246504609
S21402B2E8BDF846100BF0B7FF00287FF402AB5146B4
S21402B2F81BE50AF1FF330C2B3FF6FBAA01A252F814
S21402B30823F000BF3DB202003DB202008DB002003B
S21402B31853B2020075B20200FBA8020099B20200FC
S21402B328A9B20200C1B20200C1B20200FBA8020022
S21402B338CBB20200D7B2020010B5002111480DF0B8
S21402B34850FB0446E8B10DF074FA0F4B187020460D
S21402B3580DF074FA0D4B187020460DF075FA0C4B6A
S21402B368187020460DF075FA0A4B1860012011F085
S21402B378DBFA2046FFF758FABDE81040002011F025
S21402B388D3BA10BD305B0020806200207F620020A6
S21402B3987E6200204C56002070B5144E0446336870
S21402B3A80D46BBB10DF0C9F90C2813D120460DF095
S21402B3B8B4FA09220021044610F026FF235C042B67
S21402B3C808D10B4C25B10B4B22781B789A4203D333
S21402B3D800232370002070BD0748316811F0C0F8BA
S21402B3E82378012001332370F5E700BF505600206A
S21402B3F881620020316C0020D86A0020014B93F944
S21402B40801007047525B0020014BB3F86800704792
S21402B4184455002070B500240D4D2C70EFF77CFAC9
S21402B428E6B2B04208D800220A4B1A700A4B1988AC
S21402B43801B11A80012070BD304611F04EFCC307D8
S21402B44848BF2B7804F1010444BF01332B70E5E7AB
S21402B458D0610020C9610020045B002038B50B4B80
S21402B46805461B7873B101335C08094B188810F03F
S21402B4788BFF002330F81320AA4205D00133DAB234
S21402B488A242F7D3002038BD0120FCE7C96100209C
S21402B498045B002030B5054685B008460C4611F018
S21402B4A818FCFF280CD00EF024F8012200210346CF
S21402B4B8CDE90112009221462A460720FCF7F6FB40
S21402B4C8284611F004FCFF2804460FD011F005FCAC
S21402B4D8C2070DD5204611F000FC830708D40B4A94
S21402B4E832F8143043F4806322F8143005B030BDC5
S21402B4F80DF0FFFF012200210346CDE9011200925A
S21402B50807202A46FCF7D2FBF0E700BF005B0020C4
S21402B5184FF6FA72431E9BB2934270B504462AD877
S21402B528FFF79CFF38BB194B1B78042B23D0204609
S21402B53811F0BCFBFF2801D0FBF7FEFC20460EF0FC
S21402B54886FE08B10EF07DFE2046114E03F0ACFED4
S21402B55820460BF021FA31780E4D69B1288810F092
S21402B56813FF054601461E220230F2F7ADFB2C8079
S21402B57833781E2B07D970BD202010F079FF28805B
S21402B5880028EBD1F7E702333370F4E7D8610020DE
S21402B598C9610020045B0020044A13782BB1013BE2
S21402B5A8DBB213700BB9024A13807047C9610020D8
S21402B5B8045B00200148FAF7D5B800BF045B0020F8
S21402B5C82DE9F047804617460D468CB061B903AEA2
S21402B5D800211B4811F0F1FA4FF000090446DFF883
S21402B5E860A01CB920461DE00E46F1E7002221465F
S21402B5F824233046CDF8009011F074FB0822414609
S21402B6083046F2F75BFEA8B9337C9BB96FB945B9E9
S21402B6182A4621460A480DF003FA0A4A1388013BCD
S21402B628138001200CB0BDE8F0873B88B2895340EE
S21402B6385B06ECD52146504611F0E3FA0446D0E7FD
S21402B648665B0020645B0020024B1888003818BF2F
S21402B65801207047645B00202DE9F04330488DB026
S21402B668FAF770FB11F05CF92E4D2B68C41A4FF4EA
S21402B6787A73B4FBF3F4A4B214B111F051F928604A
S21402B688294F4FF6FF763B88DFF8A080ADF80A30E0
S21402B69800233B8000210DF10A000DF0A2F90546B1
S21402B6A858B9224B1B882BB14FF47A711C48714348
S21402B6B810F056FF0DB0BDE8F0834FF000092423C2
S21402B6C84A462946CDF8009003A811F00BFBBDF8B0
S21402B6D81A30A34294BFDB1A1B1B9BB2ADF81A3072
S21402B6E863B9BDF818301B0602D508980BF0C1FBE3
S21402B6F8B8F80030013BA8F80030CBE79E4228BFD6
S21402B7081E4601234A462946009303A8242311F01D
S21402B718E9FA4A462946384611F055FABAE700BF0A
S21402B728B847002058560020665B0020645B00205D
S21402B738F0B504462E4A8DB01068516801AB03C3B3
S21402B748A378012B4FD1162200210DF11A00F2F729
S21402B75869FAD4F82110D4F81D0003AB03C3238872
S21402B768190644BF62680892DA050BD5221D08AE90
S21402B77804F11407354610685168083203C5BA4200
S21402B7882E46F7D1ADF8183013F0040318BFA36994
S21402B7980593EFF7D9F80023ADF81A00082201A995
S21402B7A803A88DF81C30F2F789FD18B106A903A87C
S21402B7B80EF03AF90022242103A80DF0C9F804462F
S21402B7C898B10020FFF748FF00222146094811F0E9
S21402B7D8FAF9094A0020138801331380FFF73CFF61
S21402B7E800200DB0F0BD0220FBE71920F9E700BFE4
S21402B7F866F40300665B0020645B0020F7B5044627
S21402B80800200E46FFF728FF104B1B88A34202D8DB
S21402B818212003B0F0BD00210D4811F0CEF9002515
S21402B82801460B4F0029F3D0A54208D10024242351
S21402B83822463046009411F055FA2046E9E7384683
S21402B84811F0DFF901350146ECE700BF645B002022
S21402B858665B00200148F9F785BF00BF665B0020DB
S21402B868014B1888704700BF645B002070B50C4611
S21402B87811460E4A23781278064613F0200542EA45
S21402B8880302227018BF611D0822F2F71DFA002D66
S21402B8980CBF05200D20D4F80130B360237833732B
S21402B8A803F01803082B08BF013070BDD3610020CF
S21402B8B8042307B501200DEB0301054AFAF7BCFA83
S21402B8C8019B044A1B03136003B05DF804FB00BF28
S21402B8D863E511007C48002010B5064C2368C3F3C4
S21402B8E80B0313B90448E3F7A9FC2068431C23603A
S21402B8F810BD00BF7C48002063E51100014B1868A4
S21402B908704700BF7C48002007B50020054B064A52
S21402B918186004230DEB03010190FAF78DFA03B0C1
S21402B9285DF804FB7C48002063E511007FB511230F
S21402B9380A4A012001A9FAF77FFA094B9DF8142052
S21402B9481A70084B1B780BB1052B05D10AF0F0FFCD
S21402B958012007B05DF804FB0020FAE779EB010046
S21402B968D2610020D36100202DE9F04F0646CBB005
S21402B978884600880121174610F03EFD2E4B3A46AF
S21402B9883188ADF8160006A80EF0EDF80DF1280B72
S21402B9985A464146C41930880EF06FF8E4B208EBEE
S21402B9A80003A34208BF044605464FF004091CBF1D
S21402B9B8A4EB0804E4B223465A460121CDE900095D
S21402B9C80BEB050ACDF808B02D1B06A8EFF7ECFB23
S21402B9D8EDB20BEB04030093019523465A46414603
S21402B9E830880EF078F834883946204605F01EFC72
S21402B9F8394600F0F802204605F02CFC0121308872
S21402BA0810F0FAFC01234A46514680B10DF11600A1
S21402BA18FAF7ECF801210446BDF81620308810F033
S21402BA28FFFCB4FA84F040094BB0BDE8F08F30460C
S21402BA38FAF7DCF80446F4E75D6200202DE9F04FD9
S21402BA48C9B0044688469246C118224A04A81F4628
S21402BA58FFF70CFF4FF00409C519EDB208AB0293C5
S21402BA68A5EB0A0BA8EB0A035FFA8BFBA8EB050605
S21402BA78DBB2F6B204EB0A02009301215B46CDF86C
S21402BA88049004A8EFF790FB06F590730DEB0302FB
S21402BA985A44A2F58072136808A844F80830E35D91
S21402BAA8324623F00703E3552C442146F2F74AFAB6
S21402BAB808ABCDE9019308AA00230121009604A841
S21402BAC8EFF772FB3246204608A9F2F73BFA49B06E
S21402BAD8BDE8F08F5D620020F8B506460EF010FF4E
S21402BAE8811C054689B230460EF007FEF0B1EDB16C
S21402BAF82946304605F09AFB1228074616D80C4BFC
S21402BB08691C1C5C89B2304605F090FB2C44052F54
S21402BB18E4B205D1052809D8064B1B5C1C44E4B2DE
S21402BB2821463046BDE8F8400EF0E7BD0020F8BDD5
S21402BB380ED0040008D00400F8B505460EF00AFE3A
S21402BB48044628460CF0E9FEA11C074689B2284698
S21402BB580EF0D3FD00283ED0002C3CD021462846C5
S21402BB6805F064FB0646611C284689B205F05EFBB2
S21402BB780F2E30D8194B9B5DE118731E89B2092B1C
S21402BB880ED8DFE803F009050D0D120D0D181E1E5E
S21402BB98C40644BF083189B2820601D5083189B283
S21402BBA82846BDE8F8400EF0A8BD7B78DB0612D51D
S21402BBB801EB4001F3E700F01F0000EB40000144F0
S21402BBC8EDE71F2805D8092E0ABF4000022080B2DA
S21402BBD8F5E7C828E4D00020F8BD00BF21D004004D
S21402BBE8F8B506460CF099FE09220021054610F023
S21402BBF80BFB00F11004284610F077FFE4B2074664
S21402BC082146304605F012FB0546304610F0D8FBB2
S21402BC18BA05A0EB0403DBB20AD47C2D0AD0082DA1
S21402BC280AD8064A505D98428CBF00200120F8BD0B
S21402BC381220F8E70320F6E7FF20F4E732D00400E4
S21402BC48014B1878704700BF336C002038B5114B8B
S21402BC5804461B7808469BB9012038BDA24205F166
S21402BC6801050FD103EBC1035B6898470028F3D19F
S21402BC781E2022464FF6FF7110F000FF0020ECE768
S21402BC880025054BE9B213F83120002AE6D11446FE
S21402BC98EEE700BF336C0020D8CF04004FF6FF73E0
S21402BCA807B502220DF106010348ADF80630E3F7A0
S21402BCB801FB03B05DF804FB603202E0002307B51F
S21402BCC8ADF80430134B984221D10B88DA0703D516
S21402BCD8232003B05DF804FB9B0748BF4FF47F435D
S21402BCE84FF002020C480DF1060148BFADF80430C9
S21402BCF8E3F7B4FA4FF6FF73BDF806209A42E7D187
S21402BD080222054801A9E3F7D5FA0020E1E7212037
S21402BD18DFE700BF1FD1BACA603202E0002313B5BC
S21402BD280222038004460DF106010F48E3F796FA4D
S21402BD382D2801D0112805D14FF6FF73ADF806302D
S21402BD48FFF7ACFF9DF80630BDF806201BB1238826
S21402BD5843F0010323800020FF2A82BF238843F092
S21402BD680203238002B010BD603202E0034B1B7848
S21402BD78002B14BF442056200E307047D361002093
S21402BD882DE9F04F8DB0179C06468946CDE9022369
S21402BD98BDF85870D588ADF816103CB9EC0605D52E
S21402BDA800970AF0F6FE0DB0BDE8F08FC5F38024C2
S21402BDB82B054FEA043448BF44F40064A80511D59D
S21402BDC844F080040A2E00F26981DFE816F09A0031
S21402BDD82F001700370067016701370010009A0026
S21402BDE837009E00E90548BF44F04004EAE74FF0F2
S21402BDF801084FF0020B4FF0000A14E008A95FFA98
S21402BE0889F00EF0ECF8DDF82500DDF8291006AB0F
S21402BE1803C3A44B33F81930ADF816304FF00008B8
S21402BE28C3460DF1180A002F5DD125E006AA0DF1CA
S21402BE3816015FFA89F003F017FAEFE74FF6F77381
S21402BE48994540F22B8115F4026F40F02781964BF4
S21402BE581B78022B03D0043B012B00F2218147BB3F
S21402BE68032E4FF001080CBF4FF00C0B4FF0080BD7
S21402BE78BA4624F4C074A4B28C4B18884FF6FF73E3
S21402BE88984206D08A49FAF767FB10B124F4805420
S21402BE98A4B2039B38460093BDF81620534644F4D2
S21402BEA8027105F0EBF9ADF82000002838D1192008
S21402BEB879E7384610F084FA0246FFF757FF032E52
S21402BEC808BF0138824201DD38206CE7032E4FF0A6
S21402BED801080CBF4FF00C0B4FF0080B4FF0000A8E
S21402BEE824F4C074A4B2029B1B889BB91A4639462E
S21402BEF80620009308F0DBFC0028BDD140F601407E
S21402BF0851E74FF00008C34675E74FF001084FF0B7
S21402BF18030B70E7002339461A4607200093E9E721
S21402BF284FF6FF73614A118899421CD00CF0F5FC53
S21402BF3803465E4A04301188039310F0D8FD5D4923
S21402BF48039B097814F4805FD9715949574A1FBF71
S21402BF58086898604868D8604FF6FF7313804FF0F9
S21402BF68FF330B604B605946029A08A805F03AFA66
S21402BF7800289CD0504C2378002B3CD1A7B13846D9
S21402BF8810F01EFA0746BDF8200010F019FA2378BA
S21402BF980744002B14BF12220022EB1003F00403FE
S21402BFA817443B44842B8FDC15F400570AD0BDF89F
S21402BFB8204020460CF0B7FB40F4806189B2204648
S21402BFC80CF09CFBA6F10803012B05D801221021D0
S21402BFD8BDF820000CF098FB179BBDF8204043B331
S21402BFE82046BDF816100CF0E2FBBDF82030179A72
S21402BFF800201380D7E6AA06C0D56B0103F02003FB
S21402C0080A2E14BF43F0010363F07E03DBB2B8F1D5
S21402C018000F08D000215246009108A800F082FEC0
S21402C0280028ABD0BFE61A46514608A80DF0C6FE51
S21402C038F6E720460EF08EFB179B024621460420A2
S21402C048009308F034FC00283FF458AF0A2E18D89C
S21402C0584FF4D963F340DB0713D5072E0AD00A2E0E
S21402C06808D0BDF820000DF069F980F00100C0B2D2
S21402C078800098E608A80BF0FBF80028F1D0042008
S21402C08891E617B125F04005ADB22B463146BDF80C
S21402C09820005FFA89F201F07DFE84E6012082E63E
S21402C0A8162080E6345A0020D7610020BC6B002098
S21402C0B8346C00208D620020D3610020F7B50F464D
S21402C0C89DF828100446DDE90B061D46F1B94FF621
S21402C0D8FF739C421CBF174B1C804FF000041CBF0A
S21402C0E8154B1A70BDF8240005F012FA00232A46EA
S21402C0F8CDE90043394606209DF82030FFF740FE7A
S21402C10810B90EB1AB7A337003B0F0BD78B14FF602
S21402C118FF739C421FBF074B1C80074B1A700022F6
S21402C1280CF016FC04460028DCD11920ECE7212086
S21402C138EAE700BFBC6B00208D6200202DE9F047BD
S21402C14888469DF82810074616461D469DF820A0E4
S21402C158BDF824900B9839B158B300220CF0F8FBBE
S21402C168044610B9192025E00C464FF6FF739D4287
S21402C1781FBF114B1D80114B83F800A04FF6F773B3
S21402C1889E4208D80E4B4FF6FD761A784FF6FF7386
S21402C198002A18BF1E46484605F0BAF900233A4652
S21402C1A8CDE9084331464346BDE8F0470320FFF78A
S21402C1B8E7BD2120BDE8F087BC6B00208D62002019
S21402C1C8946100202DE9F04786B09DF83860054650
S21402C1D8DDE90FA80C4617469946B6BB374B1B78BF
S21402C1E8022B1DD125BB4FF6F7739C4214D80026A6
S21402C1F8484605F08DF900233A46CDE90063214604
S21402C208FF232846FFF7BCFD38B9B8F1000F04D063
S21402C218BB7A88F8003000E0012006B0BDE8F08757
S21402C228043B012BDED908460BF01FF810B31DB3EA
S21402C238022D31D1EEF76AFBA042EDD9204B33F836
S21402C24814204FF6FD739A4219E0BAF1000F32D065
S21402C2581A4B1B78022B05D1FFF788FDB042E6D2AF
S21402C2683820DAE7043B012BF6D908460AF0FDFF28
S21402C2780028F1D11620D0E74FF6F7739C42CBD8A8
S21402C288002EB4D03146002250460CF061FB06461A
S21402C2980028ADD11920C0E7012DBDD104AA0DF1A1
S21402C2A80E01E0B202F0E0FF064B1B78A342B3D9B8
S21402C2B8BDF80E20C5E72120AFE700BFD7610020F2
S21402C2C8345A0020086C002030B5104B87B005465B
S21402C2D80C461868596803AA03C298680C49106085
S21402C2E89A88DB8852BA23F04003ADF8123000234E
S21402C2F8CDE90043ADF81020FF23098803AA0720DA
S21402C308ADF80E50FFF73CFD07B030BD725B00205B
S21402C3187E5B002038B50C461146124A124D108034
S21402C32822682A6062686A60A268AA60E288500682
S21402C33816D5EA88520613D561B1002218460CF0C3
S21402C34807FB014650B16088FFF7BEFF0522074B80
S21402C3581A7038BD08460EF03EF9F2E71920F5E7DE
S21402C3680220F6E77E5B0020725B00209D620020BA
S21402C3782DE9F04F074689B0104615461C468A46F0
S21402C3880EF0E8F90146284604F050FF064628460D
S21402C3980CF0C3FA043010F0A8FB80460CF04EFCF2
S21402C3A8804550D0B2074ED1DFF8AC80284605A9A2
S21402C3B8B8F800B00EF0B5FA9DF81930A8F8007073
S21402C3C803BBBDF81430EBB928460CF0A6FA0230C7
S21402C3D810F08BFB4FF6F773984294BF4FF00009A4
S21402C3E84FF0010901230134E4B22A463846CDF853
S21402C3F8009005A9039303F001FC039B40B901339F
S21402C4089C421ED20020A8F800B009B0BDE8F08F02
S21402C418022CF8D1012BF6D10C4A0D4BA3F800A03A
S21402C4281378591C11700B4A7F3B16F00C011370D7
S21402C43807D1BDF81A305B0603D5BDF81600FFF71C
S21402C44843FF0223D1E70020DFE700BFD5610020C3
S21402C458BC6B00208D6200207E5B00202DE9F04F29
S21402C468ABB00F46ADF81E000CF057FA00F1020A00
S21402C4780646504610F039FBBDF81E4005462046D3
S21402C4880EF068F90146204604F0D0FE814600F018
S21402C4980308301D10F029FB414C20800CF0CEFB1F
S21402C4A8A8422DD04FF6F7739D4229D87378DA073B
S21402C4B826D428460DF008FF30B101232946BDF8D8
S21402C4C81E202088FFF754FF0CF0B8FB344B1B885D
S21402C4D883420FD1BDF81E4020460EF03BF90146B6
S21402C4E8204604F0A3FE10F00C0103D1BDF81E008E
S21402C4F801F00EFD00222B4B1A602BB0BDE8F08F20
S21402C5082949BDF81E000EF00CFA2849BDF81E008F
S21402C5180EF06AF90028254B08BF0023214ABDF809
S21402C5281E0013600CF085F9214B1870BDF81E002A
S21402C5380CF084F91F4B1870BDF81E000CF089F930
S21402C5481D4B186000238DF82230002F3AD0164B68
S21402C558DB889B0636D5194B1B689D071ED4B8F197
S21402C568010F14BF082318230DF12202009200229D
S21402C5780DF11E00114600F0D5FB18B3B8F1010FF5
S21402C588A2D10F4B1B78112B9ED10DF0B6FC0028BA
S21402C5989AD140F61D40FBF70FFB95E70823E3E721
S21402C5A87E5B002060560020725B002085620020B9
S21402C5B8806200207F6200204C5600208C480020B3
S21402C5C8D7610020504610F090FA8246BDF81E0049
S21402C5D80FF0F6FEA0F11005EDB22A4631460AA87B
S21402C5E8F1F7B0FCFF238DF82F304FF6F7739A4514
S21402C5F840F2DF80B8F1010F00F0E780B8F1020FD1
S21402C60800F04681B8F1000F7FF45EAFA44DBDF886
S21402C6181E00EB88ADF8240004930CF07EF9BDF8F2
S21402C6282460074630460EF095F80146304604F078
S21402C638FDFD8DF82300B81C7E7810F056FA0746E2
S21402C6480CF0FCFA06F00106B4F8009003906C8829
S21402C658002E7FF439AF4FF6F77A424649465745D9
S21402C6688CBF0620082010F009FABDF824B05846F8
S21402C6780EF070F85946024643460420CDF800806C
S21402C68808F0F2F8574583460AD8B5F90620EB882B
S21402C698002A05DB580603D541462046FFF714FE56
S21402C6A8BBF1000F3FF410AF2B88002B5AD16B79E1
S21402C6B8002B57D14FF6F7730DF126019F42BDF8AE
S21402C6C8240094BF4FF0000B4FF0010B0DF0E6FC70
S21402C6D8DFF8D8A100F1FF38BAF800301FFA88F15F
S21402C6E80593EB88BDF82600069304F09FFD069B8B
S21402C6F804990190009322465B460598C1F34011BF
S21402C7080AF0C0FD00283FF4DFAE0423062000939B
S21402C718BDF82610624B5FFA88F208F0A5F80028E2
S21402C7283FF4D2AE48F202036A889A4205D1BDF8AF
S21402C7382410BAF8000000F025FF594D09AA294628
S21402C7480DF123000AF09CFD034600287FF4BCAED8
S21402C7582104BAF80000BDF8242060D523462946ED
S21402C7680DF0B1FC9DF823304D4D03F00C030C2B55
S21402C77875D128890DF072FC00283FF4A5AE039BFC
S21402C788002029894B4514BF0226032602F044FCE2
S21402C798444B18704FF6F7739F42BDF8240075D8BD
S21402C7A8A4F138025342534132463D4904F036F862
S21402C7B88AE6B8F1020F6BD0394BB3F90630002B74
S21402C7C826DAB8F1010F7FF41DAF0CF037FA23888A
S21402C7D883423FF479AE0520BDF81E10FFF736FAFD
S21402C7E800283FF471AE2E4AD3885B0607D500238D
S21402C7F8CDE900330A20FF232188FFF7C1FA3A461B
S21402C8089DF822302188BDF81E0002F01DF85BE66E
S21402C81829460AA800F070F80028D2D054E6022169
S21402C828DFF88C8088F800102946CDF800B003F0AF
S21402C838E5F9132C96D0EB885D0493D41A4B1B7833
S21402C848D80703D598F80020022A8BD099077FF5D7
S21402C8583BAE98F80030012B7FF436AE82E7002212
S21402C8682B79124800936B791146008802F0FCFB7C
S21402C8780C4B18709DF8233003F00C03082B89D153
S21402C888039B4B4514BF0426052683E701238BE743
S21402C8984846BDF81E20024901F0AEFA14E600BF6B
S21402C8A8725B00209C620020986100207E5B00205C
S21402C8B88E62002010B5002108480CF092F8044653
S21402C8C850B101460420FFF7C1F928B12046BDE859
S21402C8D810400121FFF7C2BD10BD00BF625B0020F9
S21402C8E8034BFF211A7803489200F1F79BB900BF61
S21402C8F8096C00204445002070B5451804464FF0E0
S21402C908FF31AC4212D1104B10481A780546002364
S21402C918934211DB0E4C2078431CB3FBF2F602FB63
S21402C928163345F82010237000200CE014F8010B8B
S21402C938E1F7F4FD0146E4E750F8044BA14201D0C2
S21402C9480133E5E7012070BD096C0020444500204C
S21402C9588F620020042307B501200DEB0301054A68
S21402C968F9F76AFA019B044A1B03136003B05DF8E1
S21402C97804FB00BF23E111005C560020014B186837
S21402C988704700BF5C560020014B1868704700BF0E
S21402C9985C56002010B5064C2368C3F30B0313B984
S21402C9A80448E2F74BFC2068431C236010BD00BF16
S21402C9B85C56002023E111002DE9F04F93B0039353
S21402C9C80023DDE91C79069399F8003083460DA802
S21402C9D804930E4615460AF0E3F899F8003013F069
S21402C9E803043ED0039B0DF1250A8DF8243000225D
S21402C9F8082138460CF0B0F8002870D028880BF0CA
S21402CA088CFF99F800301C074CBF0430023010F037
S21402CA186CF807A98046F9F79FFB9DF82430044670
S21402CA28980633D5288806F10D010DF066FEA8B1E2
S21402CA3800230093384608232988721D10F052F9FD
S21402CA4899F8003003F01803182B4AD1B8F1000FF2
S21402CA5847D0A94BB3F86830434542D040F60A435C
S21402CA6827E02888711D0DF048FE0028F6D00094AD
S21402CA7805233246298809A810F034F99DF824308F
S21402CA880DF1240A03F018030393B0E714BB3946E2
S21402CA984046F9F761FD0028D2D099F80030990788
S21402CAA8DCD040232246214640460DF0B3FB40F632
S21402CAB8094399F8002012F0030440F0F78028880A
S21402CAC803930BF08DFE224601461A200FF0D6FF7E
S21402CAD8039BEBE007AB03CB38607960B0E74FF611
S21402CAE8FF780AF0B2FB044620B104213846F9F76B
S21402CAF84FFB04461E9B002B5AD009231E990DA8ED
S21402CB088DF834300AF0C6F9209B0BB1209B0693A9
S21402CB18039B002B40F08E800DA8EEF7A7FB99F832
S21402CB2800309A0700F09880FFF734FF5146024615
S21402CB3801200AF0D4FB99F800309B0710D5594615
S21402CB4828880DF0B4FE0BF1090350FA83F35FFA56
S21402CB5883FB594628880DF081FE00EB0B06F6B2D9
S21402CB6899F8003013F0C20F0AF104030DD09DF8AD
S21402CB782420624942F020028DF824200A68CAF866
S21402CB8804204A685A600AF10C03012209A8009296
S21402CB981B1A324629889BB210F0A4F83246594628
S21402CBA82846FEF7E1FE002800F0A48000237DE078
S21402CBB81F9B5BB19E460DF1340CBEE80F00ACE835
S21402CBC80F00DEF80030CCF800309DE7049B59468B
S21402CBD803F020032888049304F028FB10F0030FC0
S21402CBE80CBF012300230593049B059A003B18BF3C
S21402CBF8012342EA430300930DAA06AB38461F995F
S21402CC0800F0FEFA049A034682B1002880D0059BFB
S21402CC180DAA0093384606AB1F9900F0F1FA0346B0
S21402CC2899F8002022F0200289F80020002B3FF411
S21402CC386FAF3EE7039B102B06D1BDF8363043F0A4
S21402CC480103ADF8363067E7039B182B4FD1BDF8C2
S21402CC58363043F00203F4E701200DF125010AF00D
S21402CC684CFB99F80030824613F0040F288821D12D
S21402CC78069B1BB3002C35D00BF0B2FD00220146F2
S21402CC8816200FF0FBFE84B17FB14FF6FF7398456E
S21402CC980BD000230DA91A4638460AF00CFA394674
S21402CCA840469DF835200AF0E6FA0123184613B0E6
S21402CCB8BDE8F08F002CDFD1104F01E0002CDBD14D
S21402CCC800233246009359463B460CF077FF00286D
S21402CCD83FF4C4AE002C3FF469AF069A0AF101038A
S21402CCE8136063E71B685345C6D80124E8E740F695
S21402CCF80A43DBE71923D9E7445500205D62002082
S21402CD08002307B5054A0648136004220DEB020104
S21402CD180193E2F7CFFA03B05DF804FB5C560020F5
S21402CD2823E111002DE9F04F0446B1B000888DF8D2
S21402CD382F3016468A460DF00DFD0146814620889C
S21402CD480DF08CFD00EB090820880DF0D9FD0023B4
S21402CD589DF82F505FFA88F815F001070790ADF88E
S21402CD68363008D101460DF1360220880DF07FFCD8
S21402CD7808B1ADF8367016B9CDE90E660EAEFEF7F6
S21402CD8863FC18B145F020058DF82F500023CDE935
S21402CD98033302930DF12F03CDE90063224653466F
S21402CDA841464846FFF708FE0546002800F043813C
S21402CDB89DF82F3013F0010746D1B44A23F020031A
S21402CDC8106851688DF82F3010AB03C3184600F070
S21402CDD8FBF90546FEF744FDBBB2984200F2B7805F
S21402CDE83A9B13B100233A9A1370BDF83630CBB18A
S21402CDF8012120880FF000FB27880546002800F04E
S21402CE084F81012138460FF0F7FABDF8367005460D
S21402CE1838460FF0D5FA002300903A4619462846B7
S21402CE280DF0A8FB0023CDE9033302930DF12F037F
S21402CE38CDE900632246534641464846FFF7BCFD05
S21402CE480546002800F0F7809DF82F3003F01103FE
S21402CE58102B40F003818E4B1B78432B40F0FE804C
S21402CE688C4B1B685B0640F1F980208808F10501A7
S21402CE780DF043FC8346002800F0F08041462088E7
S21402CE8804F0D4F9844B10F0200F08BF1E4612A8EF
S21402CE9800F09AF90822314612A8F1F70FFA00288C
S21402CEA800F00E81314612A80AF0AEF9012326AE2A
S21402CEB800933246002314A912A800F0A1F900280C
S21402CEC840F0CC8012AB0DF12F07CDE9036002903B
S21402CED8009322465346414648460197FFF76CFDA3
S21402CEE8002800F0EF80BDF89A30102043F00803BF
S21402CEF818AA14A9ADF89A300CF037FD002840F0AD
S21402CF08AD8012ABCDE90360CDE9017000932246ED
S21402CF18534641464846FFF74FFD0546002840F06F
S21402CF289D8018AB4FF49071002012AA00F0D4F836
S21402CF384FF0005100200CF095FFBBF1000F00F0F7
S21402CF488C804FF0805100200CF08CFF85E018ABE7
S21402CF5814AA26A9F8B20AF003F9002840F0948029
S21402CF68082210A927A8F1F7A9F98346ADB19DF8BA
S21402CF78A53013F0020F08930FD0082212A927A88B
S21402CF88F1F79CF948B9089B590706D53A9B13B19D
S21402CF9801233A9A1370089507E03A9B002B61D151
S21402CFA8BBF1000F70D1002308930DF1740C14AB7B
S21402CFB80FCB8CE80F00BDF83630CBB101212088A4
S21402CFC80FF01AFAB4F800B000284FD001215846DC
S21402CFD80FF012FABDF836208346104609920FF073
S21402CFE8EFF900231946099A009058460DF0C2FA3E
S21402CFF82A4B0DF1740B0493002303930DF12F03B0
S21402D008CDE900632246534641464846CDF808B065
S21402D018FFF7D2FC002837D1002D33D012AA5B4680
S21402D0284FF482714FF4005000F056F8089B13B183
S21402D03826A809F0B0FE174B1B689A070DD4FEF710
S21402D04803FB50B1114A18AB1068516803C300229B
S21402D05826A918A80CF0ACFC68BB0025284631B0F7
S21402D068BDE8F08F00233A9A137099E7BDF8362088
S21402D0780A90104609920FF0A3F9DDE909230799E9
S21402D0880090B2E72A46CAE70137A3E666F4030029
S21402D098D76100208C480020AE5500208848002022
S21402D0A8BDF836B058460FF08BF92B4600905A4614
S21402D0B838460799B4E626A918A80CF0B5FCC6E7C0
S21402D0C88346F3E614AB2DE701461A230120014AEC
S21402D0D8F8F7B2BE24E10100F0B5164691B007464D
S21402D0E809A80D461C46FFF7EFFF3EB1336845F028
S21402D0F84005CDF826307368CDF82A301B4B1A68DF
S21402D10822EA070242EA050119604B040DD5BDF86A
S21402D11824200B0A03F4E243C9B222F4E3420B4387
S21402D12822F07F021343ADF824301A230020104A57
S21402D13809A9F8F781FEB4B104A809F031FD022363
S21402D1486A468DF810301546234604F11006144632
S21402D15818685968083303C4B3422246F7D12946E9
S21402D16804A809F097FE11B0F0BD00BF8C48002055
S21402D17824E1010047F2FF10044B196841F480428B
S21402D188014041F480411A600CF06CBE8C480020C5
S21402D19800B589B0FEF7CAFB01A8FFF795FF094854
S21402D1A8BDF804200168130221F0FF0103F4E2032C
S21402D1B80B43D2B2134343F48043036009B05DF8CD
S21402D1C804FB00BF8C48002010B50C4B04461868B8
S21402D1D888B0830706D54FF0FF33236001206360CB
S21402D1E808B010BD10F04000FAD001A8FFF76CFF97
S21402D1F8DDF806302360DDF80A30EFE78C480020B9
S21402D2082DE9F04F99B081460C461E4617469DF802
S21402D2188880A2B11546284609F0C2FC18F0020B0F
S21402D2280FD004B911AC6B4622462946484609F087
S21402D23875FF0EB10023336019B0BDE8F08F0CAD50
S21402D248E9E76B462946484604AA09F034FF6B7894
S21402D25808F00108FF2B25D000287AD154B104AB78
S21402D26808AF1A4603CABA4220606160134604F140
S21402D2780804F6D126B16A78374B03EB820333608B
S21402D288B8F1000F01D10020D6E7BDF80030D90664
S21402D298F9D418204FF6FF716A780FF0EFFB40F6C4
S21402D2A80E40C9E7DFF8B8A0DAF800302EB19A07C0
S21402D2B856BF2A4AC6F800B0326003F03003102B75
S21402D2C801D0202B1ED111A8FFF7FEFE08224846E1
S21402D2D80DF14601F0F7F2FF28B1DAF8003003F054
S21402D2E84403402B0ED0B8F1000F0ED108A80CF05C
S21402D2F8BDFD02232B70C4B9002FC4D0281DFFF72A
S21402D30863FFC0E740F60A4096E7DAF80030DB0328
S21402D318ECD508A80CF0AAFD02232B70BCB9002F86
S21402D328B7D0281DFFF750FFB3E7002608AB0CAFAF
S21402D3381A4603CABA4220606160134604F108041A
S21402D348F6D1281DFFF740FF002E9CD0A1E7012644
S21402D358ECE72D2070E700BFA04400208848002094
S21402D3688C48002049B9084B197849B14EF6602313
S21402D378594328B105480FF0F3B841F28831F8E767
S21402D3880248F8F7DFBC00BF96610020D8470020A5
S21402D39870B586B00546F8F7C3FD10B9022006B088
S21402D3A870BD01A8FFF710FF06460028F6D08DB913
S21402D3B82E4B1C6814F0020406D02D4B1B78112B3A
S21402D3C8ECD12C4BB3F868404FF481630221ADF8D8
S21402D3D80C3023E02846F9F72DF90028DED1234B36
S21402D3E81C6814F0020406D0214B1B78112BD5D1E9
S21402D3F8204BB3F868400822294601A8F0F75EFFDA
S21402D4080028E1D04FF4027300260A21ADF80C304A
S21402D4182B68CDF80E306B68CDF81230002203A8C0
S21402D4280BF096FA024608B91920B8E70F4B1968A6
S21402D43801F03003102B17D0202B14BF012303232F
S21402D448490001F004010B432046002100F0F4FFD6
S21402D4580028E9D000210120FFF784FF16B1012237
S21402D468054B1A7000209AE70323E9E78C48002048
S21402D478D7610020445500208462002030B500257C
S21402D4881D4C85B0CDE90055F8F75CFC23784BB304
S21402D4981A491B480A780078904223D90132012B90
S21402D4A80A700ED12A464FF4A071284602F0BEFA38
S21402D4B8C0B2B8B941F2883112480FF051F805B037
S21402D4C830BD022B09D1284602A9F9F745F80028EB
S21402D4D8EED102A8FFF75CFFEAE7032B02D101F0C0
S21402D4E865F9E5E7002108462170FFF73BFF0421AE
S21402D4F8684609F0C3FAE2E79062002091620020CB
S21402D5083C6C0020D847002070B5194A194D0446CD
S21402D5185168106886B02E7801AB03C31EB1022488
S21402D528204606B070BDF8F745FD0228F7D103A8D5
S21402D53800F0E8FD082201A90DF10E00F0F7BEFE84
S21402D548A0B10D4B32464FF4A07130461C7002F063
S21402D5586DFA04460028E3D10123084A41F28831CD
S21402D56807482B7013700EF0FBFFD9E72324D7E782
S21402D5783BD00400906200203C6C002091620020A0
S21402D588D8470020F0B50C4600219BB02B4F064624
S21402D598492207A80691F0F745FB3B78012B34D1C0
S21402D5A89EBB0DF10E0120460CF078FD0546BDF82F
S21402D5B80E000EF005FF441BE4B2BDF80E1023461B
S21402D5C82A46009606A80FF08DFB304604A9F8F7FF
S21402D5D8C3FFD0B9CCB19DF81920B2B9BDF8233033
S21402D5E803F47E43B3F5285F1ED3B3F5385F0ED334
S21402D5F81349BDF80E000B6843F400030B60294676
S21402D60809F01CFE18B104233B701BB0F0BD0122C2
S21402D6180C4B04A81A70FFF7BBFE41F288310A4881
S21402D6280EF09EFF0223EFE711463A70FFF79AFEC6
S21402D6381E2104A809F022FAE7E700BF906200203C
S21402D6488C48002091620020D8470020014B1870B1
S21402D658704700BF91620020014B1878704700BFE0
S21402D66890620020014B1870704700BF906200203D
S21402D6782DE9F04F0446408891B00E298846ADF849
S21402D6881A0074D094F80890A7790BF046F909A9FD
S21402D6980546BDF81A00E6790DF043F9BDF81A00FA
S21402D6A80BF041F8430542BFBDF82A3043F4005355
S21402D6B8ADF82A30E379D80642BFBDF82A3043F4DB
S21402D6C88053ADF82A30BDF82A30990613D5022FB2
S21402D6D852D10CA9207A0CF082FCDDF83500DDF870
S21402D6E8391007AB03C307AA0021042300910DF1E2
S21402D6F81A00FFF717FB0121BDF81A000EF07CFE90
S21402D708022F824644D1454B33F81950B8F1000F20
S21402D71879D0BDF82A305A0675D54FF6FB7295426F
S21402D72871D83F4AB2F86820AA426CD0DB0502D507
S21402D73828460CF09AFDBDF82A30D80463D5002F87
S21402D74833D1BDF81A000AF0EEFFC10663D548F2D7
S21402D7583403BDF826209A4209D1324E3078FF2883
S21402D76805D003222946FCF72BF9FF233370002342
S21402D778236011B0BDE8F08F012F01BF237A2A4A31
S21402D78803EB430302EB830314BF00229A1CABE7A6
S21402D798012F05D10C2303FB09F3234AD55AB5E713
S21402D7A8A81C0FF0A2F90546B0E7284601F07CFD52
S21402D7B8BDF81A000AF0B7FFC206C8D463895046F5
S21402D7C805930EF0FDFD834650460EF0DDFD059BE3
S21402D7D802905FFA8BF04A4639460190009340461B
S21402D7E809AB09F0E3F8B8F1000F14BF0B200920C3
S21402D7F816F0030218BF02F1FF32294618BFD2B24A
S21402D8080FF03CF9A3E7BDF81A000AF08CFFC3062E
S21402D8189DD4002FD2D1A946D0E700BF345A0020A3
S21402D82844550020406C00207459002038B5002466
S21402D8380F4B104D2A78A24205D8C2B9BDE8384027
S21402D8480D48F8F77FBA598869B9013AD2B2A242A6
S21402D8582A70EFD0121B184603F110011201F0F7D6
S21402D86833FA0346E6E701341033E4B2E2E738BD9A
S21402D878A444002094620020F86A002070B51A4B6F
S21402D8881A4A1D780023DCB2A54200D870BD144699
S21402D89866880133864202F11002F4D1E379A5883C
S21402D8A8E16003F040028DB9CAB123F00403E371C4
S21402D8B80BF033F8037803F07F03037021880029FE
S21402D8C8E4D1BDE870400A480EF04ABE00216580E1
S21402D8D8A180002AE9D1BDE87040FFF7A7BF20461D
S21402D8E8FFF7C6FEF7E700BF94620020A4440020B4
S21402D8F8F86A00202DE9F047044686B040880F46AD
S21402D90815460BF00AF8A3798046082B52D8DFE8AA
S21402D91803F0052E185151515151050002300FF0EF
S21402D928E4F8002D4ED06946F8F716FE002841D1D5
S21402D938684601F063FDB0FA80F0400906B0BDE81B
S21402D948F08702A9207A0CF04AFB6B466E46DDF891
S21402D9580D00DDF81110334A03C3237A32F8139008
S21402D968314AD05C75B131460CF05DFBE6E7237AA6
S21402D9782E4903EB430301EB830231F82390907A96
S21402D988961CEFE74FF6FB7AD14515D930460CF0D0
S21402D99894FC4FF6FF739842054615D0014630466A
S21402D9A801F09EFC554508D9E379DA060ED440F60E
S21402D9B82243E3600020C1E74D46294608F10200EB
S21402D9C80FF095F80120B9E74D46EDE74FF6FC78DB
S21402D9D8454512D103F00C030C2B1CD1DFB130469F
S21402D9E84FF6FD7101F07CFC40F61F412046E160CF
S21402D9F8FFF73EFEFFF71AFFDCE74FF6FD739D4280
S21402DA0809D10023304619461A4602F0DBF8414689
S21402DA18304601F065FCE37943F00C03E37140F607
S21402DA282343C6E7345A00209D610020745900201B
S21402DA3873B5044640880E460AF06FFF02300FF0B0
S21402DA4854F809F012FC18B1A11C201D09F012FCAA
S21402DA58E6B1E5790135EDB2E57115F0400514D069
S21402DA68ECF74EFF0122054600212046FFF742FF4B
S21402DA7818B1394B1B882B449DB2384B1B78042BA4
S21402DA8801BF354B1B885B199DB2258000223146A3
S21402DA982046FFF72FFF20B360880AF03EFFE279A0
S21402DAA82F4922F00C03E3710B7805460133DBB2EB
S21402DAB80B70C3712B4BA61C1B780BB3E379980625
S21402DAC81ED52949097871B159060CD592070AD587
S21402DAD800220423114630460092FFF723F910B1BC
S21402DAE8E06002B070BD0022012311463046009263
S21402DAF8FFF718F920B1E37943F00303E371EFE780
S21402DB08304609F0B5FB0028EAD16088FCF7C0FA6F
S21402DB180328E6D8DFE800F0020D1D19E37943F082
S21402DB280403E3711B06DCD5104B1A78104B1A70E7
S21402DB38D7E740F62443E360E37943F00803E3714A
S21402DB482B7803F07F032B70CBE740F62543E36080
S21402DB58C7E740F62643FAE7966B0020D86100200E
S21402DB68D5610020D36100203D6C00209B61002017
S21402DB78936200202DE9F74F06460EF0CCFE5F4B67
S21402DB880546B3F8009018805D4BA0EB09041B7895
S21402DB98A4B2A34298BF00234FF000084FF6FF77BF
S21402DBA888BF1B1B564A88BFDBB21370DFF864B106
S21402DBB8A9EB00030093534B5FFA88F21978914257
S21402DBC80ED80EB1FFF732FE4FF6FF739F4200F0F3
S21402DBD88E8039464C4803B0BDE8F04F0EF0C0BC04
S21402DBE8BBF80220002A3CD0484B9BF8072018783E
S21402DBF8BBF800A0042818D00020BAF1000F08BF0E
S21402DC08A2462044504523D2BBF80010009B194474
S21402DC18ABF80010002E4ED002F04802482A4AD12D
S21402DC2800215846FFF704FF45E00192F8F704FC86
S21402DC3830F01003019ADFD1FBF746FC344B019A09
S21402DC48B3F800C08445D7D9ACEB000080B2D4E75D
S21402DC5802F00C00042807D10022ABF800200BF1D2
S21402DC68100B08F10108A6E7510602F0030C02F0B1
S21402DC7808000ED528B3BCF1030F25D1DEB1DBF8B8
S21402DC880C105846002908BF4FF44261FFF7F0FC13
S21402DC9811E040B3BCF1010F25D11206EED44FF4C1
S21402DCA8C862ABF800209BF8072022F0030242F075
S21402DCB802028BF80720BBF80020974228BF1746B7
S21402DCC8CDE703208445D9D213060ED50C4B1A7815
S21402DCD80AEB0200844208DA4A44521B0AEB0201A3
S21402DCE8ABF80010E7E70120ECE7012199E70648C0
S21402DCF803B0BDE8F04FF8F725B800BF685B002010
S21402DD089362002094620020F86A0020D8610020FE
S21402DD18966B0020A4440020F8B500250A4E0B4F47
S21402DD283378ECB2A34204D8BDE8F8400848F7F7BF
S21402DD3819BD07EB0414A01CF7F714FD201DF7F70E
S21402DD4811FD0135ECE700BF94620020A4440020D0
S21402DD585E5B002070B500240B4D0C4E2B78A34258
S21402DD6808D81B1BDBB22B706BB9BDE8704008489D
S21402DD78F7F7E8BF06EB041040F621410134FFF737
S21402DD8877FCE4B2EAE770BD94620020A44400205F
S21402DD98F86A0020F8B5154EDFF858E035789EF890
S21402DDA800E0134FAE454FEA051C07EB051419D0E1
S21402DDB8002503F4835343EA1323A1712272E37105
S21402DDC8608027F80C50A58003F0A8FB40F60243B3
S21402DDD8E36033786081013328463370FFF7CAFE62
S21402DDE82846F8BD40F60340FBE700BF94620020D1
S21402DDF8A4440020076C00202DE9F04F344B0D4652
S21402DE081C78174685B05CB9B1F90680DFF8C89069
S21402DE18DFF8C8A0DFF8C8B099F80030A34202D8E5
S21402DE2805B0BDE8F08F0AEB0416B08800B9708812
S21402DE3801A90CF076FDAA7A9DF80E309A4244D1D2
S21402DE48B8F1000F0FDA297A9DF80C202B89914237
S21402DE5809D8204800780844824236DA521A1B0A41
S21402DE681341D90731D538460CF04AFDBDF80A30B9
S21402DE7804469A0602D5EB889B06D1D5F37903F0B9
S21402DE880C03042B08D17088F9F786FD00237288E4
S21402DE98194618460CF00BFA00213046FFF7E8FB45
S21402DEA8FFF7C4FC38460EF08BFA844208D2337A5F
S21402DEB801228BF8003029460023384602F0AEFCD1
S21402DEC8B8F1000FACDA0024A6E70134E4B2A3E7FF
S21402DED892620020066C002094620020A44400206F
S21402DEE89C62002008B50EF016FD074B1B88C01A68
S21402DEF880B2B0F5807F05D9BDE808400021034806
S21402DF080EF02EBB08BD00BF685B0020F86A002032
S21402DF182DE9F04788B004460D460CF01BFC014676
S21402DF28204603F083F910F003035FD110F00C0FBC
S21402DF3806D12946204608B0BDE8F047FFF79EBC42
S21402DF4820460AF0F0FBC30638D420460CF002FC42
S21402DF580146204603F06AF9064620460AF0DDFC2A
S21402DF68804602300EF0C1FD05A9074620460CF091
S21402DF78D8FC06F00C0698F801300C2E0CBF4FF0B1
S21402DF8803094FF00609012113F0010F204618BFB6
S21402DF984FF003090EF030FA174B80461B88A3424F
S21402DFA80FD1B5FA85F04009FBF748FC20460AF07F
S21402DFB8E8FB0022014607200EF060FD08B0BDE827
S21402DFC8F08703F0ABFA824640460EF0F9F90646A9
S21402DFD840460EF0D9F9F6B202903A464946284625
S21402DFE8CDE900A605AB08F0E1FCDFE7012BE5D199
S21402DFF810F00C0FE2D19CE75E5B0020002210B501
S21402E008094B1C78094BD1B28C4201D8002010BDAE
S21402E018197A814202D19979022902D01033013243
S21402E028F1E70120F3E700BF94620020A444002031
S21402E0380146002210B5084B1C78084BD0B2844221
S21402E04801D8002010BD187A884202D19879012892
S21402E058F8D010330132F1E794620020A44400207D
S21402E068002210B40A4B1C780A4BD1B28C4203D851
S21402E0785DF8044BFFF7DABB197A814205D1997924
S21402E088012902BF00211980598010330132ECE7BA
S21402E09894620020A4440020024B1878003818BF67
S21402E0A80120704794620020044B1B6813F0300F5F
S21402E0B803D0202130200BF0D5BE70478C480020B4
S21402E0C8002310B5044608491A4601EA00414FF0F3
S21402E0D87F60FFF701F8E30703D5002130200BF035
S21402E0E8C1FE002010BD00BF00007207044B5B880B
S21402E0F823F4784323F08D0303800020704700BF83
S21402E1088C48002008B500220346C3F80220C3F84C
S21402E11806200B4A02301268D1B212F0200F18BF3E
S21402E12841F010011980930701D4FFF74DF8054B0B
S21402E1381B78023B032B8CBF1720002008BD00BFAC
S21402E1488C480020D761002038B505460C46FDF7F6
S21402E158EDFB98B10E4B187878B10E4B1B681A0473
S21402E1680FD58CB113F0420F00D17DB103F4407382
S21402E178B3F5407F0CBF0020232038BD40F6084088
S21402E188FBE740F60B40F8E72046F6E72320F4E7DD
S21402E198D36100208C480020F0B504468DB007A84D
S21402E1A80D46164608F0FCFC1022002103A8EFF7DD
S21402E1B839FD5CB1234603AC03F110072246186802
S21402E1C85968083303C2BB421446F7D1012703A98C
S21402E1D886EA070307A88DF81C708DF81D3008F02C
S21402E1E84AFE80EA070401A8E4B2EDF79DF8B6B144
S21402E1F801A88DF80650EDF7C3F864B1002303A909
S21402E20807A88DF81D3008F045FE0C4B1B78432BEB
S21402E21801D1F9F7DBF80A4B1D700DB0F0BD01A865
S21402E2288DF80750EDF7ACF8002CF6D003A907A82E
S21402E2388DF81D7008F02EFEEFE700BFD7610020AC
S21402E248D2610020F0B5012593B007460DA80C460A
S21402E25808F0A6FC05A90DA8ADF8345008F035FE5E
S21402E26801A8EDF761F809A90DA88DF835509DF8B3
S21402E278066008F02AFE0DA89DF8075008F0BBFDB8
S21402E28870BB731BDBB2802B28D91FB1A64225D0E0
S21402E298A54223D105A90DA808F0FCFD03A8EDF7B1
S21402E2A843F803A88DF80F60EDF76AF801222946AD
S21402E2B809A8FFF771FF0AF0BBFE01214FF40070B0
S21402E2C80BF0E0FFFDF71AFBB0F1004F01D9FDF79E
S21402E2D81BFB044B187808F0CFFB012013B0F0BDE7
S21402E2E80020FBE7D261002070B50E4614460546AC
S21402E2F80320FFF7B7F946F004022946204608F03D
S21402E30823FE0022014B1A6070BD00BF8848002019
S21402E318F0B587B0078805461022002102A8EFF755
S21402E32881FC3E4B1B78002B76D1BC055ED407F0E9
S21402E3388403842B63D00022394C11461046FFF71B
S21402E3482BFF17F4045F276005F102061CD0B904F8
S21402E3580AD5304602F09CFA00284ED1236823F4E8
S21402E368005343F48073236030460BF0F7FD002811
S21402E37842D108F013FC18B9236843F480332360AB
S21402E388236843F02003236022680DF1060042F456
S21402E39800432360FFF7AAFE12F4805FBDF806303A
S21402E3A831D043F02003ADF806302168334611F029
S21402E3B8400218BF05F123024FF07F60FEF78CFE7D
S21402E3C8BDF80630DA0703D5002130200BF04AFDE7
S21402E3D823689B0506D5012295F8221005F112003E
S21402E3E8FFF7DAFE00200F4B186006E005F1120070
S21402E3F80BF0B4FD00289AD0292007B0F0BDB80764
S21402E40899D52320F9E723F02003ADF80630FDF767
S21402E4187BFAFEF775FCC8E70220EEE7D761002014
S21402E4288C48002088480020024B1868C0F3005029
S21402E438704700BF8C4800202DE9F04F06468946F3
S21402E4481046002189B01546984602F0EFFE1028BD
S21402E45807460AD86A4B0341DB0706D4C8F34004CA
S21402E4689DB9002009B0BDE8F08F664B1C78002CD9
S21402E478F6D0FFF7D9FF00280CBF4FF4F0744FF41C
S21402E488D074FC4004F00104EAE74FF0000A18F0E2
S21402E498010F5346524629464FF00500CDF800A014
S21402E4A80CBF4FF0080B4FF4027B06F000FA002868
S21402E4B8D7D0C8233246009359465346284602F018
S21402E4C8DDFEADF80E000028CBD018F0080A4AD1B7
S21402E4D84FF6F773A7F10F02D2B29E428CBF0923FA
S21402E4E80123012A01D843F04003474A8DF8103029
S21402E4F81378591C11708DF81130002C4FD09DF8E6
S21402E5081030052F43F020038DF8103033D03F4BE0
S21402E5181D78002D5AD04FF6F77300259E424FF00D
S21402E5280F0248D9012304A90DF10E00F7F75EFB86
S21402E538002896D1002C4DD1BAF1000133463A464E
S21402E54818BF0121BDF80E00CDF8009008F097FE1E
S21402E558ADF80E00002884D018F0040F4DD03146CE
S21402E5680AF004FF7EE749460DF10E000BF0AFFEF7
S21402E5780028ADD175E70121BDF80E000DF03CFF6D
S21402E588012102F053FE0123834013F0620F1CD1CF
S21402E5981E4B1B78E3B14FF6F7731825BEE71B4BE5
S21402E5A825461B780222002BBCD04FF6F7739E42F4
S21402E5B8B8D8052FB6D0BAF1000FB3D19DF81030EF
S21402E5C843F040038DF81030ACE710250F22A9E778
S21402E5D81825FBE7BAF1000F0AD002234A46009034
S21402E5E829460DF10E00FEF79DFB0028A4D038E759
S21402E5F841235246CDF800A0F2E70AF09FFE31E723
S21402E6089FFEFEFFD3610020D4610020C761002070
S21402E6182DE9DF431E46144B80461B680F469B07B0
S21402E62891460A9C1BD4204614B108F012FEC0B2CA
S21402E6380622CDE902403B460020CDE900890B4977
S21402E6480CF008F8024650B10021002E0CBF012338
S21402E6580323084604B0BDE8D043FFF7EDBE00200A
S21402E66804B0BDE8D08300BF8C480020E06B0400ED
S21402E6782DE9F04F8DB081468A461F4693469DF88F
S21402E6885C803AB903A8FEF79FFDB0BB00200DB028
S21402E698BDE8F08F15460022232110460AF058F9E5
S21402E6A8ADF80A000028F1D00DF06EFE05230446E8
S21402E6B818F0100F00F8023B677020D011220021D4
S21402E6C8EFF7B0FA04F11306032F4FF0080237D11A
S21402E6D859463046EFF7F8FAC8F3801306F10905EB
S21402E6E8337208F0B2FD00283ED000232B706B7000
S21402E6F80123033505F8013C36E003ADCBE70126D6
S21402E70810221699EFF7E0FA06FA07F313F0620FEB
S21402E71802D104F11206D7E707A808F041FA05A8BD
S21402E7288DF81C60ECF700FE9DF8162018F0200FF6
S21402E7389DF8173008BF134604F11306A374C3E7FF
S21402E74851463046EFF7C0FA012306F10802121BBB
S21402E75828460093BDF80A10082392B20EF0C2FAB1
S21402E768042F06F11005BCD02D1BA9B20DF10A0024
S21402E7780BF0D8FE002889D118F0040F0BD04846B3
S21402E7880EF0A5FAFF281FBF074A32F8103023F406
S21402E798804322F81030434651464846BDF80A20C0
S21402E7A8FFF74AFE73E700BF005B002070B503263A
S21402E7B890B08DF80760F7F7B3FB18B90224204625
S21402E7C810B070BD02AD2846FEF7FEFC0028F5D054
S21402E7D81B4B1C6814F00204F0D140F20F43194A8E
S21402E7E8ADF82430136804A8CDF826305368CDF85F
S21402E7F82A3008F0D5F995E8030005AB83E803004C
S21402E808062304A88DF81D308DF81060ECF72EFD4F
S21402E81801210DF12E020DF10700ECF77FFC2246CE
S21402E8281A2109A80AF094F8024608B91924C6E774
S21402E838012329462046FFF7FFFD0028BFD1F5E74A
S21402E8488C4800205D6200202DE9F04F04460D46F4
S21402E858002191B01F2208A89B460791EFF7E2F91C
S21402E86820460BF077FF0146204602F0DFFC8DF8C3
S21402E878110020460AF051F89DF81130467899069C
S21402E8888146C6F34006204648BF46F002060CF00C
S21402E89837F8804620460DF093FD0022A0EB0803C9
S21402E8A8DBB2232B28BF232300922146424607A821
S21402E8B80EF018FA00283AD1A24B9DF81C701B7865
S21402E8C89DF81DA0B3B3FFF7AFFD00280CBF4FF4A9
S21402E8D8F0734FF4D073FB40DA072BD5B30729D46D
S21402E8E8082F22D1BAF1040F21D1FBF77FFBF0B92A
S21402E8F8012342460093214605200DF1110305F037
S21402E908B3FFA0B1053F0D2F11D8DFE817F024009A
S21402E9181000AF01BC01C501100010001000100065
S21402E92810001000CB01F901F901052F07D011B02C
S21402E938BDE8F08F102F05D1BBF1000FF7D0FBF71B
S21402E94855FBD5E7FBF752FB0028D1D0052FCFD0D1
S21402E958112FCDD0EBE7BAF1050FE8D8204609F01B
S21402E9683FFF029009F102000EF0BFF882460DF151
S21402E9781200FFF7BBFB01239DF81D8003FA08F37C
S21402E98813F0620303932DD0BDF812309D0722D5EB
S21402E998B407CCD5FBF72AFB0DF11E000BF0DEFA06
S21402E9A8B8F1030F04469DF82EB02FD10DF12F05AE
S21402E9B80AF044F9824540F03181032EB7D19DF81A
S21402E9C836100DF11E02003918BF01210DF12E0076
S21402E9D808F060FCABE7FBF709FB0028DCD1002E49
S21402E9E8A5D0D9E7FBF702FB68B10DF11E000BF0C4
S21402E9F8B5FAB8F1030F04464FF0000B40F08280D8
S21402EA080DF12E05D4E7002E91D0EEE74E4B1B688B
S21402EA1898072AD5FF2208210DF137000AF09CF83C
S21402EA28814610BB034601460DF137020220FEF767
S21402EA3853FB0AF003F982450DF137070DF12F054E
S21402EA4823D04FF6F7739A4540F2ED80002208214C
S21402EA5828460AF081F8002800F0E5800022594688
S21402EA680DF11E00FFF798FB61E70DF137070DF170
S21402EA782F0538460BF01EFA002848D00AF0DEF8B2
S21402EA88824540F0CC804FF000092846F7F7D2FDC1
S21402EA98002800F0C480B8F1010F5BD0B8F1040F6B
S21402EAA87FF445AF0BF029FA10B1032E7FF43FAF7F
S21402EAB8002C7FF43CAF3A4602210DF11E00FFF708
S21402EAC813FC224B1B7863B1FFF770FEFEF7C4FDFA
S21402EAD8022806D10120FEF7B9FD01210846FEF7F5
S21402EAE841FC1B4B1B78022B20D10321384607F02A
S21402EAF8C5FFFEF7B1FD014600287FF418AFFEF702
S21402EB0831FC14E70DF136070DF12E05B1E7104B6F
S21402EB181B78432B7FF40BAFB8F1010F7FF407AFD6
S21402EB280AF08CF882457AD1C146AEE7412B7FF4CB
S21402EB38FEAE054B1B6859057FF5F9AEF9F73EFEA2
S21402EB48F5E600BFD36100208C48002084620020CE
S21402EB58D76100206C4D2B78022B22D02B78412BC4
S21402EB683FF4E5AE3CB9FBF741FA594602460DF1C9
S21402EB781E00FFF711FBFBF739FA00283FF4D7AE61
S21402EB880BF0BBF9614C98B123681B0502D42B78AD
S21402EB98432B0DD1B0070BD440F61A40F9F70CF800
S21402EBA8C5E60BF0AAF90028D8D0B207D6D4BEE636
S21402EBB8206810F0020002D102990BF05DFB2B7858
S21402EBC8112B16D12368590513D50020FEF7E0FB52
S21402EBD8044600287FF4ABAE0AF09EFA40F61C40C4
S21402EBE8F8F7EAFF21462046FEF7BCFBF8F7F0FFE7
S21402EBF89DE6B20701D5FFF757FAB9F1000F9DD087
S21402EC0807F0CCFF18B94FF480310BF02BF900222D
S21402EC183F4B38461A600BF044F98FE70027039BF0
S21402EC28002B7FF40EAF4FF6FF73284605A9ADF802
S21402EC38143009F0F6FF20B1284609F0D3FFADF8E4
S21402EC4814004FF6FF73BDF8140098423FF46FAEF7
S21402EC58002C0CBF0423152301930DF11E03009309
S21402EC683A4643462946FFF703FD60E60DF11D00C6
S21402EC78F7F7E0FC00283FF45AAE022229460020A5
S21402EC88FAF79EFE53E6F3077FF551AE324628465C
S21402EC9807A90BF01BFB4AE69DF81D100120FFF79B
S21402ECA8D1FA44E6184B1B78022B20D1002D7FF4AC
S21402ECB83EAE05A8FEF788FA00283FF438AE154B94
S21402ECC81D709DF81D30002B14BF64246524FEF7C2
S21402ECD8C3FC032806D128462946FEF743FB2846E6
S21402ECE8FEF7C0FC214605A807F0C8FE1FE6043B4F
S21402ECF8012BDBD9284608F0B8FA0028D6D116E642
S21402ED08204608F0B4FA12E6D76100208C480020A4
S21402ED1888480020846200202DE9F34105460E4605
S21402ED28174698460BF0E9F8044640B101233A46DE
S21402ED3831462846CDF80080FFF76AFC04460BF0F9
S21402ED48DCF830B1FFF770FB78B10A4B1B689B0101
S21402ED580BD400233A4631462846CDF80080FFF702
S21402ED6857FC002C0CBF0446012404F0010002B034
S21402ED78BDE8F0818C48002070B58AB005A807F077
S21402ED880FFF022301AA15468DF81430084B03F12B
S21402ED981006144618685968083303C4B342224654
S21402EDA8F7D1294605A808F066F80AB070BD00BF74
S21402EDB843D00400014B1878704700BF3E6C002011
S21402EDC8014B1888704700BFBE6B00204FF6FF73D2
S21402EDD82DE9F043994280460D4685B00BD00027B0
S21402EDE84FF6FD791C4EEBF791FDFCB2A0420BD80C
S21402EDF84FF6FF701DE0F7F71DFC0028EFD005B0B0
S21402EE08BDE8F04309F01ABF36F814304B4517D858
S21402EE18694620460BF0A7F8082241460DF1050080
S21402EE28EFF74CFA4FF6FF7360B99D4204D136F8F5
S21402EE38140005B0BDE8F08326F814500BF06DF800
S21402EE480137D0E79D42FBD036F81430AB4208BFF4
S21402EE5826F81490F4E700BF345A00202DE9FF473D
S21402EE6806460F4600254FF6FD79DFF83C80DFF8A8
S21402EE783CA0EBF74BFDECB2A04202D804B0BDE8CA
S21402EE88F08738F814304B450CD8694620460BF004
S21402EE986AF8082231460DF10500EFF70FFA08B9AD
S21402EEA80AF804700135E4E7345A00209D61002010
S21402EEB8014B33F810007047345A0020F0B5064666
S21402EEC800250D4F85B0EBF721FDECB2A04201D824
S21402EED805B0F0BD37F81430B3420BD16946204668
S21402EEE80BF07DF89DF80030022B1CBF4FF6FD7321
S21402EEF827F814300135E6E7345A002030B585B0D5
S21402EF0804460D46EBF702FDA0420FD9084B33F82C
S21402EF1814204FF6FD739A4208D8694620460BF02D
S21402EF285EF829460DF10500FFF750FF05B030BD23
S21402EF38345A002030B585B00446EBF7E7FCA04209
S21402EF4819D92046FFF75AF80546B0B96946204649
S21402EF580BF009F89DF800302BB1694620468DF86B
S21402EF6800500BF01EF84FF6FF720020044B23F8F1
S21402EF78142005B030BD2820FBE740F60440F8E729
S21402EF88345A00202DE9F0410B7805460E461BB987
S21402EF98BDE8F041FFF7CEBFEBF7B8FCA84231D97F
S21402EFA82846FFF72BF878BB374617F8058B4FF637
S21402EFB8FF713846FFF70AFF0446384600F01EFA85
S21402EFC8B0FA80F04009B8F1000F15D0B8F1030F77
S21402EFD815D04FF6FF724FF6FD73944208BF1C46D3
S21402EFE80B4B314623F815400A4B585528460AF06B
S21402EFF8D8FF0020BDE8F0814FF6FF74F0E74FF621
S21402F008FE74EDE72820F5E740F60440F2E700BF75
S21402F018345A00209D6100202DE9FF410D46044622
S21402F0284FF6FE780F4F0E0AEBF770FCA04204D894
S21402F038FF24204604B0BDE8F08137F81430434573
S21402F0480CD1694620460AF08EFF9DF80520EBB2E1
S21402F0589A4203D19DF80630B342EAD00134E4B2AC
S21402F068E2E700BF345A00202DE9F04F0C46174657
S21402F078984600254FF6FD7B87B09DF840A0DFF83E
S21402F0885C900190EBF742FCEEB2B04201D8FF2644
S21402F09816E039F816205A451ED8304602A90AF054
S21402F0A862FF3FB99DF80920424515D19DF80C200C
S21402F0B8524511D144B939F81620019B9A420BD110
S21402F0C8304607B0BDE8F08F082220460DF10D0144
S21402F0D8EFF7F4F80028F3D00135D3E7345A0020C6
S21402F0E810B514460AF03FFF2046BDE81040082235
S21402F0F80149EEF7E9BD00BF5D6200202DE9FF4732
S21402F108074615460846082224491E46EFF7D6F84B
S21402F118044600283FD14FF6FF7ADFF88490EBF7D3
S21402F128F5FB5FFA84F880450BD385B3384605F0BD
S21402F1385CFC01250C9B18700120357004B0BDE8F4
S21402F148F08739F8183053451FD0694640460AF00A
S21402F1580AFF7A789DF801309A4216D17A88BDF865
S21402F16802309A4211D13A799DF804309A420CD16B
S21402F17808220DF10501781DEFF7A0F828B9002D31
S21402F188D7D1404605F04CFCD3E70134C7E7FF2049
S21402F19805F046FCCEE70020D0E700BF5D620020FF
S21402F1A8345A0020F0B50025154E164F85B0EBF7F9
S21402F1B8ADFBECB2A04201D805B0F0BD69462046C8
S21402F1C80AF0D1FE9DF80030032B06D900236946C3
S21402F1D820468DF800300AF0E4FE9DF8002062B161
S21402F1E84FF6FD734FF6FE71032A08BF0B4626F844
S21402F1F81430002301353B55D9E74FF6FF73F6E77F
S21402F208345A00209D610020F8B50E4604464FF693
S21402F218FF770C4B0C4D1B7803EB430305EB83057A
S21402F228A54202D800242046F8BD2388BB4206D051
S21402F23808223146A01CEFF741F80028F3D00C3418
S21402F248EEE700BF086C002074590020044BFF212B
S21402F2581A78044802EB42029200EEF7E3BC00BFBB
S21402F268086C002074590020F8B504460C4B0D466D
S21402F2781B781046A3420DD90C27022117FB04114E
S21402F2887C43084E08223144EEF71EFD335B00200D
S21402F2982B80F8BD0023136053604FF6FF73F6E722
S21402F2A8086C00207459002038B504464FF6FD75E0
S21402F2B8FFF704FE0022084B1878084BD1B28842A2
S21402F2C800D838BD33F80C1C0132A14208BF23F817
S21402F2D80C5C0C33F2E700BF086C00208059002053
S21402F2E870B505460E460846FFF7DEFF3146284645
S21402F2F8FFF76CFD29460648FFF786FF00B970BD82
S21402F308044624F80C6B0AF008FE29462046F3E762
S21402F3187459002010B5082286B023490446EEF731
S21402F328CDFF20B906B0BDE8104009F087BC082218
S21402F33820461E49EEF7C2FF20B91D4BB3F86800F7
S21402F34806B010BD0023012221464FF6FF70009337
S21402F358FFF78AFEFF2806D0164B33F810004FF642
S21402F368FB739842ECD903A8FEF7CCFE58B9BDF851
S21402F3780C305B0607D5082221460DF10E00EEF783
S21402F3889DFF0028DCD021460B48FFF73DFF40B121
S21402F3984FF6FB724FF6FF730088904288BF1846F6
S21402F3A8CEE74FF6FF70CBE75D620020AE55002031
S21402F3B844550020345A00207459002070B50022A3
S21402F3C804464FF6FB7608460A4B1D780A4BD1B21E
S21402F3D88D4201D8002009E01988B14207D8A14217
S21402F3E805D10822991CEEF76FFC012070BD0C337C
S21402F3F80132ECE7086C00207459002037B5014644
S21402F40805460E48FFF700FF044640B1807A2946B3
S21402F4180AF009FE80F00100C0B203B030BD034610
S21402F4280090012229464FF6FF70FFF71DFEFF28BF
S21402F43816BF034B2046185CE9E700BF7459002044
S21402F4489D6100202DE9F341224B04461B780F46A6
S21402F4588342154638D9FEF7EBFDB8BB4FF6FD7367
S21402F4689D421D4E0ED004EB440326F823504FF659
S21402F478FF739D421FD12046FEF7F2FD002002B020
S21402F488BDE8F0810DF10601384609F0CAFB4FF6D1
S21402F498FF72BDF806303846934218BF1D460C2345
S21402F4A86343F55206EB0308FFF7A8FFB0FA80F0AD
S21402F4B8400988F80A000C2303FB04600822394630
S21402F4C80230EEF701FCD9E72820D8E740F60540D7
S21402F4D8D5E700BF086C00207459002038B50446EA
S21402F4E80D46FFF7BBFC21460448FFF78DFE00B920
S21402F4F838BD857221460C30F7E700BF74590020E4
S21402F5080023074A1370074A1370074A118801B185
S21402F5181380064B1A880AB100221A80704700BF69
S21402F52896620020956200206E5B00206C5B0020CD
S21402F5382DE9F04F3C4C1D46238887B0074688467F
S21402F54810469DF840605BB952B10BF004F8208073
S21402F5584FF4FA61354807B0BDE8F04F0DF000B831
S21402F568DFF8D890B9F80040002C49D020460CF0B5
S21402F57827FFC0F3470620460CF006FFDFF8C0A0B8
S21402F5880296BAF80030DFF8BCB00193BBF8003038
S21402F5980446009300222B46012025490BF05AF810
S21402F5A8ADF81600E8B1012504EB4606B4420DD1C3
S21402F5B8BDB9BDF81630A3B12A464146384600F012
S21402F5C86FF9ABF80050AAF800500AE0012321466A
S21402F5D81A460DF11600F6F709FB0234054600280E
S21402F5E8E4D00023134AA9F800301378013BDBB2B3
S21402F5F81370002BACD107B0BDE8F04FFFF780BF01
S21402F6080D4C237823B90DF0E9F808B901232370C5
S21402F618324629460520F7F70DFA0028EBD1207066
S21402F62807B0BDE8F08F00BF6E5B0020186B0020A5
S21402F638E66B040096620020956200206C5B002050
S21402F648085B00200A5B002030B5154D87B02C8871
S21402F6589CB923464FF4A07248F2380103A80AF070
S21402F668BEFD21462046FAF7E3FA22460D4B0094E1
S21402F67803A9FFF75DFF07B030BD204609F04DF934
S21402F68804300DF032FA03A9044628880BF049F92B
S21402F6980023009320462A8803A900F0AFFAEAE777
S21402F6A86E5B002000F8FF0737B5002001A9FAF7BD
S21402F6B8BFFA0D4C014623780C4D7BB10C4B019AD0
S21402F6C81878FAF7CBFA2078F8F74CFC0023237060
S21402F6D82B700848F6F736FB03B030BD2B78002BA4
S21402F6E8F7D0FFF7B1FFF4E7986200209662002091
S21402F6F897620020186B002008B50548F6F732F81E
S21402F7080448F6F72FF8BDE808400348F6F72AB883
S21402F7186E5B00206C5B00206A5B00202DE9F04FD0
S21402F72889B089460446CDE905239DF84870139E9C
S21402F73830B316F801ABBAF1000F23D00AF1FF3442
S21402F748A400E4B23146012007F0D7FDC00E1BD153
S21402F758DFF838B13146012007F0CFFD9BF800509C
S21402F76834442279BDB1002F47D180234846CDE9DB
S21402F7780277CDE900773E4A059900F091F83CE019
S21402F7888246DFE75446DDE71B28ECD931460120DE
S21402F79807F0B3FDE7E7DFF8F880FF2A00EA080873
S21402F7A80BD14246E379A179607901EB032189B24C
S21402F7B809B0BDE8F04FFAF751BA2E4909688B0727
S21402F7C80AD5FE2A35D101230135EDB2202D4FEA9E
S21402F7D843030AD1FF250AE0294628460792FAF784
S21402F7E827FA4845BFD1079AEBE79845ECD1224B52
S21402F7F81B78FF2B04D0AB4204D009B0BDE8F08FCB
S21402F808FF2DFAD029460020F4F7B2FF0028F4D0DC
S21402F8189BF800306479002BEFD1FFF771FE17488A
S21402F8284FF410510CF09CFE154B8BF800501C70D0
S21402F838E3E7052A97D8BAF1010F94D8B8F1000F72
S21402F84891D0002FD9D17379002BD6D00D490988CB
S21402F85821B9082B28BF08230B490B704346484694
S21402F8681292DDE9051209B0BDE8F04FFFF760BE57
S21402F878E66B04008C4800203F6C0020186B0020C2
S21402F888976200206E5B0020966200209862002035
S21402F89800F8FF07014B1880FFF7D6BE6C5B002006
S21402F8A80CB42DE9F04F8BB014AA0E4652F8041B7E
S21402F8B807460992002940F08F80BDF85400ADF83B
S21402F8C82200002800F0A18033794FF6F778002B43
S21402F8D840F0868047458CBF4FF009084FF008086D
S21402F8E84C4B1C78FF2C40F08380B6F90230002B74
S21402F8F8A9BF494B347A1C780134A2BFE4B21C7003
S21402F90844F08004DFF81CB12246002101F0A2FC74
S21402F9189BF80030BDF82200002B6CD0DFF808A157
S21402F9284FF00009BAF8003007930CF049FD054677
S21402F938BDF822000CF028FDEBB2CDE90193FF23B7
S21402F948CDE9030900932246334639460798FCF761
S21402F958B5FB4FF6FF7305468BF80090AAF8003001
S21402F968382D33D13246394640460DF1220307F088
S21402F97884FC00284BD04FF6F7739F4226D8B6F978
S21402F98802307088002B21DA48F204022349244BFD
S21402F9984FF00008904214BF8946994609F04EF97E
S21402F9A8494603468A220120CDF800800AF052FE14
S21402F9B8814658B12246414601F04CFCFF233246A6
S21402F9C839464046CDE90098FCF7DAF928460BB0E6
S21402F9D8BDE8F04F02B0704701200AF018FE6EE745
S21402F9E8002347458CBF4FF006089846337177E7E1
S21402F9F8FF221A7086E7CDE900033246FF2339460E
S21402FA084046FCF7BDF90546AAE71925DEE705468E
S21402FA18DCE700BF416C00209A620020F76B040006
S21402FA28EC6B040099620020705B002070B54FF4FE
S21402FA38003300240546164688B0ADF81A100DF1B4
S21402FA480F0204A90593ADF81840ADF81C400494BB
S21402FA588DF80F4007F0F0FB9DF80F30284601930B
S21402FA68049B044A009305A93346FFF719FF08B01A
S21402FA7870BD00BFF06B040030B54FF4803500242B
S21402FA8887B00395BDF82850CDE900128DF81030DE
S21402FA98074A034603A9BDF82C008DF81140ADF8B5
S21402FAA81250ADF81440FFF7FBFE07B030BD00BF9A
S21402FAB8FC6B0400B1F1006F2DE9F04314462CBF2D
S21402FAC8392238228BB01D464FF00003ADF81E20AF
S21402FAD84FF480022CBF4FF001099946FF2C0646C8
S21402FAE8ADF81C300892ADF824304FEA11471FFAD9
S21402FAF881F80FD109F0B3FBB9F1000F19D1154AF5
S21402FB08CDE9020543463046CDE9007407A9FFF75A
S21402FB18C7FE1AE0FE2C0AD109F0A1FB0130C0B2DA
S21402FB2809F0A8FBB9F1000F12D00B4A02E0E8B2BE
S21402FB38F8E70A4ACDE9030501233046CDE9017400
S21402FB48CDF8008007A9FFF7ABFE0BB0BDE8F0833F
S21402FB58034AD5E7F46B0400FA6B0400F36B04005F
S21402FB68FB6B04004FF498124FF0806310B586B012
S21402FB78CDE903230023ADF8143009F05FF80446F4
S21402FB88F8F796FA054B01900093054A234603A90F
S21402FB984FF6FD70FFF784FE06B010BD5D620020CA
S21402FBA8006C040008B5064B1B78022B02D0043BF7
S21402FBB8012B03D8FFF7D6FF002008BD0220FCE77A
S21402FBC8D761002030B500244FF4806587B0CDE9B0
S21402FBD800128DF81030084A034603A94FF6FD7046
S21402FBE88DF811400394ADF81250ADF81440FFF7A3
S21402FBF857FE07B030BD00BF046C04002DE9F04F75
S21402FC0899B00E4605460CA91046CDE90A329DF86B
S21402FC1888700AF043FABDF83090804648460CF0E1
S21402FC28CFFBB6F902300446002BB6F806A0B6F8A3
S21402FC3802B004DA00228D4B1A70002049E04846CA
S21402FC480CF0BEFB4045F5D3A4EB0804E3B2002F44
S21402FC5818BF4FF4A07A152B099328BF1523002442
S21402FC68013308F1FF324946DBB292B2009412A879
S21402FC780DF038F86FEA4B436FEA53437C499DF818
S21402FC88482008684968ADF83E300DAB03C3ADF8A6
S21402FC984040ADF83C40ADF842A0ADF84420BBF178
S21402FCA8000F24D10DF14900F6F7C4FCA0B108F004
S21402FCB8C5FF5C4680460DF151060DF149030A9AC6
S21402FCC896F80090012A2CD14FB384F0010404F070
S21402FCD8010019B0BDE8F08F0DF149000AF0EDFAFF
S21402FCE84FF6FF74011B4C4280464C41E3E7BBF1DA
S21402FCF8010F57D1BDF8498008F0A0FF80450AD009
S21402FD0840460DA90AF0DCFA80F00104E4B20DF1CF
S21402FD184B060DABD3E7574B0DF14B06CFE70A9CC4
S21402FD28D5E75FB344BBB9F1010F25D830D108F047
S21402FD3885FF08F083FF2246804671784D4B029174
S21402FD4800210120CDE900814B490AF083FCADF879
S21402FD58320088B124BBB9F1010F0CBF0D210C216A
S21402FD680DF132000AF0DEFB024628B92846BDF835
S21402FD7832300FA9FFF794FD0120AAE7B9F1010F67
S21402FD8804D1002CD3D081227178D8E7002CFAD17E
S21402FD98B9F1010F94BF002201227178D201CEE791
S21402FDA80C21DDE70A9B002B7FF447AF7388342BC0
S21402FDB84BD1099B092B7FF440AF002F7FF43DAF50
S21402FDC89DF951603A46B41008210DF1490004F035
S21402FDD8200408F0C1FEA0B1284B1B78012B3FF483
S21402FDE82CAF274A274BB2F868201B68AA421DD0B8
S21402FDF8DA001BD5C8232846234A0FA9FFF750FD69
S21402FE081BE70DF14900F6F715FC0028E4D10DF1C1
S21402FE1849000AF052FA4FF6FF739842EAD0214692
S21402FE28F9F778FE03460028E4D1E4E75B0201D539
S21402FE38002E08DA00232846134A0FA9FFF730FDDA
S21402FE48124B1C70F9E68D23D5E7099BCDE905A26E
S21402FE5804930DF14903CDE9028331462846CDE9DC
S21402FE6800790B9B0FAA00F03DF8E6E68E620020AA
S21402FE7866F403005D620020086C0400D861002066
S21402FE88445500208C48002050210400406C002075
S21402FE98024B187840F08000704700BF9A62002034
S21402FEA8014B188000207047C66B00204FF6FF7182
S21402FEB8034602881B798A4217BF074901200A802F
S21402FEC841881EBF054A00201180FF2B1EBF044A28
S21402FED800201370704700BFC26B0020C06B002062
S21402FEE89B6200202DE9F04FA1B09946BDF8AC30D0
S21402FEF82D9F0D939DF8B03004460E93BDF8BC3086
S21402FF0838460F939DF8C0304E88884615469DF8A9
S21402FF18A8B010930CF0E9FD112E824671D808F0AD
S21402FF288DFE504576D0062E10D14FF6FD729245BC
S21402FF3826D0BBF1000F10D100228023CDE900A203
S21402FF4829462046BC4AFFF7ABFC06E0BBF1000F89
S21402FF5803D1032E07D8012E09D80022B74B1A70F0
S21402FF6821B0BDE8F08F043E022EF6D8E4E78023DF
S21402FF7829462046B24ACDF800A0FFF791FCECE7E6
S21402FF88B04B1B785E074CD408F058FE0026034692
S21402FF9832460120A84900960AF05CFB3B79ADF888
S21402FFA866000F930028DBD0DDE90E320D9803EBCE
S21402FFB842090CF005FA5FFA89F909F105085FFAB1
S21402FFC888F88045CCD241460D9801F02FF910905A
S21402FFD808EB40080D980CF0F3F98045C0DADDE925
S21402FFE80F321343DBB2002B40F03482BBF1000F12
S21402FFF8B6D1D84642460421BDF8660001F02AF971
S21403000874E1904A3A2E127812D948F23B039E427C
S21403001807D013E08B4A127850070BD5321F022AF3
S21403002808D8B8F8063043F48043A8F8063097E7AC
S2140300381B2E1DD8B21E91B213295FD9109B4946B1
S21403004802930F9B3046CDE900B30E9A234607F07A
S214030058FAF80F2884D10122784B1A70794B1B784B
S2140300689B0740F12783BBF1000F7FF479AFD8E7EE
S214030078A6F11C011E29E1D801A050F821F000BF03
S214030088D3060300450003004500030069FF02008A
S21403009845000300C1040300C10403004500030030
S2140300A84500030045000300450003004500030020
S2140300B84500030045000300450003004500030010
S2140300C84500030045000300450003004500030000
S2140300D845000300F3040300F3040300A506030026
S2140300E84500030045000300C70603004500030058
S2140300F8230703003907030047070300132A9DD87D
S21403010801A151F822F000BF61010300F1010300C9
S2140301180F0203002703030091FF020045000300B4
S214030128450003004500030045000300450003009F
S214030138450003004500030045000300450003008F
S2140301484500030045000300450003006B04030055
S21403015845000300FF06030000231A938DF8663054
S2140301680DF1660322460E99484600931AAB07F02C
S21403017864F808F063FD0646EAF7D4FB162894BF2E
S2140301884FF002094FF02209F7F792FF2E4B074666
S214030198B3F800A0FBF7EAFD2C4B80464FF6FF703A
S2140301A8B3F800B00AF041F8294B9DF86620198881
S2140301B8244B1B7813F002031CBF264B1B780B92A9
S2140301C81A9ACDE90701CDE9093240232946CDE934
S2140301D8019320460023CDE9058BCDE9037A1E4A11
S2140301E80096FFF75DFBBBE608F028FD1B4B1C4A91
S2140301F81B88CDE92A0300232946204621B0BDE8FB
S214030208F04FFFF74DBBBE781AA9731EDBB2EF2B70
S214030218304627D9F22E25D005F041FB822608F072
S2140302280DFD00232946CDE90003034A334620463D
S214030238FFF736FB94E600BFEC6B04008E620020E3
S214030248F76B040098610020C66B0020C26B002081
S214030258C06B00209B6200200E6C0400C46B002059
S2140302681B6C040005F01BFB002856D008F0E6FCC0
S2140302789DF86C209DF86E100492BDF86A2049001C
S2140302880392BDF86820C9B2CDE901629DF86D20D6
S21403029803465200D2B208320A44009201200022D2
S2140302A8C6490AF0D7F99DF86D30ADF866008DF8A3
S2140302B8633000283FF454AE4FF0000801230DF1D5
S2140302C863011A460DF16600F5F790FC0746002809
S2140302D87FF446AE9DF86330FAB293420CD89DF885
S2140302E86E308DF86330B8F1000F02D0BDF8663073
S2140302F836E04FF00108E1E74146304605F0D1FA0B
S2140303080123ADF86400022219A90DF16600F5F77A
S2140303186DFC01370028DDD022E683267FE708F048
S2140303288DFC064605F0DCFA3346009000220120D1
S214030338A3490AF08FF900283FF412AE00273E4679
S214030348ADF8680005F0CCFA5FFA87F840450DD893
S21403035832460421BDF8680000F07CFFBDF868301B
S214030368002229462046FFF79BFAF9E5404605F0A2
S21403037894FAFF288DF866000BD0012301361A4637
S2140303880DF166011AA8F6B2F5F730FC00287FF4DB
S214030398E7AD0137D6E75046B7F8029005F07DFA81
S2140303A8FF288DF8640000F0E2811AA905F077FAB1
S2140303B8BDF868304B4507D04FF6FF72914540F0BD
S2140303C8D681190400F1D3819DF86D3012930E9BE4
S2140303D80533DBB213930F9B149300234FF00009E6
S2140303E811934B4613E017934900139BC9B219445C
S2140303F80D9889B20AF0D1F84FF0000A179B1590AA
S21403040812995FFA8AF28A4216D309F10109149AF5
S2140304185FFA89F19142E6D39DF86E201292169AF6
S2140304281392002B40F09581119B002B40F09F817F
S214030438109B14930123D1E711999DF86400179331
S21403044805F02FFA159A179B0AF1010A824208BF8C
S2140304580123D5E709F106095FFA89F3B04616932F
S21403046886E1BD1C29465046BC7A06F06FFA01227F
S2140304782946504609F088F8504609F0EAFE284609
S21403048809F01BFF3A88824207D04FF6FF72904264
S21403049803D00CF01CFC09F0FCFE84F00804C4F33B
S2140304A8C00421462846FFF719F82146284621B0F6
S2140304B8BDE8F04F06F0F0BEBBF1000F7FF450AD79
S2140304C812073FF5AEAD33463A462946204601F0B5
S2140304D88FF900287FF444AD842329462046394AF9
S2140304E821B0BDE8F04FFFF7DBB90F9897F8008007
S2140304F809F057FC00210746204601F0E3FC312E9D
S214030508A7EB0007FFB240F0D5804FF0000A0120A2
S21403051853465246CDE9008A2B490AF09BF8ADF8B4
S214030528660000283FF41CAD162251461AA8EDF7BC
S21403053879FB1AA808F00BFE4FF0FF33DFF894B0E8
S214030548CDE91C339BF80090B9F1000F02D14FF0A8
S214030558010A55E01D4E33796F2B02D90026324621
S21403056825E050461CA9F6F73DFF0028F6D0184BA1
S214030578B6F80090B3F86830B9F1000F2CD1003BF9
S21403058818BF01235B0143F004038DF87A30022376
S2140305988DF87B3073881B0A49461EA88DF87D3074
S2140305A80CF0A5FAB8F1000F65D000260122022147
S2140305B8BDF8660000F04EFE32461CE51F6C0400CC
S2140305C8EC6B040050210400276C0400CC5A00206E
S2140305D844550020D1610020B3EB090318BF01235B
S2140305E85B0143F005038DF87A3002238DF87B30E0
S2140305F80F238DF87C30CDE70AF1010A5FFA8AFAF1
S2140306080AF1FF36F6B230460CF067FBC307F3D59C
S2140306189BF8003019EB030F04D009F101095FFAC0
S21403062889F9E9E7584B1CA918783044C0B2F6F79D
S214030638D9FE002892D0304609F03CFE8146304663
S2140306480CF04BFBC0070FD416238DF87A304F4BAC
S2140306581B780133DBB20F2B28BF0F238DF87C30B2
S2140306684B4B33F8163096E730460CF036FB8107CB
S214030678EAD41223E9E7BDF866000BF0A1FE1630AC
S214030688B84292DC012316221AA90DF16600F5F783
S214030698ADFA00287FF464AC012660E712073FF53D
S2140306A8C0AC3B46224629460F9801F0F9F80028C5
S2140306B87FF456ACBBF1000F7FF452AC0CE7BBF1EA
S2140306C8000F7FF44DAC802307E708F0B7FA5045D0
S2140306D87FF446ACB81CF5F7ADFF00283FF440ACF2
S2140306E808F0ACFA064608F0A9FA2A4B2A4ACDE9D6
S2140306F82A03334680E538460CF0F7F909F095FDEA
S21403070800283FF42DAC2A90002329462046234A86
S21403071821B0BDE8F04FFFF7C3B84B462A4621463B
S2140307280020CDE92AB721B0BDE8F04FFEF7F6BFA3
S2140307384B462A4621460120CDE92AB7F3E75B460E
S2140307484A46294620462A9721B0BDE8F04F06F0C8
S214030758A8BD012319A91A460DF16600F5F746FA4E
S21403076800287FF4FDAB08F101085FFA88F8013624
S21403077805F0B6F85FFA86FA50453FF60CAEB8F1C0
S214030788000F3FF433AC35E40E6C00208362002080
S214030798FE5A00205D6200202C6C0400F76B0400F0
S2140307A8F8B5164B04461D88154B20F8025B1968E6
S2140307B879B10822EDF788FA124B0C201B78124EF3
S2140307C8A372124B19780023DAB2914205D8FF2296
S2140307D809E0C4F802104160EEE7013300FB03F7B3
S2140307E8F75BAF42F0D10A4BE2721B782373094BCF
S2140307F81B786373084B1B682361F8BD7E5B002078
S214030808605600209C62002068590020086C00206F
S214030818806200207F6200204C560020F0B589B025
S21403082806460C4615460AF06BF80DF10A02014611
S214030838304609F01CFF144F0346F0B901223A70FC
S2140308482288BDF80A102AB102460090072004F051
S2140308580BF890B103A8FFF7A3FFBDF80A000BF047
S214030868AFFD0646BDF80A000BF08EFD2146009044
S214030878F3B2284603AA06F093F80023034A3B700C
S214030888136009B0F0BD00BF9D62002060560020CB
S214030898142230B58BB005460DEB02011548DEF77A
S2140308A8DDFC10BBBDF81430DA0720D413F0060FAE
S2140308B8C3F3410208BFC3F341220F4B0DF11601E0
S2140308C89C5C68462246EDF73DFBBDF8263004F1EE
S2140308D828026A4402F8283C02341B0A02F8273C1A
S2140308E869462A46E0B209F040F80BB030BD23202B
S2140308F8FBE700BF703214E05BD0040010B58AB083
S214030908ADF826200022CDE9052204920CAA02920D
S2140309184FF6FF720446AC2101200192064A039063
S21403092804FB0122603200924CF620010DF12602E8
S21403093809F0CFFC0AB010BD4455002010B54FF699
S214030948FF741E4A8AB0B2F86800B2F85E10A04276
S214030958ADF82600B2F85C304FF6FD70ADF82410FB
S21403096818D081424FF0000094BF48F660014CF659
S2140309786001CDE90500CDE90300CDE9010094BF88
S21403098809AA603200920DF12602042009F0A1FCA0
S2140309980AB010BD81424FF000008CBF603209AA2E
S2140309A800928CBF4CF6604148F66041CDE90500DD
S2140309B8CDE90300CDE90100014AE6E744550020E6
S2140309C8AE55002000B50E4B0022B3F85E308BB050
S2140309D8ADF824304FF6FF73CDE90522CDE903229F
S2140309E8CDE9012209AA00924FF400610DF126020F
S2140309F80720ADF8263009F06CFC0BB05DF804FB55
S214030A0844550020202A10B5144614D8012A04D1C8
S214030A180C88B4F5004418BF0124620030B10748B7
S214030A28EDF752F9064B00201C7010BD0548EDF78C
S214030A384BF9054BF7E72120F7E700BF805B00205B
S214030A489E620020C05B00209F6200202DE9F047CD
S214030A58104617460CF049F8DFF814A1DFF814918E
S214030A689AF8003099F800200546134302D100206F
S214030A78BDE8F08710F4406800F0400619D186BB3D
S214030A88B0F5804F5CD24FF4807400239AF80000C8
S214030A98344AD9B288425DD8002399F80000324A0E
S214030AA8D9B28842E3D932F8021B0133A142F7D1FF
S214030AB855E0F81C0CF019F84FF6FF73984214BF6C
S214030AC80124022486B1052605F44043B3F5004FF6
S214030AD844F0080424D0B5F5804F23D244F4807438
S214030AE820E044460326EFE7B5F5804F4FF00506AA
S214030AF8F4D3B8F5406F14BF0220082030443844B6
S214030B080BF0F3FF194B05F44045B3F85C3083420A
S214030B180CBF44F0080444F00404B5F5004F01D1B3
S214030B2844F08004B8F5006F0ED1B8190BF0DDFF5A
S214030B380E4BB3F85E308342A7D144F01004A4E703
S214030B48444603260220D9E7B8F5406F08BF44F0A9
S214030B5820049AE732F8021B0133A14299D10120F7
S214030B6886E700BFC05B0020805B0020445500205A
S214030B789F6200209E6200202DE9F04F104685B044
S214030B88164698460BF0B1FF5D4F00F00803B7F81A
S214030B985C10044600F00709F01C02930391B7F8AB
S214030BA85EB00BF0A2FF06F1050A054650460BF0A9
S214030BB89CFF03464FF6FF70854218D00399A1EBB6
S214030BC8050CDCF1000545EB0C056D004FF6FF71CF
S214030BD88B420ED145F004050BF000FE029B6BB169
S214030BE8B9F1000F11D0422005B0BDE8F08F0125FA
S214030BF8ECE79B4508BF45F00805EDE7B9F1030F99
S214030C08F1D8DFE809F0021B795D0BF0E7FD08B9B8
S214030C18A807E8D524F00804A4B2B4F5004F05D015
S214030C28B4F5624F02D0B4F5404FDCD1002529460F
S214030C3897F8A820002007F04EFE3CE0D7F880304F
S214030C48E3B9002132460846FFF700FFD8B948F64D
S214030C58410224F038039BB29342C4D10A2D49D0EB
S214030C68062DC0D197F87730023B012BBBD8F3F794
S214030C7845FD0028B7D140F6040505E04146304651
S214030C8898470028DDD00825E20648BF45F08005CA
S214030C98A30648BF45F4805505F00C03042BC6D1BC
S214030CA8F01D0BF022FF97F8A83032460093414612
S214030CB82B4607F0E5FD08B30E9B1880002093E744
S214030CC8A90705D14FF6FF73B7F85C209A428AD175
S214030CD804F44063B3F5006F0AD0B3F5406F82D1CE
S214030CE8082250460749EDF7E9FA00287FF47BAF58
S214030CF80C25C9E70425C7E7432075E7192073E7DA
S214030D0844550020A4550020034B1A781AB1FF2A2D
S214030D1804BF00221A707047A162002070B5084C01
S214030D28084E2378F55C1DB13E2107480BF0FFFDFE
S214030D38FF2223782846F2540023237070BD00BF91
S214030D48A0620020A1620020306C0400034B044A12
S214030D581B78D05CFF3818BF01207047A0620020BC
S214030D68A16200200023074A07491360074A136055
S214030D78074A1360074A11600121074A1170074A98
S214030D88136070477056002065A403006C56002055
S214030D9868560020386B0020426C002078560020E6
S214030DA80E2A70B50C4606461546194603D9FFF7AC
S214030DB8D9FF502070BD012807D10020F3F7B8FCEF
S214030DC8B0B1FFF7CFFF2120F4E780220021224BA2
S214030DD81A70224B1960224B1B684BB134200BF058
S214030DE847FB204B188018B9FFF7BCFF0120E1E743
S214030DF824F0FF6323F4FF231BB1FFF7B3FF4F2051
S214030E08D8E774B92046F3F7ADFC0124032510F0A0
S214030E18800F43B21BBF00F01F039C409C4044F066
S214030E2878440020104B24F078441E700F4B10496A
S214030E381D70104B1C60104B1870104B1A68F4F793
S214030E481FF818B1FFF78EFF0420B3E79DF81020AC
S214030E580B4B1A70AEE700BFA26200207456002040
S214030E6868560020005C0020A7620020A5620020C8
S214030E786D11030078560020A662002070560020E5
S214030E88A36200207FB5244B00251A780123234844
S214030E98234903FA02F200781A440A60ADF80E50A2
S214030EA820B3984236D11F4C1F4B20781B680DF190
S214030EB80E0198471D4EBDF80E20307092B11C4B9C
S214030EC829460093284602230195F4F713F8327847
S214030ED8237822B1012A12BF1B230133DBB2237006
S214030EE804B070BD013818BF0120F0E778235A43D1
S214030EF8013A0A6008220F490BF000FA0B49094A1F
S214030F080978137821B1012912BF1B230133DBB2F9
S214030F181370E5E71846E3E7A5620020A7620020FA
S214030F287C560020A6620020386B0020426C002006
S214030F38A911030071C70300024B1868003818BFCD
S214030F48012070476856002037B505461C460BF047
S214030F5845FC68B974B1084B1A60084B0A461C600E
S214030F680123294600930323FFF71AFF03B030BD76
S214030F784D20FBE72520F9E7645600206C56002031
S214030F8813B504460BF02AFC58B962B1074B1A602E
S214030F9801230A46009321460323FFF701FF02B005
S214030FA810BD4D20FBE72520F9E700BF6856002053
S214030FB82DE9F0410446DDE906861D469DF82070B6
S214030FC80BF00CFC88B99EB1A2B10B4B01201A603A
S214030FD80A4B0A46C3F80080094B21461E602B4677
S214030FE80697BDE8F041FFF7DBBE4D20BDE8F0816C
S214030FF82520FBE72120F9E7386B002070560020F0
S2140310086C5600200148F4F7ADBB00BF005C002017
S2140310182DE9F0410020F3F7A1FE114B114C1E6891
S214031028114B20881D68114B114FD3F8008010B15F
S2140310383978F4F771FD00203870FFF793FEF4F75C
S214031048ABF90EB14046B0473DB12088A847002308
S2140310582380BDE8F0410BF0E5BCBDE8F08100BF96
S2140310686C560020005C0020685600207856002046
S214031078A8620020F8B52F48F4F764FE2E4B1878BC
S21403108830BBF3F76FFB2D4F06463B6803B32C4B79
S2140310982C4D1C6824B195F900301A461946A0470A
S2140310A8294B1B6883B1294C2378312B0CD8284B42
S2140310B818880BF069F923785A1C22702A78C254C8
S2140310C823785A1C2270C65480232B7000233B6057
S2140310D8204C23781A2B22D81F4A1278012A09D1C2
S2140310E800211E4A156825FA03F0C007DAB20ED5A2
S2140310F801B122700020F3F735FB2178884212D11C
S2140311080022174B1A70FFF7BDFE40B9F8BD01332E
S214031118D8B21A284FF00101E5D90A442270BDE86F
S214031128F840FFF775BF0020F3F72EFB0028E7D03B
S214031138F5E700BF3C6B0020A7620020745600202A
S21403114864560020A262002068560020A862002089
S214031158005C0020A6620020426C0020785600201F
S214031168A462002008B50B4B187880B90221F3F760
S214031178CDFA094B1B782BB100214FF6FF720846B0
S214031188F3F7A6FABDE808400448FFF773BF002143
S2140311980846ECE7A7620020A36200203C6B002009
S2140311A838B5144B0C461D78012D21D181B9084654
S2140311B8F3F7D8FA104A05FA00F013680F4923EA3A
S2140311C80003136020462A46BDE838400BF096B85D
S2140311D80B4A13780133DBB2022B137004D9BDE82C
S2140311E838400848FFF746BFFFF74CFE0028F6D1FD
S2140311F838BD00BFA76200207856002071C70300D9
S214031208A46200203C6B002038B50C4605460BF05C
S214031218D7F8A04203D82D2103480BF088FB2846AD
S2140312280BF0B2F8204438BD446C040070B506468B
S2140312380D460BF0A9F8044648B130460BF0C0F843
S214031248A84203D8352102480BF071FB605D70BDD8
S214031258446C040070B50C46064615460BF0B0F809
S214031268A04203D83E2104480BF061FB30460BF03E
S2140312788BF800B1055570BD446C04002DE9F043A6
S2140312888FB007460C4615461E469DF85880F8F755
S21403129855F920B1F4F796FE08B144F400544D4BC3
S2140312A81B7813B924F40074A4B2200509D546B9EB
S2140312B8284604A9F5F750F9002846D024F4006414
S2140312C8A4B2ADF81840ADF81A5007F0B7FC424B75
S2140312D8ADF81C00B8F1000F02D01A78424501D2C7
S2140312E893F800803D4AE105137848BF0DF12101C4
S2140312F803F10103DBB2137058BF08A922058DF862
S2140313081E808DF81F3006D53368083141F8083C2F
S214031318736841F8043CE30407D5314A0831136877
S21403132841F8083C536841F8043C0DF11808A1EB52
S21403133808005FFA80F9002148460BF099F806463C
S21403134828B900200FB0BDE8F08304AEB9E70BF068
S2140313581BF841464A46ECF7F5FD30460BF030F8E5
S214031368804630460BF010F80023024600934FF6EB
S214031378FF7004235FFA88F107F082FAADF80E00CF
S2140313880028DED040F201131C421AD14FF6F77339
S2140313989D4216D80BF014F80DF10E0104462846A4
S2140313A800F090FDBDF80E000BF00AF8E4B2A04278
S2140313B807D9BDF80E0007F0B0FA437843F00403E4
S2140313C84370BDF80E003A4601210BF029F8BDF824
S2140313D80E00B7E7D3610020026C0020D561002019
S2140313E85D620020F0B50829D58889B028D00C2975
S2140313F826D0AE0424D405F040030B43424C26788B
S21403140816B105F0200423432FB2002FB8BF43F0CC
S2140314188003032920D11223AC068DF80430937A6F
S21403142810D48DF805300DF1060401A9621A0123BC
S21403143892B2F4F7DBFBB0FA80F0400909B0F0BDCE
S2140314480B46DBE732228DF805308DF80420002E94
S214031458E9D00DF11304E8E70C298DF804300ABF28
S214031468138953798DF80530548805BF1B0A8DF800
S21403147806308DF805300DF1070318BF0DF1060386
S2140314881C70240A5C70148802399C70240ADC7069
S214031498147901291C7111D8917A002F597131DA00
S2140314A8022112899971DA71120A03F109041A7270
S2140314B8002EBAD0AB06B8D50534B6E7A9071AD4B2
S2140314C8002F0CDA117A51B1917A59711189127A6F
S2140314D803F1080492B102229A71D971E8E70B4C1A
S2140314E8217801F1010C84F800C091729C1D002F2D
S2140314F85971DDDAEAE7917A9C1DF8E70122090AB1
S2140315089A71EAE79C1DD3E7D3610020D4610020D3
S214031518014B1880704700BF025C0020014B1888F7
S214031528704700BF025C00202DE9F84307460BF01E
S214031538F7F905461B480BF06EFB1B4B60B31C689C
S2140315483C1B2C44A4B20022184BDFF868901B7887
S214031558174D03EB830399F8006005EB43055FFA21
S21403156882F846450AD9AB8805F10A00A34216D97C
S2140315780A23B21A29465A43ECF7A6FB013689F81A
S2140315880060AC80B8F1000F03D1394605480AF06D
S214031598E7FF2846BDE8F8833C461D60D3E70546C3
S2140315A80132DCE75C6B002080560020A96200202D
S2140315B89A5A0020AA6200201FB5154A154C1378BC
S2140315C8013BDBB213706168206801AA03C2218954
S2140315D81180114A1278D21805D00A2320465A4396
S2140315E8E118ECF771FB9DF806301B070DD0BDF824
S2140315F80C00FFF799FF03468288ADF8082001AA76
S21403160803CA1288186059601A8104B010BD00BF57
S214031618A96200209A5A0020AA620020002108B571
S214031628084B09481970094B1970094B1A7802EBCD
S21403163882025200ECF7F6FABDE808400548F4F7CC
S21403164881BB00BFAA6200209A5A0020A962002024
S2140316580C6C00205C6B0020F8B50024084D094F7D
S214031668094E3B783178E2B20B449A4204F10104FE
S21403167800DBF8BD2846F4F775F80A35F1E700BF2E
S2140316889A5A0020AA620020A962002010B5064CC8
S214031698207828B1054807F06CFE10B1034B18886C
S2140316A810BDFFF789FFF3E7A96200209A5A0020C6
S2140316B808B50A4A0346107860B1094A1088984262
S2140316C809D121B99378103323F00F039370FFF7EA
S2140316D873FF012008BD0020FCE700BFA9620020B5
S2140316E89A5A00202DE9F74F00260BF019F9DFF870
S2140316F8F890B24699F80070B3463A46DFF8EC809D
S2140317081FFA80FEB8F800C0344CAEEB0C039BB24D
S21403171801932378324D009303EB830305EB4303CE
S214031728ACEB0E0C5FFA86FEBE4515D3BAF1000F76
S21403173801D0009B2370BA422AD3002F37D00A223F
S2140317482378C8F8000002FB03532648998803B099
S214031758BDE8F04F0AF004BFB3F804E001998E45DC
S21403176812D84FF0010A009993F802E001310EF1FE
S214031778FF3EC9B2013AA3F804B083F802E0009129
S214031788D2B20A330136CDE7E644A3F804E0F8E715
S21403179889F800204AB10A222378C8F8000002FB19
S2140317A80353104899880AF0DBFE237813B903B06D
S2140317B8BDE8F08FFFF76AFF06460028F5D006F067
S2140317C8E0FF0146304607F0D1FD20B10021288806
S2140317D8FFF76EFFE9E740F60241F8E7A962002043
S2140317E89A5A00205C6B0020AA62002080560020CC
S2140317F82DE9F04192F808801F4608F1FF33DBB263
S214031808EF2B05460E46144688B00BD982238DF86F
S2140318180E30314628469DF80E30204AFEF740F82B
S214031828012037E00E22002104A8ECF7FBF9B4F8F0
S21403183809308DF81180ADF81230E37A03F07F0291
S214031848032A08D0012B24D103238DF81030A3894B
S214031858ADF815300EE0032B14BF022301238DF8D1
S2140318681030E368CDF815302369CDF81930237D99
S2140318788DF81430A7F121014A420DF10E034A41AF
S214031888009321460DF10F0304A8FDF737FC002843
S214031898BFD1002008B0BDE8F08100BF5021040086
S2140318A82DE9F04F00241D7895B0CDE90201049286
S2140318B8234622460120CDE90054404908F0CAFED3
S2140318C8ADF81E00F8B1A346264627460DF12009B3
S2140318D80DF1380AE9F71AF85FFA84F8404516D87E
S2140318E83A460221BDF81E00FFF7B4FC324604212F
S2140318F8BDF81E00FFF7AEFCDDE903100022BDF8B5
S2140319081E30FDF7CDFF012015B0BDE8F08F4A461F
S21403191840460AA9FDF7E4FB9DF8282022B12DB11D
S214031928013DEDB20137FFB20134D3E7BBF1000F37
S214031938F8D199E803009DF829308AE803008DF862
S2140319484030BDF82A30032A8DF841304FEA132376
S2140319588DF8423017BF032301238DF843309DF8D3
S2140319682C30DDF83110DDF82D0014BF8DF84C301F
S2140319788DF8433011AB03C302980CBF4FF00E0823
S2140319884FF0150808F00DFA0590BDF81E000AF08A
S21403199817FD059900EB080399420BDB0123424622
S2140319A851460DF11E00F4F721F90028ABD1013694
S2140319B8F6B2B7E74FF0010BB4E700BF276C040095
S2140319C838B505460D4B0E481C88F4F7A7F9012DC4
S2140319D80CD10C4B1C88FA21614358B1884209D2B2
S2140319E88408012C204638BF012038BD022D08BFC5
S2140319F80224F0E702480AF0B3FDF2E7965A0020FD
S214031A0878470020945A0020012208B5054B06485B
S214031A181A7000210AF0A4FDBDE808400020FFF76D
S214031A28CFBF00BFBE610020784700201E4B73B5AA
S214031A381A8802F108039BB2012B02D81B4B1B78AA
S214031A4823B902B0BDE87040F4F77CB90024184BFC
S214031A58184D1C70184B1C702B787BB14FF6FC7313
S214031A68164E0093224623462146308808F0BFFBCD
S214031A784FF6FD732C70338001200FE0104B104691
S214031A88197807F071FC0028F6D10C4B1A884FF624
S214031A98FD739A42F0D0012302202B7002B0BDE8F2
S214031AA87040FFF78DBF00BF985A0020BE61002024
S214031AB8C1610020BF610020C0610020925A002047
S214031AC8C2610020012808B50AD002280CD020B924
S214031AD8084B18700848F4F735F94FF0FF3008BD7F
S214031AE8BDE80840FFF790BF0020BDE80840FFF7B1
S214031AF867BF00BFBE6100207847002002280CD8C5
S214031B0859B1064A13780133DBB21370044A1278C4
S214031B189A4202D80220FFF7D5BF7047C06100205B
S214031B28C361002038B5A0F61343012B04460D46BF
S214031B3815D80E4A13780133DBB213700C4A1278A1
S214031B489A420CD84FF6FD720A4B00201988914228
S214031B5801BF00221D80084B1A70FFF731FF294684
S214031B682046BDE8384004F01FBF00BFC16100200F
S214031B78C4610020925A0020BF61002000234FF65C
S214031B88FD71054A1370054A1370054A1180054A04
S214031B981370054A13707047C1610020C0610020A6
S214031BA8925A0020BF610020BE61002030B5094B61
S214031BB802461B7833B1084B084C19780023D8B271
S214031BC8884201D3FF2004E0013334F823509542BA
S214031BD8F5D130BD0B6C0020C6610020725A002078
S214031BE80022FF21044B05481A70054B1970054B54
S214031BF81A789200ECF716B8C6610020765A0020C9
S214031C08C56100200B6C0020F7B58DF807100DF1A1
S214031C180701044602F094FE234B1D78002D41D09D
S214031C282046FFF7C3FF214EFF283178204B05D106
S214031C38204A107885422DD9451C1570884219D03C
S214031C481C4A1B4D92F800C00022D7B2BC450CD9DB
S214031C582F4697F803E00132864505F10405F4D1CB
S214031C6802B203EB8202D278FA7002B203EB820264
S214031C78D170307002B203EB820123F82240FF22B0
S214031C888A709DF80720FF2A02D003EB8203987018
S214031C9803B0F0BD0A46104603EB8202D278FF2A49
S214031CA8F9D1CBE7FF20F3E70B6C0020C5610020D2
S214031CB8765A0020C66100202DE9F843FFF776FF21
S214031CC8FF28044669D04FF6FF72354F03B2DFF894
S214031CD8DC80344E27F8232098F80050A54202D11A
S214031CE80020BDE8F883337820B28100A34207EBCF
S214031CF8800090F803E010D00023294A5FFA83F99E
S214031D084D45944606D99CF803900133A14502F144
S214031D180402F3D18CF803E001E086F800E0013D05
S214031D28EDB22A1BD2B2043192003944EBF7CCFF4A
S214031D3888F800503378FF2B04D0A34224BF03F15E
S214031D48FF33337000214FF6FF70154BCAB2AA4211
S214031D580CD300234FF6FF71134ADCB2AC42BBD256
S214031D68013332F823008842F7D1B5E79A78A242BE
S214031D780BD11880DA78FF2A04D0A24224BF02F1D6
S214031D88FF32DA7001310433E0E7FF2AF2D0A242C9
S214031D9824BF02F1FF329A70ECE72D20A1E700BFBB
S214031DA8765A0020C5610020725A0020C6610020BA
S214031DB8F8B51C4B05461B78084673B3FFF7F6FEC3
S214031DC8FF28044629D02846FFF7F0FEFF2806D04A
S214031DD8154B164E1A780023D9B2914218D3FF2111
S214031DE82846FFF711FFFF28014616D00546104F71
S214031DF823B207EB830237F823009678FFF704FF2E
S214031E08A84208BFFF25FF2E214608D12846F8BD5D
S214031E18013316F823108142DED1FF25F6E7344650
S214031E28E6E700BF0B6C0020C6610020745A00204A
S214031E38765A00202DE9F04180460E461F460023B9
S214031E4886B001A814469DF830508DF80330FEF787
S214031E58A7FCADF804802EB13368CDF80630736856
S214031E68CDF80A3038460AF08FFA0DF10303421903
S214031E78214601A804F0A4FD9DF8033093B9314622
S214031E884046E8F737FF0E4B1B785BB10B2C09D897
S214031E98FF214046FFF7B8FE064605EB4404E4B2C6
S214031EA8A54202D106B0BDE8F0812946384608F0B7
S214031EB874FB3146FFF7A8FE02350646EDB2EFE798
S214031EC80B6C002000232DE9F3470DF107028DF86C
S214031ED8073004460E4602F01EFD9DF807300546F9
S214031EE863B92046FFF762FE04465EB130880AF0FF
S214031EF867FA5FFA80F8FF2C45D10025284602B01A
S214031F08BDE8F087B046F6E701320C2AF5D02DB2C5
S214031F1807EB8505AD78FF2DF6D112F0FF0AECD056
S214031F284FEA4A050235EDB2002EE7D0304605EBF8
S214031F38080108F0F7FA0028DFD1524641463088F0
S214031F48FFF788F90AF1FF3208F1010108F10209DF
S214031F583088D2B2C9B25FFA89F9FFF77BF924B29F
S214031F6807EB8404A478FF2CC8D023B2494637F875
S214031F782320308808F021FB0028BED109F1020986
S214031F885FFA89F9EBE725460022014FBFE700BF52
S214031F98765A002008B5D5F75FFDD5F747F900F060
S214031FA84AFAD6F779FEBDE80840D4F7EFBE10B56F
S214031FB8044601880120D5F70FFEE3880BB9C8232A
S214031FC8E38010BD37B50446D5F714FE6588854209
S214031FD80ED8A188E288814205D3431B5343491B85
S214031FE8B3FBF1F39AB280B240EA024003B030BDC5
S214031FF80022F8E770B50C46088800F04BF994F809
S2140320084430054683420FD004F11C06304600F0E0
S2140320187CF984F8445000F07CF9618BA064304660
S214032028BDE8704000F06CB970BD38B5044690F84A
S21403203844108378826CCB1A59425941D4F710FF5F
S214032048E37893B1257985B900F063F90346A26866
S214032058218A04F11C009C1A8C4236BF5218294662
S214032068D11ABDE8384000F04BB938BD09B100F0C5
S214032078FDB800F005B938B58388044603B3E3789A
S2140320880088A17804F10C05A3B10023B1FA81F105
S214032098E3704909FFF7EAFF4FF6FF72A388218921
S2140320A893421CBF03F1FF33A3802846BDE838409C
S2140320B800F026B90123E370FFF7D8FFE188F4E7B9
S2140320C838BD10B5044681780088FFF7CFFF012393
S2140320D8E3700023A38010BD10B581780446B1FAD7
S2140320E881F100884909FFF7C1FF0023E370A38045
S2140320F810BDFFF7F1BF70B50446054600262B460C
S21403210855F8040B10B11B1B0C2B00DD70BD237C8C
S2140321188680002BF3D0637C13B1FFF7D2FFEEE77C
S214032128FFF7DAFFEBE7FFF7E6BF70B504460546A9
S2140321384FF6FF762B4655F8040B10B11B1B0C2BDA
S21403214800DD70BD8388B342F4D04FF4FA724FF6BD
S214032158FF731146D4F7D8FEECE709B100F086B84A
S21403216800F08EB810B50446C0600830D5F7A6FE52
S21403217821792088B1FA81F14909FFF7EEFFA3799F
S21403218843B121796088B1FA81F1BDE81040490965
S214032198FFF7E3BF10BD00F0A9B80346184613F8C7
S2140321A8012B8A4201D0002AF8D1704710B53B218B
S2140321B804460068FFF7F1FF0022034603F8012BE5
S2140321C82068236010BD10B540B1421E0A240020C3
S2140321D812F8013F303BD9B2092900D910BD04FBD8
S2140321E80030F5E708B500F07EF808B540F2BA42C5
S2140321F800211020D5F76CFC41F2E823584340F63B
S214032208FF7300F2FF70B0FBF3F080B208BD50F81E
S2140322180C3C23B150F8041C30F80E0C18477047D2
S214032228084619B1FF21103002F09CBA704773B5FF
S21403223805460E466DBA1446D5F776FDADF8045036
S2140322487EB1012C04D0032C09D00022012101E021
S2140322582246022101A8D7F79BFF02B070BD0022D1
S214032268F7E7042132460DEB0100F4E707B540BA59
S214032278ADF8040001A8D7F7BFFF03B05DF804FB69
S21403228807B540BAADF8040001A8D7F7E1FF03B0D5
S2140322985DF804FB002307B540BAADF804000DF15A
S2140322A8030101A88DF80330D7F7FEFF9DF8030056
S2140322B803B05DF804FB007800F0DF03552B07D066
S2140322C8642807D0663818BF4FF0FF30C0B270478F
S2140322D8012070470320704718B12D280CBF012032
S2140322E802207047704708B501F02EFE08B500F0C7
S2140322F883F8BDE8084004F031BB50E902301847BC
S2140323080A460830FF2102F024BAFF21083002F0FB
S21403231831BA08B50AF063FBBDE8084009F0E8B827
S21403232813B500240DF107008DF8074003F0C8FA2B
S21403233840B99DF80700033803288CBF0020012006
S21403234802B010BD2046FBE72DE9F04104460027FE
S2140323584FF00C0E8F4202DB0020BDE8F081207898
S214032368904204D1002594F80780454502DB0137DF
S2140323780C34EFE70EFB05F6D4F808C00CEB0600A2
S2140323883CF806609E42E8D00135EEE7F0B585B026
S21403239805460E461746D5F7E7FD0446A0B131466F
S2140323A82846D5F799FD83783A46002BA368314625
S2140323B80293A378284601934FF0000300930CBFBB
S2140323C880234023E4F732FF05B0F0BD08B5128832
S2140323D8D5F7CAFD50B10279BDF80C309A4207D832
S2140323E881680298EBF770FC002008BD8620FCE79E
S2140323F88920FAE7D5F7BCBE002004F02BBB08B546
S21403240804F090FB002814BF0320002008BD10B575
S2140324180446FFF785FF20B12046BDE81040DFF7E6
S2140324284BBE10BD08B5FFF77BFF18B1BDE80840E3
S214032438DFF734BE08BD704708B502F06FF8FFF73C
S214032448A9FDD5F7FBFE6420DFF746FE6420DFF719
S21403245833FE02F065F8D4F7C7FC08F073FCF8E718
S214032468642230B542F21075418AB0F87E30514383
S214032478848A681A834202FB04F40AD2A3420AD95E
S2140324881B1B02FB03F021446D1AB0FBF5F0C0B228
S21403249830BD1046FCE70020FAE710B589B163297A
S2140324A811D86424828A438A624304FB0323C3F550
S2140324B81C53103301FB03F0B0FBF4F0104480B256
S2140324C810BD0846FCE742F21070F9E738B5037BFF
S2140324D80446002B36D0FFF71CFF217BE28902292E
S2140324E803D1238A002B18BF1A466423534342F2A8
S2140324F810721FBFD4F88450401B5043B0FBF3F24E
S2140325080129B4F8883017D1134442F21072934263
S21403251828BF13469BB2A4F87E302046FFF7A0FFD9
S214032528A37D83420ED0A075082260784FF481718C
S214032538BDE83840FFF72ABF934201D39B1AE9E761
S2140325480023E8E738BD10B50446B430FFF7DDFED0
S21403255804F1DC00BDE81040FFF7D7BE037BC18952
S214032568022B03D1038A002B18BF1946642342F2B1
S2140325780F724B43DC30934298BF6421FFF7C0BE0B
S21403258810B50446FFF7A2FF237B23B12046BDE818
S2140325981040FFF7E3BF10BD10B504464FF6FE71B3
S2140325A8D5F7ECFFB4F880302046A4F87E30FFF762
S2140325B857FFA37D834208D0A075082260784FF49E
S2140325C88171BDE81040FFF7E1BE10BDF8B50E46B1
S2140325D80446154600F18C073846FFF796FE29464B
S2140325E83846A4F87C60BDE8F840FFF789BEF8B51E
S2140325F804460D46FFF78DFE4FF6FE71A36F8D4218
S214032608227BA0EB030717D162B94FF6FF75B4F820
S2140326187C30AB4205D004F18C00FFF776FEA4F8B5
S2140326287C50F8BDC72F1BD8C8331A1A294620462C
S214032638BDE8F840FFF7CABFB4F87E60AE422CBFC9
S21403264802260126B24211D14FF6FF76B4F87C3043
S214032658B34205D004F18C00FFF757FEA4F87C605C
S21403266829462046BDE8F840D5F788BFC72FDBD9EB
S214032678002AF5D02046D5F781FFC822D6E74FF6BD
S214032688FF73994201D0FFF7B2BF70474FF6FF7248
S214032698B0F87C10A0F87C20FFF7F1BF42F2107167
S2140326A8FFF7A5BF0021FFF7A2BF4FF6FE71FFF79E
S2140326B89EBF4FF60173994210B5044603D14FF6F1
S2140326C8FE71FFF794FF638A2046322B84BF3223BA
S2140326D86382A38A322B84BF3223A382BDE81040C9
S2140326E8D5F7F2BF032910B504462BD0007B30B9C3
S2140326F8012903D002290CBF0120FF2010BD032A9D
S21403270807D8DFE802F00208101401291CD00229B2
S2140327181FD0FF20F2E70029FBD1B4F85C20012A7A
S21403272812D0022AF4E704290ED00529F0E7042973
S21403273814D0052914D00029EBD1B4F85C20111F56
S2140327480129ECD80220D9E75A1E534253415800B0
S214032758D4E7022B0CBF02200120CFE70020CDE7E9
S2140327680120CBE730B587B005460C46D5F7EEFC17
S214032778012820D11CB1611E4B424B4158006B788F
S2140327884FF480728DF804304FF48273ADF8063038
S2140327984FF48173ADF8083001238DF80B3000230E
S2140327A885F8900001A8CDE903238DF80A408DF833
S2140327B81430D5F703FD07B030BD41680346C97822
S2140327C8027B99B98168C97899B9002A08BF032199
S2140327D8D6F7B8B89B7B002B0CBF01210221F7E77D
S2140327E89B7B002B0CBF02210121F1E7012AF1D1C3
S2140327F87047012AF4D17047042910B5044604D853
S21403280831B1BDE81040D6F721B905290DD010BD62
S214032818037B5522002B08BF0321A0F85C104078E1
S2140328281221FFF7B3FD2046EBE743681A8A83684D
S2140328381A82E6E7012303730378013343734FF4DD
S2140328484073C381032303740023A0F85C3080F825
S2140328589030704738B504460D4601B945890123BB
S214032868E373FFF756FDFA2202FB05002061208971
S214032878BDE838405043FFF7CABD10B50446806B21
S214032888D8B1E278022A04D0636B5B7972B984F80C
S2140328983C3094F83C306BB1FFF713FC60784FF686
S2140328A80272BDE810400621FFF770BDB3FA83F342
S2140328B85B09ECE7FFF710FCF0E710BD10B504461C
S2140328C8406BD4F787FB2046BDE81040FFF7D5BF1B
S2140328D810B50446406BD4F7A1FB2046BDE810406C
S2140328E8FFF7CBBF10B50446406BD4F7BDFB2046B5
S2140328F8BDE81040FFF7C1BF10B504460022062105
S2140329084078FFF743FDA378022B01D0FF2B04D1B1
S2140329182046BDE81040D6F7FBBB10BD4FF6027342
S214032928994210B5044601D1FFF7A7FFE378022BB7
S21403293802D02046FFF7A1FF2046BDE81040D6F791
S214032948E7BB10B5D0F8A4407CB103791BB1407936
S214032958D6F79EFC48B9A3883BB932222046BDE881
S214032968104001231146D4F7CFBA10BD10B504465C
S214032978FFF7E7FFA278237982B913B12046D6F783
S214032988ADFC2046D6F7EAFC03236078A4F86C303F
S2140329985522BDE810401221FFF7F8BC012B02D1DF
S2140329A82046D6F79BFCA379012B02D12046D6F7FF
S2140329B8D5FC0123E9E710B583780446ABB9FFF7DE
S2140329C8C0FFA3788BB9237913B12046D6F7A6FCA4
S2140329D82046D6F707FD04236078A4F86C30552202
S2140329E8BDE810401221FFF7D1BCB4F86C30022BB7
S2140329F80DD02379032B02D12046D6F76FFCA37993
S214032A08032B02D12046D6F7A9FC0023E4E7204689
S214032A18D6F72AFDF9E7827883685AB9DB78002B5C
S214032A2814BF03230423A0F86C30552212214078E0
S214032A38FFF7ACBC1A7922B9DB78003B18BF012331
S214032A48F1E70223EFE77FB500239E6A0446B6F54F
S214032A58C04F0D460CD201A8D6F7B2FE039B5B0502
S214032A6806D529462046336C04B0BDE8704018479F
S214032A7804B070BD00239B6AB3F5C04F05D21B6B29
S214032A88B3F5C04F01D29B6818474FF4817070475F
S214032A981FB500239A6AB2F5C04F04D340F201105B
S214032AA805B05DF804FB126BB2F5C04FF6D20122EF
S214032AB801A8CDE902338DF80420D6F781FE039BDF
S214032AC8DB03EBD5029B1A0EE8D0012A03D1C3F326
S214032AD807430A2BE2D900239B6A1B6B1B6C984798
S214032AE8DEE700230360704703680B6001607047E6
S214032AF810B538B132B129B100230139D45C14B901
S214032B080023037010BD8B42FAD200F8014B013341
S214032B18F4E7034638B10020814204D01A5C02B9B0
S214032B2870470130F8E770474FF0FF31FFF7F1BF02
S214032B3870B50C461646054660B15AB151B1FFF753
S214032B48F3FF844206D9211A32462844BDE870406A
S214032B58FFF7CEBF70BDFEE7FEE700239A4200D11B
S214032B68704710B550F8234041F8234001339A4282
S214032B78F8D110BDD7F7F0BA4369426CD91C143A9A
S214032B88B1FBF2F103EBC1000330B0FBF2F0023005
S214032B98704738B505460C46FFF7EEFF6A6CE31D2B
S214032BA8143AB3FBF2F3013304EBC30402FB00400D
S214032BB838BD38B5054644692146FFF7EAFF6A6C0F
S214032BC8E31D143AB3FBF2F3013304EBC3042044C6
S214032BD838BDF7B507460E4600257C6CA81964422F
S214032BE880EA06031C4003D02C46204603B0F0BDFB
S214032BF8FB6B01225B6901A99847019B0133F4D15A
S214032C080435EAE770B505460C46D9F77FF8EB6B4B
S214032C182046BDE87040DB68184770B500250446B3
S214032C2886B00562E369AB4202D8206A06B070BD77
S214032C38666C2068E36B05225B6901A906FB050041
S214032C48984701A800F023FC00F046FC10B1236A5D
S214032C58013323620135E5E738B50446456C006859
S214032C6804F1400305FB0101E06B00F042FC054656
S214032C782046FFF7D2FF284638BDF0B5054600269E
S214032C8887B0EC69013CB44203D80C46204607B02B
S214032C98F0BD01B14C1E6F6C2868EB6B05225B69AF
S214032CA801A907FB0400984701A800F0F0FB00F011
S214032CB813FC0028EAD121460136E2E7F0B50446BC
S214032CC80D46466CE36B006887B005225B6901A96D
S214032CD806FB0500984701A800F0D9FB00F0FCFBAB
S214032CE820B101A800F0AAFB07B0F0BD294620468C
S214032CF8FFF7C3FF0646676C2068E36B05225B692C
S214032D0801A907FB0600984701A800F097FB431C98
S214032D18EAD0B54238BF0130E6E72DE9F0434FF66F
S214032D28FF79D0F8248004460E46C84514BF4546A6
S214032D380025002787B0E369BB4202D807B0BDE881
S214032D48F083E26B2368606CD2F814C000FB05308E
S214032D58052201A9E04701A800F099FB022806D03E
S214032D68C8450CD1721C29462046FFF775FFE36950
S214032D780135B5FBF3F2013703FB1255DBE72946AA
S214032D882046FFF79BFFB0F1FF3F14BF02463246CB
S214032D980132E8E70368F0B5CC1A436C0646B4FB81
S214032DA8F3F4002587B0F36937685A1E9542706CAA
S214032DB808D3706C336800FB043007B0BDE8F040F6
S214032DC800F095BB0134B4FBF3F203FB1244F36B38
S214032DD805225B6901A900FB0470984701A800F067
S214032DE856FB00F079FB0028E3D10135DBE710B486
S214032DF823F0030422449B070A44436C18BF043297
S214032E085B4281EA0204234203D05DF8044BFFF7D2
S214032E18C1BF10465DF8044B70472DE9F041D0E971
S214032E280A369E42044686B028D11422C3694568EA
S214032E3802FB1355284606B0BDE8F0812068676C88
S214032E48331AB3FBF7F3E26B07FB0300D2F81480DD
S214032E5801A90522C04701A800F019FB012804D0E0
S214032E68636C1D44013B3340ED1A31462046FFF799
S214032E7891FF0646A36AB342E0D1DBE70025F9E7EC
S214032E8808B508301346D1E90012D8F7C5FE012065
S214032E9808BD13B50C4600212176009361681346D6
S214032EA82246D7F7B3FA18B1E37D03B1A07EA0751F
S214032EB8A07D02B010BD73B5164600F108050C4692
S214032EC8284609680DF1070200F098F9032E06D183
S214032ED86368834203D12846216800F076F9012007
S214032EE802B070BDD01E009B42424241187E824209
S214032EF811D11A688A420ED85A688A420BD35A697D
S214032F0801325A61D3E9030282423FBF986840F808
S214032F18221001321A610120704710B5032A029C59
S214032F2807D1A26A5340626C5242134201D100F0A1
S214032F384CF9012010BD08B5C36800209847BDE8C2
S214032F480840D8F7EBBE012814BF0420022070B54A
S214032F58002442431C70CC7D101D02F002024CB9BB
S214032F681AB1012220F003001A7000F1080348681A
S214032F78184470BD1AB1012220F003001A7000230A
S214032F880C7E01F12005DAB2A24201D30020F0E755
S214032F9835F833205E1C824206D901EBC30300F1E1
S214032FA80802D8691044E4E73346801AEBE773B59A
S214032FB8054690F842601C4630460DF10303FFF7BA
S214032FC8C2FFEB6B012E5B690DD1324601A9984708
S214032FD89DF8033013B1BDF806300193BDF80430ED
S214032FE8236002B070BD0122214602B0BDE87040DE
S214032FF81847F0B5054600244868EB6B87B00E46BD
S21403300801225B69029402A908309847274695F877
S2140330184230012B40F0AC80632C00F2AB80612C6D
S21403302808D805AB224631462846FFF7C0FF9DF869
S21403303814305BB305AB2246314628468DF810702C
S214033048FFF7B5FF95F84230012B059B7FD14FF666
S214033058FF72934256D0082205A904A800F063FA23
S214033068059B9DF81010C3F3072291424AD1DBB2A1
S214033078029A1A44029245E0DCD005AB2246314652
S2140330882846FFF794FFBDF81430D2E795F8423088
S214033098012B39D1612C2ED822463146284603AB5C
S2140330A8FFF785FF3146284604AB621CFFF77FFF10
S2140330B83146284605ABA21CFFF779FF10220823E2
S2140330C80DEB02010DF107008DF8073000F02BFA1F
S2140330D8102205A90DF1070000F025FA039BDAB2C2
S2140330E84AB99DF80720B2EB132F04D1DDE9043261
S2140330F803EB0243029395F84230012B14BF0123D6
S21403310802231C44013482E7302CF4D82246314685
S214033118284603ABFFF74BFF3146284604AB621C31
S214033128FFF745FF102320220DEB03010DF10700DF
S2140331388DF8073000F0F7F9039B9AB2002ADAD124
S2140331489DF80720B2EB134FD5D1049BD2E7013382
S214033158D8D0102205A90DEB020000F0E4F9059B70
S2140331689DF81010C3F307429142CBD19BB27FE779
S214033178312C81D9029807B0F0BD13B50024019409
S214033188049C0094D7F71EFE02B010BD13B50124A5
S2140331980194049C0094D7F715FE02B010BD0023D3
S2140331A84FF0FF3230B544689C4202D100230372C5
S2140331B830BD016801EBC30541F833206A6001336B
S2140331C8F2E7C0E90012FFF7EABF0023F0B5456847
S2140331D89D4210D00468DF0054F8332004EBC3067E
S2140331E8B2F1FF3F08D0C2F31302914204D14FF065
S2140331F8FF33E3517360F0BD0133E9E70023F0B50D
S21403320845689D4202D14FF0FF300EE00468DE00A9
S21403321854F83340671C09D0C4F31307B94205D1E1
S214033228240D1470036833445868F0BD0133E8E787
S214033238704770B59400224605460E4609F08CFD85
S214033248431C0AD058B9224631462846EBF736F8C7
S214033258002814BF3D20002070BD6E20FCE77120B7
S214033268FAE713B5044601A8D9F7E8FF9DF8063030
S21403327823804FF480736380D9F7FAFF60600020D9
S21403328802B010BDD9F75ABF08B5D9F747FF0020D3
S21403329808BD10B5044644EA010313F003030846C1
S2140332A809D1934201D1002010BD54F8231040F8E9
S2140332B823100133F5E721469200EAF743FEF2E7C7
S2140332C810B5044609F044FD431C10D088B9D9F755
S2140332D8CFFF234620F003002044984201D1002064
S2140332E810BD53F8042B0132F7D03E20F8E76E20C2
S2140332F8F6E77120F4E7704713B500230446014642
S2140333081B220DF107008DF8073000F00CF9226830
S2140333189DF80730B3EBD26F0CBF0120002002B034
S21403332810BD13B500230446014620220DF10700FD
S2140333388DF8073000F0F7F80DF107001A22211D63
S21403334800F0F1F862689DF80730B3EB926F0CBF94
S2140333580120002002B010BD0068431C58425841A3
S2140333687047006810F07E0F0CBFC0F3C1600020E2
S21403337870470068C0F3D3107047006800F07F00FA
S21403338801288CBF002001207047036813F07E0FC6
S21403339814BF042008207047036813F07E0F03D178
S2140333A8406820F07C40704713F078001CBF03F099
S2140333B87F03D81F7047006800F07F007047032814
S2140333C809D0022803D1C1F10201C8B27047002907
S2140333D80CBF07200020704737B5054601F10C04DB
S2140333E843696946012220469847BDF80030012202
S2140333F801932046AB6901A9984703B030BD37B59A
S21403340801F10C044369012269460546204698479C
S2140334184FF6FF72009B99B291420DD16FF30F03DB
S21403342843F4254343F0A503019301222046AB69E1
S21403343801A9984703B030BD0020FBE737B504461B
S21403344800251B22011D0DF107008DF8075000F01B
S2140334586AF860689DF80720B2EBD06F03D120F0B6
S214033468784003B030BD0DF107001B2204F10801B4
S2140334788DF8075000F057F8A0689DF80730B3EBAF
S214033488D06F01D1C043EAE74FF0FF30E9E74BF2CC
S2140334989A22036810B5B2EB134F044613D19BB2B6
S2140334A8012B13D1FFF7CAFF01300CD04FF6FF727A
S2140334B8E068B2EB104F4FEA104309D180B2C01A46
S2140334C818BF012010BD2368013303D00420F9E791
S2140334D80220F7E70320F5E701288CBF0020012028
S2140334E87047033801288CBF00200120704714302A
S2140334F870472DE9F04105469846036908460E4687
S21403350817469847044638B943463A463146284646
S214033518D8F774FC044618B131462846FFF75CFF13
S2140335282046BDE8F0811F2A0B689EBF4FF0FF3187
S21403353891408B43590801F055315B1A03F0333138
S2140335489B0803F033330B44017803EB13130A4445
S2140335584FF0013103F00F334B43A2EB13620270B3
S214033568704708B507F0BAFABDE808400021D8F74F
S21403357843BE0029CCBF01210021D8F73DBE022156
S2140335884FF42070D9F70EB9704770470020D9F763
S214033598A9B90120D9F7A6B9704770B505461446E8
S2140335A80E4609F030F92B685C4034405C402C60CA
S2140335B8BDE8704009F022B94369DB01FCD4012356
S2140335C800F5005043607047022A10B54FF0000418
S2140335D805D9033A022A0CD90360047110BD11F405
S2140335E8000218BF4FF07F4221F07F4313430C0EAF
S2140335F8F2E721F0FF03CCB2EEE730B4012500F57D
S214033608805344685D60CB784D785B0443EA0523B2
S2140336180D7889782B43090401F480310B43C0F8ED
S2140336289830E30702D430BCFFF7C6BF30BC7047F8
S21403363838B50C460546FFF7BFFF23781146627870
S21403364803F0070343EAC203E278284643EA022361
S214033658A278120102F0300213432B67EB6AA279B1
S21403366823F48B3323F4807343EA0243227912024A
S21403367802F4E06213436279120302F4805213439E
S214033688EB62FFF7BAFF012305F580525360E27930
S21403369802B1EB6038BD08B50A6FC96F02F00702BE
S2140336A8FFF792FF08BD4FF050234FF400321A6716
S2140336B870474FF0B0435A6812B19A6A002AFAD193
S2140336C8704770B5054614460E4609F09CF82B68F5
S2140336D85C4034405C402C60BDE8704009F08EB80E
S2140336E80122417803788A4030214B4342F2100185
S2140336F803F1A04303F570335A50704721FA00F2DA
S214033708D20730B5034600F0FC040FD50022013279
S214033718D2B2042A02D14FF0FF3008E0831803F030
S2140337280303234421FA03F5ED07F0D4184630BD06
S214033738002070470020704700207047002070471D
S21403374801207047012070470F207047EBF7D8B861
S21403375800207047FFF7FCBF002070477047002023
S214033768704700207047C3681944836853F82100DC
S21403377830F8023B13607047012310B580F8883091
S2140337880378044653B100F061FA21462046DAF777
S214033798D3F82046BDE8104000F04DBA10BD38B542
S2140337A80D460446DAF7B0F86B682046C4F8B0321C
S2140337B8A96800F096F94FF0FF332046C4F8B432F0
S2140337C8FFF7CDFF38BDD0F8B43210B50133044641
S2140337D801D0002010BD00F0BCFAC4F8B4020130D2
S2140337E8F7D194F8B80280F00100F3E708B5DAF7E2
S2140337F8C7F808BD0A7801382D2A0ABF0122002215
S2140338088918DAF719B907281BD8DFE800F0060A7B
S2140338180D10131504170120704700220820DAF745
S2140338280BB900221020FAE700222020F7E7082029
S214033838FFF7E0BF1020FBE72020F9E70846DAF792
S2140338485DB9002070472DE9F74307280C46DDE9E4
S2140338580A7690461D4608D8013806280AD8DFE8AF
S21403386800F01D27303A44574A00212850D003B0A9
S214033878BDE8F083002220461146EAF79FF933682D
S214033888C0B205EB83013A6845F82300013348F8CC
S214033898221033603B6801333B60E8E7002220468A
S2140338A81146EAF78BF9336880B205EB8301EAE73A
S2140338B8002220461146EAF781F9336805EB8301AF
S2140338C8E1E7002220461146EAF726FB336840B2B2
S2140338D805EB8301D7E7002220461146EAF71CFBCF
S2140338E8336800B205EB8301CDE700222046114674
S2140338F8EAF712FBE1E7002389461E461D468DF8C4
S214033908063019F8013F7D2B06D125702D0A657000
S2140339183B6848F82340BDE7202BF2D006F00102A7
S214033928013612B98DF80430EBE71022002101A8FE
S2140339388DF80530EAF7F0FA631901359870ADB2D9
S214033948DFE72DE9F04F9B46002385B08B4581467C
S21403395888469246CDE902336BDC1A461E4619F8AA
S2140339680340212C09D81F2C04D8103C072C98BFD9
S214033978012200E001260133F1E7FF2CFBD15B446B
S21403398836B1013B43450ADD2B2005B0BDE8F08F71
S21403399862B1013B4345F7DC3546374602E000256E
S2140339A82F462E46454504DB0020EEE79845F3D020
S2140339B8EAE75D453BDB19F80730202B18D109EBFE
S2140339C807035B78FF2BDFD1CEB920465AF82510BC
S2140339D8FFF719FF78B303AB019302AB00932046B6
S2140339E8DDE90E235AF82510FFF72DFF0135D9E731
S2140339F8212B0ED109EB07035B78FF2BC4D1029B5F
S214033A085AF825200E99012641F8232001330293FC
S214033A18ECE7A3F11004072C02D91C460137D3E7B9
S214033A2809EB07035B78FF2BAED1E4B2CCE7062499
S214033A38CAE72120A9E72620A7E72DE9F04F07467E
S214033A480E4615469846044685B0DDF84490DDE9EB
S214033A580FAB206808B3DAF80020D8F800108A42BB
S214033A681BDA0E9B53F82210D6F7AAFA48BBDAF8E5
S214033A7800200132CAF800206268117BFE291BD198
S214033A880E9B1068012100932A464346CDE902B9E6
S214033A98CDF804A0FFF7D1FF04462B7843B999F86D
S214033AA800302BB97EB101233C4689F800302B70D1
S214033AB8204605B0BDE8F08F01238BF800302B7045
S214033AC8EBE70C34C5E73446F2E710B5044623683B
S214033AD803B910BD237A13B92046DAF745F80C3430
S214033AE8F5E710B541B10A7932B901249C300C7157
S214033AF8FEF7FAFF204610BD0020FCE72DE9F0414B
S214033B08BAB005460AAA084603A900F05FF90446B0
S214033B18B0B90DF10A0301930DF10B038DF80A00F2
S214033B2800930AAA284604AB03A9DAF7CDF99DF849
S214033B380A20B2B19DF80B2048B12AB1DAF714F877
S214033B4820463AB0BDE8F081FFF7BFFFF8E7D5F89F
S214033B589C50002DF4D0A86808B1FFF7B6FF2D686F
S214033B68F7E700B346681AAB06F10C082AAF0193C9
S214033B784046049B039900970AAAFFF7E2FE044609
S214033B880028DDD1039B05A8CDE90637049B0595D8
S214033B98CDE90838DBF788FC05A83368984705A8F5
S214033BA800F03FFDCCE72D24CAE710B50446AC3039
S214033BB8E9F734FF04F1AB031A180020934200D147
S214033BC810BD13F8011F0029FAD00A2908BF0130CF
S214033BD8F4E70023F0B50B6013600646D0F8AC0292
S214033BE878B196F8AC0060B1012406F1AC07D6F8B4
S214033BF8AC02844210D306F1AC00B3F5007F10D3B1
S214033C080120F0BD0D6801350D6015680135156096
S214033C18F85C01330A2802D0B3F5007FF2D30134E7
S214033C28E5E7C15C0A29EBD00029E9D0116801331E
S214033C3801311160E1E710B50021D0F88C20044665
S214033C48E9F7F0FF0023C4E9243310BD73B504462F
S214033C5800F1AC0580212046FEF75BFF4FF40071A8
S214033C6806462846FEF755FF0136C0F5007086421D
S214033C7820461FD8E9F7D2FE06462846E9F7CEFEC1
S214033C8801362946421CA819EAF71EF82046E9F722
S214033C98C5FE214602462846EAF754F92046E9F7C0
S214033CA8BDFE0A23204480F8AC300023C4F8AC32A7
S214033CB802B070BDFFF779FF01AAC4F8AC026946E3
S214033CC82046FFF786FF0022009B234483F8AC2098
S214033CD8C0E773B50D460446FFF767FF6B1C19D19B
S214033CE8D4F8AC3213B1013BC4F8AC3200252046F5
S214033CF8E9F794FEA84215D82046FFF79CFFD4F8A8
S214033D08AC322BB16946204601AAFFF762FFA0B979
S214033D1802B070BD012DFBD1D4F8AC328342F7D282
S214033D280133E1E7082000F023F8202000F020F80C
S214033D38082000F01DF80135D9E7009D04F1AC060C
S214033D48019BAB42E4D9715D2046DAF7EBF90135FE
S214033D58F6E707B500200DF1070100F0E7F820B9EC
S214033D689DF8070003B05DF804FB4FF0FF30F9E752
S214033D7810B5C1B20446002000F0C8F800280CBFEE
S214033D8820464FF0FF3010BD0FB407B504AA52F80B
S214033D98041B00200192DAF769FB002003B05DF8E4
S214033DA804EB04B0704710B54C1C0B460119045DB0
S214033DB8222C03D07B2C01D05C2C05D1D21A1844B4
S214033DC8E9F782FF012010BD0020FCE72DE9F04744
S214033DD8054691468846E9F721FE2A4606461346CF
S214033DE8197801322029FAD0C9F800305C1B012360
S214033DF86FF0404AC8F80030A64201D8002014E005
S214033E082F5D29197B2F12D0222F2ED1D8F80030F8
S214033E18621C53442A4449F82320012C09D911F873
S214033E28013C13F0DF0F04D02120BDE8F0877D277F
S214033E38F3E701342B5DBB4209D12B195B7813F0EA
S214033E48DF03F1D1222F00D12B550134D4E75C2BA5
S214033E5807D1324621462846FFF7A5FF0028E3D0B8
S214033E68013E0134A642E5D8DEE75C2F08D1324688
S214033E7821462846FFF797FF0028D5D0013EE4E7FA
S214033E88202FE2D10022631CB3420A70DDD2EA185F
S214033E98EB5C202BD9D0D8F800300F2B05DC49F87B
S214033EA823200133C8F80030CFE71E20BDE700F013
S214033EB800B800207047D6F771B870B50C4615469B
S214033EC810B9DAF7C7FA38B143682BB12A46214640
S214033ED8BDE8704000681847232070BDF7B50D4647
S214033EE816461C4638B9DAF7B5FA04B901AC20B950
S214033EF8232003B0F0BD03B901ACC768002FF7D081
S214033F082346324629460068B847F2E707B5012232
S214033F188DF807100DF10701FFF7CFFF03B05DF823
S214033F2804FB0B4601461846FFF7F0BF00230122A1
S214033F38FFF7D4BF08B508F0F3FCFA23B0FBF3F099
S214033F4880B208BD0420704740F20160DAF778BBF8
S214033F587047012070470020704749BA89B280EA43
S214033F680103C3F303125340180380B258405B019E
S214033F7803F4FF535840704708B5DAF763FF58B1A0
S214033F88A0F15903042B06D8042B04D8DFE803F062
S214033F980404040304005C2008BDDBF795B87047E7
S214033FA8F8B50C468D18073552421540A5F1080793
S214033FB80646384600F0DFF9A188381B628801EB0D
S214033FC8E00189B2A2EBE00225F8041C25F8062CCA
S214033FD8A288C310AAB1A4EBC202B2F802C0D18069
S214033FE803EB0C015180E28892B1D31A9BB204EB1F
S214033FF8C20425F8023CA380B3680344B36038467A
S214034008F8BD15F8082C42F0020205F8082CEAE772
S21403401825F8022CF0E72DE9F04F4FF0000887B09B
S2140340289946531C109B0546174614BF1446082486
S214034038CDF81480002B00F0C580C3F80080002953
S21403404800F0C28042688A4240F2BE80073121F0FF
S214034058070608F0E5FB05AACDE9008282463A463C
S2140340684B463146284600F08AF9059F834607B132
S21403407830B9504608F0CFFB192007B0BDE8F08FDB
S214034088B7F8028029694FEAC802C0EBC8080139A5
S214034098B8F1270F29617AD9B9F1000F51D18642B1
S2140340A806F1080848D0224639462846FFF778FF1F
S2140340B804460590059B9844404600F05CF905992C
S2140340C806F10F004A88C308A2EBD002A8F802201C
S2140340D8CA88A8F80430002A30D0D31A9BB201EB5A
S2140340E8C202A8F8063093808B88F608A380B8F82F
S2140340F804303A46E380414600232846668000F0AB
S214034108A6F9AB680833AB60237843F00103237042
S2140341182B6901332B616288AB68504603EBC203F5
S214034128EA68AB60934288BFEB6008F074FB109BA9
S214034138083400201C60A0E73C46BBE7A8F8062026
S214034148D2E707EB08042046039200F014F90BF1B4
S2140341580703DB080599638008F10703DB08A380D8
S214034168CB8893B1DB00039AD81D821A5A44C2F34C
S214034178CF020B44E2809A80A38808F1FF384FEAFF
S214034188D808A1F80280CB80BBE7E380F4E7B9F14F
S214034198010F1BD107F10803B3FBF4F204FB123338
S2140341A8B3B1224639462846FFF7FAFE0446237873
S2140341B83A4643F00103237021460123284600F0BC
S2140341C846F9A8E7222058E7212056E78642E8D191
S2140341D83C46ECE707B500224FF0FF3101AB0192EE
S2140341E8DAF7B2FB019803B05DF804FB2DE9F74F45
S2140341F804460D46002900F0AB80D0E9056808F0B0
S2140342080FFB15F8087C35F8061CFB07009000D54D
S21403421831B9009808F0FFFA012003B0BDE8F08F23
S214034228A368D4F8109035F804ECA3EBC10B09F196
S2140342380103A5F1080C4A1CC4F808B02361BEF1B3
S214034248000F7BD0ACEBCE03D888B3F802A001905E
S214034258187807F00207C00765D4002F64D10198C1
S214034268A0EB0A07012F69D18A1CABF10807524451
S214034278C4F81090A76035F802ECBEF1000F61D0C1
S214034288D4E900700CEBCE0A07EB0009CA4559D2ED
S2140342981CF83EC057461CF0010C15D1AEEB0101C5
S2140342A8012911D1BAF80210AAF802C001310A444A
S2140342B8BAF80610002943D00AEBC1072169013969
S2140342C82161A1680839A16015F8081C013A21F094
S2140342D8010105F8081C002125F8061C5A801A78DF
S2140342E861F300021A707FB3C3F107023A44C2F3BC
S2140342F8CF02DA80BA804EB3B34227D37288002A35
S21403430808BF1E46B8F1000F06D0434504D8B8F8D0
S2140343180220002A18BF43460098C4E9056308F03C
S2140343287AFA002079E74FB115F8087C724427F02B
S214034338020705F8087C00279F809CE763469AE7F0
S2140343480F46BBE70027BFE7DF80D4E71E46D9E75B
S214034358222062E710B50446DAF70EFB2146BDE8CD
S2140343681040FFF743BFFFF7F5BF0846FFF732BF16
S2140343780846FFF7F8BF0023036043607047F0B5AD
S214034388D0E90554561C08BF0822002B4FF000003E
S21403439808BF2C46DDF818C0CCF80000002C37D030
S2140343A89DF814706588FF0007EBC505C2F1000E7B
S2140343B82078C00708D51BBBE088A0B104EBC0046F
S2140343C8658807EBC505F3E78D42F4D363B904F1B3
S2140343D80806B6FBF2F002FB106670180EB1A84288
S2140343E8EAD8CCF80040F0BD082A0FD06088013020
S2140343F804EBC000461A06EA0E06801B8542F0D276
S214034408A0880028EFD0A4EBC004D9E70846E8E75D
S2140344182046E8E703460069C0B10AB951B91A68E5
S21403442810460378DB0711D531B9C3885BB100EBB7
S214034438C300F6E79A69F3E7012904D1838823B111
S214034448A0EBC300EDE700207047184670472DE938
S214034458F041D0E90554074688461646ABB195425F
S21403446800D00ABB424600213846FFF7D3FFB442C2
S214034478054600D02EB9424601213846FFF7CAFF43
S2140344880446C7E90554BDE8F081954208D08D4235
S21403449828BF0D46B44205D0444538BF4446F0E726
S2140344A80D46F7E74446ECE79442EAD1E3E770B5EE
S2140344B800261C46C3E90001C3E90266C3E90500F2
S2140344C81E611A775E62FFF756FF23690139C9082A
S2140344D8013341802361A36830460833A360E36849
S2140344E80833E36070BD002307B5684600938DF86C
S2140344F80430D8F789FA03B05DF804FB10B508F062
S21403450882F9044606F058FB2046BDE8104008F03A
S21403451875B970474FF4C870DAF7B6BADAF79EBBC0
S21403452800F01CB87047704708B503F015FA03F097
S2140345381DFA03F024FA03F033FABDE8084003F043
S21403454840BA704708B503F002FA03F001FA03F01D
S21403455800FA03F000FAFFF7F4FF08BD08B503F006
S21403456831FA03F030FA03F030FABDE8084003F0F6
S21403457833BA7047012070472DE9F34112F001055D
S2140345880446884622D110F0030525D12F46520843
S214034598BA4209D1D8F7C2FD0026B74204EB860013
S2140345A808D1D8F7CBFD11E054F8273001330CD1E6
S2140345B80137EDE7042258F826300DEB0201019384
S2140345C808F0CAFB30B1D8F7B9FD3D25284602B036
S2140345D8BDE8F0810136E0E70125F7E77047B0F15B
S2140345E8006F0FD300F07843B3F1006F0CD000F0E0
S2140345F86040B0F1404F09D0B0F1604F14BF0420BB
S2140346080320704700207047012070470220704738
S214034618002070471AB111B180B2DAF755BD2120D0
S214034628704701F056BEE3F77FBEFFF78DBCD0E9AF
S214034638023253F8223000211878E3F7C7BA7047D6
S21403464802F08CB901F0DABDC3688268013BDBB2BD
S21403465852F823305B78652B02D10020E5F706BEB7
S2140346686E2B01D10120F9E7662B01D10220F5E76D
S214034678704710B5D0E90232044653F8223018784A
S21403468802F046FAE368A268013352F82330BDE81D
S2140346981040187802F03ABA10B50446C0B2DBF7F1
S2140346A8E1FE200ABDE81040DBF7DCBED0E90232A3
S2140346B853F822301878DBF7DDBF02F0E1B9E4F7E8
S2140346C8D3BA08B501F0B8FEBDE80840E5F7BCBCA8
S2140346D8D0E9023253F82230186801F0ABBE002046
S2140346E8E5F7B8BD0120E5F7B5BD0221DBF758BFEE
S2140346F80321DBF755BF0521DBF752BF08B5014693
S2140347080C20DBF729FFBDE80840DBF7B7BE08B582
S21403471801460020DBF720FFBDE80840DBF7AEBE06
S21403472807B5C2688368043253F8223001211B8810
S2140347380DF10602ADF806300023DCF7B5FC03B02E
S2140347485DF804FB08B508F0FFF8BDE80840F1F784
S214034758C3BE10B51446DCF7C3FF2146BDE81040B8
S21403476807F0FEBE08B5DCF7BBFFBDE8084000212E
S21403477807F0F6BE08B5DCF7B3FFBDE80840F1F767
S214034788E1BA08B5DCF7ACFFBDE8084008F043BA61
S21403479808B5DCF7A5FFBDE80840F1F7BFBA7047D0
S2140347A8704708B508F0D0F8FFF7FAFF03F077F973
S2140347B8BDE80840DCF7E0BF7047012070470120DA
S2140347C8704708B5DDF774F800280CBF04200120ED
S2140347D808BD70472DE9F34104460D4616461F46A5
S2140347E8DDF8208008F048F93B463246294620463D
S2140347F8CDF8008003F055F93B4632462946204655
S214034808CDF80080FFF7E5FF02B0BDE8F04101F000
S21403481860BD2DE9FF4704460D4616461F46BDF8FC
S21403482830809DF83490DDF838A008F025F93B462B
S214034838324629462046CDE9019ACDF8008000F095
S214034848FDFF04B0BDE8F04701F043BD704708B567
S21403485808F012F903F028F9FFF7F8FFBDE8084057
S21403486801F037BD012070472DE9F74304460D468E
S21403487816461F469DF8289008F0FEF83B46324633
S21403488829462046CDF80090FFF7ECFF80463B46C6
S214034898324629462046CDF8009003F006F901F083
S2140348A818FD404603B0BDE8F083012070472DE9A4
S2140348B8F74304460D4616461F469DF8289008F00B
S2140348C8DBF83B46324629462046CDF80090FFF7EC
S2140348D8ECFF80463B46324629462046CDF80090F4
S2140348E803F0E4F801F0F5FC404603B0BDE8F083B6
S2140348F8F8B504460D4616461F4608F0BDF83B466F
S21403490832462946204603F0D2F8BDE8F84001F0BF
S214034918E0BC00207047F8B504460D46164608F076
S214034928ABF8324629462046FFF7F3FF07463246DA
S2140349382946204603F0BCF801F0CBFC3846F8BD00
S21403494838B504460D4608F097F82946204603F07E
S214034958B0F8BDE8384001F0BCBC10B5044608F012
S2140349688BF8204603F0A6F82046FDF743FDBDE87E
S214034978104001F0AEBC704738B504460D4608F043
S2140349887BF82946204603F0A7F829462046FFF772
S214034998F2FFBDE8384001F09CBC704770B504468A
S2140349A80D46164608F068F832462946204603F0B0
S2140349B895F8324629462046FFF7EFFFBDE87040D4
S2140349C801F087BC704738B504460D4608F054F81E
S2140349D82946204603F084F829462046FFF7F2FFC7
S2140349E8BDE8384001F075BC704738B5054608F091
S2140349F843F8284600F0EFFE04460146284601F031
S214034A08ABFF01F066FC204638BD38B504460D46B4
S214034A1803F068F829462046FFF7E6FF38BD7047D7
S214034A2838B5054608F028F82846E3F729FC04466F
S214034A380146284601F08EFF01F04BFC204638BDA0
S214034A4838B504460D4603F04EF829462046FFF7C8
S214034A58E6FF38BD704710B5044608F00DF8204643
S214034A6803F042F82046FFF7F5FFBDE8104001F0D3
S214034A7830BC704738B504460D4607F0FDFF294697
S214034A88204603F033F829462046FFF7F2FFBDE831
S214034A98384001F01EBC704770B504460D461646EE
S214034AA807F0EAFF32462946204603F020F8324646
S214034AB829462046FFF7EFFFBDE8704001F009BC22
S214034AC8704738B504460D4607F0D6FF29462046F4
S214034AD803F00EF829462046FFF7F2FFBDE83840F4
S214034AE801F0F7BB704738B504460D4607F0C4FF18
S214034AF82946204602F0FDFF29462046FFF7F2FF27
S214034B08BDE8384001F0E5BB704710B5044607F02A
S214034B18B3FF204602F0EEFF2046FFF7F5FFBDE899
S214034B28104001F0D6BB704710B5044607F0A4FF43
S214034B38204602F0E0FF2046FFF7F5FFBDE81040E9
S214034B4801F0C7BB7047704770B504460D46164656
S214034B5807F092FF32462946204602F0CFFF324638
S214034B6829462046FFF7EFFFBDE8704001F0B1BBCA
S214034B78704710B5044607F07FFF204602F0BFFFD4
S214034B882046FFF7F5FFBDE8104001F0A2BB7047CB
S214034B9838B504460D4607F06FFF2946204602F04F
S214034BA8AFFF29462046FFF7F2FFBDE8384001F07D
S214034BB890BB704770B504460D46164607F05CFF73
S214034BC832462946204602F09DFF324629462046AD
S214034BD8FFF7EFFFBDE8704001F07BBB70472DE998
S214034BE8F34104460D4616461F46DDF8208007F0B7
S214034BF843FF3B46324629462046CDF8008002F05E
S214034C0882FF3B46324629462046CDF80080FFF70A
S214034C18E5FF02B0BDE8F04101F05BBB0E2070472C
S214034C280E20704738B5044607F026FF2046FFF7E0
S214034C38F7FF0546204602F067FF2046FFF7EEFF1C
S214034C4801F047FB284638BD002070470020704710
S214034C5838B5044607F010FF2046FFF7F7FF05466A
S214034C68204602F052FF2046FFF7EEFF01F031FB25
S214034C78284638BD704708B507F0FEFE02F046FF23
S214034C88FFF7F8FFBDE8084001F023BB0020704794
S214034C987047704708B5DCF7DDFE00280CBF042014
S214034CA8012008BD70470B68DA7B1AB9DB7C0BB9A1
S214034CB8DCF7F4BE8120704708B5DCF707FFBDE8CC
S214034CC80840DCF711BF7047DCF700BFDCF70CBF02
S214034CD8082808D84FF48B73C34013F0010F0CBF92
S214034CE8212000207047212070470121DCF7EEBF02
S214034CF80221DCF7EBBF0421DCF7E8BF0821DCF769
S214034D08E5BF1021DCF7E2BF08B500F026F808B1C6
S214034D18002008BDDDF72AF80028F9D1DDF738F8B2
S214034D280120F6E7152808B503D1BDE80840DDF7E6
S214034D3823B801F089FE60B9E2F7F6FD032806D129
S214034D4800F009F828B9BDE80840FFF7DDBF0028DA
S214034D58EBD008BD7047002070470020704708B5A1
S214034D68DDF7FCF9FA23B0FBF3F008BD0321DDF702
S214034D7825BA01207047D0E9023253F82230187852
S214034D88DDF724BC0868C37B1BB9C37C0BB9DDF706
S214034D984DBC81207047D0E9023253F82230187888
S214034DA8DDF786BC704730B50546044615F8100B84
S214034DB885B0029565691D44CDE900250B46A21DFD
S214034DC8618801F023FE05B030BD704710B492F831
S214034DD80A4192F8053103EB04230B8100235DF89F
S214034DE8044B1A4601F010BE1FB50446084671B1B7
S214034DF82178FF290BD0238B029363690193237CC5
S214034E0800936288A31DE3F757FAFF23237004B0C1
S214034E1810BD0868C37B73B9C37C032B0BD8DFE8C4
S214034E2803F002080406DDF743BFDDF773BFDDF7BB
S214034E38A3BFDDF751BF8120704770477047002036
S214034E487047137810B5032B0CD15479CBB29C4218
S214034E5808D19379B3EB112F04D153781B1A584210
S214034E68584110BD0020FCE77FB505460E460024D2
S214034E786946E0B201F076FD28B96A463146284607
S214034E88FFF7DFFF18B90134202CF1D1002004B056
S214034E9870BDFFF7E9BF0868C37B9BB9C37C052BC6
S214034EA810D8DFE803F0030D070B0905DEF708B88B
S214034EB8DEF744BADEF79EB8DEF7F0B9DEF76EB96A
S214034EC8DEF740B8812070470020704730B51025BC
S214034ED887B001AA00210195FEF745FC04462A4639
S214034EE8002102A8E8F79EFE2A46214602A8E8F70C
S214034EF8EBFE012102A8DEF7FFFB07B030BDDEF7A5
S214034F088DBB7047FFF7FDBF0B68DA7B5AB9DB7CAE
S214034F18012B04D0022B04D02BB9DFF711B8DFF727
S214034F281BB8DFF725B881207047002307B5012192
S214034F3801A80193D4F766FE08B9D4F757FC0120F5
S214034F4803B05DF804FB08B502F030FA052803D071
S214034F58003818BF012008BD0220FCE77047D0E9D7
S214034F68023253F822301878003818BF0120E0F7C9
S214034F787FBBE0F783BB002070470020704770476D
S214034F88FF207047FF2070470020704700207047B7
S214034F9800207047704706207047DFF727BE08686B
S214034FA8E0F700BB70B50D460446002128461646B2
S214034FB801F074F9324620800221284601F06EF982
S214034FC8324660800421284601F065F90023A36071
S214034FD8E3606060082070BD034641B181424FF02C
S214034FE8640005D94343B3FBF1F0C0B270470846E3
S214034FF87047E0F751BBE1F747B9E1F74FBAB0F5A9
S214035008807F05D0A0F50073584258414001704789
S2140350180820704730B599B00D4669461446E1F73F
S214035028A1F930B915B1BDF802302B600CB10D9B50
S214035038236019B030BD2DE9F04788B00E46904678
S21403504804A905AA07461D46FFF7E4FF044638BB2E
S21403505828800DF10C09DDE904A39A4520D206221F
S21403506851463846CDF8009006ABE1F797F9D8B91C
S214035078039B062B18D12A88DDF81A3042450ED230
S214035088BDF8181026F832102A8806EBC2025360B9
S2140350982A885344013206332A800493DBE7F7D978
S2140350A8204608B0BDE8F0870124F9E72DE9F04368
S2140350B88FB00F46904601A9002204469946FFF78B
S2140350C8A9FF18B101200FB0BDE8F08306222046D9
S2140350D80DF1020302A9FFF7AEFF0028F2D1054639
S2140350E80246BDF80210019CEEB28E42EAD20EAB1F
S2140350F803EBC60656F82C3C36F8306C0634BE422C
S21403510817BFE418012213460022013522B1C8F856
S2140351180040C9F80030D6E71A46E5E770B500241C
S214035128012602F01DF9E5B2C26806FA05F59542AE
S214035138234604F10104F4D3D8B270BD70B586B023
S214035148E0F75EFF00F11006E6F7CAFA0024054604
S214035158142201A9301902F00AF91CB99DF8043083
S214035168FF2B16D0002303F118026A4412F8142CF6
S214035178FF2A06D11C44601E90FBF5F080B206B0E9
S21403518870BD2B44DBB2132BEDD91434B4F5826F00
S214035198DED14FF0FF30F2E7E0F768BD07B504222B
S2140351A80DEB020102F0E3F8019803B05DF804FB87
S2140351B837B5054608460C46FFF7F0FFA84206D063
S2140351C8042220460DEB02010195E6F7DBFA03B04D
S2140351D830BD07B50B460092002102460120E0F7D2
S2140351E8D7FD03B05DF804FB08B50121E0F708FD19
S2140351F8BDE80840E6F772BCE1F746B808B5FFF71E
S214035208F3FF002008BD08B513460A4601461846AC
S214035218E0F752FE80F00100C0B208BD00207047D8
S214035228704708B1E1F750B9704730B4DDE9024575
S2140352381DB1029430BC00F0C6B930BC70471F28B5
S21403524804D8142200F5A030DAF708B870471F28E8
S21403525804D8142200F5A030DAF72CB870471528BE
S21403526808B505D1FFF7DCFFBDE80840E1F772BAD9
S21403527808BD10B5142486B02246002101A8E8F715
S214035288D1FC2023224601A94FF4A03001F078FC74
S21403529806B010BD0020704713B500230C461A4607
S2140352A80146CDE90033E0B2E2F718F802B010BDC4
S2140352B813B500231446019001220093E0B2E2F7E7
S2140352C80DF802B010BDD0E9023253F82230186840
S2140352D8E2F77CB9194491420ADC4218002003B964
S2140352E8704712F8011D013B01EB0020DBB2F6E71D
S2140352F8002070472DE9F04F4FF0000A85B0019360
S21403530881460F4615465346019A11785FFA8AF284
S214035318914203D8002005B0BDE8F08F019909EB48
S214035328050801EB4202517892F802B011F04004E6
S214035338009101F03F061BD0AC19BC42D4BF002431
S214035348012433466400A20740F18880009B1B06AD
S21403535840F192800E9B324603EB0B000021E8F7E0
S21403536861FC3D4600231D44ADB20AF1010ACBE7B2
S214035378042E07D866B1B31E022B0BD8DFE803F05A
S214035388122130003E2E37D03F2E5BD03D2E4BD019
S2140353980320C0E7BD4234BF00240124012664006D
S2140353A83346D0E7AB1CBB4250DC02233A462946B9
S2140353B84846FFF78FFFADF80A0002230DF10A08E7
S2140353C8C1E7EB1CBB4243DC03233A46294648465F
S2140353D8FFF780FF0390042603230DF10C08B2E7BA
S2140353E82B1DBB4236DC04233A4629464846FFF7BC
S2140353F871FF03900423F0E77A1E95422CDA022302
S2140354083A4629464846FFF765FF4FF6FF7380B2CC
S21403541898420EBF0223023083B25C19A742B4BF78
S2140354280324012404268EE7BD4215D298F80030DB
S214035438FF2B0CBF01230133EC18BC42CCBF03245B
S2140354480124EFE70124042600237CE73446B4E767
S2140354580224C0E70224CDE70324E3E70E9A02EB0F
S2140354680B0014B142F80B807DE7324641460093A1
S214035478E8F768FD009B76E702204CE710B514466C
S21403548886B018811A460A9B0291CDE90343012385
S2140354980193099B014600930320BDF82030E2F7E9
S2140354A859F906B010BD1FB500240294079C019451
S2140354B8BDF818400094FFF7E1FF04B010BD2DE9CE
S2140354C8F0410E461746054686B098B391B38AB39D
S2140354D84FF0000802A95FFA88F001F043FA044681
S2140354E840B99DF80830032B08D008F10108B8F135
S2140354F8200FEFD1204606B0BDE8F0819DF80920BD
S2140355082B799A42F1D1BDF80A206B889A42ECD1DE
S2140355189DF80C30BDF80D006B7128812B4622468A
S2140355284FF6FF71CDE90067FFF7BDFF0028DCD013
S2140355380446DFE72124DDE710B586B00A9C049409
S2140355489DF824400394BDF8204002940124CDE935
S214035558003413460A4601460620E2F7FBF806B06F
S21403556810BD1FB504460846194600230094CDE926
S2140355780123079BBDF81820FFF7DEFF04B010BD14
S214035588F0B5022805460E4614461F468BB00AD1C8
S21403559806A9F0B201F0E6F998B99DF81930237117
S2140355A89DF81C306371119B224604930023CDE9B2
S2140355B802330193109B3146009328463B46E2F795
S2140355C8C9F80BB0F0BD13B500240194049C0094ED
S2140355D8FFF7D6FF02B010BD2DE9F045064688460C
S2140355E814469A46002701258BB006A9F8B201F09F
S2140355F8B9F920BB9DF81830012B19D19DF819204D
S21403560833799A4214D1BDF81A2073889A420FD177
S2140356189DF81C3032467371B9B2CDE9030ACDE959
S2140356280100434602200094E2F794F8054610B9B1
S2140356380137202FD9D128460BB0BDE8F08505469B
S214035648F9E70023FFF7C8BF10B50446E2F760FE84
S2140356580021631E04F10F0213F8010FFF2808BF89
S21403566819709342F8D10023237410BD00207047A5
S21403567870B506461D46E2F7BFFC044608B9212066
S21403568870BD3046E2F786FF0028F8D0A0682A46A1
S214035698FF21FFF75EF89DF81030002063719DF830
S2140356A81430A371ECE713B59DF81040CDE9003428
S2140356B813460122FFF7DCFF02B010BD08B5E2F778
S2140356C89BFC28B18068FF21FFF754F8002008BD2B
S2140356D82120FCE70122FFF7F1BF1FB50B466A46F8
S2140356E80146184601F034F96A460823002032F8C2
S2140356F8021B013B13F0FF0380EA0100F7D10128E0
S21403570838BF012080B205B05DF804FB2DE9F04FE1
S21403571887B0DDE9109B05468846484619461F4666
S2140357281446BDF848609DF84CA0FFF7D6FF042D35
S2140357380346ABF800001AD8022D1DD9042D07D04E
S2140357484FF2F222A188914222D1E28891071FD50F
S214035758E17A0022CDE9013720463346CDE90392A4
S214035768CDF800A001F043F907B0BDE8F08F6A1F33
S214035778012A11D92120F7E700224146CDE91192E3
S21403578828462246109707B0BDE8F04F01F03EB909
S2140357984FF6FF760C21DCE7052D0ED10023E17AC0
S2140357A80022CDE90137CDE90392009123465246FC
S2140357B84146304601F00EF9D6E74FF2F222A188A9
S2140357C8914204D1E288920701D5E17AE8E74FF6D9
S2140357D8FF760C21E4E7F0B585B00546E2F7CCF88A
S2140357E848B16B88B3F5006F05D1681D05B0BDE8F1
S2140357F8F04000F0EEBC284600F004FD0446C8B9A5
S214035808E7B26946384601F0ADF878B99DF8006006
S21403581866B92946384601F0A9F820B140F604438C
S214035828984207D08C26304605B0F0BD0134202CAC
S214035838E6D1F7E78D26F6E7E2F784BA2DE9FF47C0
S21403584804460D460146184617461E46BDF83080E0
S2140358589DF83490DDF838A0DDF76AF8D0B921460C
S214035868284601F021F933463A4629462046CDE92B
S214035878019ACDF80080E2F709FB33463A462946F3
S2140358882046CDE90D9ACDF8308004B0BDE8F04740
S21403589802F009B904B0BDE8F087E2F7A1BCE2F765
S2140358A859BCE2F77DBC10B5044601F009F9082295
S2140358B801462046BDE81040E8F706BA01F002B9EB
S2140358C8002101F0FFB801F011B90020704720202D
S2140358D87047EFF7E1BEEFF72BBFF2F7D5B970477E
S2140358E8E2F7CABD70B506460C46154600F04CF8F6
S2140358F850B13CB135B1204600F0D6FC013080B239
S214035908A84200D9002070BD304600F043F840B1E5
S214035918002CF7D0012DF5D9204600F0CAFC02303A
S214035928EDE73046E2F708FDEAE7F8B5BDF81850A4
S21403593810B3967855B9D478A6F14107012F07D83E
S214035948621ED2B200F0CFFD0020F8BD2C46F3E766
S214035958433E012E04D8A21E92B200F0DCFDF3E704
S214035968D27813B90DB1AA4206D811B9E8F75AF98D
S214035978EAE7E8F7A9F9E7E78920E6E741380328DD
S2140359888CBF002001207047413801288CBF0020B7
S21403599801207047433801288CBF00200120704738
S2140359A800207047002070470388B3F57C4F01D367
S2140359B8FFF7F8BF0846FFF7F3BF10B54A88048811
S2140359C8A2420DD1037B0C79234009D0B2F57C4F54
S2140359D808D3FFF7E7FF0B891B1A5842584110BD37
S2140359E80020FCE70120FAE738B50D88D488A542DD
S2140359F80AD10388B3F57C4F08D2FFF7D5FF13897E
S214035A081B1A5842584138BD0020FCE70120FAE724
S214035A182DE9F04715460446B8B149B1EAB1002660
S214035A284FF0140AB04690F80490F3B2994501D89B
S214035A3800240AE027680AFB06773846FFF7BDFF07
S214035A48013628B13C46A5F800802046BDE8F08715
S214035A587B8943441FFA83F8E7E71446F5E72DE9FD
S214035A68F0470E4615460446B8B149B112B30027A7
S214035A784FF00C0AB846B0F80890BBB2994501D85F
S214035A8800240AE06368324620460AFB0731FFF71C
S214035A98ABFF28B10C46A5F800802046BDE8F08782
S214035AA80B79013713F0300F02BFCB7843441FFA44
S214035AB883F8E2E71446F0E72DE9F04186B00D4691
S214035AC81446984604AA05AB03A90646E2F70AFD58
S214035AD840B30DB1049B2B6034B3049D0398294649
S214035AE8FFF762FF2B88074602467188307800F076
S214035AF84FFBD8B1297911F010030BD0EB782A465F
S214035B08CDE900433B4671883078FCF75FFC06B066
S214035B18BDE8F0812A4620460599CDF80080FFF7B0
S214035B2804FFF4E78620F2E72046F0E77E20EEE758
S214035B381FB51C460023ADF80A20BDF818208DF8BB
S214035B480400ADF80610ADF80C2069461A4601A8FD
S214035B5800938DF80840FFF7AFFF009804B010BD18
S214035B68F0B587B00E4605AB04AA03A90446E2F7C8
S214035B78B9FC08B3049D03982946FFF715FF2B883D
S214035B88074602466188207800F004FBB0B12979FD
S214035B9811F0100108D000963B462A466188207803
S214035BA8D2F7B8FA07B0F0BD009101232A4631466A
S214035BB80598FFF7BAFEF5E78620F3E77E20F1E7B8
S214035BC82DE9F041064600254FF014080779E8B298
S214035BD8874201D800241AE008FB05F0D6F800C06F
S214035BE80CEB00043CF8000081421AD132B1802A3B
S214035BF810D194F90CC0BCF1000F12DAB0F57C4F43
S214035C0805D32046FFF7CEFE834200D04BB9204685
S214035C18BDE8F081402A04D194F80CC01CF0400F6C
S214035C28ECD10135D3E70121E2F798BB08B5134653
S214035C380022E2F7C1FC003818BF012008BD08B5EA
S214035C4813464022E2F7B8FC003818BF012008BD07
S214035C5808B513468022E2F7AFFC003818BF0120C8
S214035C6808BD08B540220023E2F7A6FC003818BF93
S214035C78012008BD08B580220023E2F79DFC003802
S214035C8818BF012008BD0023E2F796BC0021E2F7FF
S214035C9803BD10B504460121E2F7FEFC2046BDE825
S214035CA8104001F034BF7047F8B516461F469DF8F6
S214035CB81820BDF81C300546E2F77EFC78B10421AF
S214035CC8E2F768FD044650B1284600F00EFB3A4654
S214035CD831462846A047BDE8F84000F0FABAF8BDB2
S214035CE82DE9F74F1E46DDE90C9B07468846144602
S214035CF8BDF838302AB3B9F1000F22D00EB392F8A4
S214035D0804A099F80020504612F0080F0CBF802212
S214035D1840226188E2F750FC98B10821E2F73AFD81
S214035D28054670B1504600F0E0FA3346224641462F
S214035D383846CDE9009BA84703B0BDE8F04F00F00E
S214035D48C8BA03B0BDE8F08FF8B5BDF818701646A4
S214035D581A463B460446E2F72FFCE0B177B9022120
S214035D68E2F718FD0546B0B1204600F0BEFA314604
S214035D782046A847BDE8F84000F0ABBA1021E2F782
S214035D8809FD054638B1204600F0AFFA3A463146D3
S214035D982046A847EEE7F8BD73B5BDF81840164683
S214035DA81A4623460546E2F707FCB8B1C4B92021CC
S214035DB8E2F7F0FC044670B1284600F096FA099B11
S214035DC83146009328469DF820309DF81C20A047AE
S214035DD8044600F07EFA204602B070BD8624FAE731
S214035DE80024F8E72DE9F04186680446007800F0B9
S214035DF87CFA002514273279EBB29A4203D8BDE819
S214035E08F04100F066BA7B4332682078D15A02EB39
S214035E18030800F0C1F901214046E2F7BBFC03463C
S214035E2808B1207898470135E5E72DE9F04F1C4679
S214035E3889B09DF84C30BDF8488001939DF85030E2
S214035E48924602932246434607460D46E2F7B4FBBC
S214035E588DF814700646ADF816508DF81840ADF850
S214035E681AA0ADF81C8018B9012009B0BDE8F08F58
S214035E7805A9FFF7A2FD0028F6D000252F46A84659
S214035E882C4634E00C231FFA85F903FB09F93188FD
S214035E987368B1F57C4F33F8092003EB090B1AD363
S214035EA833F8090050452CD3019BA3422DD900F0A3
S214035EB8B8F99BF80200E3F719F9029B43B19BF87C
S214035EC8043013F0010F0CBF05200720E3F70EF983
S214035ED80134A4B219E0ADF81A205946304605AA8B
S214035EE80393FFF781FD039B0028D9D10135328937
S214035EF8ABB29A42C6D804EB0800C31B58425841B3
S214035F08B3E708F101081FFA88F80137BFB2EDE7CF
S214035F1810B5012488B006949DF83C4005949DF876
S214035F28384004949DF8344003949DF83040029416
S214035F380B9C0194BDF828400094E2F76FFD08B067
S214035F4810BD2DE9F04786B0BDF83880DDF83C90E3
S214035F589DF840A0CDF80080CDE9019A04460D4689
S214035F6816461F4600F012F9B8B1431EDBB2012BE2
S214035F7810D800230122811E48424841CDE9043245
S214035F88CDE902A03B46324629462046CDE900899C
S214035F98FFF7BEFF06B0BDE8F0870120FAE730B585
S214035FA80024012587B0CDE9044503959DF82C50B8
S214035FB802950A9DCDE90045FFF7AAFF07B030BD55
S214035FC830B50024012587B0CDE9044503959DF82F
S214035FD828500094CDE901354023FFF799FF07B011
S214035FE830BD10B5012486B0CDE9044400240394DB
S214035FF89DF828400294099C0194BDF8204000941B
S214036008FFF786FF06B010BD1FB5089C03949DF8DE
S2140360181C400294069C019400240094E2F7FAFDBF
S21403602804B010BD70472DE9F84F02290746884685
S2140360380C9D04D84FF0000A5046BDE8F88F1BB1F4
S2140360480429F7D942F004023A702BB303247B7071
S2140360581B0ABB70E4F7F4F84FF000099DF82830E4
S214036068385504F1020A01343B550B9A5FFA89F353
S214036078D45C002CE0D0732C10D82E464C2C56F843
S21403608804BB3DD0532C15D0622C45D1AC8805F102
S214036098080600231A4616E00124DBE7A4F1750375
S2140360A8032BC7D8763C2E1D022C52D8DFE804F003
S2140360B8565A58006A6805F1080694B2D2B2B2F185
S2140360C8FF0318BF01230AEB040119448845B1DB13
S2140360D850461946002947D153441FFA83FA5CB140
S2140360E8BBF1000FA6D0224607EB0A005946E7F78E
S2140360F829FF54441FFA84FA354609F10109B4E71F
S2140361084FF6FF736A6805F1080694B222469C4266
S21403611814BF02230023D6E76C2C05D1584600F09B
S214036128C8F8841CA4B2B4E7732C04D1584600F00C
S214036138BBF8441CF6E7A4F13003DAB2092A01D8FF
S2140361489CB2A6E7A4F14103062B3FF673AF373C90
S214036158E8E7012300242A68A346B4E70223F9E7FD
S2140361680323F7E70423F5E700F1010C01393A5452
S214036178C9B2120A1FFA8CF0ACE70020E2F73EBF5A
S2140361880022E2F75BBF0023E2F76EBF01207047E9
S2140361980120704701207047704700207047002091
S2140361A87047002070470020704700207047002083
S2140361B8704770470E2070470020704700207047CE
S2140361C800207047002070477047FF2070470E2056
S2140361D87047842070477047002070477047002038
S2140361E87047002070470020704700207047002043
S2140361F87047002070470020704770470E2070478E
S214036208002070470020704700207047704770478B
S2140362180E207047704700207047812070477047EC
S214036228704738B50546C0B2E2F760FF0446280A49
S214036238E2F75CFF14B1002808BF0024204638BDE7
S214036248F8B50546C0B2E2F751FF0446C5F3072082
S214036258E2F74CFF0746C5F30740E2F747FF064653
S214036268280EE2F743FF24B12FB136B1002808BF42
S21403627800242046F8BD3C46FBE73446F9E710B44D
S214036288CC18944203DC5DF8044BFFF723B80020D0
S2140362985DF8044B70470423FFF7F1BF08B50223E4
S2140362A8FFF7EDFF80B208BD0078FF2808BF00207F
S2140362B8704708B502220021FFF7F0FF4FF6FF7379
S2140362C8984208BF002008BD003818BF01204000C8
S2140362D870470020704708B5FFF7A5FCFF284FF066
S2140362E8FF3018BF0020C0B208BD08B5FFF7F3FF9C
S2140362F8FF280CBF2120002008BDF8B506460C462B
S21403630815461F4600F011F810B12544AC4200D1DB
S214036318F8BD3946304614F8012BE2F7D9FFF5E7FE
S214036328014600220220E2F763BF0120704737B513
S2140363380546E1F7EDF9044601950CB981201CE002
S214036348237823B12046E1F7EBF90446F5E72B68F3
S21403635862685B889A42F5D1A368EA7B99B272B100
S2140363682A8A9142EED16A7DB2EB134FEAD1002016
S214036378E36801A998478128E4D003B030BD4FF6F7
S214036388FF72EEE72DE9F84304460F469046994612
S2140363980BB3012A1FD80C20E7F74AFE064610B9A6
S2140363A81920BDE8F8831020E7F742FE18B93046EF
S2140363B8E7F746FEF4E70123002547EA0847706037
S2140363C80570C0F80C904460876033803046E1F768
S2140363D897F92846E5E72120E3E738B504464368F6
S2140363E808460D469847B4F90830002B02DB2B788D
S2140363F8042B06D1002320466360BDE83840E3F744
S214036408F9BA38BD30B54FF48A5587B0ADF81620BB
S2140364180DF116041A46029543B100230122CDE96D
S2140364280033234600F01EFA07B030BD019401245A
S2140364380094F7E7FFF7EBBEFFF7BEBE00207047F2
S21403644808B500F001FB20B900F048FB08B9E0F7EF
S2140364584FFBFFF7D2FEBDE80840FFF7DBBE002080
S214036468E3F730BF0021E3F7CDBF0022E3F78CBF85
S2140364781FB5D2880B4612F0200F4FF6FD7114BFD6
S21403648849245224ADF80610510544BF083CE4B22B
S214036498110544BF083CE4B2120444BF023CE4B20C
S2140364A8032805D8DFE800F0020F161CADF80630FF
S2140364B8BDF80600FFF789FEFF281CBF241AE4B2BE
S2140364C8204604B010BD02AA0DF10601D8B200F0AA
S2140364D879FAEDE7D8B200F047FAADF80600E7E731
S2140364E8013CE4B2E4E7F8B5064617460D4681B123
S2140364F80C78FF2C0BD00846FFF7D6FEB84228BF09
S2140365083846C4B22246691C701CE7F7DDFB3470B4
S214036518F8BD0C46FBE770B5044615460E4611B99A
S2140365284170017070BD0B78FF2B05D14B78FF2B9C
S21403653802D103704370F5E73046FFF7BAFEA84268
S21403654828BF284685B22A46B11CA01CE7F7BCFB21
S21403655825702D0A6570E5E7F0B523B9013A531C93
S2140365682FD1002020E0042AFBD800231C46551E02
S2140365786E1C1AD1042A10D00121D200501E01FA2B
S21403658800F020421EBF914049420C4318421EBFEA
S2140365984FF0FF3101FA02F213439C421EDCB4BFEC
S2140365A84FF0FF30002040B2F0BD40B1465DEF002B
S2140365B8BE4034434E5D013DBE403343D8E70646EE
S2140365C8F5E78C5C38B90346A34202F1FF32C6D21C
S2140365D84FF0FF30E8E7835CA342F5D90120E3E7F1
S2140365E8283807288CBF0020012070471D2810D0A4
S2140365F804D840B11C2804D0552070471E380128FB
S214036608FAD81A2901E00B390F298CBF5520002028
S21403661870470829F9E7002000217047F7B59DF869
S21403662820400546082C104619469DF8246036D89F
S214036638002213462C44AC4208D106F0FD04382C3D
S2140366480ED10096FFF7E7FF03B0F0BD14F8017DFF
S2140366581B0243EA12631202BA1843F10003EAE77D
S214036668392E10D107EE100A07EE902AB4EEE77A11
S214036678F1EE10FACCBF77EE677A77EEC77A002189
S21403668817EE900AE0E7824273EB010403D2801AFE
S21403669861EB0301D8E7101A63EB0101D4E7002086
S2140366A80146D1E738B5C36814461944836853F8D6
S2140366B821501AB12846E7F7B1F92070284638BDA5
S2140366C82DE9F3411C4616460DF107029DF82050A6
S2140366D8FFF7E8FF9DF807308046A34288BF8DF88A
S2140366E807409DF807700DB1E41BE5B22A46002162
S2140366F83046E7F797FA3A4641467019E7F7E4FA59
S214036708384602B0BDE8F0812DE9F3411D4616462A
S21403671801AA9DF82040FDF726F8019B80469D4276
S21403672838BF0195019F04B1EC1B22460021304671
S214036738E7F778FA3A4641463019E7F7C5FAF8B262
S21403674802B0BDE8F08173B50024154601AA1E46BB
S2140367580194FDF708F8019B072B0AD92146CCB20A
S21403676816B1C4F10704E4B2425C013108292A557C
S214036778F5D1D8B202B070BD1FB5030A8DF80E3036
S2140367880323009303AB8DF80D0000F0BBF805B0A8
S2140367985DF804FB1FB58DF80F100421030A8DF866
S2140367A80E30009103AB8DF80D0000F0ABF805B082
S2140367B85DF804FBF0B589B016689DF83C50CDF833
S2140367C809608DF811305668BDF83830012D109FD2
S2140367D8BDF84440CDF80D60ADF812308DF814506E
S2140367E814D0032D19D13B68CDF815307B68CDF846
S2140367F819309DF848308DF81D3016230093BDF8E0
S2140368084C2002AB00F07EF809B0F0BD8DF81540B9
S214036818240A0F238DF81640F0E70120F4E71FB586
S2140368280446084611461A4602238DF80D100093AF
S214036838214603AB00F066F804B010BD10B5144645
S2140368481A460B6886B0CDF80D304B683421CDF860
S21403685811300A23009303AB8DF8154000F052F865
S21403686806B010BD2DE9F041B6B014461D460646DF
S2140368780F469DF8F080E3F7E9FF03AA8DF80C00AE
S2140368881046330A8DF80F703F0A8DF80E308DF8D0
S2140368980D602B468DF810708DF8114005EB4405F6
S2140368A8AB4202F102021FD16200D2B2931DDBB2E1
S2140368B83D99D8336B44073203F8CC8C01EB480573
S2140368C8D3B250FA82F2A94202F1020212D103EBC2
S2140368D84803009006213046BDF8F820DBB2E3F7FC
S2140368E8BFFF36B0BDE8F08133F8021B1171090A01
S2140368F85171D5E731F8024B02F8024C240A02F824
S214036908014CE0E72DE9F0411C4605460E461746BE
S2140369189DF81880E3F79AFF207043463A463146B7
S21403692828460694BDE8F041E3F79ABF002070476F
S2140369387047D7F7DDBF7047704770477047704793
S21403694800207047704770470020704770477047AD
S21403695803F00BB8FEF774B8FEF757B803F04EBB50
S214036968F8F7E8BA03F03BBBF8F7A2BAF8F70ABB9E
S214036978F8F7C4BAFEF71EB9FEF76DB8FEF77AB88D
S214036988F4F73CBDF4F740BDF3F7A0BCF2F7C2BD7D
S214036998F2F7C6BDEFF79ABAFEF7B7B8FEF77CB8B4
S2140369A8FDF718BFFEF79FB8FEF78BB830B4BDF8EF
S2140369B808409DF80C50CDE9024530BCFDF729BFC9
S2140369C8FDF796BFF8F750BCE3F79ABFF8F716BD7E
S2140369D8F7F762BB70B49DF80C40BDF810509DF8ED
S2140369E814600394CDE9045670BCF5F767BB70B41E
S2140369F89DF80C40BDF810509DF814600394CDE93B
S214036A08045670BCF5F79ABBF5F784BC10B49DF82A
S214036A18044001945DF8044BF5F7D4BB10B49DF815
S214036A28044001945DF8044B02F090B802F090B865
S214036A38FDF7A2BFFDF7B2BFFDF7C5BFF1F7D2BAA0
S214036A48F2F714B9F2F7E6B8F1F7F8B802F0BCBBF8
S214036A58F1F79CBC02F0FEBBF1F7FCBDF1F7CEB92B
S214036A68F2F70AB9F2F78CB8F2F7A2B8EFF7E2BF73
S214036A78FEF7B5B8FEF768B8FEF77BB8FEF788B832
S214036A8800F00BBC00F004BCF7F73CBBF5F746B9BF
S214036A98F7F716BBF7F73CBCF5F710B9EFF702BAEA
S214036AA8F6F732BDFFF745BFFBF728B8FEF7E3B89E
S214036AB8FDF753BFFEF738B801F01EBEE3F77EBEF8
S214036AC8EFF7B4BDEFF7AEBA02F0B8B802F088B87D
S214036AD8EFF7FCBAEFF73ABDEFF73EBDEFF76ABA42
S214036AE8E3F788BEE3F79ABEE3F772BEEFF718BA82
S214036AF8E3F778BEF9F7DAB902F070B802F037B8F8
S214036B08EFF714BAEFF77CBDEFF75CBAE3F716BFF7
S214036B18E3F70EBFF8F7CEBFF9F7BAB903F07ABBB7
S214036B2803F080BBF9F73EB8F9F7BAB900F063B9D2
S214036B3800F0A1B900F0C9B900F0A0BA00F010BB84
S214036B4800F079BAE4F7F0BB00F0E6B900F013BA40
S214036B5800F026B810B51C4601F0DFFE05F0C5FFA9
S214036B680023C0F340202370400010BD002208B560
S214036B780B461146FFF7EEFF023818BF012008BD83
S214036B880020704770470020704770470020704702
S214036B9870470E20704701207047704701207047E2
S214036BA814220021E7F73EB8704770B505460C4631
S214036BB88AB0252200210DF10300E7F733F86B6846
S214036BC8CDF81D30AB68CDF82130234601AC03F170
S214036BD81006224618685968083303C2B342144697
S214036BE8F7D101236A7B8DF8023012F0040F0CBF2D
S214036BF84FF480734FF4A073110748BF43F48063C0
S214036C08ADF80030930748BFBDF80030684644BF68
S214036C1843F00803ADF80030F4F78AFD0AB070BDF8
S214036C2830B5427B0D46D10704468BB007D540786E
S214036C3801A9F4F7E3FDD8B12D200BB030BD9307B7
S214036C48FAD5C2F3800310074FEA8313ADF8023070
S214036C5844BF43F48063ADF80230BDF80220201D1C
S214036C680AB10DF1020201A902F09CFE0028E3D046
S214036C7801AB03CB9DF81430A1602373BDF8103025
S214036C886060590642BF627B42F0040262735A058B
S214036C9842BF627B42F0080262731B0742BF637BF4
S214036CA843F0020363732B4606AC0AAD224603CAB7
S214036CB8AA4218605960144603F10803F6D1002067
S214036CC8BBE7F0B504460D4693B0252200210DF127
S214036CD82300E6F7A7FF636804F1040CCDF83D30FC
S214036CE8A36809AECDF841302B4605F110073246A6
S214036CF818685968083303C2BB421646F7D10523FA
S214036D088DF82230637B5B0103F40073ADF8203003
S214036D186378FF2B1AD1002360461A4601A900F0B0
S214036D28CAF99DF80530FF2B0DD1002301A91A4691
S214036D38184600F0C0F99DF80530FF2B03D11C2632
S214036D48304613B0F0BD9DF80530637000206178B7
S214036D5808AA00F09BFA06460028F1D1607801A934
S214036D6800F02FFA2B4603AD2A46186859680833ED
S214036D7803C2BB421546F7D1637B6078DB0648BF80
S214036D889DF81C3001A944BF63F07F038DF81C30BF
S214036D9800F02EFAD4E710B504468AB02422002160
S214036DA801A8E6F73FFF637B590744BF4022ADF8C7
S214036DB810201A0742BFBDF8102042F48062ADF8CF
S214036DC81020DB070FD5607801A9F4F717FD10B17B
S214036DD82D200AB010BD01AB03CB637B606043F084
S214036DE80203A160637304A9201D02F0DDFD0028D9
S214036DF8EED00020EDE71FB5694600F066F80028D8
S214036E0818BF2D2005B05DF804FB73B50D46144670
S214036E180646E3F7B7FE6B881A071AD522463146A5
S214036E28102002F0A2FD2046E3F7ACFE6B88D907D4
S214036E3817D50023224601210DF107008DF80730E8
S214036E48E4F76CF96B88002B0CBF2120002002B0F6
S214036E5870BDDE06EAD522460821281DE4F75EF94A
S214036E68E1E79A0701D50223E4E75B07EAD503239C
S214036E78E0E70F2070471FB50C46694600F025F873
S214036E88102221466846E7F719FAB0FA80F0400957
S214036E9804B010BDB8B1B1B14388A3B90378013BB8
S214036EA8082B10D8DFE803F00507090B0F0F0F0FA1
S214036EB80D00E4F735B8E4F78FB8FFF776BEFFF7AB
S214036EC800BFE4F71DBA2120704738B50D4609B34D
S214036ED800B30378013B082B1AD8DFE803F0050D47
S214036EE81013191919191600E4F752F80446284618
S214036EF802F03BFF204638BDE4F78EF8F6E7FFF7C7
S214036F088FFEF3E7E4F7BEF8F0E7E4F703FAEDE7F6
S214036F182124ECE72124EDE770B586B0064601A8E0
S214036F280C461546FFF73CFE04238DF804301CB1C7
S214036F382068616802AB03C3294601A88DF805607B
S214036F48FFF7A8FF06B070BD70B586B0044601A863
S214036F580D461646FFF724FE0323206861688DF85E
S214036F68043002AB8DF8116003C3294601A8FFF766
S214036F7891FF06B070BD0022FFF7E6BF30B5437B2E
S214036F88044613F001020D468BB007D0407801A9DA
S214036F98F4F734FC70B12D200BB030BD9B07FAD53F
S214036FA8ADF8022001A90DF10202043002F0FAFC42
S214036FB80028F0D000210E22A81CE6F733FEBDF801
S214036FC810302B80039BAB60BDF81230AB819DF865
S214036FD81430237301AB03CB6060A1600020DBE7AA
S214036FE870B5437B0446DB070E468AB003D42D25CB
S214036FF828460AB070BD6946407800F045F905464C
S2140370080028F4D1DDF81D300E226360DDF8213048
S2140370180146A360637BB01C43F002036373E6F781
S21403702801FEBDF80030069A43F004033380059B3F
S214037038B2607360DCE70B4610B5044610220021E5
S2140370481846E6F7EFFD2278032A09D0042A0DD05E
S214037058022A11D101462046BDE81040E4F7C0B91C
S21403706801462046BDE81040FFF788BF0146204684
S214037078BDE81040FFF7B4BF262010BDF8B5074695
S21403708808460C4616461D46FFF78AFD042323705A
S214037098637B314643F00103204667706373FFF74B
S2140370A814FF08B12D20F8BD29462046FFF7C3FF75
S2140370B80028F8D0F6E7F8B5054608460C461F46F6
S2140370C81646FFF76DFD0423237025B108222946CB
S2140370D8E018E6F7F9FD637B43F0020363734EB9E2
S2140370E832460121284600F0DAF8FF28607007D1F7
S2140370F82D20F8BD31462046FFF7E7FE0028F7D1D6
S214037108637B43F0010363730DB90020F1E7002F97
S214037118FBD039462046FFF78EFFF6E7F8B50C4650
S2140371280746084616461D46FFF73AFD032320463C
S214037138394600F8043B0822E6F7C6FD637B31466A
S21403714843F0020320466373FFF7BFFE08B12D2002
S214037158F8BD29462046FFF76EFF0028F8D0F6E765
S214037168F8B5074608460C4616461D46FFF718FDAB
S21403717803232370637B314643F00103204667707D
S2140371886373FFF7A2FE08B12D20F8BD29462046F3
S214037198FFF751FF0028F8D0F6E718B1802201213F
S2140371A800F07DB8FF207047002307B51A46194636
S2140371B80093F6F725F8B0FA80F0400903B05DF8B7
S2140371C804FB0B4610B519220446FF211846E6F7BA
S2140371D829FD7E2C01468CBF04F5C43004F58330A4
S2140371E84FF01902BDE8104088BFAD30D8F736B85F
S2140371F87E2888BF00F5C4304FF0190294BF00F507
S2140372088330AD30D8F756B830B589B00D46FFF79A
S214037218C4FFFF2804460DD001A9FFF7D2FF28684C
S214037228696801AB03C3204601A9FFF7E1FF002005
S21403723809B030BD2D20FBE7704770470020704724
S21403724870470F2070470F207047002070470F20A5
S2140372587047002070470020704784B08DE80F0001
S214037268002004B070477047704700207047704787
S214037278002070477047002070470120704770470A
S21403728800207047012070470E2070470E20704775
S2140372980E2070470020704770470E207047FF2067
S2140372A870477047704700207047704770477047AD
S2140372B80020704770470020704700207047002062
S2140372C87047704770470020704700207047704724
S2140372D8002070470020704770470020704710B59D
S2140372E80024E3B210B9C3F10303DBB20134042C60
S2140372F8CA544FEA1222F4D110BD10B50B784C7855
S2140373088A78C97828B91046224604460846194694
S214037318034642EA012043EA042343EA004010BD39
S2140373287047E4F711B908B5D2F7AAFB002814BFCB
S2140373388620002008BD08B5D2F772FD003818BFAE
S214037348012008BD08B5D2F72BFD003818BF012069
S21403735808BD08B5D2F7B0FD003818BF012008BD30
S21403736808B5E4F7D1F9BDE80840E4F77FB970B586
S21403737804460D461646E4F7C7F90420E4F768F909
S214037388324629462046FFF7DDFF04460220E4F787
S2140373985FF9204670BD08B5E4F7B6F9BDE80840BE
S2140373A8D2F7E2BCE4F7E8BCE4F7C8BC08B5E4F7F0
S2140373B8C5FC20B1BDE808400020E4F7FDBD112058
S2140373C808BD08B5E4F7DAFEE4F7E0FEE4F7E8FEFE
S2140373D8BDE80840E4F7F8BE10B5044622F070424C
S2140373E8103060602160A26039B1A26803F0704370
S2140373F81343A360029BE36010BDA36843F0804376
S214037408F7E701234360C36843F02003C360836838
S21403741843F000538360704737B515464A680446F9
S2140374283AB18C680093096845EA0403FFF7D4FF6A
S2140374380446204603B030BD2DE9F04FD3B0CDE95E
S2140374480123DDE9608500230390042003ACCDE91E
S214037458050307C907AB83E80700214618465D9E60
S2140374680494E4F7C9FE0746002840F0BA805C9AFD
S2140374780AAB07CA83E80700494201F00F0900214F
S2140374885E9B5F9A5B6852680D9113445B4203F0F8
S2140374980F0AD8F8043012915B420093B368DA00F7
S2140374A848BF73684FF0100242BF033323F0030349
S2140374B87360AB68DB0041BF6B68033323F00303D9
S2140374C86B605E9BD3F804B05F9B5C680BEB0403AE
S2140374D85344CDE90E3173685B4203F00F03CDE9DD
S2140374E810136B685B4203F00F03CDE9131316AB57
S2140374F818461591E6F796FB5C9A516851B9D8F881
S21403750804100C4354EA0B0401BF10229146CDE93C
S2140375180B240A9011234FF0005204A932A8FFF750
S2140375287BFF40F611034FF0005207A9FFF774FFDD
S21403753842F611034FF000520299FFF76DFF44F627
S21403754811034FF000520199FFF766FF412300220B
S2140375585E99FFF761FF4FEA0A234FF000525F99DF
S21403756843F04103FFF758FF4FEA09234FF0005251
S21403757843F001030AA9FFF74FFF009B4FF00052A1
S2140375881B0203F47063414643F00103FFF744FF0D
S2140375981038FFF736FF00230DA91A461AA8FFF777
S2140375A83BFF002331461A46FFF736FF002310A990
S2140375B81A46FFF731FF002329461A46FFF72CFF22
S2140375C8002313A91A46FFF727FF002362991A46D2
S2140375D8FFF722FF1038FFF714FF1AA932A8FFF7A0
S2140375E8F0FE384653B0BDE8F08F10B5044608B130
S2140375F8E4F7E4FE2046BDE81040FCF7B4BE10B539
S2140376080446006A10B1616AFFF7EFFF0020C4E979
S214037618080010BD38B50546FFF7F1FF2B7E044674
S214037628012B0ED0023B012B0ED8EB69012B18BF9A
S2140376386FF09604282200212846E6F7F3FA204638
S21403764838BDEB69002BF2E76FF09604F2E71822D1
S2140376580021E6F7E7BA70472DE9F84F9846DDE9C3
S2140376680B490D9B15469A0706460F4623D02A460E
S2140376780A9B03EB040A1444A24220D10D9B9B07E2
S21403768805D5A2EB050AD14505EB0A0420D8204602
S214037698BDE8F88F434639462020B0470AF1010A69
S2140376A8CA450AEB0B02F5D3A9EB04024C4588BF7F
S2140376B800222A44DCE7A246A5EB040BF0E702F116
S2140376C8010B434639461AF8010DB0475A46D3E725
S2140376D84346224639462020B0470AF1010AD2E734
S2140376E82DE9F047DDE90D7616F0020F9DF82880A0
S2140376F8DDE90854DDE90BCE1FD106F001094FB1C9
S214037708B9F1000F06D0B8F1000F02D116F00C0F2E
S21403771800D0013F4FF0300A04E0202C04D005F8CF
S21403772804A001347445F8D3B9F1000F05D04FF01F
S2140377383009A74201D9202C2DD116F0100F1FD0DF
S21403774816F4806F2CD15CB3744501D0BC4227D1A4
S214037758B4F1010E23D0BCF1100F46D1023C16F04B
S214037768200F28D1202C28D04FF0780C05F804C019
S2140377780134202C21D04FF0300C05F804C0013416
S214037788202C1AD0B8F1000F23D04FF02D0C05F893
S21403779804C0013412E005F804900134C9E77446BE
S2140377A8BCF1100FDBD0BCF1020FE2D1202C04D0C1
S2140377B84FF0620CDAE7202C08D12024CDE90A76AC
S2140377C8CDE90854BDE8F047FFF746BF4FF0580C1D
S2140377D8CCE716F0040F02D04FF02B0CD7E716F0C1
S2140377E8080FEBD04FF0200CD1E7BCF1020F74461C
S2140377F8C1D1DDE72DE9F04391B0189D1A9E1D9F70
S2140378080DB927F010077C0500D515B317F0200F20
S21403781814BF4FF0410E4FF0610EAC4600250DF134
S2140378282008AEF10A0EBCFBF6F906FB19C95FFA87
S21403783889F4B9F1090F94BF30347444E4B2B445FB
S21403784808F8014B05F10105BCFBF6F401D3202D1E
S21403785810D11C9C069705941B9CCDE903649DF8E0
S2140378686440CDE9015408AC0094FFF739FF11B022
S214037878BDE8F083A446D6E72DE9F04F95B0269EDB
S214037888CDE90A23DDE91E74DDE9229B57EA0403E2
S21403789808BF26F010067205CDE9080102D557EA97
S2140378A8040337D016F0200F14BF412361230025A5
S2140378B80DF1300AA3F10A0821464A465B463846C4
S2140378C8E5F744FED2B2092A94BF303242444F4504
S2140378D8D2B274EB0B0405F101050AF8012B01D3A8
S2140378E8202D14D1259B06960593249BDDE90801D4
S2140378F8CDE903939DF88030CDE901530CAB009393
S214037908DDE90A23FFF7ECFE15B0BDE8F08F07465E
S2140379180C46D1E70025E5E708B100F014B8704730
S21403792810B1D1E900311847704738B5441E14F82A
S214037938015F25B90A2000F006F8284638BD284610
S21403794800F001F8F3E701460020FCF7DFBA7047BA
S2140379587047EDF7BBBE704708B5FCF7A8FAD2F731
S2140379688FF8BDE80840D4F7C7B9704708B5D2F70B
S214037978F3FBFBF7FFF8BDE80840E3F7C5BE08B519
S214037988FBF7E8FEE4F74EFDFBF7E2FEE5F7F8F84B
S214037998E5F7E4F8E5F75AF8BDE80840D7F738BC42
S2140379A808B5D5F713FEFBF7D1FED5F71BFED9F7B7
S2140379B841FED9F7E7FED9F7EFFFBDE80840D9F748
S2140379C80DBF70477047E5F767B808B5FCF7BAFE0A
S2140379D8BDE80840FCF7E5BE704707B50022034636
S2140379E8114601200092D8F79FFF03B05DF804FB09
S2140379F807B500920B46027D81898068FDF77AFCFD
S214037A08003818BF0120C00103B05DF804FB08B5B1
S214037A180020E0F711FB0020E2F7A2F80020DAF7CF
S214037A289BF90020DAF732FC0020DAF731FE002053
S214037A38DBF71EF90020DBF747FE0020DEF776F9B2
S214037A480020DEF7E1FE0020DFF7D6FCBDE808409D
S214037A580020DFF7C1BD08B50120FDF72DF9012089
S214037A68DAF7DAFABDE808400120DBF701B908B50A
S214037A780220E0F7D5FB0220DFF7C8FD0220E2F775
S214037A887DFB0220FFF790FC0220FDF7B5FB0220E2
S214037A98DEF7BAFEBDE808400220E0F761B8DAF779
S214037AA8FFBBFDF7C9BE70477047704770477047FE
S214037AB87047704710B50446DFF76CFF2046FDF79E
S214037AC831F92046DCF712F92046DDF765F820463B
S214037AD8BDE81040FDF7C3BBFDF7DEBBFDF7E8BB0B
S214037AE8DFF794BC70477047FDF740B97047704797
S214037AF8704770477047704704F0BDBF70477047BC
S214037B08DFF71EBD7047704770477047704770476A
S214037B18D0F74CBAFEF76BBB704700207047FEF7EA
S214037B2868BBFEF771BBE7F795B938B504460D464B
S214037B3800F097F850B129462046ECF73DFB30B9DC
S214037B4829462046BDE83840E7F74CB90E2038BD2D
S214037B5808B5ECF777F918B1BDE80840EAF7EEBCC4
S214037B6808BD70B516460C4604F04DFE314605466C
S214037B782046EAF7BFF80446284604F03FFE2046A8
S214037B8870BD00F032B970B5044600200E4600F00A
S214037B9839FBD4F8F0503DB1002331462046AC46B5
S214037BA8BDE870401A4660472B46012231462046F8
S214037BB8E7F798FB284670BD38B5044648880D464F
S214037BC800F020FBD4F8F0302BB929462046BDE850
S214037BD83840E7F799BA022038BD00F015BB00F025
S214037BE83CB9E6F7CDBF00F01BBB70B5BDF8106017
S214037BF8054606B16BB1334428469BB200F073F9C9
S214037C08044620B91EB13146284600F0ADF9204691
S214037C1870BD2124FBE7E8F741BEC0F8EC1000204E
S214037C287047E7F77FBCE7F76FBD10B4BDF80440AD
S214037C3801945DF8044B00F09FB80B4610B5144644
S214037C481846A1689288E6F77DF9E168034631B1DC
S214037C58A0886288121A92B21844E6F773F90020CD
S214037C6810BD0346408A18B1188A003818BF012089
S214037C7870470846E9F78EB900F0D6BA00F0D4BACA
S214037C88E9F7A0BB084708B5E6F7C2FFC0B208BDC8
S214037C98022A01D800F00CBA21207047022A01D81C
S214037CA800F017BA21207047022A01D800F023BA39
S214037CB821207047E8F7A8BA0846E8F7C3BA00F0E1
S214037CC833BA00207047002070477047D0F89030CA
S214037CD803F06003402B0DD0602B03D0203B5842A3
S214037CE85841704749B10B68012B06D9486940F0DB
S214037CF80100704740F20110704700207047F7B53F
S214037D0804461046D4E952C7DDE908268CEA02057C
S214037D1887EA06010540194085EA0C057940C4E957
S214037D285251002523F4004106EA010320F001001E
S214037D3843F40073024043F00203CDE90055EAF723
S214037D48CFFE94F824309A0713D5D4F84C319B0504
S214037D580FD54FF48811204600F034FC94F82430ED
S214037D68024665F3410384F8243020460B46E6F7BB
S214037D7823FF002003B0F0BDF0B587B01C461746B6
S214037D88BDF830601AB90024204607B0F0BD002BB2
S214037D98F9D00029F7D001AAE8F780FD0028F2D029
S214037DA8BDF80630A2199A42BDF80850C4BF9B1BFB
S214037DB89CB2B54212D90399AD1BADB23144A54264
S214037DC80391ADF808500DD22A463846E6F7BAF8B6
S214037DD80499621B7819E6F7B5F8D5E70499761B74
S214037DE83144049122463846F5E70846E9F72ABFA0
S214037DF80220E9F7DDBA08B5D0F8E4304BB11A68C3
S214037E08022A06D993F825204AB1186AB0FBF2F07D
S214037E1808BD4FF446624C210020ECF7FBF900201E
S214037E28F6E7D0F8E42008B57AB11368022B0CD924
S214037E38536A13F47F4FC3F3072106D0126ADBB2E3
S214037E4853438B42B3FBF1F006D2002040F67F4241
S214037E584C21ECF7DFF9002008BD0346D0F82401CF
S214037E680860B3F8283100208B80704790F82431D7
S214037E780C2B14BF90F82900FF20704738B50C4622
S214037E884FF400610546EBF70DFF70B17CB195F82A
S214037E981E3173B94FF480724FF480712846EBF79E
S214037EA8EDFE003818BF012038BD2202F4E722464B
S214037EB8F2E70020F8E74FF48071EBF7F3BE08B556
S214037EC84A024FF40071EBF7D9FE002008BD08B547
S214037ED88A024FF48061EBF7D1FE002008BD4FF409
S214037EE80071EBF7DFBE2DE9F041884618F003076B
S214037EF806461546194633D1B2F5805F30D89A42FE
S214037F082ED33F2A28D9B2FA82F401220120C4F1DB
S214037F181F03DBB29A4092B2AA422CBFC4F11904DB
S214037F28C4F11A04E2B2931DDBB2984080B2A842A9
S214037F3814D096F8F530ABB9012096F8243060F3E0
S214037F48C71386F824304046E8F75AFAC6F820805E
S214037F58B5823846BDE8F0813A46EAE70020ECE702
S214037F682127F6E70E27F4E7084600F02EB9F8B5FA
S214037F7811F0030607460D46144621D102B31388AB
S214037F883F2B1DD9B3FA83F3C3F11901C9B20629E6
S214037F9801D8192B12D0062928BF062101238A1DCA
S214037FA8D2B293402846238000F015F92388384632
S214037FB8FD617B82E8F734FB3046F8BD3146EDE7D2
S214037FC82126F9E738B5148811F003054FEAC404E7
S214037FD81ED13F2C1CD9B4FA84F4C4F11903DBB2BE
S214037FE8052B01D8192C11D0052B28BF05230124EE
S214037FF80633DBB204FA03F3C3F3CF0414808161B8
S21403800804820387E8F70CFB284638BD2B46EEE7C1
S2140380182125F9E710B5144608460121E9F7E4FCDB
S2140380282046BDE810400121E9F7DEBCF8B5044652
S2140380380E46174604F0E7FB3A4605463146204601
S214038048E9F790FF0446284604F0D8FB2046F8BD17
S2140380580220704703207047E9F7A2B910B500233A
S214038068E7F7EEFD044608B9EAF772FF204610BDA7
S21403807870B505460E46144600F0C9F8314628463C
S21403808800F04CFA00F0C3F8230744BF24F00804B2
S214038098A4B221462846E6F7C1FD00224FF4003174
S2140380A82846EBF7EBFD002070BD8021EBF7FABD01
S2140380B87FB5531C05AAADF81410029202210022BC
S2140380C8DBB2CDE900211146EBF7F6FD07B05DF804
S2140380D804FB7FB5531C05AAADF8141002920421BD
S2140380E80222DBB2CDE9002100220121EBF7E4FDF1
S2140380F807B05DF804FB1FB5531C02910022082144
S214038108CDE900210122DBB21146EBF7D5FD05B018
S2140381185DF804FB10B50446E6F77AFD01462046EB
S214038128BDE81040E6F77ABD002914BF21200020D9
S214038138704738B5054610460C46E8F7AFF865B1FC
S214038148D5F8E0304BB15B693BB12268013204BF16
S2140381586FF00102226022681A60002038BD0020F2
S21403816870472DE9F74F01251C469DF83030064623
S21403817801930368174603F0070306339D4005F18A
S214038188FF380B46A1B1416804EA080BA5EB0B0AB6
S21403819841F00059524509EB0B0114D952461846CB
S2140381A8E5F7D0FE49467A1B5A445044E5F7CAFE1B
S2140381B8019B2BB13C4448EA050804EA0804F4602A
S2140381C803B0BDE8F08F1846F0E74FF03A430222B3
S2140381D898615A6370474FF03A4301225A6740F64C
S2140381E8FF72D96418651A67704737B500251446B1
S2140381F80095FFF7B6FF204603B030BDE7F7C0BECD
S214038208002070470020704700207047704770476B
S21403821810F0FD0F14BF4FF0FF300020C0B27047B8
S214038228704700200021704708B5E9F70BFABDE848
S2140382380840E9F72FBA38B50446FFF7F5FF0546B1
S214038248FFF7F2FF431BA342FAD338BD38B50D46F2
S2140382580446E9F7F7F935B1844200D901392046CF
S21403826801F0030138BD844238BF0131F7E708B58A
S2140382780121FFF7EBFFBDE80840E9F70BBA08B59D
S21403828821B19200E5F75EFE002008BD2120FCE739
S21403829800F06F43B3F1804F02D0B3F1204F02D101
S2140382A820F07040704700F06043B3F1204F08BFDA
S2140382B820F0805070470B0C23F48053B3F5284FF7
S2140382C8F7B50D468FB2064699B216D04AF601039D
S2140382D8994214D04AF60203994212D0B1F5204FB8
S2140382E814BF04240324D6F8E0300BB1196851B937
S2140382F8D6F8DC3093B928680EE00024F3E70124A7
S214038308F1E70224EFE7234668463A46E9F736FAE2
S214038318DDE90003002BEBD103B0F0BD1968002993
S214038328E9D0234668463A46E9F728FADDE9000322
S214038338002BE0D1F0E70204C0F3891307D56FEAF0
S21403834883536FEA935313F5007F18B206D0A3F14D
S214038358C8006FF4FF739842B8BF184670474FF0CB
S214038368384359699A6903F500530A405A617047B6
S2140383780E207047EAF7FCBFEAF7FABFEAF7F8BF3A
S214038388EAF7F6BF08B50846EBF7E4FB08BDEAF7D5
S214038398EFBF022070470220704700207047012075
S2140383A87047002070470E20704700207047E7F795
S2140383B84FBE08461146012200F086B870B505463A
S2140383C80C4611461A46EBF7FBFC06682B46204676
S2140383D8B446BDE87040604710B5EBF7F1FCBDE85E
S2140383E8104083681847FFF739BEE7F73BBDFFF72A
S2140383F89CBBE7F739BA70B504460D4616464FF4E4
S214038408881100F0F4F8324629462046BDE8704045
S214038418E7F754BF7047431E012B03D9031F58427F
S2140384285841704701207047FFF7EABE4FF4D472ED
S2140384380021E5F7F7BB70B50446E7F7ADFA05463E
S214038448A8B9A169F1B1238AD3B1204604F1100271
S214038458FFF7B8FD38BBE16919B3638AA3B12046B1
S21403846804F11202FFF783FD78B1054603E0002303
S214038478A3612361E361002328466361236270BD19
S214038488A061E8E72082E6E7E361216A0029F2D0E3
S214038498A28A002AEFD02046E38ABDE87040FFF799
S2140384A822BD6182F1E76582E561DEE711B9D0F89E
S2140384B8DC1021B1CB6813B18B68D88970474FF6A7
S2140384C8FF707047E6F78ABB10B50C461146E6F709
S2140384D8ABFBE7F7BDFD012801D1002010BD002C3A
S2140384E8F7D10520FAE7FFF786BCFFF79ABC70B505
S2140384F800232425D0F8DC00C4689C4201D121203F
S21403850870BD826805FB0322D6898E4202D8128A7A
S2140385188A4201D20133F0E70020F1E7F8B50646B0
S2140385280D46EBF7AFFCD8B94FF6FF734FF0240CA4
S214038538EF68C1B28F4208D81C4621463046EBF78F
S2140385483BFEFFF763FE2046F8BDAA680CFB012234
S214038558D4899C4202D2002CEFD023460130E8E7A8
S2140385680024F0E7808D70470A7838B5054610462C
S214038578FFF751FF60B14C782046FFF74CFF38B140
S2140385882243530704D42846BDE83840E6F784BD9B
S214038598212038BD10B504460878FFF73CFF58B1CC
S2140385A84A781046FFF737FF30B1042A04D020462E
S2140385B8BDE81040E6F78EBD212010BDFFF79FBB30
S2140385C8E7F7B4B838B505460C4604F01CF9D5F8F1
S2140385D88C301C40D5F888302343C5F8883004F01F
S2140385E80DF9211E18BF01210020490238BD38B5F0
S2140385F804460D4604F007F9D4F88C301D40D4F829
S214038608883023EA0505C4F8885004F0F7F82846A6
S21403861838BD38B504460D464FF48811FFF7E7FF13
S21403862829462046BDE83840E7F768BE73B50D7897
S21403863806460C4635B304238DF8043023793046B2
S21403864801A98DF80530FFF7A5FF0546B8B92278C6
S214038658A37952BB8DF80430E379304601A98DF827
S2140386680530FFF781FF054648B923783BB1618893
S2140386783046E6F71DFF01213046FFF7FFFB284685
S21403868802B070BD2946FFF7F9FB29463046FFF7C7
S21403869816FC29463046FFF71AFC2378002BCAD166
S2140386A823798DF804306379C9E702228DF804200C
S2140386B8D3E7FFF704BCFFF712BC002070477047E8
S2140386C810B50446EBF708FE21460020ECF758FCE5
S2140386D8BDE81040002000F02BB970470120704712
S2140386E808B5EDF77BFA80F00100C0B208BD4FF07D
S2140386F8FF30FFF7C1BA70470020704710B50C4625
S21403870803F042FE048010BD38B50C46154603F048
S2140387183BFE03881DB11C43A1B2018038BD23EA82
S214038728040189B2F9E708B503F02EFE008808BDF0
S21403873808B503F029FEC07808BD08B503F024FE83
S214038748008800F00C0008BD08B503F01DFE00887D
S21403875800F00C00031F5842584108BD38B50546BB
S21403876803F012FE04462846FFF7EEFF30B904F17D
S214038778100004F0BAF900F4406038BD4FF4006006
S214038788FBE738B5054603F0FFFD04462846FFF722
S214038798DBFF014648B910342046042203F034FDB3
S2140387A82044BDE8384004F0A0B9A08838BD10B509
S2140387B80C4603F0E9FD848010BD38B5054603F082
S2140387C8E3FD04462846FFF7BFFF30B904F110005F
S2140387D804F08BF900F4404038BD4FF40060FBE723
S2140387E838B5054603F0D0FD04462846FFF7ACFF28
S2140387F8014648B910342046062203F005FD2044F6
S214038808BDE8384004F071B9A08838BD38B50546C8
S21403881803F0BAFD04462846FFF796FF014608B15B
S214038828201D38BD10340622204603F0EDFC2044F4
S214038838F7E708B503F0A8FD007A08BD08B503F006
S214038848A3FD90F9090008BD08B503F09DFD807ADD
S21403885808BD08B503F098FDC06808BD10B50C46FA
S21403886803F092FD047210BD10B50C4603F08CFDA0
S214038878447210BD10B50C4603F086FDC46010BDE7
S2140388882DE9F8430F468046002107F110001646E7
S214038898994603F0EDFD0446D0B103F075FD054691
S2140388A8204603F08DFD002102462846E5F7BAF96F
S2140388B800232046AB7049F00401FFF71FFFA5F815
S2140388C804802EB13A46314605F11000E5F73AFB27
S2140388D82046BDE8F883F8B505460F461020002164
S2140388E803F0C6FD0446B0B103F04EFD0646204627
S2140388F803F066FD002102463046E5F793F90023A8
S21403890839462046B370FFF7F9FE25B12A460121FA
S214038918204603F085FD2046F8BD08B503F034FD70
S214038928103008BD08B503F04BFD1038C0B208BDBB
S2140389380020ECF74DBA08B5ECF7A8FC002008BDF4
S2140389484088C0F30C0003308008400004307047AA
S21403895870B50E4605461146304603F089FD0446B3
S21403896835B128B103F010FD32462946E5F7ACF9D0
S214038978204670BD0088B0FA80F04009704738B5C5
S21403898805880022044604F01EF905B1258038BD83
S214038998F8B507460D4600880021164603F02CFD59
S2140389A8B042044605D129463846BDE8F840FFF7E5
S2140389B8E6BF0021204603F01FFDB04205D020463F
S2140389C8002103F019FD0446F3E72A462046002152
S2140389D803F026FD32462846BDE8F840002103F09A
S2140389E81FBDF8B5058807467DB1CCB22146284693
S2140389F803F002FD8542064609D100233B80002288
S214038A082146304603F00CFD35462846F8BD214678
S214038A1803F0F2FC21460246284603F001FDEEE782
S214038A282DE9F04707888246884614465FB33846DA
S214038A3803F0C6FC3D460646E4B22146284603F044
S214038A48DBFC4045814616D1214603F0D5FC21467A
S214038A580246284603F0E4FC474504D1454508BFCB
S214038A680025AAF8005000222146404603F0D8FC09
S214038A783046BDE8F0878742FAD003F0A1FC3044BD
S214038A884D4686B2D9E73E46F2E700220123C0E9FF
S214038A9800237047F8B504460127002603F0C0FEF6
S214038AA823683BB903F0B7FE00226368012B0ED197
S214038AB86360F8BD1D691F61266003F0ACFE012DD7
S214038AC8F2D02B462D691E61012DFAD1E6E7196906
S214038AD81A610B46EAE7036823B94068012803D0FE
S214038AE8EDF71CB9002070474FF0FF307047F8B514
S214038AF8054603F015FF012306460027A8602B73D7
S214038B0803F08EFE2B6802467BB11C692169A142DD
S214038B180CBF2F6019612761104603F07CFE012CF9
S214038B2808D0204663689847EAE76C68012C04D1A6
S214038B3803F071FE00232B73F8BD6169711AB1F156
S214038B48004FF5D8216969602361E5E7022070477D
S214038B5802207047002070470144884201D1012053
S214038B68704710F8013B9342F7D00020704770B562
S214038B780146064692B00020EBF7DAFD044670B9C4
S214038B88FDF7D4FE054601466A462046ECF716F975
S214038B986A46294620468DF80260ECF7C5FB204650
S214038BA812B070BD00B593B0FDF7C0FE6A46014625
S214038BB80020ECF703F99DF9020013B05DF804FBF7
S214038BC800B593B0FDF7B2FE6A4601460020ECF7FF
S214038BD8F5F89DF8000013B05DF804FBECF7B2B89F
S214038BE8012070477FB54FF6FF7101AAEDF708FB22
S214038BF820B1BDF80C0007B05DF804FB4FF6FF7014
S214038C08F9E708B51046EEF7C1FABDE80840EEF7EF
S214038C187BBB70477047704770477047704770470D
S214038C28704738B54FF6FF750D800C46F6F772FB9E
S214038C382080A8420CBF2D20002038BD002100B597
S214038C4893B06A460846ECF7B9F8BDF8060013B0C1
S214038C585DF804FB002110B592B004466A46084640
S214038C68ECF7ACF800216A460846ADF80640ECF780
S214038C785BFB12B010BD002100B593B06A460846E8
S214038C88ECF79CF8BDF8040013B05DF804FB00216C
S214038C9810B592B004466A460846ECF78FF80021EA
S214038CA86A460846ADF80440ECF73EFB12B010BD22
S214038CB870472DE9F04F87B00C4691460746FFF7F5
S214038CC83CFD0546661C304603F00FFF042D40F0B6
S214038CD890803846FFF721FE0378092203F0030342
S214038CE8012B14BF0223032301212046039303F019
S214038CF88BFA092200210546204603F085FA2178D7
S214038D088DF8170001390022204689B2FFF720FEA6
S214038D1804EB09088346F0B14FF0010A2A460146D8
S214038D28CDF800A003980DF11703FBF7C0FD022842
S214038D38054626D1584603F043FB00222070C0B2EE
S214038D48431E00929BB252465946304603F0CAFF6A
S214038D582378534423703846FFF7E5FC020424D4EB
S214038D6898F8013021789B071FD50139A1EB090133
S214038D783A464046C9B2F1F7C7F923781844207033
S214038D8813E020B92070284607B0BDE8F08F032803
S214038D9809D1404603F0A9FE20F4007189B2404683
S214038DA803F0A5FED7E70428D5D1012500222046DF
S214038DB82178FFF7CDFD07460028E4D04FF00008DA
S214038DC80146434601224046CDF80080FBF76FFD77
S214038DD8022819D1384603F0F3FAC2B2013A2070D2
S214038DE893B2394601223046CDF8008003F07AFF65
S214038DF8C9E780F0800520F0800081B23046C5F3CD
S214038E08C01503F074FED1E70028BCD12070BAE77A
S214038E1808B50020FFF764FC80F00100C0B208BD67
S214038E280A4608B501460020EDF738FCB0FA80F08C
S214038E38400908BD0020ECF7ABBB00210846ECF759
S214038E484FB80020FFF74ABC70B5044603F04DFE42
S214038E58042200210646204603F0D6F9204403F0F0
S214038E6844FE032205460021204603F0CDF920449C
S214038E7803F03BFE4FF6FF730540ADB29D4214D197
S214038E88F30712D506220021204603F0BDF9204435
S214038E9803F02BFE0446EDF773FC844214BF02244A
S214038EA80624EDF767FC204070BD2046FBF7D0FE8E
S214038EB8C400E4B2F5E708B5FFF7C6FF003818BFE5
S214038EC8012008BD0120704710B50446FEF700FAD6
S214038ED808B9FEF7FFF903050FD40C231B2B01D1A2
S214038EE8002009E020FA03F1C90703F1010206D5B9
S214038EF8DBB2E31A5842584110BD0B23F9E7134671
S214038F08ECE710B50C46098819B90846F7F75AFD71
S214038F182080012010BD08B510461A4600F08CFACA
S214038F28BDE8084003F07FBD70B504460D461646F7
S214038F3892B06A46EBF742FF6A46294620468DF802
S214038F481F60ECF7F1F912B070BD10B50C46EDF7DB
S214038F58F3FF2046BDE81040EDF704BF0129F8B536
S214038F6805460C461DD003291ED0052920D00729FF
S214038F7822D00026002400270120EBF771FE304498
S214038F8885421DDA0320EBF76BFE2044854219DA87
S214038F980520EBF765FE38448542B4BF0720052055
S214038FA8F8BD6FF00406E5E76FF004040526E2E76C
S214038FB800266FF00407DFE7002405272646DBE7CD
S214038FC80120EDE70320EBE738B14379490023F0A6
S214038FD80C0301F00C010B434371704710B50446AC
S214038FE878B141794088490801F006010131000A41
S214038FF8FFF7B4FF024601462046FFF7E5FF104693
S21403900810BD0722FBE738B50D46EDF783FF044688
S21403901808B9002038BDFFF7E1FF002DFAD1237900
S21403902813F00703F5D0984238BF1846C0B2F1E7E5
S214039038EEF77EB90022EEF7A1BA0021012208B5A1
S214039048EEF79CFA401A18BF012008BD38B5154636
S214039058FFF7F0FF0446284603F028FE84B1FF28EE
S21403906804D0626822FA00F3DB0701D5012038BD75
S2140390780123834013436360E3780133E370F5E722
S2140390882046F4E7EEF7D4BC10B503F07DF900F1FB
S2140390981004204603F029FD20F4007189B2204607
S2140390A8BDE8104003F023BD2DE9FF4115460191A5
S2140390B801218DF80D301B0A8DF80E309DF82C30E3
S2140390C88DF80C008DF80F3028460423009103AA68
S2140390D89DF828809DF830709DF8346001F016FBE3
S2140390E8044670B12946FFF762FBB8F1000F02D1B8
S2140390F82046FFF7C9FF2FB146B93146204601F08F
S214039108D0F80024204604B0BDE8F08100222046AB
S2140391181146EEF713FCF4E74FF47A70EEF768BDE2
S21403912808B5ECF70FFEBDE808400020EEF766BE6C
S21403913800B58BB06846EEF737FD009BBDF8060012
S21403914804A90693EEF7D6FC0BB05DF804FB1FB52F
S21403915804466846EEF728FD02AB03CB2060616041
S21403916804B010BD1FB5062304468DF80C30EEF781
S2140391789FFF00238DF80D00CDE90033012102235C
S214039188204603AA01F0C2FA04B010BD38B500227F
S21403919808210546FFF7E0FC044698B9FFF74EFD9D
S2140391A822464FF6FF71EFF7DBF92846297CEEF7E0
S2140391B855FE287C6A69E989F0F750FDEEF7C6FD87
S2140391C8204638BD0120FCE770B50C46054601204D
S2140391D8EFF752FD237B4BB1FFF730FD01462346DD
S2140391E82A46BDE870400120EFF7D8B94FF6FE715E
S2140391F8F5E7F8B50E460746FFF78FFB054603F077
S21403920874FC00F44040B0F5404F14BF0022062219
S21403921802F10A03EB5C0B325C0004F00E045B08F5
S214039228144403F0380338461C44FFF77BFB844298
S21403923808D2001BC2B20F2A28BF0F2230462919AC
S214039248E4F780FE2046F8BDECF77CBD40F62740E1
S214039258F0F782BAFF224FF6FF71F0F7B1BB07B5F6
S21403926800210DF10700F0F7E3FC9DF8070003B0B3
S2140392785DF804FB13B5044601A90020F0F7D8FCF3
S214039288019A01462046F0F7E9FC204602B010BDD5
S214039298F0B50F46002187B0044608461646F0F791
S2140392A8C7FC012305460DF10A008DF808408DF822
S2140392B80930FFF74CFF092C1DD131460DF112007A
S2140392C803F015FC05AB002102AA9B1A2846CDE934
S2140392D80011DBB2642101F019FA0546E0B1092C46
S2140392E815D1F0F705FD044688B12846F0F714FDB6
S2140392F8204607B0F0BD31460DF113008DF8127005
S2140393084FF6FF7503F0F3FB0DF11503DBE728466D
S21403931800F014F80446EBE70446E9E738B50446D4
S2140393280D4603F0DDFC40B1AC4206D0204603F000
S214039338CEFCBDE8384000F0ACBF38BD10B50446D7
S214039348FFF7EBFA023003F0D0FB4FF6F7739842B9
S214039358204603D9BDE81040F0F758BEF0F798FE4C
S214039368B0FA80F0400910BD012070470022F0F7DC
S21403937885BD70B504460088FFF7CFFA0546043066
S21403938803F0B3FB0646A81C03F0AFFB054603F041
S214039398C2FA3046F2F762F830B92846F2F75EF8B2
S2140393A810B1284603F09CFCA378002023F00F0393
S2140393B8A37070BD70B50546FFF7AFFA0646284694
S2140393C801F0C8F901462846F7F730FF0446284651
S2140393D8FFF7D7F94FF6F773984208D8337803F0B0
S2140393E80303012B05D1A31E5842584170BD012023
S2140393F8FCE70020FAE741F2033330B585B00D46A3
S214039408ADF808300446FFF719FC8DF80A00FFF795
S21403941815FC0021000A8DF80B0005232046CDE92C
S214039428001102AA8DF80C5001F070F910B121460C
S214039438FFF79CFF05B030BD2DE9F04104461746FB
S2140394480D46E1B13F294FF0000600D135462046C8
S214039458FFF773F9082814D10121204602F0CCFF40
S214039468064602F0ADFF0446304602F08DFF3B4643
S21403947801462A46E0B2BDE8F041FDF7FBBA0126ED
S214039488E5E72046FFF759F9024630B9BDE8F0414B
S2140394984FF6FF71012003F0F1BA2046FFF75EF995
S2140394A8B0F5006F0ED12046FFF76BF94FF6FF7342
S2140394B89842014617D0002D0CBF03200520002232
S2140394C803F0DCFA29462046EEF7F0FA68B929468F
S2140394D82046F1F761FF40B9324629462046BDE8E3
S2140394E8F041F0F719BF0120E9E7BDE8F0817047BE
S2140394F8704737B54FF6F675FDF71BFA431E9BB252
S214039508AB420446F8D8EDF705FD0028F4D16946C2
S2140395182046EDF721F80028EED0204600F09AFE04
S2140395280028E9D12046FFF788FD0028E4D1204625
S214039538F1F794FF0028DFD1204603F0D1FB00287B
S214039548DAD12046FDF700FA0028D5D1204603B025
S21403955830BD73B504460E46F1F780FF054688B955
S2140395682046F1F7D5FF21462B460D224FF6FD7010
S214039578009500F0A1F83146204602B0BDE87040D9
S214039588F1F788BF02B070BDF7B504460D46174617
S214039598FFF754FB0646002D3FD04FF6FB739C425D
S2140395A83BD82046F1F75AFF08B1A64235D02046E5
S2140395B8F1F754FF10B1012003B0F0BD2046FDF7C4
S2140395C8C3F9C0B1A642F6D0F4B169462046ECF713
S2140395D8C3FF0246C0B908216846FFF7BDFA98B923
S2140395E8082269462846E4F769FE68B129462046F4
S2140395F8FFF7AFFFDFE7A642E6D12846EDF71AF8EE
S21403960810B900F03DFED6E73FB121462846EDF7F0
S21403961827FE21462846F5F763FE0020CCE737B534
S214039628054614460C2914D8DFE801F02C132C132E
S214039638131307131313132424006946ECF78CFF3C
S21403964818B901216846F5F749FF41202946F8F776
S21403965869FAD4B12046FFF760F9023003F045FAF9
S2140396684FF6F773984210D9204603B0BDE830404A
S214039678F0F782BD40F6144040F613430B2908BFA3
S2140396881846E3E700F0EDFDE3E703B030BD1FB58A
S2140396980346084603218DF80D308DF80C10012378
S2140396A80021ADF80E20CDE9003103AA042301F00A
S2140396B82DF805B05DF804FB2DE9F34106460F4681
S2140396C814461D469DF82080FFF7B8FAB04207D126
S2140396D800222146384602B0BDE8F041FFF79FBF97
S2140396E83A4631462046FFF7D2FFADF8060060B18A
S2140396F80D2C05D100224FF6FF71282003F0BEF982
S21403970835B9BDF80600FFF719FE02B0BDE8F081CB
S2140397180123424629460DF10600ECF767FABDF821
S2140397280630002BEDD1F0E7F7B50C460546FFF7F4
S214039738F4F8611C06462846F7F778FDA11C074689
S214039748284600F02AFF014604463846FDF72AF95C
S2140397580D2F34D12046F1F781FE78B1301D03F082
S214039768C4F904462846F679FFF73AF8314602461E
S214039778204603B0BDE8F040FFF768BCB01C03F012
S214039788B4F94FF6F773984202D92846F0F7F4FC73
S2140397982046F1F7BDFEFFF751FAA04205D1002097
S2140397A803B0BDE8F040FFF7A2BE6B46B068F168A9
S2140397B803C369462046F1F76DFE03B0F0BD2A469B
S2140397C83946204603B0BDE8F040FFF728BF142209
S2140397D80021E4F727BA2DE9F04F11F00F070446E6
S2140397E80E4615468FB05CD10120E1F76DFD09A83A
S2140397F8FDF7D6F9092309A88DF82430FDF7D4F91F
S21403980809A8E1F733FD01A909A8FDF75EFB26F0D1
S2140398180F08A84404F1100904F10F0A454511D1AD
S214039828236901A93344236109A8FDF733FB002004
S214039838E1F74AFDB6F1005F28BF272738460FB081
S214039848BDE8F08F05AA23469646944618685968D5
S2140398580833ACE803004B456246F6D12B4622464E
S21403986805F1100B53F8041B5B4542F8041BF9D1AA
S214039878714609A8FDF70EFB09A8E1F7F7FC22468F
S21403988821460120E1F7DCFC013D631E13F8012F96
S21403989815F8011F534582EA01021A70F6D15D4690
S2140398A8BCE70227CAE7F0B5174685B005460C4657
S2140398B8102200216846E4F7B5F9BFB3C4B30F2CEA
S2140398C804F00F0608D924F00F043A462146284622
S2140398D8FFF781FF40BB2744324639466846E4F71C
S2140398E831FB80222F6906F1100337446B44B7F522
S2140398F8005F03F8102C2F61C6F110061AD3062E44
S2140399081FDDFB001A0E8DF80A201A0C5BBA8DF8B9
S2140399180B20ADF80C306A4610212846FFF75BFF8C
S21403992800202B69103B2B6105B0F0BD3E46D8E7F7
S2140399382646D6E7022E04DDFB005BBAADF80E30EA
S214039948E9E76A4610212846FFF745FF2B691022E8
S214039958A3F11004002168462C61E4F763F9B7F510
S214039968005F4FEAC403CDD2E7E770B50E46054657
S21403997886B001A81446FFF72AFF3246294601A8EF
S214039988FFF791FF2246054601AB05AE1C4603CCFE
S214039998B44210605160234602F10802F6D1284605
S2140399A806B070BDF1F70CBE0A460021F1F708BEF3
S2140399B8F0B58BB00C4601A9F1F702FE054680B355
S2140399C825220021E01CE4F72DF90123A3700E23BA
S2140399D8BDF810702380FA0510D523464FF4877216
S2140399E806AE23F8042B0DF1280C324603CA62454B
S2140399F818605960164603F10803F6D13B0605D5E9
S214039A08238843F080032380069B636001AB03CB64
S214039A18039BC4F81D00C4F82110A361F2F7B4FF32
S214039A28606128460BB0F0BD30B505460C4687B0D6
S214039A3801A8FDF7B5F82868696802AB03C39DF863
S214039A48113043F002028DF8112074B122885106B2
S214039A5844BF43F006038DF81130530542BF9DF803
S214039A68113043F008038DF8113001A8FDF793F978
S214039A78B0FA80F0400907B030BD2DE9F3410F4630
S214039A880546164602F09CFC4FF00008C41BE4B2D9
S214039A98294623463A463046CDF8008003F022F995
S214039AA80121284602F0A8FC88B10121284602F0C5
S214039AB8A3FC074602F084FC0546C3B242463019A7
S214039AC83946CDF8008003F00DF92544ECB220465C
S214039AD802B0BDE8F0812DE9F04F85B00C46054687
S214039AE891461F464FF0010ADDF838809DF83CB0D2
S214039AF802F066FC22463B4629460646CDF800A0F9
S214039B08484603F0EFF85146284602F075FC3C44F5
S214039B1818B35146284602F06FFCF6B2B4428146A3
S214039B2810DAE7B2F31BDBB2404622462946CDF8E5
S214039B3800A003935F4403F0D5F8039BBF1B984428
S214039B4807F0FF0B012300220E9349465B46404667
S214039B5805B0BDE8F04F03F0C5B85B462246294674
S214039B68CDF838A0F3E72DE9F041002686B007467E
S214039B7808460C4615469846CDE9026604968DF8BF
S214039B88146002F01DFC411BCBB20D2B28BF0D231E
S214039B982A462146009602A803F0A4F8424602A9DC
S214039BA83846F1F763FE0646294620469DF8082000
S214039BB8F7F750FB304606B0BDE8F0812DE9F04FC5
S214039BC80E46CBB00121054617461C4602F014FC88
S214039BD823463A462946814606A8FFF7C4FF0DF1F1
S214039BE8280A00EB070B5246314628465FFA8BFBDA
S214039BF8FFF743FFB34503D200204BB0BDE8F08F11
S214039C08ABEB06085FFA88F808F104039842F3DB1F
S214039C18331F18440423C4B20193A31BDBB2009377
S214039C28524643460021CDF808A006A8E1F7BCFA39
S214039C380028E1D1A4EB0B040AEB0803E4B252466E
S214039C4828463146009301944346FFF744FF3946B6
S214039C582846F7F7EBFA394600F0F8022846F7F7EE
S214039C68F9FA0121284602F0C7FB002818BF4D461B
S214039C782846ADF8165002F0A3FB011FC9B20DF132
S214039C88160000F04FFC0120B7E72DE9D841064639
S214039C9800F060FD411C044689B2304600F02DFDF5
S214039CA898B394B321463046F7F7C0FA00F00C038E
S214039CB8042B074629D000F00308B8F1020F00D199
S214039CC81BBB384600F0B0FD3B060444A4B216D5C9
S214039CD8611C304689B200F010FDB0B1214630460B
S214039CE8F7F7A4FAB8F1010F014600F003030CD006
S214039CF8032B0AD0384600F0A6FD03199CB221466A
S214039D083046BDE8D84100F0F8BC0020BDE8D8814D
S214039D18F8B5064600F0E0FC054604463046FEF76E
S214039D28FCFD43785B0718D5AC1CA4B22146304625
S214039D3800F0E3FCB8B129463046F7F777FA07464A
S214039D48691C304689B2F7F771FA1FB1874201D802
S214039D58FF2808D104EB4704A4B221463046BDE8E1
S214039D68F84000F0CABC0020F8BD13B5044601A8A5
S214039D78F1F7D4FFBDF80430DA0710D49B0707D4ED
S214039D8810220021204602B0BDE81040E3F74ABF80
S214039D98224621461020FFF7E8FD0028F0D102B03E
S214039DA810BD024608B5F1F7E1FF510544BF083870
S214039DB8C0B2130544BF0838C0B208BDF0B5D30710
S214039DC805460C468BB04AD5008800F0C3FC002332
S214039DD80646029314B9CDE9034403AC00220821CE
S214039DE82046FEF7B9FEA8B12888FEF796FD02308E
S214039DF802F07BFE21460746ECF7AEFB50B1002285
S214039E0840231146384600F005FA40F60945284629
S214039E180BB0F0BD31462888F7F708FA10F0030FA1
S214039E280CBF01260026F1F70FFC46EA4000C0B235
S214039E3800900021204602AB05AAF3F7E1F9054690
S214039E48F1F702FC0028E2D0002DE0D000212046DE
S214039E58009602AB05AAF3F7D3F90546D7E740F60B
S214039E680A45D4E700231A46F3F736B930B58BB05C
S214039E7805AD04462846FCF793FE0223284601A9A7
S214039E888DF81430FDF721F8234601AA144603CCAF
S214039E98AC4218605960224603F10803F6D10BB0AA
S214039EA830BD08B50023024619461846F3F714F9D9
S214039EB8012008BD37B504466846F3F785F9054615
S214039EC848B1082221466846E4F7F8F9B0FA80F064
S214039ED8400903B030BDFF2208212046FEF73CFEAA
S214039EE8034628B106212846FFF7BCFF0120F0E702
S214039EF822460146F3F7F0F8F8E707B56846F3F79E
S214039F0863F910B16846FDF74FF900F0010003B096
S214039F185DF804FB0120F3F72DBE704730B5012426
S214039F28054689B003A8FCF73BFE01A88DF80C404C
S214039F38E1F7FAF99DF806209DF80730AA4209D0FA
S214039F48AB4209D103A88DF80D40E1F78FF901203C
S214039F5809B030BD0024F5E70020F9E700221021F8
S214039F68FEF7FABD70477FB50D4600F582300D2221
S214039F78694600F58070D5F771F96B462A4602AE36
S214039F881C4603CCB44210605160234602F1080213
S214039F98F6D1206810602379137100236B7304B01D
S214039FA870BDF0B585B06A4605460B46164601F100
S214039FB80807144618685968083303C4BB42224680
S214039FC8F7D118680D2220601B7905F582303146D3
S214039FD8237100F58070D5F76DF905B0F0BD38B577
S214039FE804460D46E0F792FCA04205D920462946CA
S214039FF8FFF7B9FF002038BD2820FCE730B500245A
S21403A00885B08DF80040E0F781FCE5B2A84204D895
S21403A018F5F7C8F8002005B030BD69462846FFF7AF
S21403A028C0FF0134EFE738B50446002002F04DFEC2
S21403A038FF2805460FD002F050FE10F0010009D0A5
S21403A048284602F04AFE400840EAC17080F0010044
S21403A05800F0010038BD04F00100FBE70146F8B53F
S21403A06806460020F4F7D8FFFF2801D00120F8BDE4
S21403A078E0F73CFC00240546871CE0F73BFCE3B20C
S21403A088984201D80020F2E735F82430B34203D1CA
S21403A09817F82430002BE9D10134EEE738B50D461E
S21403A0A80121044602F0A8F930B10121204602F046
S21403A0B8A3F92880012038BD20462C8000F020FC18
S21403A0C80130C0B2F7E72DE9F04788B0074689465E
S21403A0D810460DF10A011D469046FFF7DFFF4FF0C5
S21403A0E8000ABDF80A6004463046CDE905AACDF84D
S21403A0F81BA002F065F9031BDBB20B2B28BF0B234F
S21403A10822463146CDF800A005A802F0EBFD48F23A
S21403A1181F039D4243D00BD885F40043012B15D962
S21403A12823464246494628460097FDF78AF833E011
S21403A13848F23A039D42F3D1FEF780FDB8422BD08E
S21403A1482246414605A8FDF7ADF825E09DF81430EC
S21403A15813BBBDF81D40DDF81500DDF8191003AB79
S21403A16803C3204603A9E0F7C5FD0122204603A939
S21403A178FFF70AFAA74206460ED0012103A8F5F709
S21403A188ADF948F201039D4206D12EB9334632464D
S21403A1983946204600F058FC08B0BDE8F0879DF81D
S21403A1A81450002DF8D12F469DF815800234EAB2D4
S21403A1B84245F1D2D200D2B222440823314692B2A3
S21403A1C8009703A8CDE9037702F08CFD03A800F0F7
S21403A1D874F802F07CFD00F05CF80135E7E710B58B
S21403A1E80024418084800480C280038110BD13B597
S21403A1F8BDF81040CDE900340023F5F73DFC02B066
S21403A20810BD13B5BDF8104001900094F5F734FC63
S21403A21802B010BD07B500930123FFF7F2FF03B0A2
S21403A2285DF804FB0123F5F7CDBC38B50546EFF713
S21403A2385FFD0446E0F776FBA40144EA4020284085
S21403A24838BD7047704700207047FF2070470020CE
S21403A25870477047002070474FF6FF70704700201E
S21403A2687047704700207047704700207047704754
S21403A27800207047002070477047704700207047DB
S21403A28870477047002070474FF6FF7070471720D7
S21403A298704770477047704770477047704701208C
S21403A2A870470120704700207047002070477047AA
S21403A2B8704770474FF6FF7070474FF6FF7070474A
S21403A2C80020704700207047002070477047002022
S21403A2D870472DE9F04F002785B081460C467E204F
S21403A2E839469846BDF83CB09DF844A0BDF84C5096
S21403A2F80192ADF80E7002F0BBF80646002800F08F
S21403A308AA8002F041F839467E22E3F78BFC3046F2
S21403A31802F03AF80090304602F036F8B9F1FF0F2B
S21403A3280CBF274644F003073B0A14F44062077041
S21403A33843705FD14FF00808C31C1846424601997C
S21403A348E3F7C2FC034604F44044434484B1790665
S21403A35806D419464FEA1B2201F802BB5A700B466D
S21403A368B4F5004F56D0A4F5404254425441E40095
S21403A378224618460E99E3F7A7FC009A034620449C
S21403A388A0EB02085FFA88F89DB14FF47C521A5383
S21403A398841C284601F0F8FF8346284602F010F886
S21403A3A8C5B22A4659462046E3F7CCFD601902355E
S21403A3B8EDB2B9F1FF0F2FD05246109900F8019B62
S21403A3C8E3F7C0FD08F101015AFA81F12944304642
S21403A3D8EBF7A2FB0C210022FF0007F080071046CC
S21403A3E83943FEF778FAADF80E00E8B9002005B051
S21403A3F8BDE8F08FB2F5006F80F803804FEA18289F
S21403A40880F8048000F1050314BF4FF008084FF0E6
S21403A418020892E70224ABE708EB0A012944304610
S21403A428EBF77AFB0821D6E7304601F0ADFF044682
S21403A438304601F0C5FF0123024621460DF10E0002
S21403A448EBF7D4FB0028D1D10121BDF84820BDF88D
S21403A4580E0001F0E5FFBDF80E00C8E710B50C4680
S21403A468098821B90846F6F7ADFA208008B1012015
S21403A47810BD0220FCE72DE9F04780460F46064646
S21403A488002402F1FF39BC4202D219F8015F25B94C
S21403A498A6EB080080B2BDE8F0879A46A5F131021C
S21403A4A8012A5AF8041B10D83246322D02F8011B2B
S21403A4B806D10134A4B2A74232D30912B21C717072
S21403A4C8013453461646A4B2DDE7342D0CD10334C3
S21403A4D8BC42DDDA0B0A317073700B0C090EB370CD
S21403A4E8321DF170A4B2EBE7A5F13302062A0DD8A4
S21403A4F8303DADB22B19BB42CADA2A463046013C78
S21403A508E3F7E2FB15FA84F47219EBE7A5F14102C7
S21403A518062A01D8373DECE79D8803F1080AE9E7E0
S21403A5281646B5E770B5054600880C4601F048FFA1
S21403A538A04228880AD201F043FF0023221A1946AC
S21403A5482846BDE8704092B2EBF750BB2146EBF7BE
S21403A558E3FA002070BD38B5054601F015FF04463A
S21403A568284601F02DFF002201462046BDE8384064
S21403A578FEF7EEB9F8B516460C461D46BDF8187034
S21403A58801F002FF0444304601F0FEFE3A46411944
S21403A5982046BDE8F840E3F797BB70B50C46013193
S21403A5A889B20646F6F742FE214605463046F6F7D2
S21403A5B83DFE00EB052080B270BD1FB50123ADF844
S21403A5C80C2000930A460223014603A802F08AFBDE
S21403A5D805B05DF804FB0FB437B5069D0021A8B295
S21403A5E801F046FF044601F0CFFE2CB1002207AB6C
S21403A5F80193D1B28D4205D8204603B0BDE830405A
S21403A60804B0704753F8041B81540132F1E773B55D
S21403A61804460D4640200021164601F029FFADF8F2
S21403A628060001F0B1FEBDF8063013B9002002B0EB
S21403A63870BD402133462A462044FFF71CFF2118E5
S21403A64889B20DF10600FFF76DFF0028EED1BDF8BD
S21403A6580600ECE70EB403B503AA52F8041B0192EE
S21403A668FFF7D5FF02B05DF804EB03B070472DE99A
S21403A678F7430F4601218146164601F0BDFE0546FF
S21403A68858B1FFF768FF308088B9284601F098FE6E
S21403A69868B1192003B0BDE8F083484601F090FE80
S21403A6A8FF2FA0EB0704E4B214D014B934800020BB
S21403A6B8F0E72A4621462846FEF74AF98046002848
S21403A6C8E7D03B464A4629460094FFF753FFA6F8C9
S21403A6D80080ECE70120DDE708B5FEF71EF94378AE
S21403A6E803F001001A074CBF10300830DB0644BFDE
S21403A6F80830C0B21030C0B208BD10B50C4601F021
S21403A7085FFEA04234BF0020012010BD7FB514466B
S21403A7180091024641F2092141F609209DF820607E
S21403A7281D46002E18BF0146099B0020F6F7A6FD16
S21403A738ADF80E0010B9002004B070BD01232A46F8
S21403A74821460DF10E00EBF751FA0028F3D1BDF8B8
S21403A7580E00F1E738B50546FFF7BEFF0446284660
S21403A76801F02EFE631C9BB283420FD82846FEF7E1
S21403A778D4F843785B0707D521462846F6F756FDEF
S21403A788013004EB4004E4B2204638BD0024FBE75E
S21403A7981FB5ADF80E0001F013FE0446BDF80E0013
S21403A7A8FFF7D8FF00F10E03DBB2BDF80E20014613
S21403A7B8E01A80B200901046FFF7DCFEA4F10E0103
S21403A7C889B20DF10E00FFF7ADFE04B010BD427856
S21403A7D8034612F0080006D0D20702D403F1080095
S21403A7E8704703F10900704737B505460C46FEF770
S21403A7F894F8437813F0100212D09CB103F00102C8
S21403A8081B074FF000032946009320464FF0080322
S21403A81854BF1832203202F065FA012003B030BD67
S21403A8281046FBE72046F9E700F00303012B08D0A0
S21403A838C30606D400F00C000C2814BF0820092011
S21403A848704702207047034611F0030005D003F053
S21403A8580303022B14BF022003207047F8B50C46E7
S21403A868064601F0ADFD631C834202D9002528463F
S21403A878F8BD21463046F6F7D9FC0746FFF7D4FF5E
S21403A8883B060546F3D50444304601F099FDA4B2C9
S21403A898631C9BB28342E9D821463046F6F7C6FCCA
S21403A8A801463846FFF7CFFF2844C5B2DFE770B541
S21403A8B806460D46FFF7D2FF044610B90024204685
S21403A8C870BD29463046F6F7B1FC8206F7D5304602
S21403A8D801F076FD2544ADB26B1C9BB28342EDD8DE
S21403A8E829463046F6F7A2FC00F01803082B14BFD7
S21403A8F805340634E4B2830644BF0834E4B2DEE71C
S21403A90838B50546FFF726FF044608B9002038BDC4
S21403A91801462846FFF7CBFF0028F7D02044C0B2ED
S21403A928F5E72DE9F04387B005460C46FDF7F5FF36
S21403A938804602F0DAF807462846FFF70BFF064676
S21403A94801462846FFF78AFF002203460092294657
S21403A958324602A802F0C6F99DF8086006F00C0312
S21403A9680C2B06F003090BD0B9F1010F59D0F106E9
S21403A97857D49DF809300DF10A050020637107E0E6
S21403A988FF230DF10900637102F0AFF80DF10B0513
S21403A998208198F80130DA0704D508F1020002F09E
S21403A9A8A4F82081B9F1010F5FFA89F83DD0F306C0
S21403A9B83BD4284602F099F86080A81C02F095F864
S21403A9C8053515F8013C208023712B78B006A37251
S21403A9D806F0400348BF43F02003390627D543F45F
S21403A9E80073F80448BF43F48063390548BF43F44B
S21403A9F800633206E38011D56A7812F003020DD09D
S21403AA086FEA43436FEA5343A978B8F1020FE3802A
S21403AA180B4611D1EB7841EA0321218107B0BDE843
S21403AA28F083FF230DF10905A7E7FF23CCE77A0692
S21403AA3848BF43F48073D4E7012A04BF0B029BB2D2
S21403AA482381EBE7F7F7CCB80BB1F7F735B90AB9B3
S21403AA58F7F7AEB9FF21F7F7D7B8431C08BF0020AE
S21403AA68E4F7B6B9034B5868C0F30800003818BFB4
S21403AA780120704700ED00E0014B1868704700BFDF
S21403AA8858660020084B1B6F03F00703022B04D0FD
S21403AA98032B05D0012B05D0FEE7044B1868704737
S21403AAA8034BFBE7034870470080005058660020B6
S21403AAB860660020002D310108B5FFF7E3FF054B5C
S21403AAC81B6FC3F303330133B0FBF3F0024B186079
S21403AAD808BD00BF00800050546600200048704739
S21403AAE800B4C40400487047002D3101014B1868B0
S21403AAF8704700BF60660020014B1868704700BFA8
S21403AB085C660020B8B1036813F4E07F03F03F00E7
S21403AB18C3F382120AD0012A0DD1084B41B103F5BB
S21403AB288053012282401A6000207047044BF5E7E1
S21403AB3803F50053F5E70E20704700BF6880005002
S21403AB486480005007B500F095FC6A4600F0F2FCF6
S21403AB5818B14721034801F0EAFEDDE9000103B016
S21403AB685DF804FB41D603000229F8B596BF104BDF
S21403AB7800245C5C012805460E4608D0022809D046
S21403AB8808B944F002040B4B1F6837B9F8BD44F004
S21403AB980804F8E744F02004F5E77B681A681442CB
S21403ABA803D0314628465B6898473F68EDE700BF01
S21403ABB866700400303E002038B5104D2B78ABB1D4
S21403ABC80F4C23781BB100F04FFA002323700020A4
S21403ABD801F0C0FE0B4C50B100F098FA0023012197
S21403ABE820782B70FFF7C0FF0123237038BD01229E
S21403ABF8054B1A702278054B1A70F7E7355C002068
S21403AC08335C00203B5C0020365C0020375C002069
S21403AC180E490B78FF2B01D198B170470BB990B941
S21403AC287047002814BF0122FF2213440B7060B13B
S21403AC38074B1B78012B08D9064B1B782BB9FFF754
S21403AC48BBBF1A46F1E70122EFE770473A5C0020DC
S21403AC583B5C0020365C002010B501F0D4FD064BA3
S21403AC6804461B781BB1BDE8104001F0C7BDFFF7CB
S21403AC78A3FF2046F7E700BF325C002002282DE931
S21403AC88F04147D029480378FF2B41D1002941D109
S21403AC981A461344DBB2037000293BD0244E32789D
S21403ACA8012A37D9002B3ED001F0ADFD214F0446CB
S21403ACB83B780BB3204D2B781BB901222A701F4A09
S21403ACC81370DFF87C8098F8003023B100F0CCF9D5
S21403ACD8002388F80030204601F090FD012001F09B
S21403ACE839FE01F090FD2B7804461BB100F00EFAEE
S21403ACF800232B7000233B70204601F07FFD0124C0
S21403AD083078A04206D02146FFF72EFF347001E0C4
S21403AD1813B931B9BDE8F081002914BF0122FF2217
S21403AD28B7E70122B5E70224EAE700BF3A5C00204A
S21403AD383B5C0020355C0020325C0020365C00203B
S21403AD48335C00202DE9FF47EFF3108572B6AFF3A7
S21403AD58008001F0D4FE002800F0A4806B4E6C4FF0
S21403AD68337823B10020FFF753FF00233370387876
S21403AD7878B903A900F04EFB044650B9654B039A0D
S21403AD881B689A4200F296800120FFF741FF0123D1
S21403AD9833703B78002B40F0AB805F4B1B78002B5F
S21403ADA800F0A3804FF002085C4CDFF890912078FF
S21403ADB8DFF88CA140450AD0002389F800309AF8BA
S21403ADC8003013B94146FFF7CFFE84F8008099F8A0
S21403ADD800303BB12378022B04D1002389F80030D6
S21403ADE801F0D7FEB8F1020F0FD1DFF82C8198F8DF
S21403ADF8003053B94A4B1B7823B900F02FF90122C8
S21403AE08484B1A70012388F80030207800F0FEF8C3
S21403AE189AF8003013B1444B1B782370AFF30080C5
S21403AE28284601F092FDEFF3108572B63F4B1A7869
S21403AE3852B100221A703C4B20781B78984203D1F3
S21403AE4801212170FFF790FE394800F0A3FA01F0BC
S21403AE586AFE8046002883D12F4F89F800003B7886
S21403AE689BB1DFF8C0908AF8000099F800301BB150
S21403AE7800F0FAF889F80080002001F06BFD00283E
S21403AE8839D000F043F900233B70337823B1002010
S21403AE98FFF7BEFE0023337000212078FFF764FE19
S21403AEA800232370AFF30080284604B0BDE8F047BC
S21403AEB801F04BBD1F4BD3F8008000F061F9039BEC
S21403AEC880449845BFF460AF00F054F982000399B4
S21403AED842F0020292B2CDE900422346164AA1EB9B
S21403AEE80801134801F038FD53E700F0A1F859E7C5
S21403AEF84FF0010858E7012000F088F8284601F0CB
S21403AF0824FDEFF3108572B6B6E700BF345C002065
S21403AF183A5C0020383E0020355C00203B5C00206D
S21403AF28395C0020335C0020375C0020305C00204E
S21403AF383C3E0020343E002061AC0300385C002011
S21403AF48365C002010B501F05EFC0022054B1C7829
S21403AF581A7001F053FC00F021FBE4B22043C0B2A0
S21403AF6810BD00BF315C002038B501F04CFC094B1E
S21403AF7805461B78012B04D801F040FC0024204624
S21403AF8838BD054B1C6800F0FBF80444284601F05E
S21403AF9835FCF4E73B5C0020343E00201649174A8C
S21403AFA80B6F10B503F007031360154A154C926927
S21403AFB8032B02F00200C2F3400222701AD0D1F823
S21403AFC8203103F00303022B14D0D1F8243103F005
S21403AFD807039C1E634263410B4A137048B143B987
S21403AFE8054BD3F8003103F00303591E4B424B417C
S21403AFF8137010BD0123EFE700800050983E002031
S21403B00800C00150405C0020415C0020012805D0A8
S21403B0180238012808D80020D1F7C2BC034A1369AE
S21403B02823F00403136130BF704700BF00ED00E050
S21403B038074A0849D2F8203103F003030B60D2F815
S21403B0482431054A03F007031360F8F79FBA00BFD5
S21403B05800800050A43E0020A03E00200122014BA1
S21403B0681A7070473F5C0020F8B51F4B1B78002BFF
S21403B07839D01E4C2378B3B91D4B9A6DD10302D52C
S21403B088DA6D92072FD49B6DDB072CD401F0A7FC4F
S21403B098184B194A1860136F23F0070343F003038A
S21403B0A81367FFF709FD01F09AFC124B134D1B6853
S21403B0B8134EC01A2B78134F56F8232046F823004E
S21403B0C8111A3A681048521A0A213A600932B2FB32
S21403B0D8F1F20133DBB20260B3FBF1F201FB123388
S21403B0E82B7000232370F8BD415C00203E5C0020D3
S21403B0F800C00050903E0020008000503D5C0020B9
S21403B108683E0020643E0020603E002008B5F8F73D
S21403B11840FA124B12491A6F096822F007020A43CB
S21403B1281A671049D3F82021096822F003020A4354
S21403B138C3F820210C49D3F82421096822F0070212
S21403B1480A43C3F82421094B1B7813B10122084B81
S21403B1589A62BDE80840FFF7AFBC00BF0080005006
S21403B168983E0020A43E0020A03E0020415C00201C
S21403B17800E00050014B1878704700BF415C002080
S21403B188054B187818B1054B186800EBD000044B2C
S21403B1981B681844704700BF415C0020603E0020CF
S21403B1A8943E002008B5104B1A78C2B100221A70D4
S21403B1B80E4B1A6F22F0070242F001021A67D3F801
S21403B1C8202142F00302C3F82021D3F8242122F0D9
S21403B1D8070242F00302C3F82421FFF76DFC01229D
S21403B1E8034B5A6708BD00BF3F5C00200080005031
S21403B1F800E000500D490B68A0B10022A3B18342BA
S21403B20803D1836822B90B6003E01A469B68F5E707
S21403B218936083680BB9002070475A6941690A44EA
S21403B2285A61F8E72220704702207047B03E002094
S21403B23810B501F0F0FB0A4C0A4B19682368C31AC9
S21403B24809B9206010BD002BFBD04A699A423ABF61
S21403B2589B1A0022D21A4A6128BF00238968EFE79F
S21403B268AC3E0020B03E002038B5154D2B682BB3F6
S21403B2785B69B3B1134A022014681C4400F088FAC9
S21403B288204600F047FA00220F492B680A70012A65
S21403B29805D823B1D88880070AD501230B70002068
S21403B2A838BD022000F074FA022000F093FAEAE7A9
S21403B2B89B68002BF3D058690244E8E72220EFE79F
S21403B2C8B03E0020AC3E0020435C0020C38870B527
S21403B2D804460D463BB9FFF747FE8542064602D2AB
S21403B2E8F9F70CF935460E4A656113689BB914607D
S21403B2F8A3600FE02D1A986819466561034618B1CE
S21403B3085869A842F6D941B18C60A36013B15A694B
S21403B318521B5A6170BD0021F2E71460F5E700BFBF
S21403B328B03E002070B516469DF81420C0E90336D3
S21403B3380271049ABDF818300260002204460D46CE
S21403B3488260C38006BB01F066FB2844A0613DB952
S21403B358E368656113B120462168984796B1354678
S21403B36801F051FA0646FFF763FF29462046FFF722
S21403B378ADFF074B1B68A34201D1FFF775FF3046A5
S21403B38801F03CFA002070BD01F045FB3044DDE7D0
S21403B398B03E0020F8B50546D0B101F034FA0646AB
S21403B3A8FFF746FF0B4B28461F68FFF723FF0446A5
S21403B3B820B1304601F022FA2046F8BDAF42F8D154
S21403B3C8FFF752FF2228F4D1022000F0EDF9F0E748
S21403B3D82224F1E7B03E002038B50C460546A8B14E
S21403B3E8A1B100230B7001F01BFA0121084B1B685F
S21403B3F833B901F010FA002038BD9D4204D12170FC
S21403B4082278002AF9D0F4E79B68F1E72220F3E7CD
S21403B418B03E0020F8B506460F4601F001FA0025AF
S21403B4280446124B1B6823B9204601F0F4F91B2087
S21403B43811E05A691544DA88B2420DD101F0EBFAE5
S21403B4480B4E3368C01AA8420AD3002320463B6033
S21403B45801F0E1F90020F8BDFF2EEFD09B68E2E784
S21403B46801F0D9FA33682B441B1AEFE7B03E0020E5
S21403B478AC3E002070B501F0D3F9064601F0CBFACE
S21403B488084B044601201D6801F0B5FA18B101F00F
S21403B498C2FA04460135304601F0BDF9204629466E
S21403B4A870BD00BFB83E0020014B1868704700BF48
S21403B4B8B43E0020F8B50C4B05461B680E4683427F
S21403B4C80FD3002440F2E7302146084B4FF47A7234
S21403B4D81F680023E5FB0701E2F738F830602046CB
S21403B4E8F8BD2120FCE700BFA83E0020B43E00209C
S21403B4F80F4B10B51A689AB14FF47A71531E13425C
S21403B508A0FB01010ED1B2FA82F2C2F11F04531C4A
S21403B518D243E04001FA03F3184321FA02F2024346
S21403B528104610BD0023E2F711F80246F8E700BFFD
S21403B538B43E002038B5164B14468342154B8B4150
S21403B54823D3154B1A6802B34FF47A75A0FB050389
S21403B55805FB0131531E134211D1B2FA82F3C3F12C
S21403B5681F055A1CDB4301FA02F2E84021FA03F3EB
S21403B57810431843E940C4E90001002038BD0023FE
S21403B588E1F7E4FFC4E90001F7E72120F6E700BF87
S21403B598EFA7C64B37894100B43E002010B501F02B
S21403B5A83FF9034B1C7801F036F9E4B2204610BD88
S21403B5B8425C002008B5084B1B7803F0FF004BB12C
S21403B5C801F00DFA054B1B689B69C01A02288CBF4D
S21403B5D80020012008BD00BF435C0020B03E0020C9
S21403B5E8C2072DE9F843044607D5474A13680133CB
S21403B5F81360FFF71DFEFFF737FEA30740F18180B0
S21403B60801F00EF94FF0000805464646FFF710FE10
S21403B6183E4F3C680CB16369A3B100223C4B012E34
S21403B6281A7003D118F0020F18BF1E70FFF71CFE1E
S21403B638222802D1022000F0B7F82846BDE8F843CE
S21403B64801F0E9B823465A693AB91A792179914239
S21403B65888BF1C469B68002BF5D1284601F0DBF80B
S21403B668D4F81080B8F1000F3FD001F0D4F9A269DE
S21403B678851AEB17454573F1000337DB2369134433
S21403B688A36101232269CAB1C3B9A38BB8EB050822
S21403B69833B1E28B13449BB2B3F57A7F1CD2E383B0
S21403B6A801F0BEF8054641462046FFF70FFEA3699C
S21403B6B8226928461344A36101F0ADF8E36813B181
S21403B6C8204621689847B4F8068001F0A9F80136A1
S21403B6D80546FFF7ADFD9CE7A3F57A73E383A369F5
S21403B6E818F1FF38013BA361DAE7454601F098F8FD
S21403B6F881462046FFF77EFD484601F08CF8002376
S21403B708C0E7BDE8F88300BFB83E0020B03E00207F
S21403B718425C002010B5044601F075F84FF0B042BD
S21403B728936A1907FCD4136A116C5269520604D437
S21403B738CA1A032A01D899420ED1E21A022A98BFD6
S21403B748DC1CB4F1FF3F38BF013C4FF0B043402246
S21403B7581C6403F580539A6101F050F8054A137880
S21403B7683BB14FF0B041CB6B43F00203CB630023EE
S21403B778137010BDCB6B002007B5044B01A91879CD
S21403B78801F06AF8019803B05DF804FBB06E040094
S21403B79800F001038207034A48BF43F0400393615E
S21403B7A8704700BF00100058820700F001030AD54F
S21403B7B80121064A43F0400311704FF0B041CA6BAB
S21403B7C822F00302CA63024A93617047CB6B0020D8
S21403B7D800200058830742BF4022014B5A61704736
S21403B7E80010005873B502AB164603E90600044674
S21403B7F800F052FF0546204600F05EFF9DF8002045
S21403B8088DB1202C33780ED8012B2ED84FF6FF7522
S21403B8182D4803EB4313234430F81310A94202D0F0
S21403B828013120F81310294B294E33F8141036F833
S21403B8381400814232D34FF6FF75A9424FF0010533
S21403B84802D0013123F8141004F0FD01092927D189
S21403B858998AB68A0A44B242B4BF9A829E8233F859
S21403B8681430834227D202B070BD022BDBD14FF6C9
S21403B878FF704FF6FF75144B33F81410814218BF48
S21403B888013104F1210018BF23F8141033F81010FF
S21403B898A9421CBF013123F81010C4E70025D0E7DE
S21403B8A81D2CDCD1598F8E18864203DA01390A44D7
S21403B8B85A87D4E75887002DD5D1204602B0BDE86D
S21403B8C8704001F0C3B800BF485800202059002034
S21403B8D8CC58002038B50D46044600F0A1FF064AAA
S21403B8E813889BB22DB123431380BDE8384000F07C
S21403B8F892BF23EA0403F7E7265B00200022034BE4
S21403B90801214FF480701A70FFF7E4BF57620020D6
S21403B91808B5054B1868FCF74AFD00F00300C31E7C
S21403B9285842584108BD00BF4055002038B5044664
S21403B93801F02AF90C4B05461978187981420FD07D
S21403B948631E082B0CD8DFE803F0050D0B0D0B0D53
S21403B9580D0D0D0000220146044B1868FCF725FD63
S21403B968284638BD0022F7E7F96B0020405500202B
S21403B97838B54FF0FF300C46FFF76FF80A4B05460D
S21403B9881868FFF76AF8641B241A20B210F1630FCD
S21403B99806DB10F1240F05DA64308000C0B238BD28
S21403B9A80020FCE7FF20FAE74055002008B5134BB4
S21403B9B81B78062B04D040F62101114800F0B7FF88
S21403B9C8104B1B881B0704D440F622010C4800F0D2
S21403B9D8AEFF0D4B2A201978FFF7A8FF0021082091
S21403B9E8FFF778FF0222094B1A70094B1868E8F725
S21403B9F831FABDE8084001F016B800BF57620020C8
S21403BA08646B0400265B002054620020256C00202B
S21403BA184055002010B50E4C236823B940F6A341C1
S21403BA280C4800F084FF2068013001F05EF800F04F
S21403BA38070003280AD1246809220121204600F0BA
S21403BA48E3FB205C031F5842584110BD0020FCE767
S21403BA5830550020646B040038B50C4640B100210D
S21403BA680420FFF737FF00F0DEFF012C1DD038BD9A
S21403BA78244B1B889B07F6D50129234A2FD1117817
S21403BA8869B30139C9B2117011B92020FFF722FF33
S21403BA9800210220FFF71EFF04221C4B00211C482E
S21403BAA81A7000F05DFD00F0BEFF1A4C20680130E6
S21403BAB801F01BF800F44060B0F5006F1FD124684E
S21403BAC801210422204600F09FFB204401F00DF8D4
S21403BAD80146BDE838400022202000F0CFBF0021F1
S21403BAE80D4D02201170FFF7F5FE2B78FF2B04D0BF
S21403BAF840F29961094800F01AFF2C70B3E74FF635
S21403BB08FF71E6E7265B0020566200205762002096
S21403BB187069002030550020266C0020646B0400F2
S21403BB2838B5134C05462388580709D5FFF7F0FEA2
S21403BB3801460720FFF7FAFEFF210120FFF78CFFD7
S21403BB48238899070BD50B4B284619788A1F514229
S21403BB585141FFF7EBFE01210020FFF77DFF238805
S21403BB681B0703D5BDE83840FFF720BF38BD00BF25
S21403BB78265B002057620020F7B5124CD4E900650F
S21403BB8886EA020C85EA03070CEA000C0F405CEA17
S21403BB98070E15D086EA0C067D40C4E90065CDE994
S21403BBA800230B46084902460868FCF707FD38B128
S21403BBB84FF4FD71054803B0BDE8F04000F0B7BE8A
S21403BBC803B0F0BDB015002040550020646B040098
S21403BBD808B50A4B1B88DB0604D440F64701084819
S21403BBE800F0A5FE00211020FFF774FE002000F0E9
S21403BBF86BFBBDE8084000F016BF00BF265B0020BD
S21403BC08646B04002DE9F04F5706804614461D461C
S21403BC1891B005D5FFF77CFE01460120FFF786FEA7
S21403BC28EE0403D500212D20FFF780FEA00224D5BD
S21403BC384046FCF740FD0146F8B94020FFF74AFEA8
S21403BC4840460AA9FCF738F8B8B99DF83030022BF5
S21403BC5840F0D980BDF8280001F039F8FF2808D14C
S21403BC684046FCF727F840B901214020FFF732FE8B
S21403BC7803E001F030F80028F2D1A10305D5FFF759
S21403BC8847FE01460320FFF751FEE20104F08076E3
S21403BC9840F1C080854B1B889B072DD5844E3068A2
S21403BCA8FBF79FFF40BB834B834F18703B78FF2BF4
S21403BCB804D040F25761814800F039FE4FF000097E
S21403BCC800210220FFF706FE87F800907C4F3B789A
S21403BCD8062B07D101210820FFF7FCFD494628203B
S21403BCE8FFF724FE3B78052B06D100212B20FFF710
S21403BCF81DFE3068E8F7AEF800F095FE220717D564
S21403BD086B4F0321386805AAFBF785FF064620B95B
S21403BD1840F2C961694800F00AFE9DF81430072B03
S21403BD2800F0D080FFF7F4FD01460420FFF7FEFD80
S21403BD38E10505D5FFF7ECFD01460420FFF7F6FD00
S21403BD4814F4863F05D0FFF7E3FD01460220FFF70C
S21403BD58EDFDA20113D5FFF7DBFD01460820FFF72B
S21403BD68E5FD00210420FFF7B5FD554B1B78012B95
S21403BD7803D14F4B1868E8F76DF800F054FE14F03B
S21403BD88084F09D0FFF7C4FD01460720FFF7CEFD8D
S21403BD98FF210120FFF760FEA30009D5FFF7B8FDD2
S21403BDA801460620FFF7C2FDFF210120FFF754FED8
S21403BDB8A70705D53D4B1B881E0701D5FFF7F6FDDC
S21403BDC86C0603D500210A20FFF7B0FD280602D526
S21403BDD80120FCF782FCE90540F1858140460AAA62
S21403BDE805A9FCF7E0FA9DF81430222B00F06D81C4
S21403BDF800F28281152B40F26A8140F60A112F4819
S21403BE0800F095FD6FE1032B7FF437AF0AA800F027
S21403BE185AFF30E705F0020756EA07030DD0284B0A
S21403BE2826201978A1F1060EDEF1000141EB0E017A
S21403BE38FFF77CFD0121304611E004F0805656EAF0
S21403BE4807030FD01E4B26201978A1F1060CDCF148
S21403BE58000141EB0C01FFF769FD02213846FFF7A5
S21403BE68FBFD4BE704F0884151EA060309D0144B5F
S21403BE78272019788F1F79427941FFF757FD02214A
S21403BE88D9E705F008030B4302D02320FFF74EFD3E
S21403BE98680703D500212420FFF748FDE9077FF547
S21403BEA82DAF00212520FFF741FD27E7265B00205D
S21403BEB84055002056620020266C0020646B040060
S21403BEC857620020314638680AAAFBF7AAFE20B153
S21403BED84FF4DA619E4800F02AFDBDF8163038683C
S21403BEE802330AA9ADF82C30FBF79DFE20B140F2C9
S21403BEF8DF61974800F01BFD0023009331460423B7
S21403BF08386804AAFBF791FE042804D040F2E461DB
S21403BF188F4800F00CFDDFF8589299F80030C3BB41
S21403BF280DF1110000F0E1FD00F00700022830D102
S21403BF38FFF7EEFC01460920FFF7F8FC854B1B7854
S21403BF48062B23D1844B9DF813201B789A421DD1C8
S21403BF589DF8353023B940F2FA617D4800F0E7FCD6
S21403BF680DF1110000F0C1FDC0F30016314629207B
S21403BF78FFF7DCFC00210820FFF7ACFC774B1E70AC
S21403BF88FFF748FD10B93868E7F764FF00F04BFD84
S21403BF98CEE6BDF816000121083080B200F068FA34
S21403BFA8039030B9FFF7B4FC01460420FFF7BEFC44
S21403BFB8ECE700F0E9F905AA014606463868FBF7F8
S21403BFC83CFE99F800A0BAF1000F22D106F1010B46
S21403BFD8584600F08AFD83065AD53868FCF76BFB8B
S21403BFE80746FFF795FC05370146F8B2FFF79EFCB0
S21403BFF8584600F07AFD00F007000328584F2DD066
S21403C00801210420FFF766FC4FF0FF30FBF734FEF0
S21403C018386000225349BDF816300978F718F154EA
S21403C0289DF83630BB709DF83730FB700A9B190EA7
S21403C0383971190C7971FB71190A99F80030B971BD
S21403C04823B9737892B343F020037370002000F08B
S21403C05869F97870039800F071FA97E701210922C5
S21403C068304600F0D1F8305C01210428C9D1FFF727
S21403C07831FC4FF0FF30FBF7FFFD3B4B38601B8866
S21403C0885806C6D551464020FFF724FC0122C1E7CF
S21403C098FFF73EFC01460920FFF748FC2D4B1B78AB
S21403C0A8012BB6D13868E7F7D5FEB2E723F02003AD
S21403C0B8CBE701227E33DBB202FA03F313F00A1F3F
S21403C0C831D113F0011F3FF498AE27202CE001224C
S21403C0D802FA03F3254A1A402ABB13F0041FF4D1C5
S21403C0E8DA077FF58AAEAB052FD50121802011B07C
S21403C0F8BDE8F04FFFF7EEBB652B1AD8622B12D8B4
S21403C108452B0CD8422B0ED8352B06D8322B0AD8FB
S21403C118252B08D9322BD8D06FE6422BFBE7552BB5
S21403C12805D8522BF7D92620FFF7FAFCDBE7622B54
S21403C138F1E7952B3FF661AE812BBAD8722BC4D0A4
S21403C148733B022B3FF659AEEDE711B0BDE8F08F0F
S21403C158646B04005762002053620020256C00209D
S21403C1682C550020276C0020265B00203A00380058
S21403C1785A620020024B1878B0FA80F040097047DC
S21403C1885762002008B5064B4FF0FF311868FCF7D6
S21403C19830F90028B8BF033040F3870008BD00BF56
S21403C1A84055002008B5074B1868FCF79CF930B1D2
S21403C1B8054BB3FBF0F083B20BB1184608BD01205C
S21403C1C8FCE700BF4055002040420F0038B510205A
S21403C1D80C460121FFF77EFB064B1D68FFF7E2FFBF
S21403C1E8012200FB04F1044B2846FCF7E7F800207D
S21403C1F838BD00BF40550020D9BB0300014800F0F6
S21403C20896BB00BF7E6B0400032A70B5144602D89B
S21403C2182C4B985C70BD81F0010519B90D2A07D11E
S21403C228FF20F7E70D2A03D100780538C0B2F1E7F7
S21403C238084400F05AFCC5F1040110F440660246AF
S21403C248C9B209D1042C0846E4D0052C16D112F03D
S21403C258400F18BF0846DDE7C5F10603042CD8B21D
S21403C268D8D0B6F5006F03D1C5F10805E8B2ECE7F8
S21403C278B6F5406FE9D1C5F10E05F7E712F440416C
S21403C28807D1062CC6D0072CC4D0082C13D10130EE
S21403C298CCE755065CBF831CD8B2062CBAD0B1F5DA
S21403C2A8004F02D1831CD8B2EDE7B1F5404FEAD16F
S21403C2B800F10803F7E7130744BF0530C0B20C2C98
S21403C2C8A8D9ADE7A4CE0400AC2370B5094C05463F
S21403C2D803FB00435E6D26B940F2FD31064800F0C5
S21403C2E826FBAC2303FB0544002363653346BDE8FE
S21403C2F87040184744550020BB6B040010B40C4626
S21403C3081146AC22064B02FB0033586D20B95C6518
S21403C3185DF8044BFFF75ABF02205DF8044B7047DD
S21403C32844550020AC22034B02FB003393F8A800C5
S21403C338704700BF4455002028B1034B1B68C01A3A
S21403C3484010013080B270470456002030B1044BC9
S21403C35800F100401B68013803EB4000704700BF3C
S21403C36804560020064B1B68834206D8054B1B68F9
S21403C378834294BF0020012070470020704700BF07
S21403C388045600200056002010B5044608B90020BD
S21403C39810BD00F00BFC20B940F2CD41074800F071
S21403C3A8C6FA2046FFF7D2FF0028F0D00388DB0B37
S21403C3B814BFD0F80A000830EAE700BF926B0400FF
S21403C3C810B508B9002010BDFFF7C0FF044600F0FB
S21403C3D8E4FB20B94FF49D61064800F0A8FA002C48
S21403C3E8F0D02388DB0B0ABF60882089C0F30C00D3
S21403C3F8E9E700BF926B040038B5FFF7A7FF0D46C1
S21403C408044650B100F0C9FB20B940F24151034835
S21403C41800F08DFA023534F8150038BD926B040027
S21403C42870B5FFF793FF0C4616460546B0B100F005
S21403C438B4FB20B940F24D510C4800F078FA304668
S21403C448FFF784FF00F0A9FB20B940F24E510748D6
S21403C45800F06DFA023425F8146070BD40F25251AC
S21403C468BDE87040014800F062BA00BF926B040052
S21403C4782DE9F8430746884600F0FBFA20B940F250
S21403C4888E512A4800F053FAFC1CA408284B640073
S21403C4980434B7F5005F1E68A4B204D340F295517E
S21403C4A8224800F044FA00F0BBF9224981460B689B
S21403C4B87BB9214B1D68761BC6F34F06B44227D9B2
S21403C4C80025484600F0A7F92846BDE8F843FFF7D5
S21403C4D833BFB8F1000F11D0174A15685A1BC2F3B9
S21403C4E84F029442ECD81448620005EB44040460F7
S21403C4F8B8F1000F0FD113440B600CE0F61AC6F31D
S21403C5084F0676B940F2A651084800F010FAD7E766
S21403C51805EB44041C6000236F80AB80EB802B8004
S21403C528CFE7B442CCD8044A1568DCE7926B04001C
S21403C53808560020F05500200056002038B505465A
S21403C54800F06EF9044629460448002200F03BFB37
S21403C5582046BDE8384000F05EB900BF2C5B0020DB
S21403C56882684B4B2DE9F0419A4204460E4605680D
S21403C57815D121B140F21311464800F0D8F900F05E
S21403C5884FF923691BB92B682BB924612C60BDE8C6
S21403C598F04100F040B91A6922611C61F6E700F021
S21403C5A8BFF98046FEF75EFA20B14FF49571394815
S21403C5B800F0BDF96FF000439E4221694BD22B7BF6
S21403C5C808EB0602002B4DD0AB6893424AD1531CA6
S21403C5D8002949D06169994242D01EB9521AB2F16C
S21403C5E8004F3DD9636123696E689C4203D19D2140
S21403C5F8284800F09CF92F460023B4420BD0002BA2
S21403C60841D172696169891AB1F1004F32D832692A
S21403C618374694422CD12269BD420CBF6A603A6100
S21403C6287BB92669B44203D1B8211A4800F07FF9CA
S21403C6383B46012E05D062697169521AB2F1004F62
S21403C64823D99D420BBF6B681A69236122610CBF0D
S21403C6586C601C6104E0434431B162699342C1D102
S21403C668BDE8F0811346B3E76A6822616C60B9E7F0
S21403C6781646C6E7A8EB0202B2F1004FC7D93B46F7
S21403C68837463669B9E71F46F9E733463669D0E7CA
S21403C698195D0200A66B04000823064A12F8011B5C
S21403C6A8814205D0013B13F0FF03F7D118467047C4
S21403C6B80120704755CF04000823064A12F8011BC9
S21403C6C8814205D0013B13F0FF03F7D118467047A4
S21403C6D8012070474DCF040010B5082207490446C9
S21403C6E8E1F7ECFDB0FA80F04FF6FF7322894009B4
S21403C6F840009A4208BF40F0010010BD66CF040010
S21403C70830B504460D4685B002B9084A1068516824
S21403C71801AB03C301AB03CB20602046ADF80C5036
S21403C7281B886160238105B030BD00BF66F4030033
S21403C738002270B50A4B1C780A4BD5B2AC4202D815
S21403C74800200C7008E01E880132864205D30D705F
S21403C7581B881B1A5842584170BD1233EDE700BFB9
S21403C768D1610020CC5A002010B5164B187860B15A
S21403C778154C2368CBB14FF4707200201349FFF7AA
S21403C788BDFD2368013B236010BDFFF7FBFC104982
S21403C798104A91F90040136884420B4C03F10103D5
S21403C7A813602368B8BF087053B90B4800F033FA10
S21403C7B80028E9D1BDE8104001460748FFF7D0BE78
S21403C7C80822DAE7A76200207C56002071C7030018
S21403C7D8A2620020745600203C6B0020054B1B68A1
S21403C7E82BB9054B1868003818BF0120704701207D
S21403C7F8704700BF6C5600206856002010B962B612
S21403C808BFF36F8F7047EFF3108072B6704730230D
S21403C81883F31188704780F31188BFF36F8F7047CF
S21403C828EFF31180302383F3118870470020704795
S21403C8384FF4004070474FF47A70704701224178EE
S21403C84803788A4030214B4341F2100103F1A04399
S21403C85803F570335A50704709B100F008B8222020
S21403C86870470121FEF74EB90021FEF74BB970B5A4
S21403C87806460D46FFF7D4FF04461D2E48D8DFE8C4
S21403C88806F00F18471D20234726292C47472F3223
S21403C898473538473B473E47474447474747474157
S21403C8A8FEF7F0F8002628602046FFF7B4FF304668
S21403C8B870BD4FF4C070CFF7DFFCF3E74FF420707A
S21403C8C8F9E74FF44070F6E74FF46070F3E74FF478
S21403C8D80070F0E74FF48060EDE74FF49060EAE706
S21403C8E84FF4C060E7E74FF4F060E4E74FF4B06056
S21403C8F8E1E74FF4D060DEE74FF4E060DBE74FF4A0
S21403C908A060D8E74FF48070D5E74FF40860D2E705
S21403C91800202126C7E708B5FEF714F980B208BD3C
S21403C92808B5FEF70FF908BD704742DE704738B5FD
S21403C93804460D4600F008F8FFF769FF2946204627
S21403C948BDE83840FFF7F1BF704710B962B6BFF3CA
S21403C9586F8F7047012070472DE9FF410D46164635
S21403C9681F460446A8B14FF00008C0F81C80FEF71F
S21403C97811FDBDF82C30424602939DF8283029460F
S21403C988CDE9007320463346FEF7CCFC04B0BDE879
S21403C998F0812220FAE7F0B51F46002387B00D463C
S21403C9A8164604468DF81730A8B1C3610DF1170172
S21403C9B8FEF712FD9DF817207AB9BDF834302946DC
S21403C9C802939DF830302046CDE900733346FEF7D0
S21403C9D8A9FC07B0F0BD2220FBE70320F9E738B52A
S21403C9E8FFF71EFF054600F016F804462846FFF72D
S21403C9F812FF204638BD4FF0B04301285B6904D0C8
S21403CA08022805D1C3F38010704703F0010070476E
S21403CA180020704770474FF0B0439A6A1207FCD459
S21403CA28186A7047704708B5FFF7FCFF00F01DF853
S21403CA3808BD10B5FFF7E7FE012104460846FEF7D2
S21403CA481DF92046BDE81040FFF7D8BE10B50446CA
S21403CA5800F012F82046FBF74FF82046F8F772F86E
S21403CA68BDE81040F9F735BC704708B5FFF7FCFF7B
S21403CA7808BD0120704770470020704730B589B05D
S21403CA880446ADF806108DF81020FFF705FE054698
S21403CA982046FFF711FE03469DB1BDF80600ABB965
S21403CAA800F0BEF8FF2808BF00200DF10F038DF82D
S21403CAB80F001A46204604990593FEF793FE09B01D
S21403CAC830BD0028F5D00DF10603F2E700F0A8F80C
S21403CAD8FF2808BF0020BDF806308DF80F00ADF814
S21403CAE81A308DF8180006ABE3E700887047017024
S21403CAF8090A41707047012070470120704738B50E
S21403CB08DFF7C4FF0446D4F7D3FE051E18BF254631
S21403CB18D4F7A0FF041E18BF2C46FFF7ECFF002827
S21403CB2818BF204638BD38B5FEF70CFA0446F7F7A3
S21403CB3809FA04281ED002284FF0000508BF01246E
S21403CB48F8F7A8F8042817D0022808BF0124F7F72F
S21403CB5838FE042812D0022808BF0124FFF7CDFFA9
S21403CB6804280DD0022808BF0124002D18BF00246E
S21403CB78204638BD0125E3E70125E8E70125EDE76B
S21403CB880024F5E7FF20704708B5FFF7FBFF0020F2
S21403CB9808BD02210120E1F7BBBD08B520B1FFF7A8
S21403CBA8E1FB00F0010008BD0120FAE708B5FFF72E
S21403CBB8CDFBBDE80840FFF7F0BF008810B1C9B247
S21403CBC8FFF71ABC70472DE9F041B0F80080064617
S21403CBD80C46D5B2B8F1000F11D029464046FFF7E8
S21403CBE80BFC2246074629464046FFF719FC3A46F9
S21403CBF829462046FFF714FC3480BDE8F0810F462B
S21403CC08F5E703461B8808468B4202D00021FFF748
S21403CC18F3BB002070470069003818BF012070472F
S21403CC2800207047F8B506460D46FFF755FD03285E
S21403CC38044621D02846FFF74FFD032807461BD096
S21403CC4810F0020318D1A0070DD5F90716D401234F
S21403CC583C43E20704D431892A89914218BF00234A
S21403CC6803F00100F8BD082229463046E1F726FB03
S21403CC78B0FA80F35B09EBE70020F3E71846F1E721
S21403CC8870B50D4600210646FFF797FF044630B1F8
S21403CC98FFF77AFB01462846FFF7C4FF08B120468C
S21403CCA870BD21463046FFF7ACFFEFE707B50DF139
S21403CCB80701FFF73DFD20B19DF8070003B05DF8B7
S21403CCC804FBFF20FAE700207047FF207047FF2089
S21403CCD87047FF20704700207047002000217047E8
S21403CCE8002070472DE9F843074608461546884648
S21403CCF81C469DF82090FFF747FB4619A4B19EB142
S21403CD084046FFF75DFB254485420FDC2246B9F112
S21403CD18000F06D131463846E0F7D6FF0020BDE8B7
S21403CD28F88339463046F7E72120F8E71D20F6E76B
S21403CD380000000000000000F8B500BFF8BC08BCFF
S21403CD489E467047F8B500BFF8BC08BC9E467047B9
S21403CD585FF800F0016400205FF800F0A964002083
S21403CD685FF800F0496300204465766963652074BC
S21403CD78797065206368616E6765206465746563AA
S21403CD887465643A202564202D3E2025640D0A0028
S21403CD9850726573732064657465637465640D0AFD
S21403CDA8004D756C746920707265737320646574BE
S21403CDB865637465643A2025640D0A0052656C65DC
S21403CDC86173652064657465637465640D0A004C55
S21403CDD86F6E672070726573732064657465637419
S21403CDE865640D0A0072656C61795F7374617274A9
S21403CDF85F6C61746368696E675F70756C73653AB8
S21403CE0820616E6F746865722070756C736520692F
S21403CE1873206163746976650D0A0072656C6179BF
S21403CE285F6F6E0D0A0072656C61795F6F66660DDB
S21403CE380A0072656C61795F746F67676C650D0AC3
S21403CE480057726974696E6720636F6E6669672038
S21403CE58746F206E763A2025730D0A0053697A6537
S21403CE683A2025640D0A004661696C656420746F70
S21403CE78207772697465204445564943455F434F96
S21403CE884E4649475F4441544120746F204E562C02
S21403CE98207374617475733A2025642E202862798A
S21403CEA87465733A202564290D0A007375636365F0
S21403CEB87373210D0A004661696C656420746F20DC
S21403CEC872656164204E565F4954454D5F44455626
S21403CED84943455F434F4E4649472C207573696E51
S21403CEE8672064656661756C7420636F6E66696730
S21403CEF820696E73746561642C207374617475732A
S21403CF083A2025642E202862797465733A202564AE
S21403CF18290D0A005573696E6720636F6E66696725
S21403CF283A2025642063686172732066726F6D0DFC
S21403CF380A25730D0A00736F6E6F66663B5A424D79
S21403CF48494E494C322D637573746F6D3B424130BD
S21403CF58753B4C4335693B534136753B5241354126
S21403CF68343B004E6574776F726B20737461747507
S21403CF7873206368616E67656420746F2025640D8B
S21403CF880A004D616E756661637475726572207406
S21403CF986F6F206269670D0A004D6F64656C2074B5
S21403CFA86F6F206269670D0A00496E697469616C60
S21403CFB8697A696E67205A69676265652077697456
S21403CFC8682025642073776974636865732C202545
S21403CFD8642072656C6179732C20256420636F76F0
S21403CFE865722073776974636865732C20256420DB
S21403CFF8636F766572730D0A00436F6E6669672002
S21403D008706172736564207375636365737366759D
S21403D0186C6C790D0A0072656164207665727369B3
S21403D0286F6E20666F726D206E6577206C6F636116
S21403D03874696F6E0D0A004661696C656420746FC7
S21403D048207772697465206C6173745365656E56D0
S21403D058657273696F6E20746F204E562C20737436
S21403D0683A2025640D0A004F6C642076657273694E
S21403D0786F6E3A2025640D0A0043757272656E74E6
S21403D0882076657273696F6E3A2025640D0A00521E
S21403D0984553455420414C4C210D0A0068616C5F8A
S21403D0A86770696F5F63616C6C6261636B3A206576
S21403D0B8787469206C696E6520256C6420737461C6
S21403D0C874757320256C750D0A0068616C5F67704C
S21403D0D8696F5F63616C6C6261636B3A206E6F2085
S21403D0E8667265652045585449206C696E65730DEC
S21403D0F80A002F686F6D652F72756E6E65722F77CF
S21403D1086F726B2F747579612D7A69676265652D01
S21403D1187377697463682F747579612D7A696762A2
S21403D12865652D7377697463682F73696C616273B9
S21403D1385F746F6F6C732F73696D706C6963697452
S21403D148795F73646B2F2E2E2F2E2E2F7372632FF9
S21403D15873696C6162732F68616C2F7A696762659D
S21403D168652E630044726F7070696E67206F6C6417
S21403D178204F544120696D6167652C206375727270
S21403D188656E74206F66667365743A20256C750A37
S21403D19800556E6B6E6F776E20636F7665722063CD
S21403D1A86F6D6D616E643A2025640D0A00556E6BCB
S21403D1B86E6F776E20636D642025640D0A004275D2
S21403D1C874746F6E20707265737320646574656318
S21403D1D87465642C20627574206E6F20627574748F
S21403D1E86F6E20697320707265737365640D0A0029
S21403D1F8427574746F6E206C6F6E672070726573F9
S21403D208732064657465637465642C206275742082
S21403D2186E6F20627574746F6E206973206C6F6E00
S21403D2286720707265737365640D0A004E6F20631A
S21403D2386F7665722073776974636820636F6E66AA
S21403D248696720696E204E562C207573696E6720B1
S21403D25864656661756C74730D0A0041747472694B
S21403D26862757465206368616E6765642C206570F3
S21403D2783A2025642C20636C75737465723A2025EE
S21403D288642C20617474723A2025640D0A00506F6A
S21403D2986C6C20636F6E74726F6C3A2073656E6481
S21403D2A8696E6720636865636B2D696E0D0A005A9D
S21403D2B8434C2061637469766974792C20656E74AF
S21403D2C86572696E67206661737420706F6C6C0D87
S21403D2D80A00506F6C6C20636F6E74726F6C3A2022
S21403D2E8636865636B2D696E20726573706F6E7302
S21403D2F8652C20666173743D25642C2074696D65FE
S21403D3086F75743D25640D0A00506F6C6C20636F4F
S21403D3186E74726F6C3A206661737420706F6C6CEF
S21403D3282073746F700D0A00506F6C6C20636F6EF9
S21403D33874726F6C3A20736574206C6F6E67207016
S21403D3486F6C6C20696E74657276616C3D256C75BE
S21403D3580D0A00506F6C6C20636F6E74726F6C3AB4
S21403D368207365742073686F727420706F6C6C20FA
S21403D378696E74657276616C3D25640D0A00506F9C
S21403D3886C6C20636F6E74726F6C3A2063686563A7
S21403D3986B2D696E20696E74657276616C20777280
S21403D3A8697474656E3D256C750D0A00506F6C6C58
S21403D3B820636F6E74726F6C3A20696E76616C695F
S21403D3C86420636865636B2D696E20696E74657285
S21403D3D876616C2C20726576657274696E670D0AC1
S21403D3E800506F6C6C20636F6E74726F6C3A2066B5
S21403D3F861737420706F6C6C2074696D656F7574D7
S21403D408207772697474656E3D25640D0A00506F43
S21403D4186C6C20636F6E74726F6C3A2066617374FB
S21403D42820706F6C6C2074696D656F75742C20732F
S21403D4387769746368696E6720746F206C6F6E67AC
S21403D44820706F6C6C0D0A00556E6B6E6F776E20CE
S21403D4584C6576656C4374726C20636F6D6D616E94
S21403D468643A2025640D0A00556E6B6E6F776E203E
S21403D4784F6E4F666620636F6D6D616E643A202546
S21403D488640D0A00496E64657820617420777269B2
S21403D498746520617474723A2025640D0A004E6F11
S21403D4A82073776974636820636F6E66696720699B
S21403D4B86E204E562C207573696E67206465666108
S21403D4C8756C74730D0A00496E76616C6964207214
S21403D4D8656C61795F696E64657820256420696E7A
S21403D4E8204E562C20726573657474696E672074B3
S21403D4F86F2064656661756C740D0A003E200055DE
S21403D5086E6B6E6F776E206572726F7200496E70FF
S21403D5187574206275666665722069732046554C75
S21403D5284C004D6178696D756D206E756D62657218
S21403D538206F6620617267756D656E7473206578F3
S21403D5486365656465640054686520617267756D14
S21403D558656E74206973206E6F7420666F726D61D2
S21403D5687474656420636F72726563746C790049BA
S21403D5786E636F727265637420617267756D656E2C
S21403D58874207479706500496E636F72726563748C
S21403D598206E756D626572206F6620617267756DA1
S21403D5A8656E7473004E6F20636F6D6D616E6420D5
S21403D5B8666F756E640075696E74380061646469B5
S21403D5C874696F6E616C002A00756E6B6E6F776E8A
S21403D5D80077696C6463617264006865786F707459
S21403D5E800737472696E676F70740075696E74334E
S21403D5F8326F70740075696E7431366F70740075A7
S21403D608696E74386F70740068657800737472692D
S21403D6186E670075696E7431360075696E743332D9
S21403D628002E2E2E200068656C70000A25730A25C6
S21403D6387325730025732008002F686F6D652F7296
S21403D648756E6E65722F776F726B2F747579612D91
S21403D6587A69676265652D7377697463682F74756D
S21403D66879612D7A69676265652D7377697463686E
S21403D6782F73696C6162735F746F6F6C732F736952
S21403D6886D706C69636974795F73646B2F706C6112
S21403D69874666F726D2F736572766963652F6C6532
S21403D6A8676163795F68616C2F7372632F62617356
S21403D6B8652D7265706C6163656D656E742E6300A7
S21403D6C82F686F6D652F72756E6E65722F776F7222
S21403D6D86B2F747579612D7A69676265652D737723
S21403D6E8697463682F747579612D7A6967626565ED
S21403D6F82D7377697463682F73696C6162735F74DB
S21403D7086F6F6C732F73696D706C69636974795F77
S21403D71873646B2F706C6174666F726D2F736572AA
S21403D728766963652F746F6B656E5F6D616E61678F
S21403D73865722F6C65676163792F7372632F736CD9
S21403D7485F746F6B656E5F6D616E616765722E637E
S21403D758002F686F6D652F72756E6E65722F776F03
S21403D768726B2F747579612D7A69676265652D7397
S21403D77877697463682F747579612D7A696762654A
S21403D788652D7377697463682F73696C6162735F59
S21403D798746F6F6C732F73696D706C6963697479D2
S21403D7A85F73646B2F706C6174666F726D2F73652D
S21403D7B872766963652F746F6B656E5F6D616E61F4
S21403D7C86765722F6C65676163792F7372632F734E
S21403D7D86C5F746F6B656E5F6D616E75666163749F
S21403D7E87572696E672E630043757272656E742070
S21403D7F8436F6E6669673A20253078005365742050
S21403D808434341206D6F646520746F2025643A2076
S21403D81825307800656E61626C65640064697361BF
S21403D828626C6564006F757428636C69656E742929
S21403D83800696E202873657276657229004D46471F
S21403D84820537472696E673A2025730041707042DC
S21403D85875696C646572204D464720436F64653A64
S21403D86820307825303458006E6F6465205B00419D
S21403D87864646974696F6E616C20696E7465726638
S21403D8886163657300202025643A2000706167652C
S21403D898205B25645D206368616E205B25645D20DC
S21403D8A8707772205B25645D006E6F742061637405
S21403D8B8697665006572726F72203078253038583D
S21403D8C80070616E4944205B3078253034585D20FB
S21403D8D86E6F64654944205B3078253034585D2084
S21403D8E8007870616E205B307800706172656E74C4
S21403D8F84944205B3078253034585D207061726562
S21403D9086E7452737369205B25645D006E6F64657D
S21403D91854797065205B0053656375726974792062
S21403D9286C6576656C205B253032585D006E6574D1
S21403D938776F726B207374617465205B2530325879
S21403D9485D20004275666665722062797465733A6F
S21403D958202564202F20256400457020636E743AC2
S21403D968202564006570202564205B656E64706FEF
S21403D978696E742025732C20646576696365202593
S21403D988735D20006E776B205B25645D2070726F75
S21403D99866696C65205B3078253034585D2064658D
S21403D9A8764964205B3078253034585D2076657276
S21403D9B8205B3078253032585D00202020202573E0
S21403D9C820636C75737465723A2030782530345842
S21403D9D820004E776B20636E743A202564006E77BA
S21403D9E86B202564205B25735D005072696D617238
S21403D9F879202870726F290020206E6F6465547929
S21403DA087065205B3078253032585D0020207365BA
S21403DA1863757269747950726F66696C65205B30DA
S21403DA2878253032585D0045502025643A20257302
S21403DA3820004572726F723A2020556E6B6E6F77B0
S21403DA486E20656E64706F696E742E00456E616233
S21403DA586C65206576656E742064656275672069F3
S21403DA686E666F20696E20436F726520434C4920AB
S21403DA78636F6D706F6E656E74006F6E6C7920637E
S21403DA886F6F7264696E61746F72732063616E2060
S21403DA98666F726D0A006A6F696E203078253038B3
S21403DAA8580A006C65617665002573203078253042
S21403DAB832580A0072656A6F696E0072656A6F6922
S21403DAC86E4469666644657669636554797065006D
S21403DAD86578742E2050414E2049443A20004E570C
S21403DAE84B206F70656E3A20257520736563004E6C
S21403DAF8574B20636C6F7365640066696E64206AAF
S21403DB086F696E61626C653A20307825303258004A
S21403DB1866696E6420756E757365643A2030782579
S21403DB28303258004368616E67696E6720746F20E9
S21403DB386368616E6E656C2025643A2030782530FC
S21403DB48325800696E76616C6964206E6574776F07
S21403DB58726B20696E6465780053686F7274204927
S21403DB68443A203078253034582C204555493634E5
S21403DB783A20002C2050616E2049443A20307825FC
S21403DB883034580053746172746564206D756C7410
S21403DB98692D70687920696E7465726661636500BD
S21403DBA84661696C656420746F202573202573208D
S21403DBB8307825303258005465726D696E61746525
S21403DBC86420257320307825303258004B656570FD
S21403DBD820616C69766520737570706F7274206542
S21403DBE86E61626C65642E006661696C6564207498
S21403DBF86F20736574206B65657020616C69766544
S21403DC08206D6F64652E007375636365737366753D
S21403DC186C6C792073657420746865206368696C16
S21403DC28642074696D656F7574206F7074696F6EA0
S21403DC38206D61736B2E006661696C656420746F72
S21403DC482073657420746865206368696C6420743F
S21403DC58696D656F7574206F7074696F6E206D617A
S21403DC68736B2E00646973636F766572004D617417
S21403DC786368202573792066726F6D2030782530A7
S21403DC8834582C206570202564004E574B20416479
S21403DC98647265737320726573706F6E73653A206A
S21403DCA83078253034580049454545204164647228
S21403DCB865737320726573706F6E73653A200053CD
S21403DCC86572766963652025737920646F6E652EA1
S21403DCD800232020747970652020206E776B20201F
S21403DCE86C6F6320202072656D202020636C75732B
S21403DCF82020206E6F64652020206575690020202B
S21403DD082564202020203078253034582020307889
S21403DD18253034582020307825303458203078255C
S21403DD283034582000736C5F7A69676265655F678D
S21403DD3865745F62696E64696E67204572726F7296
S21403DD483A203078253038580A002564206F662034
S21403DD5825642062696E64696E67732075736564EB
S21403DD6800656E61626C6564207072696E74006427
S21403DD78697361626C6564207072696E74006164AD
S21403DD8864206C696E6B206B6579004552523A20A5
S21403DD9843616C63756C6174656420435243206405
S21403DDA86F6573206E6F74206D61746368004552E7
S21403DDB8523A20496E7374616C6C20436F64652015
S21403DDC86D75737420626520382C2031302C203111
S21403DDD8342C206F72203138206279746573206979
S21403DDE86E206C656E677468004552523A2041454A
S21403DDF8532D4D4D4F2068617368206661696C65C5
S21403DE08643A2030782530325800536574206A6F98
S21403DE18696E696E67206C696E6B206B6579007333
S21403DE2865742062696E642025643A20307825304C
S21403DE38327800454D50545900554E494341004DDC
S21403DE48324F4E45004D554C5449003F2020202064
S21403DE5800496E64657820494545452041646472E7
S21403DE686573732020202020202020204E574B49FE
S21403DE786E6465782020496E2046432020202020A3
S21403DE8854544C28732920466C6167202020204B65
S21403DE9865792020202000256420202020200020CB
S21403DEA8202564202020202020200020202530380C
S21403DEB85820200020307825303458202000496E1A
S21403DEC864657820494545452041646472657373E3
S21403DED8202020202020202020496E204643202072
S21403DEE82020205479706520204175746820204BC3
S21403DEF86579002D2020202020002563202020205F
S21403DF08202563202020202000696573005741528E
S21403DF184E494E473A202052454144494E47204FE2
S21403DF2846204B45592056414C55455320444953A2
S21403DF3841424C4544204259204D464720544F4BB6
S21403DF48454E004E574B204B6579002573206F7559
S21403DF58742046433A2025303858002573207365C5
S21403DF6871206E756D3A2030782530325800257347
S21403DF78206F75742046433A20253038780054437A
S21403DF8820257320002573205461626C6500256480
S21403DF982F256420656E74726965732075736564CE
S21403DFA82E005472616E7369656E74204B65790032
S21403DFB8256420656E7472257320636F6E73756DA2
S21403DFC8696E67202564207061636B6574206275CB
S21403DFD86666657225732E0057494C4C0057494CA4
S21403DFE84C204E4F540054727573742043656E74F8
S21403DFF8657220257320616C6C6F77207472757355
S21403E008742063656E7465722072656A6F696E73D1
S21403E018207573696E672077656C6C2D6B6E6F77EA
S21403E0286E206B65792E005365742074696D656F71
S21403E038757420666F722054727573742043656E08
S21403E0487465722072656A6F696E73207573696E7C
S21403E058672077656C6C2D6B6E6F776E206C696EB8
S21403E0686B206B657920746F202564207365636F56
S21403E0786E64732E004552524F523A20002573732E
S21403E0887461636B206D75737420626520646F77A3
S21403E0986E2E0052656164696E6720416C6C6F77FB
S21403E0A865640048617368696E67206F6E6C7900F3
S21403E0B8736C5F7A69676265655F6B65795F7365BD
S21403E0C87474696E67735F743A20307825303458F1
S21403E0D80020205065726D697373696F6E733A20FA
S21403E0E82573004572726F723A204661696C6564DF
S21403E0F820746F2067657420636F6E6669672C20CB
S21403E1087374617475733A2030782530385800462E
S21403E11861696C65643A20307825303858004D7349
S21403E128673A20636C7573203078253034582C2072
S21403E138636D64203078253032582C206C656E2049
S21403E1482564006275666665723A2000454D424549
S21403E158525F00257353454355524954595F4C45FE
S21403E16856454C3A2025303258002573657261733C
S21403E17865206B65792025643A2030782530385831
S21403E18800636D64206E6F74206275696C74007327
S21403E198726320657020253032782C20636C757383
S21403E1A820253034780073656E64696E6720746F53
S21403E1B8206D756C7469636173742062696E64009C
S21403E1C825733A2065703A2025642C20636C3A2020
S21403E1D83078253034582C20617474723A2030789D
S21403E1E825303458002C207376723A202563002590
S21403E1F8733A20726561643A2030782530327800A5
S21403E2082C207376723A2025632C20647479706503
S21403E2183A2030782530325800417267756D656E3E
S21403E2287420617420696E6465783A2025642069D1
S21403E23873206F7574206F662072616E676500437E
S21403E2486F6D6D616E6420616C72656164792062BE
S21403E25875696C742E202043616E6E6F7420736527
S21403E26874204D4647207370656369666963206347
S21403E2786F646520666F7220636F6D6D616E642EC2
S21403E288004D464720436F64652053657420666FC8
S21403E29872206E65787420636F6D6D616E643A20C4
S21403E2A830782530345800557365204E65787420C9
S21403E2B853657175656E63652053657420666F7262
S21403E2C8206E65787420636F6D6D616E643A2030D6
S21403E2D878253032580044697361626C652044655A
S21403E2E86661756C7420526573706F6E7365205320
S21403E2F8657420666F72206E65787420636F6D6D23
S21403E308616E643A20307825303258004552523AC6
S21403E3182072656164696E672061747472696275D8
S21403E32874652025303278004552523A2061747459
S21403E3387269627574652073697A6520256420742A
S21403E3486F6F206C6172676520666F7220627566F0
S21403E358666572004572726F723A206174747269E8
S21403E3686275746520494420307825303458207205
S21403E37865706F727461626C65206368616E676549
S21403E3882069732073697A65202564422C20627598
S21403E398742025644220656E74657265640A006E8F
S21403E3A86F20636D64004572726F723A20434C495E
S21403E3B82053656E64206661696C65642C207374EB
S21403E3C8617475733A203078253038580045727270
S21403E3D86F723A2020455549363420617267756D49
S21403E3E8656E7420697320656D70747920616E6438
S21403E3F8206C6F6F6B7570206279206E6F64652072
S21403E4084944206661696C65642E0047726F7570AF
S21403E41800556E696361737400556E62696E642095
S21403E4282573202573307825303258005265717568
S21403E4386573743A20005A444F2073696D706C658F
S21403E4482064657363207265712025303278005A1C
S21403E458444F206E6F64652064657363207265712C
S21403E4682025303278005A444F206D617463682043
S21403E47864657363207265712025303258005573BE
S21403E488696E67206D79206C6F63616C204555490A
S21403E498363420666F722064657374204555493692
S21403E4A83420696E2062696E64696E67005A444F49
S21403E4B82062696E642072657120253032780063A5
S21403E4C86C7573746572206C696D69742072656106
S21403E4D86368656400696E76616C69642070616759
S21403E4E8653A202564206F72206368616E6E656CDA
S21403E4F83A202564004368616E6765206368616E29
S21403E5086E656C207374617475733A2030782530A1
S21403E5183278006475726174696F6E206D757374F2
S21403E52820626520696E2072616E67652030202D33
S21403E538203500636F756E74206D7573742062657D
S21403E54820696E2072616E67652031202D203800A1
S21403E5587363616E20737461747573203078253025
S21403E5683258006E6574776F726B207570646174C9
S21403E5786520736574207374617475732030782509
S21403E58830325800416374697665204550207265B9
S21403E5987175657374207374617475733A20307873
S21403E5A825303258004C5149205461626C652072FC
S21403E5B86571756573743A20307825303258004291
S21403E5C8696E64696E67205461626C652072657152
S21403E5D8756573743A20307825303258004C656177
S21403E5E8766520257330782530325800506F776566
S21403E5F8722044657363726970746F722025733072
S21403E6087825303258005573696E67206D79206C0B
S21403E6186F63616C20455549363420666F722064F3
S21403E62865737420455549363420696E20756E62C5
S21403E638696E64696E6700526F757465205461620B
S21403E6486C65202573307825303258002F686F6D37
S21403E658652F72756E6E65722F776F726B2F747572
S21403E66879612D7A69676265652D7377697463685E
S21403E6782F747579612D7A69676265652D73776975
S21403E6887463682F73696C6162735F746F6F6C73FE
S21403E6982F73696D706C69636974795F73646B2F24
S21403E6A870726F746F636F6C2F7A69676265652F14
S21403E6B86170702F6672616D65776F726B2F636F0B
S21403E6C86D6D6F6E2F736C5F7A69676265655F73CE
S21403E6D8797374656D5F636F6D6D6F6E2E6300453A
S21403E6E87874656E64656420526573657420696E14
S21403E6F8666F3A2030782530345820282573290049
S21403E7082F686F6D652F72756E6E65722F776F72D1
S21403E7186B2F747579612D7A69676265652D7377D2
S21403E728697463682F747579612D7A69676265659C
S21403E7382D7377697463682F73696C6162735F748A
S21403E7486F6F6C732F73696D706C69636974795F27
S21403E75873646B2F70726F746F636F6C2F7A69674D
S21403E7686265652F6170702F6672616D65776F726B
S21403E7786B2F636F6D6D6F6E2F7A69676265655F62
S21403E7886170705F6672616D65776F726B5F736CCD
S21403E7986565702E630053746179206177616B65D4
S21403E7A8207768656E206E6F74206A6F696E65647D
S21403E7B83A20257300466F72636564207374617923
S21403E7C8206177616B653A202020202020202020B6
S21403E7D820257300466F7263696E672064657669E1
S21403E7E8636520746F2073746179206177616B6544
S21403E7F800416C6C6F77696E67206465766963653C
S21403E80820746F20676F20746F20736C65657000C3
S21403E8182F686F6D652F72756E6E65722F776F72C0
S21403E8286B2F747579612D7A69676265652D7377C1
S21403E838697463682F747579612D7A69676265658B
S21403E8482D7377697463682F73696C6162735F7479
S21403E8586F6F6C732F73696D706C69636974795F16
S21403E86873646B2F70726F746F636F6C2F7A69673C
S21403E8786265652F6170702F6672616D65776F725A
S21403E8886B2F636F6D6D6F6E2F7A69676265655F51
S21403E898737461636B5F736C6565702E630052589F
S21403E8A83A205265736574546F466163746F727960
S21403E8B844656661756C747343616C6C6261636B03
S21403E8C800657A737020636F756E7465727320665D
S21403E8D861696C656420257500657A7370205265D6
S21403E8E8736574205468726573686F6C6420657208
S21403E8F8726F7220257500657A73702053657420CD
S21403E9085468726573686F6C64206572726F7220E0
S21403E9182575002575292025733A20257500536526
S21403E9287474696E67205468726573686F6C6420C4
S21403E938636F6D6D616E64003F3F3F004D616320FA
S21403E9485278204263617374004D616320547820C3
S21403E9584263617374004D61632052782055636186
S21403E9687374004D61632054782055636173740093
S21403E9784D6163205478205563617374205265741F
S21403E9887279004D6163205478205563617374204F
S21403E9984661696C00415053205278204263617384
S21403E9A874004150532054782042636173740041C5
S21403E9B85053205278205563617374004150532096
S21403E9C85478205563617374205375636365737352
S21403E9D80041505320547820556361737420526560
S21403E9E874727900415053205478205563617374C8
S21403E9F8204661696C00526F7574652044697363B9
S21403EA0820496E69746961746564004E6569676850
S21403EA18626F72204164646564004E656967686264
S21403EA286F722052656D6F766564004E6569676818
S21403EA38626F72205374616C65004A6F696E204971
S21403EA486E6469636174696F6E004368696C6420F9
S21403EA584D6F76656400415348204F766572666C41
S21403EA686F7700415348204672616D652045727280
S21403EA786F7200415348204F76657272756E204553
S21403EA8872726F72004E574B204643204661696C7C
S21403EA9875726500415053204643204661696C757C
S21403EAA872650041534820584F666600415053200C
S21403EAB8556E617574686F72697A6564204B6579FB
S21403EAC8004E574B2044656372797074204661691B
S21403EAD86C75726573004150532044656372797090
S21403EAE874204661696C75726573005061636B6563
S21403EAF8742042756666657220416C6C6F63617438
S21403EB0865204661696C757265730052656C617938
S21403EB1865642055636173740050687920746F20A8
S21403EB284D4143207175657565206C696D69742060
S21403EB3872656163686564005061636B657420562B
S21403EB48616C69646174652064726F7020636F75A5
S21403EB586E74004E574B207265747279206F766513
S21403EB6872666C6F7700434341204661696C757221
S21403EB7865730042726F61646361737420746162C3
S21403EB886C652066756C6C00505441204C6F2050A1
S21403EB9872692052657100505441204869205072AA
S21403EBA8692052657100505441204C6F2050726999
S21403EBB82044656E696564005054412048692050B6
S21403EBC872692044656E69656400505441204C6F31
S21403EBD82050726920547820416272740050544160
S21403EBE82048692050726920547820416272740064
S21403EBF84164647265737320436F6E666C696374ED
S21403EC082053656E740043534C2052782073636810
S21403EC186564756C65206661696C6564000D0044FF
S21403EC2865627567207072696E742067726F757097
S21403EC382025730A0057726F6E6720706172616DC4
S21403EC48657465720A005363686564756C65206D40
S21403EC586F7665206E776B0025732025643A20252A
S21403EC6864004D6178206D6F7665206C696D6974F4
S21403EC782072656163686564206E776B2025643A45
S21403EC8820256400456E64204465766963652050D4
S21403EC986F6C6C20496E666F726D6174696F6E0077
S21403ECA8454D4245525F454E445F444556494345A4
S21403ECB85F54494D454F55543A20202020202020A4
S21403ECC8256400506F6C6C20636F6D706C6574659B
S21403ECD8642063616C6C6261636B3A202573002061
S21403ECE82043757272656E7420506F6C6C20496E83
S21403ECF874657276616C20287173293A2020202562
S21403ED086C640020204C6F6E6720506F6C6C204933
S21403ED186E74657276616C20287173293A202020F8
S21403ED28202020256C6400202053686F72742050BE
S21403ED386F6C6C20496E74657276616C20287173EB
S21403ED48293A2020202020256C6400202057616B58
S21403ED58652054696D656F757420287173293A2088
S21403ED682020202020202020202020256C6400201E
S21403ED782057616B652054696D656F757420426909
S21403ED88746D61736B3A20202020202020202030C9
S21403ED98782530385800202043757272656E7420C3
S21403EDA8417070205461736B733A20202020202012
S21403EDB82020202020203078253038580020204373
S21403EDC8757272656E7420506F6C6C20436F6E7428
S21403EDD8726F6C20202020202020202020257300FE
S21403EDE8202044656661756C7420506F6C6C2043F4
S21403EDF86F6E74726F6C2020202020202020202025
S21403EE08257300466F7263696E6720646576696367
S21403EE186520746F2073686F727420706F6C6C0053
S21403EE28416C6C6F77696E672064657669636520E5
S21403EE38746F206C6F6E6720706F6C6C00534C5F3A
S21403EE485A49474245455F41465F4C4F4E475F50D8
S21403EE584F4C4C00534C5F5A49474245455F414621
S21403EE685F53484F52545F504F4C4C00706F6C6C56
S21403EE78206E776B2025643A203078253032580088
S21403EE8846696E6420616E642042696E6420496E2A
S21403EE9869746961746F723A20436F6D706C657438
S21403EEA8653A2030782530325800537461727420DE
S21403EEB87461726765740046696E6420616E6420C7
S21403EEC842696E64205461726765740025733A203C
S21403EED825733A2030782530325800467261676DBC
S21403EEE8656E746174696F6E2052582077696E6414
S21403EEF86F772073697A652073657420746F20258D
S21403EF0864002F686F6D652F72756E6E65722F7746
S21403EF186F726B2F747579612D7A69676265652DD3
S21403EF287377697463682F747579612D7A69676274
S21403EF3865652D7377697463682F73696C6162738B
S21403EF485F746F6F6C732F73696D706C6963697424
S21403EF58795F73646B2F70726F746F636F6C2F7A3D
S21403EF6869676265652F6170702F6672616D657774
S21403EF786F726B2F706C7567696E2F667261676D3B
S21403EF88656E746174696F6E2F667261676D656E00
S21403EF98746174696F6E2E630052583A2041646434
S21403EFA847726F7570526573706F6E73652030782D
S21403EFB8253032582C203078253034580052583AA9
S21403EFC8205669657747726F7570526573706F6EF2
S21403EFD87365203078253032582C20307825303425
S21403EFE8582C20220052583A2047657447726F758A
S21403EFF8704D656D62657273686970526573706F7C
S21403F0086E7365203078253032582C2030782530BA
S21403F01832582C00205B3078253034585D0052581F
S21403F0283A2052656D6F766547726F7570526573D1
S21403F038706F6E7365203078253032582C20307800
S21403F048253034580065705B253032585D20696476
S21403F0585B253034585D00436C656172696E6720C2
S21403F068616C6C2067726F7570732E004552523A46
S21403F078204661696C656420746F206372656174E9
S21403F088652062696E64696E672028307825303299
S21403F0985829004552523A2042696E64696E6720C1
S21403F0A87461626C652069732066756C6C004552E2
S21403F0B8523A2077726974696E67206E616D6520AF
S21403F0C8737570706F727420253032580052583A30
S21403F0D82041646447726F75702030782530345841
S21403F0E82C20220075760052583A205669657747D1
S21403F0F8726F757020307825303458007576730033
S21403F108766965775F67726F75700047726F75709B
S21403F118733A206661696C656420746F2073656E44
S21403F1286420257320726573706F6E73653A20309A
S21403F1387825303258006765745F67726F75705F3D
S21403F1486D656D6265727368697020726573706F3A
S21403F1586E73650064656661756C745F726573705B
S21403F1686F6E73650052583A2047657447726F7519
S21403F178704D656D626572736869702030782530E6
S21403F18832582C007575620047726F7570733A2093
S21403F1986661696C656420746F2073656E642025E8
S21403F1A8733A203078253032580052583A20526540
S21403F1B86D6F766547726F757020307825303458D2
S21403F1C8004552523A204661696C656420746F2084
S21403F1D864656C6574652062696E64696E67202869
S21403F1E8307825303258290072656D6F76655F670B
S21403F1F8726F75700052583A2052656D6F76654186
S21403F2086C6C47726F7570730052583A2041646489
S21403F21847726F757049664964656E74696679697D
S21403F2286E67203078253034582C202200616464B9
S21403F238004368616E6E656C206E6F742076616C31
S21403F24869643A202564005072696D6172790025F5
S21403F25873206D61736B206E6F7720307825303896
S21403F26858005365636F6E64617279004D61736B02
S21403F278206E6F742076616C69643A20256400708A
S21403F28872696D617279007365636F6E6461727912
S21403F2980025733A20536574202573206D61736BBC
S21403F2A820746F203078253038580053746174758D
S21403F2B8730025733A2025733A004368616E6E65BA
S21403F2C86C206D61736B3A0020202020283129209A
S21403F2D8307825303858205B002020202028322913
S21403F2E820307825303858205B0053746174653AAB
S21403F2F82030782530325820282573290043757224
S21403F30872656E74206368616E6E656C3A20256458
S21403F31800546F74616C20626561636F6E733A2084
S21403F3282564004A6F696E20617474656D70747322
S21403F3383A202564004E6574776F726B2073746188
S21403F34874653A203078253032580053746F70004D
S21403F35825732053746F702E2020436C65616E6985
S21403F3686E672075702E0042726F616463617374F2
S21403F378696E67207065726D6974206A6F696E00BE
S21403F38854727573742063656E746572206C696E47
S21403F3986B206B657920757064617465207374617E
S21403F3A87475730025733A205741524E494E473AAF
S21403F3B820736C5F7A69676265655F7365745F69F6
S21403F3C86E697469616C5F73656375726974795F76
S21403F3D87374617465206661696C65642E20436F77
S21403F3E86E74696E75696E6720776974686F75746D
S21403F3F820696E7374616C6C20636F64652E0045B8
S21403F40872726F723A20696E7374616C6C20636FE4
S21403F4186465207365747570206661696C65642E0F
S21403F42820497320616E20696E7374616C6C206367
S21403F4386F646520666C6173686564206F6E746FAD
S21403F44820746865206465766963653F00D0D1D209
S21403F458D3D4D5D6D7D8D9DADBDCDDDEDF00FFFF99
S21403F468FFFFFFFFFFFF005A6967426565416C6C43
S21403F47869616E636530390025733A20697373755D
S21403F488696E67207363616E206F6E202573206331
S21403F49868616E6E656C7320286D61736B203078B7
S21403F4A8253038582900257320697320616C7265E6
S21403F4B861647920696E2070726F67726573730072
S21403F4C85374617274004578616D696E696E67205E
S21403F4D8626561636F6E206F6E206368616E6E652A
S21403F4E86C20256420776974682070616E496420EF
S21403F4F83078253034580054686973206265616330
S21403F5086F6E206973206E6F742070617274206F3B
S21403F51866207468652063757272656E7420636806
S21403F528616E6E656C206D61736B202830782530AC
S21403F5383858292E2047657474696E67206E657877
S21403F5487420626561636F6E2077686F73652063E6
S21403F55868616E6E656C206269746D61736B206991
S21403F56873207365742E004572726F723A20257382
S21403F57820636F756C64206E6F7420617474656D98
S21403F5887074206A6F696E3A2030782530325800D6
S21403F5984E6F20626561636F6E73206C65667420B8
S21403F5A86F6E2063757272656E74206D61736B2E51
S21403F5B8204D6F76696E6720746F206E65787420A9
S21403F5C87374617465002573206A6F696E696E6764
S21403F5D820307825303458206F6E206368616E6E4D
S21403F5E8656C2025640025732053746174653A207E
S21403F5F82573004572726F723A20257320636F7500
S21403F6086C64206E6F7420736574757020736563FD
S21403F61875726974793A2030782530325800457205
S21403F628726F723A205363616E20636F6D706C65F8
S21403F63874652068616E646C657220726574757291
S21403F6486E6564203078253032580025732073633E
S21403F658616E20636F6D706C6574652E20426561FC
S21403F668636F6E732068656172643A2025640025AB
S21403F6787320737461636B207374617475732030BD
S21403F6887825303258002573206E6574776F726B51
S21403F698206A6F696E65642E002573207472796913
S21403F6A86E67206E657874206E6574776F726B2E3E
S21403F6B8004E6F6E65005363616E205072696D610C
S21403F6C87279204368616E6E656C7320616E642080
S21403F6D875736520436F6E66696775726564204B3C
S21403F6E86579005363616E205072696D6172792083
S21403F6F84368616E6E656C7320616E64207573650E
S21403F70820496E7374616C6C20436F6465005363A1
S21403F718616E205072696D617279204368616E6EFE
S21403F728656C7320616E64205573652043656E743B
S21403F73872616C697A6564204B6579005363616E00
S21403F748205072696D617279204368616E6E656CCC
S21403F7587320616E642055736520446973747269F7
S21403F7686275746564204B6579005363616E205334
S21403F77865636F6E64617279204368616E6E656C4B
S21403F7887320616E642075736520436F6E666967C0
S21403F79875726564204B6579005363616E20536503
S21403F7A8636F6E64617279204368616E6E656C730D
S21403F7B820616E642075736520496E7374616C6C82
S21403F7C820436F6465005363616E205365636F6EF1
S21403F7D864617279204368616E6E656C7320616E2E
S21403F7E864205573652043656E7472616C697A6527
S21403F7F864204B6579005363616E205365636F6EAF
S21403F80864617279204368616E6E656C7320616EFD
S21403F81864205573652044697374726962757465E8
S21403F82864204B6579005363616E205072696D617D
S21403F8387279204368616E6E656C7320616E64200E
S21403F84855736520416C6C204B6579732028696E67
S21403F8587374616C6C20636F64652C2063656E74C7
S21403F86872616C697A65642C206469737472696260
S21403F8787574656429005363616E205365636F6E00
S21403F88864617279204368616E6E656C7320616E7D
S21403F898642055736520416C6C204B65797320286A
S21403F8A8696E7374616C6C20636F64652C20636582
S21403F8B86E7472616C697A65642C206469737472F9
S21403F8C869627574656429004F6E2F4F66662073E8
S21403F8D865742076616C75653A2025303258202584
S21403F8E8303258004552523A2072656164696E6731
S21403F8F8206F6E2F6F66662025303258004F6E2FA6
S21403F9086F666620616C726561647920736574201E
S21403F918746F206E65772076616C756500546F6723
S21403F928676C65206F6E2F6F66662066726F6D2034
S21403F9382530325820746F202530325800455252ED
S21403F9483A2077726974696E67206F6E2F6F6666E2
S21403F958202530325800496E7374616C6C656420D8
S21403F96854797065202842617365293A20203078D7
S21403F97825303258004361706162696C6974696541
S21403F988733A20202020202020202020203078258D
S21403F99830345800426F6F746C6F6164657220561A
S21403F9A8657273696F6E3A202020202030782530E0
S21403F9B834580053656375726520426F6F746C6FB5
S21403F9C861646572204B65793A2020202020200048
S21403F9D8426F6F746C6F6164696E67206661696CE9
S21403F9E865642100446F776E6C6F61642066616995
S21403F9F86C65642E0044656C6574696E6720666181
S21403FA08696C656420646F776E6C6F61642C207311
S21403FA1874617475733A2030782530325800496D0E
S21403FA2861676520646F6573206E6F7420636F6EFD
S21403FA387461696E20616E20557067726164652013
S21403FA48496D61676520546167202830782530340E
S21403FA5858292E20536B697070696E672075706716
S21403FA68726164652E00457865637574696E6720F0
S21403FA78626F6F746C6F61642063616C6C62616340
S21403FA886B2E005374617274696E672045424C206E
S21403FA98766572696669636174696F6E0045424C80
S21403FAA8206661696C656420766572696669636158
S21403FAB874696F6E2E0045424C20706173736564DB
S21403FAC820766572696669636174696F6E2E0025B0
S21403FAD873696E67204F544120636C69656E7420A2
S21403FAE87374617465206D616368696E6500737409
S21403FAF86F7070004572726F723A204E6F20696D90
S21403FB0861676520617420696E64657820256400E2
S21403FB184E6F7420737570706F727465642E00432D
S21403FB286C69656E7420696D6167652071756572A9
S21403FB387920696E666F004D616E75662049443A92
S21403FB4820202020202020202030782530345800FC
S21403FB58496D61676520547970652049443A2020C9
S21403FB6820203078253034580043757272656E74D9
S21403FB782056657273696F6E3A20203078253038C0
S21403FB8858004861726477617265205665727369B6
S21403FB986F6E3A20004E41005175657279204465B0
S21403FBA86C6179206D733A202020202020202020A5
S21403FBB8202020256C64005365727665722044699C
S21403FBC873636F766572792044656C6179206D730B
S21403FBD83A20256C6400446F776E6C6F616420442A
S21403FBE8656C6179206D733A202020202020202020
S21403FBF820256C640052756E2055706772616465C3
S21403FC082044656C6179206D733A202020202020DB
S21403FC18256C64005665726966792044656C61795B
S21403FC28206D733A20202020202020202020202505
S21403FC386C6400446F776E6C6F6164204572726FF4
S21403FC4872205468726573686F6C643A2020256462
S21403FC58005570677261646520576169742054683B
S21403FC68726573686F6C643A202020202564004F01
S21403FC78544120446F776E6772616465733A204413
S21403FC88697361626C6564004F544120446F776EF4
S21403FC986772616465733A20456E61626C656400D9
S21403FCA8426F6F746C6F61642073746174653A2075
S21403FCB8257300496E76616C696420455020256477
S21403FCC8207768656E20747279696E6720746F2072
S21403FCD873656E64204F5441206D65737361676561
S21403FCE82E0053656E64696E67205570677261648B
S21403FCF86520456E6420726571756573742E0025DC
S21403FD08733A20696E76616C696420636D6449642E
S21403FD1820307825303258004572726F723A2020A8
S21403FD284661696C656420746F2073656E64204F42
S21403FD38544120636F6D6D616E64203078253032D0
S21403FD48582C207374617475733A203078253032D2
S21403FD58580053657276657220756E6B6E6F776E94
S21403FD682C2066616C6C696E67206261636B207415
S21403FD786F20646973636F766572792E004D6178B8
S21403FD88696D756D207175657279206572726F720B
S21403FD98732068697420282564292C20737461727B
S21403FDA874696E672073656172636820666F722074
S21403FDB86E6577204F5441207365727665722E0AF6
S21403FDC8004170706C79696E67207570677261643C
S21403FDD8650025733A20696E76616C6964206F66E0
S21403FDE8667365742063757272656E7454696D659F
S21403FDF82830782530385829203E20757067726178
S21403FE08646554696D652830782530385829004F5D
S21403FE18544120436C75737465723A20776169742C
S21403FE2820666F7220256420730052586564207418
S21403FE38696D654F75742030782530385820732CD3
S21403FE48204D41582074696D654F757420307825A8
S21403FE583038582073004D6178696D756D2075705C
S21403FE686772616465207265717565737473206D56
S21403FE78616465202825642920776974686F75741A
S21403FE8820726573706F6E73652066726F6D20736C
S21403FE9865727665722E00557067726164696E675F
S21403FEA820616E79776179004F54412053657276E5
S21403FEB869636520646973636F7665727920707207
S21403FEC86576656E746564202D20616E6F7468654B
S21403FED87220697320616C726561647920696E208B
S21403FEE870726F6772657373004661696C65642028
S21403FEF8746F20696E6974696174652073657276B8
S21403FF0869636520646973636F766572792E004F3B
S21403FF185441205365727669636520446973636F39
S21403FF287665727920696E2070726F67726573736F
S21403FF3800436C69656E74207665726966696361E9
S21403FF4874696F6E206661696C65642E0053696711
S21403FF586E617475726500437573746F6D007061B6
S21403FF6873736564004641494C4544004E6F2073DD
S21403FF7869676E617475726520766572696669630A
S21403FF886174696F6E20737570706F72742C20615C
S21403FF987373756D696E6720696D6167652069732C
S21403FFA8206F6B61792E0025732076657269666902
S21403FFB8636174696F6E2025733A20307825303272
S21403FFC858004D6178696D756D206E756D62657242
S21403FFD8206F6620646F776E6C6F6164206572723B
S21403FFE86F727320726561636820282564292C2044
S21403FFF861626F7274696E672E004F544120436CBA
S21404000875737465723A2073657474696E672049EB
S2140400184545452061646472657373206F66204F96
S214040028544120636C757374657200506172746908
S214040038616C2066696C6520646F776E6C6F6164AA
S21404004820666F756E642C20636F6E74696E7569AE
S2140400586E672066726F6D206F66667365742030EF
S214040068782530385800466F756E642066756C6C53
S2140400787920646F776E6C6F616465642066696C5A
S2140400886520696E2073746F7261676520287665CB
S2140400987273696F6E20307825303858292E0046DA
S2140400A86F756E642066696C6520696E2073746F5C
S2140400B87261676520776974682064696666657224
S2140400C8656E742076657273696F6E20283078259D
S2140400D830385829207468616E2063757272656EAC
S2140400E8742076657273696F6E20283078253038E8
S2140400F858290046696C6520696E2073746F7261AE
S21404010867652069732073616D6520617320637564
S2140401187272656E742072756E6E696E6720766587
S2140401287273696F6E202830782530385829004E47
S2140401386F20696D61676520666F756E6420696EE9
S2140401482073746F726167652E004F54412053659F
S214040158727669636520446973636F76657279207D
S214040168756E626C6F636B65640049676E6F72695F
S2140401786E67207365727665722066726F6D206C82
S2140401886F6F706261636B20616464726573730079
S21404019849676E6F72696E67203078253034582048
S2140401A84F54412073657276657220696E207365B4
S2140401B861726368206F66205443005365747469DB
S2140401C86E67204F54412053657276657220746FAB
S2140401D8203078253034580044656C6179696E6738
S2140401E8202564207365636F6E6473206265666F8A
S2140401F87265207374617274696E67204F54412067
S214040208636C69656E740054696D656F75742077E0
S214040218616974696E6720666F72206D65737361B1
S21404022867652E00426164204F544120636F6D6DEC
S214040238616E643A20307825303258004F54412095
S214040248636F6D6D616E6420307825303258207483
S2140402586F6F2073686F727420286C656E2025642F
S214040268203C206D696E20256429004F5441206384
S2140402786F6D6D616E642066726F6D20756E726543
S214040288636F676E697A6564207365727665722033
S2140402983078253034582E20204D79204F5441206C
S2140402A87365727665723A2030782530345800497A
S2140402B86D616765204E6F7469667900476F7420B0
S2140402C8756E65787065637465642025732E2020C2
S2140402D8537461727420646973636F766572792ED9
S2140402E80064656661756C74004F54413A20666113
S2140402F8696C656420746F2073656E6420257320AA
S214040308726573706F6E73653A203078253032588C
S21404031800496D616765206E6F7469667900476F7A
S2140403287420756E65787065637465642025732E0D
S214040338202049676E6F7265642E004F54413A2038
S21404034844656661756C7420726573706F6E736548
S21404035820666F7220496D616765206E6F746966E2
S214040368792C20737461747573203078253032586C
S21404037800496D616765206E6F7469667920636FDE
S2140403886D6D616E6400257320756E6963617374A0
S2140403982C207175657279696E6700496E76616C92
S2140403A86964002573202573207061796C6F616415
S2140403B820747970652030782530325800257320EB
S2140403C825733A206F7574206F662072616E6765B0
S2140403D8206A697474657220256400257320257361
S2140403E83A207061796C6F6164206C656E67746816
S2140403F820646F65736E2774206D61746368207457
S2140404087970652030782530325820282564203CB9
S21404041820256429002573202573206475652074B7
S2140404286F206E6F6E2D6D61746368696E67206DDC
S214040438616E756661637475726572204944002539
S214040448732025732064756520746F206E6F6E2D77
S2140404586D61746368696E6720696D616765207489
S21404046879706520494400257320257320647565D2
S21404047820746F206D61746368696E67206669729C
S2140404886D776172652076657273696F6E00257381
S2140404982025732C2052782764204A697474657260
S2140404A82028307825303258292C205069636B650B
S2140404B864204A6974746572202830782530325866
S2140404C829005175657279206E65787420696D61A6
S2140404D8676520726573706F6E7365002573207286
S2140404E8657475726E6564203078253032582E200F
S2140404F8204E6F206E657720696D61676520746F7E
S21404050820646F776E6C6F61642E00257320746F99
S2140405186F2073686F727420282564203C20256435
S214040528290025733A204E657720696D6167652032
S214040538697320617661696C61626C6520666F72A6
S21404054820646F776E6C6F61642E00257320697360
S214040558206E6F74207573696E67206D7920696DD7
S21404056861676520696E666F2E004552524F523A8F
S214040578204E65787420496D616765206973207418
S2140405886F6F2062696720746F2073746F726520BA
S21404059828307825303858203E203078253038588A
S2140405A8290025732072657475726E6564207361FC
S2140405B86D652046696C6556657273696F6E206151
S2140405C8732063757272656E746C7920696E7374C1
S2140405D8616C6C65642E004F544120446F776E67D7
S2140405E872616465732044697361626C65643A2059
S2140405F846696C6556657273696F6E2062656869CC
S2140406086E642063757272656E7420696E737461A5
S2140406186C6C6174696F6E005374617274696E678A
S21404062820646F776E6C6F61642C205665727369EC
S2140406386F6E20307825303858004572726F723ADB
S214040648204661696C656420746F2064656C657403
S2140406586520696D6167652E004572726F723A206F
S2140406684661696C656420746F20657261736520E1
S2140406786F6C642074656D7020646174612E004923
S2140406886D61676520626C6F636B20726573706F4B
S2140406986E7365004F54413A20496D616765426C34
S2140406A86F636B5265706F6E736520636F6E7461EB
S2140406B8696E7320696E76616C6964206F7220694E
S2140406C86E636F6D706C6574652064617461005543
S2140406D870646174696E67204D696E20426C6F633E
S2140406E86B205265717565737420506572696F6402
S2140406F820746F202564206D7300446F776E6C6FCA
S21404070861642064656C6179206279207365727609
S2140407186572202564206D7300446F776E6C6F6174
S214040728642061626F7274656420627920736572EE
S2140407387665722E0053657276657220646F6573EB
S2140407486E277420737570706F7274207061676595
S21404075820726571756573742C206F6E6C792075BC
S21404076873696E6720626C6F636B2072657175655A
S21404077873742E005365727665722072657475728A
S2140407886E65642027756E737570706F7274656411
S21404079820636C757374657220636F6D6D616E6427
S2140407A8272E00556E6B6E6F776E20257320737434
S2140407B86174757320636F64652030782530325809
S2140407C80025732068617320646174612073697AF4
S2140407D865202825642920736D616C6C6572207405
S2140407E868616E2061637475616C207061636B6503
S2140407F8742073697A6520282564292E00257320B9
S2140408086572726F723A2045787065637465642001
S2140408186F6666736574203078253038582C2062E5
S214040828757420676F74203078253038582E202049
S21404083849676E6F72696E6700257320696E666F06
S21404084820646964206E6F74206D61746368206D1B
S2140408587920657870656374656420696E666F2EA2
S214040868202044726F7070696E672E004661696C4A
S214040878656420746F20777269746520746F2073BA
S214040888746F7261676520646576696365210044E0
S2140408986F776E6C6F61640055706772616465206B
S2140408A8656E6420726573706F6E73650053657247
S2140408B87665722061626F727465642075706772FB
S2140408C86164652C207374617475733A20307825D6
S2140408D8303258004572726F723A20257320686168
S2140408E86420696E76616C69642025733A20006614
S2140408F8696C652076657273696F6E004164646915
S2140409086E67202564206D732E2064656C617920DB
S214040918666F7220696D6D656469617465207570AB
S21404092867726164652E00436F756E74646F776EC4
S21404093820746F20757067726164653A2025642098
S2140409486D73002053746174653A20202025730063
S2140409582057616974696E6720666F7220726573C2
S214040968706F6E73653A20257300204E6578742080
S2140409784576656E742054696D65723A2025642040
S2140409886D73002043757272656E7420446F776EBB
S2140409986C6F6164204F66667365743A20307825F8
S2140409A8303858202825642525290025733A2066DA
S2140409B861696C65642070617273696E67204F5450
S2140409C84120636D6420307825303258004F5441F6
S2140409D82044656661756C7420726573706F6E73F7
S2140409E86520746F20636F6D6D616E6420494420C2
S2140409F83078253032582C2073746174757320301F
S214040A08782530325800496D61676520626C6F63DB
S214040A186B20726571756573742074657374206FC2
S214040A286E6C7920776F726B73207768656E2073A7
S214040A387461746520697320424F4F544C4F414487
S214040A485F53544154455F4E4F4E450052616E64A1
S214040A586F6D2044656C6179206265666F726520E7
S214040A68737461727400446973636F766572696E31
S214040A7867204F5441205365727665720047657443
S214040A88204F5441205365727665722045554900B7
S214040A984F627461696E206C696E6B206B657900B1
S214040AA85175657279696E67204E65787420496D4C
S214040AB861676500446F776E6C6F6164696E672062
S214040AC8496D61676500566572696679696E67205F
S214040AD8496D6167650057616974696E6720666F5A
S214040AE8722055706772616465206D6573736167FB
S214040AF86500436F756E74646F776E20746F205547
S214040B087067726164650057616974696E672074FA
S214040B186F207570677261646520766961206F75E9
S214040B28742D6F662D62616E64206D656368616EF0
S214040B3869736D0025733A202564252520636F6D37
S214040B48706C65746500496D6167652025640020CE
S214040B58204552524F523A20436F756C64206E6F8C
S214040B6874206765742066756C6C206865616465B6
S214040B787221002020486561646572205665727388
S214040B88696F6E3A2030782530345800202048653E
S214040B9861646572204C656E6774683A2020256423
S214040BA82062797465730020204669656C64204366
S214040BB86F6E74726F6C3A20203078253034580083
S214040BC820204D616E75662049443A202020202056
S214040BD82020307825303458002020496D61676518
S214040BE820547970653A2020202020307825303427
S214040BF85800202056657273696F6E3A20202020AC
S214040C08202020203078253038580020205A69675C
S214040C186265652056657273696F6E3A203078256A
S214040C283034580020204865616465722053747215
S214040C38696E673A20202573002020496D61676530
S214040C482053697A653A2020202020256C64206287
S214040C587974657300202053656375726974792006
S214040C68437265643A2020307825303258002020B4
S214040C785570677261646520446573743A20202051
S214040C880020204D696E2E204857205665723A205B
S214040C982020203078253034580020204D61782EC6
S214040CA8204857205665723A202020203078253070
S214040CB83458002020546F74616C20546167733A6A
S214040CC820256400202020205461673A20307825A7
S214040CD8303458002020202020204C656E67746825
S214040CE83A20256C64004572726F723A20436F7519
S214040CF86C64206E6F74206F627461696E20746110
S214040D086720696E666F2066726F6D20696D61670D
S214040D18652E000A256420696D6167657320696E0F
S214040D28204F54412073746F726167652E00496DB5
S214040D386167652064656C65746525732E00457265
S214040D48726F723A2020436F756C64206E6F74203D
S214040D587265616420626C6F636B3A203078253064
S214040D6832582E0A005374617274696E672065726D
S214040D786173652066726F6D206F6666736574208E
S214040D8830782530385820746F2030782530385815
S214040D9800436F756C64206E6F742073746172748C
S214040DA82045524153452120283078253032582989
S214040DB800454550524F4D20457261736520636F58
S214040DC86D706C657465002F686F6D652F72756E2F
S214040DD86E65722F776F726B2F747579612D7A69C9
S214040DE8676265652D7377697463682F74757961AE
S214040DF82D7A69676265652D7377697463682F73DE
S214040E08696C6162735F746F6F6C732F73696D704E
S214040E186C69636974795F73646B2F70726F746F2F
S214040E28636F6C2F7A69676265652F6170702F66C9
S214040E3872616D65776F726B2F706C7567696E2F4C
S214040E486F74612D73746F726167652D73696D7045
S214040E586C652D656570726F6D2F6F74612D737474
S214040E686F726167652D656570726F6D2D70616749
S214040E78652D65726173652E63002F686F6D652F27
S214040E8872756E6E65722F776F726B2F74757961D3
S214040E982D7A69676265652D7377697463682F743C
S214040EA87579612D7A69676265652D7377697463E8
S214040EB8682F73696C6162735F746F6F6C732F73DA
S214040EC8696D706C69636974795F73646B2F70728B
S214040ED86F746F636F6C2F7A69676265652F6170CC
S214040EE8702F6672616D65776F726B2F706C75679D
S214040EF8696E2F6F74612D73746F726167652D73D5
S214040F08696D706C652D656570726F6D2F6F746191
S214040F182D73746F726167652D656570726F6D2EBB
S214040F2863004F54412053696D706C652053746F89
S214040F387261676520454550524F4D207761726E41
S214040F48696E673A20636F756C64206E6F742067E9
S214040F58657420736C6F7420696E666F20666F7292
S214040F6820736C6F7420256420286572726F722053
S214040F78307825303258292E2044656661756C749D
S214040F88696E6720746F2073706563696669656443
S214040F982061646472657373206F66667365747320
S214040FA80053746F72616765204472697665723A95
S214040FB8202020202020202020202020204F54419C
S214040FC82053696D706C652053746F726167652071
S214040FD8454550524F4D20506C7567696E005265F2
S214040FE86164204D6F646966792057726974652058
S214040FF8537570706F72743A20206E6F00534F43A7
S21404100820426F6F746C6F6164696E6720537570E5
S214041018706F72743A2020202079657300426F6FCF
S214041028746C6F616465722053746F7261676520AF
S214041038537570706F72743A2055736520666972BA
S214041048737420736C6F7400536C6F7420746F2001
S2140410587573653A20202020202020202020202078
S2140410682020202025640043757272656E7420441F
S2140410786F776E6C6F6164204F66667365743A208A
S2140410882020203078253038580045424C205374A8
S214041098617274204F66667365743A202020202097
S2140410A82020202020203078253038580045455008
S2140410B8524F4D2053746172743A20202020202009
S2140410C82020202020202020203078253038580062
S2140410D8454550524F4D20456E643A202020202026
S2140410E82020202020202020202020203078253072
S2140410F8385800496D61676520496E666F205374D9
S2140411086172743A202020202020202020202030BD
S2140411187825303858005361766520526174652006
S2140411282862797465732920202020202020202016
S2140411382020307825303858004F6666736574204A
S2140411486F6620646F776E6C6F6164206F66667373
S2140411586574202020307825303858004F6666732A
S2140411686574206F662045424C206F666673657406
S2140411783A20202020202020307825303858004F68
S2140411886666736574206F6620696D61676520738B
S214041198746172743A202020202020307825303854
S2140411A85800736C5F7A69676265655F61665F6F2E
S2140411B874615F73746F726167655F64726976657C
S2140411C8725F726561645F63622829206661696C70
S2140411D865642100426164206D61676963206E75E9
S2140411E86D62657220696E2066696C653A2030788F
S2140411F8253032582030782530325820307825303B
S214041208325820307825303258004261642076659A
S2140412187273696F6E20696E2066696C6520307813
S21404122825303458004572726F723A2072656164CC
S214041238416E6456616C696461746553746F726553
S21404124864496D6167652829207472696564207429
S2140412586F2072656164206D6F72652064617461C5
S214041268207468616E20697420636F756C642068E6
S2140412786F6C642E00736C5F7A69676265655F617C
S214041288665F6F74615F73746F726167655F6472BB
S214041298697665725F726561645F636228292046B1
S2140412A841494C454421004C617374206F6666734B
S2140412B8657420646F776E6C6F616465643A203079
S2140412C878253038580053746F72616765204D6FFF
S2140412D864756C653A204F54412053696D706C658B
S2140412E82053746F7261676520506C7567696E0069
S2140412F8496D616765732053746F7265643A20207C
S2140413082564206F6620310A00253032583A006575
S21404131870202530325820636C7573202530345875
S2140413282061747472202530345820737672202510
S2140413386300206D66672025303258002072657079
S2140413486F7274206D696E2025303458206D61786C
S2140413582025303458207270742D63686720253031
S21404136838580020726563656976652066726F6D05
S214041378202530345820657020253032582074696A
S2140413886D656F7574202530345800636C6561721A
S2140413980072656D6F766500636C656172696E6769
S2140413A8206C617374207265706F72742074696D32
S2140413B865206F6620616C6C20617474726962754E
S2140413C87465730074657374696E672074696D69EF
S2140413D86E67206F6620766172696F757320726512
S2140413E8706F7274696E67206F7065726174696F66
S2140413F86E73002D2D2D2D2D2D2D2D2D2D2D2D2DB2
S2140414082D2D2D2D2D2D2D2D2D2D2D2D2D2D2D2DFB
S2140414182D2D2D2D2D2D2D2D2D2D2D2D2D2D2D2DEB
S2140414282D2D002D2D7461626C65207265616473C0
S214041438202D2066756C6C207461626C652D2D00F9
S214041448726573756C74203D202564206D73002DB9
S2140414582D696E6974202F207363686564756C65DE
S214041468207469636B2D2D2D002D2D6C6F616420FF
S214041478636F6E66696775726174696F6E206465FA
S2140414886661756C74732D2D002F686F6D652F72E9
S214041498756E6E65722F776F726B2F747579612D02
S2140414A87A69676265652D7377697463682F7475DE
S2140414B879612D7A69676265652D737769746368DF
S2140414C82F73696C6162735F746F6F6C732F7369C3
S2140414D86D706C69636974795F73646B2F70726F6F
S2140414E8746F636F6C2F7A69676265652F617070B5
S2140414F82F6672616D65776F726B2F706C7567698E
S2140415086E2F7265706F7274696E672F7265706F6E
S2140415187274696E672E6300524541445F52505494
S2140415285F43464700726561645F7265706F7274E4
S214041538696E675F636F6E66696775726174696FF3
S2140415486E005265706F7274696E673A20666169D8
S2140415586C656420746F2073656E6420257320722E
S2140415686573706F6E73653A20307825303258008C
S2140415784552523A2072656164696E6720636C75D9
S2140415887374657220307825303458206174747208
S2140415986962757465203078253034583A20307876
S2140415A825303258004552523A207265706F72746C
S2140415B8696E67206F66204C4F4E472073747269B5
S2140415C86E672061747472696275746520747970C4
S2140415D865206E6F7420737570706F727465643AE4
S2140415E820636C75737465722030782530345820FF
S2140415F8617474726962757465203078253034585D
S214041608005265706F7274696E6720456E747279DD
S2140416182046756C6C202D206372656174696E674C
S214041628206E6577207265706F7274004346475F54
S21404163852505400202D20646972656374696F6E75
S2140416483A253032582C20617474723A253034584E
S21404165800202020747970653A253032582C206D85
S214041668696E3A253034582C206D61783A25303422
S21404167858002020206368616E67653A00202020A1
S21404168874696D656F75743A2530345800636F6EE7
S2140416986669677572655F7265706F7274696E677E
S2140416A8002054434C4B2075706461746520616C4B
S2140416B8726561647920696E2070726F67726573EB
S2140416C873004D616E75616C2054434C4B207570E5
S2140416D864617465206661696C65642E25730053BD
S2140416E874617274696E67207570646174652074B9
S2140416F8727573742063656E746572206C696E6B9C
S214041708206B65792070726F636573730055706417
S214041718617465205443204C696E6B204B657900D0
S214041728204E6577206B65792065737461626C69F1
S214041738736865643A00204572726F723A005061A5
S21404174872746E65723A20005A434C20676C6F6256
S214041758616C20636C757374657220636F6D6D615C
S2140417686E647300646972656374696F6E00646995
S21404177873632D636F6D2D67656E00646973632DDF
S214041788636F6D2D726563006578706563742D727A
S21404179865706F72742D66726F6D2D6D6500757742
S2140417A872697465006E7772697465007265706F25
S2140417B872742D726561640073656E642D6D652D93
S2140417C8612D7265706F7274004372656174657317
S2140417D8206120676C6F62616C20646973636F763E
S2140417E8657220636F6D6D616E6420666F72207417
S2140417F86865206173736F636961746564207661D4
S2140418086C7565732E00636C757374657249641F12
S21404181861747472696275746549641F6D61784E83
S214041828756D626572546F5265706F72741F0043EB
S214041838726561746573206120676C6F62616C20E1
S21404184873656E64206D652061207265706F7274AE
S21404185820636F6D6D616E6420666F7220746865B0
S214041868206173736F6369617465642076616C754F
S21404187865732E00636C757374657249641F6174AE
S2140418887472696275746549641F64617461547915
S21404189870651F6D696E5265706F727454696D65F4
S2140418A81F6D61785265706F727454696D651F7226
S2140418B865706F727461626C654368616E67651FF4
S2140418C80043726561746573206120676C6F62619A
S2140418D86C2072656164207265706F7274696E67D5
S2140418E820636F6D6D616E6420666F722074686520
S2140418F8206173736F63696174656420636C7573C0
S2140419087465722C206174747269627574652061DA
S2140419186E64207365727665722F636C69656E747F
S21404192820646972656374696F6E2E00636C7573E0
S21404193874657249641F6174747269627574654962
S214041948641F646972656374696F6E1F00476C6F01
S21404195862616C207265706F7274696E6720636F5B
S2140419686D6D616E6400656E64706F696E741F6376
S2140419786C757374657249641F61747472696275F0
S214041988746549641F6D61736B1F004372656174E7
S2140419986573206120676C6F62616C207265616490
S2140419A820636F6D6D616E64206D65737361676522
S2140419B820746F20726561642066726F6D20746887
S2140419C86520636C757374657220616E6420617437
S2140419D8747269627574652073706563696669658F
S2140419E8642E00636C757374657249641F6174743D
S2140419F872696275746549641F004372656174652B
S214041A0873206120676C6F62616C207772697465F5
S214041A1820636F6D6D616E64206D657373616765B1
S214041A2820746F20777269746520746F20746865F3
S214041A3820636C757374657220616E6420617474B7
S214041A48726962757465207370656369666965642E
S214041A5800636C757374657249641F617474726983
S214041A686275746549641F747970651F646174616E
S214041A781F0043726561746520612065787065632C
S214041A88742D7265706F72742D66726F6D2D6D6528
S214041A98206D657373616765207769746820617360
S214041AA8736F6369617465642076616C7565732EFB
S214041AB800636C757374657249641F617474726923
S214041AC86275746549641F74696D656F75741F0063
S214041AD8437265617465206120446973636F766533
S214041AE87220436F6D6D616E64732047656E657210
S214041AF86174656420636F6D6D616E6420776974C4
S214041B0868206173736F6369617465642076616CB9
S214041B187565732E00636C757374657249641F73F8
S214041B2874617274436F6D6D616E6449641F6D6190
S214041B3878436F6D6D616E6449641F0053657473F2
S214041B482074686520646972656374696F6E2066BC
S214041B586F7220676C6F62616C20636F6D6D616E67
S214041B6864732C2065697468657220636C69656E95
S214041B787420746F20736572766572206F72207392
S214041B88657276657220746F20636C69656E742E50
S214041B980053657473206120666C616720736F2038
S214041BA87468617420746865206170706C69636118
S214041BB874696F6E206672616D65776F726B2057F5
S214041BC8494C4C204E4F5420726573706F6E6420D7
S214041BD8746F20746865206E657874205A434C20A8
S214041BE86D657373616765207468617420636F6DCF
S214041BF8657320696E206F76657220746865206147
S214041C0869722E0053657473206120666C616720C0
S214041C18736F207468617420746865206170706CD2
S214041C2869636174696F6E206672616D65776F7239
S214041C386B2057494C4C20726573706F6E64207421
S214041C486F20746865206E657874205A434C206D3E
S214041C58657373616765207468617420636F6D6566
S214041C687320696E206F76657220746865206169D2
S214041C78722E005365747320746865204469736112
S214041C88626C652044656661756C74205265737071
S214041C986F6E7365204672616D6520436F6E74724D
S214041CA86F6C2062697420746F2075736520666F84
S214041CB87220746865206E65787420636F6D6D6134
S214041CC86E642069662074686520636F6D6D616E46
S214041CD864206973206E6F7420616C726561647920
S214041CE8206275696C742E0064697361626C65445D
S214041CF8656661756C74526573706F6E73651F00E4
S214041D08536574732074686520666C616720746F05
S214041D18207573652074686520696E6372656D65E1
S214041D286E7465642073657175656E6365206E757B
S214041D386D6265722066726F6D20746865206672BF
S214041D48616D65776F726B20666F722074686520A4
S214041D586E6578742072617720636F6D6D616E644A
S214041D682E007573654E65787453657175656E6374
S214041D78651F00436C6920636F6D6D616E64207423
S214041D886F2063616C6C20736C5F7A696762656543
S214041D985F61665F7365745F74696D652066756EEA
S214041DA86374696F6E20646F63756D656E746564BD
S214041DB820696E2061662E680075746354696D65C3
S214041DC81F0053657473207468652074776F2062E7
S214041DD8797465206D616E75666163747572657273
S214041DE8207370656369666963206964656E7469DF
S214041DF86669657220746F2075736520666F722035
S214041E08746865206E65787420636F6D6D616E64A2
S214041E182069662074686520636F6D6D616E642042
S214041E286973206E6F7420616C72656164792062D0
S214041E3875696C742E006D666753706563696669A8
S214041E486349641F006E6F742000534C5F535441FB
S214041E585455535F4E4554574F524B5F5550203098
S214041E6878253034580054727573742043656E743C
S214041E786572204555492068617320257363686137
S214041E886E6765642E00534C5F5354415455535F34
S214041E984E4554574F524B5F444F574E00534C5F72
S214041EA85354415455535F4E4F545F4A4F494E4519
S214041EB84400534C5F5354415455535F5A49474260
S214041EC845455F4E4554574F524B5F4F50454E4518
S214041ED8443A2025642073656300534C5F53544189
S214041EE85455535F5A49474245455F4E4554574FE4
S214041EF8524B5F434C4F5345440025733A20257391
S214041F080064697374726962757465640063656EE7
S214041F187472616C697A656400466F726D00257325
S214041F28696E67206F6E2063682025642C207061B4
S214041F386E496420307825303458004572726F72C2
S214041F483A2044657669636520646F6573206E6F0E
S214041F587420737570706F7274202573206E6574A0
S214041F68776F726B20666F726D6174696F6E004A64
S214041F786F696E00496E76616C6964205365637593
S214041F88726974792050726F66696C653A20307885
S214041F982530325800704A6F696E20666F722025A5
S214041FA864207365633A20307825303258004C69CB
S214041FB86D6974696E67206475726174696F6E20E2
S214041FC86F66207065726D6974206A6F696E206624
S214041FD8726F6D20666F72657665722028323535A5
S214041FE82920746F203235340052583A205A444F08
S214041FF82C20636F6D6D616E6420307825303458FC
S2140420082C207374617475733A20307825303258EE
S2140420180053696D706C650052583A202573204445
S2140420286573632052657370004D61746368002C91
S214042038204D6174636865733A20256400446576A8
S21404204869636520416E6E6F756E63653A203078F5
S214042058253034580052583A2049454545204164AD
S214042068647265737320526573706F6E736500527D
S214042078583A204163746976652045502052657342
S214042088706F6E73652C20436F756E743A202564E2
S214042098004E6F6465002C204D6174636865733A5E
S2140420A82030782530345800737461636B20766565
S2140420B8722E205B25642E25642E25640020257345
S2140420C8206275696C642025645D005A444F005389
S2140420D84500484100436C757374657200476C6F1D
S2140420E862616C0025737478203078253038582C53
S2140420F8200050726F66696C653A20257320283074
S2140421087825303458292C20436C75737465723AD4
S214042118203078253034582C20256420627974655C
S214042128732C00205A434C20257320436D642049A1
S214042138443A202564005072652D52656C656173B7
S2140421486500416C706861203100416C70686120DC
S2140421583200416C70686120330042657461203136
S214042168004265746120320042657461203300477A
S2140421784100526573657420696E666F3A2030783C
S2140421882530325820282573290064656C657465E3
S2140421982062696E64696E673A20253032582025B5
S2140421A8303258000102030405060708090A0B0C16
S2140421B80001010101010101010101010100575259
S2140421C8495445204552523A200025736570202507
S2140421D830325820636C7573202530345820617467
S2140421E874722025303458206E6F7420737570709E
S2140421F86F72746564002573696E76616C69642011
S21404220864617461207479706500257361747472EE
S214042218206E6F74207772697461626C6500575219
S2140422284954453A206E6F2077726974652C206A83
S2140422387573742061207465737400524541443A7A
S214042248206174747269627574652073697A65208E
S214042258746F6F206C6172676520666F72206361A5
S2140422686C6C657200636C6E7400737276720052DE
S2140422785700524F00202052414D20200020746FF2
S2140422886B656E200065787465726E2000454E4452
S214042298504F494E54202530325800636C757320CD
S2140422A82F2073696465202F2061747472202F2090
S2140422B86D666720202F74797065286C656E292FE3
S2140422C8207277202F2073746F72616765202F2021
S2140422D86461746120287261772900253034582097
S2140422E82F202573202F2025303458202F20002017
S2140422F82F202530325820282530325829202F20E0
S2140423082573202F202573202F2000556E73757093
S214042318706F72746564004F544120524541443AC4
S2140423282065703A25303258206369643A2530347B
S214042338582061747469643A25303458206D736B78
S2140423483A25303258206D66636F64653A25303412
S2140423585800524541443A20636C7573202530343E
S214042368582C2061747472202530345820666169AC
S2140423786C6564202530325800524541443A20633F
S2140423886C757320253034582C206174747220259B
S2140423983034582C20646174614C656E3A202530BC
S2140423A832582C204F4B00282563292530325825CF
S2140423B83032582530325825303258253032582590
S2140423C830325825303258253032580064697361E3
S2140423D8626C65002573642C2064726F7070696E75
S2140423E8672065702030782530325820636C757302
S2140423F82030782530345820636D642030782530B2
S21404240832580047656E6572617465640052656388
S214042418656976656400446973636F7665722043FC
S2140424286F6D6D616E647320726573706F6E73651D
S2140424382028636F6D706C6574653A202563292CB3
S214042448202573204944733A2000307825303258C2
S21404245820005F45585400524541445F4154545245
S2140424680057524954453A20636C75732025303416
S2140424785820617474722025303458200046414927
S2140424884C20253032580057524954453A20746F28
S2140424986F2073686F727400444953435F41545401
S2140424A85200257325733A20636C757320253034DF
S2140424B8580053766320446973633A20002573579B
S2140424C8616974696E672025642073656320666F86
S2140424D87220646973636F7665727920746F2063FB
S2140424E86F6D706C65746500537461746520636FF2
S2140424F872726573706F6E64696E6720746F207489
S2140425086865207468652072657175657374206ED5
S2140425186F7420666F756E640A002573636F6D703A
S2140425286C6574652E0A002573536572766963654F
S21404253820446973636F7665727920537461746591
S214042548206C696D69747320726561636865640AD2
S214042558002573496C6C6567616C2062726F6164F0
S2140425686361737420616464726573732C20726586
S2140425786D617070696E6720746F2076616C69642B
S214042588206F6E652E0025734661696C6564207439
S2140425986F2073656E64206D617463682064697364
S2140425A8636F766572793A2030782530325800257C
S2140425B8735374617274696E6720646973636F76A3
S2140425C865727920666F7220636C75737465722001
S2140425D83078253034580025734661696C65642064
S2140425E8746F2073656E642073696D706C652064FF
S2140425F8657363726970746F72207265717565733A
S214042608743A203078253032580025734661696C50
S214042618656420746F2073656E64204945454520BB
S2140426286164647265737320726571756573743A50
S214042638203078253032580025734661696C656405
S21404264820746F2073656E64204E574B2061646453
S2140426587265737320726571756573743A20307881
S21404266825303258004572726F723A2025732062FC
S21404267861642073696D706C652064657363726940
S21404268870746F72206C656E6774682E0025734DBF
S21404269865737361676520746F6F2073686F7274EF
S2140426A80025734D65737361676520746F6F2073B7
S2140426B8686F727420666F72206E756D2E20656E54
S2140426C864706F696E74730025734D61746368254E
S2140426D87320666F756E642066726F6D2030782579
S2140426E83034582E004572726F723A20257320696A
S2140426F86E76616C6964206C656E6774682028253C
S2140427086420213D2025642920666F722041637465
S21404271869766520456E64706F696E742072657399
S214042728706F6E7365002573676F742061637469D0
S214042738766520455020726573706F6E7365005514
S21404274854432074696D653A2025642F25642F2523
S214042758642025643A25643A2564202825303858A8
S214042768290028556E6B6E6F776E20636C75732E12
S214042778205B3078253034585D29000D0A542530FE
S21404278838583A005258206C656E2025642C20650B
S2140427987020253032582C20636C757320307825C9
S2140427A83034582000206D66674964202530345834
S2140427B80020464320253032582073657120253082
S2140427C8325820636D642025303258207061796C45
S2140427D86F61645B004261736963004F76657220BB
S2140427E87468652041697220426F6F746C6F616407
S2140427F8696E67002573525820706B7420746F6F67
S2140428082073686F72743A202564203C202564007F
S2140428182573525820706B74206D616C666F726DE8
S21404282865643A202564203C2025640020204861FD
S214042838766520526F7574657220537570706F7262
S21404284874002020456E6420446576696365204FCD
S2140428586E6C79002020456E61626C6564002020E9
S21404286844697361626C6564004572726F722072A3
S214042878657472696576696E6720696E666F206628
S2140428886F72206C696272617279204944202564EB
S214042898002573206C6962726172792573207072E0
S2140428A86573656E74005A69676265652050726F51
S2140428B80042696E64696E6700536563757269746D
S2140428C87920436F7265005365637572697479205D
S2140428D84C696E6B204B6579730043424B45203137
S2140428E836334B310043424B452044534120536909
S2140428F8676E004543430043424B452044534120FA
S214042908566572696679005061636B657420566112
S2140429186C6964617465005A4C4C0043424B45200C
S2140429283238334B3100454343203238334B310079
S21404293843424B4520636F7265004E4350004D7505
S2140429486C7469206E6574776F726B00456E686187
S2140429586E63656420426561636F6E20526571001C
S21404296843424B45203238334B312044534120569A
S2140429786572696679004D756C74692D50414E0010
S2140429882F686F6D652F72756E6E65722F776F720E
S2140429986B2F747579612D7A69676265652D73770F
S2140429A8697463682F747579612D7A6967626565D9
S2140429B82D7377697463682F73696C6162735F74C7
S2140429C86F6F6C732F73696D706C69636974795F64
S2140429D873646B2F70726F746F636F6C2F7A69678A
S2140429E86265652F737461636B2F636F6E666967C0
S2140429F82F736C5F7A69676265655F636F6E666975
S214042A086775726174696F6E2E63002F686F6D65E3
S214042A182F72756E6E65722F776F726B2F74757959
S214042A28612D7A69676265652D7377697463682FA3
S214042A38747579612D7A69676265652D737769742B
S214042A4863682F73696C6162735F746F6F6C732F3E
S214042A5873696D706C69636974795F73646B2F70DE
S214042A68726F746F636F6C2F7A69676265652F730C
S214042A787461636B2F6672616D65776F726B2F6115
S214042A8865732D6563622E63002F686F6D652F72FC
S214042A98756E6E65722F776F726B2F747579612DEC
S214042AA87A69676265652D7377697463682F7475C8
S214042AB879612D7A69676265652D737769746368C9
S214042AC82F73696C6162735F746F6F6C732F7369AD
S214042AD86D706C69636974795F73646B2F70726F59
S214042AE8746F636F6C2F7A69676265652F73746198
S214042AF8636B2F73656375726974792F7A69676275
S214042B0865652D73656375726974792D6D616E617B
S214042B186765722D6E6F2D7661756C742E6300452D
S214042B2872726F723A20204661696C656420746F0D
S214042B3820726561642066726F6D20454550524F59
S214042B484D2061742030782534582C2073746174B1
S214042B5875733A20256400454550524F4D20496EFA
S214042B68697469616C697A65643A20256300454529
S214042B7850524F4D20427573793A202563005061B0
S214042B88727469616C20576F72642053746F726133
S214042B98676520436F756E743A2025640041646443
S214042BA8726573733A2030782534582C2050617235
S214042BB87469616C20576F72643A2030782558001F
S214042BC8636F6E6669726D656400617373756D65AF
S214042BD864000A454550524F4D20496E666F004EB4
S214042BE86F7420617661696C61626C6520286F6C0D
S214042BF864657220626F6F746C6F61646572290015
S214042C0850617274204465736372697074696F6E78
S214042C183A202020202020202020202573004361ED
S214042C28706162696C69746965733A202020202093
S214042C3820202020202020202030782532580050BC
S214042C486167652045726173652074696D6520281F
S214042C5873293A20202020202025640050617274AD
S214042C682045726173652074696D65202873293A56
S214042C78202020202020256400506172742045728C
S214042C886173652074696D6520286D73293A202060
S214042C9820202020256400506167652073697A65C2
S214042CA820286279746573293A2020202020202061
S214042CB82020256C00506172742073697A65202878
S214042CC86279746573293A20202020202020202049
S214042CD8256C00576F72642073697A6520286279B8
S214042CE8746573293A20202020202020202025647B
S214042CF8202825702900454550524F4D20696E6995
S214042D08743A2030782558002F686F6D652F7275D1
S214042D186E6E65722F776F726B2F747579612D7A64
S214042D2869676265652D7377697463682F74757946
S214042D38612D7A69676265652D7377697463682F90
S214042D4873696C6162735F746F6F6C732F73696DEC
S214042D58706C69636974795F73646B2F7574696CD6
S214042D682F706C7567696E2F706C7567696E2D6346
S214042D786F6D6D6F6E2F656570726F6D2F656570FC
S214042D88726F6D2E6300556E61626C6520746F20D9
S214042D98626F6F7420696D61676520617420736C57
S214042DA86F7420256C640A00536C6F74204D616E32
S214042DB861676572206661696C656420746F206556
S214042DC87261736520736C6F740A004D61782072A3
S214042DD8656164206C696D69742073657420746F0A
S214042DE82025642062797465730A004164647265F8
S214042DF87373202020202020202020204461746122
S214042E080A00307825346C782020202020202030B2
S214042E187825780A004661696C656420746F2072A8
S214042E286561642066726F6D20666C6173680A005B
S214042E38536C6F7420256C640A20204164647265A0
S214042E48737320202020203A20307825346C580AC2
S214042E5820204C656E6774682020202020203A20A5
S214042E68307825346C582028256C6420627974657B
S214042E7873290A00202054797065202020202020F9
S214042E8820203A20004E6F2047424C20707265730B
S214042E98656E740A005A69674265650A0054687262
S214042EA86561640A00436F6E6E6563740A00426C5B
S214042EB87565746F6F74680A00426C7565746F6F15
S214042EC87468206170706C69636174696F6E0A0057
S214042ED84D43550A004F7468657220283078256C6F
S214042EE858290A00202056657273696F6E202020C0
S214042EF820203A203078256C580A00202043617038
S214042F086162696C69746965733A20307825346C33
S214042F18580A00202050726F647563742049442050
S214042F28203A2000307825582000536C6F74204DC2
S214042F38616E616765723A206661696C65642074BF
S214042F486F20696E697469616C697A6520626F6F4F
S214042F58746C6F6164657220286572726F722030B3
S214042F6878253478290A0056657273696F6E2020AE
S214042F782020203A2025640A0050617274202020FC
S214042F8820202020203A2025730A004361706162BD
S214042F98696C69746965733A20307825780A005034
S214042FA86172742073697A652020203A202564208B
S214042FB8420A00506167652073697A652020203AC2
S214042FC820256420420A00576F72642073697A6564
S214042FD82020203A20256420420A00536C6F74731C
S214042FE8202020202020203A2025640A00466169F3
S214042FF86C656420746F20726561642066726F6DF8
S2140430082073746F7261676520666C617368202824
S2140430186572726F72202564290A00496E76616C9F
S214043028696420736C6F7420256420286D61782089
S214043038736C6F74202564290A004661696C65649C
S21404304820746F2067657420696E666F20666F72D9
S21404305820736C6F742025640A00536C6F74204DBB
S214043068616E616765723A20736C6F742077726953
S2140430787465206661696C7572652E204164647295
S214043088657373206F666673657420282564292023
S2140430982B207772697465206C656E6774682028BF
S2140430A82564292067726561746572207468616E88
S2140430B820746F74616C20736C6F74206C656E6713
S2140430C8746820282564290A00536C6F74204D619F
S2140430D86E61676572207761726E696E673A2073EF
S2140430E86C6F74202564206C656E677468202825C8
S2140430F86429206E6F7420616C69676E6564207439
S2140431086F20706167652073697A652028256429AD
S2140431182E2054686520656E7469726520736C6F1A
S214043128742077696C6C206E6F74206265206572F3
S214043138617365642E0A00536C6F74204D616E616A
S2140431486765723A206661696C656420746F2065E9
S2140431587261736520256420627974657320696ECC
S21404316820736C6F74202564206174206164647213
S21404317865737320307825347820286572726F72E8
S2140431882030782578290A004572617365642025FD
S2140431986420627974657320696E20736C6F74207A
S2140431A825640A004661696C656420746F2073653B
S2140431B87420736C6F7420746F20626F6F74202889
S2140431C86572726F72203078253478290A00466151
S2140431D8696C656420746F20736574206C697374F5
S2140431E8206F6620736C6F747320746F20626F6F21
S2140431F87420286572726F72203078253478290A0C
S214043208004661696C656420746F20676574206E77
S2140432186577206C697374206F6620736C6F74739B
S21404322820746F20626F6F7420286572726F722024
S2140432383078253478290A00426567696E6E696EA7
S2140432486720696D6167652076657269666963617A
S21404325874696F6E2E2E2E002E6661696C65642165
S21404326820284572726F72203078253478290A002F
S2140432782E7061737365642120426F6F74696E677C
S21404328820736C6F742025640A00666E692B0066CA
S2140432986E69006E616E00666E692D006C696273F5
S2140432A8006273656E640072657365740072617794
S2140432B80073656E645F6D756C746963617374001E
S2140432C873656E642D7573696E672D6D756C746998
S2140432D8636173742D62696E64696E670074696DE0
S2140432E86573796E63006765742D7074692D7261F1
S2140432F864696F2D636F6E66696700636F6E6669CF
S214043308672D6363612D6D6F6465006576656E74FD
S21404331873007365637572697479007A69676265A0
S214043328655F7072696E7400706C7567696E006E9E
S2140433386574006B657973006F7074696F6E0070DE
S2140433486C7567006368616E67656B6579006368AA
S214043358616E67656B007A646F007072696E7420BC
S21404336872656C6174656420636F6D6D616E6473F9
S2140433782E0061747472005A646F2072656C6174EE
S214043388656420636F6D6D616E64732E00726F756D
S214043398746500706F776572006D676D742D6C7157
S2140433A869006D676D742D62696E64006E6F64657E
S2140433B80073696D706C65006965656500756E6295
S2140433C8696E64006E776B2D757064006F75742D66
S2140433D8636C2D6C69737400696E2D636C2D6C694F
S2140433E87374005A646F20696E2D636C2D6C697350
S2140433F8742072656C6174656420636F6D6D616EAC
S21404340864732E005A646F206F75742D636C2D6C6C
S2140434186973742072656C6174656420636F6D6D7E
S214043428616E64732E005A646F206E776B2D757008
S214043438642072656C6174656420636F6D6D616E7B
S21404344864732E007363616E2D6368616E2D6D61FF
S214043458736B007363616E006368616E5067006324
S21404346868616E005A646F20756E62696E642072B5
S214043478656C6174656420636F6D6D616E64732E2C
S21404348800756E6963617374006368616E67656B63
S21404349865792072656C6174656420636F6D6D610F
S2140434A86E64732E006C696E6B004F7074696F6E71
S2140434B82072656C6174656420636F6D6D616E64FB
S2140434C8732E007265676973746572006469736342
S2140434D800696E7374616C6C2D636F646500626951
S2140434E86E64696E672D7461626C65007072696ECD
S2140434F8742D72782D6D73677300617073726574BA
S21404350872790041505320726574727920666C6132
S2140435186720666F72636520636F6D6D616E647392
S21404352800456E61626C65732F44697361626C65ED
S21404353873207072696E74696E67206F662052789D
S214043548206D657373616765732E00656E61626CC2
S214043558650042696E64696E67207461626C6520F2
S21404356872656C6174656420636F6D6D616E6473F7
S2140435782E005365637572697479206B65797320B8
S21404358872656C6174656420636F6D6D616E6473D7
S2140435982E0064656C657465004E6574776F726B8F
S2140435A82072656C6174656420636F6D6D616E640A
S2140435B8732E00666F726D0072656A6F696E2D648D
S2140435C86966662D6465766963652D747970650029
S2140435D865787470616E69640069736F70656E00EF
S2140435E862726F61642D706A6F696E006368616EDB
S2140435F867652D6368616E6E656C00696E69740034
S2140436086368616E67652D6B6565702D616C697698
S214043618652D6D6F64650074696D656F75742D6FBF
S2140436287074696F6E2D6D61736B006D756C74695B
S2140436382D7068792D7374617274006D756C746975
S2140436482D7068792D73746F700066696E64006EE9
S2140436586574776F726B2066696E6420636F6D6D30
S214043668616E64732E006A6F696E61626C650075BC
S2140436786E7573656400736C6F742D6D616E616727
S214043688657200636F756E7465727300656E642D7B
S2140436986465766963652D737570706F72740066F9
S2140436A8696E642D616E642D62696E64006672616B
S2140436B8676D656E746174696F6E0067726F757096
S2140436C8732D736572766572006E6574776F726BA8
S2140436D82D7374656572696E67006F74612D626F09
S2140436E86F746C6F6164006F74612D636C69656ECA
S2140436F874006F74612D73746F726167652D636FE0
S2140437086D6D6F6E006F74612D73746F726167658B
S2140437182D656570726F6D0069646C652D736C65D4
S2140437286570007570646174652D74632D6C696EBC
S2140437386B2D6B6579007570646174652D74632DE3
S2140437486C696E6B2D6B65792072656C6174656443
S21404375820636F6D6D616E64730074696D657200C5
S2140437686E6F7700436F6D6D616E647320746F209F
S214043778636F6E74726F6C2069646C696E672F73FE
S2140437886C656570696E67206F662074686520646A
S214043798657669636500666F7263652D6177616B2C
S2140437A865006177616B652D7768656E2D6E6F743D
S2140437B82D6A6F696E6564007265706F7274696EDF
S2140437C8672072656C6174656420636F6D6D616EE5
S2140437D864732E00636C6561722D6C6173742D724C
S2140437E865706F72742D74696D6500746573742DD5
S2140437F874696D696E67006F74612D73746F726196
S21404380867652D656570726F6D2072656C61746589
S2140438186420636F6D6D616E64732E0077697065DE
S214043828006F74612D73746F726167652D636F6DB5
S2140438386D6F6E2072656C6174656420636F6D6D60
S214043848616E6473007072696E74496D616765733E
S2140438580072656C6F61640073746F726167652DBE
S214043868696E666F00646174612D7072696E7400A7
S2140438786F74612D636C69656E742072656C61740F
S214043888656420636F6D6D616E64732E0076657271
S21404389869667900626C6F636B2D74657374007067
S2140438A86167652D726571756573740075706772E6
S2140438B86164652D726571756573740064697361F6
S2140438C8626C652D646F776E6772616465730065F4
S2140438D86E61626C652D646F776E6772616465737A
S2140438E8006F74612D626F6F746C6F61642072650B
S2140438F86C6174656420636F6D6D616E6473006ECD
S2140439086574776F726B2D7374656572696E67205C
S21404391872656C6174656420636F6D6D616E647343
S2140439282E007072652D636F6E66696775726564BE
S2140439382D6B65792D736574006D61736B207265E4
S2140439486C6174656420636F6D6D616E642E0073BC
S214043958756274726163740067726F7570732D7321
S21404396865727665722072656C6174656420636F2F
S2140439786D6D616E64732E00667261676D656E7434
S2140439886174696F6E2072656C6174656420636F18
S2140439986D6D616E64732E007365742D72782D7761
S2140439A8696E646F772D73697A65006172746966E7
S2140439B8696369616C2D626C6F636B2D64726F70DA
S2140439C80046696E6420616E642062696E642072C3
S2140439D8656C6174656420636F6D6D616E64732EC7
S2140439E800696E69746961746F7200656E642D642B
S2140439F865766963652D737570706F727420726569
S214043A086C6174656420636F6D6D616E64732E00FB
S214043A18706F6C6C2D636F6D706C657465642D6364
S214043A28616C6C6261636B00666F7263652D7368A4
S214043A386F72742D706F6C6C00656E61626C655F76
S214043A487479706500737461636B00617070007AD2
S214043A58636C006C65676163795F61665F64656261
S214043A68756700636F756E746572732072656C6132
S214043A7874656420636F6D6D616E64732E00707276
S214043A88696E742D636F756E7465722D74797065BE
S214043A980073696D706C652D7072696E740070724F
S214043AA8696E742D7468726573686F6C64730073DA
S214043AB865742D7468726573686F6C6400726573D8
S214043AC865742D7468726573686F6C6473007365C7
S214043AD86E642D72657175657374007365637572AB
S214043AE86974792072656C6174656420636F6D6DA2
S214043AF8616E6473007365742D616C6C6F772D74D6
S214043B08727573742D63656E7465722D72656A6F4B
S214043B18696E2D7573696E672D77656C6C2D6B6E83
S214043B286F776E2D6B6579007365742D616C6C6F99
S214043B38772D74727573742D63656E7465722D7241
S214043B48656A6F696E2D7573696E672D77656C6C1B
S214043B582D6B6E6F776E2D6B65792D74696D656F39
S214043B687574007365742D6B65792D72657175654A
S214043B7873742D706F6C696379006D66672D746F46
S214043B886B656E006170730053656375726974794A
S214043B98206170732072656C6174656420636F6D50
S214043BA86D616E64732E004765742F736574204DBB
S214043BB8464720746F6B656E2E00656E64706F6979
S214043BC86E742072656C6174656420636F6D6D61D4
S214043BD86E64732E00656570726F6D207574696CFB
S214043BE86974792072656C6174656420636F6D6DA1
S214043BF8616E647300536C6F74204D616E61676503
S214043C08722072656C6174656420636F6D6D616E95
S214043C18647300626F6F742D736C6F7400657261E1
S214043C2873652D736C6F74006578742D666C617398
S214043C38682D696E666F00736C6F74732D696E6693
S214043C486F005072696E74732074696D652E005027
S214043C5872696E7473206174747269627574652E01
S214043C6800436C6561727320746865205A444F205B
S214043C786C697374206F6620636C69656E7420289B
S214043C88696E2920636C7573746572732E004164BB
S214043C98647320636C75737465727320746F207410
S214043CA86865206B6E6F776E20636C69656E74202A
S214043CB828696E2920636C757374657273206F6E39
S214043CC82074686973206465766963652E00436C9E
S214043CD86561727320746865205A444F206C697352
S214043CE874206F6620636C69656E7420286F75741B
S214043CF82920636C7573746572732E00416464734B
S214043D0820636C75737465727320746F20746865A9
S214043D18206B6E6F776E20636C69656E7420286FEF
S214043D2875742920636C757374657273206F6E20BE
S214043D3874686973206465766963652E0053656ED6
S214043D48647320616E2075706461746520636861AD
S214043D586E6E656C20726571756573742E00636883
S214043D68616E6E656C1F0053656E647320616E2009
S214043D78757064617465206368616E6E656C207026
S214043D88616765207265712E2054686520737461B6
S214043D98636B2073656E6473206E776B20656E683C
S214043DA8616E6365642075706461746520726571FC
S214043DB820666F72206E6F6E2D7A65726F20706142
S214043DC867652E006368616E6E656C1F7061676553
S214043DD81F00506572666F726D7320616E20656E83
S214043DE865726779207363616E2E00746172676505
S214043DF8744E6F646549641F7363616E44757261BB
S214043E0874696F6E1F7363616E436F756E741F00FB
S214043E1842726F61646361737473207468652049C1
S214043E2844206F6620746865206E6577206E657416
S214043E38776F726B206D616E6167657220616E6460
S214043E4820616374697665206368616E6E656C7359
S214043E582E006E776B4D676549641F6368616E6EE6
S214043E68656C4D61736B1F00506572666F726D7377
S214043E7820616E20656E65726779207363616E20B3
S214043E886F6E20676976656E206368616E6E656C12
S214043E98206D61736B2E007461726765744E6F646F
S214043EA86549641F7363616E4475726174696F6EE5
S214043EB81F7363616E436F756E741F6368616E6EFD
S214043EC8656C4D61736B1F0053656E6473206120C7
S214043ED86E6574776F726B206164647265737320A1
S214043EE87265717565737420666F722074686520D0
S214043EF8676976656E204945454520616464726540
S214043F0873732E00696565651F0052657175657360
S214043F18747320616E204945454520616464726562
S214043F287373206261736564206F6E20612067690D
S214043F3876656E206E6F64652049442E006E6F6445
S214043F486549641F0053656E647320612073696D48
S214043F58706C652064657363726970746F7220721E
S214043F6865717565737420666F722074686520734E
S214043F78686F7274206164647265737320616E641A
S214043F8820656E64706F696E742073706563696605
S214043F986965642E00646573741F7461726765745A
S214043FA8456E64706F696E741F0053656E64732083
S214043FB861206D6174636844657363726970746FB5
S214043FC872735265717565737420746F20746865AE
S214043FD820676976656E2064657374696E617469B2
S214043FE86F6E2077697468207468652067697665DB
S214043FF86E2070726F66696C652E006E6F64654914
S214044008641F70726F66696C651F0053656E64730F
S2140440182061206E6F6465206465736372697074CA
S2140440286F72207265717565737420746F206120D1
S214044038676976656E207461726765742064657650
S2140440486963652E007461726765741F0053656E34
S21404405864732061205A444F2042696E6420636F5B
S2140440686D6D616E6420746F206120646576696383
S214044078652073706563696669656420696E207473
S214044088686520636F6D6D616E6420617267756D17
S214044098656E74732E0044657374696E6174696F13
S2140440A86E1F536F7572636520656E64706F696EF4
S2140440B8741F44657374696E6174696F6E20656EE7
S2140440C864706F696E741F636C75737465724944A3
S2140440D81F72656D6F746545554936341F6465737C
S2140440E87445554936341F0053656E647320616EF3
S2140440F82061637469766520656E64706F696E7492
S214044108207265717565737420746F2074686520F1
S21404411864657669636520776974682074686520C1
S214044128676976656E2073686F72742049442E003A
S21404413853656E647320616E20756E62696E6420C2
S2140441487265717565737420666F72206120756E6A
S21404415869636173742062696E64696E6720746F3C
S214044168207468652074617267657420646576696E
S21404417863652E007461726765741F736F75726366
S214044188652065756936341F736F757263652065B7
S2140441986E64706F696E741F636C757374657249A8
S2140441A8441F64657374696E6174696F6E45554916
S2140441B836341F64657374696E6174696F6E20653E
S2140441C86E64706F696E741F0053656E6473206145
S2140441D86E20756E62696E64207265717565737497
S2140441E820666F722061206D756C746963617374E0
S2140441F82062696E64696E6720746F20746865202F
S214044208746172676574206465766963652E0074E4
S21404421861726765741F736F757263652065756967
S21404422836341F736F7572636520656E64706F69C4
S2140442386E741F636C757374657249441F67726F76
S2140442487570416464726573731F0053656E647396
S2140442582061205A444F204D616E6167656D656E16
S21404426874204C6561766520636F6D6D616E64209D
S214044278746F207468652074617267657420646559
S214044288766963652E007461726765741F72656D5E
S2140442986F76654368696C6472656E1F72656A6FCB
S2140442A8696E1F0053656E64732061205A444F205C
S2140442B84D474D542D42696E64202842696E6469E0
S2140442C86E67205461626C65292052657175657342
S2140442D87420746F2074686520746172676574202E
S2140442E86465766963652E007461726765741F7306
S2140442F874617274496E6465781F0053656E6473DE
S2140443082061205A444F204D474D542D4C51492086
S214044318284C5149205461626C6529205265717590
S21404432865737420746F2074686520746172676599
S21404433874206465766963652E0053656E6473201D
S21404434861205A444F20506F776572204465736322
S214044358726970746F72205265717565737420740F
S2140443686F20746865207461726765742064657666
S2140443786963652E0053656E64732061205A444F42
S21404438820726F7574652072657175657374206321
S2140443986F6D6D616E6420746F2074686520746137
S2140443A8726765742E007461726765741F696E643B
S2140443B865781F00696E6465781F65756936341FED
S2140443C8696E7374616C6C436F64651F00696E6410
S2140443D865781F65756936341F6B65791F00544305
S2140443E8206C696E6B206B657920726571756573D0
S2140443F87420706F6C6963791F417070206C696EE5
S2140444086B206B6579207265717565737420706F9F
S2140444186C6963791F00426F6F6C3A20616C6C6F2D
S214044428772074727573742063656E74657220726F
S214044438656A6F696E207573696E672077656C6C3C
S2140444482D6B6E6F776E206B65791F0070726F66C2
S214044458696C6549641F636C757374657249641F77
S2140444680074617267657449641F00456E61626C06
S2140444786573207072696E74696E67206F66205261
S21404448878206D657373616765732E00536574735E
S214044498207468652062696E64696E672074616258
S2140444A86C6500696E6465781F636C7573746572F1
S2140444B81F6C6F63616C45701F72656D6F7465451C
S2140444C8701F65756936341F00436C656172732006
S2140444D87468652062696E64696E67207461626CCC
S2140444E8652E005072696E7473207468652062695C
S2140444F86E64696E67207461626C6520746F2074DC
S214044508686520636F6D6D616E64206C696E652ED8
S21404451800436C6561727320616C6C207365637507
S21404452872697479206B6579732E0044656C6574BA
S21404453865207468652073706563696669656420B8
S2140445486C696E6B206B657920696E6465782E00DD
S2140445585072696E747320616C6C2073656375722F
S214044568697479206B6579732E005465726D696E6B
S2140445786174657320746865206D756C74692D5054
S214044588485920696E74657266616365005573657B
S2140445986420746F207374617274206D756C74690A
S2140445A82D50485920696E74657266616365206F7C
S2140445B874686572207468616E206E6174697665C5
S2140445C820616E6420666F726D20746865206E655F
S2140445D874776F726B2E2054686520737461636BEE
S2140445E820757365732073616D652050616E496428
S2140445F8206173206E617469766520726164696FE0
S214044608206E6574776F726B2E00706167651F6322
S21404461868616E6E656C1F706F7765721F6F707455
S214044628696F6E734D61736B20284269742030205D
S2140446383D20526F757465727320616C6C6F776574
S214044648642C204269742031203D2042726F6164D4
S2140446586361737420616C6C6F776564291F00410D
S2140446687474656D70747320746F206368616E6704
S2140446786520746865206368696C642074696D6570
S2140446886F7574206F7074696F6E206D61736B201C
S214044698746F2066696C746572206F757420756E05
S2140446A8646573697261626C652076616C7565739E
S2140446B82028652E672E206E6F206D6F7265207415
S2140446C868616E20332064617973292E0074696DDD
S2140446D8656F7574206F7074696F6E206D61736B87
S2140446E81F00537769746368657320626574776519
S2140446F8656E20646966666572656E74206B6565AA
S2140447087020616C697665206D6F646573207375B7
S21404471870706F72746564206279206120726F7598
S2140447287465722E004B65657020616C6976652029
S2140447386D6F64651F005072696E747320746865C3
S2140447482063757272656E74204E6F6465204944E2
S2140447582C2045554936342C20616E642050616EF1
S2140447682049442E00496E697469616C697A6573D8
S2140447782061206E6574776F726B3B20746869736A
S2140447882069732061207465737420636F6D6D618E
S2140447986E64207573656420666F722074632D7367
S2140447A87761702D6F75742074657374696E672EDF
S2140447B8005365747320746865206E6574776F7229
S2140447C86B20696E64657820757365642062792049
S2140447D8616C6C2066757475726520434C49206359
S2140447E86F6D6D616E64732E20204265666F726508
S2140447F820657865637574696E67206120434C4943
S21404480820636F6D6D616E642C2074686520667213
S214044818616D65776F726B20737769746368657307
S21404482820746F2074686973206E6574776F726B72
S2140448382E202041667465722074686520636F6D47
S2140448486D616E642066696E697368657320657841
S21404485865637574696E672C207468652066726172
S2140448686D65776F726B20737769746368657320F8
S2140448786261636B20746F20746865207072657655
S214044888696F7573206E6574776F726B2E2020546B
S214044898686520434C4920757365732074686520E1
S2140448A873616D65206E6574776F726B20696E64CC
S2140448B8657820756E74696C2074686520646576FE
S2140448C869636520726573657473206F72206974F2
S2140448D8206973206368616E676564207468726F04
S2140448E8756768207468697320636F6D6D616E649C
S2140448F82E00417474656D70747320746F20636839
S214044908616E676520646576696365206F7665728F
S21404491820746F206120646966666572656E74200B
S2140449286368616E6E656C20676976656E20696E6D
S21404493820746865206368616E6E656C20617267B2
S214044948756D656E742E00546865206368616E6EB6
S214044958656C20746F206368616E676520746F1FCA
S2140449680066696E64556E7573656450616E496455
S2140449780066696E644A6F696E61626C654E65743A
S214044988776F726B005065726D697473206A6F690D
S2140449986E696E67206F6E20746865206E6574771E
S2140449A86F726B20666F72206120676976656E2069
S2140449B86E756D626572206F66207365636F6E64CC
S2140449C87320414E442062726F616463617374732A
S2140449D82061205A444F204D676D74205065726DCF
S2140449E86974204A6F696E696E67207265717565A9
S2140449F8737420746F20616C6C20726F75746572A2
S214044A08732E00412073696E676C6520627974653D
S214044A1820696E6469636174696E6720686F7720BD
S214044A286C6F6E67207468652064657669636520B4
S214044A3873686F756C642068617665207065726D3E
S214044A486974206A6F696E696E67207475726E651C
S214044A5864206F6E20666F722E20412076616C7516
S214044A6865206F662030786666207475726E7320CB
S214044A786F6E207065726D6974206A6F696E20693E
S214044A886E646566696E6974656C792E1F00436882
S214044A9865636B73206E6574776F726B20706A6FCC
S214044AA8696E207374617475732E00577269746521
S214044AB8732074686520657874656E646564207010
S214044AC8616E20494420666F7220746865206465A8
S214044AD8766963652E0065787470616E69641F0074
S214044AE852656A6F696E7320616E2065786973749F
S214044AF8696E67206E6574776F726B20696E2061C5
S214044B0820736563757265206F7220696E736563BA
S214044B18757265206D616E6E65722077697468209B
S214044B286120646966666572656E74206465766974
S214044B38636520747970652E00426F6F6C65616ECC
S214044B48206E6574776F726B206B65792061766169
S214044B58696C6162696C6974791F4368616E6E6515
S214044B686C206D61736B1F416E20656E756D657282
S214044B786174696F6E20696E6469636174696E67CF
S214044B882074686520646576696365207479706541
S214044B9820746F2072656A6F696E2061732E54687C
S214044BA86520737461636B206F6E6C792061636330
S214044BB86570747320534C5F5A49474245455F45B0
S214044BC84E445F44455649434520616E6420534C21
S214044BD85F5A49474245455F534C454550595F45DA
S214044BE84E445F4445564943452E1F0052654A6F56
S214044BF8696E732061206E6574776F726B2E00423F
S214044C086F6F6C65616E206E6574776F726B206B60
S214044C18657920617661696C6162696C6974791F6B
S214044C284368616E6E656C206D61736B1F004C651E
S214044C38617665732061206E6574776F726B2E00DB
S214044C485475726E73207065726D6974206A6F6924
S214044C586E696E67206F6E20666F722074686520B2
S214044C68616D6F756E74206F662074696D65206952
S214044C786E646963617465642E00412073696E67A7
S214044C886C65206279746520696E64696361746909
S214044C986E6720686F77206C6F6E6720746865206F
S214044CA86465766963652073686F756C64206861EB
S214044CB87665207065726D6974206A6F696E696EB0
S214044CC867207475726E206F6E20666F722E204190
S214044CD82076616C7565206F662030786666207469
S214044CE875726E73207065726D6974206A6F696E6A
S214044CF820696E646566696E6974656C792E1F0032
S214044D084A6F696E732061206E6574776F726B20C4
S214044D186F6E206120676976656E206368616E6EC3
S214044D28656C2C2077697468206120676976656EDF
S214044D3820545820506F77657220616E6420504165
S214044D484E2049442E00546865206368616E6E657B
S214044D586C206F6E20776869636820746F206A6FAA
S214044D68696E20746865206E6574776F726B1F4F62
S214044D786E652D62797465207369676E656420763E
S214044D88616C756520696E6469636174696E672011
S214044D9874686520545820506F776572207468616B
S214044DA8742074686520726164696F2073686F750F
S214044DB86C642062652073657420746F1F5468657C
S214044DC82050414E204944206F6E207768696368F6
S214044DD820746F206A6F696E20746865206E657427
S214044DE8776F726B1F00466F726D732061206E6555
S214044DF874776F726B206F6E206120676976656EB4
S214044E08206368616E6E656C2C207769746820610F
S214044E1820676976656E20545820506F776572202F
S214044E28616E642050414E2049442E005468652023
S214044E386368616E6E656C206F6E20776869636858
S214044E4820746F20666F726D20746865206E6574B2
S214044E58776F726B1F4F6E652D6279746520736960
S214044E68676E65642076616C756520696E6469632F
S214044E786174696E672074686520545820506F778B
S214044E886572207468617420746865207261646948
S214044E986F2073686F756C64206265207365742070
S214044EA8746F1F5468652050414E204944206F6E25
S214044EB820776869636820746F20666F726D207443
S214044EC86865206E6574776F726B1F005468697323
S214044ED820696E6974696174657320612054434C53
S214044EE84B207570646174652070726F63656475B1
S214044EF872652E0053706563696679207468652048
S214044F08616D6F756E74206F662074696D652074A4
S214044F186F2077616974206166746572206F6E65A8
S214044F282054434C4B20757064617465206F70651B
S214044F38726174696F6E20636F6D706C65746573E7
S214044F48206265666F726520626567696E6E696E53
S214044F58672061206E65772054434C4B2075706437
S214044F68617465206F7065726174696F6E2E005483
S214044F78686520616D6F756E74206F662074696D40
S214044F8865206265747765656E20737562736571EE
S214044F9875656E742074727573742063656E7465B3
S214044FA872206C696E6B206B657920757064617409
S214044FB8657320696E206D696C6C697365636F6EC2
S214044FC864731F00536574206F7220636C65617286
S214044FD82073746179206177616B65207768656EE4
S214044FE8206E6F74206A6F696E656400536574205A
S214044FF86F7220636C65617220666F7263652061E8
S21404500877616B6500446973706C617920746865B0
S21404501820736C6565702073746174757300464FED
S214045028522054455354494E4720505552504F53D6
S2140450384553202D206761746865722074696D690C
S2140450486E67206D65747269637320666F7220726A
S21404505865706F7274696E67207461626C65206F20
S2140450687065726174696F6E732E00436C65617245
S2140450787320746865206C617374207265706F722F
S214045088742074696D65206F662061747472696231
S214045098757465732E00416464732061206E6577A9
S2140450A820656E74727920746F2074686520726542
S2140450B8706F7274207461626C652E005468652083
S2140450C86C6F63616C20656E64706F696E742066BD
S2140450D8726F6D20776869636820746865206174E8
S2140450E874726962757465206973207265706F726C
S2140450F87465641F54686520636C757374657220E0
S214045108776865726520746865206174747269626C
S214045118757465206973206C6F63617465641F54C5
S2140451286865204944206F66207468652061747435
S214045138726962757465206265696E672072657047
S2140451486F727465641F3020666F7220636C6965BD
S2140451586E742D73696465206174747269627574FB
S2140451686573206F72203120666F722073657276BD
S21404517865722D73696465206174747269627574E6
S21404518865731F546865206D696E696D756D207248
S21404519865706F7274696E6720696E74657276617D
S2140451A86C2C206D6561737572656420696E207356
S2140451B865636F6E64732E1F546865206D61786925
S2140451C86D756D207265706F7274696E6720696E8E
S2140451D874657276616C2C206D656173757265648E
S2140451E820696E207365636F6E64732E1F5468653A
S2140451F8206D696E696D756D206368616E676520DC
S214045208746F207468652061747472696275746555
S21404521820746861742077696C6C20726573756C89
S2140452287420696E2061207265706F7274206265DE
S214045238696E672073656E742E1F0052656D6F76EF
S214045248657320616E20656E7472792066726F6D60
S21404525820746865207265706F7274207461626C5D
S214045268652E0054686520696E646578206F66202C
S214045278746865207265706F727420746F20626536
S2140452882072656D6F7665641F00436C6561727382
S21404529820616C6C20656E74726965732066726F23
S2140452A86D20746865207265706F7274207461620C
S2140452B86C652E005072696E74732074686520726B
S2140452C865706F7274207461626C652E005769701D
S2140452D8657320616C6C206461746120696E207447
S2140452E868652073746F72616765206465766963A0
S2140452F8652E005072696E747320617262697472E6
S214045308617279206279746573206F6620746865A3
S214045318204F544120696D616765206F6E2064696B
S214045328736B2E0054686520696E646578206F6612
S2140453382074686520696D61676520746F207072D3
S214045348696E742069747320646174611F54686597
S214045358206F666673657420696E746F207468655A
S214045368204F544120696D61676520746861742014
S21404537877696C6C206265207072696E7465641F48
S214045388005072696E747320696E666F726D61740C
S214045398696F6E2061626F75742074686520737413
S2140453A86F72616765206465766963652E00526569
S2140453B86C6F6164207468652073746F72616765C6
S2140453C8206465766963652E0044656C6574657348
S2140453D82074686520696D61676520617420746847
S2140453E8652073706563696669656420696E6465BB
S2140453F8782E0054686520696E6465782061742088
S214045408776869636820746F20626567696E2064CC
S214045418656C6574696E672074686520696D616774
S214045428651F005072696E74732074686520696D10
S214045438616765732E00456E61626C6573204F5410
S2140454484120646F776E6772616465732E004469E1
S2140454587361626C6573204F544120646F776E677E
S21404546872616465732E0053656E647320616E20E2
S21404547855706772616465456E64526571756573C7
S2140454887420746F20616E204F54412073657276C1
S21404549865722E0043616E2062652075736564200C
S2140454A8746F2064796E616D6963616C6C792074BD
S2140454B875726E206F66662073656E64696E672003
S2140454C870616765207265717565737473206F6E95
S2140454D82074686520636C69656E742073696465F6
S2140454E82C20696620746865207365727665722058
S2140454F8646F65736E277420737570706F7274208A
S2140455087468697320666561747572652E00426FE7
S2140455186F6C65616E2076616C7565207475726E45
S214045528696E67206F6E20283129206F72206F6697
S21404553866202830292074686520706167652072A3
S21404554865717565737420666C61671F0053656EB4
S214045558647320616E20696D61676520626C6F6391
S2140455686B207265717565737420666F722061208E
S21404557866696C6520746865207365727665722042
S21404558873686F756C64206E6F7420686176652E18
S214045598202054657374206861726E657373206F77
S2140455A86E6C79202874657374206361736520397A
S2140455B82E352E36202D204D697373696E67204666
S2140455C8696C6529005072696E747320696E666F1B
S2140455D8726D6174696F6E206F6E207468652063DF
S2140455E8757272656E74207374617465206F6620B4
S2140455F8746865204F544120636C69656E74206432
S2140456086F776E6C6F61642E0053746F70732074BA
S2140456186865204F5441207374617465206D616316
S21404562868696E652E0053746172747320746865B5
S214045638204F544120636C69656E742073746174DA
S21404564865206D616368696E652E205468652073ED
S21404565874617465206D616368696E652064697336
S214045668636F7665727320746865204F544120739F
S21404567865727665722C2071756572696573206625
S2140456886F72206E657720696D616765732C206478
S2140456986F776E6C6F6164732074686520696D61DA
S2140456A867657320616E6420776169747320666F1A
S2140456B872207468652073657276657220636F6DF0
S2140456C86D616E6420746F20757067726164652EF0
S2140456D8005072696E747320746865206D616E7507
S2140456E866616374757265722049442C20496D613D
S2140456F8676520547970652049442C20616E6420BF
S21404570856657273696F6E20696E666F726D617422
S214045718696F6E207468617420617265207573659C
S21404572864207768656E2061207175657279206ECD
S21404573865787420696D6167652069732073656E82
S2140457487420746F20746865207365727665722099
S21404575862792074686520636C69656E742E0050DF
S2140457686572666F726D73207369676E617475729D
S2140457786520766572696669636174696F6E206F01
S2140457886E2074686520696D61676520617420748D
S21404579868652073706563696669656420696E6404
S2140457A865782E0054686520696E6465782061748F
S2140457B820776869636820746F20626567696E205D
S2140457C8766572696669636174696F6E206F6620B0
S2140457D874686520696D6167651F00426F6F746C35
S2140457E86F6164732074686520696D6167652061FC
S2140457F874207468652073706563696669656420D7
S214045808696E6465782062792063616C6C696E677A
S21404581820746865204F544120626F6F746C6F6102
S214045828642063616C6C6261636B2E005468652047
S214045838696E646578206174207768696368207483
S2140458486F20626567696E20626F6F746C6F61643F
S214045858696E672074686520696D6167651F005006
S21404586872696E747320696E666F2061626F7574F0
S2140458782074686520696E7374616C6C6564206254
S2140458886F6F746C6F616465722E00537562747200
S214045898616374732061206368616E6E656C20664C
S2140458A8726F6D2065697468657220746865207007
S2140458B872696D617279206F72207365636F6E64A6
S2140458C8617279206368616E6E656C206D61736BB6
S2140458D8206F6620746865206E6574776F726B2D0A
S2140458E87374656572696E6720636F6D706F6E6535
S2140458F86E742E00546865206368616E6E656C204D
S2140459086D61736B20746F2073756274726163744F
S21404591820746865206368616E6E656C2066726FB5
S2140459286D1F546865206368616E6E656C20746FBD
S21404593820737562747261637420746865206D617F
S214045948736B2066726F6D1F004164647320612058
S2140459586368616E6E656C20746F2065697468652B
S2140459687220746865207072696D617279206F722E
S214045978207365636F6E64617279206368616E6E06
S214045988656C206D61736B206F6620746865206E85
S2140459986574776F726B2D7374656572696E6720AC
S2140459A8636F6D706F6E656E742E00546865206341
S2140459B868616E6E656C206D61736B20746F206110
S2140459C864642061206368616E6E656C20746F1F62
S2140459D8546865206368616E6E656C20746F206118
S2140459E8646420746F20746865206D61736B1F008F
S2140459F853657473206569746865722074686520D5
S214045A087072696D617279206F72207365636F6E48
S214045A1864617279206368616E6E656C206D61736B
S214045A286B2E00546865206368616E6E656C206D25
S214045A3861736B20746F207375627472616374206B
S214045A48746865206368616E6E656C2066726F6D37
S214045A581F5468652076616C756520746F207365BD
S214045A687420746865206368616E6E656C206D6169
S214045A78736B20746F2E1F005365747320746865E7
S214045A88207072652D636F6E66696775726564202B
S214045A986B657920736F2074686174207468652058
S214045AA86A6F696E696E67206465766963652063E4
S214045AB8616E20656E74657220746865206E657400
S214045AC8776F726B2E005365747320746865207044
S214045AD87265636F6E66696775726564206B65794F
S214045AE81F0053746F707320746865206E6574772E
S214045AF86F726B207374656572696E672070726F57
S214045B08636573732E0053746172747320746865C6
S214045B18206E6574776F726B207374656572696E30
S214045B28672070726F636573732E0041206D61730E
S214045B386B206F66206F7074696F6E7320666F7261
S214045B4820696E6469636174696E6720737065633F
S214045B5869666963206265686176696F7220776929
S214045B687468696E20746865206E6574776F726BE6
S214045B782D7374656572696E672070726F636573DA
S214045B88732E1F00446973706C617973207468659A
S214045B982063757272656E742073746174757320ED
S214045BA86F6620746865206E6574776F726B2073F1
S214045BB874656572696E672070726F636573732E99
S214045BC800436C65617273207468652067726F752C
S214045BD87073207461626C65206F6E2065766572DA
S214045BE87920656E64706F696E74005072696E749D
S214045BF87320696E666F726D6174696F6E20616278
S214045C086F75742074686520636F6E74656E74733C
S214045C18206F66207468652067726F7570732074C9
S214045C2861626C652E004172746966696369616CA9
S214045C386C792064726F70732074686520626C6F68
S214045C48636B206E756D62657220646566696E6541
S214045C5864206279207468652070617373656420B3
S214045C68617267756D656E74206F6E6C79206F6EE1
S214045C7863652C20616E64207468656E20616C6CA4
S214045C886F77732069742075706F6E206120726553
S214045C987472792E0054686520626C6F636B206E8C
S214045CA8756D62657220746F2061727469666963C3
S214045CB869616C6C792064726F7020746F20666FEB
S214045CC87263652061207265747279202D2073656D
S214045CD87420746F203078464620746F2064697385
S214045CE861626C651F00536574732074686520725E
S214045CF86563656976652077696E646F772073696E
S214045D087A652E2020427920646566696E6974690E
S214045D186F6E20696E2074686520536D61727420F6
S214045D28456E657267792070726F66696C6520695E
S214045D3874206D7573742062652073657420746F9F
S214045D48203120627574207468697320616C6C6FE6
S214045D58777320697420746F206265206368616EA7
S214045D686765642E00546865206D6178206E756DCD
S214045D78626572206F662074686520626C6F636B58
S214045D8873207265636569766564206265666F72FA
S214045D986520616E204150532061636B206973202F
S214045DA867656E6572617465641F004D616B657323
S214045DB82074686973206E6F6465207374617274E6
S214045DC8206964656E74696679696E6720617320F4
S214045DD8612074617267657420666F722062696EEA
S214045DE864696E67207769746820616E20696E69D5
S214045DF8746961746F72206E6F64652E00546865EA
S214045E0820656E64706F696E74206F6E207768699B
S214045E18636820746F20626567696E2074686520FD
S214045E2846696E64696E6720616E642042696E64B2
S214045E38696E67207461726765742070726F636533
S214045E4873731F004D616B65732074686973206EE5
S214045E586F64652073746172742074686520696E53
S214045E6869746961746F722070617274206F662039
S214045E787468652066696E64696E6720616E64205E
S214045E8862696E64696E672070726F636573732ED9
S214045E980054686520656E64706F696E74206F6E52
S214045EA820776869636820746F20626567696E2066
S214045EB87468652046696E64696E6720616E64203E
S214045EC842696E64696E6720696E69746961746F85
S214045ED8722070726F636573731F00536574732042
S214045EE8776865746865722074686520434C492031
S214045EF8666F726365732074686520646576696383
S214045F086520746F2073686F727420706F6C6C2EC3
S214045F18005468652076616C756520696E646963EB
S214045F286174696E6720776865746865722074683A
S214045F3865206465766963652073686F756C64208C
S214045F4873686F727420706F6C6C1F00536574737B
S214045F582077686574686572207468652064657659
S214045F686963657320706F6C6C20636F6D706C6505
S214045F787465642063616C6C6261636B2066756E1D
S214045F886374696F6E20697320656E61626C6564FC
S214045F982E005468652076616C756520696E6469A0
S214045FA8636174696E6720776865746865722074BF
S214045FB86865206465766963657320706F6C6C2009
S214045FC8636F6D706C657465642063616C6C626184
S214045FD8636B2066756E6374696F6E2069732065DB
S214045FE86E61626C65641F00446973706C617973D2
S214045FF82074686520737461747573206F662074E2
S214046008686520456E642044657669636573207008
S2140460186F6C6C696E672E00456E61626C652F64E2
S214046028697361626C6520646562756720606C6577
S2140460386761637920617070206672616D65776F39
S214046048726B20646562756760207072696E74206E
S214046058747970652E00456E61626C652F64697389
S21404606861626C651F00456E61626C652F646973B6
S21404607861626C6520646562756720607A636C602B
S214046088207072696E7420747970652E00456E618E
S214046098626C652F64697361626C652064656275F9
S2140460A867206061707060207072696E74207479FD
S2140460B870652E00456E61626C652F646973616253
S2140460C86C652064656275672060636F726560201E
S2140460D87072696E7420747970652E00456E6162FC
S2140460E86C652F64697361626C65206465627567A4
S2140460F82060737461636B60207072696E742074B8
S2140461087970652E0053656E64732061207265711C
S2140461187565737420666F72204F544120636F75DB
S2140461286E746572732E0052657365747320616CA1
S2140461386C207468726573686F6C64732076616C1F
S21404614875657320746F203078464646462E00538D
S2140461586574732061207468726573686F6C642054
S21404616876616C756520666F722061207061727442
S2140461786963756C61722074797065206F66206334
S2140461886F756E7465722E0054797065206F66207C
S214046198636F756E7465721F5468726573686F6C86
S2140461A8642056616C75651F005072696E7473209E
S2140461B8746865207468726573686F6C6473206F9E
S2140461C86620616C6C2074686520636F756E7465F0
S2140461D872732E00436C6561727320616C6C206365
S2140461E86F756E7465722076616C7565732E0050D3
S2140461F872696E747320616C6C20636F756E746557
S214046208722076616C7565732E005072696E7473AD
S214046218207468652076616C7565206F66207468DE
S214046228697320706172746963756C617220636F38
S214046238756E7465722E0054686520636F756E7487
S2140462486572207479706520746F207072696E7434
S2140462581F005072696E747320616C6C20636F75CE
S2140462686E7465722076616C75657320616E642041
S214046278636C65617273207468656D2E005365746B
S214046288204D464720746F6B656E2C2043414E4E56
S2140462984F5420424520554E5345542042592043D6
S2140462A84C492E005072696E74204D464720746F10
S2140462B86B656E2E005072696E742061637469761D
S2140462C865206576656E74732E0044697361626C26
S2140462D8652074686520656E64706F696E742066E0
S2140462E86F72205A434C206D657373616765732E0D
S2140462F800456E64706F696E7420696E6465781FF5
S21404630800456E61626C65732074686520656E640A
S214046318706F696E7420666F72205A434C206D65E0
S2140463287373616765732E005072696E7420737494
S21404633861747573206F6620656E64706F696E7419
S214046348732E0053686F77732074686520766572B9
S21404635873696F6E206F662074686520736F667441
S214046368776172652E005365742074686520636FC0
S2140463786E66696775726564203830322E31352E3C
S2140463883420434341206D6F646520696E20746829
S2140463986520726164696F2E2053656520646F6397
S2140463A8756D656E746174696F6E20726567617267
S2140463B864696E67205241494C5F49454545383003
S2140463C8323135345F4363614D6F64655F742E0004
S2140463D841205241494C5F494545453830323135AC
S2140463E8345F4363614D6F64655F742076616C75D2
S2140463F8651F0052657475726E7320505449207276
S2140464086164696F20636F6E66696720696E666F7C
S214046418726D6174696F6E20746F2064657465723A
S2140464286D696E65207468652050485920747970C3
S21404643865206265696E67207573656420627920D5
S2140464485241494C2E2072657475726E2076616CC2
S214046458756520697320656E756D205241494C5FD9
S214046468494545453830323135345F507469526190
S21404647864696F436F6E6669675F7420652E67206C
S214046488205241494C5F4945454538303231353408
S2140464985F5054495F524144494F5F434F4E464903
S2140464A8475F32503447485A203D203078303055BC
S2140464B8205241494C5F49454545383032313534D8
S2140464C85F5054495F524144494F5F434F4E4649D3
S2140464D8475F32503447485A5F414E544449562021
S2140464E83D203078303155205241494C5F49454566
S2140464F8453830323135345F5054495F5241444947
S2140465084F5F434F4E4649475F32503447485A5FB9
S214046518434F4558203D2030783032552052414963
S2140465284C5F494545453830323135345F50544917
S2140465385F524144494F5F434F4E4649475F325086
S2140465483447485A5F414E544449565F434F45586A
S214046558203D2030783033550053656E64732061CF
S2140465682072656164206174747220666F72207488
S21404657868652074696D65206F6620746865206494
S2140465886576696365207370656369666965642EF4
S2140465982049742073657473206120666C616720D3
S2140465A8736F207768656E20697420676574732036
S2140465B874686520726573706F6E736520697420DD
S2140465C8777269746573207468652074696D6520CC
S2140465D8746F20697473206F776E2074696D6520F4
S2140465E8617474722E0049641F737263456E647016
S2140465F86F696E741F64657374456E64706F696E34
S214046608741F005768656E2073656E64696E67202C
S2140466187573696E6720612062696E64696E672C9B
S214046628207370656369666965732077686574683E
S21404663865722061206D756C746963617374206279
S214046648696E64696E672073686F756C642062652A
S21404665820757365642E007573654D756C7469636F
S21404666861737442696E64696E671F0053656E646D
S214046678732061207072652D62756666657265643E
S214046688206D756C746963617374206D65737361CA
S214046698676520746F206120676976656E20677267
S2140466A86F75702049442066726F6D206120676993
S2140466B876656E20656E64706F696E742E006772F8
S2140466C86F757049641F7372632D656E64706F69A5
S2140466D86E741F00437265617465732061206D656E
S2140466E87373616765206279207370656369667978
S2140466F8696E6720746865207261772062797465AC
S214046708732E20557365207468652073656E64203F
S214046718636F6D6D616E6420746F2073656E64209C
S214046728746865206D657373616765206F6E63654D
S21404673820697420686173206265656E20637265DB
S214046748617465642E2045783A2072617720307823
S21404675830303046207B30302030412030302031F5
S214046768312032322033332034342035357D2073BB
S214046778656E64732061206D657373616765207444
S2140467886F20636C757374657220313520283078F1
S2140467983030304629206F66206C656E6774682032
S2140467A83820776869636820696E636C75646573F6
S2140467B820746865205A434C206865616465722EA7
S2140467C800436C757374657249641F446174611F71
S2140467D80052657365747320746865206E6F64650B
S2140467E82E005772697465732061206D6573736132
S2140467F867652E00456E64706F696E741F436C750A
S214046808737465722049441F41747472696275749E
S214046818652049441F4D61736B1F4461746120747D
S2140468287970651F4461746120627974651F00522B
S214046838656164732061206D6573736167652E00F6
S214046848456E64706F696E741F436C7573746572F5
S2140468582049441F417474726962757465204944FA
S2140468681F312069662073657276657220646972C2
S214046878656374696F6E2C203020696620636C69C2
S214046888656E7420646972656374696F6E1F00535D
S214046898656E64732061206D6573736167652E0089
S2140468A844657374696E6174696F6E1F536F75728D
S2140468B8636520656E64706F696E741F44657374CF
S2140468C8696E6174696F6E20656E64706F696E7444
S2140468D81F00536F7572636520656E64706F696E0A
S2140468E8741F004C69737473207768696368206F33
S2140468F87074696F6E616C206C6962726172696526
S21404690873206F662074686520737461636B2061F6
S214046918726520696D706C656D656E746564206F4C
S2140469286E2074686973206465766963652E005002
S21404693872696E747320696E666F726D6174696FBE
S2140469486E2061626F757420746865206E6574774E
S2140469586F726B2073746174652C20636C75737422
S2140469686572732C20616E6420656E64706F696E40
S21404697874732E006F66667365741F005072696EB2
S214046988747320696E666F726D6174696F6E2066C3
S2140469986F7220616C6C20617661696C61626C65EB
S2140469A820736C6F74732E00526561647320726171
S2140469B87720646174612066726F6D20666C6173FB
S2140469C8682073746F726167652E0041646472652B
S2140469D8737320746F20726561641F4E756D6265EB
S2140469E872206F6620627974657320746F207265EE
S2140469F861641F005072696E747320666C617368F4
S214046A082073746F7261676520696E666F726D6154
S214046A1874696F6E2E0045726173657320746865B9
S214046A282073706563696669656420736C6F742087
S214046A3849442E0053746F7261676520736C6F74D3
S214046A48206E756D6265721F00426F6F74732074D2
S214046A58686520696D61676520696E2074686520BD
S214046A6873706563696669656420736C6F7420491E
S214046A78442E00434C4920696E7374616E63652026
S214046A886578616D706C650064756D6D795F696EA7
S214046A987374005A434C20636F6D6D616E647300A3
S214046AA8626173696300676C6F62616C006D666728
S214046AB82D636F6465007573652D6E6578742D7324
S214046AC8657175656E636500782D64656661756CB9
S214046AD8742D7265737000746573742D72657370A3
S214046AE86F6E73652D6F6E00746573742D7265739F
S214046AF8706F6E73652D6F6666005A434C2062612C
S214046B0873696320636C757374657220636F6D6D47
S214046B18616E6473007274666400436F6D6D616EB3
S214046B286420746861742072657365747320616C7C
S214046B386C206174747269627574652076616C750C
S214046B48657320746F20666163746F727920646558
S214046B586661756C742E005241494C006C6F7765FB
S214046B68722D6D61632D7261696C2D3830322E3149
S214046B78352E342E63006C69627261696C2E61006E
S214046B88756E636C61696D656400627566666572C8
S214046B982D6D616E6167656D656E742E630065762E
S214046BA8656E742D71756575652E63007A696762FE
S214046BB865652D75707065722D6D61632E63006E44
S214046BC865696768626F722E63006173736F6369C1
S214046BD86174696F6E2E6300313832317300313454
S214046BE832323100313231003273003132323131CF
S214046BF83200313232313100323831003831310026
S214046C083138323131003132313131323132323287
S214046C18317300313232003132313132323100319F
S214046C2831313100323238006D61632D6D756C7404
S214046C38692D6E6574776F726B2E63006C65676179
S214046C4863792D7061636B65742D6275666665720B
S214046C582E63000000000200000000000000000090
S214046C68BA04000000000000000002000000000053
S214046C7800000000BA04000000000000000102033F
S214046C880E312E312E322D66383132616664370065
S214046C9801000002030301000600000000000300D0
S214046CA80000000013B779FAC925DDB7ADF3CFE0C5
S214046CB8F1B614B80102000000000000FFFFFFFF51
S214046CC801000000010000000000000000000000B1
S214046CD800000000000000000000000000000000A3
S214046CE80000000000000000000000000000000093
S214046CF800000000073F0300913203008D320300B2
S214046D086B32030039320300C93203009B32030096
S214046D183B3203002C0000000202020300000000BD
S214046D2800000000648000506880005000020100E3
S214046D380009007F706D04000100000F506D040008
S214046D480000000000000000E1FE59FF8FFFADFFC1
S214046D58C1FFD0FFDCFFE4FFEBFFF2FFF6FFFAFF0C
S214046D68FDFF0000030005005500EDFEFF0064006B
S214046D781E0000007F001B0DD063FDFF3600B7031E
S214046D884DDAFFFF1C005901EC3600001100BD0067
S214046D98C83B00000B0071001435000007004900CA
S214046DA8352C0000050037000526000003001400F3
S214046DB8FF140000C521040007D5030007D5030007
S214046DC807D5030007D5030007D5030007D5030036
S214046DD807D5030007D5030007D5030007D5030026
S214046DE807D5030007D5030007D5030007D5030016
S214046DF807D5030007D5030007D5030007D5030006
S214046E0807D5030007D5030007D5030007D50300F5
S214046E1807D5030007D5030007D5030007D50300E5
S214046E2807D5030015D5030007D503002AD50300A4
S214046E3807D5030007D503004FD5030007D503007D
S214046E4807D5030007D5030007D5030077D5030045
S214046E5807D5030007D5030007D5030007D50300A5
S214046E688FD5030007D50300ADD50300010304013D
S214046E78010109030B0000000B00000002000000DB
S214046E880000202000000000030000008C8C3C005A
S214046E980000000000000000000000001E000000C3
S214046EA80A0000001A000000000000581200000043
S214046EB8A46E0400554E4B00474F200042544C0025
S214046EC8474F3200474F3300474F3400474F35008B
S214046ED8474F3600474F3700474F3800474F39006B
S214046EE8474F4100474F4200474F4300474F44002F
S214046EF8474F4500474F46004A4D5000424452000B
S214046F085550520042544D004D534D0046544C00C3
S214046F18554E4B00474F200042544C004241440013
S214046F2846544C00465243004F54410044534C00C8
S214046F384241500055504700544D450046415500BF
S214046F48545A4600554E4B0050494E00454D3400A1
S214046F58554E4B0048562000554E4B004558500099
S214046F684C574D00554E4B005242540044534C0067
S214046F78454D3400554E4B0041535400554E4B0076
S214046F8856465900494E4800554E4B004C434B0054
S214046F9858544C004F424600554E4B004852440045
S214046FA84D454D004255530055534700444247004B
S214046FB8444D410056435400554E4B00555020004E
S214046FC852502000415030004150310041502000BA
S214046FD84450200044454300BC6E0400C06E0400C0
S214046FE8186F04004C6F0400586F0400606F0400A8
S214046FF86C6F04007C6F0400846F0400906F0400B8
S214047008A06F0400C06F0400554E4B00464942006A
S21404701842544C00455854005057520057444700B1
S21404702820535700435253004653480042414400F5
S214047038464C540042524F0001040103030601055E
S214047048010501090600060B0000070B050B0000E6
S21404705800000000000000000400E40C0200010424
S214047068100100000005000200000300FC72040082
S214047078F8720400E4720400E0720400DC7204008F
S214047088D8720400C6720400B67204009C72040027
S214047098947204008A7204008872040070720400F1
S2140470A86D7204006572040054720400447204008D
S2140470B83272040018720400107204000472040089
S2140470C800720400FC710400EE710400E37104000D
S2140470D8CA710400B17104005571040054710400A7
S2140470E8447104001C71040011710400107104003A
S2140470F8FC7004000000000000000000000000000F
S21404710800000000000000000F000000000000005F
S214047118000000000000000000000000000000005E
S214047128000000000000000000000000000000004E
S214047138000000000000000000000000010000003D
S2140471480000000000000000000000000F0000001F
S214047158000000000000000000000000000000001E
S214047168000000000000000000000000000000000E
S21404717800000000000000000000000000000000FE
S21404718800000000000000000000000000000000EE
S21404719800000000000000000000000000000000DE
S2140471A800000000000000000000000000000000CE
S2140471B800000000000000000000000000000000BE
S2140471C800000000000000000000000000000000AE
S2140471D8000000000000000000000000000000009E
S2140471E8000000000000000000000000000000008E
S2140471F8000000000000000000000000FFFFFFFF82
S214047208FFFFFFFFFFFF0000000000000000000073
S214047218000000000000000000000000000000005D
S214047228000000000000000000000000000000004D
S214047238000000000000000000000000000000003D
S214047248000000000000000000000000000000002D
S21404725800000000000000000000000000FFFFFF20
S214047268FFFFFFFFFF9C0000FF0000000000000077
S214047278000000000000000000000000800000007D
S2140472880000FFFFFFFFFFFFFFFFFFFF00000000F7
S214047298FFFF0000000000000000000000000000DF
S2140472A80000000000000000000000000000FFFFCF
S2140472B8FF000000000000000000000000000000BE
S2140472C800000000000000000000000000000000AD
S2140472D8000000000000000000000000000000009D
S2140472E8000000000000000000000000000000008D
S2140472F800000000FC030101010101010101010174
S2140473080101010101000000000000010020000046
S21404731800000001010000200204110404021110F8
S2140473281A080A021801081110111A080A04020D8C
S2140473380B19195C0110280B01140000000000004A
S2140473480000000000000000000101010101010026
S2140473580101010101010100000101010001000110
S214047368010000000000000000000000000000000B
S21404737800010000000000000000000000000000FB
S21404738801FF010023E1010075E4010063E2010046
S21404739863E5010062E1010079EB010064EE010097
S2140473A824E1010025E1010026E1010027E10100AE
S2140473B828E1010029E101002AE10100000001009A
S2140473C880000100000101008001010000020100A4
S2140473D88002010020E2010000030100000501000C
S2140473E880050100000601002C89010080060100C2
S2140473F80007010001E5010002E50100000801009C
S214047408800801000040010086321010FFFFFFFFCD
S214047418FFFFFFFF3BDE030041DE030047DE0300F9
S2140474284DDE030053DE0300567777777777777752
S21404743877777777777777775A6967426565416CA0
S2140474486C69616E636530395A6967426565416C73
S2140474586C69616E636530394E574B2053746565A5
S21404746872696E67000095969595950507090D004F
S214047478000000000001020304060000B9F6030039
S214047488540A04006E0A0400850A0400980A0400D4
S214047498A80A0400BC0A0400CE0A0400DE0A040093
S2140474A8FA0A04000F0B04000208010D0D0101017D
S2140474B812010000FFFFFFFFFFFFFFFF00000000B0
S2140474C80000000001090501000200000000000396
S2140474D81EF1EE0BEC74040050170400C5210400DA
S2140474E8FE0000006C1704004C7604000000000040
S2140474F8761704003C760400000000008317040096
S2140475082C76040000000000901704001C76040083
S21404751800000000AE17040008760400000000000F
S214047528A6170400F475040000000000AD17040054
S214047538E075040000000000BB170400D0750400C2
S214047548000000002D160400BC75040000000000AE
S214047558B4170400AC75040000000000C01704004B
S21404756898750400000000006CDC030088750400AD
S21404757800000000000000000000000000000000FA
S21404758805470300D11704000E180400010100FF84
S214047598190E0100371804007C18040001010001C4
S2140475A80107FF00D50D0100C918040034190400AA
S2140475B8010100FF150D0100551904006E19040099
S2140475C800010100FF000000174703009319040098
S2140475D8EB1904000101FF00FF460300021A040029
S2140475E8591A040001010207FF000000F9460300C7
S2140475F8021A0400591A040001010207FF000000D9
S214047608F3460300021A0400591A0400010102078B
S214047618FF000000C90C01007A1A0400B91A040015
S214047628010101FF690C0100D81A04001D1B04009F
S214047638010000FF250C0100D81A04001D1B0400D5
S214047648010000FFAD0C0100441B04004A190400A5
S21404765800FF0000ED460300991B0400654604007D
S214047668FF000000E74603000C1C040065460400FF
S214047678FF000000050C01007B1C0400F01C04003D
S21404768800FF0000DD0B0100081D04006A1D04004D
S21404769800FF0000D94603007B1D0400C11D04003A
S2140476A802FF0000A50B0100CA1D04003E1E0400CC
S2140476B801FF0000000000003E2104001100000045
S2140476C84A2104001200000052210400130000009E
S2140476D85A21040021000000622104002200000050
S2140476E8692104002300000070210400AA00000099
S2140476F877210400FF00000000000000FFFFFFFFE2
S214047708FFFFFFFF00000000000000000000010863
S2140477180109020A030B040C050D060E070F0810D0
S21404772801180119021A031B041C051D061E071F4F
S21404773808200121022203230424052506260727F8
S21404774808280129022A032B042C052D062E072FA8
S21404775808300131023203380239043A08E004E1F9
S21404776804E204E802E902EA04F008F11000000062
S2140477780000000004050000E077040002000F0083
S2140477880878040002000F003078040002000F0096
S2140477985878040002000F008078040002000F00E6
S2140477A8A878040002000F00D078040002000F0036
S2140477B8F878040002000F002079040002000F0085
S2140477C84879040002000F007079040002000F00D4
S2140477D89879040002000F0000000000C079040035
S2140477E8030000004000000000000000190000002C
S2140477F8E479040004000F00800000000000000084
S21404780800000000C07904000300000040000000E7
S2140478180000000019000000E479040004000F00CA
S214047828800000000000000000000000C07904008A
S21404783803000000400000000000000019000000DB
S214047848E479040004000F00800000000000000033
S21404785800000000C0790400030000004000000097
S2140478680000000019000000E479040004000F007A
S214047878800000000000000000000000C07904003A
S214047888030000004000000000000000190000008B
S214047898E479040004000F008000000000000000E3
S2140478A800000000C0790400030000004000000047
S2140478B80000000019000000E479040004000F002A
S2140478C8800000000000000000000000C0790400EA
S2140478D8030000004000000000000000190000003B
S2140478E8E479040004000F00800000000000000093
S2140478F800000000C07904000300000040000000F7
S2140479080000000019000000E479040004000F00D9
S214047918800000000000000000000000C079040099
S21404792803000000400000000000000019000000EA
S214047938E479040004000F00800000000000000042
S21404794800000000C07904000300000040000000A6
S2140479580000000019000000E479040004000F0089
S214047968800000000000000000000000C079040049
S214047978030000004000000000000000190000009A
S214047988E479040004000F008000000000000000F2
S21404799800000000C0790400030000004000000056
S2140479A80000000019000000E479040004000F0039
S2140479B880000000000000000000200120000000F5
S2140479C8080000000400422130000000587A040031
S2140479D800FF420030000000000000000000F0082D
S2140479E840000000797A04000100230440000000E7
S2140479F8817A040006003001400000000000000000
S214047A08FDFF2102400000000100000019000004E8
S214047A1819000101190002041900030119000504DC
S214047A28190006011900070404004100812E01000C
S214047A38060041000D4F030019008100714B010038
S214047A4819008400FD5501000080000000000000B5
S214047A5806435553544F4D00000000000000000034
S214047A680000000000000000000000000000000005
S214047A7800FFFFFFFFFFFFFFFFFFFFFFFF000401FC
S214047A8804010401040104010401040104010401BD
S214047A98040104010401FFFFFFFFFFFFFFFFFFFFD0
S214047AA8FFFFFFFFFFFFFFFFFFFFFFFFFFFF0001D2
S214047AB802030405060708090A0B1F1C1F1E1F1EBF
S214047AC81F1F1E1F1E1F07021F012F0037013F001E
S214047AD85701DF02E700FF02000000000000000074
S214047AE80000000000000000000000000000000085
S214047AF8000000000000000000000000DD2704006D
S214047B0819000000E3270400FFFF0000000000003F
S214047B18AE280400B9280400C5210400C1280400BE
S214047B28CF280400C5210400E2280400ED28040038
S214047B38FB280400FF2804000F290400C1F70300EB
S214047B481F290400232904002E29040038290400C8
S214047B58422904004629040054290400682904001C
S214047B687E290400008000000000000000000000D9
S214047B7800000000FFFFFFFFFF00000000000000F9
S214047B8800000000000000000000004000000000A4
S214047B98010000002DDC0100000000000000F03F9A
S214047BA800000000000024400000000000005940C7
S214047BB80000000000408F40000000000088C3401A
S214047BC800000000006AF8400000000080842E418F
S214047BD800000000D01263410000000084D79741DB
S214047BE80000000065CDCD413AFB03005C9204001A
S214047BF800000000A43204004C92040000000000B8
S214047C08A93204003C92040000000000AA320400D2
S214047C182C92040000000000BB170400189204000D
S214047C2800000000AE1704000492040000000000E0
S214047C38AF320400F491040000000000B5320400DA
S214047C48E491040000000000B9320400D491040052
S214047C5800000000C8320400C491040000000000BC
S214047C68E5320400B491040000000000EE3204007B
S214047C78A491040000000000033304009491040057
S214047C8800000000FC0804008491040000000000C2
S214047C98133304004491040000000000193704005C
S214047CA8A088040000000000C626040060880400BB
S214047CB8000000001A330400A08704000000000037
S214047CC823330400A48604000000000030330400B4
S214047CD84C820400000000004C290400248104009F
S214047CE8000000003733040024810400010000006B
S214047CF83B330400E4800400000000004033040022
S214047D08A87F040000000000F9D50300A87F04003B
S214047D1801000000303304004C8204000000000018
S214047D28473304004C820400010000004C3304006E
S214047D38747F04000000000056330400747F0400B7
S214047D48010000005E330400A47D04000000000067
S214047D5871DD0300707D04000000000000000000D0
S214047D680000000000000000807D04006233040068
S214047D78C5210400FE0000007A3304004889040084
S214047D8800000000EE3704003889040000000000F4
S214047D98000000000000000000000000B47D04009D
S214047DA87F330400C5210400FE0000009533040058
S214047DB8C88A0400000000009B330400B88A040044
S214047DC800000000A1330400A88A04000000000094
S214047DD8AA330400988A040000000000ABDA030003
S214047DE8888A040000000000B5D80300508A0400FE
S214047DF800000000C3E103003C8A04000000000001
S214047E08B43304002C8A040000000000B0DD03002C
S214047E181C8A040000000000B93304000C8A04001D
S214047E2800000000C0330400FC89040000000000C1
S214047E385CEC0300EC89040000000000C533040071
S214047E48407F040000000000CC330400E87E0400F1
S214047E5800000000D4330400B47E040000000000D0
S214047E68E0330400807E04000000000000000000E8
S214047E780000000000000000907E0400EB330400BD
S214047E88C5210400FE00000035F2030068890400DA
S214047E980000000093130400588904000000000042
S214047EA8000000000000000000000000C47E04007B
S214047EB80C340400C5210400FE00000035F203005B
S214047EC888890400000000009313040078890400DD
S214047ED80000000000000000000000000000000091
S214047EE8F87E04002E340400C5210400FE000000B9
S214047EF84C340400D8890400000000003D3904000E
S214047F08C8890400000000005B340400B889040033
S214047F180000000060340400A88904000000000083
S214047F28673404009889040000000000000000007C
S214047F380000000000000000507F04006C340400B9
S214047F48C5210400FE000000F7F10300748A04004B
S214047F580000000089340400608A04000000000061
S214047F68000000000000000000000000847F0400F9
S214047F7891340400C5210400FE000000AD3404005A
S214047F88088B0400000000004C290400F88A04004A
S214047F9800000000000000000000000000000000D0
S214047FA8B87F0400B2340400C5210400FE000000B3
S214047FB8CB340400B88B040000000000B8EE0300BD
S214047FC8A88B040000000000D4340400988B040036
S214047FD800000000AD340400E88A04000000000035
S214047FE8D9340400D88A040000000000E6340400EB
S214047FF8A480040000000000F43404007080040028
S2140480080000000002350400308004000000000070
S2140480181A330400A08704000000000000000000D3
S2140480280000000000000000408004000B35040037
S214048038C5210400FE000000ED6A0400888B0400D5
S21404804800000000FE6A0400788B040000000000AC
S214048058E9020400688B0400000000000000000029
S2140480680000000000000000808004002935040099
S214048078C5210400FE00000053350400D88B040014
S21404808800000000D4230400C88B0400000000008D
S214048098000000000000000000000000B480040097
S2140480A85A350400C5210400FE00000071DD0300F3
S2140480B80C8C04000000000093130400FC8B0400DE
S2140480C8000000003D390400E88B040000000000AE
S2140480D8000000000000000000000000F480040017
S2140480E87A350400C5210400FE00000071DD030093
S2140480F83C8C0400000000009A3504002C8C040014
S21404810800000000931304001C8C04000000000008
S2140481180000000000000000000000003481040095
S214048128A1350400C5210400FE000000BB35040088
S214048138708D04000000000083F30300608D0400C3
S21404814800000000EE350400508D04000000000016
S214048158ABDA0300408D040000000000BCDA03001C
S214048168308D040000000000C0350400208D040093
S21404817800000000D8350400108D0400000000003C
S214048188E1350400008D040000000000E835040012
S214048198F08C040000000000F4350400C08C0400D1
S2140481A8000000003D390400B08C04000000000004
S2140481B803360400A08C040000000000A803040092
S2140481C8908C04000000000008360400808C04002C
S2140481D8000000001F360400708C04000000000035
S2140481E8333604005C8C04000000000043360400A8
S2140481F84C8C040000000000523604001882040068
S214048208000000000000000000000000000000005D
S2140482182882040057360400C5210400FE00000026
S2140482286E360400E08C0400000000007736040074
S214048238D08C0400000000000000000000000000CD
S214048248000000005C820400C5210400C521040067
S214048258FE0000007E360400E088040000000000EB
S2140482688B360400248704000000000094360400BB
S2140482786486040000000000A73604003086040064
S21404828800000000B5360400FC8504000000000069
S214048298C3360400C885040000000000D136040074
S2140482A83085040000000000E23604000885040057
S2140482B800000000EF360400688404000000000094
S2140482C8FA36040010840400000000000D37040089
S2140482D8E8830400000000009F160400848304005A
S2140482E80000000020370400448304000000000057
S2140482F82B37040010830400000000000000000070
S2140483080000000000000000208304003E3704003C
S214048318C5210400FE00000062370400908D0400A6
S2140483280000000068370400808D04000000000088
S2140483380000000000000000000000005483040051
S2140483486C370400C5210400FE000000A5F30300F2
S214048358C08D0400000000009E370400B08D0400A1
S21404836800000000AA370400A08D040000000000E6
S21404837800000000000000000000000094830400D1
S214048388C0370400C5210400FE00000071DD0300A8
S214048398248E04000000000093130400148E0400C6
S2140483A80000000099130400048E04000000000076
S2140483B835F20300F08D040000000000DC370400EA
S2140483C8E08D040000000000F3370400D08D04009C
S2140483D8000000000000000000000000000000008C
S2140483E8F8830400FF370400C5210400FE000000DB
S2140483F824380400348E0400000000000000000046
S214048408000000000000000020840400293804004E
S214048418C5210400FE0000004D380400848E0400C4
S214048428000000009A350400748E04000000000062
S21404843859380400648E0400000000006038040004
S214048448548E0400000000006D380400448E0400B6
S214048458000000000000000000000000000000000B
S2140484687884040078380400C5210400FE0000005F
S214048478E6360400348F0400000000009538040033
S214048488248F0400000000003AFB0300148F040045
S21404849800000000680A0400048F040000000000BE
S2140484A84D360400F48E040000000000A5F3030013
S2140484B8E48E0400000000009C380400D48E0400F7
S2140484C800000000A7380400C48E04000000000062
S2140484D8B4380400B48E040000000000C438040055
S2140484E8A48E040000000000D7380400948E04000C
S2140484F8000000000000000000000000000000006B
S21404850818850400E9380400C5210400FE000000AC
S2140485183AFB0300448F040000000000000000003B
S214048528000000000000000040850400073904002D
S214048538C5210400FE000000A5F30300B48F040060
S21404854800000000680A0400A48F0400000000006D
S2140485584D360400948F0400000000002A390400F5
S214048568848F040000000000563404008885040044
S21404857800000000000000000000000000000000EA
S2140485889885040041390400C5210400FE00000053
S2140485983D390400748F04000000000035F203001F
S2140485A8648F04000000000057390400548F040048
S2140485B800000000000000000000000000000000AA
S2140485C8D885040060390400C5210400FE000000B4
S2140485D871DD0300D48F0400000000009313040028
S2140485E8C48F040000000000000000000000000023
S2140485F8000000000C86040080390400C52104002D
S214048608FE000000A0390400F48F040000000000F7
S214048618B3390400E48F04000000000000000000E2
S214048628000000000000000040860400C939040069
S214048638C5210400FE000000E93904001490040073
S21404864800000000B8EE03000490040000000000D8
S214048658000000000000000000000000748604000B
S214048668F3390400C5210400FE000000A5F3030046
S2140486784490040000000000183A040034900400F3
S21404868800000000303A04002490040000000000B3
S214048698000000000000000000000000B48604008B
S2140486A8C5210400C5210400FE000000413A040068
S2140486B8CC86040000000000000000000000000053
S2140486C800000000DC860400C5210400C52104005F
S2140486D8FE0000004D3A04009490040000000000D8
S2140486E83D2904008490040000000000533A040066
S2140486F87490040000000000573A040064900400D4
S214048708000000005B3A04005490040000000000D7
S2140487180000000000000000000000003487040089
S2140487286B3A0400C5210400FE00000071DD030056
S2140487381491040000000000863A04000491040022
S21404874800000000993A0400F490040000000000B9
S21404875893130400E490040000000000A63A040002
S214048768D490040000000000B73A0400C490040043
S21404877800000000C53A0400B4900400000000009D
S214048788D63A0400A490040000000000000000008C
S2140487980000000000000000B0870400E33A04006C
S2140487A8C5210400FE000000FD3A0400388B0400CE
S2140487B800000000303B0400288B04000000000082
S2140487C86B3B0400188B040000000000823B040086
S2140487D82C880400000000008C3B0400F887040082
S2140487E80000000000000000000000000000000078
S2140487F808880400903B0400C5210400FE0000001D
S214048808ED6A0400588B040000000000FE6A0400A9
S214048818488B040000000000000000000000000070
S214048828000000003C880400AF3B0400C521040097
S214048838FE000000D0EE030034910400000000009F
S2140488483D390400249104000000000000000000E4
S214048858000000000000000070880400C23B04000A
S214048868C5210400FE00000071DD030074910400B5
S2140488780000000053350400649104000000000062
S214048888D4230400549104000000000000000000F3
S2140488980000000000000000B0880400DD3B04006F
S2140488A8C5210400FE0000006D3804008C92040004
S2140488B800000000A5F303007C92040000000000FA
S2140488C83AFB03006C92040000000000000000005D
S2140488D80000000000000000F0880400FD3B0400CF
S2140488E8C5210400FE0000001B3C0400DC920400C2
S2140488F800000000253C0400CC92040000000000A0
S214048908303C0400BC92040000000000BB170400BE
S214048918AC920400000000003F3C04009C92040053
S2140489280000000000000000000000000000000036
S214048938CB4603004A3C0400C5210400FF0000009F
S214048948C7460300573C0400C5210400FF00000086
S21404895819130100693C0400C5210400FF00000047
S214048968B5120100963C04005E44040001FF0000B2
S21404897819130100D63C0400C5210400FF000000BA
S214048988B5120100043D04005E44040001FF000023
S2140489984D130100453D0400663D040000FF000039
S2140489A84D1301006F3D0400CC3D04000000FF0099
S2140489B8C9130100DA3D0400F33D0400010001FF79
S2140489C835140100183E04005A3E04000102FF0054
S2140489D8C9130100703E04009F3E04000100010212
S2140489E8FF00000045110100D03E04000C3F0400BF
S2140489F807FF000065110100123F0400453F04000C
S214048A0801FF0000791101004D3F04009D3F04005A
S214048A180100FF00D5110100B23F04000340040022
S214048A280101FF00A9110100134004004D40040091
S214048A3801FF000029120100554004009E4004006E
S214048A48010000010707FF0065140100F040040058
S214048A58453F040001FF0000651501003841040085
S214048A687C410400010700010700FF0029470300B2
S214048A78D1410400174204000107000101FF000069
S214048A88ED140100534204008E420400010000FF66
S214048A98BD140100AC420400F04204000100FF00CB
S214048AA88D14010003430400F04204000100FF0093
S214048AB835150100424304004D40040001FF000040
S214048AC8A51501007D430400AE4304000100FF0021
S214048AD8D5FE0000C5210400BC430400000707FFB8
S214048AE879FE0000C5210400D5430400000707FFEB
S214048AF885030100C5210400E143040007FF0000C4
S214048B0885030100C5210400E143040007FF0000B3
S214048B187B460300C5210400E64304000000FF006A
S214048B2861030100C5210400CF1A040001FF0000F8
S214048B3829030100C52104001E44040000FF0000A8
S214048B4859FE0000C5210400C5210400FF000000EA
S214048B5859FE0000C5210400C5210400FF000000DA
S214048B6851460300C5210400C5210400FF00000087
S214048B7851460300C5210400C5210400FF00000077
S214048B8851460300C5210400C5210400FF00000067
S214048B9829FE0000C5210400544404000101FF0016
S214048BA815FE0000C52104006944040001FF000006
S214048BB84D460300C5210400C5210400FF0000003B
S214048BC8DDFD000031350400C5210400FF00000067
S214048BD8DDFD000073440400C5210400FF00000006
S214048BE85DFF000094440400AB4404000001000048
S214048BF807FF000049460300D1440400C5210400C9
S214048C08FF000000D9FC0000EB440400C521040062
S214048C18FF000000C346030019450400C5210400EC
S214048C28FF000000B546030033450400B5430400BE
S214048C3800FF00005906010058450400C521040039
S214048C48FF000000ADFB000072450400C5210400C7
S214048C58FF00000041FB000095450400124604008E
S214048C6800000310FF0000001DFC00006746040017
S214048C78D546040001FF0000F1FB0000EA460400A4
S214048C882D47040000FF000005FB00003E470400D3
S214048C98C5210400FF000000474603006D47040092
S214048CA8C5210400FF000000E1FA0000B9470400EB
S214048CB8B543040000FF0000ADFA0000FA480400BB
S214048CC84F49040000FF000091FA000069490400B7
S214048CD8C5210400FF00000075FA00007949040065
S214048CE8C5210400FF000000374603008D49040030
S214048CF80B4A040000FF000045FA0000964A0400E8
S214048D08C5210400FF00000001FA0000B34A04006D
S214048D18DE4A040007FF0000C1F90000E84A040020
S214048D28414B0400000500FF79F90000F44B0400E9
S214048D38074C04000002FF0055F90000364C0400F6
S214048D48C5210400FF00000037460300484C040011
S214048D58824C040000FF0000E9F80000084D0400F7
S214048D684E4D0400000301FFD9F80000EE4D040040
S214048D78344E0400000301FF75740100D44E040049
S214048D88C5210400FF000000CF520300FC4E040077
S214048D98774F040002FF000085190100CC4F040039
S214048DA86546040000FF000051190100F44F040052
S214048DB86546040000FF0000011901000D50040078
S214048DC8C5210400FF000000816601002650040047
S214048DD8C5210400FF000000596601007350040012
S214048DE8C5210400FF000000E56501009E5004004C
S214048DF8C450040000010100010102FFBD65010022
S214048E08435204006B52040000FF00009D650100F5
S214048E1892520400C5210400FF000000E564010026
S214048E28BC520400C5210400FF000000A151030041
S214048E38D5520400C5210400FF000000B5590100FE
S214048E48FB5204002C5304000002FF0003500300E6
S214048E5889530400C5210400FF000000FF4F0300E7
S214048E68B6530400C5210400FF0000006959010038
S214048E78D1530400FB53040000FF000029570100E7
S214048E882B540400C5210400FF000000A54201007D
S214048E983E540400C5210400FF0000008D42010072
S214048EA856540400C5210400FF0000007B4F03004D
S214048EB86F540400C5210400FF000000674F030038
S214048EC89C5404001655040000FF000035560100A3
S214048ED855550400C5210400FF000000255501006F
S214048EE8CD550400C5210400FF00000049410100D7
S214048EF811560400C5210400FF0000002D4101009E
S214048F082E560400C5210400FF000000A5410100F8
S214048F18D9560400C5210400FF0000009941010049
S214048F2867570400AC57040000FF000065410100C1
S214048F38E35704003458040000FF0000913F010082
S214048F4867580400C5210400FF0000002934010006
S214048F5893580400FC5804000000FF00293401005C
S214048F6851590400B35904000000FF00C934010035
S214048F78F85904002B5A04000002FF00D54E0300DB
S214048F88805A0400CE5A040007FF0000FD3501008D
S214048F98EA5A0400C5210400FF0000001134010049
S214048FA80E5B0400335B040000FF00001D3501005F
S214048FB88C5B0400C5210400FF000000E12D0100BD
S214048FC8C95B0400C5210400FF000000A92D0100A8
S214048FD8F35B0400C5210400FF000000AD4D030048
S214048FE82E5C04009D5C040000FF000005270100B9
S214048FF8EE5C04006D5D040000FF00009F4D030056
S214049008B35D0400055E040000FF00007F4D030006
S2140490184C5E0400995E040000FF0000CD1F0100AA
S214049028E35E0400195F040003FF00000520010046
S214049038545F04009A5F040003FF0000B51E010095
S214049048F05F0400C5210400FF0000000B4D030078
S214049058206004005E60040000FF0000054D030065
S2140490686E6004005E60040000FF0000FF4C03000E
S214049078956004005E60040000FF0000F94C0300DD
S214049088BC6004005E60040000FF0000F34C0300AC
S214049098E46004005E60040000FF0000CF4C030098
S2140490A80D610400C5210400FF000000D54C030030
S2140490B82F610400C5210400FF000000051C010000
S2140490C857610400906104000001FF00311C010090
S2140490D8B1610400C5210400FF000000D14C030060
S2140490E8DC610400C5210400FF000000ED1B01003C
S2140490F8F7610400C5210400FF000000A91B010055
S214049108126204003F62040000FF0000911B010085
S2140491185A620400C5210400FF000000D9030100B8
S21404912885620400C5210400FF000000D90301007D
S214049138AC620400C5210400FF000000C9F8000062
S214049148BD620400C5210400FF00000095F8000075
S214049158D2620400F962040000FF000095F80000DB
S21404916809630400F962040000FF00002DF80000FB
S21404917830630400C5210400FF0000002F460300E6
S2140491884B630400C5210400FF00000089F40000B6
S2140491986E630400D863040000FF000069F400004E
S2140491A8FB630400C5210400FF0000005110010001
S2140491B861650400EE650400010000FF350F010038
S2140491C80B6604005F66040000FF0000690F0100D8
S2140491D874660400C66604000100FF00D50E01008C
S2140491E8DC660400C96704000107FF003346030071
S2140491F8D9670400C5210400FF00000035080100F3
S214049208EA670400FC670400000101000007FF0089
S2140492182D070100376804004868040000010100AF
S214049228FF000000690F010097680400A86804009E
S214049238010000FFA506010097680400DA68040028
S21404924800FF000015A70100EB680400C521040010
S214049258FF000000BDF4000037690400C5210400BF
S214049268FF0000002B730300C5210400C521040079
S214049278FF000000DDB40100C5210400C521040078
S214049288FF000000A1B40100C52104007C690400A5
S21404929802FF00004DBC010084690400C5210400D7
S2140492A8FF000000D9BB0100B0690400D3690400BC
S2140492B80200FF00AD730300FC690400C521040026
S2140492C8FF000000B5BB01001E6A04003C6A0400E7
S2140492D802FF00008DBB0100516A04003C6A0400CA
S2140492E802FF000001000000844D0020000000007A
S2140492F800000000FFFF0000AF4C03000000000061
S21404930803000000FFFF01008D4D0300000000006D
S21404931804000000FFFF01001B4E030000000000CD
S21404932804000000FFFF00009F4E0300000000003A
S21404933806000000FFFF0000114F030000000000B5
S21404934819000000FFFF0100A74F0300573A040066
S2140493589C680020000000000000000000000000D8
S21404936800000000A86A0400D89304000000000067
S214049378AE6A0400DC74040000000000B56A040049
S214049388AC76040000000000EE3704009C76040067
S21404939800000000BE6A04008C760400000000008A
S2140493A8D06A04007C76040000000000DF6A04002B
S2140493B86C76040000000000F06A04005C76040082
S2140493C8000000000000000000000000000000008C
S2140493D8E8930400026B0400C5210400FE000000A4
S2140493E81D6B040000940400000000000000000048
S2140493F80000000000000000E3790300226B04006C
S214049408C5210400FF03010001013F040201003FD7
S214049418040202003D040202003D040102000102A7
S2140494280003010002023D040201000202020100D8
S21404943802020000002020202020202020202828A7
S21404944828282820202020202020202020202020F3
S2140494582020202020881010101010101010101033
S2140494681010101010040404040404040404041063
S21404947810101010101041414141414101010101F1
S21404948801010101010101010101010101010101BB
S21404949810101010101042424242424202020202C7
S2140494A8020202020202020202020202020202028B
S2140494B8101010102000000000000000000000003B
S2140494C8000000000000000000000000000000008B
S2140494D8000000000000000000000000000000007B
S2140494E8000000000000000000000000000000006B
S2140494F8000000000000000000000000000000005B
S214049508000000000000000000000000000000004A
S214049518000000000000000000000000000000003A
S214049528000000000000000000000000000000002A
S2140495380000000000000002100000002052002076
S214049548801300200000020800000000FFFFFFFF51
S214049558FFFFFFFFFFFFFFFF000000000000000002
S21404956800000000000000000000000000000000EA
S21404957820000000A1E701001000000019E7010020
S21404958800000001000001010001010120C001B82B
S2140495980000000000000000FFFFFFFFFFFFFFFFC2
S2140495A8FFFFFFFFFFFFFFFFFFFFFFFFFFFFFFFFBA
S2140495B8FFFFFFFFFFFFFFFF03040408080808086F
S2140495C800B801B802B800B034CA0400030404089A
S2140495D8080500000000000000000000000000006D
S2140495E800000000F8330000E0030000D83700004D
S2140495F814000000383E000008000000002F000099
S214049608F8040000EC37000004000000343E0000B4
S2140496180300000000000000002F0000F0370000E0
S21404962801000000403E000039000000012F000041
S2140496380100000070B50822804B1A60804B1B6836
S214049648DC0302D50020088070BD0C880019401E73
S21404965800787C4DA870641C0C8045076D0F052D9A
S21404966805D8794E3668F60603D5022D0DD00320A4
S21404967870BD9604AE401E4001D1082070BD052D6D
S21404968803D1104201D1641E0C80AA484860002009
S21404969870BDF3B582B008886C490978491CC9B20C
S2140496A8814204D202990918491E097800E000216B
S2140496B8644A517093785B075B0F01933023019CCF
S2140496C8052C28D1194232D19478E5081E242C405A
S2140496D8CD0702D5250001242C430125A14EE640DA
S2140496E82E4072D0019FA04EE641402426403E43B9
S2140496F84C0602D5340020262643947889080D4063
S214049708A7080C2139402943C02525400D432021AC
S2140497182943967051704A490C68557802212326C5
S2140497282E4008D0660302D52B40202B01D00520F6
S21404973882E0424B196093789B0601D4202203E00A
S2140497489278120702D540223C4B1A603D4A92781A
S2140497586B461A70C022854B1E680E4001D115420E
S21404976812D06E46377827263E40232E03D1E602CB
S21404977807D4012606E0252E03D0212E04D126037D
S21404978802D504262D4F3E601B6819402026019FEB
S214049798002F1CD11E4027D02A4B5B781A40402A3B
S2140497A813D00C221A40042A0FD02A073BD40122CD
S2140497B8002902D0E100CB0F5A4069460978CB0746
S2140497C8DB0F1A422FD021012AD4072034E0022FB7
S2140497D8E2D11E4008D00029DED1CC232B4003D189
S2140497E86B461B785B0601D5032025E0A30311D539
S2140497F89C4E73691B051B0D5B1C3668F60205D563
S214049808994E36683607B60F9B1B5B1E9BB2052B14
S21404981804D1C1E7029B1B78052BBDD006200BE0BC
S2140498288021064A1160E90702D4401C039908807F
S214049838AB4803994860002004B0F0BD481002A85D
S214049848C83E0000343E0000440002A8543E00000F
S214049858F2B586494978CA0705D4009A128880184A
S214049868401E037800E000239E4A106802249E4D9A
S2140498782E68F60611D512695340DBB2002B03D1C5
S2140498886E68D30973402340002B03D0020204D425
S2140498980A20F2BDE206954E3260744A1E02C023C0
S2140498A80B403343914E336093785E07760F022E4F
S2140498B806D16D682C4003D1002000990880F2BDBB
S2140498C8A0250D409E08102737402F433D090E0754
S2140498D802D42E0010253543CC240C401A262E40DC
S2140498E80A2E04D1CC2C02D02E00FD253540804EFD
S2140498F8EE40F60705D4000416D5412B10D10829E6
S21404990812D17C48E8401121014021432020084315
S21404991810700D210140009808D000F0A9F8F2BD97
S2140499280B2B01D10029ECD00720F2BD00F020F85B
S214049938F2BD00005F2F000038B50C006E490B78A6
S2140499481A0953399500491925881B071B0FEB1A62
S2140499589A1A8018FEF756FE010002D1200000F07D
S21404996807F832BDF300A3E398144068480002A839
S214049978F8B50400614805683C4F3878D02630426C
S21404998802D00D21014005D008205D490860EF206B
S214049998FEF7F6FD39782000314204D009093970FB
S2140499A800F066F8F2BD052129401FD002884D490B
S2140499B8CA60544BEC0705D5521C0280690607D4C6
S2140499C8514B05E043242C40422C03D1521C028000
S2140499D843600DE010224A4B1A604C4A09688B0013
S2140499E8DB0F1901D162802109031160002101806F
S2140499F80020F2BD0A888018401E0078830601D429
S214049A08121D0A801822024004D0088852088018BA
S214049A18C01E088039480068C00702D50888401C5C
S214049A2808803948486000207047344A1368DB07C2
S214049A3808D51268920705D40A888018401E00784C
S214049A4804280CD110202E4A10603048254A126883
S214049A589300DB0F1A01C262802212030260002000
S214049A68088070470C4000A8080001A8343E00008F
S214049A7831B581B02649002000900822254B1D7870
S214049A8802230C24254202D10022234903E02C4059
S214049A98082C00D10222EC0703D50C001E216140D5
S214049AA800931D4207D015490968090601D51B49C4
S214049AB801E00021C943019B194C21601949FF2480
S214049AC88C70009C15012543CD7008701888009981
S214049AD840188018188014485860002036BD0000C6
S214049AE81D310000C83E0000440002A8441002A825
S214049AF80D0F0C0D071708504B3F0000480002A82E
S214049B08482002A8C1320000F73200001C1002A840
S214049B18DE1B2501343E00002084100000FCFF01F3
S214049B28F43E0000483F000005320000343E0000C2
S214049B38C1290000D9290000D9290000D929000024
S214049B48D9290000D9290000000000000000000000
S214049B580000000000000000D9290000D9290000F0
S214049B68D9290000192E0000D92900005523000021
S214049B7865230000F123000039240000B324000004
S214049B881D260000D3240000BD2600001F25000063
S214049B985D250000D52500003128000001290000B5
S214049BA827230000632B00004D200000812B0000B3
S214049BB8F52B0000D9290000D52C00009D2C0000A8
S214049BC8D9290000D9290000212D0000D929000030
S214049BD8D9290000D92900005D10000053100000A0
S214049BE867100000711000007B1000008C48806825
S214049BF8000200D4704780B580208002A849086017
S214049C08CF2000F045FA01BDF8B586480068864CB2
S214049C18802292032260854E316809051DD5110BF2
S214049C28A023034001D0216017E002403FD18027DB
S214049C387F4A17607F4A1760084038D0784D287ADC
S214049C48400705D501207C49086000027B49086066
S214049C582878002801D0062801DB0020F2BD00F091
S214049C6851FB716889684E682978052907D1B905B2
S214049C78A1606E60B668CC218901704A116000F054
S214049C884AFB012E00DA0226BC20800585490860B6
S214049C98942080058449086065480021C943016406
S214049CA87142416481490F6040210160D5E7AE489E
S214049CB80160FFF79BFF0120F2BD5A480168890539
S214049CC804D5C06E0004000F022801D00020704797
S214049CD80120704738B580245548046000F012FB0C
S214049CE805007348006800F05FF9280000F013FBCD
S214049CF8FFF77CFF4A48007A000705D5A0004A49C2
S214049D08086000F0FEFB31BD600397490860AD4863
S214049D18046031BDFEB50500CC2080019349486037
S214049D28012693480660FFF7C8FF002877D03C4C06
S214049D382078002873D031020195052802D02A46D7
S214049D480A406CD1CC27BF01884A17609E4A12681D
S214049D5853075B0F022805D1022B5ED30801374947
S214049D680860F7BD4D01032804D1022B55D93348A2
S214049D780560F7BD042802D111404ED0F7BD05286A
S214049D884BD10198002848D0C005C10F68464170D9
S214049D980198C004C10F6846017000F0B3FA029037
S214049DA8606869464978002903D006688021214AF4
S214049DB811602C04A7496A461278002A0CD0C26897
S214049DC80B68D21AA44B1B68234001D0066800E02F
S214049DD84668964200DD1600684640786A46127859
S214049DE8024308D008684242B01E824202DA704231
S214049DF8886000E00026029800F08DFA0198800535
S214049E0801D5964804600198054001D0944804603A
S214049E18002E02D009480760F7BDFFF75BFFF7BDC1
S214049E28403E0000400002A8402002A8C83E0000A9
S214049E380CC001A890E001A894D000A8505201A82C
S214049E4838B5802487480460012049490860864D4F
S214049E582878052802D0600084490860FFF72DFF9B
S214049E68002812D012480068000A80214140A868D9
S214049E78000EC9B2814208D2534800684007400F12
S214049E88022802D2FFF726FF31BD79480168C022AE
S214049E980A4002D1C06F204001D00448046031BD96
S214049EA81C1002A808E001A808D001A894D001A8AC
S214049EB818C000A8F1B582B00F008026B600A0200E
S214049EC8384002D06B4806604CE000F01BFA00905D
S214049ED869480468F80202D5A0680069029000F090
S214049EE85FFBB102606800F069F92178200000225F
S214049EF8491C43788B4200D2002118234B43C518CB
S214049F080C352B78082BF3DA0C000170856056485C
S214049F18297801703E4007D0574909688968CA6895
S214049F28F90201D403218A43826001261046304090
S214049F3803D100F0F6FB00F0B4FFF104686900F002
S214049F483DF93C2000F0A4F8E0B200F0A1F800982F
S214049F5800F0E1F9300547490860484806603002D1
S214049F68024908600298FEBD401002A84C6201A887
S214049F7894E000A810B542480068800501D4FE2085
S214049F8810BDC02080033F49086000F0BBF93A4979
S214049F9809688A78D20702D589688C7800E00C7834
S214049FA800F0B9F9200010BD334909688A688B782F
S214049FB8DB0704D5927818235A438A180C32906023
S214049FC870470000100002A8084001A8F1B582B046
S214049FD82D4F3C680026200F000702D1E0010290AE
S214049FE82AE000F05EFF00F08DF901908021090355
S214049FF8606800F0E3F825786D1C6078A84200D203
S21404A0080025E80020180C30009000680290802193
S21404A01809030098406800F0D1F83D2000F038F8AD
S21404A028E8B200F035F825700098A060019800F0B2
S21404A03872F902A800F09AFF14480068800407D54D
S21404A048786901F050FC02990818029000D5029627
S21404A0580298FEBD48C001A8480002A8481002A8F5
S21404A068482002A894E001A8403E0000506201A8D7
S21404A07814C001A8402002A8CC3E000090E000A826
S21404A088400002A8401002A8D03E0000FC0302A824
S21404A09841490968002901D5404908607047F3B565
S21404A0A881B03F4FB9683F4C4A004CD50125090199
S21404A0B800D5212501003C4A106856682268920695
S21404A0C8920E94463A6893008022134062461343DD
S21404A0D8802252001A4300920A0023D0890601D52A
S21404A0E8012008E0F021014007D16946097A0C22CC
S21404A0F80A4002D0022000F03FF82C4909680904F7
S21404A1080AD53968090701D5022605E039684903DE
S21404A11801D5002600E003264835009A2449096834
S21404A128890003E0009A2249C969090940231940AD
S21404A13811439A00002E02D0164326660835216677
S21404A148024322662566E06D4407640F00F0C4F8EF
S21404A158A0070BD0052C09D0B868000406D400F074
S21404A168D1F80221134A116000F0D5F800F0BDF8C2
S21404A178002000F001F8F7BD0B490A68F0239A435B
S21404A188000110430860C0B270478020C0020A4924
S21404A19808607047000000004C0002A8884000A829
S21404A1A8440002A8284000A8683F0000384101A8D7
S21404A1B8084001A87CD40350485000A880B5664AD5
S21404A1C8116001F0BBFBFFF7E0FF01BDFEB500F030
S21404A1D899F80290102061490860002360480360DB
S21404A1E80220604908606048C0684005C20DD52A48
S21404A1F801D2D52204E0D1204000824200D90200D0
S21404A20810000100594C0194843C246864011DD54F
S21404A218574C0094251D574E367806277E43AA5376
S21404A2280024019D2D7CE540ED070CD5009D0626EF
S21404A2386643AD19AD888FB2BD4200D2290086B2F6
S21404A248AE4200D22800641C022CEAD389B24631F6
S21404A2580904494C0C404638C005C00D2043424901
S21404A2680860C0200006454908604048017D00296A
S21404A2780CD04349D52A02D98024E4050C60D1249D
S21404A2886400A24202D2802424060C6010213D4CAD
S21404A29821603D490B604188002900D1028002985C
S21404A2A800F039F8F7BD80B53848394908603948A8
S21404A2B8C1680902090A192251434160052101604F
S21404A2C8FFF784FF01BD33480068C00300D4704715
S21404A2D880B5FFF77BFF01BD8020C0021E490860D9
S21404A2E82D4800684007FBD470478020C0022B49DD
S21404A2F80860704701E02A4908602A49096801404D
S21404A308F9D17047284800682021284A116010218E
S21404A318274A116070473021014002D11020234992
S21404A328086070472048006830210140102901D190
S21404A33801207047002070471E4800780621014017
S21404A34807D01D480068022803D0032801D001203E
S21404A3587047002070470000401002A8F41302A8B3
S21404A368048002A8409002A87C400050743F000075
S21404A378643E0000603E00000000FF01A06000503C
S21404A388A4500050F42302A818E000E07F1A06013F
S21404A398500002A810E000E0400002A8402002A8EE
S21404A3A8282002A8280002A85C0002A85C2002A8AC
S21404A3B85C1002A8BC3E00006C3F0000F8B5534889
S21404A3C88021490281610221514A51600021514A83
S21404A3D81160514A118003214D4A1160022101601F
S21404A3E820204E49086080204D490860CC20800112
S21404A3F84C49086001204C4908604648806F009024
S21404A4080F24070B274049480068C505ED0D103D85
S21404A418C0202843C0B2FFF73BFE3E4800698003CD
S21404A4280AD5092F08D0FFF787FF002802D040482E
S21404A4380068804701F0D8F80098044000943D4826
S21404A44804680098032803D0022806D1032F3AD0BC
S21404A45800F002FA0098032803D0062F33D1062DFD
S21404A46831D0354800680104C90F01D001F084FBD7
S21404A47832480068000109D5052D07D101250120B9
S21404A4882F4908604005FFF735FF00E00025210046
S21404A498380000F0E3F904002A4E002D06D000F038
S21404A4A889FB012030600220274908608020800349
S21404A4B87065800925490860FFF73EFF002802D02A
S21404A4C8234800688047124880214902C161002F4A
S21404A4D808D10221416000200E490861C020C0004E
S21404A4E81C4908602000F2BD80B5FFF7F5FE1A483F
S21404A4F80078800602D4022018490860FFF7F5FEA3
S21404A50801BD022016490860704700002C1002A8F6
S21404A518282002A8340002A8743E000094E001A88B
S21404A5280CC001A8506201A894E000A804ED00E05D
S21404A538E8370000B44000A800E200E0F03E00005F
S21404A548645000A8646000A82C4000A880E200E0DC
S21404A558E43700002C6001A8C83E0000081002A8D2
S21404A568082002A87B480068800700D4704730B5E6
S21404A57881480421904A0123E024E40085682540A4
S21404A58802D01360D160D3600068044002D0136020
S21404A5985160536030BD894801218160016070476D
S21404A5A810B5012075498A680240FCD1844A042300
S21404A5B8D3600C680440FCD15360106010BD814918
S21404A5C808680122104200D1704710B5E023DB006A
S21404A5D80340FF24A41CA34204D37B4B1B689B069E
S21404A5E800D54868024001D000F0B6F810BDFEB5A4
S21404A5F80700C82075490860062075490860802049
S21404A60840037449086074480168744A0A40802103
S21404A618090111430160724CC020C0002060022565
S21404A628A56168036F4908606F4E7048F0664C2051
S21404A6386F49C86638686F498968814201D20091B3
S21404A64800E000900099401A38600121380000F0B4
S21404A65855FB01903868009940183860FFF782FF68
S21404A668634800686349086063480168490601D579
S21404A678624900E0624931670199002908D103213B
S21404A688E16100683068054002D0802080022061BD
S21404A6980198FEBDF1B55B4C8020C00120605A4D80
S21404A6A80126AE62594F3E601D2028605620686613
S21404A6B8072001F009FB0220286006212966544970
S21404A6C80968002902D4082129666966514929655A
S21404A6D8C021C900504A1268F823DB01134001D18F
S21404A6E8A96700E07961E16B314008D0216BC9079E
S21404A6F805D44A490968084001D101F0EDFA4848EA
S21404A70848490860206B064001D1FFF72BFF0098E4
S21404A71801F0C8FA206B8001FCD4206A424908601C
S21404A728F1BD30B53748414B0121026B0A4001D1CF
S21404A7385961D9603E4A3F4C54663F4C146503241D
S21404A7481C600023CE4D2B6014609162C90301601F
S21404A75830BD00004C0002A8F0210901374A1160F8
S21404A76801403748016020203649086036490968A0
S21404A7780840C849086070476C0102A8700102A81E
S21404A78880B532480821324A13680B4001D001616B
S21404A79841611178C90602D5862109010160FFF7CF
S21404A7A80EFF14202B490860BB480168490701D0EE
S21404A7B8FF21416101BD0000681102A86C2102A8AE
S21404A7C8682102A8783F0000400002A8548001A827
S21404A7D80C9001A8942002A8680102A8FFF1FFFFC4
S21404A7E8441102A8A01002A8E40002A8294E0600F4
S21404A7F8300002A8A03F0000FC0302A8CC3F0000DB
S21404A808C43F0000100002A8E01002A8442102A8D1
S21404A81828C000A80C1E0000A88001A8483E000016
S21404A828FFFF7F7FB46000A89C3F0000602102A859
S21404A838E02002A85E060000041E00002C6001A8A2
S21404A8482C5001A8442002A8084001A8301102A8E8
S21404A858F84F0000703F000070470000F8B586B057
S21404A86805000C008D48866AFFF74CFD0590B00578
S21404A87803D58B480068FFF797FB00200190012258
S21404A8887306DB0F87498F688860B8204000864EB9
S21404A89830606608B82030400978F0260E40402E0E
S21404A8A802D10100402008430D2D02D139000427A7
S21404A8B80F43790704D501001420084310218C435C
S21404A8C87A4909686D462A7004930500784EC805C7
S21404A8D806D58020400077490860280001250543EE
S21404A8E80498002811D10C20284008280DD02800E8
S21404A8F86A49496BCA0601D410229043890601D4D2
S21404A90820218843B121014067D068460078002892
S21404A91865D0B26BB06D012101235207520F921D08
S21404A9289340C004C00C181A80B2082809D280259F
S21404A93806205A4A106008049D4A106000206A4699
S21404A9481070812028404DD00820049A002A00D18F
S21404A95830623A00082717431020844304200390E3
S21404A9680005984A10604008974A106097480160A6
S21404A97868460078002832D00398062838D39448C6
S21404A988806BC00634D593480068000E0190904842
S21404A998006880B202908F48006A000604D00298C5
S21404A9A88021490101430291FFF7C6FC002809D01B
S21404A9B889480078C00605D002988021C901014359
S21404A9C889B20291029830610298001230613748C1
S21404A9D80168C80500D57AE70AE0082030620094C2
S21404A9E8049732E090A06906C90E405C0390BFE75E
S21404A9F80094049703982949CB6A764A12683468FF
S21404AA086F463C8128241C400443980CC00120430C
S21404AA181C001B0E234010242340034390004022AE
S21404AA281040184302AA9070086B000A02A9C8705E
S21404AA38FFF7A0FA02A908710198487167480068E8
S21404AA48C8800298F0660398F0660598FFF763FCDA
S21404AA5808240098400601D55A488460FFF76CFC21
S21404AA68002805D05E480078002801D05D480460B8
S21404AA780498C1B2E8B2FFF712FB009807B0F0BD1D
S21404AA88400102A8081A03D2574909684018401C0E
S21404AA9870470000441002A80C4000A8180002A83A
S21404AAA81CC000A8683F0000B46000A81C0100AAE7
S21404AAB8540000AA1C2100AAF8B54C4E0F24012500
S21404AAC84B491027706B38401BD001200870494842
S21404AAD8006849490968FFF7D5FF484909684018D6
S21404AAE801284BDB01F0A4F945490968090B0C4019
S21404AAF8022C41D16905434A11604349CF63356046
S21404AB083AE0F06BC0001ED540480068E02189058D
S21404AB18014033D03A4D2868210301407802814227
S21404AB282CD1FFF7EFFB3A4A3A490968C90502D51A
S21404AB383949096811602968090B21400229F3D0AC
S21404AB48FFF7E9FBF1BD354E3068002816D00D70C6
S21404AB5801F0A8F8002811D101F06AF92849096813
S21404AB68090B0C40022C07D12904264A116002213D
S21404AB78254A11600021316001F05EF9F1BD80209C
S21404AB8880042749086070478020400424490860E8
S21404AB9870478020C004224908607047802000055A
S21404ABA81F4908607047802040051D4908607047A3
S21404ABB8141100AA1B480168490701D0FF21416106
S21404ABC870470000401002A8205001A8006101A8A0
S21404ABD81C4000A8084001A8C43E0000448001A800
S21404ABE8F0370000845000A838C001A8100002A856
S21404ABF8773E00001CC101A820C001A8E03E000062
S21404AC08AC0002A81C1002A8082002A8204001A82C
S21404AC18800000AA084000A8904000A84C3E000007
S21404AC28382002A80C4000A80301070603010706FB
S21404AC3805010606050106060302070603020706BB
S21404AC480502060605020606FF2807D0032805D2CD
S21404AC58A9490978C140C807C00F70470020704743
S21404AC68F0B5802000020821A44A11600A230121B5
S21404AC78A34A01249C400443B6A5ED5C254395608D
S21404AC88F025A04E35609D4DB5A6F65C02273743E1
S21404AC982F6004262E609C4D2D680D4006D1CD02EB
S21404ACA86D1E03D0966C3603FAD401E00220F0BD7C
S21404ACB8956CD66C6D036D0BAE4200D220005B1EFD
S21404ACC8D7D508238F4C23609060904B1B685B0194
S21404ACD812D58F4C63785D1C01262E4066701D00C5
S21404ACE80626754365191268AA80E8802370824888
S21404ACF802789940114301700020F0BDF1B582B086
S21404AD08FFF749FC002481480068400102D401206A
S21404AD1801901DE07F48826B00207D49C3B206255A
S21404AD286B43CB189B8895B2AB4204D0401CC3B285
S21404AD38022BF3D3FF2008700120019073480068A3
S21404AD48400105D50878FFF77FFF002800D0019456
S21404AD587148006871498861714D02980068296DC8
S21404AD684618002E15DD00F072FD2860C001301A62
S21404AD7800280EDDFFF714FC00F093F8029800682C
S21404AD88296D401800F08EFF050002D00298046072
S21404AD9885E0644E802080003060604A106807288A
S21404ADA82ED005210840052805D011600C2000F097
S21404ADB88BFF050073D15C4D5C482862FFF7F0FBF7
S21404ADC802202860E020C002594908600002594958
S21404ADD8486080208004706002203060012000F003
S21404ADE873FF802040002862022000F06DFF902048
S21404ADF840012862022000F067FF8020C000286215
S21404AE084D4EE02040003060042000F05DFF050051
S21404AE183CD10220474908608002B062C001B06293
S21404AE2810203C4908600127F76540264348006817
S21404AE3830401BD135480068400113D534480078A3
S21404AE486946087068460078FFF7FEFE002809D0B1
S21404AE582F4869460978062251434018C0882D4968
S21404AE68086403E0FFF7FCFE05000FD129480760D5
S21404AE78C467022000F028FF314C2660B00020602A
S21404AE88022000F021FF8120C002A0620198002859
S21404AE9805D02A480068800101D4FFF714FA280070
S21404AEA8FEBD70B5FFF777FBFFF77AFB0226194855
S21404AEB80660244DF0022862C4082C62012000F0C3
S21404AEC803FF600828622E601F482862E0204000BE
S21404AED81B490860174D2E60FFF7FEF91B4E3078A5
S21404AEE8002800D005200D490860FFF7FEF92C60FD
S21404AEF817480068706370BD843F0000889001A8F6
S21404AF08448001A888A001A8140002A8F03E000006
S21404AF18603E00000C8001A8F80302A83C0102A8C1
S21404AF288C3F0000941002A83C1102A8BD0800003B
S21404AF38142102A8942002A82C9001A84C0002A868
S21404AF482CA001A83C2102A8FD680000603F000070
S21404AF58300002A8000000010102040810202000A6
S21404AF68505050404040403020202000F8B504009F
S21404AF78FFF716FB2948C021C900294A1268F82396
S21404AF88DB01134002D1274A116000E001600094F7
S21404AF982549AC2252008A640A220A602349802280
S21404AFA852030A60224C626A224B13408022D20063
S21404AFB81A43626280222260022242605003C860FA
S21404AFC81D48E0601D4E4C20F0661D4D68699621AC
S21404AFD8C901471800980068874200D30700C01BB9
S21404AFE80099086000210098FFF788FE0099096810
S21404AFF8C919009A11603168296012490968490616
S21404B00801D5114900E011492161F2BD80200001F3
S21404B0180F49086000010F4908607047582102A8C4
S21404B028AC8001A8581102A80C8001A8941002A8A4
S21404B038440102A8FFF1FFFF286E0600300002A8AC
S21404B048903F0000FC0302A8CC3F0000C43F000069
S21404B058401002A8685000A8F1B584B0B448006847
S21404B0680390B448006B9621C90140180499884295
S21404B07805D2081A00F016FE002800D013E2AE4CDB
S21404B0886068C00700D50EE20420AC4988628003D5
S21404B098AB494862AB480568606B8607B60F032E53
S21404B0A803D01020A549886224E008468021890236
S21404B0B84162A16B890601D5012062E0290610D5F4
S21404B0C8A26B02210A400CD19F4A05231360A36B86
S21404B0D810273B401943116000211160616B090A6F
S21404B0E8116004218162A06B002803D5C803934924
S21404B0F848620026606B400705D5606BC000802157
S21404B1084900084003E08B488068C10701D5FFF76B
S21404B11823FB0122154008D0B748B1014018006A3D
S21404B128C004C00C401EB549086000200021B44B7A
S21404B138DB6E1B0417D5B34B1B68002B13D40121F5
S21404B148AE4B5B69002B0ED0AF4B1A70AF4A10603B
S21404B1581022AF4B1A60CA06AE4B9A670723AD4D4A
S21404B1682B60AB4B5A65AC4AC0239B001360350270
S21404B178002901D0190000E02900CC4E3160536044
S21404B1887560E16B942292050A40150000D00125EB
S21404B19880263602284300062CD06A482821405CBC
S21404B1A8C0210140402902D1FFF79EF901E0FFF7CC
S21404B1B8A8F9202020602D0600D174E1944D606B18
S21404B1C8400708D570085E4948620220686000F0A7
S21404B1D859FA002806D0042058498862400258497B
S21404B1E848626E6057480078000600D45BE1300178
S21404B1F85249FEE00125606828405AD1AC480068E8
S21404B208C005400F022803D0032801D0062802D11F
S21404B21869464D7005E0002069464870A548A64969
S21404B2284860680446498862FFF756F87348406ED3
S21404B238E16B0E4008D1C00606D5FFF763F8022175
S21404B2489E4A1160FFF767F8FFF74FF82803206057
S21404B2589B4EC02000067060280497490860606BFF
S21404B2684007C10F684601703020039949072CD55A
S21404B2784021A24A1162904F49013966032191641C
S21404B2880021116030607D6580207060062000F023
S21404B2981BFD00280DD12802F866022000F014FDD4
S21404B2A828029749886618207060082000F00CFD6C
S21404B2B8002800D0F7E024207060E020C0029049FF
S21404B2C8C865A020C00238666FE0E16BC90246D59F
S21404B2D8BE4949680902090E01914909022901DB98
S21404B2E8884A01E0B32292000199302937D31149DC
S21404B2F80B88E72B33D395277F00BB4205D8FB1A68
S21404B3081B095A43920A534204E07F4FDB191B0970
S21404B3185A43930A5BB2019AD2180F6BBC46CF6B9A
S21404B3287B436746FB180B639F2A0FD39F2210E0C4
S21404B338FC0302A8743F0000100002A81C2002A800
S21404B3481C1002A8C83E0000E40000AA202A00D860
S21404B35821221102114312040A4329490A60674943
S21404B368AA020A629A4A8A6414220A603060524F11
S21404B3787D65E020C0026249C865A803B866400235
S21404B3887060062000F0A0FC002833D12D06FD6668
S21404B398022000F099FC5A488566680970600820FF
S21404B3A800F092FC002825D17560032000F08CFC80
S21404B3B888481849886700F04AFA874D401DC00136
S21404B3C8296B401801908548406F8021C9010840C0
S21404B3D802900846824908600198049988421FD258
S21404B3E80846296B401A00F05DFC002816D002981F
S21404B3F87C49086057E000BF0C0000AA204000A85B
S21404B408CC4001A8784201A8763E0000703E0000B1
S21404B418645000A83C6000A8046100A80498019041
S21404B428206AE86204270398384001D0402002E0E6
S21404B438F8057060C0087060012000F045FCB8018B
S21404B4481D490860019800F02DFC8A4E684600786D
S21404B458002805D161480068F06138058649086007
S21404B4680298604908608548854908602448790236
S21404B478416669464978002900D10760206A6862EF
S21404B48868460078002808D0012000F01DFC3078B3
S21404B498000602D5780492490860E06BC00202D51B
S21404B4A84A480068286305B0F0BD00BF045100A8E8
S21404B4B8204001A8040000FFB41002A87CE403504E
S21404B4C8441102A810B5FEF71DFF864900240C6037
S21404B4D80A22CA61FEF71FFF8348C0218902016059
S21404B4E882494160824810210160C90541654020AF
S21404B4F8804908608048047010BD0000400102A816
S21404B508B82002A833070000D6FEFFFF7B48406B2E
S21404B518800300D47047F8B57948046800270020EB
S21404B52800257849E20706D5C02080028025ED0369
S21404B538EA0A0A6003E0A20701D403204025284348
S21404B548C862012000F0C0FB802040006E490867EE
S21404B55808206E4908606E490968090203D46D49D3
S21404B56809680140FBD0012000F0AEFB6A4EE007F4
S21404B57802D58020800430643564042000F0A4FBDF
S21404B588600702D5E020C002F060644830640120F9
S21404B59800F09AFB62483064C320000630645A48B8
S21404B5A88021490201671021B163890271615D49EE
S21404B5B80F60012232603022F2638F628021890193
S21404B5C84E4A116009010160F1BD0000F83F000011
S21404B5D8F3070000FFFF7F7F743F000020C001A828
S21404B5E894E001A894D001A8F8B54F4800680D2740
S21404B5F807400424002F00D104274C48102566036E
S21404B60808214B4A4B4B1B682340126814D04260EF
S21404B618394004D00220FEF7AFFD474806603C4098
S21404B62807D046480068054344480560B0084249C0
S21404B63808600220424915E00260394005D002201D
S21404B648FEF79AFDA0023C4908603C4006D03B48F9
S21404B65801680D4305607009374908603848066074
S21404B668300329490860FFF751FF00210020FEF740
S21404B67816FDF1BDC83E00001C1002A80300030016
S21404B688482102A810B580202E490A6802400AD02C
S21404B6982D4B1A680624144005D15C6E2B4A2240AA
S21404B6A81B6D9C0101D5002010BD096808400DD00B
S21404B6B82748824203D1180501D5012010BD254824
S21404B6C80068C107C90F481E8041C00F10BD224834
S21404B6D80321C163A821816310210160704700001B
S21404B6E81C2002A8D80000AA402002A80400008053
S21404B6F8646000A82C4000A8763E0000100002A84B
S21404B708FC0302A81C1102A8442002A84C6201A843
S21404B718C44001A84C4201A8082102A8240000013C
S21404B72898008800600102A8B44000A8E83E00001B
S21404B7381CC101A8440002A8401002A8683F0000E3
S21404B748685000A8400002A814C001A81F1F0000E3
S21404B758010C000030C101A8082002A86C48006843
S21404B7680121084209D16B4A12686B4B000C184039
S21404B778F03291400B40984201D0022070470020D6
S21404B7887047F8B507000F386A461080604CA06802
S21404B7980A0004D16B461B8882B29A423AD2002227
S21404B7A86B461A80012502263A0013D022683240D6
S21404B7B807D000292ED059480088401C57490880CD
S21404B7C800203900E16056490E6080B2B84201D3C1
S21404B7D869460D805348456000E030BF2068304015
S21404B7E803D1FFF7BBFF0028F7D04D484560390062
S21404B7F810D02168314005D048490A886B461B8812
S21404B808D2180A8006600020E060A068B84201D218
S21404B81844480660FFF7A2FFF2BD38B5050000F0FD
S21404B82807FB0400012199204543A8093E4A1268EB
S21404B8388018123880B2FFF7A4FF05008020C001E4
S21404B8483A490860200000F0F7FA280032BD334869
S21404B85803883549096802889342F9D11004081800
S21404B8687047FEB51238070C6946088000F0E0FAFF
S21404B8780190274C294D2888B8421ADA01202C4909
S21404B8880860274E30BF02202168014006D0306089
S21404B8984003264908602888401C2880FFF75EFF76
S21404B8A8002802D12988B942ECDB012171600028FE
S21404B8B80DD12888B8420AD1A06869460988884202
S21404B8C805D2002168460088FFF75BFF01E0FFF712
S21404B8D845FF04008020C00114490860019800F060
S21404B8E8ABFA2000FEBD10B512490A680E4B1B6859
S21404B8F80C689442FAD0DB014033141A02D28869E1
S21404B9082418641C0C4800684443181B10BD000027
S21404B918280002A804ED00E0FF3F0000743E000083
S21404B928282002A8281002A8300002A880E200E016
S21404B9382C1002A820C001A8B43F0000F0B502E00D
S21404B9480A601C602E607EC84F1C07D05F1C04D09B
S21404B9586F1CF5D10A601C60F0BD0A60F0BD0000DB
S21404B96880B5FEF709FC01207F49086001BD80B553
S21404B978EB2000F001F801BD30B57C490B6818408F
S21404B9881022134210D07A4B7A4C2468224008D0EE
S21404B998A84A14682402FF252D022540DD620024E7
S21404B9A81460802252031A60086030BDF3B50100A3
S21404B9B816001C00002500959F48019A33000027AE
S21404B9C80BE0BC464F5D4743AE009E597E40575D2C
S21404B9D847433740664637436D1CA542F1D33909B9
S21404B9E839438A080A43510811430840C1090143E8
S21404B9F80F208A0B0A4302405040F6BDF1B582B0C8
S21404BA080E0000208B490860FD25AD01EF7AA87A60
S21404BA1801900F21394000910ED00B46874A884979
S21404BA280298FFF7C3FF01990140824801608548E0
S21404BA3841438548084001D1012400E044013809FF
S21404BA4815D032003B0929000298009E6D7A7519B4
S21404BA584019FFF7ABFF01990911014075480268C0
S21404BA680B0113430360002901D048004443774878
S21404BA780068204001D10420FEBD0020FEBD80B52C
S21404BA880A0000211180724952888018FFF7B6FF11
S21404BA9802BD70B50F226F4B5C7905780F202040E5
S21404BAA8C5402009284001259C79C4402C4001D172
S21404BAB8032070BD2F4C2468254005D09D68460099
S21404BAC8AD5B6D1E644E3560DD78DE79C640F007E2
S21404BAD811D5E0060FD5002D0DD0604848600888BB
S21404BAE8488008881C7800192A4080185A788018D4
S21404BAF82A09801800E000200880002070BD80B560
S21404BB0857480168574A0820014201D0506110611D
S21404BB18C90602D58621090111605349534A126899
S21404BB2812040CD5524A1268530401D5C00305E022
S21404BB38C0239B0113404202934200D008600D487C
S21404BB480078C022024002D1802040050860494897
S21404BB58006820221040086047480068C00101D4E5
S21404BB68FFF705FF01BD00002C4000A8703F000049
S21404BB781C1002A8C83E0000F8B5404F38687E6816
S21404BB8806403F4830403F4908608024A4033E4DA1
S21404BB98F00227D53D48016801200A0605D53C4928
S21404BBA80968A9602870022014E0014202D03949C5
S21404BBB8A9600FE00020C9060CD52849A960364AB2
S21404BBC891780B071B0F12789A1809095118A9803F
S21404BBD8E880A888A880A888002801D0264301E021
S21404BBE8FFF7C5FE264023D0264E74603460A88826
S21404BBF800280BD0F969814208D3291D2748AA686A
S21404BC0890470100F3D0FFF7ABFEF1BD01000CD05E
S21404BC18FC218902B161224902038A6134604C60BE
S21404BC28FA69824204D30C60F1BDEB20FFF7A4FE48
S21404BC38F1BD0000503E000001010101F83E00007D
S21404BC48383F00001111000021840000F43E000073
S21404BC58183F0000483F0000204000A8531F00007B
S21404BC68F84F0000302102A8441002A8384101A861
S21404BC78204201A8084001A8CC4000A8B44000A867
S21404BC88FFFFDFFFB46000A8543E0000C83E000073
S21404BC98EC370000671F0000493F0000D44000A8A6
S21404BCA8B45000A810B5C409FFF7D1FD201A3128EE
S21404BCB806DAC000183801D4C01EFDD5002010BD11
S21404BCC82000FFF7CEFD10BDC32148436F3801D4CA
S21404BCD81E38FDD500207047FEB5C020C00436497E
S21404BCE8086036483649C86510243648046010206B
S21404BCF8FFF7EAFF00285ED1FF20000532490860F6
S21404BD0832483349086033482D49086025042E48CC
S21404BD180560314807680820FFF7D6FF00284AD18F
S21404BD2808262E4806600120FFF7CEFF2A488068BA
S21404BD3802902B4806602B48214908602248056073
S21404BD480820FFF7C1FF002835D1244806600120E3
S21404BD58FFF7BAFF204DA868019021480660184EE0
S21404BD68214830600299019800F046F80104FC2046
S21404BD788003084000900298C10B0198C00B00F09D
S21404BD883BF80006FC218905014000980143174842
S21404BD980A0C4240FF239B1CD2181040084330600C
S21404BDA82F60E00308490860286828601048046083
S21404BDB8104981640020FEBD20E000A8F7170000A3
S21404BDC82C0102A8401102A8B02002A80000380ED0
S21404BDD8B01002A810103030E04001A8E05001A8C6
S21404BDE8E06001A830301010202020203F3F0000DB
S21404BDF8402102A8F7FFF00010B54904CA10400411
S21404BE08C310991A00209A18D30F9A185210521869
S21404BE188B115B0E5B18DB11D2182023541A01D43D
S21404BE2822001843CC0F611849105B08F6D110BDE0
S21404BE38EFF3108072B67047002800D162B67047D8
S21404BE4880B5FEF779FA002802D0B748006880471C
S21404BE5801BD80B5FEF7B2FAB448006800030AD4F8
S21404BE68FEF7FAFCFFF752FBFEF75BFC0120FFF730
S21404BE7829FBFFF716F880208005FEF73BFA01BD7C
S21404BE8880B5FEF79BFA80204002FEF733FA01BD20
S21404BE98F8B5FEF721FA052097490860FEF725FA53
S21404BEA8964806680124264201D1FEF774FBFEF77D
S21404BEB885FA9F48016800919E4A40681060B1055B
S21404BEC8C80F002126420FD000919B4B5D68156071
S21404BED81D689A4A17687B1BBD4202D39769DB190B
S21404BEE85B1C974FBB42F5D3964D2960002804D0B7
S21404BEF831000098FDF7DEFF00902868204004D142
S21404BF086846FEF774FB002802D10098FEF7C2FBC9
S21404BF18A94804606004FEF7EDF9F1BD38B5A74CEE
S21404BF28E06BC00506D580200006206000BF00BF71
S21404BF3840082060FEF724FCFEF740FAFDF764FE8E
S21404BF4805009F489F490860FFF77AFF8020C002D3
S21404BF58FEF7D0F9002D01D08020206001209A49F0
S21404BF68087031BDF8B5FEF729FA984F2C20385CCE
S21404BF780521014002D0FEF7B7FA01E0FEF7C1FA40
S21404BF888E4C0225F86A284001D001202060102033
S21404BF98C0438F4908600026A6638E480660FEF7ED
S21404BFA8CBF9002803D08C480068804700E03E6040
S21404BFB8FEF792F989480068E16B090407D400077C
S21404BFC805D5FEF79FF986490D60FEF7A4F9FEF736
S21404BFD88CF9FFF794FDA804FEF78CF9F1BD80B53B
S21404BFE8FEF7ECF951480068000303D4FEF799FB02
S21404BFF8FEF757FF80204003FEF77CF901BD38B5ED
S21404C008FEF7DCF96D4C2025FFF73CFB002806D02C
S21404C018206B000704D5FFF75AFBFEF7F7FF2560E9
S21404C028FEF77FFBFEF73DFF6E4800780C210140C3
S21404C038042902D1FEF758FA01E0FEF762FA68040A
S21404C048FEF758F94020206031BD1CB5FEF744F9C8
S21404C058052029490860FEF748F9FEF7AFF9FFF707
S21404C06836FBB848006800906846FEF77FFF040071
S21404C078FFF7E6FE002C02D10098FEF7EDFF8020BD
S21404C0884004FEF737F913BDF8B5FEF797F9AE4C3A
S21404C098256A5020284002D0FEF726FA01E0FEF76B
S21404C0A830FA464FFFF7EEFA00281BD1786B4007A4
S21404C0B81DD4386BE0214901014018D1A80611D4D3
S21404C0C8FEF70AF9256AA14E354207D0FF20C04379
S21404C0D82D182562802000059D490860FEF705F99D
S21404C0E82E4002D00120386001E000202060802025
S21404C0F88004FEF7FFF8F1BD3C1102A8400002A830
S21404C10880B5FEF75BF993480068400601D5FEF74C
S21404C11808FB0120FFF7D6F9FEF7C3FE8020C0040B
S21404C128FEF7E8F801BD0000DC3700000C0002A8A2
S21404C138B83F00004C3E0000D43E000020C001A8D2
S21404C14801FF0000483E000010B526480468FEF7C4
S21404C15835F981490968090328D40321C00601D59D
S21404C168214001E0A0080140012902D1FEF7BCF9EC
S21404C1780BE0200107D50E20FFF7F2FBA7480421A1
S21404C188016008210160FEF7BCF9A54C2069A549A1
S21404C1980860FFF755FE2068002807D040001228DC
S21404C1A802D2FFF791FD01E0FFF737FB80208003FA
S21404C1B8FEF7A0F810BD0000402002A8100002A850
S21404C1C870012000B46000A8773E0000C43E00005A
S21404C1D8442002A8503E0000E0370000844000A82F
S21404C1E87CE40350F03E0000F8B584B001266846A7
S21404C1F8067000270297FEF7E1F80390564C20686D
S21404C208000300D597E00320A849C8638648006859
S21404C218FB25AD010F210F220240032A03D0000B91
S21404C228014006294DD1A2480068A2498E6DE16BEB
S21404C238890701D59F49CE6DFFF755FB8619FEF78A
S21404C2487BF800280ED02879C1060BD02868090D7B
S21404C2584143890B761897490968002902D10002D8
S21404C268400C3618002E01D5019700E00196606B45
S21404C2780107C80F03212A6B0A40022A1BD1039A16
S21404C288D20618D5AA68D30513D5A66B8A4B1E40C2
S21404C2989E4203D11021854AD1630CE092050AD444
S21404C2A8E26B2823134006D16B461F70284A116098
S21404C2B801E06A461770029068460678002E03D195
S21404C2C80FE07C48406D0190FFF7DCF9002808D0A1
S21404C2D8FFF7FDF90298002802D0FEF797FE00E063
S21404C2E80026022071490860002E10D03020285CF1
S21404C2F80C210140042902D0A06BC00602D5FEF723
S21404C308F3F801E0FEF7FDF82020606013E0FEF77E
S21404C31808FA802000060E490860684868490860DC
S21404C32801A8FEF723FE0400FFF78AFD002C02D1BD
S21404C3380198FEF791FE80200004FDF7DBFF05B0A8
S21404C348F0BD0000CC3F0000D03E000000FFFF0018
S21404C358441002A8440102A80C0002A8FEB5002452
S21404C3680194FEF72BF8FFF76BFD564EF06E564D0C
S21404C3780007000F072807D17068002804D4002097
S21404C388FFF7A0F8286841E0012103204F4A7368A4
S21404C3985B070BD44E4B1B680B4007D01368DF05AE
S21404C3A80BD55B0502D43368DB0503D40191916A87
S21404C3B8890904E01021474B1960916A0909084065
S21404C3C800900020FFF77EF80098002805D17068D2
S21404C3D8C00602D4FEF795F801E0FEF785F80020BB
S21404C3E80199002903D13C480068FFF77CFA69697B
S21404C3F8401801D5009400E000906846FEF7F7F868
S21404C408002805D10098FEF745F9A869054908608B
S21404C41880200005FDF76EFFF7BD000080E200E00F
S21404C428AC3F00004C3E0000AC0002A8F8B5FDF78F
S21404C438C5FF002400252948066B80277F0530069B
S21404C44806D5300709D5FFF742F9FEF7DFFD29E0E0
S21404C45801251F480068284019D00020FFF732F845
S21404C4680220064002D01E490C60C8611D480468B4
S21404C478002D03D02000FDF7A9FD0400FFF727F9D7
S21404C4882000FEF7E9FD3800FDF734FFF1BD164835
S21404C4980078C0210140402902D1FEF725F801E0C2
S21404C4A8FEF72FF820200D490860ECE7082002A8BC
S21404C4B80CC101A86C3F000010000010FFFF7F7F2E
S21404C4C8B46000A8400002A8BC3F0000C83E0000B4
S21404C4D8B44000A8441002A81CC101A8100002A871
S21404C4E8180000AAD83F0000F03E000000F03CF810
S21404C4F802480349486000F052F800BF732A000057
S21404C5080000000080B5EFF305800B2801D23A211D
S21404C51800E02921FF221632002000F03FFAFEE749
S21404C52810B5C20018231340FF249C40E243890731
S21404C538090E9940030004D470489B089B00C01851
S21404C54806E0AD4B0007000F08388008800018186E
S21404C55803681A401143016010BD80B57322542144
S21404C568002000F01BFA01BD10B5FFF761FC01219D
S21404C578634A1160634B644A1360644A1360032376
S21404C588634C2360634C2360634B1960634B1960E8
S21404C5988023A44C2360D160FFF74EFC10BDFFF740
S21404C5A847FC05000024012160B2FFF7B9FF641CAC
S21404C5B80E2CF8D301210F20FFF7B2FF012111201A
S21404C5C8FFF7AEFF01211320FFF7AAFF012117206A
S21404C5D8FFF7A6FF03210120C043FFF7A1FF0121AF
S21404C5E81B20FFF79DFF7348734908607348C16AA8
S21404C5F8C1620168016002207149086001208A4905
S21404C608086047046F4C20693840FCD020688001D5
S21404C61801D4FDF748FE2800FFF70EFC774D0AE024
S21404C62800281BD0FDF76EFE18E020693840FCD0C1
S21404C6383000FFF701FC206E0004000F022801D129
S21404C648FEF73AFAFFF7F4FB0600FDF76BFE002840
S21404C658A878E5D0002801D1FDF75DFE01206978A9
S21404C668002909D12978002905D17049096889065D
S21404C67801D45349086030BF00216970297800291D
S21404C688D6D102214E4A116067490860CDE768484A
S21404C698016842680A40674810401B4908608007DA
S21404C6A803D5A4480188491C0180704770B56248C0
S21404C6B8016840680840000E00066049802212059A
S21404C6C8104218D05E4B1C68641C1C605D4C5E4DA2
S21404C6D82D682D0407D5A568002D04D007250D6000
S21404C6E80125AC4E3560402525601B68012B02D910
S21404C6F810238B62CA67886770BD000000E400E0F8
S21404C708040002A80000FF3F282002A82C1002A854
S21404C71840E002A844C002A804C001A8044001A836
S21404C728F8B5854C206B616B01400091834D084633
S21404C738286000988249014007D0FDF7FDFD0028CF
S21404C74803D00098944909688847802000990140D6
S21404C7581CD0F821C90123680B4017D0C022120147
S21404C768934213D880231B06EB6226680E40944F28
S21404C7783F683F043F0F022F01D0032F03D1002E3A
S21404C78801D09642F1D38F490B6028608E48007812
S21404C79806280DDA0098CC218901014008D0FFF755
S21404C7A847FB04000098FDF7B5FA2000FFF744FBA2
S21404C7B8F1BD0000FFFF9B0800E100E0E04001A88F
S21404C7C85C2002A84C0002A810B58048016844689A
S21404C7D80C407F48046080210C4205D041607D48A7
S21404C7E801600020FDF796FA600403D58020400512
S21404C7F87949086010BD00001CED00E0763E000094
S21404C80838B57648016844680C40E00707D5FFF752
S21404C8180FFB0500FDF714FB2800FFF70DFB704817
S21404C828046031BD505201A85C1002A8F40302A8A3
S21404C838280002A8FFFF00C0B44000A83C6000A877
S21404C848703E00002C4000A8384101A8FEB5654C8F
S21404C858206C666C064001273E4216D03D066248A8
S21404C8680560206861490F60002802D00021FDF7A2
S21404C878A5FC5F480068A021C90188428041C043DE
S21404C888C00F5C4988705C480560FDF73BFD029064
S21404C89802210E4049D06068C2B20192000A009094
S21404C8A808224B4B4C03554D0020019E012E27D0E1
S21404C8B8022E38D1009E012E24D1EE780096504ED2
S21404C8C82F780C2047430020F051287840059027FD
S21404C8D87F04C719032038434A4F38601C604A4807
S21404C8E80460301D2B780C246343484C2468009F4E
S21404C8F8E419C45028780C2358433150444811E0AE
S21404C9080091DCE7002E0ED1424E37603C4E361DB1
S21404C9182D780C277D4370515C601C60C8043E4B20
S21404C92818603E480260314801600298FDF7F3FC3F
S21404C938F7BD0000743E00001C4201A84C6201A822
S21404C9480200060070B5FDF7DDFC0400FFF770FA78
S21404C9582C490A68D20717D5294A121D304B5D7A26
S21404C9680C2675435659294D2D681E60CE685E60A0
S21404C9784968D9818021C9041B4E3160197B69181E
S21404C9885B7A0C256B43D150FFF756FA2000FDF767
S21404C998C2FC70BD3C5000A8D8370000002800D060
S21404C9A8704710B50C00FDF7ADFC1E490C6001225B
S21404C9B81D4B1A600B6C1340FCD1FDF7ACFC10BD84
S21404C9C8AC0002A8785201A8403E000090C001A816
S21404C9D890E001A80CC001A804ED00E090C000A8EF
S21404C9E890E000A800C002A8401002A840E002A8F0
S21404C9F8404000A8763E0000402002A88D3E000075
S21404CA08300000A860C101A894D001A8200000A89E
S21404CA18F42302A860E101A880E200E0F41302A867
S21404CA28843E0000008002A8409002A870CA040051
S21404CA38000000004CCA04000100000000000000CA
S21404CA4800F04902000000004063598F404B4C0038
S21404CA580B000B001A00FF7F2C6900200000000062
S21404CA68ECCD0400000000000C4002000180140015
S21404CA787F40000020400200000000000000000084
S21404CA88304007000000000000000000000000001E
S21404CA98000000000000000000400000A00704009A
S21404CAA850400100000000005C4002000000000046
S21404CAB800000000A840010007000000BC40040075
S21404CAC80000000000000000000000000000000055
S21404CAD80441040000400000FF4C0000FF5D000015
S21404CAE8FF4D000020C0011000F8070020C00130E8
S21404CAF8F502080024C00110FF00000024C001301D
S21404CB080018000028C00700EC80B3834375405122
S21404CB18A00F00483040000000000000000000009D
S21404CB282E02000050C00400511130040E2D09E6F0
S21404CB3854060708D1B6020064C00A000430001C74
S21404CB48403018090D647920EBFCFB017FF6E803F6
S21404CB58BD4B721511A3180510325476980A0000B6
S21404CB680000000008000101040700001800010185
S21404CB780000000020000101088400001C40080191
S21404CB881000000020F9130407C05200000000003B
S21404CB980000000000000003000000000000000081
S21404CBA8584006016402FF00410800000100000026
S21404CBB8B0070800A700000000000000804011012C
S21404CBC84B01A0089BC34A74F00300000000000051
S21404CBD8000000000101103050707F7F0000000044
S21404CBE80000000000000000000000000000000034
S21404CBF80000000000000000000000000000000024
S21404CC0800000000E04002013300000000000000BD
S21404CC18EC4001017DA8D98BF44005016404830720
S21404CC288813C83A9C200A0000612000B7563512BB
S21404CC380C410301F95412002030042988BB4040F3
S21404CC4824410201000000000310000030410A01DC
S21404CC586406660C0C010000E853FA0000000000A5
S21404CC6800000000000000000000000000000000B3
S21404CC780000000001010000684103016404830702
S21404CC8888138200000000003042040100000000FF
S21404CC980000000E000000000000000044420201EC
S21404CCA800000000F4811F0054420C01000000003C
S21404CCB800003C00000000000000000055555555D3
S21404CCC8170000000000000000000000AAAA0600E2
S21404CCD800000000000000000000000010800101B1
S21404CCE8030000003880020111491000010000000A
S21404CCF89C800301EB40020070780300D5C0000056
S21404CD08A8800111F0010000A88001310542CB017A
S21404CD18AC800111F0010000AC80013105228D00C1
S21404CD28B0800201000300023700000198000202E6
S21404CD38000C00044C000000A400010200040000DB
S21404CD48D0000202050040AA88010000E40001029F
S21404CD586C2C5111F4000202000000003D21081159
S21404CD68FC0001123F000000FC00013200540400DD
S21404CD78300101026000510254010102C43F000060
S21404CD886801010200040000FC4F01039CCD040066
S21404CD98FFFFFFFF12000000666666000000000042
S21404CDA854CE040044CE040000000000001A9A0082
S21404CDB8005A620280841E000420F50011495002BD
S21404CDC800000000EECD0400000000000000000093
S21404CDD800000000B1841E000000000000000000EF
S21404CDE80000000005020200000000F049020614D4
S21404CDF8000000E0930405380000A00800000000C6
S21404CE08580901040706100A01040707C80A00049B
S21404CE180807800B00040808380C00040908610891
S21404CE2800000000680800000000C70901040403A5
S21404CE382C0B01040404920C01040504ED170000ED
S21404CE48ED1700000000000000000000193F01066E
S21404CE580410010000010106001027000009000064
S21404CE680000000000000000D9EF010089EF01006F
S21404CE7895EF010085F00100F97D03009B8303000C
S21404CE889F830300A3830300A7830300AB830300E5
S21404CE9800000000A8010000081400200001030494
S21404CEA864EE01001000000024E101001A000000EE
S21404CEB879EB01001100000075E401001100000080
S21404CEC863E511000400000023E1110004000000DB
S21404CED825E101000800000026E101000A00000020
S21404CEE827E1010002000000000000000000000026
S21404CEF859D0040053D00400000000005AD004009F
S21404CF08777B040000000000717B0400737B040038
S21404CF1800000000757B040031D004005FD00400D4
S21404CF28787B0400727B040000000000767B040013
S21404CF384CCF04006F7B0400707B0400747B0400F1
S21404CF486E7B0400000203040508090A0B000102AC
S21404CF580304051D2000B40108020200AA00FFFF0E
S21404CF68FFFFFFFFFFFFFFFFBBA20300954D020074
S21404CF781179020061160300217C0200218C03004B
S21404CF88238C0300258C0300278C030021DD020074
S21404CF98BDB5020001F702000D100300316A020055
S21404CFA81B8C03005DB802001D8C0300355E02006E
S21404CFB81F8C0300E172030029630200574803002C
S21404CFC8000000000013000000000000000000003D
S21404CFD801000000E9BB020002000000199D0300DE
S21404CFE80300000041BB020004000000939C0300F9
S21404CFF805000000E1BA020000000000000000007E
S21404D0080023001B2200FF00000000000C09020297
S21404D018000000001C1A0B0303FF060804020202A1
S21404D02804020A0B030302030480FF0204FF01013F
S21404D03801010800000000000000005A6967426504
S21404D04865416C6C69616E6365303980008F8E8CBF
S20C04D05880808006080C10809D
S20C04D060C49CFB7F01000000E4
S21004D06874D0040020650020CB010000FA
S21404D0740000000000000000FFFF000001000000A4
S21404D0840000000000000000000000000000000093
S21404D0940000000000000000000000000000000083
S21404D0A40000000000000000000000000000000073
S21404D0B40000000000000000000000000000000063
S21404D0C40000000000000000000000000000000053
S21404D0D40000000000000000000000000000000043
S21404D0E40000000000000000000000000000000033
S21404D0F40000000000000000000000000000000023
S21404D1040000000000000000000000000000000012
S21404D1140000000000000000000000000000000002
S21404D12400000000000000000000000000000000F2
S21404D13400000000000000000000000000000000E2
S21404D14400000000000000000000000000000000D2
S21404D15400000000000000000000000000000000C2
S21404D16400000000000000000000000000000000B2
S21404D1740000000000000000000100000000F001B0
S21404D1840800000008100020010023010400000029
S21404D19410100020060030010100000014100020C6
S21404D1A4FFFFFFFFC0EA2101C0EA2101008000005E
S21404D1B400F0490268660020006007000080000052
S21404D1C4E4360020C8000000FE0000000000000052
S21404D1D4006D040018100020FFFFFFFF60700400B9
S21404D1E433000000D117010033000000994C0300FB
S21404D1F440E9030044E9030051E903005EE903003F
S21404D2046BE9030078E903008BE903009DE9030056
S21404D214AAE90300B7E90300C4E90300D9E9030053
S21404D224ECE90300FEE9030013EA030022EA030020
S21404D23433EA030042EA030052EA03005EEA030008
S21404D2446BEA03007BEA03008DEA03009CEA03000E
S21404D254ABEA0300B4EA0300C9EA0300DEEA030007
S21404D264F3EA030013EB030021EB030040EB030093
S21404D2745BEB03006EEB03007BEB030090EB030015
S21404D2849FEB0300AEEB0300C0EB0300D2EB0300FA
S21404D294E5EB0300F8EB03000EEC030000000000CB
S21404D2A40F00000045EE03005CEE0300FF000000E0
S21404D2B40000000000000000000000000000000061
S21404D2C40000000000000000000000000030E70436
S21404D2D400C81803B9F60300BEF60300EBF6030011
S21404D2E416F7030044F7030072F70300A1F70300DC
S21404D2F4CEF70300FEF703002EF803007EF80300BF
S21404D304FFFFFFFF00F80300FFFFFFFF0000040019
S21404D31400000400005C2605CC670020060000001C
S21404D324F49204000000000001001900010000004B
S21404D334CC4200200100190001000000CC42002069
S21404D3440100190001000000CC420020010019006D
S21404D35401000000CC420020010019000100000076
S21404D364CC4200200100190001000000CC42002039
S21404D3740100190001000000CC420020010019003D
S21404D38401000000CC420020010019000100000046
S21404D394CC4200200100190001000000CC42002009
S21404D3A40100190001000000CC420020010019000D
S21404D3B401000000CC420020D846002000000000F3
S21404D3C400000000F07B0400844D002080680020E8
S21404D3D444500020906A0400060000000000000088
S21404D3E40000000000000000549304006C93040042
S21404D3F49B6A0400C5210400FE000000B0680020F7
S21404D4040000000054500020BC500020245100208A
S21404D41400000000000000000000000000000000FF
S21404D42400000000000000000000000000000000EF
S21404D43400000000000000000000000000000000DF
S21404D444000000000000000000000000CF7C030081
S21404D454CB7C0300FFFFFFFFD37C0300FFFFFFFF2B
S21404D4642B82030087820300FFFFFFFFFFFFFFFFFB
S21404D474FFFFFFFFFFFFFFFF2F2A0000FFFFFFFF52
S21404D484000000001D84030098CE0400FFFFFFFF85
S21404D4940000000020A10700000000000DBC0300EB
S21404D4A4000000000000000000000000000000006F
S21404D4B4000000000000000000000000000000005F
S21404D4C40C560020A5430200195D0200C521040081
S21404D4D4000000000000000000000000000000003F
S21404D4E40C5600203D4A020000000000C52104003A
S21404D4F4000000000000000000000000000000001F
S21404D5040C56002065540200195D0200C52104006F
S21404D51400000000000000000000000000000000FE
S21404D524886B04000C560020BD6E02000000000048
S21404D534C5210400000000000000000000000000F4
S21404D544000000000C560020C17702000000000012
S21404D554C5210400000000000000000000000000D4
S21404D564000000000C5600201D8802000000000085
S21404D574C5210400000000000000000000000000B4
S21404D58400000000B80B00000C560020FD8B0200BF
S21404D59400000000C5210400000000000000000094
S21404D5A400000000000000000C560020DD94020079
S21404D5B400000000C5210400000000000000000074
S21404D5C400000000000000000C5600204D960200E7
S21404D5D400000000C5210400000000000000000054
S21404D5E400000000000000000C56002055920300C2
S21404D5F400000000C5210400000000000000000034
S21404D60400000000000000000C560020959902005B
S21404D61400000000C5210400000000000000000013
S21404D62400000000000000000C560020399E020092
S21404D63400000000C52104000000000000000000F3
S21404D64400000000000000000C5600201D9F03008C
S21404D65400000000C52104000000000000000000D3
S21404D66400000000000000000C560020B1F6020082
S21404D67400000000C52104000000000000000000B3
S21404D684000000000000000065A403000C560020FF
S21404D6947D100300195D0200C5210400000000008B
S21404D6A40000000000000000000000000C560020EB
S21404D6B4ED16030000000000C5210400000000006D
S21404D6C4000000000000000000000000FFFFD00778
S21404D6D4B80B0000FFFFFFFFCEFAEFBEFFFFFDFF0F
S21404D6E4FDFF0C002C01001E2C0140068000FFFFE9
S21404D6F404F8FFFF0C000000000000004000FDFFDB
S21404D7042C019C000000FFFFFDFFFFFFFFFF60EA03
S21404D7148000800010C1CDAB0A010101FFFFFFFFAA
S21404D724FFFFFFFFFFFFFFFFFFFFFFFFFFFFFFFFFC
S21404D734FFFFFFFFFFFFFFFFFFFFFFFF01FF05FFE4
S21404D744FFFF0101FFFF0201FFFF640250FF0F0207
S21404D75408031E050216010A0C052007051001011C
S21404D7640F080101010104FF0301FF0CFF0F7F7F73
S21404D7740150403000FFFFFF0B03FF050B010301BC
S21404D78405020201FFFFFFFFFFFFFFFF010102FF87
S21004D794FFFF0100056D0000DD6C0000C6
S80400A02932
