S01B00006275696C642F72656C656173652F7A69676265652E73333714
S2140060000810002031A0000051E800007D2B03009E
S2140060107D2B030059E8000061E800007D2B03009B
S2140060207D2B03007D2B03007D2B03007D2B0300BF
S21400603065E80000CC6C04007D2B03007D2B03007C
S2140060407D2B03007D2B03007D2B0300019B0000AE
S2140060507D2B03007D2B03007D2B03007D2B03008F
S2140060607D2B03007D2B03007D2B03007D2B03007F
S214006070D1ED00007D2B03007D2B03007D2B03005C
S2140060807D2B03007D2B03007D2B03007D2B03005F
S2140060907D2B03007D2B03007D2B03007D2B03004F
S2140060A07D2B0300FDA30000DDA300007D2B030075
S2140060B07D2B0300413102007D2B0300A53B02002F
S2140060C09D8303009983030081330200B38303009A
S2140060D0A1830300753B0200A5830300E53B020095
S2140060E0514202004D1F0200513C02007D2B03006E
S2140060F07D2B03007D2B03007D2B03007D2B0300EF
S2140061007D2B03007D2B03007D2B03007D2B0300DE
S2140061107D2B03007D2B03007D2B03007D2B0300CE
S2140061207D2B03007D2B03007D2B03007D2B0300BE
S2140061307D2B03007D2B03007D2B03007D2B0300AE
S21400614082B030BF074BD3F8F030DB0704D500230E
S2140061500193019B052B01DD02B07047019B0133C3
S214006160F6E700BF00ED00E0F0B5114A114C124E04
S21400617000F00105E3695F0713D40DB9334213D16C
S21400618003EA00078F4207D10B4A1A40002A14BFC1
S2140061906FF001000020F0BD013AEBD16FF0020075
S2140061A0F9E74FF0FF30F6E76FF00100F3E700BFC6
S2140061B08096980000000350020001000B4B70B55B
S2140061C0D96911F480310DD101244FF48072084E44
S2140061D0084DF46020462C641A61FFF7C5FF34644E
S2140061E0EC6070BD6FF00100FBE700BF00000350DD
S2140061F000100350002003504FF4003238B50F4B08
S2140062000F4C9A6641F671330122E569E3630D4B44
S2140062100021DA60022360612120236105F48035C5
S214006220FFF7A2FF10B92120FFF79EFF0122064BC1
S214006230DA600DB10023E36338BD00BF0090005064
S21400624000000350001003500020035070B5134C9C
S2140062506061E3695B071ED40E4656F8043B8D1852
S214006260A361AE420BD10423002121202361FFF756
S2140062707BFF58B9BDE870402120FFF775BF0821A5
S2140062800846FFF771FF10B10423236170BD56F86E
S214006290043BA361E5E74FF0FF30F7E7000003504B
S2140062A02DE9F84315464FF40032184B89469A6696
S2140062B041F6713203F51C33DF69DA6301220646C4
S2140062C003F58053DFF84C8007F48037DA6055B961
S2140062D0284601220E4BDA601FB10022A3F50053B8
S2140062E0DA63BDE8F88306F5005404EA0804A41B44
S2140062F0AC4228BF2C46494622463046FFF7A6FF4A
S2140063000028E6D12644A1442D1BE0E7009000506B
S20C0063100020035000E0FFFF2F
S2140063182DE9F04F4FF0FD0BC9B09A460DF11B0959
S2140063289DF8503108AFCDF80C90CDF808B001971D
S214006338059303890446009383790E469046418860
S2140063488288407812F06AFC054650B10090A3880F
S214006358002062883A4912F0A5FF284649B0BDE8F1
S214006368F08F99F800002FF023FB38B12846A38851
S2140063786288344912F096FF8D25EEE75A4639466C
S21400638899F800002FF0BCFA8346002851D0529B9B
S2140063981BB1BDF84C3198424BD8002399F80090B1
S2140063A80793A9F14102012A5FFA8BF123D83846F0
S2140063B80139254ADFF898C05FFA81FE734513DB7A
S2140063C8059B04210792C3B907AF18221F489FED03
S2140063D81A7B02FB060420460A460830394684ED36
S2140063E8027B17F0B3FD11E010F8011F013351408E
S2140063F80CFB01F2E2E7059B33B123464A463846D2
S214006408009610F08DFBA8E70829DED9B8F1000F32
S21400641801D088F80090BAF1000F01D0AAF800B0B1
S214006428529B002B99D05A46184608A917F08EFD9D
S21400643893E7012591E700BF000000000000000078
S21400644898150400CD150400C59D1C8180100020F9
S21400645893010001000000002DE9F04F93B0CDE94C
S2140064680A32DDE91C530E9353EC102BCDE90801D4
S214006478104619468DED060B1E9E16F0F1FF80B1EC
S214006488DDE906014FF0FF32C54B17F011F840B9A9
S214006498DDE906014FF0FF326FF4801316F0EAFFCD
S2140064A870B1DDE908019DED060B0E9B1E96CDE941
S2140064B81C53DDE90A3213B0BDE8F04F00F088B986
S2140064C80022DDE90601002316F0D4FF002800F0BC
S2140064D83381DDE906A303F1004BCBF30A5016F42B
S2140064E88063A0F2FF3008BF06250F9316F0E6FC7F
S2140064F89BA3D3E9002316F04BFD9BA3D3E9002307
S21400650816F090FBCBF31304894644F07F5180467F
S2140065180022A44B504641F4401116F081FB94A388
S214006528D3E9002316F034FD02460B46404649469A
S21400653816F078FB16F0C6FF044616F0BFFC8EA3CE
S214006548D3E900238046894616F022FD0022964BA2
S21400655816F068FB16F0B6FF89A3D3E900230746B2
S2140065684946404616F014FD80463846894616F0D9
S214006578A5FC85A3D3E9002316F00AFD02460B46C0
S2140065884046494616F04CFB02460B46CDE90C231E
S21400659816F0FEFCDDE90C238046894610461946AF
S2140065A816F040FB0022CDE91001804B40464946D4
S2140065B816F018FE00227E4B16F034FB02460B46F9
S2140065C84046494616F00EFE00227A4B16F02AFB85
S2140065D802460B464046494616F004FEDDE90C2303
S2140065E88046894600204FF0804116F019FB024687
S2140065F80B464046494616F015FB02460B46DDE9B3
S214006608100116F0EFFD07F2FF3700226A4B16F06E
S21400661809FB00223B0516F0BBFC52465B4680464B
S214006628894616F045FF002840F08980CDE90C8998
S21400663804F16303C62B8CBF0527042731051BD539
S21400664853A3D3E900235046594616F027FF0028DF
S2140066587FD051A3D3E900235046594616F00AFFC7
S214006668002876D00027A542C6BF2C1B04F1FF35AC
S21400667800253C4646F480660E9B9F422CBF4FF092
S2140066880008A3EB070816F0020903D0002F18BF6E
S2140066984FF000083CB1DDE90C235046594616F089
S2140066A8A1FD82468B46DDE906010022002316F08E
S2140066B8E1FE10B10BF100439B46DDE9080126F424
S2140066C80063CDE90183DDE90A324BEC10AB009597
S2140066D800F07EF802465FB3DDE9091316F0200FD6
S2140066E800F10105089E0CBF65204520B047DDE98E
S2140066F808010523002205930A23002CCDE902325F
S21400670807F1FF374FEAD473B8BF64422A460193AD
S21400671804970A9B009431F07BF80246B9F1000F03
S21400672806D00B9BC41A0B9B1A190E9BA34245D87E
S214006738104613B0BDE8F08FDDE906ABCDE60022C3
S214006748404649461A4B16F04DFD013CCDE90C0172
S2140067586EE7002D90D00F9B002B8DD0013D8BE768
S214006768FB799F501344D33FB3C8608B288AC63F33
S21400677861436F63A787D23F71A379094F930A4095
S2140067881655B5BBB16B0240EF39FAFE422EE63F0E
S2140067982D431CEBE2361A3F0000000080842E4191
S2140067A8FFFFEF7F0000F83F0000E03F00002C40AE
S2140067B800002440000018400000F03F2020DDE9DB
S2140067C80913089DA8470134ADE700BF0000000084
S2140067D82DE9F04F5BEC10AB97B0CDE90501DDE98C
S2140067E82058CDE90723504652465B465946229F15
S2140067F816F036FE70B90323CDE902870193AA4B3B
S2140068080093DDE90501DDE9072330F033FF17B013
S214006818BDE8F08F4FF0FF326FF4801350465946AC
S21400682816F028FE28B10423CDE9028701939F4B72
S214006838E6E74FF0FF32504659469D4B16F038FEB5
S21400684868B19C4A07F00403002B08BF03229A4B42
S2140068581CBF13460422CDE902870192D0E75046B2
S2140068688DA3D3E90023594616F022FE38B98CA327
S214006878D3E900235046594616F0FCFD68B1DDE919
S2140068880723DDE905014BEC10ABCDE92187209500
S21400689817B0BDE8F04FFFF7DFBD002200235046D3
S2140068A8594616F0E7FD002800F091805B465246F0
S2140068B80020002116F0B4F9012382468B4609937E
S2140068C817F4806400F08580092D40F28580002446
S2140068D830210EABA5F109020134202C03F8011B68
S2140068E8A5EB040901D09442F6D15946504616F055
S2140068F8E9FD724B054603EBC90393ED007B8DED6E
S2140069080A7B16F0DBFA02460B465046594616F046
S21400691887F9DDE90A2316F03BFB02460B46CDE96C
S2140069280C2316F0F7FD064616F0B8FA02460B4694
S214006938DDE90C0116F074F902460B46CDE90C2386
S21400694800225F4B16F0B4FD002848D001363046CA
S21400695816F0A4FA02460B46DDE90A0116F094FD85
S21400696808B100260135B9F1000F45D1284616F0C2
S214006978A5FA02460B465046594616F051F900222B
S2140069884F4B16F077FD10B9E90700D501350A21F7
S2140069980EAB1A19202C0AD095FBF1F001FB105506
S2140069A8303502F8015B013405460028F2D107F0BD
S2140069B80302012A55D1B8F1000F52D0099A12B92C
S2140069C817F00C0F01D008F1FF38302240E009908C
S2140069D876E74FF0060988E7A946002485E70022EF
S2140069E8DDE90C01364B16F045FD0028BBD10EB18B
S2140069F8F007B8D50136B6E70A210EAB1A19202CCF
S214006A080DD0B6FBF1F001FB1063092E03F130033D
S214006A1809F1FF3904F1010402F8013B11D83021CD
S214006A28A1440EAA202CB2D04C4504F101030AD189
S214006A3804F158020DEB02042E2204F8202C1C4602
S214006A48A5E70646DBE7A1541C46EBE71A550134D2
S214006A58444506D2202CF9D1CDE9028701940EAB25
S214006A68CEE6202CF8D0099B3BB12D2204F1580322
S214006A786B4403F8202C0134EEE77A0704D504F1BA
S214006A8858032B226B44F4E73B07E5D504F158037B
S214006A9820226B44EDE700BF0000000065CDCD4125
S214006AA80000000065CDCDC1BB320400BF32040033
S214006AB8FFFFEF7FB2320400B7320400C07B040049
S214006AC80000E03F0000000070B58EB02C220021C8
S214006AD803A817F0ABF864234FF002320893CDE909
S214006AE805230B2301218DF834305B4B8DF81010ED
S214006AF81D880D4040F0A980084634F0F9FE0A22A9
S214006B08564B574C1A704FF42873ADF812304FF0A6
S214006B18FF332360534B54491B8820460B82534B44
S214006B28534A1B68CD828B61524B0D621B884B8281
S214006B38514B1B68CB611DF053F920B14FF41B7104
S214006B484E4835F002FF0521206831F0C9FC20B117
S214006B5840F27D21494835F0F8FE206816F01CF80A
S214006B68474B2068196831F035F80C2535F028FBB6
S214006B786843099035F024FB68430DEB0501079040
S214006B88206817F0EFFC20B140F295213B4835F01D
S214006B98DCFE25681FF04EFD00220146284631F02F
S214006BA891F820B140F29721344835F0CEFE40F2F5
S214006BB80353344D344E2B80052396F90000AB70F2
S214006BC87F2801D11DF0F4FB3378EB7035F0F8FA26
S214006BD800EB80008000A88035F0F2FA0023C000A1
S214006BE84FF0FF31E880AB604FF0FF3018A3D3E9D1
S214006BF8002334F0CFFF2549206831F01CF82068C0
S214006C0802A931F014FD20B14FF434711B4835F059
S214006C189CFE042220680DEB020130F0B0FF042829
S214006C2804D040F2D721154835F08FFE01A901207F
S214006C3830F071FB07F04CFE01201EF03DF82CF0FA
S214006C4887FD1EF063F81DF04BFB0EB070BD00BF4D
S214006C580A0020FF42030000265B0020576200203F
S214006C6840550020609504004C6900206895040093
S214006C7821B903005E95040064950400846B040043
S214006C888C660020345500201F6C002095B9030040
S214006C980348044B834202D0034B03B1184770479E
S214006CA84C6C00204C6C002000000000064B074986
S214006CB8C91A891048BF0131491003D0044B0BB1DB
S214006CC801481847704700BF4C6C00204C6C0020E9
S214006CD80000000010B5064C237843B9FFF7D8FF2C
S214006CE8044B13B10448AFF300800123237010BD92
S214006CF8B81500200000000080D0040008B5044B3A
S214006D081BB104490448AFF30080BDE80840CDE74E
S214006D1800000000BC15002080D00400A3F5803ACF
S214006D28704700BF154B002B08BF114B9D46FFF759
S214006D38F5FF00218B460F461148124A121A16F024
S214006D4875FF0C4B002B00D098470B4B002B00D040
S214006D5898470020002104000D000B4817F0ACFAF5
S214006D6816F03CFF200029002BF06AFB17F092FA79
S214006D7800000800000000000000000008100020C6
S214006D8808100020AC62002029E3010007B50121A5
S214006D9820200DF1070201F03BF858B1022301212B
S214006DA820200DF107028DF8073001F041F803B0F6
S214006DB85DF804FB9DF807100229F8D0022209485E
S214006DC815F016FE022301210DF1070220208DF88A
S214006DD8073001F02DF82BF08DFA4FF4FA6000F02A
S214006DE85FFEE4E790CD030038B502F009F901F03C
S214006DF8ADF9012805D001F0A9F9022801D001F063
S214006E08CBF9064D2B783BB901F0A0F901280446CA
S214006E1802D12BF0F8FA2C7038BD00BF045C0020B5
S214006E2810B5044600882BF039FAA37884F8440095
S214006E38834202BF0123E3702371074B04F11C0051
S214006E48C4E9073401F03AF8224620880349BDE829
S214006E58104000F077BF00BF3B200300052003006A
S214006E6870B5C37804460D461646002B34D1D1B10A
S214006E78214815F0BDFD0123E370E36CA6600BB155
S214006E88E06D9847E368F61A63699E4221D2217E30
S214006E981A480131C9B2217615F0AAFDA36D13B1BF
S214006EA8217EE06D9847E5702BF037FA15B3237905
S214006EB803BBA268238A801A83421BD80123104882
S214006EC8237115F095FD236DA3B1E06DBDE8704004
S214006ED8184701232376E6E70029E4D1094815F088
S214006EE887FD636DE660E5702571002BDBD0E06DED
S214006EF89847D8E770BD00BFB8CD0300C9CD0300DA
S214006F08F7CD0300E4CD030070B51E46838804461B
S214006F180D46C18002810BB1868070BD81780088DD
S214006F282BF0A8F80123E370064BA680C4E90334C7
S214006F380C34204600F0C2FF29462046BDE87040C3
S214006F482BF0E2B98720030010B501790446B1FAA0
S214006F5881F1008849092BF004F921796088B1FA93
S214006F6881F149092BF0FDF8034B1A68A24204BFC9
S214006F7800221A6010BD00BFD415002070B54379F2
S214006F880446A3B100880E4E04F10805336813B111
S214006F980C4B1B786BB121792BF0E3F864210A4B74
S214006FA83460A3602846BDE870402BF0ADB9408831
S214006FB8E9E7064815F01CFD054B3221A360F1E70A
S214006FC8D4150020055C0020516F00000DCE03008C
S214006FD8856F000010B50446E0B10F4815F008FDAF
S214006FE801236371A37953B9217920882BF0B9F866
S214006FF8236B7BB1606B0121BDE810401847204623
S214007008FFF7A2FF04F108002BF083F92046FFF7EC
S214007018B5FFEDE710BD00BF43CE030010B504462C
S214007028F8B1104815F0E4FC00236371A3796BB936
S21400703821792088B1FA81F149092BF092F8236B5F
S2140070487BB1606B0021BDE8104018472046FFF76B
S2140070587BFF04F108002BF05CF92046FFF78EFF53
S214007068EDE710BD4ECE030010B5044668B10748DC
S21400707815F0BEFC637920461BB1BDE81040FFF74B
S214007088CDBFBDE81040FFF7A5BF10BD5ACE030020
S21400709810B50E4C0E48214615F0AAFC82210D4864
S2140070A815F0A6FC82210220A21E00F0C1FE0146B1
S2140070B830B134F8022C0848BDE8104015F098BCEA
S2140070C80648BDE8104015F093BC00BF8656002061
S2140070D869CE030084CE03008FCE0300D3CE030010
S2140070E838B5114C82212246022000F091FEA51CDC
S2140070F8014688B122880D4815F07AFC2A460C4BC2
S21400710803F12C0153F8040B8B4242F8040BF9D117
S2140071181B7813702C23238035F8021C054A064872
S214007128BDE8384015F064BC84560020DECE030067
S2140071385ECF0300865600203CCF0300034B1B7827
S2140071481BB18B4201D82BF0D5B87047C86B00200E
S21400715810B5044601460E4815F04AFC012C11D11C
S2140071680C4B0D481A884FF6FF739A421EBF002232
S214007178094B5A742AF0DBFF02F098F8BDE8104075
S21400718801F06ABF0448BDE810402AF0D2BF00BF2D
S2140071988BCF03007C6B00201866002070B5002497
S2140071A81A4D1B4E3378A3421BDC0024194D1A4E89
S2140071B83378A3421BDC0024184D194E3378A342BB
S2140071C81BDC00F0C3FF012816481CD12AF0AFFFCD
S2140071D802F06CF801F040FFBDE87040124800F07D
S2140071E8D5BF2846FFF71CFE01346035DAE7284687
S2140071F82AF083FF01343435DAE728462AF0B6FF4A
S21400720801343835DAE72AF094FFE5E73C23002016
S2140072180B5C00205C2700200C5C00200C21002062
S2140072280A5C002018660020597100002DE9F04F0E
S21400723887B0FFF755FFB94B05A805932AF0BAFFA4
S214007248054616F0EFFBB64CC2B21F2A627004D988
S214007258B44815F0CDFB00F017FC2946A01C16F024
S21400726875FE05A82AF0A6FF054616F0DBFBC2B297
S2140072781F2A84F8212001D9AB48EAE7294604F1F9
S214007288220016F063FE05A82AF094FF322604466C
S21400729800272578002D40F09F80A44CFFF77EFF3E
S2140072A82378DFF8C8A2DFF8C882A14F00939AF8BF
S2140072B8003098F8002039789E4815F099FB3A78FF
S2140072C898F800109AF8000053180344DFF894B2B0
S2140072D820782C4603445846DBB2AA4200F3E582DF
S2140072E8012B38BF0123944E0293324600233546BD
S2140072F84FF482714FF6FF74029801339842137068
S2140073085180948002F10C02F6DC8C4B8A49844842
S214007318AB6000F0F1FFE879AB68DFF8449200EB69
S214007328400003EB800000F0BDFDEB79B9F80020C3
S2140073380133A242EB7103D07F49814801F0DEF8A1
S2140073484FF6FF73B9F800207B49D21A18BF0122FE
S2140073587C4801F0C1FD4FF00009784C3A784A4560
S21400736800F3CC8200264FF00C09774ADFF8C8B144
S21400737898F800003978B04200F3D48246180C21F9
S214007388002501FB06B19AF800009423A8426F4A2C
S21400739800F3E6820C253E7898F8003000274FF474
S2140073A882781E44064405FB06B5DFF8C8A15F4B85
S2140073B81B78BB4200F3E78202995F4800F000FEA4
S2140073C8059B56491A468B4240F0F082604807B043
S2140073D8BDE8F04F15F00CBB532D0FD163784C2B3E
S2140073E840F04881A378502B40F044810122594B45
S2140073F81A7005A82AF0DEFE04464AE7442D13D183
S2140074086378303B092BF4D8601C2AF0E0FE524B18
S214007418524A1978002386B2994202F16002E8DDE2
S21400742822F8466C0133F7E7422D0BD16378542BCC
S21400743854D1A01C00F0D4FC494B188018462AF0FA
S214007448BAFDD6E7582D33D8412DD2D9433D152D50
S214007458CFD801A353F825F01F780000FB7300006F
S214007468FB730000FB730000FB730000FB73000057
S214007478CF750000FB730000FB73000081750000E9
S214007488CB740000FB730000FB730000FB73000066
S214007498FB730000017700007D760000FB73000098
S2140074A8FB730000FB730000FB7300007777000097
S2140074B8692D9ED1601C2AF08AFE80B22AF016FF3B
S2140074C897E71B4B012019780023264A994202F1B8
S2140074D8A8028EDD02F8A60C0133F7E7601C00F060
S2140074E87FFC0546E01C2AF0EAFE012102462846F3
S2140074F82AF0A1FE60211848184C037859436218F0
S21400750865524FF4FA6111824FF448715161164979
S21400751856831165013303706BE700BF865600205B
S2140075282C650020AACF0300C1CF0300065C00200C
S214007538095C0020D1CF0300A016002018170020F1
S21400754850160020D8150020601D0020A41B00201F
S21400755821D00300055C00200B5C00203C230020A3
S2140075687C6B0020601E0020A7210300075C00201B
S214007578085C002098180020601C00F031FC0022EF
S2140075884FF034088146CD4F11462AF054FE38781D
S214007598CB4D08FB00F325F80390EA18E37810466D
S2140075A8693B18BF012393702AF0A7FD0021C54A3E
S2140075B83B785160012103FB08550B443B7015606E
S2140075C80F46117415E7601C00F00AFC00221146ED
S2140075D881462AF030FE3422B84DDFF8E482287857
S2140075E802FB00F328F8039008EB0301E37808464B
S2140075F8693B18BF01238B702AF07FFDB24A00232F
S2140076081046916B31BB00EB831034232A7802FBBB
S21400761803838363AD4A00231046D2F8A410F9B951
S214007628A82202FB030034232A7802FB0383C0F84F
S214007638A4305FB9A34A3B46114652F8040BA8B9D2
S2140076483422287800FB028241F823202B78013365
S2140076582B70CEE60133042B02F14002D1D1D9E7D4
S2140076680133042B02F1A802D7D1E2E70133042B39
S214007678E3D1EBE7601C00F0B3FB8046E01C2AF081
S2140076881EFE0121024640462AF0D5FD602190489C
S214007698904D0278DFF858C251436B1825F80180E0
S2140076A84FF44871198259618B495E839965E17870
S2140076B8A824642904BF012199709CF80030DFF8DB
S2140076C80CE25C430EEB04010EF804304FF4007431
S2140076D84C8003240C718C7102EB420405EB4415B4
S2140076E832240133DBB201324B718D6081F8A04041
S2140076F802708CF800307CE6601C00F071FB0022FB
S2140077084FF0380A8146DFF8E08111462AF093FDEB
S21400771898F80030714D0AFB03F325F803904FF0F4
S2140077280109EA1882F80490E37873B1E01C00F0C7
S21400773857FB0022044611462AF07DFD98F80030D3
S2140077480AFB03535C8083F8069065485E4A037814
S2140077589901535498F8001002EB8314C1EBC10248
S21400776805EBC2054A1C656388F80020D2E6601C53
S21400777800F036FB8046E01C00F032FB0546601D34
S2140077882AF09DFD04460246012140462AF053FD94
S2140077982246284601212AF04EFD60204FF4487CF8
S2140077A8DFF82CE14B4A9EF8003000FB03F422F881
S2140077B80480DFF824811119A1F810C0C1F814C09C
S2140077C84E83C1F85880591CC9B248431418A4F807
S2140077D810C0C4F814C06683C4F8588094241552A0
S2140077E8404D981C8EF800002878DFF808C14443FE
S2140077F803EB430301EB41010CEB040E02EB4313CE
S21400780802EB41120CF80400CEF80430CEF808203B
S21400781801302870EDE5601C00F0E2FA8046E01CB6
S21400782800F0DEFA00220546114640462AF003FD1F
S21400783800223824114628462AF0FDFC2A48274A02
S21400784803784FF0000E04FB03FC22F80C804FF080
S214007858010802EB0C0181F806E081F8048003EBCE
S2140078680801C9B24C4302EB040C15539C1C047067
S2140078784FF482741D4D8CF806E028788CF8048046
S2140078884443DFF874C0C3EBC303C1EBC1010CEB80
S214007898040E02EBC30302EBC1020CF80400CEF898
S2140078A80430CEF808204044B3E7467901358E42C6
S2140078B884BF04714471A8300FE500BF0C5C00203B
S2140078C85C27002018660020601D0020601E00202F
S2140078D80B5C00203C230020457100000C21002092
S2140078E8085C0020075C00200A5C0020065C00207C
S2140078F8095C0020A41B002098180020B9F1000F8E
S21400790806D016F8052C02EB420204EB8204B4609B
S2140079183146584601F09EFE09F101090BF1A80B05
S2140079280C361BE571180AD0481E09FB00B0C07952
S21400793800EB400004EB800409FB01B084601046AD
S21400794809FB0151039201F043FC39781C48314485
S21400795809FB015101F0AAF9039A0136403207E5FE
S214007968F54218BF11F8050C03911EBF00EB400046
S21400797804EB80048C6003FB052001F0A7F803994C
S21400798801350C31FFE4F74218BF15F8053C2946C7
S2140079981CBF03EB430304EB830408FB07A018BFD4
S2140079A8AC6000F045FF01370C3500E513F8011D03
S2140079B800297FF406AD3B2102F8011C01E500BF53
S2140079C80021002007B5012121200DF1070200F053
S2140079D81FFA18B99DF80720024B1A7003B05DF815
S2140079E804FB00BFC86B002007B5064B8DF80700E0
S2140079F8187001210DF10702212000F019FA03B0D2
S214007A085DF804FBC86B002007B5022101200DF1C4
S214007A18060200F0FDF938B9044814F0E9FFBDF88D
S214007A28060003B05DF804FB0020FAE73ED003002A
S214007A3807B50221ADF806000DF10602012000F098
S214007A48F7F9014610B1034814F0D2FF03B05DF809
S214007A5804FB00BF5FD0030010B5FFF7D5FF044650
S214007A680146074814F0C4FF0121064814F0C0FF79
S214007A7824B9BDE810400120FFF7DABF10BD00BFEB
S214007A888FD00300A1D0030008B5044814F0B0FF57
S214007A9800F0DEF92AF02EFC2AF029FCB7D0030005
S214007AA838B50446084D094B28462B6000F006FA00
S214007AB8002C18BF21462846BDE8384008BF4FF4BA
S214007AC896712AF021BC00BF60280020F52103002B
S214007AD82DE9F043394D93B008AC074689469046E1
S214007AE80FCD0FC40FCD00260FC495E8030003235F
S214007AF8012584E80300324C3248CDE90366CDE917
S214007B0805668DF80E300796029534F0B8FE2E48B6
S214007B1834F0B5FE32462D4920468DF8176005F03C
S214007B2839F9334632462A498DF81900009020461E
S214007B388DF82390CDF82C808DF8216005F044F957
S214007B480A9020468DF8097005F0A4F8204608AA81
S214007B5805A905F05FF902AA204603A92BF076FDD1
S214007B684FF400721B4B5A62194BE560626A920525
S214007B7810D46BB94FF40072164B11485A6205F0D0
S214007B8889F8114834F07EFE002013B0BDE8F08373
S214007B98013BEBE7002BEDD0094908A82BF089FD3F
S214007BA84FF400720B4B06485A6205F073F8064805
S214007BB834F068FEBDF82000E7E700BF7C6C0400E0
S214007BC80040005ACC6E0400C86E040080841E0074
S214007BD840420F000060005A0122034B1870034B06
S214007BE81980034B1A7070470E5C0020846B0020C7
S214007BF80D5C0020F8B5454B1B780BB90020F8BD86
S214007C08434B1B78012B03D1BDE8F8402AF0F1BAA4
S214007C18404B1C884FF6FF739C42EFD03E4834F02A
S214007C282EFE0023260AE4B21A462146304604F001
S214007C38F1FF012E354604F0010335D015D9B51EDF
S214007C48012DDBD8002B0BBF4FF480754FF08075E5
S214007C584FF470614FF070610BBF01274FF4803707
S214007C680F204FF470202D4B11E0002B0BBF4FF464
S214007C7880754FF080754FF470614FF070610BBFE0
S214007C8801274FF480370F204FF47020244B1A68D2
S214007C9802401CD0BA421AD01A680A4032D11A6872
S214007CA822EA01022A4316E0002B0BBF4FF4807528
S214007CB84FF080754FF470614FF070610BBF01276D
S214007CC84FF480370F204FF47020164BDFE71A6802
S214007CD822EA00023A431A602AF08BFA0546002880
S214007CE88CD0083644EA06102A460321C0B2FFF7AD
S214007CF8EFFE40F6FF73684300F2FF70B0FBF3F048
S214007D0880B27CE795427FF479AFC8E70D5C002027
S214007D180E5C0020846B0020CC6E040028C3035041
S214007D2820C3035024C3035010B5044C237823B94A
S214007D38034834F0A4FD0123237010BD105C002016
S214007D48CC6E04002DE9F0431F4C85B007468846E4
S214007D589146FFF7E9FF23781BB902F001FA0123E1
S214007D6823707BBAADF80C3030220023174E02FB86
S214007D7803F4315DA51901BB012333554FF0FF33DA
S214007D8804F1100012493044AB606F80C5F80480D7
S214007D98C5F80C9009F0DCFC04F108010422314413
S214007DA80C4B009503A802F0B1FAA96802460A48E7
S214007DB814F01EFE05B0BDE8F0830133102BD6D1B3
S214007DC8064814F015FEF5E70F5C0020882800200A
S214007DD81F22030031220300C4D00300F2D00300A0
S214007DE880B10278A2F14103032B0BD840783038D3
S214007DF8C0B2082806D8054B134413F8413C40EA9D
S214007E08032070474FF6FF70704700BFA46C04004D
S214007E1808B50B4642B101460448006803F0BEFBAD
S214007E28BDE808402AF05CBA022008BD8466002037
S214007E3808B50B4642B101460448006803F036FD13
S214007E48BDE808402AF04CBA022008BD8466002027
S214007E58F0B50026124F8DB0FF2300930A22334652
S214007E68386802A92BF097F9C0B102AB1D4603EBA0
S214007E78800404E055F8043BB34228BF5E1CAC42BD
S214007E883868E9D9296803F097FE0028F2D02D282B
S214007E98F0D00DB0BDE8F0402AF022BA0DB0F0BD23
S214007EA88466002028B1034B0360034B436000231D
S214007EB883607047190000032C660020FF2307B56F
S214007EC80021044A0093083009F0C6FB03B05DF8A9
S214007ED804FB00BF0B2303000B4604490246086850
S214007EE80349097808B12AF033BA7047942B002062
S214007EF8125C0020F7B50C4618B12921194834F051
S214007F0824FD246823685E795F8830463946FFF783
S214007F18E3FFF0B18568E5B1A089227D3946904235
S214007F2891BF0020801AA36880B294BF03469B18AE
S214007F38E27C00903046A8470138032803D8DFE8DB
S214007F4800F0080F0B0D002420462EF099FA204664
S214007F5800E0812003B0F0BD8024F5E79324F3E722
S214007F688724F1E71AD10300F8B515460D4A0446EA
S214007F7810680D4A0B46117850B122462AF0E8F9E7
S214007F88034628B100210C27C678B14201DB002041
S214007F98F8BD07FB01F45A681019125BAA42F7D01D
S214007FA80131F2E7942B0020125C002008B5034B41
S214007FB81B6803B19847002008BD00BF902B00201F
S214007FC82DE9F74F04460D460026454B454F1860E9
S214007FD8454B197033010021F85C013610F00CFC93
S214007FE80C2EF7D10C2D28BF0C254FF00009019553
S214007FF83C4EDFF800A13D4DDFF8FC80019B4B4569
S21400800802DC03B0BDE8F08F23784FF0000B337026
S21400801863887380A388B380A379C6F80880B37191
S214008028E379C8F8005088F804304FF00003A768D2
S214008038A8F80630E3795B450ADC012116F8100B30
S21400804810F0DAFB08F1080809F101090C34D5E745
S2140080584FF0000338886B812880FB784FF0000CBF
S2140080682B81BA78C5F804A0002A00920CBF80229B
S21400807840222A7379680AF10C02634513DC03EB85
S21400808843030AEB830ABB6843B1009A4FF6FF71B5
S214008098B2FA82F2164B52092EF082F914350BF119
S2140080A8010B0C37C6E7B1F800E00CF1010C22F81A
S2140080B80CEC91F802E00C3202F816EC91F804E0A9
S2140080C80C3102F815EC11F809ECBEF1010F14BFDB
S2140080D84FF0100E4FF0110E02F814ECCDE700BF6B
S2140080E8942B0020EC420020125C002098310020DF
S2140080F8FD7E0000982B002018340020014B1860E5
S214008108704700BF8C2B0020014B1860704700BFDB
S214008118902B002070B5128805460E46FFF724FF00
S214008128044670B102790499806815F0D1FD064BB3
S2140081381B680BB9002070BD314628462288984730
S214008148F8E78620F7E700BF8C2B002008B50FF06D
S214008158EFFB022806D0012806D0044B187840000A
S214008168C0B208BD0120FCE70220FAE7115C002037
S214008178054B10B51C682CB1FFF7E8FF2346BDE891
S2140081881040184710BD00BF882B0020014B186010
S214008198704700BF882B0020034B1A781AB90122B3
S2140081A81A700BF025BC7047115C00200022024BA9
S2140081B81A70FFF7DDBF00BF115C002037B5044614
S2140081C8002832D00FF0B4FB022830D160892EF098
S2140081D8B9FCE079237A003818BF0120012B637AAE
S2140081E808BF40F008000BB140F0100063890BB1DF
S2140081F840F00400257CA188A2790DB1E36873B924
S2140082080C4B10F0D5FE2178084610F04DFF2DF0E7
S214008218C2FF002814BF0320002003B030BDCDE9FC
S2140082280035054B10F0C4FEEDE70220F5E7012007
S214008238F3E700BFE5210400AEF1030008B50DF032
S21400824835FD014630B1044814F0D2FBBDE80840BD
S2140082580EF0D0B808BD00BF8CD10300034B044A0B
S2140082685B7C012103201370FFF7E2BD186600202F
S214008278135C002010B50446FFF7F0FFB4F57F4FF7
S2140082880BD100240F4B1A8813449C70FEF700FF8E
S2140082982046BDE81040FFF703BC4FF601739C422A
S2140082A804D1BDE81040084829F029BF4FF60273EC
S2140082B89C4205D1BDE81040044B1878FFF794BBE4
S2140082C810BD00BF8456002018660020C86B00202A
S2140082D810B5074C012122460320FFF799FD28B95F
S2140082E82378044A003B18BF0123537410BD00BF0F
S2140082F8135C002018660020F8B5564B32251A88FD
S2140083084FF6FF739A4218BF03234FF00802524CE9
S21400831818BF2370514B1A7030225D70DD703625F9
S2140083289A705A71DA7137221D7135251A724FF410
S21400833800129D714A4D4264C5644A4D0122056586
S214008348494D86188565494DC667C565484D494EE9
S2140083584566494D80F848208566484D80F8542083
S2140083680567474D80F860204567202580F87850D7
S21400837880F8845000F12105C0F88850414D80F8F7
S2140083886C20C0F88C50C0F8806080F89020C0F848
S2140083989440C0F8B8303C4B3C4CC0F8BC30022384
S2140083A8C0F898403A4C80F8C030C0F8A4400F2473
S2140083B8384B80F8A840C0F8C430374B374CC0F864
S2140083C8C8308223C0F8AC40354C80F8CC30C0F8B2
S2140083D8B0400924334B344DC0F8D030334B80F8C6
S2140083E8B440C0F8D4302C7C314B80F89C20C0F8C0
S2140083F8A00080F8D820C0F8DC3044B12D4B80F8B7
S214008408E420C0F8E03005F11103C0F8E8304FF07A
S214008418000CCA798E6802EB42039F00443006EBD4
S214008428830326F807C0586001200D349870DC7066
S2140084381318CB71FFF7C6FAFFF74AFFFFF786FE59
S214008448012806D12B7C23B1BDE8F840164829F050
S21400845856BEF8BD7C6B0020C96B0020145C00205B
S214008468BD6C040001002000BC6C04000200200063
S214008478BB6C04000500420003002000BA6C040030
S2140084880400420007003000FDFF21001200100122
S21400849800404200B86C040000FF4401A86C0400C9
S2140084A806004200845600201866002002FF2001BD
S2140084B8C86B002001FF100113B504460D4829F0CB
S2140084C885FD6422C0F30F43637083B2B3FBF2F3F7
S2140084D8A07823702022012129F05CFFA0782122B1
S2140084E8012129F057FF0449201D02B0BDE81040BD
S2140084F829F00ABF7C6B0020E09304000B7870B567
S21400850883704CF61E0303804FF02013C3620123CA
S21400851880F8303080F83C30C3180364124B0446A9
S21400852843640223114A80F84830114B8263C364BF
S2140085384063CA798D6802EB420305EB830004F1B9
S2140085482C0646600B4E45F8236000238360531CB8
S214008558CB71094B201DC4E90134FFF7AFFC204658
S214008568BDE87040FFF7A8BFFDFF210021002000EE
S214008578BE6C040001000103C1840000F8B54FF684
S214008588FF73994204460D4609D0B0F87E308B42F8
S21400859805D04FF6FE729142037B01D10BB9F8BDA8
S2140085A8EBB1204629F0D7FF204629F093FF4FF677
S2140085B8FE739D4213D1A068FEF730FD6068FEF793
S2140085C82DFD29F0AAFE00232373A0674FF47F42EF
S2140085D860784FF48171BDE8F84029F0DBBEB4F846
S2140085E87E60237BAE422CBF02260126B34218D0FB
S2140085F8D4E90107637B13B13B4607461846012EAC
S21400860845D1FEF7E7FC3846FEF708FD29F085FE5B
S2140086184FF47F42A0674FF481716078267329F083
S214008628B9FEE389A4F8805004F1B4050BB9238A8F
S2140086389BB3B4F87E30A4F8883029F06EFE012E7D
S214008648C4F88400B4F87E20B4F880003CD1821ABE
S214008658022EE38903D1218A002918BF0B4603EBB3
S214008668830303EB8303990042F2107389B25143E4
S214008678B1FBF3F108B1984201D101F6B8312846AA
S21400868829F042FE2046BDE8F84029F06FBFFEF705
S214008698C5FC3846FEF79EFCB8E742F21072012E7B
S2140086A808BF1346A4F87E3014BF002364236078FE
S2140086B84FF48171A375082229F06CFE2846BDE8A0
S2140086C8F840024929F020BE121AC1E7E0930400D8
S2140086D8094A437B0C211370C3895380038A93800D
S2140086E8438AD380838A1381B0F87E30538100781A
S2140086F81130C0B2FFF79CBB0657002038B50446B9
S21400870800780D4D11302A460C21C0B2FFF780FBC9
S21400871880B92B78204663736B88E381AB88238205
S214008728EB8863822B89A3826B89A4F87E3029F0B4
S2140087389BFEA07538BD00BF06570020024B53F8B5
S214008748200029F0C4BF00BF7834002010B50446C6
S214008758052923D8DFE801F003080C22221020465A
S21400876829F0AAFF002010BD204629F0A9FFF9E746
S214008778204629F0A8FFF5E7E18911B9218A0029E2
S214008788F0D082B17BB1117864290ED8204629F042
S21400879888FE0146204629F080FFE3E7044814F0E7
S2140087A827F90120DFE70320DDE70220DBE700BF2B
S2140087B8B9D1030010B4054C114654F820001A46E7
S2140087C8BDF804305DF8044BFFF7C0BF78340020CE
S2140087D800234FF0967210B5C0E9032332220446F0
S2140087E882750F4A8382C267C0F88430A0F8883042
S2140087F88367A0F880308C30FFF760FB094B04F1E4
S214008808B400C4E92334FFF759FB074B04F1DC0036
S214008818C4E92D34FFF752FB044BC4E9373410BDC6
S214008828FFFF8813B1260300BD250300A525030016
S21400883838B504460B78294A43700D4642F823009B
S214008848FFF7C6FF2046FFF759FF4FF44013A36112
S2140088580123237784F8283084F8343084F84030AD
S21400886804F10D0363641E4B1E4AA36402232262AE
S2140088781D4A84F84C30626204F11602E2621B4A12
S21400888884F85830226304F10C02A263184A84F86C
S2140088986430E26304F10E022265164A84F87030EA
S2140088A8626504F11002E265134A04F114032266B5
S2140088B804F11202A266114A6367E266EA79A868BA
S2140088C802EB420300EB830118344C600C4C40F872
S2140088D823400C4B8B60531CEB7138BD783400205A
S2140088E802FF21011D5C00200800200000FF300068
S2140088F801FF100103FF210104FF210105FF2101EB
S21400890802010108BD87000010B44FF48274427B50
S2140089180C48013A012904FB020006D0022908D0B7
S21400892859B95DF8044B29F0C7BE5DF8044B29F029
S214008938C7BE5DF8044B29F0C6BE03485DF8044B75
S21400894814F056B898180020D5D10300B0F85C305B
S2140089582DE9F0418B4204460E4639D0437B077C0E
S21400896893B31C4A12789A422ED34FF482751A4A49
S214008978013B05FB032390F80F801B7B424629F03A
S214008988BFFEB845054601D1FF281FD13A463146F5
S214008998204694F8903029F0B3FE2F460546552217
S2140089A812216078A4F85C6029F0F4FCFF2F03D04D
S2140089B839462046FFF7A8FFFF2D09D0294620464E
S2140089C8BDE8F04129F0DCBEFF25DFE70746E6E70D
S2140089D8BDE8F081065C002098180020416882688F
S2140089E8C978D27849B112B10321FFF7AFBF837BAC
S2140089F8002B0CBF01210221F7E72AB1837B002B4D
S214008A080CBF02210121F0E7014813F0F1BF00BFB7
S214008A18E6D10300037BD3B14368DA7812B18268E3
S214008A28D278A2B91B7933B1837B002B0CBF042103
S214008A380521FFF78BBF83681B792BB1837B002B3F
S214008A480CBF05210421F4E7014813F0D1BF704795
S214008A5818D20300084A437B05211370837B5370A2
S214008A68C37B9370037CD370037B137100780E303E
S214008A78C0B2FFF7DDB900BF1E5C002038B504465B
S214008A8800780C4D0E302A460521C0B2FFF7C0F913
S214008A9820B1BDE83840084813F0AABF2B786373A6
S214008AA86B78A373AB78E373EB7823742B79237313
S214008AB838BD00BF1E5C002054D20300024B53F89A
S214008AC8200029F0A7BE00BFA0340020F8B5044651
S214008AD80B78424A43700D4642F82300404E29F070
S214008AE8B7FEFFF7CBFF6268A3683E483E49D664E8
S214008AF81165D4655065C3E91410DE64DC654FF073
S214008B08987302266361012304F10C01E161374979
S214008B181032216204F10D01A16235492376E16223
S214008B2804F10E016163334984F82430A16304F12B
S214008B380F012164304984F83030616404F1100173
S214008B48E1642E4984F83C3084F84830216584F87E
S214008B585460A265E879A96800EB400201EB820739
S214008B6804F1140CC7F804C04FF4817C244F41F874
S214008B782270C218D2B202EB420241F822C001EBC0
S214008B88820700227A601F4A84F8703022661E4ADE
S214008B9884F88830A2661D4A1D4BE2661D4AC4F852
S214008BA88C3062671C4A8319A26704F15C02C4F819
S214008BB88020DBB2194A03EB4303C4F8842084F808
S214008BC8646084F87C6001EB830260345460144A65
S214008BD8033041F82320E871F8BD00BFA034002018
S214008BE8E5890000DF2703001D8A00000100200138
S214008BF802001001030030010400300105002101C5
S214008C0801FC01064A002100C06C04005100100057
S214008C18C26C0400C36C0400550021006F001800E5
S214008C281200010470B50D460646144613460A4659
S214008C3801461A4813F0DCFE25B92046BDE8704008
S214008C48FFF718BB072D05D121463046BDE8704012
S214008C5800F0C4BC4FF601439D4205D1214630467C
S214008C68BDE87040FFF72ABF062D05D121463046DD
S214008C78BDE8704000F066BAB5F5817F05D121469B
S214008C883046BDE87040FFF759BD202D04D1204678
S214008C98BDE8704000F0ECB870BD00BF83D203009A
S214008CA80148FFF72BBA00BF2D8C00004FF4C01305
S214008CB830B5036001230371074B8C688360CA795B
S214008CC802EB420304EB83056860044844F823007B
S214008CD8531CCB7130BD00BFC46C040004000101F6
S214008CE80368064A0C21136043685360038913819E
S214008CF8438922205381FFF79BB800BFC834002061
S214008D0810B50368044686B0FBB1114813F070FE30
S214008D18A37B104A8DF804304FF48273ADF8063002
S214008D280123CDE90223002301A804938DF814300B
S214008D38FFF744FA2046618929F09AFD2046FA2171
S214008D4850F8143B594329F0DFFA06B010BD00BFAF
S214008D58B6D203002000000110B5064C236843B1C4
S214008D68054813F045FE2068BDE81040418929F003
S214008D787FBD10BDD4340020D7D2030070B5364965
S214008D8810460C68BDF81020002C5ED003285CD86E
S214008D98DFE800F0021E2745002B5AD0022A58D9D1
S214008DA81D78B3F80160291E18BF012132462B48EA
S214008DB813F01EFE2DB13146204629F059FD00203D
S214008DC870BDE573FA206368584329F024FBF6E77C
S214008DD8234813F00DFEE37B002B38D00023E37303
S214008DE8F0E7002B35D0032A33D91D681D482946DD
S214008DF813F0FEFD1C4B2A1F9A4201D90220DFE71A
S214008E0823680BB19D42F9D823899D42F6D3E37BAC
S214008E186560B3B9FA20684329F0FDFA11E0002B23
S214008E28CED0012ACCD91D881048294613F0E0FD7B
S214008E38002DE3D063689D42E0D8E37B2581002BB4
S214008E48E8D12046FFF74CFFB9E70120B8E7042031
S214008E58B6E70320B4E700BFD4340020FAD20300F4
S214008E6831D3030050D30300FCFF6D007BD303000F
S214008E7838B5154B1C6834B3F0B92168134813F09D
S214008E88B7FD23683BB16268934204D2104813F0DA
S214008E98AFFD6368236004F11405284629F039FA03
S214008EA8236823B1FA212846594329F02DFA20468B
S214008EB8BDE83840FFF714BF032804D16189054888
S214008EC813F096FDF3E738BDD4340020A6D303008C
S214008ED8D4D3030009D4030070B53E4B0D460446B0
S214008EE809781860002A6FD101231A46A173002159
S214008EF8E1730121A1814FF46151C4E900132823CD
S214008F08354E22810C21324622206381FEF780FFEF
S214008F1860B9D6E900230AB19A4207D33189994243
S214008F289FBFC4E900237389218163812B4B2C4A98
S214008F38E363042384F8403084F84C30E318236550
S214008F48284BA2646365022304F10802E265264AF8
S214008F5884F85830226604F10A02A266234A84F886
S214008F68643084F8703004F10C03E2666367646466
S214008F78EA79A86802EB420300EB830104F13C0699
S214008F884E601B4E40F82360FA261A4B1A488B6030
S214008F98531CEB71FFF7B8F8208904F114057043E9
S214008FA829F039FA6189204629F062FC134B2846D5
S214008FB8C4E90534FEF782FF216849B128467143A3
S214008FC8BDE8704029F0A0B94FF4F07302228DE78F
S214008FD870BD00BFD4340020C83400200000230130
S214008FE8010023000200210003002101FDFF2100EB
S214008FF820000105858D0000618D0000098D0000A8
S214009008134B10B51C680CB3E37BEBB129F085F95C
S2140090182369C01A002809DB0E4813F0E9FC002370
S214009028FA20E3736368584329F0F5F9E37B5BB1EC
S2140090382489FA235C4329F0F9F9A04206D0204691
S214009048BDE8104029F0E7B96468F2E710BD00BF34
S214009058D434002036D4030038B50024044D55F81F
S214009068040B08B129F017FC01340A2CF7D138BDD7
S214009078D8340020042908B50AD172B16BB1137828
S2140090881BB929F033FC002008BD29F025FCFAE7B7
S214009098034813F0ADFC0120F6E70320F4E700BF11
S2140090A870D4030010B4054C114654F820001A4634
S2140090B8BDF804305DF8044BFFF7DCBFD834002059
S2140090C80229024608B50ED004D839B9104629F048
S2140090D80DFC06E04029F9D0412907D1104629F0B1
S2140090E8FBFB002008BD29F00BFCFAE7024813F04A
S2140090F87FFC0120F6E700BF90D4030010B4054CAF
S214009108114654F820001A46BDF804305DF8044BA2
S214009118FFF7D6BFD8340020426B094B52791A7035
S21400912882785A70C2789A70826B12B190F83C2096
S214009138DA70007804210930014AC0B2FEF778BE1A
S214009148235C0020024B53F8200029F0F5BB00BF33
S214009158D834002038B504460078084D09302A4629
S2140091680421C0B2FEF754FE30B96B78A370AB7812
S214009178E370EB7884F83C3038BD00BF235C0020F1
S21400918838B504460078114D09302A460421C0B285
S214009198FEF73EFEC8B9A3782A78022B0CD004D86E
S2140091A863B9204629F0A2FB01E0FF2B0AD020462F
S2140091B8BDE8384029F06FBB002AF2D1204629F0D6
S2140091C88BFBF4E7002AF9D1EBE738BD235C0020D7
S2140091D8F8B504460B78284A0D4642F82300437033
S2140091E8FFF7B8FF636B254A5C631A632046FFF7F0
S2140091F8C7FF204629F04FFB4FF480136360012316
S214009208626BA66B0532E2601D4A23722261A21CBD
S2140092182375A26166B11B4A84F82030E261E21C1D
S2140092286262194A84F82C3004F13C03A262236374
S2140092380627EA79A96802EB4203002E21F8237074
S21400924801EB83000CBF02230423C3700123837041
S2140092580E4B04348360531C4460DBB20C4C03EBA7
S214009268430341F8234001EB830000234360094B86
S21400927802328360EA71F8BDD83400201D29030045
S2140092880340300101FF300102FF10010591000084
S21400929808000100AD90000028B1034B1B788342FC
S2140092A834BF002001207047085C002070B50025F8
S2140092B80A4C0B4E3378AB4200DC70BDD4F8A420C1
S2140092C842B123791BB16079FFF7E6FF10B9104663
S2140092D828F006FF0135A834ECE700BF601E002022
S2140092E8095C002008B5427901461046FFF7D4FF0E
S2140092F8A8B1CB780A48013A042B00EB82100ED8A6
S214009308012B08D81BB9BDE8084029F0E5BABDE826
S214009318084029F0EBBABDE8084029F0F1BA08BDC4
S214009328601D002008B5427901461046FFF7B4FFD5
S214009338A8B1CB780A48013A042B00EB82100ED865
S214009348012B08D81BB9BDE8084029F0CFBABDE8FC
S214009358084029F0C1BABDE8084029F0D1BA08BDCE
S214009368601D002010B586B00446FEF7EFFE012803
S21400937830D1E278042A2DD8DFE802F0133234031D
S214009388030061790846FFF787FF58B31648032A93
S21400939800EB811050F80C3C58791DD1003818BFE6
S2140093A8012063784FF480728DF804304FF482738E
S2140093B8ADF806300623ADF8083001238DF80B30DB
S2140093C800238DF80A0001A8CDE903238DF8143090
S2140093D8FEF7F4FE06B010BDB0FA80F04009E0E7EC
S2140093E80020DEE70220DCE7601D002010B586B00E
S2140093F80446FEF7ABFE012830D1E278042A2DD8C1
S214009408DFE802F013133203030061790846FFF71A
S21400941843FF48B31548032A00EB811050F80C3C6C
S2140094285B791DD11A1E18BF012263788DF80A20B1
S2140094388DF804304FF48273ADF806300623ADF885
S214009448083001234FF480728DF80B30002301A8F2
S214009458CDE903238DF81430FEF7B0FE06B010BD34
S214009468B3FA83F25209E0E70222DEE7601D002025
S21400947810B586B00446FEF769FE012812D1637857
S214009488094A8DF804304FF48273ADF806304FF46D
S2140094988073CDE90223002301A804938DF81430C5
S2140094A8FEF78CFE06B010BD0800070110B586B0A2
S2140094B80446FEF74BFE012820D16278104B8DF843
S2140094C804204FF4827294F8A01094F8A100597002
S2140094D81870ADF8062004934FF4807202230949E9
S2140094E801A88DF81430CDE90212FEF767FE94F84D
S2140094F8A130013B18BF012384F8A13006B010BD87
S214009508275C00200800050110B58378044603B3DD
S2140095180379022B0AD142791046FFF7BDFE28B11F
S2140095280C48013A00EB821029F0EAF9A379022BDD
S21400953802D12046FFF716FF2046FFF7B7FF0223A3
S2140095486078A4F86C305522BDE81040122128F047
S21400955821BF10BD601D00204388094A08211380DA
S2140095688388538083681B8A938090F8A030937111
S2140095788379D37100780430C0B2FEF759BC00BFB7
S2140095881257002038B50D4604460178114813F0E6
S2140095982FFA4FF602739D420ED10F4B1B782BB94C
S2140095A863712046BDE83840FFF7D6BF62790AB136
S2140095B89342F6D20123F3E7B5F57F4FF1D1204663
S2140095C829F037FAA378022B0CBF01220022A368E1
S2140095D89A70E6E7ACD40300085C0020024B53F808
S2140095E82000FFF7CFBF00BF0035002038B504467F
S2140095F80078144D04302A460821C0B2FEF708FC4D
S21400960820B1BDE83840104813F0F2B92B886380C3
S2140096186B88E978A380AA88A3681A82AB7984F84D
S214009628A030EB79A371094B1B780BB9637138BD71
S21400963809B19942FBD9064813F0DAF923780133C1
S214009648F4E700BF12570020C6D40300085C0020C9
S214009658EFD40300F8B504460B78474A0D4642F89F
S21400966823004370FFF7C2FFA268444BD465D36457
S214009678434B02265365434BA11C13654FF4401316
S214009688E36001236161E1623F491032216322658C
S214009698211D3E4AA1633E483E49626504F1A00288
S2140096A8A061E163E265E01C611D3B4A20626164DB
S2140096B83A483B492266A21D2374237784F828304B
S2140096C884F8343084F84030A16484F84C6084F818
S2140096D8583084F864306062A266E879AA6800EBBD
S2140096E8400102EB810704F10C0CC7F804C04FF0E8
S2140096F8060C2C4F42F82170C118C9B201EB410183
S21400970842F821C002EB810700217960264F84F8D1
S21400971880302767254F84F89830A767244F254B55
S214009728E767254F84F8746084F88C60C4F89C302A
S21400973804F16C06831CC4F88470C4F890601F4F4C
S2140097481F4EDBB203EB4303C4F89460C4F888707A
S21400975802EB83067034746008261A4C42F82340DD
S214009768C31CDBB203EB430302EB8304043042F86A
S21400977823606160E871F8BD003500209129030078
S214009788DB2903001195000001FF300104FF2001CA
S2140097981000300102FF200105FF300100FF3001F4
S2140097A803FF2101070001084A002100C66C0400D7
S2140097B851001000C86C0400C96C04005500210054
S2140097C86F0018001200010400239B6AB3F5C04F0F
S2140097D803D21968064A914203D0002303708360B7
S2140097E87047012202709A689B694260F7E700BFDB
S2140097F807B0CD5E024B034A1A602AF06ABB00BF68
S2140098080000002002020FF073B5534B04461A7886
S2140098181AB102221A7002B070BDCDE900220028E3
S214009828F9D001261E7033F009F84C4D4C4B1860E1
S21400983817F0E0FA2B785BB902F062FA40B94948AB
S2140098480823494A4949006801F0A8FE00B92E7065
S214009858474B5A6E62619B6E464AA3614FF40043BB
S214009868936603F188435968E16143499960196E24
S2140098782160596E6160D3F87011A160196CE160BF
S214009888596C21613D49086C1864496C596401217A
S21400989851664FF4005191661A6E560436D538490B
S2140098A8CA68D407FCD45B6E5A0434D5354AD36BE1
S2140098B813F0430FFBD1344B1A68531C31D04FF4C6
S2140098C800139340314A13660423304C68462366D7
S2140098D84FF480632366102323664FF400532366F1
S2140098E84FF0804323664FF4804301A9636629F04E
S2140098F8B8F8009B2366019B63662B78002B8AD0FA
S214009908194B1A6822665B68636684E72049CA684A
S214009918D007FCD4C7E71F4AD36B13F0430FFBD11D
S214009928C9E71D4B1B78002BCED14FF48072114B24
S2140099385A661A4A52681AB94FF40011134A116641
S2140099484FF400725A66164B5B68002BBCD14FF476
S21400995880020E4B1A66B7E72A5C00202B5C0020B4
S21400996848350020846600204C3500200071080029
S214009978008000500090005055CEAC0000C0005447
S214009988000004400000024C50660020009000448E
S214009998000004500000025C295C002000C005504E
S2140099A80000065070B52C4D04462E78012E02D0C5
S2140099B801232B7070BD0028FCD029F077F8013001
S2140099C80BD029F073F840F20113984205D0234BC8
S2140099D8234A5E66D368DE07FCD4224B22491B6EF8
S2140099E813F0040F4FF4005314BF1C4A1F4A936623
S2140099F8CA6B12F04302FBD121681A4B19666168DC
S214009A085966A168C3F87011E16819642169596438
S214009A18E169C80748BF9A60154B1A6801320DD12C
S214009A28144A127852B914494968C90748BF1A60D7
S214009A38124A5268D20744BF01221A606269104B64
S214009A485A66A2699A6617F0DDF90E4B186832F066
S214009A58F0FE0023ADE700BF2A5C0020009000401F
S214009A6800000440008000440000024C00900050B3
S214009A7850660020295C002000C0055000000650F3
S214009A88008000504835002070B50024A36AB3F55E
S214009A98C04F23D21A68134B9A421FD1124E3378FE
S214009AA813F0FD0518D14FF480341048FFF7ACFECC
S214009AB8032004F0B9FC0E4B0320DC6004F098FC8D
S214009AC80C4B1C61AB6ADB69984704460748FFF7EE
S214009AD869FF0CB901233370204670BD4FF48174BA
S214009AE8FAE700BF07B0CD5E295C002028350020C5
S214009AF800A000440090004413B5204B1B7803B91F
S214009B08FEE700231E4CCDE900336A4608231D49AC
S214009B18206801F043FDF8B91B4AD2F84031D2F864
S214009B2840211F2B4FF0010311D9203A9340019A88
S214009B381A43019208236A461249206801F0B6FEC5
S214009B48124B134A1A602AF0C4F902B010BD9340AB
S214009B58009A1A430092EDE72D28F1D10A4AD2F866
S214009B684031D2F840211F2B4FF0010385BF203A21
S214009B7893409340019398BF0093DBE72A5C00204C
S214009B888466002000710800008000440000002061
S214009B980B020FF038B50025AB6A0446B3F5C04F84
S214009BA810D21B6BB3F5C04F0CD20748FFF72CFE3C
S214009BB8AB6A20461B6B5B689847BDE8384002488E
S214009BC8FFF7F0BE38BD00BF5435002013B500249B
S214009BD8A36A0190B3F5C04F13D21B6BB3F5C04F01
S214009BE80FD20948FFF710FEA36A01211B6B01A8D4
S214009BF89B69984704460448FFF7D4FE204602B0FF
S214009C0810BD4FF48174F9E75435002070B500266E
S214009C18B36A0446B3F5C04F0D4612D21B6BB3F5B4
S214009C28C04F0ED20848FFF7EFFDB36A20461B6BFD
S214009C3829469B69984704460348FFF7B3FE204623
S214009C4870BD4FF48174FAE75435002070B50026CD
S214009C58B36A0446B3F5C04F0D4612D21B6BB3F574
S214009C68C04F0ED20848FFF7CFFDB36A20461B6BDD
S214009C782946DB69984704460348FFF793FE2046C3
S214009C8870BD4FF48174FAE754350020F8B5002704
S214009C98BB6A0446B3F5C04F0D46164611D21B6B79
S214009CA87BB10948FFF7B0FDBB6A20461B6B3246FE
S214009CB829465B6A984704460348FFF773FE204622
S214009CC8F8BD4FF40174FAE75435002070B5002645
S214009CD8B36A0446B3F5C04F0D4612D21B6BB3F5F4
S214009CE8C04F0ED20848FFF78FFDB36A20461B6B9D
S214009CF829469B6A984704460348FFF753FE2046C2
S214009D0870BD4FF40174FAE754350020F0B500270B
S214009D18BB6A0446B3F5C04F0D461646ADF5177D2B
S214009D2820D21B6BB3F5C04F1CD21048FFF76CFD52
S214009D38BB6A20461B6B40F251225B6A01A9984712
S214009D48044630B10948FFF72DFE20460DF5177D6D
S214009D58F0BD836A32461B6B2946DB6A01A8984722
S214009D680446EFE74FF40174EFE700BF54350020D0
S214009D7810B50024A36AB3F5C04F10D21B6BB3F519
S214009D88C04F0CD20748FFF73FFDA36A1B6B1B6B3F
S214009D98984704460348FFF705FE204610BD0124F1
S214009DA8FBE700BF54350020F0B58FB0044601A885
S214009DB80E461546FFF7EEFE9DF80C30012B12D125
S214009DC8B5F5002F27D8B4F5002F24D86319B3F5B6
S214009DD8002F20D821462A46304614F0B7F800242B
S214009DE820460FB0F0BD0027BB6AB3F5C04F15D2AA
S214009DF81B6BB3F5C04F11D20A48FFF705FDBB6AC7
S214009E082A461B6B314620465B6B98470446054836
S214009E18FFF7C8FDE4E740F20244E1E740F2011428
S214009E28DEE700BF54350020F0B58FB0044601A821
S214009E380E461546FFF7AEFE9DF80C30012B1FD1D7
S214009E48B5F5002F06D8B4F5002F03D86319B3F577
S214009E58002F13D940F2024420460FB0F0BDE25856
S214009E68013225D104339D42F9D82A463146204688
S214009E7800F082F80028EDD00024EDE70023F2E792
S214009E880027BB6AB3F5C04F15D21B6BB3F5C04F9E
S214009E9811D20A48FFF7B8FCBB6A2A461B6B314644
S214009EA820469B6B984704460448FFF77BFDD3E79C
S214009EB840F20344D0E740F20114CDE754350020C1
S214009EC870B58EB0044601A80D46FFF763FE9DF8F0
S214009ED80C30012B22D144EA0503C3F30C03002BF4
S214009EE833D1B5F5002F04D940F2024420460EB00F
S214009EF870BDB4F5002FF7D82544B5F5002FF3D874
S214009F08204604F5005400F029F8AC4202D0002898
S214009F18F6D1E9E70028E7D00024E7E70026B36A89
S214009F28B3F5C04F14D21B6BB3F5C04F10D20A4816
S214009F38FFF76AFCB36A29461B6B2046DB6B98471B
S214009F4804460548FFF72EFDD0E740F20444CDE767
S214009F5840F20114CAE700BF543500204FF400321F
S214009F6808B5044B9A6632F003FFB0FA80F0400951
S214009F7808BD00BF00900050134610B562B10343F9
S214009F889B070BD14FF40034054B9C6632F0F4FE69
S214009F98B0FA80F0400910BD0120FCE70020FAE77F
S214009FA800900050BFF34F8F0549064BCA6802F46D
S214009FB8E0621343CB60BFF34F8F00BFFDE700BFDF
S214009FC800ED00E00400FA0570B5D0B1C9B10E4E38
S214009FD8431E013913F8014F2046325D02F0030292
S214009FE8012A11F8012F08BF04F12000B55C05F01E
S214009FF80305012D08BF2032801A01D1002CE9D1B3
S21400A00870BD0120FCE700BF5D9404000348044AC5
S21400A0180449121A921028F0AEBD00BF4061000035
S21400A028186300004863002008B5154B83F30A88B8
S21400A03800F030F8FFF7EAFF124B13498B4212D3B1
S21400A0480020124B12498B4218D3FCF76BFE186897
S21400A05850F82240586840F82240013298688242F8
S21400A068F5D30C33EAE70022F8E71C6844F8220028
S21400A07801325C68A242F8D30833E4E70022F8E726
S21400A0880800002088D0040094D0040094D004006F
S21400A09894D004004FF40041134B144A70B59A60EC
S21400A0A8D3F88820124D42F47002C3F88820114A6B
S21400A0B805F5005491664FF0FF3222664FF6DF72C0
S21400A0C862660222C3F8D020BFF34F8FBFF36F8FAC
S21400A0D84FF44036032004F0A7F90320E66004F0A6
S21400A0E887F92E6170BD00BF00ED00E0006000003B
S21400A0F80080004400900050054B1860054B1B6F0D
S21400A10803F00703032B01D130F0E4BC704700BF0F
S21400A11860660020008000502DE9F04104464FF0AC
S21400A12801080C250D4E0CB9BDE8F08194FAA4F090
S21400A138B0FA80F00F2808FA00F2C8BF103824EAF0
S21400A1480204CABF05FB006205FB0062B43257680A
S21400A158002FE8D09168C0B2B847E4E7743500200D
S21400A16808B50C4832F08BFB192004F04FF928B1DB
S21400A178192004F059F9192004F03AF91A2004F0C5
S21400A18845F928B11A2004F04FF91A2004F030F9DE
S21400A198002008BDCC6E04002DE9F0410E46174697
S21400A1A8054618B30F2923D80378DBB1013BDBB289
S21400A1B8022B19D8104AD35C6A78D340DB0717D528
S21400A1C80E4BD3F81043ACB932F038FB80463A460B
S21400A1D82846314603F064F8404632F02AFB20460B
S21400A1E8BDE8F0817F23E7E70023E5E72224F6E7CA
S21400A1F82124F4E70224F2E71C6D040000C0035093
S21400A20810B5044610B30378E3B1013BDBB2022B6A
S21400A2181AD8104AD35C6278D340DB0718D532F0D8
S21400A2280DFB0122617823788A4030214B4341F2A6
S21400A238100103F1A04303F570335A5032F0F9FACF
S21400A248002010BD7F23E6E70023E4E72220F8E796
S21400A2582120F6E71C6D040010B5044610B30378F9
S21400A268E3B1013BDBB2022B1AD8104AD35C627802
S21400A278D340DB0718D532F0E1FA0122617823785B
S21400A2888A4030214B4342F2100103F1A04303F504
S21400A29870335A5032F0CDFA002010BD7F23E6E71F
S21400A2A80023E4E72220F8E72120F6E71C6D0400E7
S21400A2B838B50D46044618B311B30378E3B1013B2D
S21400A2C8DBB2022B1AD8104AD35C6278D340DB077D
S21400A2D818D532F0B3FA30222378534303F1A0435B
S21400A2E803F570335B696278D34003F001032B7083
S21400A2F832F09FFA002038BD7F23E6E70023E4E724
S21400A3082220F8E72120F6E71C6D04002DE9F0412D
S21400A3180D4616469846044600284FD000294DD0CC
S21400A3280178002940D04B1EDBB2022B3ED8254AC6
S21400A338D25C6378DA40D20701D4FF2940D1022ED6
S21400A34801D9042E3CD132F079FA23780746FF2B40
S21400A35805D032462046296802F0E8FF28602B68B8
S21400A368013309D12378FF2B06D1174B6078D3F831
S21400A378241429F0D1F9286029684B1C18D00C231E
S21400A388124A03FB0122069BC2F8048093602378D6
S21400A398FF2B04D001230E4A8B40C2F824343846DB
S21400A3A832F047FA002007E07F22C2E70022C0E723
S21400A3B8384632F03EFA2D20BDE8F0812220FBE731
S21400A3C82120F9E71C6D040000C0035074350020F6
S21400A3D800D0035008B502F059FF054B00F0553081
S21400A3E820F05020C3F82004BDE80840FFF794BECC
S21400A3F800E0035008B502F049FF054B00F0AA300C
S21400A40820F0A020C3F82004BDE80840FFF784BE6B
S21400A41800E003502DE9F04F144605460E469B46CD
S21400A428C36B87B001225B6902A960689847EB6B2B
S21400A43801225B6903A93046984702A828F09AFFCC
S21400A448074648B10023A37563754FF0FF33A36032
S21400A458002007B0BDE8F08F03A828F098FF012376
S21400A468A375237E04EBC303DE611F846368B342CF
S21400A4780ED1206003A828F0ACFF4FF0FF332075FC
S21400A488A360237D043B022B26D80023A375DFE7B1
S21400A49823681A1A53425341A37503A828F099FF54
S21400A4A8237D834218BFA77503A828F074FF0746C4
S21400A4B802A828F070FF874218BF002303A818BF19
S21400A4C8A37528F070FF074602A828F06CFF87429D
S21400A4D81CBF0023A375D4E703A828F05CFF80B14F
S21400A4E8EB6B022230465B6904A9984704A828F05B
S21400A4F861FF0346207D032839D8DFE800F03838A6
S21400A508040903A8F3E7CC22237E04EBC3031A84CA
S21400A51801F06EFC109B187003A8277E28F02FFF0A
S21400A52804EBC70787F82200237E03A804EBC303BF
S21400A538B3F8209093F8227028F02DFF804603A8E1
S21400A54828F031FF8246B8F1000F15D0EB6B0222D7
S21400A55830465B6904A9984704A828F0F0FE6075A1
S21400A568637D6BB90023A3754FF0000838E0227EA0
S21400A57804EBC2021384CBE703A828F0CBFEEEE771
S21400A58894F81680B8F1000FEED0B9F1000F09D193
S21400A598DFB10123E375637E002B4FD1012F42D133
S21400A5A8677614E06B6C06EB0A015A4286EA0100ED
S21400A5B810421CBF0022A2755A1E0A409B1A9945D3
S21400A5C8D0D8A37D002BE3D1CEE7E37D43B94FF087
S21400A5D800084B4652463146284628F016FCA0602E
S21400A5E8A27D12B123694B4423611A49237E097858
S21400A5F899422AD901332376BBF1000F27D032B30C
S21400A608E37D23B3B8F1000F21D1032F1FD0A16833
S21400A6184B1C1CD0109B2246009328460123FFF7AC
S21400A628F9FEA07513E095F8343063B9EB6A013388
S21400A638CFD1032FCDD10123A376C8E7012FCFD0E2
S21400A648032FC4D1F7E79846C3E70023A375A07D78
S21400A658FFE600BF406D04002DE9F04F0E46984611
S21400A66800238BB004464FF0FF31104617468DF88E
S21400A678133001F0A7FBB6F5801F20D2314605AA95
S21400A68804F1080028F0C8FD451C014603D1237CC8
S21400A698BBB92D2010E0384601F094FB012239465C
S21400A6A820460DF1130328F002FC0028EFD09DF891
S21400A6B8133088F8003000200BB0BDE8F08FB01CCF
S21400A6C8E5D1E56A691C36D12046616A28F0E3FAC6
S21400A6D80546B31C18BF0123DFF8CC900193636AC4
S21400A6E8626C0293236805A902FB053AE36B052210
S21400A6F85B695046984705A828F0D7FE28F0FAFE6A
S21400A708504628F002FF4FF0000B824601464B1CCD
S21400A71805D0636C81EA0A025B42134211D02946CF
S21400A728204628F0B8FA029BAB422CD0BBF1000FAB
S21400A7382CD10546D3E72368ED1A636CB5FBF3F511
S21400A748C7E7484601F03EFB0DF11303494620468D
S21400A758019A28F0ACFB034690B1B21C03D0D9F896
S21400A7680020B2420CD19DF8132003930D4B88F8B5
S21400A778002049461A68384613F0E8FB039B9B46B8
S21400A788D9F80810C3E7BBF1000F82D0B6F5801FD2
S21400A79891D2314698F800307A6804F1080001F042
S21400A7A83FFA88E73C6D0400503D00202DE9F34150
S21400A7B80446174698460E46184D816AE36A8B4249
S21400A7C801D04B1C02D102B0BDE8F081284601F04A
S21400A7D8F9FA0122294620460DF1070328F067FBFF
S21400A7E838B14346294620469DF80720B847002832
S21400A7F8E9D0A9684A1C04D16968204628F0D8FA26
S21400A8080146012EDAD16B6881EA0302636C5B426B
S21400A8181A4218BF4FF0FF31D0E700BF243D002092
S21400A8282DE9F04F4FF0FF334FF6FF720025044630
S21400A83800F10806C0E909238BB0C3620562056308
S21400A8483046884628F0B9FC204628F0F4F960BB64
S21400A8582046414628F06FFA204628F0ECF960BBFF
S21400A8685E200BB0BDE8F08F2368E26B606C57691A
S21400A87800FB0530052205A9B84705A828F015FEEF
S21400A888012807460CD12946204628F025FA012F2C
S21400A898024600D101322946204628F0EBF903E0AB
S21400A8A828F02DFE0028EED10135E3699D42DBD362
S21400A8B8204628F0C0F90028CAD000254FF0FF39F6
S21400A8C84FF6FF73CA46A846C4E90853E369984595
S21400A8D80AD3A5EB0905012D2CD84FF6FF72636A3B
S21400A8E893423CD16720BCE72368E26B606C5769EB
S21400A8F800FB0830052205A9B84705A828F0D5FDAD
S21400A908834605A828F0A8FD0746584628F0F2FD15
S21400A91868B1574538BFC4F82480B94528BFB9463A
S21400A928BD4238BF3D46BA46236A0133236208F162
S21400A9380108CBE74FF6FF7300256362E3699D4283
S21400A948CBD2676C2068E36B052207FB05005B69C2
S21400A95805A9984705A828F07FFD0135EEE7E26BC4
S21400A968676C2068694607FB030055690522A847F7
S21400A978684628F071FD626A2368606C4B4D00FBE0
S21400A988023028F0C2FD4FF0FF33A062E3622A4689
S21400A9986FF00101204605ABFFF75EFE002846D1A2
S21400A9A8AD6829462046E56228F021F9206320B9DB
S21400A9B82046E16A28F0FCF9E0622946204628F09D
S21400A9C8F7F90546A36A9D4233D1204628F0E2F8F7
S21400A9D800278046B946E36999453CD3B84559D916
S21400A9E82046616A28F057F90026054604F1400A11
S21400A9F8B74212D8626C2368694602FB0539E36BD6
S21400AA0805225B6948469847684628F025FD534660
S21400AA1802464946E06B28F07AFD2946204628F08B
S21400AA283AF90136B0450546E2D1642019E7A56A29
S21400AA38B7E72946204628F0DAF8236B2946034468
S21400AA4807462363204628F0B3F90546002FB9D1F8
S21400AA58C4E90B07B6E7636C2568052203FB0955AE
S21400AA68E36B05A95B692846984705A828F01DFDED
S21400AA7828F040FD58B1284628F047FD01462046F4
S21400AA8828F0B5F8636C143B984208BF013709F103
S21400AA980109A0E7304628F090FB00232046194617
S21400AAA8034AFFF783FE0020DBE600BF7C3D00205C
S21400AAB8A52E03002DE9F041036B9046826B0768CC
S21400AAC89A4288BF8363426C436A90B002FB03775E
S21400AAD8C36B0E46052201A95B69044638469847AB
S21400AAE801A828F0E2FC01280146307057D0656CB2
S21400AAF8E26B2368606AD2F814C005FB00300522B2
S21400AB0806A9E04706A828F0D0FC01284FF0000563
S21400AB1823D0D4E90A3201219342CDE90B458DF8BA
S21400AB2834800E958DF83C102AD11946204628F018
S21400AB383FF9236B626C14339B1AE06223630C9B09
S21400AB4853B99DF83C303BB1626A616C2368E06B90
S21400AB5801FB023128F061FC0C9DE36B05225B6962
S21400AB6801A93846984701A828F09FFC3070284667
S21400AB78236BA26B9A4288BFA36310B0BDE8F0812E
S21400AB88237C33B91C490BAA04F1080001F096F897
S21400AB98D5E72046194A0BABFFF708FECFE7237C1C
S21400ABA823BB2246164904F1080001F087F8616ABB
S21400ABB8204628F091F8616A421C204628F05AF888
S21400ABC8054620B9236B626C1344143B2363204666
S21400ABD8A16A28F0EDF82368A062C01A636CB0FB7F
S21400ABE8F3F06062204628F026F9B6E700232046F0
S21400ABF8044AFFF7DBFDDAE761B30000DDB20000C8
S21400AC083F2F0300DB2E030073B50D46D11E4A42C4
S21400AC181C461B7E4A419A4226D1296823689942D7
S21400AC2822D3636899421FD8114E0DF107033246A6
S21400AC38FFF712FDC0B972686B689A4214D19DF886
S21400AC480730DA1E53425341227E93420CD1636981
S21400AC5801336361D4E90323934205D22968A268C5
S21400AC6842F8231001332361012002B070BD00BFF3
S21400AC787C3D00202DE9F04F9B4689B09DF8483072
S21400AC889046514A0193136907465B450D46C0F046
S21400AC989580D94653680093B9F1000F7BD0FB6BBB
S21400ACA801225B6905A90098984705A828F06FFB5C
S21400ACB8454B1B68984240F0848005A828F073FB33
S21400ACC80428064615D105A828F074FB009B044600
S21400ACD81E44019B002B3ED1804512D91C46A8EB8A
S21400ACE800083846009928F063F8A9EB0409009094
S21400ACF8D2E7FB6B02225B69009806A9984706A86C
S21400AD08E2E7A0EB08045C4528BF5C46032C4644F3
S21400AD18ABEB040B1DD9FB6B294630465B69A208D2
S21400AD28984724F0030304F0030A1E441D44DDF884
S21400AD380480BAF1000FD4D0FB6B012206A9304676
S21400AD485B6998475246284606A913F0FFF855440B
S21400AD58C7E7A246EBE7824600F0030302932B18E8
S21400AD6803930644039BA6EB0A00A3EB0A05029B83
S21400AD789A4514D1BAF1000FB3D0FB6B012206A98D
S21400AD885B6998475246284606A913F09BFA00289E
S21400AD98DDD04FF03609484609B0BDE8F08FFB6BAA
S21400ADA8012206A95B6998470422284606A913F0DB
S21400ADB889FA0028EDD1AAF1040AD3E74FF063090F
S21400ADC8E9E74FF06F09E6E7A83D00202DE9F041D6
S21400ADD80F4616469846044688B060B390F8345036
S21400ADE8FDB1012127F01CFF00210E9BCDE90511BE
S21400ADF8CDE902379DF83C30CDF804808DF81C303C
S21400AE08237C04968BB90D4901AA04F1080000F0CA
S21400AE1855FFDDE90553E06B002E08BF1D4628F0F8
S21400AE2898F8284608B0BDE8F0812046044A01ABE9
S21400AE38FFF7BCFCEDE70546F3E700BF092F030064
S21400AE4811AC00007FB590F84260044601920DF1FF
S21400AE580B030A463046114928F083F8012E0546AA
S21400AE68E36B17D132465B6903A998479DF80B1028
S21400AE78039B019A59B19BB243EA02430122284632
S21400AE880393E36B03A99B69984704B070BD62F30C
S21400AE980F03F3E701229B6901A9F5E7A83D002007
S21400AEA82DE9F04F99B00E460D920A69416C0B9346
S21400AEB81439D31DB3FBF1F3013302EBC302036B62
S21400AEC804469342C0F001820023DFF804940893F6
S21400AED8E36A48461946059300F074FFD6E9033737
S21400AEE807930B9B022B4DD1CC2F40F0D7810D9B9F
S21400AEF83BB13146204628F08AF8656C149001204C
S21400AF0844E00120079B656C1B68149300F0010061
S21400AF1800280CBF04230823782F0E9349D8059AD7
S21400AF286B1E1340ED1A3B1D9D423CD2002F3DD0B0
S21400AF38082D3ED80023042506934FF0040A3368EC
S21400AF4806990B98C9F80030C9F8107028F045FA29
S21400AF584FEA9A030F93059B89F81400039300237E
S21400AF6809930C9304930A93616C039B4A1E1A4038
S21400AF788B1A27B35544AB4223D8236B5B1A13446A
S21400AF8823632FE1782F656CB9D8F07D0D9B002BD5
S21400AF98BCD0E36B01225B69706816A9984716A8AF
S21400AFA828F0F9F9B4E700250695C6E704250697BC
S21400AFB8C3E7012300254FF0080A0693BFE7534569
S21400AFC8DBD3A3EB0A029742039BB84628BF9046FA
S21400AFD89742534428D90122D9F8101089F8172027
S21400AFE88F4226D10399C9F80410049299F81720BD
S21400AFF80AB399F818100398CA1C09EBC2025060E5
S21400B00804980131A2F80880907289F81810B8F1EF
S21400B018000F07D00B9A022A40F08180099A72B175
S21400B028012209929B46ABE0049A002A18BF032225
S21400B038DBE70222D9E7039AC9F80420E7E70C9A67
S21400B0484244032AEED9E26B1846956914A90122F0
S21400B0580993A847099B05460028E1D03D2D40F0F6
S21400B0681E8104F1080303932368059A606CA2EB1B
S21400B078030ABAFBF0FA00FB0A3028F046FAE16A3F
S21400B0888046204627F094FEA26A824200F00F818E
S21400B098626CD9F80830511E0B40216B2768891A54
S21400B0A80B442363089BE062DF1BB7FBF2F7BA4545
S21400B0B840F0FA80059BB3EB080A12D0E36B4FEA20
S21400B0C89A0241469B6998478346E36A059A534421
S21400B0D8E362236B03989B1A4344236328F06DF8B6
S21400B0E8DA462368616CE06B01FB073128F082F9C9
S21400B0F8204627F0A0FD204627F09DFE2063BAF1E3
S21400B108000F00F0D4803269616CD31D1439B3FB8C
S21400B118F1F3013302EBC3029042A5D2BFE00D9AC9
S21400B128002A77D1B8F1030F4FEA98026ED9E16B7F
S21400B13818468D6907991093A847109B0546C0B90D
S21400B14818F0030515D0079A28F0030B02EB0B013D
S21400B1589B444FF0FF3215A815922A46109312F01A
S21400B168F5FEE26B5846956915A90122A8470546DB
S21400B178109B9B46079A42440792002D40F08B800E
S21400B188049B16A80193069B009399F8142043463F
S21400B198316800F0CDFDE36B0F9A9B69039816A9FA
S21400B1A89847039A051E089B18BF134608934346FC
S21400B1B852462046039927F028FE236B08F103021F
S21400B1C8A3EB0A0322F003029B1AC9F808002363BC
S21400B1D8002D7FF443AF0C9BA7EB080743440C9362
S21400B1E8CDF80CB02046039927F0E2FD0025039021
S21400B1F8002F7FF4B9AE364A3168936804F1080028
S21400B208E36252680B9B00F00BFD49E09B464546FF
S21400B21807999EE79B4606F120021092F27D706819
S21400B228A2B1002296F818C00A99D5B2AC4511D931
S21400B238109D02F1010E35F832508D4228D90E982D
S21400B24806EBC2020144D069084403E00E9A0A9944
S21400B2580A441044E26B15A9556901221193A847C0
S21400B268159A0A9B1392E26B043395695846012295
S21400B27813A90A93A847119B054603EB0802A2EBFD
S21400B2880B02042A7FF679AF28B90BF1040BC5E741
S21400B2987246491BC9E7CDF820B088E770252F46C7
S21400B2A8384619B0BDE8F08F4FF0000A19E7326942
S21400B2B8616CD31D1439B3FBF1F3013302EBC302FF
S21400B2C8236B9342BFF404AEE9E71C27E8E700BF08
S21400B2D8503D0020032A2DE9F34106460D46174641
S21400B2E81C4606D1237A012B23D0012002B0BDE8E4
S21400B2F8F081DFF86080096842460DF10703FFF722
S21400B308ABF960600028EDD19DF80720237A032A60
S21400B318E8D0D8F804106A689142E3D1012B29696D
S21400B328D4F80CC007D172690CEB0103934202D91A
S21400B3382074207CDAE708316144E1603B4601224C
S21400B34829463046FFF7ACFD60600028CAD00020CA
S21400B358CCE700BF7C3D00202DE9F341089C032A7A
S21400B3681746266806D1237A012B24D0012002B07E
S21400B378BDE8F081DFF89080304642460DF10703BD
S21400B388FFF76AF960600028EDD12568D8F8040050
S21400B398A96AD5F844C04840CCF100031840227A80
S21400B3A8E1D1012A09D1E268D8F81030134472694D
S21400B3B8934202D92074207CD9E72868EB6A1B1AC6
S21400B3C8081AB3FBFCF3B0FBFCF083420BD1706C9D
S21400B3D8F36A421E1340326B121A1344284633632C
S21400B3E827F0E6FCE862D8F81020E3680832134431
S21400B3F8E36001223B4604492068FFF751FD606080
S21400B4080028B0D00020B2E77C3D00202DE9F041AE
S21400B4180025604B0E46D3F8008004461D6018B918
S21400B42821252846BDE8F08190F8347007B30A68ED
S21400B43803689A4240F0A3804A6843689A4240F0FC
S21400B4489E808A6883689A4240F09980CA68C36872
S21400B4589A4240F094800A6943699A4240F08F8085
S21400B4688A69C36B9A4240F08A804B698361D8E741
S21400B47868223946856B12F0D9FBD6E90212336882
S21400B48804F1080023607368A56363603369636129
S21400B4987369A36127F0A3FEB36904F14000E36370
S21400B4A89B68984720B9676C17B16368B3FBF7F7D2
S21400B4B894F84330E761002BB2D00023656C23660E
S21400B4C8002D64D0002F62D02368B3FBF5F205FB8D
S21400B4D81233002B55D16668B6FBF5F305FB1363EC
S21400B4E8002B4ED1204627F072FBA3690433034491
S21400B4F89E4248D340F634726369CC3B934244D8A4
S21400B508B5F5805F43D30321204627F089FBD4E9AD
S21400B5180001E36B1B6898470546E36B0220DB686F
S21400B5289847CDB941462046FFF77AF9642805467C
S21400B53804D141462046FFF773F90546666C5DB9A7
S21400B548236A2046143E5E4327F041FBA369043372
S21400B55803449E4238BF5A25002D0CBF0123002302
S21400B56884F8343007D1D4E900010B4A1368013354
S21400B578136027F0CEFEE06B27F0EBFC51E75D2565
S21400B5884FE759254DE75A254BE75F2549E75B25E1
S21400B59847E700BFE0360020DC3600202DE9FF41F3
S21400B5A80C4616461F46054680B390F834307BB3E3
S21400B5B8B1F5801F2ED2DFF86080012127F030FB1E
S21400B5C82146424628460DF10F03FFF745F8044684
S21400B5D870B99DF80F30012B11D1D8F81030BB4246
S21400B5E812D10246009031462846FFF743FB044630
S21400B5F8E86B27F0AEFC204604B0BDE8F081022BCD
S21400B60814BF2D246024F3E76324F1E72124F2E72E
S21400B6181124F0E72924EEE7A83D00202DE9F043A1
S21400B62885B00C4617461E460546DDF8308098B3AA
S21400B63890F8343093B3B1F5801F31D2DFF86490B8
S21400B648012127F0EDFA21464A4628460DF10F0358
S21400B658FFF702F8044688B99DF80F30012B14D17D
S21400B668D9F8102006EB08039A4213D300904346F5
S21400B678324639462846FFF7FDFA0446E86B27F0B7
S21400B68868FC204605B0BDE8F083022B14BF2D24C5
S21400B6986024F3E76324F1E72124F2E71124F0E7B6
S21400B6A82924EEE7A83D002073B50C461646054645
S21400B6B830B390F834302BB3B1F5801F24D2012173
S21400B6C827F0AEFA21462846104A0DF10703FEF782
S21400B6D8C3FF044680B99DF80730032B0CD0022B15
S21400B6E80CD12846094927F092FC3060E86B27F011
S21400B6F830FC204602B070BD2D24F7E76124F5E73C
S21400B7082124F6E71124F4E72924F2E7A83D0020CF
S21400B7182DE9F3411E4600230C46174605463360BE
S21400B72850B390F834304BB3B1F5801F28D2DFF809
S21400B7385480012127F074FA2146424628460DF126
S21400B7480703FEF789FF0446A0B99DF80730032BC8
S21400B75810D0022B03BF01233B600423D8F8103017
S21400B76818BF38603360E86B27F0F3FB204602B05A
S21400B778BDE8F0812D24F6E72124F7E71124F5E744
S21400B7882924F3E7A83D002073B50446056B27F087
S21400B7981EFA636E03449D422CBF00230123854294
S21400B7A894BF00252D1A207C84F85030656584F8EF
S21400B7B85800A8B100230C4E1A4619462046009693
S21400B7C827F0E9FC002305461A4619462046009647
S21400B7D827F0EAFCE3682844984294BF0020C01A81
S21400B7E8E06502B070BD00BFFFFF0F002DE9F3470C
S21400B7F81E4643690446B342884617469DF8289075
S21400B8084ED300258DF80750204627F0E0F9D4F8E7
S21400B81830A082450AD2236AB5EB430F06D200222F
S21400B82820460DF10701FFF745F9B8B39DF8073034
S21400B838012B05D1002220460DF10701FFF73AF942
S21400B848B9F1030F06D03146204627F0B0F9256B2C
S21400B858854227D3144D4FF0FF31284600F0B2FA40
S21400B8684B46294600222046C5E90376C5F80080DF
S21400B878FFF716FB236E054663B12046FFF784FFE5
S21400B88894F8503013B994F858301BB1236E04F16D
S21400B89850009847284602B0BDE8F0870135B3E760
S21400B8A86225F7E71C25F5E77C3D00202DE9FF41DA
S21400B8B80F4690461E46054698B390F8343093B324
S21400B8C8B1F5801F31D21A4C022127F0A9F9224679
S21400B8D8394628460DF10F03FEF7BEFE024678B13C
S21400B8E8012342460093394633462846FFF77EFF33
S21400B8F80446E86B27F02DFB204604B0BDE8F0812F
S21400B9089DF80F30012BEBD12169B142E8D10093A5
S21400B918414633462846FFF7ADF904460028DFD1EE
S21400B928E7E72124E8E71124E6E72924E4E700BF4F
S21400B938A83D00202DE9F04790F8423086B0012B4C
S21400B94805460391A1EB020740F0AA80FF2F03D813
S21400B9581E464FF0640807E00226012B14BF4FF07E
S21400B96832084FF06408013600244FF6FF79DFF8F6
S21400B97844A195F84230012B14BF322364239C421D
S21400B98802D35FFA88F40DE005AB224651462846F6
S21400B99827F01BFB95F84230012B059B34D14B450D
S21400B9A82DD1E4B295F84230012B14BF322264221E
S21400B9B8121BB24217D3012E39D10022012B05974C
S21400B9C88DF8132027D1082205A90DF1130027F0BA
S21400B9D8B8FD9DF81330059A42EA03222146284608
S21400B9E8FFF730FA40B10223324900932846CC23A9
S21400B9F8096803AAFFF7FAFE06B0BDE8F087DBB2CF
S21400BA0803B902340134B4E7591CCAD09BB2002BE0
S21400BA18F8D10134F6E7102205A90DF1130027F036
S21400BA2890FD9DF81330059A42EA0342D6E7039A3A
S21400BA38012B059223D10823202205A90DF1130016
S21400BA488DF8133027F07DFD9DF81320120221464D
S21400BA582846FFF7F7F995F84230611C012BC9B262
S21400BA681AD10028BFD12846BDF81420FFF7EAF9F6
S21400BA780028B8D10234BDF81620E1B2AFE710238B
S21400BA88202205A90DF113008DF8133027F059FD73
S21400BA989DF813201204DAE70028A4D1059A9EE739
S21400BAA8B7F5803F4FF00106BFF457AF4FF03208A6
S21400BAB85AE700BFA83D002070B586B00E4605467A
S21400BAC80392A0B390F834309BB3B1F5801F32D2FE
S21400BAD8022127F0A5F831462846184A0DF1170323
S21400BAE8FEF7BAFD044618B99DF81730032B0ED199
S21400BAF80223314600932846CC2303AAFFF776FE96
S21400BB080446E86B27F025FA204606B070BD022BDF
S21400BB180BD10A49284627F07AFA03990246814249
S21400BB28EFD02846FFF706FFEAE76124E9E7212475
S21400BB38EAE71124E8E72924E6E700BFA83D002045
S21400BB48F7B50C461646054668B390F8343063B326
S21400BB58B1F5801F2BD2022127F062F8214628462D
S21400BB68144A0DF10703FEF777FDC0B99DF80730B4
S21400BB78032B14D0022B14D10E49284627F047FA77
S21400BB88471C024639462846FFF7D4FE044606B147
S21400BB983760E86B27F0DDF9204603B0F0BD2D24AA
S21400BBA8F7E76124F5E72124F6E71124F4E72924CA
S21400BBB8F2E700BFA83D002030B50C46054685B024
S21400BBC828B390F8343023B3B1F5801F23D202216E
S21400BBD827F026F80DF10F03214628460F4AFEF7F0
S21400BBE83BFD034688B99DF80F20032A0DD0032293
S21400BBF82146009202462846FFF7F8FD0446E86B01
S21400BC0827F0A7F9204605B030BD2D24F7E72124F4
S21400BC18F8E71124F6E72924F4E700BFA83D00203A
S21400BC282DE9F043466886B3056898464FF0000C41
S21400BC38A946AE4655F83C400CF1010CC4F3130770
S21400BC48013401D0B94217D0B4450EF1080EF1D12F
S21400BC582F46002403E0B44207F1080712D055F82F
S21400BC68343001340133F6D1C1F3130141EA0851E7
S21400BC78C7E90012BDE8F08341EA0851CEE9001290
S21400BC88BDE8F083B8F1030F03D101230372BDE8C2
S21400BC98F083002303E0B34209F10809F5D055F80C
S21400BCA833400133C4F30754032CF4D1C1F3130310
S21400BCB843EA0853C9E90032BDE8F0832DE9F041AC
S21400BCC80646406882B0B8B10F46904600243368EE
S21400BCD853F8345003EBC403C5F30752C5F31301F6
S21400BCE8013506D05B683046CDF80080B84718B1F5
S21400BCF8706801348442EAD302B0BDE8F08100BF20
S21400BD08024B1968024B1868FFF780BB6466002070
S21400BD188466002008B530F084FD014B186008BD25
S21400BD28D43D0020014B186830F076BDD43D002085
S21400BD3873B504462248012A00EAC1119DF8185036
S21400BD4823F07C4007D9961E012E28D9073303F026
S21400BD587F03194308E09DF81C300A43DB0603F00E
S21400BD68C053134343F060410023C4E900108DF824
S21400BD780730B5B1202221460DF1070027F0E1FB78
S21400BD881A220DF10700211D27F0DBFB0820636847
S21400BD989DF8072043EA8263636002B070BD1143D2
S21400BDA8E2E71B220DF10700214627F0CAFB2368AD
S21400BDB89DF80720042043EAC2632360EDE700BF2E
S21400BDC880FFFF0738B5094B0D461A680021044660
S21400BDD811F02CFF00234FF0FF322383C4E900251F
S21400BDE82361A260E382A37638BD00BF3C6D0400E1
S21400BDF80138C0B205289ABF014B185C012070476D
S21400BE08416D04002DE9F0410746154600240E460C
S21400BE18596888B0490A012922464FEA510104F1B7
S21400BE280104F8D8DC78997824031B88C90201F441
S21400BE38006104F480540C43C3F30A0352032344FA
S21400BE4892B24FF000089C18274B6FEA04440393FD
S21400BE5825F07843ED4302A90DF107001B22029353
S21400BE688DF8078027F06DFB9DF80720029B02A936
S21400BE7843EAC2630DF107001B2225F078450493B8
S21400BE8802958DF8078027F05CFB9DF80720029B3B
S21400BE986FEA144443EAC26305934FF0FF330794EE
S21400BEA8069307A9BB69012206F110009847BB69EB
S21400BEB805A90446012206F108009847BB694045D3
S21400BEC818BF044604A90122301D984701224045A0
S21400BED818BF0446BB69304603A99847404508BFC3
S21400BEE8204608B0BDE8F08101009AB2044BD3F8AA
S21400BEF88420D206FBD4D3F88400C0F381107047A0
S21400BF080040005038B5184B0546D3F824010C46B7
S21400BF1800F00700062823D8DFE800F0040A121A03
S21400BF281E0E1600012305B1286004B1236038BD33
S21400BF382EF0B0FD0523F6E72EF0ACFD0623F2E75B
S21400BF482EF0E2FD0323EEE72EF0DEFD0423EAE7FB
S21400BF582EF0D6FD0223E6E730F076FC0723E2E76C
S21400BF6800231846DFE700BF0080005038B5104BA6
S21400BF780546D3F800310C4603F00303022B0BD01A
S21400BF88032B0DD0012B0FD12EF0BEFD032305B1D8
S21400BF98286004B1236038BD2EF0BCFD0823F6E700
S21400BFA830F052FC0723F2E701230020EFE700BF3A
S21400BFB80080005038B5104B0546D3F820310C46A3
S21400BFC803F00303022B0BD0032B0DD0012B0FD14C
S21400BFD82EF060FD052305B1286004B1236038BD46
S21400BFE82EF092FD0323F6E72EF08AFD0223F2E7F1
S21400BFF801230020EFE700BF0080005038B5104B43
S21400C0080546D3F840310C4603F00303022B0BD049
S21400C018032B0DD0012B0FD130F018FC092305B1E6
S21400C028286004B1236038BD2EF074FD0823F6E7B7
S21400C03830F00FFC0B23F2E701230020EFE700BFE8
S21400C0480080005038B5104B0546D3F860310C46D2
S21400C05803F00303022B0BD0032B0DD0012B0FD1BB
S21400C06830F0F4FB092305B1286004B1236038BD1D
S21400C0782EF050FD0823F6E730F0EBFB0B23F2E733
S21400C08801230020EFE700BF0080005073B50D467F
S21400C09800210E4B0191D3F88041064604F00304B4
S21400C0A8012C09D0022C0CD00C460EB1019B336033
S21400C0B805B12C6002B070BD01A8FFF77BFF0F2406
S21400C0C8F3E72EF01DFD0190EFE700BF008000505B
S21400C0D838B5104B0546D3F840320C4603F0030338
S21400C0E8022B0BD0032B0DD0012B0FD130F0AEFB5B
S21400C0F8092305B1286004B1236038BD2EF00AFD77
S21400C1080823F6E730F0A5FB0B23F2E700231846D2
S21400C118EFE700BF0080005038B5144B0546D3F84B
S21400C12800020C4600F0070004281BD8DFE800F0E1
S21400C13803090D111500012305B1286004B1236019
S21400C14838BD30F083FB0923F6E72EF0E3FC08231E
S21400C158F2E730F07EFB0B23EEE72EF0BBFC0E2357
S21400C168800AE9E700231846E6E700BF008000508B
S21400C17810B40D4C0B46D4F8204204F00304012CEE
S21400C1880AD0022C0CD008B1002101600BB10022A5
S21400C1981A605DF8044B70475DF8044BFFF70ABF5A
S21400C1A85DF8044BFFF72ABF00800050B0F5207FEB
S21400C1B81FD009D8B0F5007F15D003D868B1B0F500
S21400C1C8C07F0AD000200CE0B0F5607FFAD10B4B98
S21400C1D8D3F88000C0F3011003E0084B186FC0F3D3
S21400C1E8033001307047054BD3F89000C0F3046065
S21400C1F8F7E7024B186FC0F38020F2E70080005084
S21400C2084FF400320E4B014610B500209A66FFF731
S21400C218CDFF484341F671320A490B4B884294BF1A
S21400C22800200120DC69DA639A6822F4401242EAA8
S21400C23800529A60E20344BF0022DA6310BD00BFD2
S21400C24800900050005A6202000003505F2898BF12
S21400C258094B4FEA501294BF53F82230074B00F0B0
S21400C2681F0029B103F58053012282401A607047E7
S21400C27803F50053F8E700BF486D040060820050DD
S21400C2881FB50021B0F5807F0446019100F00681B5
S21400C29800F29D80612800F295801F2805D80028A6
S21400C2A840F092802EF016FCDCE0A0F12004412C31
S21400C2B800F28A8001A353F824F000BFADC2000044
S21400C2C871C40000ADC2000071C4000091C4000033
S21400C2D891C4000091C4000091C4000071C400001D
S21400C2E871C400004BC4000005C40000C7C40000A9
S21400C2F8D1C4000005C4000071C4000071C4000069
S21400C30871C40000D1C30000D1C30000D1C300002F
S21400C318D1C30000D1C30000D1C300009BC40000F5
S21400C32827C4000071C4000071C4000071C4000076
S21400C338E5C40000DBC4000071C40000D1C30000DF
S21400C348D1C30000D1C30000D1C30000D1C3000090
S21400C358D1C30000D1C30000D1C30000D1C3000080
S21400C368D1C30000D1C30000D1C30000D1C3000070
S21400C378ADC20000D1C30000ADC20000ADC20000CF
S21400C388ADC2000091C40000D1C30000D1C30000B4
S21400C398D1C30000D1C30000D1C30000D1C3000040
S21400C3A8D1C30000D1C30000D1C30000D1C3000030
S21400C3B8D1C30000D1C30000D1C30000ADC2000045
S21400C3C8ADC2000080284BD0019804B010BDB0F56F
S21400C3D8A06F5ED028D8B0F5607F50D019D8B0F5D9
S21400C3E8007F4CD004D8B0F5C07F3FF45BAFEBE7D6
S21400C3F8B0F5207F38D0B0F5407FE5D12EF06AFB47
S21400C40802464FF42070FFF7D1FEB2FBF0F2520856
S21400C41833E0B0F5806F37D0B0F5906FD4D10021F7
S21400C42801A8FFF76FFDCFE7B0F5E06F51D00DD844
S21400C438B0F5C06F43D0B0F5D06F45D0B0F5B06F4B
S21400C448C2D1002101A8FFF721FEBDE7B0F5F06FC5
S21400C45844D0B0F5086FB7D101A8FFF787FDB3E75A
S21400C4682EF01EFB0190AFE72EF034FB02464FF489
S21400C4782070FFF79BFEB2FBF0F20192A4E72EF0C5
S21400C4880FFB02462046F4E7002101A8FFF792FDBD
S21400C4989AE7002101A8FFF76BFE95E74FF0E02327
S21400C4A802911B695B0705D52EF014FB0290029BD0
S21400C4B8019389E703A902A8FFF7A0FDF7E7002183
S21400C4C801A8FFF79BFD7FE7002101A8FFF724FEE0
S21400C4D87AE7002101A8FFF7FBFD75E7002101A810
S21400C4E8FFF7B0FD70E700BF08B58020FFF7C8FE6D
S21400C4F8034B98429EBF4FF48032024B1A6708BD22
S21400C508005A620200A000501FB503460020B3F58B
S21400C518807F01906FD027D8382B00F082800BD808
S21400C528243B092B0FD8092B0DD8DFE803F05F5FF3
S21400C5385F5F0C0C5A0C3675522B57D007D83D2B1C
S21400C5483AD03E2B72D0019805B05DF804FB802BDC
S21400C558F9D1394B1B6F03F00703013B032BF2D8C5
S21400C568DFE803F03D36393BB3F5D06F54D019D821
S21400C578B3F5A06F55D00AD8B3F5806F36D0B3F5AB
S21400C588906FE0D1002001A9FFF7BCFCDBE7B3F50C
S21400C598B06F26D0B3F5C06FD5D1002001A9FFF73C
S21400C5A82DFDD0E7B3F5006FECD00AD8B3F5E06FF1
S21400C5B83CD0B3F5F06FC6D1002001A9FFF742FDC5
S21400C5C8C1E7B3F5086FBED101A9FFF7CFFCBAE7FC
S21400C5D805230193B7E70323FBE70723F9E70223BD
S21400C5E8F7E7002001A9FFF751FDACE7002001A9F5
S21400C5F8FFF7E0FCA7E74FF0E02302901B695B0714
S21400C60805D52EF067FA0C230393039BE1E703A9ED
S21400C61802A8FFF7F3FCF8E7002001A9FFF77CFD66
S21400C62891E7002001A9FFF7A3FD8CE7002001A9E8
S21400C638FFF74EFD87E700BF008000504FF400224A
S21400C648034B5A66012203F580439A62704700BF7F
S21400C6580090005070B504468020FFF755FF032869
S21400C66800F082804FF40022444B02215A6645F6B9
S21400C6780E03434AC2F88030424B9962012103F503
S21400C68880539962936DD903FCD4D4E900131B0533
S21400C69843EA0163E17B94F823500B43217B43EA8A
S21400C6A80143617B43EA0133A17B43EA81131361AB
S21400C6B89169D4E904031B0643EA806301F000414C
S21400C6C80B43A17EE07E0B43217E43EA0143617E55
S21400C6D843EA01239361E169136A002923F00D03F5
S21400C6E843EA010314BF0121002143EA800343EA19
S21400C6F8C103136294F8203094F82200916A4FEA36
S21400C708431332D194F8216021F0330143EA06132B
S21400C7180B4343F0010393621B49194B9A6D31EAA8
S21400C7280202FBD1022217498A621A659A6D5200E4
S21400C738FCD41A69A16822F4700242EA01521A610E
S21400C7484FF000420F4B9A6118B9022203F5805346
S21400C7589A6215B901220D4B9A6294F824301BB1DF
S21400C768074B0B4AC3F8802070BD21F033012943DC
S21400C7780B4343EA40039362EFE700BF0090005084
S21400C78800C0005000D000500300014000E00050F8
S21400C798F1A7FFFF014B93F9000070472D5C0020BE
S21400C7A8014B1880704700BF866B0020B0F5207FCD
S21400C7B810B50C4642D008D8B0F5007F33D003D861
S21400C7C888B1B0F5C07F0ED010BDB0F5607FFBD144
S21400C7D81F4A4C1ED2F8803023F0300343EA041375
S21400C7E8C2F88030F0E726F0CAFE26F0D6FE4FF4F0
S21400C7F88031184B164A1967136F013C23F47043AF
S21400C80843EA043313672EF065F90446FFF76EFB18
S21400C818C0F10201204626F0BAFE00F035F8BDE861
S21400C8281040FFF761BE0A4A4C1ED2F8903023F03B
S21400C838F85343EA0463C2F89030C5E7044A4C1E2E
S21400C848136F23F4806343EA84231367BCE700BFAF
S21400C858008000500090005008B50121022000F02A
S21400C868E1F84FF42070FFF7A1FC054B187026F08E
S21400C87886FE26F092FE4FF48032024B1A6708BDF9
S21400C8882C5C00200090005008B54FF4C070FFF7ED
S21400C898F7FCBDE808400449884294BF01210221FC
S21400C8A84FF42070FFF782BF80F0FA0238B50446CE
S21400C8B82EF010F90546FFF719FBC0F102012846CD
S21400C8C826F065FE0121002000F0ECF82CB1FFF7F9
S21400C8D8DBFFBDE83840FFF707BE034B4FF4207078
S21400C8E81978FFF763FFF4E72C5C002010B5224B9D
S21400C8F870B94FF40031214A1860516602F5983233
S21400C9085268012A03D11E4AD2F800211A6010BDC7
S21400C9181B68002BFBD01B4A5268012AF7D0184A1E
S21400C9288020C2F80031FFF7EFFD05281FD14FF42D
S21400C938C070FFF73BFC0128044604D102214FF4DF
S21400C948C070FFF733FF07220F4B1A610122A3F5C9
S21400C95880535A600B4A1369DB07FCD5012CD6D1E5
S21400C9682146BDE810404FF4C070FFF71FBF0122F4
S21400C978064B5A60CBE700BFD83D00200090005019
S21400C9880080005000C0015000E0015000D0015067
S21400C998044A4178536F23F4407343EA01235367EC
S21400C9A8704700BF0040005010B5044610B1002084
S21400C9B8FFF79CFF124A136943F0040313612EF035
S21400C9C8FFFB26F0EFFD0F4B5B6E5B0142BF0E4B85
S21400C9D80E4AC3F820242FF024FF30F0D1F92FF0A8
S21400C9E81BFF26F0E0FD02F0FFF81CB9BDE810407A
S21400C9F82EF070B80120BDE81040FFF777BF00BFE3
S21400CA0800ED00E00080005000E003500000FF0F3B
S21400CA18034A0179D36E23F030030B43D36670477D
S21400CA2800400050F8B504461C4BD3F88420D106C5
S21400CA38FBD4D3F88430C3F381139C422CD02EF059
S21400CA482FF8012C064602D1214626F0A0FD2FF02D
S21400CA58E8FE4FF00072124B07465A66204626F04C
S21400CA68A9FD4FF480630D4D621E93402B676B6ED5
S21400CA789A0103D4D5F884309B060AD538462FF099
S21400CA88CBFE022C08D13046BDE8F840002126F03F
S21400CA987EBDD5F88430EAE7F8BD00BF00400050F8
S21400CAA80060005010B50C4608B92DF0F9FF074B8A
S21400CAB821461B783BB1064B984204D80120BDE8B6
S21400CAC81040FFF7AFBF0220F9E700BF2E5C00203A
S21400CAD8005A62020278034B012100201A70FFF701
S21400CAE8E1BF00BF2E5C00204FF0004238B5264B51
S21400CAF826495A6601224A604AF6CD3103F50B23C9
S21400CB085D6C1964154030BB9968C9070BD40024BE
S21400CB1801221F4B5A6015B11E4B1F4A1A642BF090
S21400CB2825F8204638BD1A498A601C4AD96ACC07B7
S21400CB3805D4904201D10724EAE70130F6E790428F
S21400CB48E5D1F8E70132DC6A14F0080406D08A4218
S21400CB58F8D10724DFE700221049F4E78A42F8D024
S21400CB6820220B4B0B495A620122A3F580539A6088
S21400CB7823460A4A486A800603D49342E9D001331A
S21400CB88F8E79342C7D1E4E70090005000500950F8
S21400CB9800600950004009503254FFFF40420F0021
S21400CBA84FF0004238B5174B174C5A66012203F56A
S21400CBB80C235A604AF6CD33656C23644378934059
S21400CBC81343124AD363C3788178A2689B0043EA6A
S21400CBD8011322F074021343A3600279837943EAAF
S21400CBE8022323614279C37943EA0223636100780A
S21400CBF8FFF77AFFEB0744BF054B23642AF0B6FF1E
S21400CC08012038BD009000500040095000400050F8
S21400CC183254FFFFF8B504460D461F4616464AB17D
S21400CC2801238B403021184A01FB0022F7B141F25C
S21400CC381001535004EB4403072D4FF00F014FEA41
S21400CC48031316D8A80006FA00F281400F481844C5
S21400CC5826F0B1FC4EB9012330210B4AAB4001FB4C
S21400CC68042277B141F210015350F8BD42F2100188
S21400CC78DFE7A5F10800800006FA00F281400448C4
S21400CC88E5E742F21001EFE700C0035004C0035086
S21400CC980CC003500121024600F5805310B55960B8
S21400CCA8244B2549C36053690B40FCD19361C2F8F5
S21400CCB89830536913F4401FFBD15369D9052DD416
S21400CCC8936F5BBB53699B052AD4D2F8881039BB8F
S21400CCD81046D36FD2F88C3026F07CFC3023916057
S21400CCE81161D16211621367C2F88030134B9A4201
S21400CCF808D142F26000124B906413655165906546
S21400CD08136651660D4B9A4202D1002010290AD1AB
S21400CD180C4B02F500525362936210BD536FCCE77A
S21400CD28D2F88430CEE701F1280443F82400013114
S21400CD38ECE700BF12000200520001000040005A53
S21400CD4800C002808F330F80084608B569B92A20CC
S21400CD58FFF796FAB0B10C4B984206D90B4B9B6876
S21400CD68C3F302730133B0FBF3F0094B00F57420EC
S21400CD7800F23F20B0FBF3F001387F2828BF7F2061
S21400CD88C0B208BD0120F0E7005A62020040005A0F
S21400CD9840420F000B4B10B5994228BF19460C4667
S21400CDA81AB92A20FFF76CFA0246631E1344B3FB2F
S21400CDB8F4F0A34228BF00F1FF30032828BF032061
S21400CDC8C0B210BD005A620210B51048104C002BB5
S21400CDD808BF04468C4228BF0C461AB92A20FFF71B
S21400CDE84FFA02469DF8083040F2FF300133B2FB96
S21400CDF8F3F2631E1A44B2FBF4F3A24228BF03F10F
S21400CE08FF33984228BF184610BD00BF809698008A
S21400CE18404B4C002DE9F04F2DED048BB64E0C46DA
S21400CE2887B01546314600220746FFF7B3FF94F849
S21400CE380580804538BF8046384626F0CBFB2079EB
S21400CE485FFA88F850B92A20FFF71AFAB042014666
S21400CE5828BFB0FBF8F13846FFF776FF4FF0000919
S21400CE68E37822781B01524202F0020203F03003F4
S21400CE78134362780004524202F004021343A27875
S21400CE8800F4FE00524202F0080213434FEA08720A
S21400CE9802F0E04213431843E3882289B8603B61F6
S21400CEA86389DFF860A243EA02433B62574502D132
S21400CEB8B9F1020F08D1012307F580577B6007B048
S21400CEC8BDEC048BBDE8F08F00222E788B488C4989
S21400CED8AC68964218BF014633468A48CDF80080AB
S21400CEE8FFF772FF07EB09118B6CA2B223F04353CE
S21400CEF823F41D1323F4405323F01F0306F0030402
S21400CF081C436B7882424FEA830303F01C0344EA0F
S21400CF180304AB7838BF02461B03E87803F4E04303
S21400CF282343040404F4E02423432C7C4FEA091C1E
S21400CF38640504F4600423432C7909F1050B2407DF
S21400CF4804F0405423438B648C6C6F49C4F302345A
S21400CF58013C042C26D8DFE804F0252503101A0027
S21400CF68D1F88041240C2EB3C2F309020AEB0B1346
S21400CF785A6009F10109143598E7D1F88441002E62
S21400CF88F2D1D1F88C11A4B20914490015E0D1F8F1
S21400CF988441002EE8D1D1F88C11240C091401EB39
S21400CFA841010AE0D1F88041A4B2002EDCD1DFEDC1
S21400CFB8577A06E0D1F88C11091407EE901AF8EEA5
S21400CFC8E77A01210CF1B44C0CF5804C2304DCF80C
S21400CFD8483024F4C046C3F3820C0CF1010C01FA65
S21400CFE80CF107EE101A4FEA864648BF46F0004690
S21400CFF813F01C0FB8EEC79AF6EE008A424B4CD1D7
S21400D008D3F88C110BB208EE103AB8EEC88A38EE90
S21400D018278A002858D105A8039200F013F9DFEDF7
S21400D0283C7A28EE278A039A9FED3A7AC7EE097A61
S21400D0389FED397A67EE877AB1EE007AB6F1004F3F
S21400D04848EE077A0BD09FED357A06EE104A77EE53
S21400D058876ABAEEE86AF0EE477A56EE267AF5EE72
S21400D068C07AF1EE10FACBBFF1EE677A78EEE78A6F
S21400D07877EEE87AFDEEE87AC8BFFDEEE77A17EEB7
S21400D088901AB1F5003F2EDB6FEA56466FEA464621
S21400D0981C484FEA0B11465066E7D3F8901169EE24
S21400D0A8286A09B207EE101AB8EEC77AD3F88811BC
S21400D0B877EE677A0BB208EE103A87EEA67AB8EEE5
S21400D0C8C88A38EE078AA4E7D5ED037ADFED146A36
S21400D0D8F8EE677A87EEA67AF7EE046AC6EE877ADF
S21400D0E827EE888AA0E711F5003FAABFC1F3110111
S21400D0F846F400360E43CBE7005A6202404B4C001B
S21400D108809698000040005A0080E00F000000005B
S21400D1183D3B843F00008043000020440000004957
S21400D12800007A444FF40032054B9A6641F6713295
S21400D13803F51C33DA63012203F50053DA607047FF
S21400D1480090005041F671320121064BDA6303F570
S21400D1580052D1600022DA634FF40032A3F5183388
S21400D1689A66704700000350044B1868421C02BFBA
S21400D178034AD2F894001860704700BF88660020FB
S21400D18800400050CB784A7810B55B010C7843EA2B
S21400D19882030A79234343EA02130C22424302F12C
S21400D1A8B0421363012C02BF8A78024B43F8202052
S21400D1B810BD00BFE880035008B54FF0B0435A686A
S21400D1C802B960B15B680BB126F081FA4FF0B04146
S21400D1D830B10120074B586026F079FAC86008BDC0
S21400D1E826F075FA0223CB6026F071FA0122024B6C
S21400D1F85A60F4E700100058002000584FF0B0417D
S21400D2084B6810B50BB126F062FA01220B4BC478B6
S21400D2185A608378934043EA840344782343047926
S21400D22843EA0413447943EAC4038B60044B5A6008
S21400D2380378C3F10203CB6010BD00BF002000587E
S21400D248001000584FF48032064B5A6603F5E62362
S21400D2585B69C3F38512827003F03F021B0B4270B2
S21400D2680370704700900050024B1868C0F30740E0
S21400D278704700BF0080E00F0120034B9B680A330D
S21400D28803F01F03984070470080E00F034BD3F865
S21400D2982424D3F820041040704700BF00C0035071
S21400D2A82DE9F8431E4B0546D3F810334B1E0E2BBC
S21400D2B80E46174690F8009044781DD909B34FF0EB
S21400D2C800082846D7B12FF0C7FA09EB4903072C00
S21400D2D84FF00F014FEA031315D8A400114808FAB7
S21400D2E804F2A140184426F0FAF9BEB928468FB1D0
S21400D2F8BDE8F8432FF0B0BA8846E2E726F0FEF914
S21400D308E3E78846E1E7083CA400074808FA04F281
S21400D318A140E7E7BDE8F84326F0F0B9BDE8F88392
S21400D32800C0035004C003500CC003502DE9F04160
S21400D3382B4B1746D3F810234A1C06460C46407853
S21400D34804D1D3F8241426F0E7F90446002C2FDB82
S21400D358072C4FF0030532782DDC4FEA840805FACF
S21400D36808F529461F4802FA08F226F0B8F92946B1
S21400D37872781D4802F0030202FA08F226F0AFF9A6
S21400D388012317F0050F194A18BF194903FA04F3C1
S21400D3980CBFC2F81034C1F8103417F0060F18BFC7
S21400D3A8134AC2F814340123104AA340C2F82034A2
S21400D3B82046BDE8F081A4F108084FEA880805FA77
S21400D3C808F529460B4802FA08F226F088F972781A
S21400D3D8294602F00302084802FA08F2CEE700BF20
S21400D3E800C0035000C4035008C4035000E00350B4
S21400D3F800D0035004C403500CC4035070B5044650
S21400D4082AF0F9FB064630B90FCC044D0FC594E850
S21400D418030085E80300304670BD00BFDC3D0020F1
S21400D42847F6FF739A42F0B569D0022969D8364B99
S21400D4385B5C012B65D8354DDE0005EBC30415F89B
S21400D4483330A178012B13D10025E078401AA84282
S21400D45802D80844C0B2F0BD431B6668A0EB53036D
S21400D46836F913609642D4BF1D4603F1FF30EEE747
S21400D47860680028EFD0B0F90040944204DBB0F9A9
S21400D48802409442B8BF144683883544FF2B19BF20
S21400D498C8232827B0F90630B0F90870A3EB0403B0
S21400D4A80CBF0122002293FBF7F36E7813441BB2DD
S21400D4B89E4201DD002B01DA731E1BB24FF47A7C04
S21400D4C800EBC305EA88AD685F1C14FB02521D46D4
S21400D4D822EAE2723BB25C329E42B2FBFCF204DD08
S21400D4E800EBC307BF889742EAD200EBC5039888CB
S21400D4F8904228BF1046884238BF0846AAE7FF2051
S21400D508A9E70020A7E700BF546D0400DC3D002013
S21400D5180229F0B555D82C4B585C012851D82B4C0D
S21400D52804EBC00114F830004B6801280FD1C87806
S21400D5388C78904294BFC4EB0001C4EB0201001B38
S21400D548CAB28242C8BF002233F91200F0BD002BCF
S21400D55837D08878904202D3B3F90200F6E7CC7841
S21400D568B3F900009442F1D94C789988013CA1F1AE
S21400D578FF06714203F10405E4B2714103F10C079A
S21400D588CEB2B44216D805EBC1014FF47A756A4399
S21400D598B1F902404968521A04EBD47102EB6102F1
S21400D5A892FBF4F29042D1DBB3F902009042CDDC54
S21400D5B810B2CBE737F831C04E1C9445E3D331465A
S21400D5C8DEE70348C2E700BF546D0400DC3D0020D8
S21400D5D80080FFFF08B50448FFF710FFBDE80840C5
S21400D5E801202AF00EBB00BF586D04007FB5142238
S21400D5F8002101A810F01AFB044B01A94FF0FF30D8
S21400D60802932AF044FB07B05DF804FB006A180092
S21400D6184FF40052034B00209A660322C3F8602298
S21400D628704700BF009000504FF40052034B002094
S21400D6389A660322C3F86022704700BF00A0005015
S21400D6482DE9F04F894691B00DF1300B8246DDE9A1
S21400D6581C64174600211022584698461E9D10F056
S21400D668E5FA1F9BB9F1000F04D16FF0860011B0E0
S21400D678BDE8F08F002FF8D00EB9002CF5D11A9A15
S21400D68812B91B9A002AF0D10DB9002BEDD1209AB9
S21400D698002AEAD0424A904502D0424A90457CD1B8
S21400D6A8BAF80020B2F5105F77D1BAF80220B7EBC7
S21400D6B8D20FDAD322F04001802902D0B2F5807F5B
S21400D6C8D3D11CB9209B00201C60D0E7AE421FD2E5
S21400D6D8321995421CD29C42C7D831462246284663
S21400D6E810F0F6FA2F4B2E46984526D014F00F0366
S21400D6F8BBD1CDE90097CDE90236CDE90443CDE9A3
S21400D70806540893FFF784FF50B16FF09200AEE717
S21400D718244A90450FD09C42E8D96FF08900A6E7C6
S21400D728684606AA03A90EF0A7FD0546FFF77CFF84
S21400D7380543C7D0E9E79C42EFD81B9B0D2B94D135
S21400D74801238DF830301A9B0DF1310203F10C01DC
S21400D75853F8040B8B4242F8040BF9D11B7813706C
S21400D768012310228DF83F300023CDE90097CDE93C
S21400D7780A23CDE90236CDE90443CDE90654CDF8AF
S21400D78824B00893FFF744FF0028BED1684609ABCB
S21400D79806AA03A90EF098FDC7E76FF0850066E7AE
S21400D7A8004440040013C0042DE9F04F91B09046A1
S21400D7B8DDE91A45DDE91C6B1F468946DDF878A0C9
S21400D7C821B96FF0860011B0BDE8F08F002AF8D0B6
S21400D7D80CB9002DF5D116B9BBF1000FF1D1BAF18D
S21400D7E8000FEED0484B9F4203D0484B9F4240F074
S21400D7F887800388B3F5105F40F082804388B8EBD3
S21400D808D30FDED323F04002802A02D0B3F5807F00
S21400D818D7D125B90023CAF800300020D3E7102D49
S21400D82805D1394B9F42F5D1B44202D343E0B44206
S21400D8383ED263199E423BD25D45C2D821462A464F
S21400D848304610F045FA304B34469F4238D00D3DEE
S21400D8585D4532D801238DF8303023460DF131026C
S21400D86804F10C0153F8040B8B4242F8040BF9D16F
S21400D8781B780D3413704FF48073ADF83E300CAB44
S21400D888102209930023CDE90098CDE90A23CDE9B3
S21400D8980345CDE90536CDE907530293FFF7B8FEF1
S21400D8A8F0B9684609AB06AA03A90EF021FD1FE0E9
S21400D8B8164B9F42CBD05D4502D96FF0890082E7B0
S21400D8C815F00F037FF47DAFCDE90098CDE902345B
S21400D8D8CDE90453CDE906650893FFF799FE10B124
S21400D8E86FF092006FE7684606AA03A90EF0D8FC08
S21400D8F80446FFF799FE0443F2D1CAF800508CE7B5
S21400D9086FF085005FE700BF004440040013C004C2
S21400D91810B54FF42F720021044610F087F98023C3
S21400D928C4F88C30054B04F19C00C4F884300123FD
S21400D93884F88830BDE8104025F0E1B824D5030007
S21400D94810B5D0F8A0400A468CB926F0E5F804468B
S21400D95810B90024204610BD2D2896BF064B07494F
S21400D96853F82010064A074826F01CFAF2E7D0F8C3
S21400D978A4101046A047ECE7DC6D040027D503008A
S21400D988C2D0030057D60300F8B590F88060044666
S21400D99816B100263046F8BD25F0F1FE0028F8D16D
S21400D9A8012384F8803094F8883033B1D4F8841092
S21400D9B81F4884F8886026F0F5F94FF0FF37D4F84A
S21400D9C8B402421C1FD0C4F8B47210F0FF052CD065
S21400D9D8204625F0D1FE2946204600F0A7FB002861
S21400D9E8EDD0204625F0D6FE94F888303BB1D4F822
S21400D9F884100F4826F0D6F9002384F888300023D0
S21400DA0884F88030C6E726F0B2F9431CDDD1D4F896
S21400DA188C30D4F89420013B9A4204DB054A064928
S21400DA28064826F0BFF90126E9E70126C7E700BF42
S21400DA38F9E70300C2D0030035D5030057D6030024
S21400DA48F8B50B780446302B0D46164604D14B78AD
S21400DA5803F0DF03582B11D0284F6A1E12F8011F57
S21400DA68002934D128460A220FF0D0FF202C03467E
S21400DA780D4631D1B1FA81F040091AE04A1C1F4917
S21400DA8812F8013F8BB928460FF0CCFF1C4B023822
S21400DA982340032B12D10134A41084420AD1A8785B
S21400DAA837288CBF0020012003E0CB5C13F044002D
S21400DAB8E6D1F8BDCCBF01200020FAE7002CB8BF9D
S21400DAC80334B0EBA40FD4BF01200020F1E77B5C41
S21400DAD813F00400C2D1ECE726B1084302D0013B9C
S21400DAE861F100050122A240013A1A40002D08BF44
S21400DAF89A420CBF01200020DBE700BF5D940400BB
S21400DB0803000080F0B5037801467B2B17D1064644
S21400DB18022400220B4F16F8015F7D2D05D10B5D00
S21400DB286BB9D24302F0010008E07B5D13F04400B5
S21400DB3802D001320134EEE7202DFBD0F0BD0020E4
S21400DB48FCE700BF5D94040070B506460D460FF06E
S21400DB5869FF0446304626F025F9044EAC4200D349
S21400DB6870BD304626F01EF90134F7E7D1DE030013
S21400DB782DE9F84F044602215148FFF7E5FF1E211C
S21400DB882068FFF7E1FF6368586826F00BF94D48F0
S21400DB9826F008F967683B7BFD2B12D8D7F8088073
S21400DBA84FF0FF3640460FF03DFF0546DFF8109170
S21400DBB8DFF870A1DFF84CB10C3717F8013BFF2BE4
S21400DBC801D1BDE8F88F212B18D8212B36D8DFE8ED
S21400DBD803F0377274111B1D1F2135353535353561
S21400DBE83535232527292B2D2F3135353535353530
S21400DBF835353D33344C002D2BD12EE0334C344A8A
S21400DC08FE2B08BF1446F6E7324CF4E7324CF2E730
S21400DC18324CF0E7324CEEE7324CECE7324CEAE7AF
S21400DC28324CE8E7324CE6E7324CE4E7324CE2E7BF
S21400DC38324CE0E7324CDEE7324CDCE7234CDAE7DE
S21400DC48314CD8E726F0A2F801362AE0002DB4D0E9
S21400DC582E4C202B06F10106AFD002214846FFF7CE
S21400DC6873FF1E214846FFF76FFF504626F09AF8C6
S21400DC785946204610F030FA2549002818BF214694
S21400DC88244826F08FF83B78202B02D12B2026F04C
S21400DC987DF8214826F086F84DB118F806301F2B77
S21400DCA805D018F806001F2801D0AE42CADB054882
S21400DCB826F078F881E7194C9DE7194C9BE700BFDA
S21400DCC8E5210400C2D00300DFD50300F1D5030028
S21400DCD817F203003CD6030043D6030034D60300ED
S21400DCE830D6030027D603001DD6030013D603003C
S21400DCF828D603001ED6030014D6030009D6030050
S21400DD0802D60300F9D50300DED50300E4D50300E8
S21400DD18EFD50300F9E7030068D903003BD60300F4
S21400DD2842D60300FFF203002DE9F04F9BB00546EC
S21400DD388B460024009203930FF074FE249F039BE7
S21400DD4804901C6028463C600AAA09A926F04CF8EC
S21400DD58064658B90A980FF065FE3446B046039B47
S21400DD681860D5F89C300293029B1BB920461BB05E
S21400DD78BDE8F08F029BD3F80890B9F1000F6CD07D
S21400DD882E4416F8013B202B11D000260C23734393
S21400DD9809EB030A59F803300193002B58D0099B66
S21400DDA8434555DB9AF808202AB1721C39E03B68CF
S21400DDB801333B60E5E73968D5F894200793039B61
S21400DDC8521A1A601AAB03EB880151F8403C0199C5
S21400DDD81846059310F040F906900028E5D10198FA
S21400DDE80FF020FEDDE906230146DAF80400D7F82E
S21400DDF800A090F80CC0BCF1FE0F16D103F1FF3E50
S21400DE08C64512D0D0F80090059801920FF00AFE89
S21400DE180AF1010A019A50442B5C23B1386008F1D4
S21400DE2801081646B2E70130F6E7D5F894200591C2
S21400DE38A2EB0A028A4220DC58460FF0F3FD059949
S21400DE4801447B290DD958461F4A009924F07EFEC6
S21400DE582B46049A2A4493422CD1029B1B680293B1
S21400DE6882E7DDE90012584624F070FE5846174A45
S21400DE780099013424F06AFE97E7BCF1FE0F94D1AE
S21400DE88013B434591D1D0F800A0DFF840905AF8FE
S21400DE980C2B22B9049B3B60039B1A60D8E75846B4
S21400DEA8009924F053FE4A465846009924F04EFE40
S21400DEB80134ECE713F8011B0029CCD14FF0200100
S21400DEC803F8011CC7E700BF49D60300D1DE0300EC
S21400DED82DE9F047002486B01C60DDE90EA806464A
S21400DEE889468AF800401168154888F800401746A1
S21400DEF81D468DF81740FCF767F818B901242B68FB
S21400DF0801332B600020D6F89C6036B914B1012383
S21400DF1888F8003006B0BDE8F087B06868B14B46B0
S21400DF280021CDE902A8CDE900750DF1170225F00C
S21400DF3892FD9DF81730002BE8D13668E5E700BF5C
S21400DF484ED603002DE9F0470446ADF5447D802201
S21400DF58002104A802AF0FF069FE80222046009731
S21400DF6803AB04A9FFF7E0FE01283DD104A80FF093
S21400DF7859FD03993B68461A0B4426EAE67623447D
S21400DF88054604A83246014418460FF0DFFF002273
S21400DF988255D4F89060039B3968D4F890201944C9
S21400DFA8B14212DCD4F89410E81A0244C4F890205F
S21400DFB8014404AAC4F89410D41825182B1B002B67
S21400DFC80DDC0DF5447DBDE8F087A05C25F0DEFE8F
S21400DFD8D4F8903001360133C4F89030DBE714F8F3
S21400DFE8010B25F0D3FEE9E7EBDD24AD8022002106
S21400DFF828460DF5887A0FF019FE0DF110094FF432
S21400E0080072002150460FF011FE4FF001084A46F4
S21400E018002312F8016BA6B904A84AF828300FF0B6
S21400E02801FD2946334698451CDB19F8016B0DF5AA
S21400E038887C5CF8042B82420CD101F8016B013312
S21400E048F1E7202E03F1010304BF4AF8283008F14F
S21400E0580108DEE70DF1100E7244D25CB242E8D039
S21400E0680022EA54D4F89060039BB3422FDC234680
S21400E0782C4A04A92C4825F095FE28460FF0D2FC19
S21400E0880646039B3F68F61A1F4426EAE672E0191E
S21400E09817441D44E11904F1900399423CD904F150
S21400E0A89803984238D26A1E81190B1A002B27DD6E
S21400E0B812F8013F00F8013BD4F890300133C4F859
S21400E0C89030D4F894300133C4F89430EDE7D4F89F
S21400E0D890300136E05C25F059FED4F890300133D4
S21400E0E8C4F89030C0E7D4F89020013B0132C4F859
S21400E0F89020D4F894200132C4F89420002BF2DC47
S21400E10800232E44E355731B002B7FF75AAF15F8F0
S21400E118010B25F03BFEF6E729460FF017FF3346BE
S21400E128ECE700BF24D5030053D603002DE9F843D7
S21400E138D0E9245604460F46002294F89830012B5E
S21400E14807D10A2F07D1002384F898300020BDE8AD
S21400E158F88300F29F801B2F01D10223F4E70D2FCE
S21400E1680DD1012384F898300D2025F00FFE0A20E3
S21400E17825F00CFE00230120C4E92433E7E74FF01E
S21400E1880008082F84F8988034D1454530DDB5421C
S21400E1980FD1384625F0FAFD202025F0F7FD013D81
S21400E1A8384625F0F3FD013E04F80580C4E92456F8
S21400E1B8CCE7FBDA05F1FF39384625F0E7FD04EB36
S21400E1C80903A6EB0902611918460FF081FD04F849
S21400E1D806800146013E484825F0E4FD35464D4593
S21400E1E801DC4D46E2E7082025F0D0FD013DF6E7C4
S21400E1F8ACD0DBE77F2F1CD1002EA7DDB542A5DA11
S21400E2086319691C21441846721B0FF061FD04F857
S21400E21806800146394825F0C5FD0820013E25F050
S21400E228B5FDB542F9D1D4F89430013BC4F8943022
S21400E2388CE70A2F98D0092F03D12046FFF782FED5
S21400E24884E7D4F88C30013BB3427FF77FAFB54202
S21400E25804EB050805F101090CDB384688F8007060
S21400E268D4F89430C4F890900133C4F8943025F06C
S21400E2788DFD6BE74146721B04EB09000FF028FD85
S21400E288404625F08FFD0820013E25F07FFDB5426B
S21400E298F9DDE2E7022B06D15B2F01D1032353E712
S21400E2A884F8982049E7032B7FF450AF413F84F861
S21400E2B89820032F3FF64AAFDFE807F002070A1652
S21400E2C80121204625F013FD40E74FF0FF31F8E71F
S21400E2D8B542BFF63BAF605D25F058FDD4F89030E8
S21400E2E80133C4F8903031E7002D7FF72FAF013D9A
S21400E2F80820C4F89050BAE75CD6030056DA030044
S21400E30807B56B46054A1068516803C36846FEF7AA
S21400E31847FC002003B05DF804FB00BF946E0400C1
S21400E32830B58BB06C46174D0FCD0FC40FCD0FC44C
S21400E33895E8030084E80300134BD3F84C21120336
S21400E3481CD5A3F5FE431C884FF6FF739C4208BFF6
S21400E3588C248DF81940FEF71DFA204480F3080037
S21400E3688DF818000948FBF7C7FE6846FEF772F9ED
S21400E3783220FEF715FA00200BB030BDD3F8504116
S21400E388E4B2E6E79C6E04000080E00F00F0490265
S21400E3980028ACBF00F16040064B4FEA0111C9B235
S21400E3A8ABBF00F5614000F00F0080F80013195469
S21400E3B8704700BF14ED00E008B52EF03FFA0B4B8F
S21400E3C81A7872B901221A702EF033FA6FF0040226
S21400E3D810460132052152B2FFF7DAFF402AF7D17C
S21400E3E808BDBDE808402EF024BA00BF2F5C002008
S21400E3F8002807DB01234109034A00F01F00834079
S21400E40842F82130704700BF00E100E0054B42119A
S21400E41853F8223000F01F0023FA00F0C04300F043
S21400E4280100704700E100E0002808DB01224309EC
S21400E438034900F01F008240603341F823207047EC
S21400E44800E100E010B504462EF0EBF9024B1C6024
S21400E4582EF0E2F9002010BDFC3D002010B52EF08D
S21400E468E0F9034B1C682EF0D7F9204610BD00BF14
S21400E478FC3D002038B50C461546014610B9FFF796
S21400E488EDFF01462B46224603480EF0D3FA002835
S21400E498D4BF3720002038BD473F030008B500F03A
S21400E4A817FC18B16A2102482EF04FFA002008BD62
S21400E4B861D6030008B500F049F80C4A536A43F4DD
S21400E4C870235362EFF308834FF0CD31084A043BBC
S21400E4D8934208D200F070FAFFF7E0FFBDE8084064
S21400E4E80448FEF78BBF43F80419F1E700ED00E097
S21400E4F808000020586D040007B5042200200DEB24
S21400E508020129F03CFB042803D0D72104482EF04A
S21400E5181CFA019800F0DCF903B05DF804FB00BFB4
S21400E52861D60300082310B50C0A41400648C9B254
S21400E53841F30002013B024013F0FF0382EA510157
S21400E548F6D184EA010010BD2083B8ED38B5FEF791
S21400E5580BFE044625F0B5F8E3072AD40122104638
S21400E568114600FA01F3234002F1010223D01D4BA5
S21400E57833F811301C48062B028844881B4920D1E2
S21400E5884FF20F039C4219D1B2F5406F28BF4FF4E3
S21400E598C0624CF23C330A80438040F201730A881A
S21400E5A89A4201BF124B134AD2E90001C3E900019F
S21400E5B815E00021DBE7102AD2D1DBE74FF4C06272
S21400E5C8E7E740F20725AB420AD14FF20F05AC4207
S21400E5D806D19A4204D14CF23C320B80428038BDB8
S21400E5E80B80DAE760700400446300201A570020A6
S21400E5F8003E00203C630020014B1888704700BF8F
S21400E6081A570020014B1888000A70471A5700202E
S21400E618044B05481B881A0AB3F5406F38BF00EB51
S21400E628820070471A57002030700400044B188880
S21400E638044B020A53F82230C0B203EB800070473E
S21400E6481A5700200070040010B504462EF0EDF8A6
S21400E6584FF20F02044B1C805A80BFF35F8FBDE851
S21400E668104025F036BC00BF446300206D4A2DE9F3
S21400E678F0416D4B55686D4C5D65516A99656C49FE
S21400E688D1F80002D865D1F80412586B1966916A59
S21400E69810F0040F5966D16A4FF000009966116BA6
S21400E6A8D966516B1967D26BD8645A67D3E90E12CC
S21400E6B818BF11465F4A91421A655DD301F12000E2
S21400E6C8A04259D88869C5F308051864CE69062D8E
S21400E6D85E6455D1584DA84252D3584DA8424FD2E1
S21400E6E805884DF6426085424AD11868C3F89000FE
S21400E6F85868C3F8940040F20170A242154604D246
S21400E7082E680432B6F1CD3FF7D00022C3E91E22A8
S21400E718C3E92022C3E92222641BDFF81CC1434D4B
S21400E728DFF818E19C648D422DD8D3E91EC7D3E9DB
S21400E7382065D3E922414FF0000E013AD2B2FF2AF3
S21400E7483CD1BEF1000F05D0C3E91EC7C3E920655A
S21400E758C3E92241B3F85430C3F308030C2B3BD863
S21400E768022B54D9DA1E092A51D8DFE802F03157AD
S21400E778404350505050504D0021C3E910112D49C8
S21400E7884FF42060B9E755F8044D6445CBD374457B
S21400E798C9D2E607C7D50026294F57F8048FA045E3
S21400E7A8C1D00136062EF8D132B1013AD2B202F102
S21400E7B81E0643F82640B6E70522F8E7E0464FF07F
S21400E7C8010EBC4637462E4625460C464146B4E75B
S21400E7D840F60120BDE8F0813B2B18D1194B9B6908
S21400E7E813F0020F40F2025318BF1846F2E740F63D
S21400E7F80320EFE740F6042240F20173B0F5206FDD
S21400E8080CBF10461846E5E740F60520E2E740F656
S21400E8180722013B4E2B98BF1046DBE740F6022046
S21400E828D8E700BF00ED00E0AC620020081000202A
S21400E83800E100E0080000201863000060CD030037
S21400E848206300200080015A00F00CB800F00AB8D7
S21400E85800F008B800F006B800F004B800F002B8F7
S21400E86800F000B872B61EF0080F09D01EF0040FAC
S21400E8780DD0DFF850E0AEE8FF1F6FF002000CE0A6
S21400E888DFF840E0AEE8FF1F6FF00E0005E0DFF8A7
S21400E89834E0AEE8FF1F6FF006006946EFF3098222
S21400E8A88EE8070086460848084C854501D3A545E6
S21400E8B801D384F30888FFF7D9FE84F30888FFF7A6
S21400E8C8C3FE0000AC6200204800002008100020AC
S21400E8D84BF6EF6283B2002B08BF1346044A000CBF
S21400E8E813804FF6CE2308BF1846024B1880704791
S21400E8F88A6B0020886B00200B4BB3F90020188821
S21400E908002AB8BF80F0620042001A80074AB2F9AF
S21400E918001013880029BCBF83F4805383F00B03D0
S21400E92859001180584070478A6B0020886B002079
S21400E93807B5684600F01AF8DDE900010022034B27
S21400E94803B05DF804EB25F0C0BD00BF083E00200C
S21400E95807B5009313460A460146034825F069FBA7
S21400E96803B05DF804FB00BF083E00200249034AD6
S21400E9780160521A42607047506C002000800020E8
S21400E98800487047083E002038B5416004462DF020
S21400E99848FF05462146044824F0B4F82846BDE852
S21400E9A838402DF039BF00BF303E0020014824F023
S21400E9B8A6B800BF303E00200222014B1A677047F7
S21400E9C80040005070B52DF02CFF174E054617482E
S21400E9D82DF055FF3378CBB900F07AF9044620B10C
S21400E9E828462DF019FF204670BDFFF7DFFF2EF0F2
S21400E9F81FF80F4B1C602CF065FD0E4B0E4A186076
S21400EA08536F43F00103536725F07BFD00F074F85D
S21400EA1825F08EFD094B0024186001232846337024
S21400EA282DF0FAFEDFE700BF3C5C0020CC6E040049
S21400EA38343E00205C3E002000400050383E002057
S21400EA4838B504462DF0EDFE0F4D02462B78FF2B09
S21400EA5804D1B4B1BDE838402DF0DEBE1BB9002C99
S21400EA68F8D0012103E0002C14BF0121FF210B443C
S21400EA78DBB22B70B3FA83F304495B0910460B70BC
S21400EA88E8E71946F3E700BF395C0020385C002049
S21400EA98054B1B685843054B00F5742000F23F20D1
S21400EAA8B0FBF3F0704700BF5C3E002040420F000A
S21400EAB873B50F4E04463378834211D000238DF881
S21400EAC80430430001A88DF805300A4DFDF760FFB5
S21400EAD840203CB1FFF7DCFF2B68181A286034701A
S21400EAE802B070BDFFF7D4FF2B681844F6E700BFE6
S21400EAF8CA6B0020943E002073B5002401A88DF848
S21400EB080440FDF7E7FF2046FFF7D2FF2C4B2D4ABF
S21400EB18D3F8003103F0030313604FF400222A4BA6
S21400EB285A664FF400325A662CF046FA4FF4C8700C
S21400EB38FFF7AEFF254B264A1860264913680134AE
S21400EB48E4B20A2C41F8040BF9D1034400EBC000E8
S21400EB5803441360204B214D1B7813B3184BD3F88E
S21400EB68003103F00303022B23D0032B24D0012B00
S21400EB7817D12BF0C9FF024698B1194B194EDC681D
S21400EB8800231946C4F30B04013404EB840401384B
S21400EB98E4FB06010EF0DEFCFFF77AFF2B68034461
S21400EBA82B601F20FFF774FF2B6803442B6002B00E
S21400EBB870BD2BF0AFFFDEE72DF046FEDBE700BFAB
S21400EBC8008000509C3E002000900050603E0020D0
S21400EBD8643E0020683E0020405C0020943E0020F2
S21400EBE800C0015040420F000122154B10B55A676D
S21400EBF8144B154C1B7813B302202DF00AFFF0B106
S21400EC082CF0E6FCD8B1A36DD90302D5E36D9A07BC
S21400EC1815D40D4B9B6DDB0711D401220B4B1A70D4
S21400EC282DF0EBFEBDE81040094B0A4A1860136F3A
S21400EC3823F0070343F0030313672BF04BBF10BD05
S21400EC4800D00050415C002000C000503E5C002010
S21400EC58903E0020008000500122014B1A70704739
S21400EC68415C002008B5FFF763FEFEF7FDFA0128B1
S21400EC780ED1144B04205A6E4FF4802312495203C7
S21400EC8858BF124A4B6601F51041086258BF5366D2
S21400EC9825F056FCFFF790FBFFF732FBFFF740FB2B
S21400ECA80DF012FFFFF78EFE00F012F825F049FC73
S21400ECB8FFF700FC25F054FC28F065FEBDE8084088
S21400ECC825F040BC008000500090005000A0005086
S21400ECD870B52DF0B3FD144E05463478FCB9134BC9
S21400ECE81C60134B1C60134B1C6000F031F80120AD
S21400ECF82CF05CFD2CF04EFD0F4B0246186020B938
S21400ED0828462DF096FD232070BD234640F2E731B5
S21400ED180A480EF01FFC0A4B186001233370284679
S21400ED282DF087FD0020EFE7445C0020B03E002071
S21400ED38AC3E0020B83E0020B43E002018FCFFFF82
S21400ED48A83E0020014B1868704700BFA83E002068
S21400ED581FB50024194B18689A880290D3F8060045
S21400ED689B7A00901648ADF80C208DF804302DF0EC
S21400ED7886FD02A88DF808408DF80C40FEF73EFA8E
S21400ED88694601208DF80040FEF7FCF940F2FF3294
S21400ED980C4B9A615A614FF0B042936A13F008031D
S21400EDA8FBD113620120FEF707FA0C20FFF73CFBA5
S21400EDB80C20FFF71DFB04B010BD00BF89700400CF
S21400EDC8C46E04000020005810B52DF037FD4FF033
S21400EDD8B04304465B695A06074A03F0010003F08D
S21400EDE8510348BF40F0020053612CF007FC204650
S21400EDF8BDE810402DF01DBD0020005821282DE943
S21400EE08F341054604D82C46204602B0BDE8F081FA
S21400EE1800240B4E0B4FDFF830800023CDF800801F
S21400EE281A461946386824F0B6F98442EBD2222CE2
S21400EE38E9D056F8043BAB42E6D00134EDE700BF14
S21400EE48A873040084660020FFFF0F002DE9F04F2A
S21400EE58644E654D89B025F0CFFB31682868FCF70D
S21400EE68D5FA0446002827D033680024D3E90001E1
S21400EE789A6912689047336804A89B699B68984704
S21400EE88336802209B69DB689847326805985368A0
S21400EE98E7B2B3FBF0F3BB42916904F101044ED824
S21400EEA8CB680020984733689B695B689847316849
S21400EEB82868FCF7ABFA04460027DFF844A1DFF819
S21400EEC84481DFF84491F4B9484B2868DB5D002B91
S21400EED800F08380D8F8006002AB314603AAFCF73E
S21400EEE817FC2D2807D070B9039B012B0BD0314691
S21400EEF82868FCF761FEDAF8003031461A68286898
S21400EF08FCF7DAFD04460137222F0AF1040A08F155
S21400EF18040809F10109D6D1B4FA84F3344A5B0926
S21400EF2813702B681B7C33B125F032FB18B1DB213C
S21400EF3830482DF00AFD204609B0BDE8F08F12686B
S21400EF480B6907FB002098479FE7D8F8003003AA0C
S21400EF58194402AB0191FCF7DBFB2D280346019907
S21400EF682BD0286813B30BF1010B5FFA8BF18E4296
S21400EF782868EAD8204BDB5D002BC4D0F3B27E2B82
S21400EF882868C0D8D8F8003003AA06EB030B594601
S21400EF9802ABFCF7BDFB2D28B5D059462868FCF710
S21400EFA80BFE013604460028E8D0ACE7039B7BB985
S21400EFB899F80020029B9A42D5D099F80030DAF8E2
S21400EFC800202868FCF772FC0028CCD00446D1E75D
S21400EFD80191FCF7F1FD0199EFE7084BA346DE5DCA
S21400EFE8C3E700BF646600208466002084730400BC
S21400EFF8465C0020E8D60300627304001E73040013
S21400F00894700400A873040040730400F8B51F4603
S21400F018214B04461B780D46164623B100F47E2382
S21400F028B3F50E2F2BD02046FFF7E8FE212804461E
S21400F03814D81A4B53F82010194B1B78ABB1194B40
S21400F048212C18681DD8184B1B5DD3B13268FCF705
S21400F05833FD044650B125F09AFA07E0FF2807D991
S21400F0683A46314680B224F0A6FF00242046F8BD72
S21400F0784FF4A9710D482DF068FC0021DCE7014625
S21400F088DAE77F2D08BF00253B46324651FA85F160
S21400F098FCF70CFCDDE700BF455C0020A873040005
S21400F0A8465C00208466002084730400E8D60300CB
S21400F0B808B5520825F06EFA30B1BDE808404FF49E
S21400F0C89C7102482DF041BC08BD00BF79D70300EB
S21400F0D82DE9F743C70705460E46144604D540F201
S21400F0E8E31149482DF031FCE10704D54FF4F271DD
S21400F0F845482DF02AFC454B93F80080B8F1000FE0
S21400F10820D043F260239D4208D12246314640482B
S21400F1180EF01CFF002003B0BDE8F083C5F30B0714
S21400F12805F44055B5F5805F14BF4FF40F204FF433
S21400F1380E20234632467F21384303B0BDE8F0430D
S21400F148FFF764BF05F47043B3F5805F3FD1C5F39E
S21400F1580B05304A05F17E65631E2B44934230D872
S21400F1682F46DFF8A49007EB0408474542D1AA07C4
S21400F1780ED04FF6FF7336F8022BA81E43EA02435A
S21400F18804220DEB02010193FFF792FF0235023CC1
S21400F198A3070ED0023C24F00103F35A04226FEAB8
S21400F1A803436FEA13430DEB020128190193FFF797
S21400F1B87FFF002CAED0224631462846FFF778FF60
S21400F1C8A8E740F2FD1110482DF0BFFBC8E705F48C
S21400F1D86043B3F5005F04D1C5F30B0505F5FC25C0
S21400F1E8BEE740F2052108482DF0AFFB6FF00F0789
S21400F1F84546B6E717F8013BFF2BB6D04FF4047127
S21400F20848462DF0A2FBB0E779D70300455C0020FE
S21400F2188C6B0020FF03E00F10B500F077F825F0A0
S21400F22805FA044618B100F079F8204610BD00F03B
S21400F2387BF804460028F6D10122014B1A70F2E743
S21400F248475C0020054B1B7833B1054BC0F3130110
S21400F25800221868FCF774BC11207047475C002031
S21400F26884660020144B2DE9F0411B7805460E46AF
S21400F2781746FBB125F0C1F9012805D9841EE4B26A
S21400F288012C09D9212412E03B4631462846BDE820
S21400F298F041002200F052B800F038F83B46002251
S21400F2A83146284600F076F8044600F037F820463F
S21400F2B8BDE8F0811124FAE7475C0020124B70B5D0
S21400F2C81B7804460D461646E3B125F096F9012844
S21400F2D805D9831EDBB2012B08D9212410E032465B
S21400F2E829462046BDE8704000F040B800F00EF809
S21400F2F820463246294625F09BF9044600F00EF8CB
S21400F308204670BD1124FBE7475C002008B52DF0A9
S21400F31888FA014B186008BDBC3E0020014B1868EF
S21400F3282DF07ABABC3E0020024B1968024B1868CA
S21400F338FCF76CB8646600208466002037B505467E
S21400F3480C46C0F313010848ED02006805D52246AE
S21400F35803B0BDE83040FCF7A7B900931346224631
S21400F368FCF75CF903B030BD8466002030B405466F
S21400F3781346074A0C46C0F313011068EA0203D581
S21400F388226830BCFCF798BB224630BCFCF78EBA25
S21400F39884660020F7B505460F4614461E461BB978
S21400F3A82125284603B0F0BD0029F9D025F025F917
S21400F3B84BF23462ABB2934220D14FF0FF33224671
S21400F3C86946CDE9003325483346FFF7E3FF0822B0
S21400F3D80546234968460EF075FF38B93346224677
S21400F3E8694641F2F010FFF7D5FF0546002DD8D143
S21400F3F83246694638460EF0A9FDD2E741F2F012C9
S21400F40893420FD1174B311908299A6CDB6CC7D871
S21400F418CDE9002332460DEB040138460EF096FD82
S21400F4280025BEE702280BD1C5F30C4332199342D8
S21400F438B6D3C5F30B0104F17E6432462144ECE7EB
S21400F448032809D1C5F30C4332199342A8D3C5F350
S21400F4580B0104F5FC24F0E70125A2E7021008C01A
S21400F468347404000080E00F10B527F041FB28F044
S21400F47818FCBDE81040034601210220014A02F0AC
S21400F4880BBC00BF10D8030013B5D0E9023253F8FE
S21400F49822301C78204627F03DFB234600900121A9
S21400F4A80220024A02F0F8FB02B010BD24D803007E
S21400F4B8014B187826F016BF485C0020FF232DE97C
S21400F4C8F04F8FB01122002108A88DF813300EF0E7
S21400F4D8ADFB08A826F0C6F801210220B04A08AB02
S21400F4E802F0DAFB41F24903AE4A0121022002F09B
S21400F4F8D3FB06A826F0E5F908A90DF1130026F0B7
S21400F508EBF902200021A84A02F0C6FB002026F0EC
S21400F5181AFF10B106A809F047FE9DF92A30012106
S21400F5280220A24A00939DF82B3002F0B5FB27F084
S21400F538DBFA831EDBB2FC2B054631D801210220FC
S21400F5489B4A02F0A9FB01249A4E9B4FDFF8D08213
S21400F558234632460021022002F09EFB05A9E0B2AF
S21400F56827F0C4FA034650B1A0F11602012A40F269
S21400F578AA8042460121022002F08EFB0CE09DF98B
S21400F58814303A4601939DF8163001210093022064
S21400F5989DF8153002F080FB0134E3B29D42D7D8BF
S21400F5A8BDF8284008F0ECF923460021834A00906D
S21400F5B8022002F071FB02200021814A02F06CFB57
S21400F5C8002026F0C0FE10B108A809F0EDFD0121C4
S21400F5D87C4A022002F060FB27F0E2F9044627F096
S21400F5E8DDF923460121784A0090022002F054FBF8
S21400F5F808F09EFE00210220744A02F04DFB9DF89A
S21400F6081330FF2B65D000210220714A02F044FB1C
S21400F61801216C4A022002F03FFB26F062F9012124
S21400F62803466C4A022002F037FB08F081F90021F5
S21400F6380346694A022002F02FFB26F058F90446D2
S21400F64826F057F923460121644A0090022002F06A
S21400F65823FB2DF087F908F013FF01210346604AC3
S21400F668022002F019FB0025DFF8B88108F008FF31
S21400F678ECB2A04233D82DF075F90123594A194641
S21400F688022002F009FB002026F02CFE564B574CB1
S21400F6980093012100230220554A02F0FDFA236850
S21400F6A863B1012102201B78524A02F0F5FA23685A
S21400F6B8012102205B78504A02F0EEFA26F017FE87
S21400F6C80FB0BDE8F08F012102204C4A02F0E4FAA0
S21400F6D862E7002102204A4A02F0DEFA98E7494B20
S21400F6E8204603EB0416D6F8089008F083FF8246F7
S21400F6F8204608F0CBFE444F00280CBFC346BB4646
S21400F708204608F077FF0AF031FD002808BF474674
S21400F718534600210220CDE900B73C4A02F0BCFA65
S21400F728B37901210293B388022001937388384A7B
S21400F7380093337B02F0B0FA0026DFF8ECB099F8B5
S21400F7480430F4B2A34203D82DF00CF901358DE746
S21400F75814235C43D9F8007002203A5B07EB040ACE
S21400F7689AF90C3000922B4A002132EA230228BF6D
S21400F7785A461346284A02F08FFA002026F0E3FD80
S21400F78838B150463C5B26F01BF9014620460AF085
S21400F7983BFD01210220214A02F07EFA0136CEE71F
S21400F7A865D8030074D8030090D80300BCD80300BB
S21400F7B897D80300ADD80300B4D80300E9D80300EF
S21400F7C809D9030053D9030012D9030034D903001A
S21400F7D896F903003FD9030055D903006BD90300F7
S21400F7E881D90300FAD9030012DA0300B8430020CF
S21400F7F806DA030020DA030034DA0300D1D803005F
S21400F808F1D50300EC4200203CD803008CD9030055
S21400F818ACD9030059D80300E2D90300E521040057
S21400F828DCD8030044D803004DD803002DE9F7437D
S21400F8380025134EDFF8588008F022FEECB2A042EE
S21400F84802D803B0BDE8F0832701204616F80790D3
S21400F85808F01CFE0B4A4B46002808BF424600210B
S21400F86802200092084A02F017FAF05D26F045F8E2
S21400F87801210220054A02F00FFA0135DCE700BF35
S21400F888EC4200207E2804004FDA0300E52104003D
S21400F8988828040008B583685A681178C26853F83F
S21400F8A82230A1F1650251425141187808F0A4FFB0
S21400F8B830B9BDE8084001210220024A02F0ECB93E
S21400F8C808BD00BF5ADA030000210220014A02F0F0
S21400F8D8E3B900BF74DA030000210220014A02F0EF
S21400F8E8DBB900BFA2DA030010B5044686B01822BA
S21400F8F8002168460EF09AF9684626F073FCD4E9AB
S21400F908022052F8203002EB80021B788DF80B306C
S21400F918516891F900108DF80A1091680988ADF8B9
S21400F92808106168091A032907DDD26803F01F0367
S21400F938127843EA42138DF80B30684608F0CEF882
S21400F94800210346024A022002F0A6F906B010BDBE
S21400F958BEDA030007B5002027F08AF800210090D9
S21400F968034B0220034A02F097F903B05DF804FB44
S21400F978CBDA0300D1DA030013B5D0E9023253F824
S21400F988221003EB82035B68087819680023094C89
S21400F998A222994208BF2146C01A18BF012027F0A4
S21400F9A85BF801210090044B0420044A02F074F925
S21400F9B802B010BD00F8FF07DCDA0300EADB03003C
S21400F9C813B5D0E9023203EB820153F82230D1E9AD
S21400F9D801141878FF22003818BF01202378096818
S21400F9E827F03AF801210090034B0420034A02F05E
S21400F9F853F902B010BD00BFE3DA0300EADB0300E8
S21400FA0808B5002101230C4A26F0ABFE0A4826F06A
S21400FA180BFC0020094909F05FFC002026F093FC47
S21400FA2810B1054809F0C0FBBDE8084001210420D4
S21400FA38034A02F031B900BF7A610020F8DA030001
S21400FA48E521040010B525F056FF034630B1BDE8A1
S21400FA58104001210420054A02F01EB90121BDE824
S21400FA6810400420024A02F017B900BF06DB030064
S21400FA7817DB030010B526F0D9FBBDE81040034697
S21400FA8801210220014A02F007B900BF22DB030069
S21400FA9810B526F09DFBBDE8104003460121022064
S21400FAA8014A02F0F9B800BF38DB030037B5D0E9E1
S21400FAB80232012453F822304FF6FF701D78FE22DA
S21400FAC804FA05F1002327F033F82B460090214668
S21400FAD80420024A02F0E0F803B030BD4CDB030015
S21400FAE8D0E9023253F822301B7823B101210220D4
S21400FAF8024A02F0D1B8024A137070476BDB030063
S21400FB08485C002007B5684625F0DBFE07F038FF9E
S21400FB1801210346084A022002F0BEF8684609F0AA
S21400FB2843FB08F0A1F901210346044A022002F02B
S21400FB38B3F803B05DF804FB81DB03009BDB03002E
S21400FB4837B5D0E90245406854F82530401B0328ED
S21400FB58D8BF002004EB8504C8BFE068197863683E
S21400FB68C8BF00781A78A36893F90030009001207F
S21400FB7826F062FF38B901210220084A03B0BDE822
S21400FB88304002F089B8064B01900093012102200C
S21400FB98044B054A02F080F803B030BDACDB030026
S21400FBA8B4DB0300880A0400C8DB030007B501209D
S21400FBB826F04AFF48B9009001210220084B094A5E
S21400FBC802F06AF803B05DF804FB054B0190009359
S21400FBD801210220044B054A02F05EF8F2E700BF56
S21400FBE8B4DB0300DFDB03006D360400C8DB03006C
S21400FBF808B5D0E9023253F82230187826F0D6FE37
S21400FC0830B9044A0121BDE80840042002F044B88F
S21400FC18014AF7E7F4DB030010DC030008B5D0E977
S21400FC28023253F82230188826F0BEFE30B9044A4D
S21400FC380121BDE80840042002F02EB8014AF7E783
S21400FC482FDC03005FDC030073B50378044613F06B
S21400FC58050F0ED04588062D17D1836801215B68ED
S21400FC68174A1B780193838804200093154B02F0EB
S21400FC7813F82378012B20D001210420114B124AB7
S21400FC8802B0BDE8704002F007B835B98388012194
S21400FC9804200E4A02F000F8EBE7012DE9D1866849
S21400FCA80B49002009F018FB304609F07DFA294672
S21400FCB80420084A01F0F0FFDBE702B070BD00BF81
S21400FCC895DC03008CDC0300E7DC0300B2DC0300F1
S21400FCD8CFDC0300E52104002DE9F04F00268FB0A5
S21400FCE8364D09AC0FCD0FC42B6801210220344ACB
S21400FCF8236001F0D1FF3446DFF8DC9025F0F5FDEF
S21400FD08F5B2A8420BD825F0F0FD23460090012155
S21400FD1802202C4A01F0C0FF0FB0BDE8F08F28463D
S21400FD2805A926F02DFE0346002841D19DF814307B
S21400FD38032B39D904238DF814302B4600210220D2
S21400FD48214A01F0A9FF9DF814300EAA02EB83039E
S21400FD5800214A4653F8143C022001F09DFF28462D
S21400FD689DF821A09DF815B09DF81870BDF816806E
S21400FD7826F008FE5346CDE9028000210220CDE990
S21400FD8800B7124A01F088FF01340020E4B226F0DA
S21400FD98DAFA18B10DF1190009F006FA0021022066
S21400FDA80B4A01F079FF01E0002BC6D10136A5E722
S21400FDB800210220074A01F06FFFF7E73C740400B1
S21400FDC8F9DC030072DD0300AFD8030026DD03006C
S21400FDD8C2D003004DDD0300F9E70300C36882685C
S21400FDE8013BDBB252F8233002201B78652B14BF88
S21400FDF800220121044B1BBF01211A70034A044A42
S21400FE0808BF197001F048BFF36B002089DD0300B6
S21400FE1897DD0300D0E9023253F822301A88014BE6
S21400FE281A8070478E6B002007B5D0E9023103EBC5
S21400FE38810253F8213052681988054B0548128804
S21400FE4800930088012309F0A3FE03B05DF804FBC5
S21400FE5851FC00008E6B0020C3688268013BDBB251
S21400FE6852F823305B78A3F1660253425341014AA5
S21400FE7813707047F66B002030B5D0E9023253F89D
S21400FE88223089B01D78012302AA1946044626F0B6
S21400FE9868FC01230093102302210DEB0302204681
S21400FEA826F040FC284604AA02A926F05BFE044673
S21400FEB8002026F048FA18B12146044807F0F0FD5D
S21400FEC80020034909F0EEF909B030BDA6DD0300AD
S21400FED8E5210400002330B58FB00221009309AA5B
S21400FEE81223054626F01EFC05AA014609A807F0B7
S21400FEF8B5FB044698B1232805D1134A01210420EE
S21400FF0801F0CAFE09E0212801D1104AF6E70346A7
S21400FF18012104200E4A01F0BFFE0FB030BD0123B8
S21400FF282846194603AA26F01CFC05A903A826F0AD
S21400FF381BFE0546204626F006FA18B1294605484F
S21400FF4807F0AEFD044AD9E7B3DD0300D6DD0300AB
S21400FF5811DE030032DE0300E5210400F0B5D0E927
S21400FF68023253F8221003EB82039B6805461F787B
S21400FF7887B038460E7826F0C6F9044608BBD5E999
S21400FF88022101238DF80830194452F8210002EBAB
S21400FF98810200888DF809709268ADF80A00127818
S21400FFA804218DF80C2028460DF10D0226F0D9FB09
S21400FFB8304602A98DF8154026F0E6FC044626F0E1
S21400FFC896F9334601210420024A009401F064FEA3
S21400FFD807B0F0BD47DE03002DE9F04101218EB0E1
S21400FFE80220274A01F058FE002005AB01AA09A9FD
S21400FFF826F0B2FD00250446224E234FDFF89880EF
S2140100081CB128460EB0BDE8F08102202B463246C8
S214010018214601F041FE204626F095F910B10AA8BE
S21401002809F0C2F83A46002102209DF8303001F066
S21401003833FE424600210220079B01F02DFE0021D7
S2140100480220BDF82030114A01F026FEBDF8143012
S21401005800210F4A022001F01FFE013501A826F0F3
S2140100686DF9EDB2012102200A4A01F015FE284673
S21401007805AB01AA09A926F06FFD0446C0E700BF33
S21401008879DE0300BFDE0300C7DE0300B5F903000F
S214010098DCDE0300E5210400D3DE03002DE9F0478A
S2140100A8064698B0C0B925F01EFC074600250EA8DE
S2140100B826F05CFD01210220384A01F0EDFD2C46B0
S2140100C8DFF8E080DFF8E090DFF8E0A0BC4205D377
S2140100D8284618B0BDE8F0870127E7E713A826F0F9
S2140100E845FD002E4CD0022306A913A88DF84C30E6
S2140100F8FE2426F02DFD00283FD102A913A826F0DC
S2140101082DFD9DF8593043F001038DF85930002E26
S2140101183DD1234631460220214A01F0BDFD9DF816
S21401012859300AA943F0010313A88DF8593026F06F
S21401013815FD002026F007F910B114A809F034F8C7
S2140101480C9B42460021022001F0A6FDBDF828209E
S214010158002112F4007F0CBF4C23412312F0100F2C
S2140101680CBF6E227922022000924A4601F094FDC5
S21401017806A826F0E3F80135EDB20134E4B2A5E7A6
S21401018820460AAB06AA13A926F0E4FCB3E75246B2
S2140101980021022001F080FDC1E700BFE6DE030072
S2140101A8BFDE0300D3DE030022DF03001BDF0300EC
S2140101B830B5012499B00EA826F0D8FC13A88DF8FE
S2140101C8384026F071FCC0B9BDF84C1011EA040598
S2140101D813D121460220444A01F05EFD2946022039
S2140101E8424A01F059FD214602203F4A01F054FDDA
S2140101F8214602203C4A01F04FFD06A90EA826F02A
S214010208A7FC20B11022FF2106A80DF00FFD04A8B7
S21401021826F0A6FC059B01210220354A0093354BA2
S21401022801F03AFD9DF8123001210220324A00936E
S214010238304B01F031FD00212E4B304A022001F0EF
S2140102482BFD06A826F07AF813A826F08FFC0223C1
S2140102580AA913A88DF84C3026F080FC00283FD157
S2140102680B9B009301210220254B264A01F014FD21
S2140102780121234B244A022001F00EFD0120FFF73D
S2140102880DFF01211E4B214A022001F005FD002029
S214010298FFF704FF044625F026FB234600900121BC
S2140102A802201B4A01F0F8FC01211A4B174A0220CA
S2140102B801F0F2FCFFF790FE17490228034617489B
S2140102C8174A28BF0A46084928BF01460092CDE9C1
S2140102D8013102200121134A01F0DEFC19B030BDBC
S2140102E84FF0FF33BDE700BFE521040035DF03000B
S2140102F873DF03006BDF030083DF030012090400CA
S2140103083F17040096DF0300A6DF0300ADDF0300F6
S214010318B6DF0300CADF030031DF03007CFE0300FB
S214010328CEFE0300D8DF030010B5D0E9023253F839
S21401033822301C78201E18BF012026F0A1FB054A92
S214010348054B0020002C18BF1A46BDE8104003498B
S21401035808F0A8BF05E0030000E003000EE0030074
S214010368D0E9023210B553F822301C88204626F010
S21401037889FB2246BDE810400020014908F092BFDB
S2140103884FE0030037B5044607F0D2FA014638B104
S21401039800200D4A0D4903B0BDE8304008F082BF81
S2140103A8E368A268013BDBB252F8233008481D789F
S2140103B80123084A00936C2D08BF024610232046E5
S2140103C826F0B0F903B030BD9DE00300A5E00300B8
S2140103D8DC6B0020CC6B002013B583689A68127812
S2140103E8672A22D101A826F05FFB0446A8B9BDF802
S2140103F80420174908F056FFBDF80430DA070AD476
S21401040813F0020F134B144A18BF1A46134900205B
S21401041808F048FF19E0124AF8E702461149002099
S21401042808F040FF22461049F1E7C26801A953F8CF
S214010438220003EB82035B6800681B68ADF8043092
S21401044826F038FB04460028ECD102B010BD00BFE8
S214010458D8E00300CBE003006F0A0400F9E00300CC
S214010468BBE003000BE1030037E10300034A04493C
S2140104781388C85401331380704700BF2A570020D9
S2140104884E5C002073B5154D01242B78144E13F0DD
S214010498040F0CBF02230423124A21461470328823
S2140104A802200192EB5C104A0093104B5B8801F026
S2140104B8F3FB002102200E4A01F0EEFB0D4B294604
S2140104C8009332882346022001F02CFC21460220A4
S2140104D8094A02B0BDE8704001F0DEBB4E5C002060
S2140104E82A5700204D5C002046E103001C570020D7
S2140104F86BE103008DE10300E521040070B51646A3
S2140105084FF48A52114B124DDA805980114B1B88D1
S2140105181A1E18BF012240EA82000F4A1278003AD2
S21401052818BF012240EA0210287063B103246B70D9
S2140105381B0AAB7009F088FE631C2855EE54074B5E
S21401054802341C8070BD0124F4E700BF1C5700204C
S2140105584E5C0020285700204C5C00202A570020BB
S21401056838B5D1E902320C46054653F82230024620
S21401057819880C4B1878FFF7C1FFE368A2680133A6
S21401058852F82330188824F095F84DB1E368A2682C
S214010598023352F823301878BDE83840FFF766BFB3
S2140105A838BD00BF495C0020F0B50546EB68AA686F
S2140105B8023352F8233008461C78294685B0FFF7DF
S2140105C8CFFF204625F0E8F9204E214F78B3204684
S2140105D825F0EEF90321441C03AA284623F0D1F896
S2140105E83288E4B2C2F1FF0303991B1B9BB28B420C
S2140105F822443CBFC2F1FF03039301230321009366
S2140106083A449DF80C30284626F08CF8039A022CBA
S214010618338804BF0F48110AFA5408BFC15413445B
S2140106281C44348005B0BDE8F040FFF72BBF2046D8
S21401063807F086FE01233288044600930321034609
S2140106483A44284626F06EF83388E9E72A57002008
S2140106584E5C00204F5C0020052307B5012100935E
S2140106680220044B044A01F017FB03B05DF804EBC3
S214010678FFF79EBD74E103007BE1030013B5044652
S21401068826F00EFA38B1CDE9004001210220034BCD
S214010698034A01F001FB02B010BD00BF9DE0030054
S2140106A892E10300194B37B51B783BB901210220AB
S2140106B8174A03B0BDE8304001F0EEBAD0E902327D
S2140106C8144C53F8223001211D78638802200093C8
S2140106D8114A2B4601F0E0FA104B25711B78104D94
S2140106E863B1012102200F4A01F0D6FA20460E4ACC
S2140106F8298803B0BDE8304024F0EFBE20460A4AF8
S214010708298803B0BDE8304024F0A9BF4D5C00201D
S214010718A9E103001C570020B7E103004A5C00204A
S2140107282A570020CEE103004E5C00202DE9F04157
S214010738D0E9023253F8221003EB82035A680C7888
S21401074817889A68DB68B2F80080C6B01D78002161
S214010758304B0220304A0094CDE9017801F09CFA2A
S214010768002D0CBF6E237923012102202B4A01F0AC
S21401077893FAFF23002D0DF1170606AD01932046C7
S2140107880CBF80234023424639460296009525F041
S21401079849FC0446002835D1307825F003F9074688
S2140107A8B0B1284625F08EFD1D4BFD28A8BFFD20BB
S2140107B80093234682B20DF11901022001F0B2FA24
S2140107C801210220174A01F067FA46B0BDE8F08118
S2140107D8307825F0EDF860B1284625F078FDFD283B
S2140107E8A8BFFD200E4B82B200930DF11A013B46BD
S2140107F8E3E7307807F0A4FD0B4B02460093294641
S2140108080123DAE7009001210220084B084A01F08B
S21401081843FADAE7DB170400E8E103000DE2030018
S214010828932B0400E52104008DE1030095EA0300FB
S21401083817E20300D0E9023253F8221003EB8203D1
S2140108482DE9F04F5A680F78B2F800809A68C7B059
S214010858B2F80090DA681B6992F800A01E780021A9
S2140108682F4B304A0446CDE901890220009701F052
S21401087813FABAF1000F0CBF6E2379230121022067
S214010888294A009606AD01F007FAFF2200212846FC
S2140108980DF0CCF9304625F085F8834608B30023D9
S2140108A8052100932046FD230DF1190225F03AFF94
S2140108B82870BAF1000F0CBF802340234A464146F0
S2140108C83846CDE9005625F078FB0146144807F06E
S2140108D8E7F801210220154A01F0DEF947B0BDE824
S2140108E8F08F304625F064F860B1FD2305212046D7
S2140108F8CDF800B00DF11A0225F014FF85F801B005
S2140109082870D6E70590304607F01AFD059A034683
S214010918009205212A46204625F004FFC9E700BFB4
S214010928CE170400E8E1030028E20300E5210400ED
S2140109382DE9FF471C465B68E5685B1B00255FFAE7
S21401094883F803952E46FFF7D9FDEBB298450BD9E8
S2140109580C9B9B5D282B39D8202B00F2CB800136C7
S214010968F6B2002B40F0C980FFF78CFD04B0BDE855
S214010978F087132A2FD801A151F822F04B0A01005B
S2140109885D0A01006F0A0100A30A0100710901004E
S214010998710901007109010071090100DF090100EF
S2140109A8DF090100DF090100DF090100DF09010095
S2140109B8DF090100DF090100DF090100DF09010085
S2140109C8DF090100EF090100C90A0100A3F131029C
S2140109D8D1B21329CDD90136F6B2A3F14102032AC1
S2140109E8C2D8422B6CD06C4F00213A88DFF8B0A1F0
S2140109F8C2F1FE039BB2FF2B28BFFF2301320091F1
S214010A08DBB22046524469B225F068FE3B880AF8F4
S214010A18030001331844388011E04FF00409E368F5
S214010A28A2682B4452F823301F68F8B209F1FF393F
S214010A38FFF71CFD19F0FF094FEA1727F5D1013515
S214010A4883E7E368A2682B4452F823301878FFF747
S214010A580DFDF4E7E368A2682B4452F823301888A2
S214010A6823F028FEEBE7E368A2682B4452F823300C
S214010A781F68B7F1807F09D2F8B2FFF7F7FCC7F312
S214010A880720FFF7F3FCC7F30740E0E72B460121F1
S214010A980820424A01F000F966E74FF00409E368C6
S214010AA8A2682B4452F823301F68F8B209F1FF39BF
S214010AB8FFF7DCFC19F0FF094FEA1727F5D1BEE767
S214010AC8294603AA204622F05CFE0021324F344A0A
S214010AD83B88DDF80C9002EB030CCAB2914501F194
S214010AE8010102D84B443B80A9E710F802A00CF894
S214010AF802A0F2E7242B3FF670AF013B232B3FF60B
S214010B0833AF01A252F823F04B0A01005D0A010037
S214010B186F0A0100230A0100710901007109010029
S214010B2871090100710901007109010071090100CB
S214010B3871090100710901007109010071090100BB
S214010B4871090100710901004B0A01005D0A0100E3
S214010B586F0A0100A30A0100710901007109010069
S214010B68710901007109010071090100710901008B
S214010B78710901007109010071090100710901007B
S214010B8871090100710901004B0A01005D0A0100A3
S214010B986F0A0100230A01002A57002041E20300D8
S214010BA84E5C0020094B1B7823B101210820084A16
S214010BB801F072B8D0E9023253F82230054A1B8890
S214010BC8012113800820044A01F066B84D5C002014
S214010BD867E2030028570020A9E20300D0E90232A1
S214010BE853F82230054A1B780121003B18BF012320
S214010BF808201370024A01F04FB800BF4B5C002072
S214010C08CFE20300D0E9023253F82230034A1B78B8
S214010C18012113700820024A01F03EB84C5C0020FE
S214010C28FEE2030010B5D0E90232044653F822303A
S214010C38132219880B4B1878FFF760FCE368A26843
S214010C48013352F823301878FFF710FCE368A268DE
S214010C58023352F823301878FFF708FCBDE8104035
S214010C68FFF710BC495C002010B5D0E902320446F3
S214010C7853F82230112219880B4B1878FFF73EFCDF
S214010C88E368A268013352F823301878FFF7EEFBC1
S214010C98E368A268023352F823301878FFF7E6FBB8
S214010CA8BDE81040FFF7EEBB495C0020D0E90232F0
S214010CB853F82230034A1B78003B18BF0123DB0098
S214010CC813707047495C002010B5D0E9023253F81A
S214010CD82230044619880E4B06221878FFF70EFCB8
S214010CE80120FFF7C3FBE368A268034452F82330E8
S214010CF8188823F0DFFCE368A268023352F8233031
S214010D08188823F0D7FCBDE81040FFF7BBBB00BF2F
S214010D18495C00202DE9F043D0E902324FF0FD0985
S214010D28013253F8221003EB82035A68C7B01788BA
S214010D389A68B1F80080147853F8043C002C0DF139
S214010D48170506AE18783A4614BF40238023414655
S214010D580295CDF80490009625F064F9034638B15B
S214010D68184A0121082000F097FF47B0BDE8F08334
S214010D78201E18BF01200A224146C000FFF7BEFB0D
S214010D88384623F097FC2878FFF770FB4A46314629
S214010D98287824F0B5FD044628B10B4F3D88C5F1E7
S214010DA8FF03984202DD2346084ADAE70246084866
S214010DB83146284425440DF0C9F83D80FFF762FB0B
S214010DC8D3E700BF34E303002A57002050E30300AB
S214010DD84E5C002010B5D0E90232044653F82230A2
S214010DE8082219880B4B1878FFF788FBE368A26876
S214010DF8023352F823301878FFF738FBE368A26805
S214010E08013352F82330188823F054FCBDE810400B
S214010E18FFF738BB495C002073B5D0E902320546B6
S214010E28023253F8221003EB820353F8042C53F8CA
S214010E38083C0C781988234B168818780622FFF781
S214010E485DFB0020FFF712FB304623F033FC2046FB
S214010E58FFF70CFBEB68AA68033352F823301888AF
S214010E6823F028FCEB68AA68043352F82330188864
S214010E7823F020FC204609F0E7FBE8B9204607F0F6
S214010E885FFA05210446019001AA284622F079FC5A
S214010E98019B01469C4206D0224631460A480BF081
S214010EA8A7FD02B070BD094D09482E882246304478
S214010EB834440CF00DFF2C8002B0BDE87040FFF7FB
S214010EC8E1BA00BF495C00207CE303002A570020F2
S214010ED84E5C002073B5D0E902324FF48A5153F8BC
S214010EE82230104D1A88104BD9805A8000232A4682
S214010EF800930121FF2325F015FC2B78044613F0F7
S214010F08040F0A4B08BF01261B7818BF032613B126
S214010F1809F09AF9A855064B1C8002B0BDE8704046
S214010F28FFF7B0BA4E5C00201C5700204B5C00202F
S214010F382A570020D0E9023253F82230034A1B7898
S214010F48003B18BF01231370704700BF4A5C00209E
S214010F5810B50C4608B908F003F9024B18715C7114
S214010F6810BD00BF1C57002002462DE9F341D0E909
S214010F780253526855F82310D21A0C8805EB8301E0
S214010F88013BDBB255F82380294D022A4868C8BFC1
S214010F988A682B78D8BFFF210078C8BF11783BB97B
S214010FA801210220234A02B0BDE8F04100F074BED8
S214010FB8FFF7CEFF06F0E4FC1F4F204E3B880146A4
S214010FC8224600931E48334625F019F90246C8B949
S214010FD898F804103B885F2917D1CDE900364FF6FB
S214010FE8FF712046164B24F06CFA28B103460121FE
S214010FF80220144A00F050FE0023134A2B70138077
S214011008124A137002B0BDE8F0814FF6FB718C42AC
S21401101808D9CDE900362146094B4FF6FF7024F072
S214011028AEFAE2E72146064A009624F0DAFADCE749
S2140110384D5C0020C7E303002A5700204E5C0020C1
S2140110481C570020CEE30300285700204C5C0020E4
S214011058002210B50A2104461046FFF74FFA002071
S21401106823F028FB0122044B1A70FFF70BFA2046DF
S214011078BDE81040FFF778BF7761002038B51C46F9
S21401108815460123224625F06CFB60B92146284601
S21401109825F030FD044620B101210420034A00F062
S2140110A8FBFD204638BD0024FBE700BFF5E303003F
S2140110B82DE9F0430C4615461F46D0E9022352F89F
S2140110C8231002EB830293680E8893F80080D36896
S2140110D88BB0B3F800903246012106ABFFF7CEFF7E
S2140110E8F0B90DF1200CF4B101232A884021CDE98D
S2140110F802C2CDE90471CDE900932221434606AA2E
S214011108304625F065FB0B4B0B4A00930B4B0190C1
S214011118002C08BF134601210420094A00F0BCFD33
S2140111280BB0BDE8F083624628686968032303C2EA
S2140111382246DBE754E4030039E4030033E4030002
S21401114841E4030007B501236A46002125F009FB9F
S2140111586846034908F0C8FD03B05DF804FB00BF04
S21401116851FC0000D0E9023253F8223001491888B0
S21401117808F08CBD51FC000010B5D0E9023203EB33
S2140111888201496853F8223009784FF48A52188840
S21401119825F00EFBBDE81040034601210420014A54
S2140111A800F07ABD5EE40300D0E9023253F822303B
S2140111B802214FF48A5210B5188825F0EBFABDE8DB
S2140111C81040034601210420014A00F065BD00BF16
S2140111D877E403001FB5D0E9023203EB820153F826
S2140111E82230496818884FF48A5309880293094BB4
S2140111F8094A0193094B1B7800931278084B25F08E
S2140112083FFB012103460420064A05B05DF804EBBE
S21401121800F042BD2C5700204E5D00204D5D002099
S214011228365700208EE403002DE9F043D0E9023258
S21401123853F8221003EB82035A680E8817789A68C7
S214011248DB688BB092F80090B3F800803246042130
S21401125806AB0446FFF712FF28BB08AD01232A4652
S2140112680521204625F07DFA38B9042001210F4AC8
S21401127800F012FD284624F024FB4FF48A53CDE9EA
S21401128804930023CDE9025303232121CDE90083EA
S21401129806AA3B46304625F09BFA01210346044A36
S2140112A8042000F0F9FC0BB0BDE8F083A6E40300C7
S2140112B8D5E4030038B5D0E9024303F18043023B85
S2140112C802220F4954F823009D000CF0FBFF60B979
S2140112D80C4B0D491A78042A0BD82C44A0680088B0
S2140112E821F8120001321A7038BD084B08491A78DD
S2140112F8F1E70121BDE838400420064A00F0CCBCDD
S214011308031004004E5D0020365700204D5D002076
S2140113182C570020E7E4030008B5C368806803F18A
S2140113288043023B0222064950F823000CF0CAFF0C
S21401133810B9044B187008BD0022034B1A70FAE75F
S214011348031004004E5D00204D5D002037B5D0E93E
S214011358023153F821208C0015784268521A012A66
S214011368C5BF1B195B686C091C78DCBF44F0180400
S21401137805F01F052946204625F046F9034640B1E3
S2140113882346012104200E4A009500F085FC03B08F
S21401139830BD0121A94074B92346FE224FF6FF70DD
S2140113A825F0C6FB012103460420064A03B0BDE822
S2140113B8304000F071BCFE2241EAC461EEE700BF8E
S2140113C8FDE403001DE5030070B5D0E9021551F8E8
S2140113D8253001EB8501044618884B681A788B6816
S2140113E8052A1B8802D85E1E072E0BD90121042068
S2140113F80C4A00F051FCBDE87040012104200A4A5D
S21401140800F04ABC6468641B032CCABFC968074954
S214011418096825F08DFBBDE87040024604490020A6
S21401142807F05ABF3BE503005BE5030000F8FF073A
S21401143878E5030008B5D0E9023253F8220003EB39
S21401144882035968FF22038809684FF6FF7025F062
S2140114586FFBBDE8084002460149002007F03CBF83
S2140114688BE5030008B5D0E9023253F8223005218E
S2140114784022188825F08EF9BDE808400246024940
S214011488002007F029BF00BFACE5030008B5D0E986
S214011498023203EB8201486853F82210027840238F
S2140114A80988312025F0C9F9BDE8084002460249F5
S2140114B8002007F011BF00BFCDE5030008B5D0E94D
S2140114C8023203EB8201486853F82210027840235F
S2140114D80988332025F0B1F9BDE8084002460249DB
S2140114E8002007F0F9BE00BFE7E503001FB5D0E905
S2140114F8023253F8221003EB82039B6808881A7895
S2140115080023D21A18BF0122CDE9023302A94023CB
S214011518D20125F0A1F901210090044B0420044AC8
S21401152800F0BAFB05B05DF804FB00BF54E4030005
S21401153805E6030007B5D0E9023253F82230032145
S2140115484022188825F026F901210090034B042033
S214011558034A00F0A1FB03B05DF804FB54E4030062
S21401156814E6030037B5C3688268053352F823309A
S21401157804211D786A460123044625F0F2F838B995
S21401158804200121064A00F087FB684624F099F9F1
S2140115982B466A4600212046FFF78AFD03B030BD78
S2140115A82EE6030007B5D0E9023203EB820148684C
S2140115B853F82210027840230988322025F03DF995
S2140115C801210090034B0420034A00F065FB03B099
S2140115D85DF804FB54E403005FE6030070B5856913
S2140115E80446EA0705F0020605D476B1C5F30720D6
S2140115F824F089FE09E01EB1B2210F482BF0A5F9A7
S214011608A069C0F3810024F06DFEE3691BB9BA2115
S21401161809482BF09AF9204614F098FBE3693EB185
S214011628607E9847AB0706D0BDE8704024F05FBEE1
S21401163820469847F6E770BD74E6030008B514F02F
S21401164879FE28B1BDE80840472102482BF07DB94C
S21401165808BD00BF74E603002DE9F041FF2B0446E0
S2140116680F4690461D469DF8186005D0FF2E03D0FC
S214011678D52111482BF069F90023FF2D18BFAD00BD
S2140116880E4A1CBF45F00105EDB222600C4AC4E9BA
S214011698063818BFA561FF2EC4E901232361E76058
S2140116A807D0A36943F0020323F47F4343EA0623E2
S2140116B8A361BDE8F08100BF74E60300C03E0020C8
S2140116C8E5150100002310B5054C03610460054CBF
S2140116D8C261C0E901430123C160836110BD00BF37
S2140116E8C03E0020E515010070B58669044606F07F
S2140116F80303032B0D4603D1FC2114482BF025F9CF
S214011708FF2D16D0B20704D440F201110F482BF072
S2140117181CF9284624F095FAFF28054604D14FF40B
S21401172882710A482BF011F92DB204EB45142046B4
S21401173870BDF307FBD5A36913F00C0FF7D040F281
S2140117480B1102482BF001F9F1E700BF74E603001C
S2140117580023054AC0E9063103610260C360034AF3
S214011768034B426083607047C03E0020E5150100C8
S214011778215D0200014827F0BCB900BFC03E002029
S214011788014827F0C2B900BFC03E002013B50E4875
S21401179827F089F923F011F826F047F926F069F9B8
S2140117A826F073F9FCF728FF0446FCF73FFF2346AB
S2140117B8009001210420054A00F06EFA02B0BDE847
S2140117C81040FCF71FBF00BFC03E002007E703001C
S2140117D8022808B503D12BF0B1F8014B186008BDF3
S2140117E8F03E002008B50DF08FF80122044B1A7060
S2140117F82BF02DF9BDE8084002490348FDF7C4B8A7
S214011808505D002090660020F43E0020014B1870C1
S214011818704700BF4F5D0020024B187808B106F0EC
S21401182893B87047EC6B002008B5074B1B780BB1D3
S214011838002008BDFFF7F0FF0028F9D106F05EFC8E
S214011848023818BF0120F4E74F5D002070B5FFF796
S214011858EBFF174D20B1FFF78DFF0428044613D878
S2140118682B781BB92BF0F3F801232B7022F0B3FF6A
S2140118780446D8B12B781BB9F7210E482BF065F82A
S214011888BDE87040FFF776BF22F0A7FF0028E7D033
S2140118982B785BB12AF0C5FF06460021012029F006
S2140118A8FBF930462AF0B8FF00232B70204670BD9E
S2140118B8505D002028E703001FB5FFF7C7FF044661
S2140118C8FDF740FAA04228BF204688B103A929F0AF
S2140118D8FFFD034638B9CDE90000064A03990648D4
S2140118E82BF048F818B18E2104482BF02EF8012069
S2140118F804B010BDDD470300D03E002028E70300F2
S2140119080D4B70B51B780D4D0D4C0121002B0CBFEE
S2140119182B46234602200B4A00F0BEF90A4B01214A
S2140119281B780220002B0CBF2B462346BDE87040CF
S214011938064A00F0B1B900BFEC6B00202210040083
S21401194841100400BEE703004F5D0020DDE70300F9
S21401195810B5D0E9023253F8223002201B78012153
S214011968002B15BF01240024044A054A00F094F907
S2140119782046BDE81040FFF749BF00BFFCE703005B
S21401198819E80300D0E9023253F82230034A1B78DB
S214011998003B18BF01231370704700BFEC6B002093
S2140119A838B50125084B1D702AF03BFF0446294629
S2140119B8284629F071F920462AF02EFFBDE838405E
S2140119C802490348FCF7E0BF515D002098660020F5
S2140119D81C3F002070B514F033FD10F0070F1D4DA5
S2140119E811D02B785BB901262E702AF01AFF04460F
S2140119F83146304629F050F920462AF00DFFBDE859
S214011A08704014F0EDBA25F077F8022803D1124B8E
S214011A181B78032BE5D914F013FD18B90E4B1B7868
S214011A28032B14D814F0DCFA04460028D9D02B78F6
S214011A385BB100262E702AF0F4FE054631460120D9
S214011A4829F02AF928462AF0E7FE204670BD4FF00D
S214011A58FF34ECE7515D0020D86100201FB5FFF781
S214011A68B9FF0446FDF76EF9A04228BF204688B1A3
S214011A7803A929F02DFD034638B9CDE90000064A29
S214011A88039906482AF076FF18B18C2104482AF0F3
S214011A985CFF012004B010BDB74C0300FC3E0020DB
S214011AA838E8030010B5094C0949002007F0FAFB8D
S214011AB823681B68587924F0FAF823681B68587954
S214011AC823F0FEF805F066F9002010BD7C440020DE
S214011AD8C6E8030008B524F0FFFF024628B1BDE8B2
S214011AE808400020014907F0DDBB08BDE9E803000E
S214011AF808B525F007F8024628B1BDE808400020D9
S214011B08044907F0CFBB5422BDE80840FF2102482C
S214011B180CF08CB801E903004057002038B504469C
S214011B280D4624F0F3FF024628B1BDE838400020F0
S214011B38034907F0B7BB034B23F8145038BD00BF61
S214011B481FE90300405700202DE9F34100240C4EFD
S214011B580C4DDFF838800C4F56F8043B0BB9D8F813
S214011B68003035F8022B394600920020224601340F
S214011B7807F098FB2A2CEFD102B0BDE8F08100BF30
S214011B88A4660020945700203BE90300A0660020C5
S214011B9808B52A21034824F0B1FFBDE80840FFF73D
S214011BA8D3BF00BF9457002007B5D0E9023253F8D7
S214011BB822301A78292A0DD8084B53F822300BB947
S214011BC8074B1B680749002031F812100091064997
S214011BD807F068FB03B05DF804FB00BFA4660020AD
S214011BE8A0660020945700203BE9030008B52A2187
S214011BF8034824F085FFBDE80840FFF7A5BF00BFEE
S214011C089457002038B5D0E9023253F8221003EB76
S214011C1882035B680C781D880020044907F042FBA4
S214011C2829462046BDE83840FFF778BF46E9030055
S214011C382DE9F34100240C4E0C4DDFF838800C4F8B
S214011C4856F8043B0BB9D8F8003035F8022B39465C
S214011C58009200202246013407F024FB2A2CEFD1FB
S214011C6802B0BDE8F08100BFA466002040570020FE
S214011C783BE90300A066002010B5024623F036F8BB
S214011C8820B9044C236811B11343236010BD23EA1D
S214011C980203FAE7506700200CB413B502460C4657
S214011CA823F024F860B9094B1B681A4208D005A925
S214011CB8049801910AF0B0FE14B1054825F043FED8
S214011CC802B0BDE8104002B0704700BF5067002060
S214011CD845EC0300034610B5D3E9023253F8223027
S214011CE808461C78211E18BF0121FFF7C5FF0146CB
S214011CF848B9084A084B0220002C08BF1346074A71
S214011D08FFF7CAFF10BD00210220054AFFF7C4FFEE
S214011D18F8E700BF44D803003CD8030047EC0300AB
S214011D285DEC03002DE9F04105461F460C46DFF839
S214011D382C808E18B44201D1BDE8F08100212846D6
S214011D4814F8013B069AFFF7A7FF002FF2D0424688
S214011D5800212846FFF7A0FFECE700BFD1DE03000D
S214011D680021024A0248FFF7ADBC00BFFD1D010075
S214011D78243F0020FF21014822F011BD243F002006
S214011D880022034BFF2103481A7022F001BD00BF51
S214011D98525D0020243F002013B5114C2378032BF5
S214011DA813D8009300230F4A18460F4907F07AFA0A
S214011DB8237842F21072002B08BF0022FF210B483D
S214011DC802B0BDE8104022F0D2BC002208491046F5
S214011DD807F068FA02B0BDE81040FFF7D1BF00BFB0
S214011DE8525D00206EEC030080EC0300243F0020C7
S214011DF88AEC0300F0B52B4D8FB02B7823B309A8D6
S214011E0824F0B4FE022309A88DF8243024F09CFEA1
S214011E1801AA06469446244B03F11007144618688F
S214011E285968083303C4BB422246F7D105AA1746A8
S214011E381E4B03F1100E144618685968083303C47C
S214011E4873452246F7D1E6B1012409A824F02AFEF3
S214011E5828B9BDF8243013F0020F18BF01242B78D7
S214011E681349002B4FF000034FF0A00208BF194694
S214011E78204624F0F1FD90B92B7801332B700FB072
S214011E88F0BD614609A824F061FE0028DCD1394678
S214011E9809A824F05BFE04460028D6D0D4E7FFF74D
S214011EA87BFFECE7525D0020507404006074040068
S214011EB800F8FF0710B50020324907F0F3F90822A9
S214011EC80020314907F0EEF9304B314A1978314B89
S214011ED80020002918BF1A462F4C304907F0E2F9AE
S214011EE8002024F0FFF92368002B47D01B78022B2B
S214011EF844D900222A4B10462A4907F0D3F922F082
S214011F083CFF29490246002007F0CCF900F0D0F83A
S214011F1826490246002007F0C5F923681B78032BDB
S214011F282CD900F0D5F822490246002007F0BAF964
S214011F3800F0DEF81F490246002007F0B3F900F06A
S214011F48DFF81D490246002007F0ACF900F0A4F8B6
S214011F581A490246002007F0A5F900F0D7F8184CF0
S214011F68184954F82020002007F09CF900F024F9BD
S214011F78154954F82020002007F094F9BDE81040D0
S214011F8824F0B5B9ACEC0300C8EC0300535D00209F
S214011F982210040041100400B8430020EBEC0300B3
S214011FA812DA030006DA030007ED03002BED03003F
S214011FB84FED030073ED030097ED0300BEED03003C
S214011FC854670020E5ED030008EE030008B5D0E9E4
S214011FD8023253F82230187840B10020074907F03A
S214011FE861F9BDE80840802000F034B8044907F0DC
S214011FF859F9BDE80840802000F046B82BEE0300EA
S21401200848EE0300D0E9023253F82230034A1B781F
S214012018003B18BF01231370704700BF535D0020B3
S21401202818220021094BC3E900121A7B0AB9084A8B
S2140120389A601A7C12B94FF47A72DA8140F6B8328D
S2140120485A8200229A829A75704700BF443F002040
S214012058E09304000A4B10B51B687BB11B78032B71
S21401206802D8B0F5007F09D1064C236803432360E4
S2140120786368184202D02AF05CFCA08210BD00BF3B
S214012088B8430020443F0020024A136823EA0003AD
S21401209813607047443F0020014B1868704700BF23
S2140120A8443F0020014B9868704700BF443F00201A
S2140120B8024B9868FA23B0FBF3F07047443F0020C0
S2140120C80122024B98601A73704700BF443F0020F4
S2140120D8024BD889FA23B0FBF3F07047443F00203F
S2140120E80122024BD8811A74704700BF443F002072
S2140120F8024B588AFA23B0FBF3F07047443F00209E
S214012108014B5868704700BF443F00202DE9F8434B
S21401211800244FF00C08104B104F9D7D104E398847
S214012128E3B28B4202D32846BDE8F88308FB03F3E3
S214012138F05C06EB030924F0DCF850B9FF21D9F866
S214012148080022F02CFB20B199F805309D4238BFD3
S2140121581D460134E3E700BF443F0020926B002090
S214012168D8670020124B10B51B68124CEBB11B78D0
S214012178032B02D823689B0517D52AF0DAFBA38A16
S214012188C01A638A80B283423EBFD4E900329343C1
S214012198236024F02BFC08B1E08910BD2368002BCE
S2140121A8FAD1FFF7B3FF0128F6D0A068F5E700BF1C
S2140121B8B8430020443F0020014B987D704700BF7C
S2140121C8443F002038B504460D462AF063FC244BEC
S2140121D81B7813B1204622F0CBFD402C27D006D819
S2140121E884B13F2C18D0BDE8384024F080B84C3C68
S2140121F80C2CF8D81B4B2341DB07F4D40220FFF73D
S21401220843FFF0E74FF40070FFF73EFF0220FFF7A9
S21401221821FF154B1C71E6E74FF40070FFF734FFFA
S2140122280220FFF731FF00220F4B1A71DBE723F07C
S214012238E1FF0028D7D10C4C022023790133237102
S214012248FFF722FF4FF40070FFF704FF2379AB4234
S214012258C9D322F08EFD0028C5D122F063FDC2E75E
S214012268535D0020FEEEFFFF5C3F002010B505F031
S2140122785FFB02280AD124F095FB034630B1BDE87E
S214012288104000220249104607F00CB810BD00BFE6
S21401229894EE03000021024A0248FFF713BA00BF72
S2140122A875220100643F002038B5002024F01AF892
S2140122B8124B1B6893B11B78022B0FD905F038FB1C
S2140122C8022816D10E4C2568FFF74CFFA84220605D
S2140122D808D0FF2122680B4822F049FABDE83840A9
S2140122E824F005B8FF21074822F059FA0028F5D14D
S2140122F8EFE7FF21034822F04BFAEFE7B843002047
S2140123085C3F0020643F002002460249002006F098
S214012318C9BF00BFA8EE030010B5234C2348FF2110
S21401232822F036FA207802281ED003282ED001285B
S21401233804D02120BDE81040FFF7E6BF1C4B1978F2
S2140123480029F7D002231B4A23701378052B0EBFEA
S21401235800230133DBB29942137003D105231370AE
S2140123680020E7E7052BFBD0124B1B78052B02D183
S21401237803232370DDE7104A104932F8230007F0DB
S21401238885FC032323700028D4D110BD094B0C4AC1
S2140123981878094B03EB8001897833F8200007F099
S2140123A845FC0123EEE700BF545D0020843F002072
S2140123B85D5D0020EE6B0020E8570020A92501008E
S2140123C8552501002DE9F04F0D46144695B00490A9
S2140123D8112200210FA89946DFF86C810BF026FC24
S2140123E804EB45030393D9F800301C2B02D0039B5A
S2140123F89C4202D115B0BDE8F08F0123DFF844A155
S2140124088DF81C3023884C4AADF81E309AF80030F7
S2140124184A4D08EB83039B7828788DF8203013689B
S2140124288DF81D00CDF821305368CDF8253023F0FE
S21401243860FF049B8DF8290021882878002B4AD153
S21401244823F026FC002844D09AF800300FAA38F862
S214012458230007A922F09BFC00283AD023F045FA6E
S2140124684FF0000B074606461C255FFA8BF297428B
S21401247834D8B7422BD99DF81C30032B1AD10FAB91
S2140124880193BDF8213000220421009301202C4B32
S21401249806F08EFD9AF8003008EB83039978274BEF
S2140124A8187806F001FE9AF80030002038F8231054
S2140124B823F074FE5DB107A9304624F065FA214B76
S2140124C805461B78304638F8231024F05FFAC9F819
S2140124D80050023487E723F0D2FBB3E710460BA976
S2140124E8059224F04DFA30B99DF82C1031B9059AA9
S2140124F8B74208BF16460BF1010BB6E7BDF82E002A
S214012508BDF81E209042F6D19DF830009DF8202097
S2140125189042F0D19DF81C208A42ECD1032A14BFC0
S214012528082202220DF121010DF131000BF0CAFE3D
S214012538002808BF0025DEE7555D0020ED6B00206A
S21401254825F10300EE6B0020E857002013B503467B
S2140125580020114A9C6812780190052A03D01B783E
S214012568032B00D12CB9012002B0BDE81040FFF7BB
S214012578CBBE6268217801ABFFF724FF217A0120E0
S214012588E26801ABFFF71EFFFF21044802B0BDE871
S214012598104022F0F5B800BFEE6B0020843F002003
S2140125A8094B1B78052B02D00378032B02D0012098
S2140125B8FFF7AABE8168054A0B68054813604B6891
S2140125C8FF21536022F0DCB8EE6B0020555D002039
S2140125D8843F002038B50024114B124D1870124B59
S2140125E8FF211C702C7006F05FFD012203211046A6
S2140125F80E4B06F0DDFC4FF6FF712246084623F027
S214012608D0FD044648B940F6B832FF21084822F002
S214012618AEF801232B70204638BDFFF775FEFAE7A2
S214012628ED6B0020545D00205D5D0020E52104006F
S214012638843F0020144BF0B51A68144913680978CA
S214012648587988420BD11249D78808460022114D7D
S2140126581E792B78D4B2A34203D8052C0AD10020C0
S214012668F0BD0C88BC4202D18C78B442F7D0013256
S2140126780431EFE7A342F2D120F82270013300EBD0
S214012688820086702B70EAE77C440020ED6B002000
S214012698E85700205D5D0020FF2307B50021044AA6
S2140126A804480093FEF7D8FF03B05DF804FB00BFAB
S2140126B821230100843F00201FB5B42303210446CB
S2140126C8ADF80E3023F0DBFA98B1212320460093AB
S2140126D8002203210DF10E0323F080FC044600209E
S2140126E8054B064A0649009406F0DCFD204604B070
S2140126F810BD8624F3E700BFD2EE0300DFEE030029
S214012708F4EE0300D0E9023253F82230034A1B786C
S214012718012113700220024AFFF7BEBA066C002098
S21401272803EF03000122014B1A707047066C002064
S2140127380A4B90F805111B7890F8082119448A422B
S214012748BCBFB2FBF3F103FB11234FF0FF32B8BF56
S214012758DBB202FA03F380F80A317047066C0020F0
S2140127682DE9FF410446057F867EDFF870806E43BB
S214012778237F98F8002013449D4212DB607F60B9DE
S214012788238B029363690193237C00936288A31DBC
S214012798217805F095FDFF232370002004B0BDE8DD
S2140127A8F081E37EAB42E9D9A77E228BF1199142EB
S2140127B8A4BF921BD7B205EB0323E3813A463346FF
S2140127C82946204622F0FDFA0028E7D1637F3744E0
S2140127D8013301356377BEB2EDB2C9E7066C002056
S2140127E837B5054624F0FEF80D4B04461B686946C6
S2140127F81B78032B82BF0B4B1B881B18284688BFE8
S2140128089CB224F077F938B9684624F0EDF818B97F
S214012818044B1B8823449CB2204603B030BD00BF3E
S214012828B8430020966B0020084B1B78FF2B0BD172
S214012838074B1B78FF2B07D1064B1B78022B03D0BF
S2140128484FF48070FFF720BC704700BF5C6700201C
S214012858D4400020A43F002010B50446FF2121F0F3
S21401286897FF054B9C4202BF0023A4F5887423708A
S214012878BDE81040FFF7D8BFB44000202DE9F04767
S2140128889A462A4B81461B7888461646BDF820503C
S214012898002B49D0FF2D3ED938252846BDE8F087BC
S2140128A8234B0C223146A01D636184F80090A4F8DE
S2140128B802800BF00DFAA289414642F4004242F02A
S2140128C840022046A28122F08EFA2A4651466069C5
S2140128D80BF0FEF941464846A21D258323F0D6FD96
S2140128E8A0760028D8D00544013DB5FBF0F0FF28B6
S2140128F8D2DC0023E0762046A383FFF731FF0546A6
S21401290880B923794FF48070B372FFF7A3FB227C5A
S214012918099B1A80C1E7074C2778FF2FC0D040F6DD
S2140129280345BAE72770F2E70225B6E7066C0020EA
S2140129385F5D0020D4400020B0F9063010B5002BAA
S21401294825DA144C2278237CFF2A02D0827A9A420E
S21401295807D0114C2378FF2B17D0827A237C9A4212
S21401296813D169B9637F013BDBB263775BB90B4A65
S214012978237F1278204613442377FFF7F1FE01469A
S214012988204622F03FFAFFF74FFF012010BD002036
S214012998FCE700BFD44000205C670020066C0020DE
S2140129A82DE9F04F9A46B1F9063091B0002B0D4645
S2140129B81746DDF86880049080F22981B8F800305F
S2140129C8FF2B04D94FF4B871A64829F0BEFFA64BD1
S2140129D800241A7893F80401B3F80211002A40F08B
S2140129E8A5802E7AA14A1278B24240F2AF8002221E
S2140129F8A3F802711A70AA7AFF2483F80421002228
S214012A08A3F8084183F80521A3F80621B8F80020A1
S214012A18954883F80C21FFF78BFE3846FFF7E0FE52
S214012A28214600EB4002924821F0A1FE4FF4807047
S214012A38FFF710FB8C4C94F80A91B9F1FF0F20D1DF
S214012A488A4A94F8053112781344B34219DC94F88B
S214012A580C1184F80531B4F80631204601FB02331F
S214012A68A4F80631FFF764FE0122824B38461A7035
S214012A78FFF7B6FE494600EB400204F5887021F0E0
S214012A8876FE94F80531B34260D8DFF8E0B19BF8DA
S214012A9800C00CEB0302964258DA764994F80821EE
S214012AA80878013A002853D0964205DAB8F800208B
S214012AB884F80C2100220A70B6FBFCF901220CFBF3
S214012AC8196994F80A015FFA89F902FA09F2D1B28A
S214012AD8024076B92889000A844584F8080108D98D
S214012AE82046CDE906210593FFF722FEDDE90621FA
S214012AF8059B94F80A01014384F80A1182B994F8EF
S214012B080921B4F806C1013284F80921B8F8002071
S214012B18DAF800100CEB0200FF2826DD03232370E9
S214012B2894F80831013B9E4230D138E0AE7A8642AD
S214012B3802D18F4200D11C462E7A002C7FF47BAF3F
S214012B48002A3FF44FAF012A3FF44CAF01205FE063
S214012B589642B1DA94F80C1198F800209142ABD05D
S214012B6804F58870FFF778FEF0E794F80CE1F31A9D
S214012B780EFB03C3A01C10FA83F005920BF0A8F80D
S214012B8894F80831059A013B9E4244D0012394F8F3
S214012B980A2103FA09F3013B1343FF2B04D122460A
S214012BA82946384622F020F994F8083194F8092184
S214012BB89A42CBD19BF80030B2FBF3F103FB11220A
S214012BC812F0FF0218BF13462278022A26D1264A97
S214012BD8023410785178012804BF0131517001225E
S214012BE824F8022CEA88B4F8041122F04002EA809C
S214012BF894F809210A44591E94F80A3113FB01F383
S214012C081344A8F80030CAF80040FFF70DFE00206C
S214012C1811B0BDE8F08F84F80B21C0E76979002967
S214012C2894D0032A92D1B4F8062194F80B1108AE71
S214012C3811445A1E94F80C31284613FB02F30B4430
S214012C4800219BB2A21CA8F80030CAF80020CDE9E2
S214012C5800710296049907F005FD8921304623F094
S214012C6812FC7DE72AEF0300A43F0020066C002033
S214012C78B44000205E5D002013B5044618B1012853
S214012C880BD002B010BDFF2301460093064A074841
S214012C98FEF7E2FC064B1C70F3E7FFF743FDFF2245
S214012CA8044B1A70EDE700BF61280100B44000200C
S214012CB8A43F0020D440002013B501A909F076FFEF
S214012CC8044648B9BDF806309DF80420034906F0C5
S214012CD8E9FA204602B010BD8120FBE7C1EF0300E8
S214012CE813B5694609F06EFF044688B9BDF8023087
S214012CF89DF80020074906F0EFFA2046019906F0EC
S214012D0843FA2046044906F0CDFA204602B010BD23
S214012D188120FBE7E5EF03000BF0030037B56946B2
S214012D2809F074FF044618BB9DF801309DF8002091
S214012D38104906F0D1FA104D9DF80120E3B29A42E7
S214012D4806D800200D4906F0ADFA002003B030BDC4
S214012D580198630003F4FF7302220021184423F04C
S214012D68ABFA29460246002006F0B6FA0134E3E734
S214012D788120EBE70DF003003CF00300E521040099
S214012D8813B501A909F018FF044648B9BDF806307D
S214012D989DF80420034906F085FA204602B010BDC6
S214012DA88120FBE746F0030030B500240B4D85B0C3
S214012DB86946E0B223F0E4FD50B99DF80030032BD4
S214012DC806D12946BDF805309DF8012006F06AFAB5
S214012DD80134202CECD105B030BD00BF6DF00300E6
S214012DE808B50020034906F05DFABDE80840FF2053
S214012DF800F0DEBA7FF003002DE9F04F85B00646F5
S214012E080D46174622F03EF8044640B130463A468B
S214012E18294622F021F8002005B0BDE8F08F4FF0D2
S214012E2803094FEA15285FFA84FA6946504623F0E3
S214012E38A7FDB8B99DF800B0BBF1000F12D16946DD
S214012E4850468DF800908DF805508DF806808DF85F
S214012E58016023F099FD02460028D7D05846064956
S214012E6806F020FA0134202CDDD10020034906F0B3
S214012E7819FA8920D0E700BF94F00300BBF00300DD
S214012E881FB5002304468DF80F3021F0E6FF28B160
S214012E989DF80F3063F07F038DF80F3018230193E8
S214012EA80DF10F030022009304214023204623F04E
S214012EB884F8024618B10020024906F0F3F904B076
S214012EC810BD00BFD6F003001FB502A909F08CFE9D
S214012ED8044688BBBDF80820184906F0FDF92046C7
S214012EE8039906F051F92046154906F0DBF94FF625
S214012EF8F672BDF80810134C4B1E9BB2934219D8B4
S214012F082368039A1B685879FFF776FF23681B79AD
S214012F18012B0BD8BDF808300022CDE900030421A7
S214012F28094B092006F044F823F0A7FA6FF0FF00D2
S214012F3804B010BD8720E9E78120F9E7F5F0030022
S214012F480BF003007C4400200CF1030070B5044626
S214012F588AB005AD1122002128460AF067FE2046F0
S214012F6804A909F035FE044600283AD11E4EBDF8DC
S214012F7810201E4906F096F932681379012B28D8D5
S214012F884FF6F670BDF810104B1E9BB2834224D83C
S214012F981368587921F076FF08B333682A461B6808
S214012FA8BDF81010587921F056FFBDF810300122EF
S214012FB80421CDE9004309200D4B029505F0F8FFE1
S214012FC823F05BFA034620B100200A4A0A4906F0B4
S214012FD869F96FF0FF000AB070BD8724E5E78B2416
S214012FE8E3E78120F7E700BF7C4400200FF10300E8
S214012FF824F1030028F1030033F103002DE9F0471B
S2140130089AB004A909F0FCFD0446002840F0B580F2
S2140130189DF810205B4906F05FF925465A4E9DF843
S2140130281020EBB29A4254D80020584906F03AF9D3
S2140130389DF81050002D40F099802C462E46544F8E
S21401304806A9F0B223F09CFCC8B99DF81830032BEA
S21401305815D13B689DF819201B685B799A420ED1F9
S2140130689DF81D2005F168036B4403F8402C9DF874
S2140130781E200235013403F83F2CEDB2E4B20136C6
S214013088202EDDD19DF810300BB1002C77D00AAB7D
S214013098CDE90143FF2302220421009309203D4B79
S2140130A8039505F085FF23F0E8F9034660B19DF81E
S2140130B81020002A5FD0384A3849002C08BF0A4633
S2140130C80020374906F0EEF86FF0FF001AB0BDE8A9
S2140130D8F08705986B0003F4FF7302220021184459
S2140130E823F0EAF831460246002006F0F5F80135E5
S2140130F895E70598730003F4FF730222002118442C
S21401310823F0DAF8002780465FFA80FA06A9F8B2B3
S21401311823F036FC00BB9DF81830032B1CD1D9F8D8
S21401312800309DF819201B685B799A4214D19DF8E6
S2140131381D30534510D19DF81E30C8F307229A4218
S2140131480AD105F168036B440235013403F840AC33
S21401315803F83F2CEDB2E4B20137202FD6D1013661
S2140131689DF81020F3B29A42C3D88BE70025DFF802
S21401317820902E46F4E7084AA2E78120A6E78B208E
S214013188A4E700BF8DF103003CF00300E52104002D
S2140131987C440020ACF103005EF103007CF10300DF
S2140131A8B0F103002DE9F04389B002A909F016FD34
S2140131B80446002867D1BDF80820344906F072F89D
S2140131C84FF6F672BDF80850DFF8D4906B1E9BB226
S2140131D8934254D8D9F8003029461B685F79384697
S2140131E821F050FE00284CD026465FFA86F8404665
S2140131F803A923F0C5FB28B92946384603AA21F0B6
S2140132082EFE20B90136202EEFD14FF0FF0840469A
S21401321823F0B4FB014658BB112203A80AF006FDA9
S2140132282946384603AA21F017FED9F800301A793C
S214013238012A18D81B68BDF80810587922F0FDFF36
S214013248BDF8083003220421CDE900430920104BBC
S21401325805F0AEFE23F011F9034620B100200D4A11
S2140132680D4906F01FF86FF0FF0009B0BDE8F083BE
S21401327802460A49002006F015F80124D5E78724F6
S214013288D3E78B24D1E78120EFE700BFD2F1030013
S2140132980CF1030010F2030033F10300E9F1030017
S2140132A87C4400202DE9F043DFF894800020D8F80C
S2140132B8003021491B688BB05E79002505F0F2FFC6
S2140132C801275FFA85F9484601A923F059FB044608
S2140132D890B99DF80430032B0ED19DF80530B34202
S2140132E80AD1484623F04AFB0146A0B102461349D3
S2140132F8204605F0D7FF27460135202DE1D1D8F81D
S214013308003000211B68587922F097FF87F00100EA
S2140133180BB0BDE8F083112205A80AF087FCBDF8BA
S21401332809403046214605AA21F096FD2146304639
S21401333822F083FFE0E700BF1DF20300E9F1030076
S2140133487C44002037B5694609F054FC044638BB6E
S214013358BDF80020134905F0BFFF134D204601991B
S21401336805F012FF2046114905F09CFF2B681B68E3
S214013378587923F071F870B14FF6F672BDF800105F
S2140133884B1E9BB2934209D82B68019A1B68587941
S214013398FFF732FD0446204603B030BD8724FAE71E
S2140133A88120F9E731F203007C4400200BF003008A
S2140133B87FB505460024E6B26946304623F0E0FAB2
S2140133C8A8B99DF80030032B11D19DF80130AB4206
S2140133D804D0FF2D0BD19DF80D3043B9304623F0AC
S2140133E8CDFA024618B10020034905F05BFF013407
S2140133F8202CE0D104B070BDE9F10300034B1B6833
S2140134081878012808BF0220704700BFB84300207B
S214013418D0E9023253F822301A78024B1A7000F0BB
S214013428E7BA00BF5E5E002070B5D0E902456B1EA4
S214013438DBB254F8230003221B490AF043FF54F871
S214013448253004EB8504197863681A78A2F10B0312
S2140134580F2B05D915490020BDE8704005F022BF9D
S21401346801290FD1124C9140236840B90B43114AE8
S21401347823600020BDE870400F4905F013BF23EA1A
S2140134880103F4E702290CD101230C4903FA02F2DD
S2140134980B6818B913430A4A0B60EAE723EA0203E2
S2140134A8F9E70A460749D6E755F2030059F2030039
S2140134B8806700206FF2030077F203007C67002024
S2140134C88AF2030094F2030007B5D0E9023103EB50
S2140134D8810253F821300B491B785268012B0A4B9D
S2140134E808BF0B4612684FF000001A600092074AA0
S2140134F8074B084918BF1346074A05F0D3FE03B021
S2140135085DF804FB806700207C670020AFF20300AB
S214013518A7F20300B9F203008074040038B5254AFF
S214013528254B264C0020264905F0BCFE00202549DF
S21401353805F0B8FE22682449002005F0CDFE206873
S214013548224C234D05F088FE2146002005F0AAFEF0
S2140135582A682049002005F0BFFE286805F07CFE91
S2140135682146002005F09EFE1B4B1C491A781C4B71
S214013578002053F8223005F095FE00F00DF91949A0
S2140135880246002005F08EFE174B00201A781749D0
S21401359805F088FE164B17491A78002005F082FEBA
S2140135A804F0C6F9BDE8384002461349002005F084
S2140135B879BE00BF80740400D3F203008067002040
S2140135C8DAF20300E2F20300F0F2030053D9030033
S2140135D87C67002001F303008C5E002012F30300D1
S2140135E88467002025F30300715E002039F3030089
S2140135F8705E00204BF303005DF3030007B500F08F
S21401360871F8054B0090054A0020054905F04AFE69
S21401361803B05DF804FB00BF73F303008074040075
S214013628F4EE0300F8B504460B4F0C4E0C4D002083
S2140136380C4A0D4905F036FE20463B782978327843
S214013648F4F7B4FD00233B7033702B70FF21BDE8FF
S214013658F840064821F09CB88C5E0020705E002079
S214013668715E00208074040078F30300F4400020A3
S21401367837B51248FF2121F08BF8114B187810F056
S214013688100505D0002003B0BDE8304003F01CBF8C
S2140136980121B42004F0C6FA04460A4B0A4A0B492B
S2140136A80090284605F0FEFD2046FFF7BBFF4FF4C5
S2140136B8806003B0BDE83040FEF7E6BCF440002069
S2140136C88C5E00208FF3030080740400F4EE030080
S2140136D80021024A0248FDF7F5BF00BF793601000E
S2140136E8F440002008B5054B1B7823B11720FFF7D7
S2140136F899FF002008BD0220FCE700BF8C5E002071
S21401370810B550B1054B00F1100250F8044B904229
S21401371843F8044BF9D1024B197010BD725E0020B4
S214013728825E002037B5174D04462B78DB0626D572
S2140137380090154B0020154A154905F0B3FD1E2CBF
S2140137480BD0652C09D0032C19D0002023F090F952
S21401375840F61C40FFF766FF0DE023F0B1F94FF481
S214013768FA63B0FBF3F202FB1300C218FF21094803
S21401377892B220F0FCFF2B7823F010032B7003B0D5
S21401378830BD00BF8C5E0020A8F3030080740400DF
S214013798F4EE0300F4400020014B1879704700BF8F
S2140137A8FC57002070B54C4E8EB0337803F0FB0200
S2140137B8A3F10905022AEDB258D0042B41F60412EA
S2140137C857D0A3F108014B424B415B0013434348D2
S2140137D8ADF80C3021F086FB48B9414B3F4A03F15E
S2140137E8100153F8040B8B4242F8040BF9D13D4BF8
S2140137F81B78002B3FD03C4B0DF10E0203F1100154
S21401380853F8040B8B4242F8040BF9D103A823F0B2
S2140138184FF92328044610D1012D49D80020334AF0
S214013828334905F03FFDBDF80C3003A823F40053D7
S214013838ADF80C3023F03CF90446002C41D14FF486
S2140138480C7023F033F9044600283AD103F0FAFE47
S214013858012D36D8274A01AB1068516803C326499B
S21401386801A823F081F978B319242AE043F6041253
S214013878A7E70223AAE73378042B0DD0082B0BD031
S2140138881E4B0DF10E0203F1100153F8040B8B4287
S21401389842F8040BF9D1B9E7104A0DF10E0302F10B
S2140138A8100152F8040B8A4243F8040BF9D1ADE72C
S2140138B8337803F0FB03022B03D10020104905F0EF
S2140138C8F1FC20460EB070BD044901A823F04CF95E
S2140138D804460028C8D1F4E78C5E0020605E00200C
S2140138E875F40300825E0020725E00208074040076
S2140138F8CCF3030086F40300707404008FF403000D
S21401390827F4030070B5002686B00446252023F068
S214013918B5F81622002116480AF088F9154B1E60DC
S214013928154B1878FFF76AFD022814BF01230423F4
S21401393803208DF8083023F0EFF804238DF81030B3
S2140139480E4B02A80593039403F030FD05460C4B75
S2140139580C4A19680C4B3046A14208BF134600941E
S2140139680A4A0B4905F09EFC284606B070BD00BF02
S214013978FC570020144100208C5E00206D3C01009D
S21401398880670020A7F20300AFF2030080740400EA
S214013998A0F4030008B5134A1378042B09BF124B89
S2140139A801331B78C3F10603DBB2137003F0FD0283
S2140139B8092A04D11720FFF735FE172008BD0A4A41
S2140139C81278002A14BF052206229A4207D1074B0D
S2140139D818680028EED0FFF795FF4D20EEE7002087
S2140139E8ECE700BF8C5E0020825E00207C6700202A
S2140139F873B51E4C1E4E23683268134334D01D4BD4
S214013A081B6853B31C4D2B783BBB03F091FFF8B9E9
S214013A184FF48060FEF71EFB184B24681B7894B1A0
S214013A28C3F102032B7003F047FD2046FFF76AFF38
S214013A3804460020124B134A1349009405F032FC41
S214013A48204602B070BDC3F1060334682B70EAE75E
S214013A580121B42004F0E6F8EAE70020094A0B49F8
S214013A6805F020FC0224E4E70224E9E78067002049
S214013A787C670020B84300208C5E0020825E002010
S214013A88E8F4030080740400F4EE0300CEF40300A7
S214013A982DE9F347384D394E00202A792B883849C5
S214013AA805F000FC3268287922FA00F010F00100CF
S214013AB802D1344905F0F6FB334F3C783CB1082275
S214013AC8324933480AF0FEFB041E18BF0124DFF80A
S214013AD8DC80DFF8A490DFF8B4A014E098F80000C2
S214013AE849460130C0B288F8000022F0B9FF002824
S214013AF835D13C783CB10822514625480AF0E2FB0C
S214013B08041E18BF01242A793368D340DB07E5D59C
S214013B18002CE3D100922B881E4A1F49204605F047
S214013B28C1FB1E4B1878FFF769FC012303221249D3
S214013B3822F09CFF1A4A054613780133137010B910
S214013B4802B0BDE8F08720462B46124A154905F013
S214013B58A9FB284602B0BDE8F047FFF763BD002081
S214013B68114905F09FFBFFF715FF0028E8D102B0C1
S214013B78BDE8F04700F01CB8FC57002014410020AF
S214013B88EEF403001FF503008B5E0020835E002021
S214013B980A58002080740400EEF503008C5E0020AD
S214013BA8705E00208FF50300B8F503005F5E002005
S214013BB82DE9F041214C224D2378002055F8233079
S214013BC8204A214905F06EFBFFF7ECFD03461D4E22
S214013BD81E4FDFF874802BB92378042B15D8B3B998
S214013BE81B4B15E032463946002005F05BFBFFF714
S214013BF8D1FE00BB2378324655F82330414605F0FE
S214013C0851FBFFF7CFFD0346E5E7092BE8D1114B3A
S214013C1800201B68104A11491360114B187022F0D6
S214013C281FFF20B1BDE8F0410120FFF7FBBCBDE84E
S214013C38F041FFF72DBFBDE8F08100BF8C5E002084
S214013C4884670020807404000EF603001BF6030048
S214013C587C6700208067002014410020FC57002064
S214013C685F5E002070B51C4C23789BB3838913F4E0
S214013C78407F2FD0056835B12A46BDE87040002040
S214013C88164905F00FBB22F0E9FE154E03463070C3
S214013C98144A2846144905F005FB33781BB1BDE8DC
S214013CA87040FFF785BF2378082B0CD8042B0CD857
S214013CB80E4B1B78C3F1060323700D4BBDE870400D
S214013CC81868FFF71FBE0A2BF2D1BDE8704018200E
S214013CD8FFF7A8BC70BD00BF8C5E002046F6030047
S214013CE8715E00208074040073F60300825E002073
S214013CF87C67002030B5464D03460446454A0020F9
S214013D08454987B005F0CEFA2B782BBB01A822F0DF
S214013D182DFF022301A88DF8043022F015FFB0B953
S214013D283E4901A822F012FF88B1152C0FD122F0C6
S214013D38C7FE47F23153B0FBF3F202FB130000F55E
S214013D481C50103080B203F0BFFB07B030BD162CF4
S214013D58FBD103F0F3FBF8E7152C2AD100202D4AF6
S214013D682F4905F09FFA2B78042B11D0082B0FD07A
S214013D782C4B1B78DA070BD401A822F093FE18B94E
S214013D88BDF804309B0703D42B7843F010032B703F
S214013D9822F096FE4FF4FA63B0FBF3F2FF2102FB22
S214013DA81300C218204892B207B0BDE8304020F090
S214013DB8DEBC22F0B7FE04460028C6D12B78013BAC
S214013DC8092B1ED8134A194905F06CFA184A1949DD
S214013DD813780133D8B2107022F042FE60B1204643
S214013DE8154905F05FFAFFF7D5FD0028ADD107B0F4
S214013DF8BDE83040FFF7DCBE07B0BDE83040FFF74E
S214013E0847BE40F61C4007B0BDE83040FFF70ABC85
S214013E188C5E00208074040097F60300707404001A
S214013E28AEF603005E5E0020F4400020C1F60300F3
S214013E385F5E0020FC570020B8F503002DE9F0412D
S214013E480B4686B004460E4617463A4902460020F7
S214013E5805F028FA4FF000080123CDE901380DF1E5
S214013E6816030093424640230621204622F0DAF83C
S214013E78054640B102463049404605F013FA284641
S214013E8806B0BDE8F0819DF816202AB936B900209B
S214013E982A4905F007FAF2E7012EF8D082F0010365
S214013EA8002027498DF8173005F0FCF99DF81730E2
S214013EB80DF1170633B310230022CDE9006306215E
S214013EC84023204622F079F8064630B132460020D3
S214013ED81C4905F0E7F93546D1E74FB908212046D0
S214013EE821F0CDFE20B120469DF8171022F0A6F944
S214013EF80521204621F0C3FE0028C0D0204622F026
S214013F089AF9BCE74FB90821204621F0B8FE20B13E
S214013F1820469DF8171022F091F910230022CDE9CA
S214013F28006306214023204622F047F8064600286B
S214013F38DED0CBE7F0F803000CF9030025F90300FF
S214013F4845F9030065F90300002208B5034B11463D
S214013F581B681B685879FFF771FF08BD7C44002071
S214013F6808B5044B00221B6801211B685879FFF726
S214013F7865FF08BD7C44002008B5044B00221B6879
S214013F8802211B685879FFF759FF08BD7C440020B9
S214013F9810B50123002488B001A88DF80430CDE9B6
S214013FA80244F5F711FC20469DF80420124905F055
S214013FB879F92046039A114905F074F92046029AC0
S214013FC80F4905F06FF910220E4B0DEB0201188808
S214013FD840F0604040F48010FBF744F920460A4957
S214013FE805F07AF904A822F0A9F92046074905F050
S214013FF859F908B010BD00BF7EF903009DF903000A
S214014008BCF9030030740400DBF90300E521040061
S21401401808B520F098FF0020024905F043F9012071
S21401402808BD00BFF8F903000023054A8360C36092
S214014038044BC0E9002311B14FF6FF730B8070479C
S21401404849101CB20530021110B5044660B10020B3
S214014058064905F027F9052C06D002F0CBF90449E4
S2140140680246002005F01EF9012010BD0CFA0300D7
S2140140781DFA030037B500216A4601AB054621F053
S21401408823F8044668B100220F49104605F00AF9DC
S21401409802F0B0F90D490246002005F003F903B015
S2140140A830BD0B4905F0FEF801201FF062FF01F054
S2140140B899FF431C02D007F09DFFF0E721462846EA
S2140140C8FFF7A6FFEBE700BF46FA03001DFA030059
S2140140D88EFA030038B5054601F084FF044622F03F
S2140140E876F84DB100200E4905F0DCF8631C14BFC4
S2140140F82046002007F040FF20F033FF0228044640
S21401410805D0012805D10020064905F0CBF8204640
S21401411838BD0020044905F0C5F80024F7E700BFBC
S214014128ABFA0300C5FA0300DEFA030008B500205F
S214014138034A044905F0B6F8BDE8084000F050BD4A
S214014148880A0400F7FA030008B50020034A044960
S21401415805F0A8F8BDE8084001F0CAB916FB030047
S214014168F7FA03001FB5D0E9023253F82230684641
S2140141781C78214601F0D0FB684601F073FC28B98B
S2140141882246044905F08EF804B010BD6846FFF7CC
S21401419871FFF9E71CFB03000020014905F082B80E
S2140141A838FB03007FB50DF1060102A8FFF73CFFB7
S2140141B80020264905F076F80020BDF80820244995
S2140141C805F070F80020BDF80A20224905F06AF8C3
S2140141D8039A0020204905F065F800201F4905F0DC
S2140141E87BF84FF6FF73BDF806209A4229D00020C7
S2140141F81B4905F057F800201A4A1B4905F052F8E2
S21401420800201A4A1A4905F04DF8002219491046A5
S21401421805F048F80020154A174905F043F80A2220
S2140142280020164905F03EF80A220020144905F038
S21401423839F80A220020134905F034F807B05DF86A
S21401424804FB0020104905F02DF8D4E747FB0300CE
S2140142585FFB030078FB030091FB0300AAFB030046
S214014268B5F90300E0930400C0FB0300C02709006A
S214014278DFFB0300FEFB03001DFC03003CFC030000
S2140142885BFC030079FC0300BDFB030008B50020B6
S214014298034905F007F8BDE80840012001F0FAB91E
S2140142A897FC030008B50020034904F0FBFFBDE8AE
S2140142B80840002001F0EEB9B0FC030030B5104B01
S2140142C8104D1B5C85B08DF80F302B780446834261
S2140142D806D00D4B0D4953F82020002004F0E2FFCC
S2140142E830232C700A4801930DF10F030093062220
S2140142F880231921007821F060FE05B030BD00BF8B
S21401430897740400945E0020A4740400C8FC03009B
S214014318F06B00201FB5232303900193064803ABD7
S2140143280093012280231921007821F046FE039884
S21401433805B05DF804FB00BFF06B002073B5164DA1
S21401434804462B78154ECBB120F02CFE012815D04B
S214014358346040F6B244124B1B78072B17D02D78E1
S214014368C5B920F01FFE031E18BF01230D4800958E
S21401437822461921007821F0A4F903E000233360CE
S214014388002CE8D1201E18BF012002B070BD0225FE
S2140143980123EBE70025FBE7915E0020184100208A
S2140143A8945E0020F06B002008B50448FFF7C6FFAE
S2140143B8BDE808400220FFF781BF00BFC0270900FB
S2140143C810B5064C208821F03AFF608821F037FFA7
S2140143D86068BDE8104021F041BF00BF1C410020C5
S2140143E87FB523238DF813300DF1130302930423AD
S2140143F80648019305AB0093012280231921007812
S21401440821F010FE059807B05DF804FBF06B00205C
S2140144182DE9F047DFF84C91044699F800009046DC
S2140144280F4621F00EFC0B2899F8002005D9BDE8A7
S214014438F04700203F4904F035BF00263E4B3F4D6C
S2140144481E803F4BDFF820A103EB00135B88012099
S2140144582B802A7104F04EFE05F0F6FE04F04AFEA3
S214014468204604F047FE0123042C8AF800300BD8B6
S214014478022C45D89C4216D02346BDE8F0470020BA
S214014488304A314904F00EBF062CF5D130462F4983
S21401449804F008FF384604F02DFEFFF791FF97B1A8
S2140144A88AF800600FE04FF6FF76294F3888801BA0
S2140144B818BF012004F01EFEFFF782FF3888B042BD
S2140144C801D021F0BCFE19236B8099F8003000203A
S2140144D82B71204B1B786B71EB8843F04003EB8004
S2140144E81D4B198821F05AFE034620B122460020AA
S2140144F81A4904F0D7FE4046BDE8F047FFF71EBF4D
S214014508304604F0F7FDFFF75BFFFFF769FF21F080
S214014518A5FE134B1B78002B0CBF3F20202004F070
S214014528E9FD042CCFD14FF4806021F088FE3220BB
S214014538C7E700BFDBFC03002058002024580020F2
S214014548EC42002095EA030027FD03000AFD03005C
S21401455814580020EF6B0020906B002040FD0300EC
S214014568905E0020F06B0020915E002038B504466E
S21401457805200D46FFF7A2FE184B1A884FF6FD7365
S2140145889A4207D10020164904F08CFEBDE838404F
S214014598FFF70ABF65B1134A13780133DBB2092B5B
S2140145A8137014D90A2200200F4904F07BFEEDE7A8
S2140145B8012C0ED10B4B1D700C490D48FFF734FD2D
S2140145C8BDE83840002101200A4AFFF721BF012C27
S2140145D8F2D0BDE838400748FFF7B0BE906B002020
S2140145E87AFD0300935E0020A5FD03001458002001
S2140145F81C410020E093040008B50649002004F099
S21401460851FE0548FFF736FDBDE80840002108467B
S214014618FFF7ACBFE9FD03001C410020814237B516
S2140146280346154608D2002000910F4A0F4904F0A8
S21401463839FE002003B030BD0C1A224600200C4972
S21401464804F030FE40F6BB5322460020094904F028
S21401465829FE4FF47A735C43074B01209C4294BFB2
S2140146682C602B60E6E700BF95EA0300FAFD03001D
S21401467837FE030052FE030080EE360010B50446EE
S2140146880820FFF71BFE0D4B3CB91C700021BDE846
S214014698104006200A4AFFF7BBBE1B78092BF5D93E
S2140146A80A220020074904F0FDFD0020064904F00F
S2140146B8F9FDBDE81040FFF79FBF00BF935E0020DD
S2140146C8C02709007EFE0300BFFE030073B51F4D19
S2140146D82C7834B100201E4902B0BDE8704004F0C1
S2140146E8E1BD0220FFF7EAFDFF221A4E1A4B307889
S2140146F81A7021F0A6FA0B2807D9204632781749EE
S21401470802B0BDE8704004F0CDBD154B15490093C5
S21401471801EB0011012319224FF6FD70498805F0B7
S21401472837FA70B12046104904F0BCFD00220F4B41
S2140147380F481C700F4B1A7002B0BDE87040FFF7A7
S214014748FDBD01240C492C70EEE700BF925E0020E7
S214014758D0FE0300F06B0020EF6B0020DBFC0300AB
S214014768654A0100EC42002011FF0300915E00201B
S214014778C0270900935E002037FF030038B5144DA3
S21401478804462B78052B21D91249FFF75DFC24B97D
S21401479818B9114904F086FD0424104B195D21B996
S2140147A8BDE838400846FFF769BF032C06D02B78CA
S2140147B8052B03D006200A4AFFF72AFE0021094BDB
S2140147C808461970BDE83840FFF7D0BE38BD00BFAF
S2140147D8945E00201C41002059FF03008D740400DC
S2140147E8C0270900915E002030B5044689B007202D
S2140147F8FFF764FD052C0AD100222A4B03A91A707B
S21401480802A804AA01F0FEFD30B1022045E09CB9D9
S2140148180122244B1A700224224D287878B1421EB0
S214014828504221495041FFF755FC022304462B709C
S214014838022C0ED10A200FE0022CE6D1EBE7631F0B
S2140148485A424FF0050018495A4120F0B2FB044677
S214014858EEE7032C04D10020FFF770FD09B030BD48
S214014868062C06D10020114904F01CFD01232B70EB
S214014878E0E70F4A0F4B2878002C18BF13460E495D
S2140148880E4A0094002808BF0A4600200C4904F086
S21401489809FD201E18BF0120400009B0BDE83040C0
S2140148A8FFF76CBF8F5E00201C41002094FF0300B9
S2140148B88DFF030086FF030075FF03007FFF0300DB
S2140148C8CFFF030013B51F4C0620FFF7F7FC22782D
S2140148D8092A09D900201C4904F0E4FC042002B086
S2140148E8BDE81040FFF74ABF184B1B782BB30020D2
S2140148F81FF063FB20F056FB68B9FFF771FD144BF8
S214014908196820F046FB02460420002102B0BDE8E3
S2140149181040FFF77DBD01A820F042FBFF2809D112
S2140149284FF4FA6023780133237002B0BDE81040D3
S214014938FFF704BD0198FFF7EDFC4FF4FA62032078
S214014948E3E700BF935E0020EAFF0300905E0020C5
S2140149582C410020F023F0B589B0CDE90003344896
S2140149688023002219210078324E334F21F025FB8F
S2140149780020324904F096FC3246394603A801F075
S21401498841FD032804462E4D1CD10626039A2D49BF
S214014998002004F087FC0398FFF7BCFC0020396868
S2140149A800F0ACFE2E7001F09FF900220446264B5B
S2140149B830461A70FFF782FC84BB09B0BDE8F040A8
S2140149C8FFF780BF28BB7268204904F06BFC2146BC
S2140149D804A8FFF729FB059B726893420BD0204673
S2140149E81B4904F05FFC072305202B7009B0BDE8BE
S2140149F8F040FFF7F9BE1A462046164904F052FC65
S214014A080523002101202B7009B0BDE8F040FFF70F
S214014A18ADBD0020104904F045FCF1E7042C05D093
S214014A28042009B0BDE8F040FFF7A8BE09B0F0BD04
S214014A38F06B00201C4100202C41002022000400BD
S214014A48945E002053000400935E00208E0004004C
S214014A58C70004001B01040057010400F7B504460B
S214014A68876800202378364D012B287004D0354BF3
S214014A783549187004F016FC26785EBB334B1B7854
S214014A88FF2B04D103B0BDE8F040FFF78DBC304BD7
S214014A981B78032B11D82F4C0320FFF70FFC694610
S214014AA8208822F027F8002843D02B49208805F0D3
S214014AB8EDF820B12E70FFF777FC03B0F0BD0124A6
S214014AC8204B26491C7004F0EDFB0320FFF7F6FB8C
S214014AD82C70F2E7012E25D13B78002BEDD01B4D2B
S214014AE82B78FF2BE9D1A68802F04AFF864206D129
S214014AF800201B4903B0BDE8F04004F0D3BB194BB6
S214014B08A2881B783BB132B11749002003B0BDE833
S214014B18F04004F0C7BB7B6814491B782B700D4B1B
S214014B281A80F2E7032E08D108226846A16809F020
S214014B38CFF86846FFF70EFFBFE700232B70A1E703
S214014B48915E0020925E002072010400EF6B002047
S214014B58945E0020906B0020654A010037FF030031
S214014B68920104008E5E0020B8010400E3010400EF
S214014B787FB5094B1A78FF2A0AD1187001F088FB0D
S214014B880022064B0DF1060102A81A80FFF74CFA1F
S214014B9807B05DF804FB00BFF06B00201258002038
S214014BA8152838B517D10C4B1D78A5B921F088FF03
S214014BB8C4B2012C38BF01240120FFF77FFB284629
S214014BC82246064904F06EFB4FF47A706043BDE84E
S214014BD83840FFF7B3BB38BD945E002000020400DE
S214014BE8034B1B78022B01D8FFF770BD704700BF37
S214014BF8945E002070B5284C20F0CFF92578274E12
S214014C08BDB10020264904F04DFB264A137801332E
S214014C181370002323703378062B0AD1BDE8704041
S214014C28214B1868B0F5FA6F38BF4FF4FA60FFF7F2
S214014C3885BB3378013B082B2CD8DFE803F0050940
S214014C480D2B13191D222700BDE87040FFF7C8BFBA
S214014C58BDE87040FFF73ABD00232370BDE87040F9
S214014C68FFF7A2BB2946BDE870400120FFF77EBCCE
S214014C78BDE87040FFF726BE0220BDE87040FFF78A
S214014C88B3BD0120BDE87040FFF7F8BCBDE8704031
S214014C98FFF7B2BC70BD00BF915E0020945E002095
S214014CA82F020400935E00201841002010B9052049
S214014CB8FFF764BD034B1B78062B01D1FFF79ABF9C
S214014CC8704700BF945E00202DE9F0478E680546C0
S214014CD833189A780C46092A8EB008D90020A349B9
S214014CE804F0E0FA852420460EB0BDE8F08750B9F6
S214014CF88B899F49895C8B4205D200919D4904F0B6
S214014D08D1FA8024EFE79C4BE7881B889F4236D070
S214014D189A490978012932D932B13A460020984988
S214014D2804F0C0FA7E24DEE7964B1A70934B267978
S214014D381B78052B03D0012B3AD8FFF751FF5EB934
S214014D483146204621F09FFB0346002851D03046C5
S214014D588D4A8E4904F0A6FAD4F80880A48998F8F2
S214014D68037098F80450002E4CD13046884A894979
S214014D7804F098FA00210120FFF7F8FB4FE0002124
S214014D88804B1970072A00F28A8301A353F822F090
S214014D98354D0100E34E0100E34E0100F5500100D8
S214014DA8F5500100F55001008B5301008B530100AB
S214014DB8022B17D102F0E4FD8742B3D00020764AD1
S214014DC8764904F06FFAFFF781FC46BB3146204668
S214014DD821F059FB034610B36B4A6C49002004F0D6
S214014DE861FA1CE06E4A00206E4904F05BFA012461
S214014DF879E7A3681B78DA06AED432466A4904F026
S214014E0851FAA9E700210AA8FFF70EF9032F08D9D6
S214014E185F4B664A66490097002004F043FA00246F
S214014E2861E76B1E632B04D9594B604A61490095AB
S214014E38F2E7614BE4B2DB5D9C4209D0CDE9014360
S214014E480020534B594A5D49009704F02BFAE6E7D0
S214014E5857B3A4B222460521404621F02DFABDF8E3
S214014E682830834203D04A4B554A5649B6E7012FA4
S214014E781AD022460721404621F01EFABDF82A30EC
S214014E88834203D0424B4E4A4F49A7E7032F0BD123
S214014E9822460921404621F00CFA0B9B984203D181
S214014EA83B4B474A494999E7642D3FF463AF21F0E4
S214014EB807FE6423C0B2B0FBF3F203FB120301330F
S214014EC8DBB29D42BFF456AFCDE900530020304B0C
S214014ED83B4A3F4904F0E6F9A1E7284B1B78052B26
S214014EE801D03C4A7FE7EB1CDBB2277BF45C44B17C
S214014EF823460020374A384904F0D4F900210C46E5
S214014F080BE00F2F0DD81023204634490093314A61
S214014F183B4604F0C7F9802401210020FFF726FB51
S214014F28E1E60435EDB220462A4A2D4904F0BAF9DD
S214014F387A1B7119D2B206A820F042F805443A46FF
S214014F48E9B2304621F0B5F9264D069A2B68264F68
S214014F589A42386001D100284AD1244900201D4AC6
S214014F6804F0A0F985240121D7E700BF4C0204000C
S214014F78D074040064020400906B0020945E002044
S214014F8893020400915E0020090304001103040043
S214014F9899030400AE030400D7020400E4020400E7
S214014FA8390304004603040063030400C303040032
S214014FB8CB030400E503040093740400030404000F
S214014FC8580804003D040400670404008F04040024
S214014FD8B6040400EA0404000405040033050400CA
S214014FE84A0504001C4100202C41002073050400DA
S214014FF800F08EFF3E68B0420AD200F089FF9D4954
S21401500803463246204604F04DF98924012184E7F7
S214015018079A6B689A4205D12046974A974904F041
S21401502841F96BE79649097859B19A4209D220465F
S214015038944904F037F996210620934AFFF7E8F9D0
S2140150485CE7924A924905A801F0DCF9079E48B93F
S2140150586A68964206D88F4904F024F90520FFF7B6
S214015068C3FB40E6324600208B4904F01BF9396839
S2140150780027002000F042FB00206E60FFF74AF987
S214015088864B06201F80FFF719F9854B1F7001F024
S214015098B1F90646F8B94FF6FF73824A0AA811888D
S2140150A8994214BF13463B466A88298801F012F9CB
S2140150B80AA800F0D7FC58B10AA801F0DDF938B102
S2140150C83046794904F0EEF80420FFF757FB0AE664
S2140150D8FFF7F8FB07E6042805D1744B1921187861
S2140150E820F006FBFFE538467149EBE7714B1B7864
S2140150F8062B01D0704A76E6DFF8A0A1EB1C94F8DF
S2140151080C90BAF80080DBB22EB930466B4904F031
S214015118C9F88724E7E5F75C2C1D972FE4B22FD052
S21401512825D8812F71D0952F67D017BBB9F1100FED
S2140151387FF6E7AD31194A460AA81FF041FF044435
S214015148E4B221464A46304621F0B3F8231DDBB2C5
S214015158053416F803A0E4B2A9EB04035345054643
S21401516866DA009338465346534A5549C7E5982F99
S21401517843D03B460020504A524904F093F8C8E70A
S214015188B9F10A0F7FF6BDAD1FFA89F721463A46EF
S214015198304621F08EF805F1080104463A46C9B2B0
S2140151A8304621F086F80AAA01462046FFF736FA65
S2140151B808B9454B0A93B9F10C0F12D905F10C0140
S2140151C83A46C9B23046DDF8288021F075F804461B
S2140151D802463E49002004F065F8AAF80040444417
S2140151E80A940A9C3A492246002004F05BF82046B5
S2140151F8FFF7A4F81FF0DCFE11E63649002004F09C
S21401520851F80320FFF7BAFA09E6334C23786BB155
S2140152181FF0C1FE50B10020304904F043F80023C6
S21401522823701FF0C5FEFFF74DFBF8E52C49E5E7AF
S214015238DFF8A49099F8003043B9FFF7D1F8854212
S214015248034607D01C4A27490095E5E51FF0AAFE44
S2140152580128F2D110220D480AA909F033F810B92D
S214015268BAF13F0F42D9144A1F49002004F01AF830
S2140152784FE700BF92050400EA040400CA050400CB
S2140152888D5E0020FF050400C02709001C41002090
S2140152982C4100208E00040040060400125800200D
S2140152A8935E00201458002062060400F06B00206C
S2140152B881060400945E0020A7060400BC060400CC
S2140152C8E9070400CB070400E0930400F70604008E
S2140152D82207040041070400905E00205D070400D1
S2140152E89C07040025080400610804006D4B18702B
S2140152F899F800304BB11FF04EFE30B128461FF02A
S2140153084DFE042807463FF48AAD51462846321911
S2140153181FF087FF28B10020634903F0C3FF04206C
S21401532870E799F80030554463B11FF034FE48B170
S214015338FF2FF4D0012F3FF472AD032F16D11FF0C3
S21401534835FE05462846FEF7E5FF044602460521D2
S21401535856481FF05CFE564B1B689C420AD32046F3
S2140153681FF05AFF0520FFF73FFA58E51FF01CFE0D
S2140153788046E7E74046FEF7E1FF00287FF44FAD99
S21401538851E74C4B1B7803F0FD03082B01D04A4A22
S21401539829E5A48935B1F27822B10020474903F0FE
S2140153A881FF2EE7E4B22246F11C0AA81FF008FE88
S2140153B8434BBDF828201988054691420DD04FF673
S2140153C8FF718A4209D03C4A00203E4B3E4903F011
S2140153D883FFBDF828203D4947E7BDF82A205988AC
S2140153E891420CD04FF6FF718A4208D0324A00200B
S2140153F8374B354903F070FFBDF82A20EBE70B9AC7
S2140154085B689A420AD0013208D02B4A2E490020FE
S214015418304B03F061FF0B9A2F4926E7A4B2E91C2B
S2140154282246C9B2304620F044FFE91DC9B20746F4
S2140154382246304620F03DFF431C014606D108208F
S214015448FEF73CFF2548FEF779FFE8E4384606AA4A
S214015458FFF7E4F8A8B9214B0693214B00221978E7
S214015468204B18781FF088FD069C2046FEF766FF3D
S214015478224600201C4903F015FF0920FEF71EFFEF
S214015488CDE440F6B733069A9A42E6D840F6B832E3
S2140154980020164903F006FF40F6B833DCE78124FE
S2140154A821E400BF935E002094080400B7080400B6
S2140154B82C410020945E0020C0080400D508040092
S2140154C81C41002057040400FC080400B5F9030039
S2140154D881040400170904001411040080EE360044
S2140154E8EF6B0020F06B00204F090400240904002C
S2140154F808B50420FFF742F90020FEF7DFFE002377
S214015508054A19211370054A1370054B1878BDE82A
S214015518084020F0EDB800BF915E0020925E0020A2
S214015528F06B002010B5164B164C1A78164B002057
S21401553853F82220154903F0B5FE2178144B154A75
S2140155480020002918BF1A46134903F0ABFE23783A
S2140155582BB1124B00201A68114903F0A3FEFEF77F
S2140155683FFF0446FEF73CFF0E4B19681FF042FD4D
S2140155782246BDE8104003460B49002003F092BEC0
S214015588945E0020915E0020A47404006B09040058
S2140155984110040022100400780904001841002074
S2140155A8920904002C410020AB09040038B50146D5
S2140155B804460020FFF788FB054698B1E37C0020E7
S2140155C80A4A0B4903F06EFE2379042B0AD02946B2
S2140155D8204620F058FF034620B10020054A064918
S2140155E803F060FE6FF0FF0038BD00BF95EA0300C8
S2140155F8D3090400090304001103040010B5134677
S214015608094A127882420DD163B1084A002014680B
S2140156180A46074903F046FE2146BDE81040012028
S214015628FFF752BB10BD00BFF06B00207C44002082
S214015638F509040010B50D4B1C782CB1BDE81040D7
S21401564800200B4903F02EBE6420FEF763FE4FF6DA
S214015658F0716FF00F02074B0320C3E900122246D0
S2140156682146BDE81040FEF7D3BE00BF945E002079
S2140156782E0A04001C410020014B1870704700BF19
S214015688905E002000210620014AFEF7C1BE00BF39
S214015698C0270900014B1870704700BF8D5E0020B7
S2140156A8114B2DE9F04107460D4618680F49101AA7
S2140156B809681FF09FFCDFF840800D4E98F80040FF
S2140156C80346FF2C307004D0A8420AD32C44A042CB
S2140156D807DB3A460020074903F0E4FD337888F8EB
S2140156E800303078BDE8F081344100203041002098
S2140156F8955E00205C0B0400F16B002050EA010265
S21401570808D0FF22054B091A1A70054B1860054B7D
S2140157181960704711461046FFF7C2BFF16B0020AB
S21401572834410020304100202DE9F04FAFB006ADDE
S214015738284600F0FDFD0026624FDFF8D091284686
S21401574800F090F9044648B900F0BEFD5E490246ED
S214015758204603F0A7FD2FB0BDE8F08F394600209C
S214015768F2B203F09FFD284616A900F0FFFD044695
S21401577820B15649002003F095FD8FE0BDF858206A
S214015788534903F08FFD49462046BDF85A2003F0D9
S21401579889FD2046BDF85C204E4903F083FD20466E
S2140157A8BDF85E204C4903F07DFD2046BDF860201B
S2140157B84A4903F077FD2046199A494903F072FDD4
S2140157C82046BDF86820474903F06CFD2046464947
S2140157D80DF16A0203F066FD44492046239A03F058
S2140157E861FDBDF85C30D90705D520469DF89020A7
S2140157F83F4903F057FDBDF85C309A0714D50020E1
S2140158083C4903F069FDBDF85830B3F5807F4FD1A8
S214015818002020F098FD18B10DF1910003F0C4FCAA
S2140158280020354903F03EFDBDF85C305B070BD51B
S2140158380020BDF8B220314903F034FD0020BDF840
S214015848B4202F4903F02EFD062228460DF1160333
S2140158580AA91FF0FEFB044690BBBDF8162029498D
S21401586803F020FDDFF8A8A0DFF8A8B00DF128089E
S214015878BDF81610A2B2914210D9B8F800205146C8
S214015888002003F00FFD0134D8F804205946002003
S21401589803F008FD062C08F10808E9D16C462046F5
S2140158A800F05AFD94E80F00013685E80F0046E738
S2140158B80123202200200DF1910103F057FCAFE7E8
S2140158C8114957E76E0B04003B0D0400770B0400E3
S2140158D89B0B0400CF0B0400E80B0400010C04002A
S2140158E81A0C0400330C04004C0C0400610C040070
S2140158F87D0C0400960C0400E5210400A90C0400A4
S214015908C20C0400DB0C04000E0D0400B40B0400EA
S214015918EC0C0400FC0C04002DE9F04188B004AD41
S214015928044628468846002700F002FD6E4647458D
S21401593807D195E80F0084E80F00204608B0BDE8B7
S214015948F081304600F008FD96E80F0085E80F0064
S214015958284600F087F801370028E8D1014B0FCB1D
S214015968E9E700BF247704001FB5D0E9023253F8EF
S214015978223068461978FFF7CFFF684600F07CFDAD
S21401598848B1042809D1074A0020074903F08AFCD0
S21401599805B05DF804FB054AF6E70020044903F064
S2140159A881FCF5E7DD160400560D04008D10040091
S2140159B86206040010B5D0E9023203EB8201496899
S2140159C853F8223098B00C6804A81978FFF7A4FF9A
S2140159D803AB40220093214608AB04A800F0E2FC82
S2140159E8024628B100200E4903F05CFC18B010BD31
S2140159F8039808A900F007040122C0F3C70003F0C2
S214015A08FBFB039908A8091B014406480123224603
S214015A18008803F0ABFB044803F0E4FBE6E700BFAD
S214015A28660D040030580020E5210400F0B5044650
S214015A380D460B4BEF880FCB84E80F00AB882E89F9
S214015A489B0741BFD5F83900D5F83D1004F1080386
S214015A5803C3EA682046278066806260F0BD00BFFF
S214015A68DC740400102208B5034908F02BFC003842
S214015A7818BF012008BD00BF2477040008B521F02F
S214015A887DFCC288FF219208012A38BF01220248FC
S214015A981EF06DFE012008BD4441002038B51346AE
S214015AA890B10120274A1070274A00201160274A22
S214015AB813600A46264903F0F5FB02F043FB254B23
S214015AC81870022002F044FB21F073FCE8B91D4D62
S214015AD81D4C2B782BB921F051FC2268C36813445E
S214015AE823601A4B24681B689C4229D221F046FC85
S214015AF8C168204606F022F8002402462C7050B9E8
S214015B0821F057FCFFF7BAFF03E0FFF7B7FF0028BD
S214015B18DDD0012038BD20460F4903F0C3FB0D4BED
S214015B28187802F015FB00200C4903F0BBFB00F0C7
S214015B3891F908B900F0AEF92046FFF7B7F8E8E79B
S214015B480124ECE7975E00203C4100203841002004
S214015B588D0D0400965E0020B90D0400D90D0400D1
S214015B6838B500F04BFA044600F042FA241A21F040
S214015B7805FC054618B9B1211B4826F0E6FEAB8898
S214015B8803F00303032B03D0B221174826F0DDFEEA
S214015B9800F02EFA05461FF0CFFA01238340013B99
S214015BA82B4203D0B421104826F0CFFE1FF0C4FACA
S214015BB801238340013B234203D0B5210A4826F03E
S214015BC8C4FE05F091FD05461FF0B6FA4FF4806352
S214015BD8B3FBF5F3C440A34205D2BDE83840BA2169
S214015BE8014826F0B2BE38BDEF0D0400FF2108B506
S214015BF804481EF0CDFDBDE80840002211461046B7
S214015C08FFF74CBF44410020F7B504460E4600F0A6
S214015C1889F8054621F0B2FBC3682B449C4220D381
S214015C281FF08AFA2C44C440013C114F3B68DEB190
S214015C38A34219D101340023ADF8043000F0E4F989
S214015C48054605F051FD103504FB005405F04CFDE2
S214015C5801A90246204605F099FD1FF07DFA386035
S214015C6804E04FF0FF34E0E7A342E4DB03B0F0BD05
S214015C78B06700204FF0FF320A4B10B51A600022B9
S214015C88094B1A7000F0B4F9044600F0B7F921463A
S214015C9802460120FFF702FF00280CBF012004205E
S214015CA810BD00BFB0670020985E002038B500F030
S214015CB8D1F808B9002038BD094D0A4C2B7823B90C
S214015CC81FF04AFA012320602B7024681FF034FA6B
S214015CD801348440EED000F025F82044EBE700BFFD
S214015CE8985E0020B067002070B50D4C2368002B25
S214015CF801DA012070BD00F07BF9054621F03EFB74
S214015D082468C6681FF018FA013404FA00F1294419
S214015D1801208A19FFF7C2FE0028EAD00420E9E725
S214015D28B0670020024B18680C301FF045BA00BF58
S214015D38B4670020FF2307B50021044A04480093EE
S214015D48FBF78AFC03B05DF804FB00BFF55B0100B6
S214015D58444100200E4B70B51C680546036804F5DF
S214015D6882641C440E46FFF7DDFF2B68834208D287
S214015D7832681A44824208D9C31A012033602C605B
S214015D8870BD044A126813441C1A0020F7E700BFC6
S214015D98B4670020404100202DE9F04FB3F5803F5D
S214015DA887B00F469846019003D3002007B0BDE898
S214015DB8F08F03A904A8CDE90332FFF7CBFF00242F
S214015DC8824600F10109DFF888B05FFA89F9019B7C
S214015DD8DDE90356AAB27BB13046109921F0D5FA0F
S214015DE80028E2D1B9F1020F2BD1DBF80030049379
S214015DF8019B03BB2F4421E03946304605F0C6FC1B
S214015E080028D2D1BAF1000FECD0002CEDD105F064
S214015E186BFC2E44B6FBF0F303FB10600028E4D0BD
S214015E2805F062FC05A902463046059405F0AEFC6D
S214015E380028DAD0B9E7109B2B441093A8EB050588
S214015E480395631C4B454FF00104C0D32046ADE7CC
S214015E58404100207FB56B460C4A1068516803C361
S214015E6890680C2218600A4B0DEB0201186821F0A5
S214015E788CFA0C2268460DEB020108F023FAB0FAF8
S214015E8880F0400907B05DF804FB00BFEC7404001D
S214015E98B46700201FB5084A01AB1068516803C3F0
S214015EA8906801A91860054B0C22186805F06EFC6D
S214015EB805B05DF804FB00BFEC740400B46700206D
S214015EC8F7B5044615460E4681B9072A03D80024B5
S214015ED8204603B0F0BD0D4B80791968E37906308A
S214015EE800EB03200C3180B21FF070F90027214621
S214015EF82B46324638460097FFF74EFF04460028E1
S214015F08E5D039467019FFF77FFEE1E7B467002050
S214015F18024B1868A0F50060704700BFC0670020F4
S214015F2810B58AB0684606F015F810F0FF0027D1BC
S214015F38009BFBB1174C01A9206005F083FF10F008
S214015F48FF001DD12268009B9A4204D34FF4DD71ED
S214015F58114826F0FAFC019B104A11491360029A6F
S214015F6813440B600F49A3F500630A600E4A1360D9
S214015F78009B63B940F2CF11074826F0E6FC06E01D
S214015F88044A034612680020084903F08BF90AB050
S214015F9810BD00BFB8670020A20E040040410020D3
S214015FA8BC670020C0670020B46700204A0F0400C1
S214015FB808B5FFF7B5FF21F0E1F950B121F0DEF998
S214015FC8064B02691B689A4203D2B321044826F09D
S214015FD8BCFCFFF7C5FD012008BD00BFC067002057
S214015FE8A20E0400014B1868704700BFB86700206E
S214015FF8014B1868704700BF40410020014B1868E4
S214016008704700BFBC670020014B1868704700BF87
S214016018B467002010B5FFF749FE0446284900205A
S21401602803F040F90020274903F03CF900202649EF
S21401603803F038F90020254903F034F9244B0020F1
S2140160481A68244903F02EF922462349002003F052
S21401605829F9FFF767FE21490246002003F022F9D5
S2140160681F4B00201A681F4903F01CF91E4B1F4CD2
S2140160781A6800201E4903F015F9226800201D49F8
S21401608803F010F94FF4806200201B4903F00AF967
S214016098226800201949103203F004F9226800200A
S2140160A817490C3203F0FEF822680020154902F55C
S2140160B8826203F0F7F8BDE8104005F049BA00BF60
S2140160C8C90F04000610040025100400451004003A
S2140160D8B8670020701004008F100400B210040086
S2140160E840410020D5100400BC670020B46700209A
S2140160F8F81004001B1104003E110400611104008D
S21401610884110400A71104002DE9F04194B0044657
S2140161180D460020482102AA1FF069F818B953490C
S21401612803F0C0F819E060220021204607F07EFD42
S21401613804224F4902A808F0C5F890B16DB19DF840
S2140161480B30002001939DF80A309DF80820009333
S21401615848499DF8093003F0A5F8012014B0BDE8B8
S214016168F081BDF80C20B2F5807F228003D0424929
S21401617803F098F8F1E7BDF81420BDF80E10228157
S214016188DDF816206180E2600499BDF81A20616086
S214016198228284F8320007AD04F112020FAE2B46B4
S2140161A803CBB342106051601D4602F10802F6D1D6
S2140161B80F9B324A63631360314B10221846002145
S2140161C807F034FDE288A388028022894280E268CB
S2140161D842600BB90020C1E700263546A388D907D7
S2140161E809D536B105F150026A4412F8482C84F8EC
S2140161F838200135EDB29A0714D520881EF00DFF18
S21401620807466EB102AB03EB05080246414604F1A8
S214016218390007F09BFE3A4641461A4807F096FEB3
S2140162282F44FDB2A3885B070DD556B105F150037F
S2140162386B4433F8482C33F8463CA4F85A20A4F8A3
S2140162485C300435EDB2002EC4D1482D02D9304653
S2140162580D4965E72946382002AA1EF0C8FF08B985
S2140162680A495DE738250126B8E700BFCA110400C8
S214016278F8740400FC110400321204006441002082
S21401628868410020704100204D1204009D12040050
S21401629830B50B4C99B025786DB9FFF789FE68B112
S2140162A829466846FFF730FFB0FA80F0054B4009EB
S2140162B8187001232370002019B030BD0120FBE7B8
S2140162C8995E00209A5E0020014B1878704700BF3F
S2140162D89A5E002070B51E46134B044618881D4664
S2140162E8884298B002D15B88934206D00F4B0FCBF9
S2140162F884E80F00204618B070BD96B100216846A4
S214016308FFF702FF0028F1D1BDF804305B0708D576
S2140163183388BDF85A209A42E8D8BDF85C209A42DC
S214016328E4D395E80F00E3E76841002024770400EA
S214016338064B10B51B7804462BB9054B0FCB84E8E2
S2140163480F00204610BD034BF8E700BF9A5E0020F9
S214016358247704006841002010B50446024B0FCB91
S21401636884E80F00204610BD247704000B4B10B5B7
S2140163781B78044608467BB10021FFF7C5FE48B9DD
S21401638810222146064807F09DFF003818BF012055
S214016398C0B210BD0120FBE70120FAE79A5E002093
S2140163A8684100202DE9F0410E4690460E4910221C
S2140163B81F4607F087FF044670B90C4B3A461D681E
S2140163C83046AD1B454528BF454629461EF00FFFFA
S2140163D828B9074902F066FF0120BDE8F081069B4F
S2140163E820461D60F9E700BF68410020644100208F
S2140163F89D1204000022024B1A70FFF73BBC00BF37
S2140164089A5E00202DE9F0419CB00F46164680465C
S214016418FFF74CFC054602461549002002F042FFEC
S214016428382D20D9012104A8FFF76EFE0446D0B9FD
S214016438119B04A93B606F463846FFF7F7FA97E8C1
S2140164480F0086E80F00119BAB4297BF012103247A
S214016458084AC8F8003094BF1170C8F800502046A2
S2140164681CB0BDE8F0810022024B01241A70F6E741
S214016478CF1204009A5E002070B5084D00262B78CE
S21401648853B1FFF7F7FB04461022002104482E708B
S21401649807F0CCFB204670BD3446F5E79A5E00202F
S2140164A86841002008B50020064902F0FBFE064BAD
S2140164B800201A78054902F0F5FEBDE80840FFF706
S2140164C8A9BD00BFEE1204009A5E0020181304004E
S2140164D803460120024AC3E9032000221A707047C6
S2140164E80100FEFF2DE9F0410024264E264FDFF875
S2140164F8A88088B000F0D4F9A5B2854202D308B0C6
S214016508BDE8F081284603A91EF0A7FEA2B23146CF
S214016518002002F0E1FE9DF80D2012B39DF812103E
S214016528BDF81030402914BF6E2179210020CDE92D
S21401653800313946BDF80E3002F0CEFEBDF8142003
S2140165481AB10020114902F0C7FE9DF80C00BDF8EB
S214016558182070B9079B0E490093BDF81A3002F04F
S214016568BBFE00200B4902F09DFE013426F0FAF925
S214016578C0E7BDF81C304146009300209DF81A304C
S214016588EDE700BF31130400371304005A13040063
S21401659864130400E52104008B13040010B500F011
S2140165A8ABFABDE810400346024A0020024902F051
S2140165B879BE00BFB3130400EADB0300D0E9023258
S2140165C853F8223010B5188800F086FABDE8104056
S2140165D80346024A0020024902F064BEB9130400C9
S2140165E8EADB030010B5D0E90232002486B08DF844
S2140165F8044053F8221003EB8203097801A88DF8AA
S21401660805105A681288ADF806209A681288ADF8FF
S2140166180820DA681278ADF80C40A24214BF40226E
S21401662880228DF80A201A691288ADF810205A6956
S2140166389B691288ADF812201B68059300F0D0FB01
S214016648034A03460349204602F02CFE06B010BD55
S21401665855F20300EADB030038B50024064D26F0A0
S2140166686DF945F824000634C02CF8D10020BDE8A1
S2140166783840024902F016BE80100020C0130400FC
S21401668830B5002087B0204902F00CFE00201F49D3
S21401669802F008FE00201E4902F004FE26F04EF91C
S2140166A800240546A0B201A901341EF0D6FD202C0F
S2140166B8F8D126F043F91749421B002002F0F2FDF3
S2140166C81549002002F0EEFD26F038F904460120AF
S2140166D800F09EF826F032F90E49021B002002F05F
S2140166E8E1FD0E49002002F0DDFD26F027F90446FB
S2140166F81EF0A4FD26F022F9021B0020054907B06A
S214016708BDE8304002F0CEBDEC1304001B140400B3
S2140167184B14040068140400771404009114040050
S21401672810B50C4603F022FD08B9032C12D101F06E
S214016738FFF804280ED001F0FBF805280AD0064811
S21401674802F060FC1C2801D11FF025FDBDE81040B1
S21401675802F068BC10BD00BF4F5203002DE9F04F90
S21401676800274FF0FF36DFF8A4B0264C87B0BBF8F9
S2140167780030B8B2834209D8731C3BD03246FF2199
S214016788214807B0BDE8F04F1DF0F1BF01A91EF082
S21401679864FD9DF8050001F001FFF8B19DF804803D
S2140167A8B8F1000F1AD1BDF810A0BDF8129026F066
S2140167B8C5F818210246BBB24B43E018E158007CE5
S2140167C84FF47A73A2EB010C50B103FB0AF363454D
S2140167D80ED30B44981A864228BF06460137C6E7E9
S2140167E84D466B43FAD06345F5D31944881AF2E748
S2140167F84046F0E7FF21044807B0BDE8F04F1DF01A
S214016808C7BF00BF8010002078410020165800201E
S2140168182DE9F041014688B058B1022810D01EF083
S21401682836FD78B3D221194808B0BDE8F04126F004
S2140168388CB8FF23164A17480093FAF70DFFEEE7C0
S21401684800244FF001082746134EA5B2284603A98F
S2140168588DF80D701EF001FD9DF80D0068B101F070
S2140168689DFE20B19DF80C300BB986F810800134D6
S214016878202C06F11806E8D12546084B1D80FFF79F
S2140168886DFFCCE708B0BDE8F08100BFB114040085
S214016898CD6B01007841002080100020165800209A
S2140168A8014B1888704700BF165800202DE9F04F95
S2140168B8634A077D89B004466249002002F00CFD50
S2140168C800201FF040FD20B12368218A588803F074
S2140168D89BFC00205C4902F0E5FC637DDFF87491BF
S2140168E8002B236808BF08205988574B18BF00207B
S2140168F80093228A4FF0090314BF4FF080084FF027
S214016908400802F02FFBA289BB1C93420CDB1FF048
S214016918B4FD034620B100204C4A4D4902F0C2FCA2
S214016928012009B0BDE8F08FA068791C89B2C55D61
S2140169381FF0C2FC0337012D0646BFB213D82368E1
S214016948324659885879238A009343461FF0FEF841
S214016958824600283ED1862002F0CCFB284602F06B
S214016968C9FB304668E08520F6E703A91EF075FCEA
S2140169789DF80C30AB4223D123689DF80D105A7947
S21401698891421DD1BDF80E105A88914218D1BDF812
S2140169981020B24214D19DF81220424510D1BDF8FC
S2140169A81410228A91420BD1002D38D0BDF8181048
S2140169B8E288914204D19DF81A201B799A422ED07A
S2140169C80BF1010BB9F800305FFA8BF08342CCD893
S2140169D88B20C1E74FF0000BF4E79AF8020002F0AB
S2140169E889FBBDF818001FF02AFCBDF81A001FF035
S2140169F826FC9AF8020003F027FE002883D19AF8AD
S214016A08020001F09DFC0546079E002D3FF47BAF72
S214016A18F0B2013D02F06EFB360AEDB2F5E7002052
S214016A2802F068FB284602F065FB30461FF007FCBB
S214016A38012DD2D1BDF81C001FF001FC63E700BF91
S214016A484015040012090400E52104004D15040050
S214016A586A150400165800202DE9F04391B06946DE
S214016A6880461EF0FAFB0023194F8DF8013038884E
S214016A78431E98B28045388009D1694640461EF0C3
S214016A88F4FB68461EF0D8FB11B0BDE8F0834FF062
S214016A98180905A91EF0E1FB0E4C3E880AAD09FB54
S214016AA806460FCE0FC596E8030009FB084485E89D
S214016AB803000AAE404605A91EF0D7FB0FCE0FC449
S214016AC895E8030084E8030069463888D7E700BFDD
S214016AD8165800208010002008B5064B1B888342F4
S214016AE805D9FFF7B9FFFFF739FE002008BD2720B3
S214016AF8FCE700BF1658002038B5074D2C882CB97E
S214016B08FF2106481DF044FE204638BD601E80B2AF
S214016B18FFF7A2FFF2E700BF1658002078410020D1
S214016B282DE9F3479A4618239DF82890244FCDE976
S214016B38001203FB09731446D3E902231FF07CFDF8
S214016B48064620460D4603F07FFD04F0FD03382B6C
S214016B5880460FD1009432462B460021DAF8100001
S214016B681EF0A6FBB8F1010F1BD135431ED102B0AA
S214016B78BDE8F087392CDAF810300BD107EE906AA9
S214016B8807EE103AF4EEC77AF1EE10FAACBF012020
S214016B980020E7E79E4275F100032CBF0120002084
S214016BA8E0E7B8F1000FE2D10028E0D0182303FB94
S214016BB8097701233B7402B0BDE8F047FFF7CEBD65
S214016BC8801000202DE9F04F00252E46A846AA463B
S214016BD82C46DFF8BC91D1B0694BA8B21B8883421A
S214016BE809D81CB161882079FFF79AFDFFF7B6FD31
S214016BF851B0BDE8F08F0BA91EF02FFB25F09EFEC5
S214016C081823AFB27B4309EB030B59F80330059001
S214016C189DF82D00049301F0C1FC002800F0AE8019
S214016C289DF82C10002940F0A980DDE90432D01A1D
S214016C384FF47A72BDF838305343834200F29E808F
S214016C489BF8103043B9BDF83A30002B00F0968017
S214016C585343834200F29280FD230022CDE901329C
S214016C6810AB00930DF119020DF11A03E9B20BA846
S214016C78EFF74EFB002877D1BDF81A30DA1C0493DB
S214016C88D2B214B33F4B9DF82D101B8813442279BA
S214016C98914214D1BDF82E10628891420FD19DF809
S214016CA83220B8EBD21F0AD1BDF83420524506D19E
S214016CB8B3424DDD0020344902F0F4FA01E0B34254
S214016CC8F8DC61882079FFF72BFD02F0E7F9044626
S214016CD89DF932002D4BC043C00F0093BDF83420F8
S214016CE80A23BDF82E10C0009DF8328002F03AF94A
S214016CF89DF82D304FF0000B23714FF48A53FF2671
S214016D08BDF834A04FEAD818E38007A95FFA8BF0DC
S214016D181FF036FEC0B2B0B99DF81D109DF82D20A3
S214016D28914210D1BDF81E10BDF82E2091420AD10D
S214016D3822469DF829109DF81C001FF0A7FBB042BB
S214016D4828BF3046C6B20BF1010BBBF1200FDCD1D0
S214016D58BDF830001FF073FA9DF8190002F0CAF961
S214016D68049910A802F0DAF9182300225F4309EB08
S214016D7807031A7425F0E2FD49F8070001352BE7E9
S214016D88165800202058002029160400E521040082
S214016D988010002070B500240126104D8AB02B887B
S214016DA8A0B2834204D80AB0BDE87040FFF7D6BC4B
S214016DB805A91EF052FA9DF8150001F0EFFB50B137
S214016DC89DF814303BB91A46CDE901360093E1B275
S214016DD805A8EFF79DFA0134E1E700BF1658002031
S214016DE82DE9F0430389DFF858818BB0B8F8009095
S214016DF80093044683798288418840781EF0A6FE6F
S214016E08002800F09580E78927B1A389BB4200F2E4
S214016E1891800027B8F80030BDB2AB4214D84D4671
S214016E2801264FF6FF73E2899A4226D146B9B8F889
S214016E380030AB4202D92846FFF70EFEFFF78EFC5C
S214016E4800200BB0BDE8F083284605A91EF005FA18
S214016E589DF814307BB92268059B5340FF2B0AD84E
S214016E686368069E5E4036F07F4604D1BDF81C2056
S214016E7823899A42D5D00137CCE7E2689A422BD0CB
S214016E88002E53D1D4E90323CDE9082305A81EF023
S214016E98D3F90028D5D1B8F80030AB4204BF6B1C33
S214016EA8A8F8003025F04AFD18236B43234AE9B2B7
S214016EB8D050D418002305A81A46CDE9013300930B
S214016EC8EFF726FA18B100220023C4E90223284660
S214016ED805A91EF0CAF9B1E7234605AA04F1100C64
S214016EE8174618685968083303C763453A46F7D101
S214016EF81868386005A81EF0A2F90028C0D01F2D12
S214016F081AD800238DF8143063788DF81530638805
S214016F18ADF81630A388ADF81830A3798DF81A3075
S214016F282389ADF81C300028B0D1ABE70020E6E78E
S214016F38862086E7872084E7892082E7801000205C
S214016F48165800202DE9F04FB04A90F814908DB0ED
S214016F580446AF49002002F0BFF900201FF0F3F9FC
S214016F6820B12368218A588803F04EF90020A949E0
S214016F7802F098F9637DDFF8B8A2002B14BF8023CE
S214016F8840230293236808BF08205988A14B18BFDD
S214016F9800200093228A072301F0E4FF00230393CD
S214016FA8A28909F10305954211DB039B13B918461B
S214016FB802F0A0F81FF061FA034620B10020964AB5
S214016FC8964902F06FF901200DB0BDE8F08FA06870
S214016FD809F1010189B210F809601FF06DF932460E
S214016FE8804603468E490020ADB202F05BF98EB1A9
S214016FF8012E00F08A808527384602F07BF8304655
S21401700802F078F840461FF01AF9852FD2D00123EE
S214017018039376E0A06809F10401A28989B2475D65
S2140170281FF04AF909F10601A289049089B2A068FD
S2140170381FF042F93A4605900090049B304679497C
S21401704802F030F909F1080938461FFA89F503F004
S214017058FBFA002857D1384601F072F9294603464B
S2140170688146A289A0681FF018F96F498346304601
S21401707802F032F9A1684A4629443346304602F0FE
S21401708875F83046634902F00DF9A9441FFA89F5E7
S2140170982368424659885879238A0093029B1EF032
S2140170A855FD18B18378BB4240F0AC80483FFFB22B
S2140170B8092F05D840F21133FB40DB0700F1A48005
S2140170C800238DF81C30236807A85A798DF81D20EF
S2140170D85B88ADF82080ADF81E30029BCDF82CB049
S2140170E88DF82230238AADF82430049BADF8283079
S2140170F8059BADF82A30FFF773FE074600287FF494
S2140171087BAFA9464CE7B346C2E72946A289A068E1
S2140171181FF0D2F84FF0000B0246074643490020FD
S21401712802F0C0F809F10509BAF800301FFA89F526
S214017138BAF800201FFA8BF94A4503D81F2B31D914
S214017148892759E7484607A904931EF086F89DF84B
S2140171581C20049B012A22D122689DF81D00517922
S21401716888421CD1BDF81E005188884217D1BDF847
S2140171782010414513D19DF82210029881420ED164
S214017188BDF82400218A884209D1BDF82800E18883
S214017198884204D19DF82A10127991421BD00BF12E
S2140171A8010BC5E7012299468DF81C202268517902
S2140171B88DF81D105188ADF82080ADF81E10029983
S2140171C88DF82210218AADF82410E188ADF8281030
S2140171D812798DF82A2007A8ADF82C701EF02CF825
S2140171E8074600287FF408AFBAF8003048469945A4
S2140171F808BF09F1010307A908BFAAF800301EF065
S21401720834F87EE78D27F7E68C27F5E65416040052
S21401721812090400E5210400B51604006A150400E5
S2140172285C160400791604009A160400A5160400D4
S214017238165800202DE9F04F074688469146002546
S21401724889B09A46BDF848B09DF84C60149C224B0C
S2140172581A88A8B2824235D903A91DF0FEFF9DF807
S2140172680C201D4BB2BB9DF80D10B94232D1BDF8AA
S2140172780E1041452ED1BDF8101049452AD19DF86A
S2140172881210514526D1BDF81410594522D1304661
S214017298029201F055F8A6F14103012B01460AD8DE
S2140172A820461FF00FF80D4B0D4A204484420CD19E
S2140172B80421029302ACEDB232462046009503AB98
S2140172C8FFF72EFC09B0BDE8F08F14F8011F4B40FC
S2140172D85343EBE70135BBE716580020C59D1C81D3
S2140172E8930100011FB50F4C2478C4B142EA03226A
S2140172F89DF818308DF8051042EA43220A4BADF87E
S2140173080C201A78094B8DF80610079903EB02131F
S21401731800908DF80400DB6868460291984704B02F
S21401732810BD00BF9B5E00209D5E00209841002096
S21401733873B51A4DFF211A481DF02AFA2B7853B354
S214017348184C194E2378180106EB03131A7A596854
S214017358305C1FF099FB4D281DD0E0B101230021B8
S2140173682278CDE900311201B25CC0B2FFF7BAFF4C
S2140173780A2223780A480133DBB2B3FBF2F102FB97
S2140173881133FF2123702B78013B2B7002B0BDE827
S21401739870401DF0F5B902B070BD00BF9B5E0020BD
S2140173A8384200209D5E002098410020F8B5104F15
S2140173B83E780A2E1AD00FC8DFF840C00D4D9CF84B
S2140173C80040013605EB041585E80F000A23013451
S2140173D8E4B2B4FBF3F203FB12440748FF218CF82E
S2140173E800403E701DF0CCF90020F8BD0120FCE7F6
S2140173F89B5E002098410020384200209C5E0020B9
S2140174080021024A0248FAF75DB900BF3973010044
S21401741838420020002337B50C46124D12492A7807
S214017428CDE9003312018A5C01230146E0B2FFF779
S21401743859FFA4B90D490A788AB10A202B78013A6E
S2140174480133DBB2B3FBF0F40A70FF2100FB1433FF
S21401745807482B7003B0BDE830401DF091B903B062
S21401746830BD00BF9D5E0020984100209B5E002035
S2140174783842002008B500F0BDF850B1054B064A61
S2140174880649052808BF1A46BDE80840002001F04D
S21401749809BF08BDC9160400E5210400EA16040060
S2140174A808B503201FF00AFB10B90122014B1A7018
S2140174B808BD00BF9E5E00200022024B18781A7095
S2140174C8704700BF9E5E00200246FF2101481DF05E
S2140174D84EB900BF58420020114B37B51D78C5B9C3
S2140174E8FF2110481DF054F9FFF7DAFF0446009013
S2140174F80D4B28460D4A0E4901F0D4FE4CB10D4BF2
S2140175081B78DB0605D528461FF0B2FA20461DF083
S21401751804FD094B186803B0BDE83040FFF7D4BF37
S2140175289E5E002058420020071704003517040005
S214017538F4EE03008C5E0020C4670020FF2101489A
S2140175481DF026B95842002070B51A4E0546337804
S2140175580C466BB30020184A184901F0BDFE032CEF
S21401756801D0652C20D11649002001F0B5FE22462F
S2140175780020144901F096FE0020134901F0ACFEE4
S214017588012329460822002001F0F0FD00200F49BA
S21401759801F088FE032C88BF0023204688BF33707D
S2140175A8BDE87040FCF7BEB8012CE0D00849DBE71F
S2140175B870BD00BF9E5E002035170400DEF2030092
S2140175C84817040095F9030066170400E52104002E
S2140175D85E170400014B1860704700BFC46700209F
S2140175E80021024A0248FAF76DB800BFE1740100AB
S2140175F858420020054B10B51C782CB90448FF21C9
S2140176081DF0BEF8204610BD0520FCE79E5E002052
S21401761858420020F8B50024074B084E1D68084F4D
S214017628E3B29D4204F1010400D8F8BD394656F884
S21401763823001CF064FAF3E70C930400109304008B
S2140176489068002010B5044C23780BB11FF026FA79
S2140176580123237010BD00BFF26B00202DE9F7430C
S214017668254B0D4616460446019350B14AB10423EC
S21401767801AA12F8011BA94235D0013B13F0FF03FA
S214017688F7D1212003B0BDE8F08317F8010F90FA6F
S214017698A0F0000E1CF06FFC014608EB07039945A5
S2140176A8F3DCCAB2C1F30F2392FAA2F293FAA3F358
S2140176B8120E1B0E03EB0223DB43621912F8020CAF
S2140176C899B2DBB298420CD112F8013CB3EB112FF8
S2140176D807D132462146284603B0BDE8F0431FF0DD
S2140176E845B92320CEE74FF6FF71671EA5F10209BB
S2140176F8C4F10108D1E700BF080A0E12014B187041
S214017708704700BF9F5E0020024B1A6818608260AF
S214017718704700BFC8670020024B186800B1406870
S214017728704700BFC867002070B5044600250A4B9D
S2140177381B687BB100211E8807E05A6802EB01101E
S214017748013145B9021B554255418AB29642F4D8D1
S2140177589B68EEE7184670BDC86700202DE9F04F14
S2140177681E46002393B0022E074688461446DDF8C7
S21401777870909DF874A0ADF81A3040F2C08099F860
S21401778800305A0729D5042E40F2B98099F804B07A
S21401779800255F4B33F83520002A00F0B680013506
S2140177A80A2DF7D1209B002B40F0AD80FF25002342
S2140177B8207908AA0DF119018DF819301EF010FD6F
S2140177C870B1BDF82C309DF8190023801EF08AFD93
S2140177D80790C0B113B0BDE8F08F99F802B0D7E7AB
S2140177E820791EF02EFA0B28059000F28A8020795F
S2140177F81EF089FD07900028ECD1464A059B02EB4E
S21401780803135B8823804FF6FF73002F08BF434698
S21401781862880021CDE9002358465246238802F0A3
S214017828FDFD18B1E38843F02003E380209B07A9F8
S2140178380DA8CDE90D34CDF83C90ADF84080ADF8F3
S21401784842608DF844708DF845A01EF0DCFC08B146
S2140178580798BFE7484602F025FDA01D02F010FD77
S2140178682246414638461EF011FEB04227D3E38829
S2140178782246C3F30E03E3809DF87C30414603930A
S214017888BDF87830384602930DF11A03CDE9009316
S214017898F3B21DF049FF209B079003B3F8B9BDF872
S2140178A81A2042B1092D06D81B4B03EBC5018A8065
S2140178B8209A43F835201120FAF7CCFB1CE0BAF1E0
S2140178C8000F0AD10DF11A03CDE9006322464B4693
S2140178D841463846FAF7D2FFDDE73820DBE70528C8
S2140178E807D1E388DB0607D5002301200793FFF7B6
S2140178F805FF079B002BDED01EF0F9FCA8E7012048
S21401790868E7212066E71C2064E7EDB24FE700BF71
S21401791880420020EC4200207C4200204FF6FF7295
S214017928024B1A805A809A80704700BF1858002068
S21401793810B5044C2379FF2B02D11FF0DDF8207116
S214017948207910BD1858002010B50C4C2379FF2B50
S21401795808D100201EF0C6FC20B91FF0CDF8207112
S2140179681EF0C5FC2079022805D00438012894BFEA
S2140179780020012010BD0020FCE700BF1858002099
S2140179884FF6FF7310B5044C22889A4202D11FF0B5
S214017998A9F82080208810BD1858002010B5FFF7D8
S2140179A8BDFF40F61D439842044607D8B0F5416F1F
S2140179B805D2182826D8152848D829D010BDA0F5EC
S2140179C841630D2BFAD801A252F823F0197A010067
S2140179D8197A0100C5790100C5790100C579010048
S2140179E8C5790100C5790100C5790100697A0100E8
S2140179F87B7A0100157A0100157A0100157A0100D3
S214017A08157A010040F606439842D7D11C4920E072
S214017A18FFF7B6FF1B490246002001F043FC152C70
S214017A2805D11FF049F8BDE810401EF0F5BB164B0E
S214017A38164A1749B4F5416F08BF1A46002001F0E7
S214017A4831FC1EF0E8FB1EF0E7FBECE71628DDD15B
S214017A581049002001F026FCBDE810401EF0FEBCCF
S214017A681DF049FFBDE8104002460B49002001F011
S214017A7819BC0020BDE81040084901F013BC00BF3E
S214017A88C51E0400721E0400E52104006D1E0400D4
S214017A988E1E0400AE1E0400DA1E0400021F040037
S214017AA807B5094A0346108831B9084A084903B098
S214017AB85DF804EB01F010BC0091064A064901F096
S214017AC80BFC03B05DF804FB30580020F1E9030015
S214017AD8221F040095EA0300F4EE03000D4B37B5A8
S214017AE81B68044693B11D780389012D08BF02253A
S214017AF80093C37A084A0020084901F0D3FB2146BF
S214017B08284603B0BDE830401EF0AEBF022003B0E1
S214017B1830BD00BFB8430020971F0400461F04006D
S214017B28002010B51EF0DEFB0D4B1B6863B15A78BA
S214017B38052A03D862B1052402220AE0FF2AFAD0F0
S214017B480020084901F0AEFBBDE810401EF0CFBB8F
S214017B58144610461EF0E4FF20461EF0DFFFF3E74A
S214017B68B84300209C1F040013B5134C00201EF0D8
S214017B78B9FBFFF7D3FE23689BB101A81DF0AEFE43
S214017B8878B923681A789DF804309A4209D0D91E24
S214017B98032906D9D11E012903D9012A07D1022BA7
S214017BA805D1032301A8ADF804301EF063FF02B027
S214017BB8BDE810401EF09BBBB843002000231946C1
S214017BC8034A01330A2B918042F8081BF9D1704702
S214017BD87C4200207FB50E4605461EF04DFF2A461C
S214017BE8044603460D49002001F05CFB96B10C4B98
S214017BF836211A889B78ADF80C208DF80E300323B1
S214017C08002200934FF6FC7003AB8DF80D501EF062
S214017C1887FE0446204604B070BD00BFBD1F0400A1
S214017C2834770400FF2810B50C4604D10020044917
S214017C3801F038FBFE202146BDE81040FFF7CABF19
S214017C48D61F0400F8B51E460B8807460C4615468F
S214017C58002B64D14A88B1F9021000200029B8BF68
S214017C686B78304901F01EFB6288132A1DD002F595
S214017C78FF437F339BB2052B23D8A2F50042013A76
S214017C88052A1ED8DFE802F0193F1D033C09264ADB
S214017C982649002001F006FB13E0254A2349002067
S214017CA801F01AFB2A792349F3E7022E94BF4FF60F
S214017CB8FF72B5F801202049EBE700201F4901F0C3
S214017CC8F1FA33462A46214638461FF031FF70B985
S214017CD833462A46214638461FF02CFF48F2210330
S214017CE862889A4203D1384669781EF082FA638818
S214017CF8B3F5004F02D90820FAF7C6F90120F8BDF6
S214017D082A790F49C5E70F4A0849002001F0E4FA25
S214017D18032E94BF4FF6FF726A880B49B9E7002015
S214017D28EDE700BF112004003920040040200400BC
S214017D385120040057200400652004007D2004001B
S214017D4897200400B9200400BE2004002DE9F04164
S214017D5816888AB0DFF88C80ADF80E300DF10E0368
S214017D68C8F8002015460093324610AB07460C4665
S214017D78FAF716FE90BB109B8DF824000693BDF803
S214017D880E3004A8ADF81C30AB898DF81070ADF82C
S214017D9820306B890594ADF81E60ADF822301EF0D0
S214017DA830FAD8B921463046BDF80E30109A01F09F
S214017DB8C9FF98B921463046BDF80E30109AFFF72C
S214017DC841FF58B9CDE9006039462046BDF80E3066
S214017DD8109A02F049FB08B9C8F800000AB0BDE8D5
S214017DE8F08100BF78420020F0B585B004AB03E906
S214017DF8030000231C469DF80D609DF80E70154A79
S214017E08D9B202EBC1004568EDB99DF80C30284699
S214017E1800939DF80A209DF80B300F4901F05CFA93
S214017E2826B1324628460D4901F056FA0C4A00207A
S214017E38002C18BF2246BDF808300A4905B0BDE82F
S214017E48F04001F02FBA12F831100133B94208BFD9
S214017E582C46D5E7DC760400D0200400E120040097
S214017E6860E90300E52004004FF6FF7310B5084CDF
S214017E7888B062889A4207D102A90DF107001DF061
S214017E882BFDBDF810306380608808B010BD00BFB8
S214017E98185800202DE9F04F85B0894692461C46B1
S214017EA80746BDF83850BDF83C80109E002833D0F0
S214017EB80346464A0020464901F00EFA2388002B5D
S214017EC876D040F20912934274D0424A4249B3F539
S214017ED8827F08BF0A46CDF8048061880020009199
S214017EE83E4901F0F9F9238893B1B8F1020F0FD989
S214017EF833783B4913F0010F3A4A18BF0A46590727
S214017F084FF000004CBF3379B378374901F0E4F9F4
S214017F180020364901F0C6F90023354931F83320E7
S214017F28AA4249D1334A52F833B0002331F8330014
S214017F38DA00A84246D100202E490A44908041F82A
S214017F48330047B9238833B9B4F90230002B02DB72
S214017F580820FAF77FF80120FAF796F89EB13578E7
S214017F68EB0710D515F0040004D04246012130462F
S214017F781EF0A2F9CDE9017043462246514648460D
S214017F8800961DF0BBFEBBF1000F06D04346224605
S214017F9851464846CDE90067D847434622465146EA
S214017FA84846CDE900671DF06FFB05B0BDE8F08FC8
S214017FB8114A90E7114A8EE701330A2BAED14FF0EA
S214017FC8000BB2E701330A2BB0D1BAE79DE00300F4
S214017FD80C21040061E90300FA2004001A210400B8
S214017FE8FD200400052104004B210400E5210400BE
S214017FF8804200207C420020F3200400F720040081
S2140180080D4BF0B54FF00C0C1F88054600230B4EA0
S214018018DCB2BC4201D30020F0BD0CFB04F43019DD
S214018028345DAC4205D144888C4202D1047994422D
S214018038F2D00133ECE700BF926B0020D86700202E
S21401804873B501262B4D2C4C2A462046FF230021CA
S2140180580096F9F701FB2A462046FF2300210096E1
S214018068F9F7FAFA2A462046FF2300210096F9F77F
S214018078F3FA2A462046FF2300210096F9F7ECFA80
S2140180882A462046FF2300210096F9F7E5FA2A46F4
S2140180982046FF2300210096F9F7DEFA2A462046F5
S2140180A8FF2300210096F9F7D7FA2A462046FF2330
S2140180B800210096F9F7D0FA2A462046FF23002128
S2140180C80096F9F7C9FA2A462046FF2300210096AA
S2140180D8F9F7C2FA2A462046FF2300210096F9F747
S2140180E8BBFAFF232A46002120460096F9F7B4FA80
S2140180F802B070BDBF4F0300CC4200202DE9F84303
S21401810800244FF00C090C4B0C4F1E78DFF830801A
S2140181183A88E5B2954202D33046BDE8F88309FBB2
S2140181280585FF21A8681CF041FB18B9AB799E426A
S21401813838BF1E460134EBE7A05E0020926B002094
S214018148D8670020014B1878704700BFA05E002052
S214018158014B1870704700BFA05E0020F8B50646B0
S2140181680C461EF03BF80546C8B930461DF069FDB9
S2140181780B2815D80B4B03EB00131F7B87B95A88BE
S214018188012122809A88304662809B79237100F00B
S21401819837FA39466071304600F032FAA071012587
S2140181A82846F8BDEC42002070B504460E46154632
S2140181B81DF047FD0B2802D94FF6FF7070BD094B1D
S2140181C803EB00131A7B002AF6D146B90122294689
S2140181D8204600F03DFA0028EED00088EEE7012E92
S2140181E8EAD1F4E7EC420020FF2313B50DF10701AD
S2140181F804468DF807301DF0EFFF18B19DF807000B
S21401820802B010BD074B03EB04131B7B0BB1FF2019
S214018218F6E7204600F03AF90028F8D0204600F0A4
S214018228E9F9EDE7EC42002013B5F6F7EBF9044659
S214018238F6F7EEF9224603461249002001F032F815
S21401824800F084FFFFF7BAFC00F0A6F80221084602
S21401825802F046FDFFF764FC41F249001EF072FC8D
S2140182684FF0FF130093FF2368468DF804301EF085
S2140182784FFC4FF400401EF02DFC00201EF04AFC77
S21401828802B010BD9A21040038B505461DF0C6FF98
S21401829890B928461EF072FB044628B140F60443FE
S2140182A8984214BF88248D2423462A460020034971
S2140182B800F0F8FF204638BD8D24FBE7B221040004
S2140182C82DE9FF4705460E4617469846BDF83090F5
S2140182D8DDF834A0BDF83840CDF80090CDE9014A64
S2140182E8E4B2FFF7D7FD43463A4631462846CDE97C
S2140182F80094CDF808A01FF0E4FBFF21034B044AC5
S214018308044804B0BDE8F04700F01ABE245800201F
S2140183182058002078600020044B01461888102257
S21401832840F0404040F48010F6F79CBF32740400D9
S214018338024B18685968FFF757BD00BF7ECF040087
S2140183480123064AD15C814202D1054AD05C7047B6
S21401835802335F2BF6D10020704700BF3677040042
S2140183683777040070B500220446094B1D78094B7F
S214018378D0B2854201D8FF2070BD1E78A64204D12E
S2140183880029F9D05E7BF607F6D401321033EFE701
S214018398A15E0020EC4200202DE9F04198B06B4622
S2140183A8304A1068516803C390680CAA18602E4BAF
S2140183B814469C4603F1180615461868596808338A
S2140183C803C5B3422A46F7D112AA1746274B03F12B
S2140183D81806154618685968083303C5B3422A466D
S2140183E8F7D1234A03AB106851684FF0010E03C357
S2140183F8906871681860DCF83000002206AB03C389
S2140184080C21EC46B068CDE909221860194BDFF853
S2140184186C801970184B0DEB01060B9206AD09A975
S2140184281CF8010B0132187034F8020B0C2A58801C
S21401843837F8020B83F80DE0988016F8010B03F164
S214018448100303F80A0C15F8010B08EBC00043F8F3
S214018458080C11F8010B03F8040CE1D118B0BDE8BB
S214018468F08100BFCC210400A67A0400BE7A04007D
S214018478D9210400A15E0020EC420020A077040068
S214018488014B1878704700BFA15E0020034B03EB31
S2140184980013587B00F00100704700BFEC42002033
S2140184A8F0B504460846D9B100220E4B11461F788E
S2140184B80D4B1D46D6B2B74201D8002010E01E78F3
S2140184C8A64206D09E68F688314489B20132103336
S2140184D8F0E75E7BF607F9D505EB02150180A8687B
S2140184E8F0BD00BFA15E0020EC4200202DE9F34755
S2140184F8894690461D46074618B9002002B0BDE8D1
S214018508F0870029F9D0002AF7D0002BF5D00024EF
S21401851800780DF10601ADF80640FFF7C1FF002807
S214018528EBD039460DF10602BDF806601DF07EFA5D
S21401853807460028E1D00DF10602BDF806A01DF099
S2140185489CFA0028D9D0C9F80070C8F80000037949
S21401855813F0200219D1DB0614D4BDF806300C4AF4
S214018568564413FA86F612FA86F20BE01A790C3399
S214018578920642BF13F8092C891889B29842F5D891
S214018588044A0A4401202A60B8E72146024BF5E767
S214018598C45F0020A25E0020E079040008B500212F
S2140185A8FFF7E0FEFF2817BF044B084603EB00134E
S2140185B8587B18BF00F0010008BD00BFEC42002040
S2140185C82DE9F0410D4616461F461DF03AFB0B28CD
S2140185D80AD8074C3B4604EB001032462946BDE84C
S2140185E8F04180681DF0FABA0020BDE8F08100BFAE
S2140185F8EC420020014B0001185C7047EC42002059
S21401860870B50C461DF01DFB0B281BD80F4B03EB52
S21401861800139A68C2B10023142618461579D9B2F0
S2140186288D4200D870BD116806FB0311097B34B969
S21401863811F0800F1CBF0130C0B20133EFE711F013
S214018648400FF7E70020EDE71046EBE7EC42002085
S214018658F8B50D4616461DF0F4FA0B280BD80F4B45
S2140186684FF0140C03EB00139A6800231C46177985
S214018678D9B28F4201D80020F8BD10680CFB030060
S214018688017B46B911F0800F03D0AC42F4D0013417
S214018698E4B20133ECE711F0400FF5E7EC420020B5
S2140186A82DE9F04F064600243A4B87B01B783A4F1F
S2140186B80093009B9C4207D2FF2E08D030461DF03F
S2140186C8C0FA0B28044606D907B0BDE8F08F07EBB9
S2140186D804131B7B2BBB23014FF00008019307EB08
S2140186E8041A14E014221B6802FB05352B89B3F51E
S2140186F8967F01D924F036F94FF000094FF00C0B9C
S21401870829891FFA89F291420ED808F10108019BBE
S2140187185FFA88F5FB189B681A79AA42E2D8FF2EF9
S214018728D2D10134E4B2C4E71FFA89F00BFB00F09A
S2140187386B6819180A7912F0100F23D19AF800E01D
S21401874812F0400F8DF80CE0B5F800E0185AADF8B5
S2140187580EE00CBF4FF0400E4FF0800EADF8120041
S21401876828468DF810E01DF02DF95307ADF81400D2
S214018778C8780AD50228896800D90968002203A89A
S2140187881DF0FCF909F10109BAE702288CBF8968CE
S2140187980831F3E7A15E0020EC420020052370B5FE
S2140187A8094A06881488B44208D19578047B2C4077
S2140187B83F2C03D90D4201D0506870BD013B02F130
S2140187C80802EFD11846F8E7507A040070B500247D
S2140187D8074D084E2B78E0B2834200D870BD06EBF1
S2140187E80010437BDB0701D51DF00AFB0134F1E7D6
S2140187F8A15E0020EC420020F8B50C460021054693
S214018808FFF7B0FDFF2829D0154A060102EB001331
S2140188185B7B03F001016CB143F001031644A142EE
S214018828737305D0C4B100B202EB00101DF0E8FA6C
S2140188380120F8BD2346F1E77B4311682846CA188C
S214018848127BC95AD2091CF047FF0134B268E3B259
S21401885811799942F0D8EBE71427F7E70846E8E7D5
S214018868EC420020F0B59446497D20B339B301297E
S21401887818BF042100254FF6FF702F462A46144ECE
S2140188883488644511D196F803E01EEA010F0CD02E
S214018898B4789C4209D30AB1BC4206D81EF0100F20
S2140188A803D08AB1BC420CD370B90135072D06F145
S2140188B80406E5D1F0BD002908BF0821D8E7022142
S2140188C8D8E727460020F0E727460122FAE700BF47
S2140188D8347A04002DE9F04F0A9FBDF824E09DF88C
S2140188E82C809DF830904C7D78B394B3012C18BF3A
S2140188F804240025194800F11C0C068896421ED14E
S21401890890F803B01BEA040F19D08678464516D3AB
S2140189181BF0100F91F80FA004D0BAF1000F0ED07B
S214018928B1F810A0BAF1000F09D1A94513D0AE4588
S21401893811D95E553E88013501363E80ADB2043008
S2140189486045DAD10120BDE8F08F002C08BF082465
S214018958CDE70224CDE70020F5E700BF347A04000E
S2140189682DE9F04F0024B1F57C4F0E4638BF4FF085
S214018978010BA246A1464FF6FF781F4628BF274B94
S21401898885B028BFB3F800B0009001925C4503D3C8
S214018998404605B0BDE8F08FB6F57C4F0CD3204BAA
S2140189A83A4603EB840331465B880098FFF708FED6
S2140189B8054680B300232AE03A46314600981DF062
S2140189C870F9F5E70C229CB254436A680199105B6A
S2140189D802EB040C884219D3B9F1000F01D05045B7
S2140189E814D861462846CDE902321CF0EBFF029BFB
S2140189F860B1039A125BB9F1000F03D0524501D357
S214018A08804503D9924680464FF0010901332A89E9
S214018A189CB2A242D6D80134A4B2B7E7967704002E
S214018A28987704002DE9F04F91461A4600238BB03B
S214018A388DF82020BDF850208DF81C00ADF81E10CA
S214018A48ADF8242005460F461A4604A907A8159C22
S214018A589DF858609DF85CA09DF860B09DF864800C
S214018A680493ADF822901DF035F8049850B92B46BA
S214018A78CDE90079644A654900F014FC86200BB0FC
S214018A88BDE8F08FBAF1000F14D18378B34206D04F
S214018A9850465D4A5E4900F005FC8D20EFE70379F4
S214018AA813F0010306D11846574A5A4900F0FAFB53
S214018AB88820E4E703795B072CD583685A689B68A6
S214018AC80592069380781DF099FD049B0546DF788C
S214018AD82146022F03463A4610D805A81DF04AFD3E
S214018AE881462B463A46214606A81DF043FDB9F1B4
S214018AF8010F01D001300DD18720C0E705981DF080
S214018B0839FD0128F8D02B463A46214606981DF02D
S214018B1831FDEFE7BBF1000F6FD1049F4FF6FF72EF
S214018B282146B8781CF0ECFE00286BD0BDF824303E
S214018B38C5B20093CDE902549DF82030BDF8222035
S214018B48BDF81E109DF81C0001961DF056FB002866
S214018B5895D1BDF82430CDE902540093BDF8222002
S214018B689DF82030BDF81E109DF81C0001961DF0DA
S214018B7821F9002883D121469DF8682007A81CF012
S214018B88FDFF00287FF47BAFB8F1000F07D03B4606
S214018B982046BDF81E209DF81C101DF092F8BDF861
S214018BA82430BDF82220BDF81E109DF81C00009345
S214018BB8CDE901649DF82030FEF73CFBBDF8243072
S214018BC8BDF82220BDF81E109DF81C000093CDE9C3
S214018BD802549DF8203001961DF00EFBBDF8243096
S214018BE8BDF822200093BDF81E109DF820309DF890
S214018BF81C001DF0B7F8002041E70020064900F0E8
S214018C0851FBF8E701203AE7E6210400F2210400C7
S214018C181E22040032220400462204007FB50025E5
S214018C288DF80830BDF820308DF80400ADF8061030
S214018C38ADF80A20ADF80C306946BDF82830099A17
S214018C4801A80B9E00951CF045FF044630B916B1E5
S214018C58009B9B783370204604B070BD8928FAD1F2
S214018C682846024900F01EFBF5E700BF6322040010
S214018C782DE9F04F4FF0000AC7B0FFF701FC5FFA85
S214018C888AF6B04202D847B0BDE8F08F5B4B360192
S214018C989A5D00205A4900F005FB0020594900F06A
S214018CA801FB00230593554B9DF8144033449B68FC
S214018CB81A79A24202D80AF1010ADEE714224FF015
S214018CC800091B6802FB043422891FFA89F39A42B9
S214018CD802D8059B0133E5E70C231FFA89F803FB45
S214018CE808F8D4F804B023F03DFE0BEB08052B7901
S214018CF8454913F0400F3BF8083022884FF0000032
S214018D080093424B18BF0B46414900F0E5FA294645
S214018D1820461CF057FE074600283CD13D4900F086
S214018D28DBFA2979DFF814C111F0010F3A4818BFA8
S214018D38604611F0020FAA78EB7832D1DFF800C14D
S214018D4811F0100F354918BF6146CDE90001002022
S214018D58334900F0C1FA2B793BF8082013F0400F8D
S214018D684FF0000B4FF0FD030DF118082188CDE9EF
S214018D78023BCDE9007821480CBF40238023805D63
S214018D88FFF74CFF86280ED12649002000F08AFA04
S214018D9809F1010998E702462349002000F09CFAE8
S214018DA8BFE72249D1E7A8781CF0FCFDD8B14046B8
S214018DB81DF088FA421C92B201234146002000F0B9
S214018DC8D5F93946208801F001FA4FF6FF73984223
S214018DD807D0174B174903EBC0035A68002000F069
S214018DE861FA1549D1E7A8781CF0E2FD20B14046A2
S214018DF81DF06DFA821CDEE7EA78DDE7EC4200201A
S214018E08B5220400C32204008D2204009222040025
S214018E1803230400461404009A2204009D22040039
S214018E281723040033230400D4270400A5220400D2
S214018E38207B040020F30300E521040097220400A8
S214018E48AD2204002DE9F04FC7B0BDF844A106468F
S214018E58BAF1040F0D4614461F46BDF840B163D952
S214018E68CDE9013B00920B4602463049002000F04E
S214018E7819FAFD230DF117090DF11808304602936A
S214018E8822463B462946CDE900B8CDF80C90FFF7B7
S214018E98C5FE0646B8B9FD22414699F800001CF001
S214018EA82FFD0746C0B1AAF10403834238BF8926BD
S214018EB820461DF0C4F98EB1304600F01BF9304645
S214018EC847B0BDE8F08F009023462A46002018498F
S214018ED800F0E8F90027EBE78926E9E7DFF85CA068
S214018EE8BA1CBAF80030C3F1FF039A4219DA3046C1
S214018EF800F000F999F8000000F0FCF8BAF80090C4
S214018F080C483A4641464844B94405F01FF8AAF8C1
S214018F18009023462A4630460749009700F0C2F9D2
S214018F28CDE7892000F0E6F88926C8E73F23040044
S214018F387A23040078600020A1230400205800202A
S214018F4810B5044C20600448018004490A60044AAC
S214018F58136010BDB44300201E580020B043002003
S214018F68AC43002030B587B00AAC0D4654F8041B54
S214018F780093CDE9011413460949024609480988B0
S214018F88006805941DF05DF84FF48A52064B1B687D
S214018F981880064B1B685D80DA8007B030BD00BFBD
S214018FA81E580020B4430020B0430020AC430020E4
S214018FB808B410B587B009AB0C4653F8041B0092E9
S214018FC8CDE9011302460B490B480593098800238E
S214018FD800681DF036F84FF48A52084B1B68188053
S214018FE8074B1B685C80DA8007B0BDE8104001B00B
S214018FF8704700BF1E580020B4430020B04300202D
S214019008AC430020044A034611680448044A098808
S214019018126800681CF0EEBAB0430020AC4300208A
S214019028B4430020044B054A1B6812681988044B90
S21401903818681CF052BA00BFB0430020B4430020A1
S214019048AC43002007B5074B1B681B880192064AEC
S21401905812680092054A12681CF0A0FA03B05DF87F
S21401906804FB00BFB0430020B4430020AC430020FB
S2140190781FB51446064A12681288CDE901430091C5
S214019088044B05491B6809681CF064FA04B010BD56
S214019098B0430020B4430020AC430020014B1868BD
S2140190A8704700BFAC430020024B1B68187159710A
S2140190B8704700BFAC43002010B50024084B1C7055
S2140190C8FEF75EFC074BFF2218802146064804F08F
S2140190D8ADFD064B1C80064B1C605C609C6010BD99
S2140190E88261002022580020786000202058002045
S2140190F82458002007490B88FE2B9FBF064AD054E8
S214019108581C80B29DBF088000F1FF3080180020EF
S214019118704700BF2058002078600020F8B5094F36
S2140191280D463B885C18FE2C0ADC074E0A46A4B29C
S2140191380146F01804F0CCFD3C80641BA019F8BD6C
S2140191480020FCE72058002078600020024B034AE4
S21401915800201A60704700BFB84300209C770400BF
S214019168014B1878704700BFEC42002030B4044D1C
S214019178044C002B0CBF2B46234630BC1DF0CBB845
S2140191888DE103007424040070B5054608460C46B4
S2140191981DF098F8611C0246024B2846BDE870404F
S2140191A81DF0B9B8932B040000B5037889B006936F
S2140191B843783E220593837808490493C37803933A
S2140191C8037902934379019383790093C379044819
S2140191D8008800F081F809B05DF804FBCF2304008D
S2140191E830580020024B02460249188800F05AB847
S2140191F830580020F9E703002DE9F04705460E46EA
S21401920817460024DFF84480DFF844A0DFF84490CE
S214019218AC4201D1BDE8F087B8F8000006EBC401FE
S214019228534608221DF077F80134B8F800003FB914
S214019238044AA54208BF4A46034900F04DF8E7E745
S2140192484A46F9E7E5210400F8E70300305800200C
S21401925874240400C1D003002DE9F0410E4E0446E3
S21401926830881DF070F8A8B100250C4FDFF8308063
S214019278E3070AD518B94146308800F02DF830883A
S2140192882A46394600F028F8002001351B2D4FEAFA
S2140192985404EDD1BDE8F081305800208C1004004C
S2140192A8172104000EB417B505A9044651F8040B96
S2140192B8019103F0B1FB01210220054AF8F7ECFC05
S2140192C8044B1C8003B0BDE8104003B0704700BFD4
S2140192D8E5210400305800200EB417B505A9044648
S2140192E851F8040B019103F097FB034B1C8003B064
S2140192F8BDE8104003B070473058002013B5036826
S2140193080446587900F032FF90B923685A88032A30
S2140193180ED0E17C5B79CDE900211649164AFFF7A4
S214019328C1FF012120461DF0AEF8012002B010BD94
S214019338637D012B0AD0637D33B92368228A598855
S21401934858791CF08AFC48B9C3200AE02368228AA7
S214019358598858791CF08AFC0028ECD020461CF065
S214019368F4FF064B1B78002BDFD110F5807FDCD08D
S214019378C1B2D7E7FC230400F42304007961002076
S214019388002970B50F491D460F4B14460CBF6E22B7
S2140193987922002808BF0B4600200C49FFF79CFFDE
S2140193A80B4E2544AC4205D1BDE870400020094962
S2140193B8FFF778BF3146002014F8012BFFF78CFF22
S2140193C8F0E700BF352404002B2404003E240400E3
S2140193D872240400C90704002DE9F04FC27C8BB043
S2140193E80592427D0368002A14BF80224022077D29
S2140193F80446856886895879B846B3F80290069275
S21401940800F0B4FEA0B9059B052B05D86FF02D0317
S214019418059A1341DB070BD5B9F1030F08D0AB4901
S2140194280020FFF73FFF012120461DF02CF876E0CB
S214019438E37B1BB1228A002A00F0B781607D0022F7
S214019448B0FA80F05B4203F00403DFF88CB24009FF
S21401945843EAC000ABF80020FFF74CFEE37B1BB3E2
S214019468208A1CF0ECFE8246A07CFFF743FE059A94
S214019478162A00F29A81DFE812F019009E016C00A4
S2140194885600D2016C009201D9019A01E001E70168
S214019498EE01390102029801980198011402580256
S2140194A814027002390102029A46DDE700204B4693
S2140194B8874A8849FFF7F6FE0120FFF71BFE08F1E9
S2140194C80207B74229D84146324628461CF0F4FE20
S2140194D88046236842465879BBF800304946C3F1AE
S2140194E8FF039BB20193238A0093069B1EF023FB7E
S2140194F810B11FFA87F8E2E7236842465879BBF8A5
S21401950800304946C3F1FF039BB20193238A0093B7
S214019518069BFFF797FC8928EBD11CF0AEFF0120CC
S2140195280BB0BDE8F08F4FF0000B0420FFF7E2FD0B
S214019538F31E0893089B984552D3BBF1000FECD154
S214019548E37B94F81480002B0CBF02220422624BA2
S2140195581A804FF0000B0420FFF7CCFD5F4608F198
S214019568030A564540F29D803246414628461CF07D
S214019578A3FE05EB08039B78F21EAA44A2EB080299
S21401958807905146184692B209931CF0B9F908900B
S214019598002879D02268099B5079CDE901A3238A4E
S2140195A849460093DDE906321CF0D9FC82464A4654
S2140195B80020079B4949FFF78FFEBAF1000F55D1E6
S2140195C80BF10103504646495FFA83FBFFF76AFE33
S2140195D8089B08F1030813FA88F81FFA88F8BEE70B
S2140195E83246414628461CF067FE05EB08039F787D
S2140195F8089B08F10301A3EB08022944824692B2AC
S214019608384609911CF07CF9079068B323680999D4
S214019618587902970191238A524600934946069B38
S2140196281CF0EDFC0746B8B10BF1010338465FFAAA
S21401963883FBFFF75FFD50461CF001FE53464A4682
S21401964800202649FFF72EFE3A4600202549FFF757
S21401965829FE802F3FF471AF079B08F1030813FA20
S21401966888F81FFA88F865E78027DDE75046FFF790
S21401967841FD07981CF0E3FD0137524600201949C1
S214019688FFB2FFF70FFEA3E78720FFF733FD079822
S2140196981CF0D5FD0137872212490898FFB2FFF75B
S2140196A801FE059B052B3FF43AAF002F7FF435AF3B
S2140196B8BBF1000F05D10C495846FFF7F3FD802191
S2140196C8B2E63846FFF716FD27E700BF44D8030081
S2140196D87F240400CC240400205800208924040098
S2140196E8CC230400A5240400AF2404000599A84A45
S2140196F8A84B0020152918BF1346CDF80090A64A96
S214019708A649FFF7CFFD059B0C2B14BF16200D208D
S214019718FFF7F0FC3246284639461CF0CDFD059B7E
S2140197283D440C2B0646AD7835D1192D28BF192591
S214019738E37BB3B14FF6FF73278A9F4211D12068A6
S21401974832464946069B4079FFF70AF9B84208D0DF
S214019758BAF1000F05D020828AF80000000A8AF8BC
S21401976801000020BBF80070FFF7C4FC23683246EE
S2140197785879059B4946A3F1150CDCF1000343EB28
S2140197880C03CDE90153238A0093069B1CF05BFB6F
S214019798834BD855C1E6132D28BF1325C8E72046A5
S2140197A8FDF7D0FB00287FF4BAAE81213CE62046BF
S2140197B8FDF77CF8F6E7B9F10A0F05EB0708A6EB03
S2140197C8070A21D1DFF8DCB19BF80030E3B1E37B6F
S2140197D8D3B9BAF1080F17D13246394628461CF0D4
S2140197E86BFD88B998F8023073B998F80320E22A15
S2140197F80AD13246391D284605931CF05AFD1CF03D
S21401980827FE059B8BF80030414648461FFA8AF228
S2140198181EF093F900287FF482AE002104E6F21BBD
S214019828484692B2E9191CF004FDF3E7F21B4846D4
S21401983892B2E9191CF0C1FCECE7F21B484692B259
S214019848E9191CF0E6FCE5E7F21B484692B2E9196D
S2140198581EF075F9DEE72368EE5D5879238A01372D
S214019868ED5D0193069B3246494600932B461CF054
S21401987829FA2A46314648461CF0A1FC4FE60598C7
S2140198887A1CE95DB31AA0F11606704270410039D8
S214019898009018BF012148469BB22A441CF091FC4F
S2140198A8B8E7059BEE5D112B3D446F7838D1122041
S2140198B8FFF720FC0025E37BB3B14FF6FF73B4F83E
S2140198C81080984510D133464A4621462846FEF769
S2140198D8C9FF404508D0BAF1000F05D020828AF8A2
S2140198E80000000A8AF80100BBF80080DFF8B0A083
S2140198F8C8F1FE0292B208F10103009253444A46A7
S21401990821462846CDE90267CDF804B0FEF7E2FF06
S214019918BBF800300AF808000133ABF80030FCE564
S2140199281420FFF7E7FB0125C5E77B1C9E422CD3D5
S214019938EF5D1D44003F18BF0127F31A9EB2334658
S2140199482A4639460020FFF71BFD00962B463A4665
S2140199584846218A1CF039FC5CE77B1C9E4214D3DE
S214019968EF5DF61A003F18BF01271D44B6B233460D
S2140199782A4639460120FFF703FD00962B463A464C
S2140199884846218A1CF01FFC44E70020C8E500BFB2
S214019998E52104007A240400C0240400CA24040033
S2140199A8786000207761002038B54FF6FB750446CD
S2140199B8A9424FF001019DF8100098BF43F40043F7
S2140199C8217023816260A07202230020084A094997
S2140199D8FFF768FCE07A084B40F6CA0203EB401032
S2140199E8FF211AF0C4FEBDE838400420F8F732BB60
S2140199F8DA240400E5240400FC43002030B50546BB
S214019A0885B028B91D4905B0BDE83040FFF74ABC06
S214019A180024007B1CF066FC2046194A19492C7064
S214019A28FFF740FC184BE87AFF2103EB40101AF0C9
S214019A38AFFE2046154B02019A5C22B90130042874
S214019A48F9D1F8F721FB696899B1B5F908302A897F
S214019A589B1303F002038DF80430C2F30E03ADF82E
S214019A6806304FF6FF73ADF80830002301A80393BC
S214019A78884705B0BDE830401CF039BC1025040005
S214019A88DA24040042250400FC430020BC430020DD
S214019A980948037873B91946084AD3720133042B67
S214019AA81173117051601181917202F11002F4D193
S214019AB801230370704700BF78610020BC43002073
S214019AC808B5FFF7E5FF002305491A018A5C01EB93
S214019AD803101AB10133042BF7D1002008BD00BFCB
S214019AE8BC43002070B50D460646FFF7D1FF00239C
S214019AF8094800EB0514A17AB14205D1217819B1BC
S214019B082B4400EB031070BD0133042B04F1100441
S214019B18F1D10020F7E700BFBC43002010B504468A
S214019B28FFF7B6FF0E4B9C4212D003F12002944277
S214019B3810D003F1400294420ED060339C420DD1FE
S214019B480323084800EB0310BDE81040FFF756BF93
S214019B580023F6E70123F4E70223F2E70020F3E700
S214019B68FC430020BC43002070B50024064D074E78
S214019B782846324600210134F7F7A4FD042C05F1E6
S214019B882005F5D170BD00BFFC430020259B0100D0
S214019B982DE9F34105460C4617469846FFF790FF10
S214019BA8064640B91C4A1D49FFF77CFB022420469D
S214019BB802B0BDE8F0814FF6FB739D420AD94FF615
S214019BC8FD739D4204D00020134A1549FFF76AFB2E
S214019BD84FF6FD75434621463A4628461CF020FCBA
S214019BE8044600F02FFE804634B1234600200A4A78
S214019BF80C49FFF757FBDAE73B462046064A0A496F
S214019C08FFF750FB062329463046089ACDF8008010
S214019C18FFF7CAFECBE700BFDA2404004F2504008D
S214019C2879250400AE250400D7250400F7B50646B5
S214019C380C461746FFF744FF054638B9104A11493E
S214019C48FFF730FB0224204603B0F0BD21464FF44F
S214019C588A5230461CF0ACFD044600F0F3FD34B1E0
S214019C6823460020064A0849FFF71CFBEBE700904D
S214019C7804233A4631462846FFF796FEE3E700BF37
S214019C88DA2404004F250400FF250400F7B506462C
S214019C980F46FFF715FF054638B9104A1049FFF772
S214019CA801FB0224204603B0F0BD002240231146E2
S214019CB830461CF041FF04461CF03CFF34B12346F5
S214019CC80020064A0749FFF7EDFAEBE70090012363
S214019CD83A4631462846FFF767FEE3E7DA240400EA
S214019CE84F2504003226040073B504460E46FFF7D6
S214019CF8E7FE054638B9104A1049FFF7D3FA022499
S214019D08204602B070BD0022204611461CF016FF00
S214019D1804461CF00FFF34B123460020064A0849C2
S214019D28FFF7C0FAECE70090234632464FF6FC717F
S214019D382846FFF739FEE3E7DA2404004F25040036
S214019D48602604002DE9F0418846107800219EB06F
S214019D5814461D46FFF7C6FE0646002800F0FD809D
S214019D680778002F7BD0B8F80010002940F0F5805E
S214019D780389B8F8022043F40040824240F0ED809F
S214019D88617800296BD1A2F50042062A00F2E58027
S214019D98DFE812F0A100A100E300E3000700B80025
S214019DA86900E3880D3DADF82430238915F00105D7
S214019DB8ADF8263063798DF82830E37A03F1060288
S214019DC814F812208DF814308DF81C2042D10BA9F6
S214019DD88E46069104F10C005FFA85FC9C4500F15D
S214019DE8020009D210F8018C10F802CC01350CEBF0
S214019DF8082C2EF802CBEFE701EB43011A44089131
S214019E08D2B2590001F10D009A42C0B20BD0251802
S214019E186D78205C7831694400EB0520013321F820
S214019E284C0CDBB2EDE7B6F908203389002AACBF43
S214019E3801220322C3F30E038DF808206288ADF8C9
S214019E480A3005ABADF80C20049302A930461CF085
S214019E58D2FA04E0424A43490020FFF723FA38467B
S214019E681EB0BDE8F081042D02D83D4A3E49F3E70D
S214019E782379053DADB29D42B4F8028002D0384A36
S214019E883A49E9E73A4A3B4B0020002D08BF1346FA
S214019E983949334ACDF80080FFF704FA05348DF8BE
S214019EA81450B6F90830069485B1002BACBF0123CF
S214019EB803238DF82C303389ADF83080C3F30E03B5
S214019EC8ADF82E3005AB0D930BA9BFE7002BACBF41
S214019ED806230523EDE70B2DC7D9D4F80200D4F8DD
S214019EE8061013F4004F05AA03C20CBF042203226E
S214019EF88DF82C206289C3F30E03ADF83020ADF837
S214019F082E30DFE7042DB0D96388ADF830302379D9
S214019F180533DBB29D4206D00020114A1749009549
S214019F28FFF7C0F99BE70E4A00201549FFF7BAF973
S214019F38B6F908203389002AACBF01220322C3F3ED
S214019F480E03ADF82E3005AB0D93631D06932379EA
S214019F588DF82C208DF81430B6E700277FE700BF70
S214019F68DA2404008D260400B5260400C926040058
S214019F7809E00300E5210400F02604000D2704008B
S214019F884E270400304BF0B5B0FBF3F24FF4616591
S214019F9803FB1200B0FBF5F3DCB205FB13033C250B
S214019FA8B3FBF5F3DBB2A0EB04104B71C3EB031361
S214019FB8A0EB83004FF4FA630B8040F201134B8049
S214019FC801230C711F4600246425204E8871944293
S214019FD800D1F0BD91F802C013B1BCF1020F2BD02D
S214019FE806EB0C0010F801ECC87870450BBF012091
S214019FF801300CF1010CC0B208BF81F802C0C8706C
S21401A00888780D2816D10B888F7001339BB2980774
S21401A0180B8014D1B3FBF5F005FB103080B280B984
S21401A0284FF4C870B3FBF0FC00FB1C339BB2B3FAC9
S21401A03883F35B090134CAE74FF01D0ED4E700230A
S21401A048F8E70123F6E700BF80510100E27A040031
S21401A05810B5044688B006A9FFF794FF9DF81E3090
S21401A0680A4803939DF81D30049402939DF81C300A
S21401A0789DF81A200193BDF8183005490093008809
S21401A0889DF81B30FFF70EF908B010BD30580020B8
S21401A09867270400026808B51188154B198051888E
S21401A0A8598051791971117959714FF48A51D980AA
S21401A0B8D28812F0200F0CBF0A464FF48B528169E2
S21401A0C8DA800C4A137831B9C0880B4923F00203A9
S21401A0D80880137008BD43F002031370074B15225E
S21401A0E81846013103F0F4FD002200F8012CF1E7CF
S21401A0F8245800208261002022580020335800206E
S21401A10810B5184C236858791BF09BFD0B2822D8EC
S21401A118154B03EB0010027B237F9A421BD1236861
S21401A128428819888A4205D04FF6FF70814212D1BB
S21401A138120410D42279023A012A06D9A37B63B9FC
S21401A148BDE810400748FFF747B9198958791AF04A
S21401A158AEFE0028F2D1002010BD0248BDE810402E
S21401A168FFF7CCB880440020EC42002008B51BF06D
S21401A17868FD0B2896BF024B0020185C08BD00BF7F
S21401A1888761002008B500201CF0ACF8FF201BF002
S21401A1988BFD1CF0ACF81BF053FFFEF771F901219B
S21401A1A80246064803F042FD054BFF21054A0648CC
S21401A1B8FEF7C6FEBDE80840FEF708BB876100202B
S21401A1C8245800202058002078600020F0B500228E
S21401A1D804464FF6FF750B4F90B237F830600346CA
S21401A1E8AE4201D12846F0BDA64209D1B4F57C4F4E
S21401A1F8F9D307EBC3035B888B42F4D00029F2D06E
S21401A2080132E9E7207B040010B50446FFF7DEFFBC
S21401A218094A034610884FF6FF72934214BF074A4D
S21401A2282246BDE8104017BF02EBC30304495A682B
S21401A2380449FFF751B800BF30580020207B0400BE
S21401A2488A27040020F30300034B18780130C0B2B4
S21401A258187000F07F007047F46B0020044A1378EA
S21401A26818B143F001031370704703F0FE03FAE7D1
S21401A27882610020014B1870704700BF856100207D
S21401A28838B1074B1B78012B04D1038843F04003F0
S21401A29803807047022BFCD1038823F04003F7E7BD
S21401A2A88561002068B1074A1378012B07D1064B50
S21401A2B81B781370037843F01003037001E0022B38
S21401A2C8F8D0704784610020836100207FB50121A2
S21401A2D8264B274E197033780246D90744D42549A8
S21401A2E8096881B10868C1888D0641BF224CE1889A
S21401A2F841F02001E180C1884C0641BF1E48C18853
S21401A30841F04001C1801D4D1D4928780978400754
S21401A3184CBFE97069701B4913F00204098809D01B
S21401A328164A19481BF061FF337823F0020333708D
S21401A33804B070BD154B18884FF6FB73984208D8C1
S21401A3480B46CDE9005201460B4A20461BF026F97A
S21401A358EEE74FF6FF73CDE9014200930A46074B35
S21401A36805491BF0F7F8E3E70020E1E779610020EB
S21401A378826100207C440020245800207860002058
S21401A388F56B002020580020325800202258002063
S21401A39870B503790446012B0D46164631D88368F5
S21401A3A81B78DB0600D561B3A37B13B9E37C0B2BC3
S21401A3B827D00022144B1A80637DB3FA83F35B0916
S21401A3C8D800E37BABB9FEF795FEA07CFEF792FEBC
S21401A3D80B20FEF78FFEE07CFEF78CFE2846FEF784
S21401A3E889FE2046FFF756FE3046BDE87040FFF767
S21401A3F86DBF40F00400FEF77DFE208A1BF01FFFAC
S21401A408E3E7002070BD00BF20580020024B0A4633
S21401A41801461868FFF7BCBF7C440020F0B4054627
S21401A42818460F4B0C461B78BDF81010012B0D4E25
S21401A43801D0377827B1002333700020F0BC70476D
S21401A4480CB9002AF9D143B14FF65743994204D0C3
S21401A4582B462246F0BC1BF0AEBE0120EEE700BF3D
S21401A468F66B0020866100202DE9F04F684C4FF00E
S21401A478000A25468446964698460F46654B664E1C
S21401A48883F800A00FCE0FC596E80F0085B085E8C3
S21401A4980F00DDF83C90BDF8383072460093394617
S21401A4A843466046CDE9019400F0DCF8DFF8908178
S21401A4B8064670B90025FEF7FFFD1622002157480B
S21401A4C803F0B4FB00232846C8F8003005B0BDE801
S21401A4D8F08F534BA27CC8F800401A70514B1B787A
S21401A4E8002B36D01BF0B6FF4F4902465046FEF702
S21401A4F8F3FE22685046537952884C490092A28945
S21401A508FEF7EAFE50461BF01EFF20B12368218A9B
S21401A5185888FFF779FEE37B23B10020228A444955
S21401A528FEF7DAFEA36800201A78E37C4149009317
S21401A538A37CFEF7D1FE207DA289A168121A0144E8
S21401A5480123002092B2FEF711FE00203A49FEF7D9
S21401A558A9FE2F48FFF79EFD2D481DF0E7FA054690
S21401A56830BBB9F1000F25D12168E0880B8801902E
S21401A5784988BA1E032A00918CBF002201220121B4
S21401A588E07CFFF74BFF38B923685B79FF2B3AD09D
S21401A598FFF7B6FD05468EE72368DB889A06F3D4EF
S21401A5A80121264C1A4821701BF06DFF84F8009093
S21401A5B8354680E7B9F814309B07E5D47AE758465C
S21401A5C8FEF718F882465846FDF760FF88B12368FB
S21401A5D85046228A59881BF037FB50B13846FFF798
S21401A5E859FD236889F804A083F805A0FFF788FDBC
S21401A5F800B9284605460136FDF742FF5FFA86FB95
S21401A6085845DCD857E70026014FDFF83890F3E7BE
S21401A6188044002079610020007B04003258002025
S21401A628F56B0020F36B0020A3270400AC27040079
S21401A638CD270400D927040053D9030086610020DA
S21401A6487C440020245800200023054AD15C81421E
S21401A65802D31A44507870470233DBB2F6E700BFDC
S21401A668EE7A040073B515462E781A4616F0040FCE
S21401A6780CBF032605269E42089C08D9224A234970
S21401A68800960020FEF70EFE002002B070BDBDF851
S21401A698183021712060E380A560A2812B7803F031
S21401A6A80103A3732B7803F00403002B14BF0121C5
S21401A6B80021E1732978C1F3C00161754FF00101EA
S21401A6C8217518D028461BF0F7FD237D208202331A
S21401A6D82375227D531CDBB22375A95C0232D2B2E4
S21401A6E8A1742275EB5CE374A3899A4205D900929A
S21401A6F80749054AC5E72382EBE7079B0120A361C3
S21401A70800232377C1E700BF9DE003001C2804004F
S21401A718382804002DE9F7430024204FDFF89C80F1
S21401A728DFF89C90E0B21CF043F9FF2805460FD1EC
S21401A7382346012102201A4AF7F7AEFA194B0134CB
S21401A748187819F016FC152CECD103B0BDE8F08387
S21401A75846B238EA260328BF4B4601210093022059
S21401A76857F82430104AF7F797FA002EE6DA092345
S21401A778E340DB070AD50D4A0D4B15F0010F18BF4C
S21401A7881A4601210220F7F787FAD7E70A2CD5D10E
S21401A798084A094B15F0010FF1E700BF387B0400A2
S21401A7A891280400F76B0020B92804006A280400E1
S21401A7B854280400862804007C28040009E00300C5
S21401A7C8E521040008B554220021024803F02EFAB8
S21401A7D8002008BD2059002008B55422FF21024850
S21401A7E803F024FA002008BDCC580020024B23F8B9
S21401A7F810100020704700BFCC580020002310B46A
S21401A808074ADCB2A14203D85DF8044BFFF7DABF6A
S21401A8182A2BF9D032F8024B20F813400133F0E71F
S21401A82820590020002310B5054A994201DD2A2B3C
S21401A83800D110BD32F8024B20F813400133F4E77B
S21401A84820590020024B187800F07F00704700BF9F
S21401A85893610020034B18780130C0B2187000F0DD
S21401A8687F0070479361002030B51C4600238BB0EB
S21401A878ADF82220021D92B2012A0E9DADF82030B5
S21401A888ADF81E10ADF81C3003D94FF6FF72904292
S21401A8980FD10022CDE90352CDE90124094B014627
S21401A8A81B784FF6FF70009307AB1CF0A1F80BB0AE
S21401A8B830BD0146CDE901531846009407AA1CF09D
S21401A8C8B3F8F4E7F86B002038B505464FF4805026
S21401A8D80C4603F0B1FB4FF480532860236030B96F
S21401A8E840F2A511BDE83840014822F02EB838BD1F
S21401A8F8A829040000487047DE5A0020014B187842
S21401A908704700BF116C0020014B1888704700BFC4
S21401A9189A6B0020014B1878704700BF0A6C00201C
S21401A928014B1878704700BF97610020014B1878D3
S21401A938704700BF056C0020014B1870704700BFB8
S21401A9489A610020014B1870704700BF996100207A
S21401A958014B1888704700BF986B00202DE9F74F08
S21401A9684FF00008394B3A4F93F80090394B3A4E5E
S21401A9783A4D3B4C3B483C49DFF8F4C0DFF8FCE075
S21401A988DFF810A1DFF810B10193019B20372033BF
S21401A99801935FFA88F3994506F1200605F120052B
S21401A9A804F1200400F1200001F120010FD8002253
S21401A9B811462E4B2E4D1C782E4E2F4B2F4FD0B2B4
S21401A9C8844203F1200338D803B0BDE8F08F2C4B3E
S21401A9D82C4A47F81C3C002346E907232A4A47E93C
S21401A9E8063E45E90723294A46E905E344E90723DC
S21401A9F8274A45E905E340E90723019A44E905E3BF
S21401AA0840E905E341E908CA41E9063E47F820CC92
S21401AA1847F8103C46F820CC45F820CC44F820CC22
S21401AA2840F820CC41F8103C08F1010842E908CB6F
S21401AA3842E9063E42F8103CA7E743E9085643E9CF
S21401AA48061743F8101C0132B9E700BF156C002041
S21401AA585848002058470020384800201848002049
S21401AA68B847002098470020784700200F6C002040
S21401AA780C5600208DD40200D8470020E52104009A
S21401AA886D92030045910300C99C020069B6020055
S21401AA98736903003D1A0300CD8B0200002208B536
S21401AAA8074B1A605A601BF052FF064B18701BF0D2
S21401AAB84EFF054B1870054B1A78054B1A7008BDE2
S21401AAC8AE550020D5610020D4610020036C00201B
S21401AAD8D3610020002100B593B008466A460AF003
S21401AAE871F90146C8B90E4B0E4A09930E4B0D92E1
S21401AAF80A930E4A0E4B0E920B930E4A0E4BCDE955
S21401AB080F230C930D4B6A4611930AF011FC00387B
S21401AB1818BF012013B05DF804FB0120FAE700BF57
S21401AB28D78C030065980200DB8E0300256D0200B2
S21401AB38A169030091A702003B8F030095940200C8
S21401AB48084B1878112806D8012809D9064BC3409E
S21401AB5803F001007047A0F143035842584170477B
S21401AB6800207047D76100203400020008B5064B64
S21401AB781B78013B022B05D80020FFF7E1FF0138BF
S21401AB88C0B208BDFF20FCE7D8610020044B00F1E5
S21401AB98100250F8041B904243F8041BF9D1704781
S21401ABA8D9610020044B03F1100253F8041B9342A9
S21401ABB840F8041BF9D17047D961002030B500244C
S21401ABC891B0114B0546214614220BA8CDE909433D
S21401ABD803F02CF8102209ABCDE900440693CDE921
S21401ABE80452CDE90252094B09490AA8F2F728FD91
S21401ABF804460AA81CF039FD1CB1A021054821F01D
S21401AC08A4FE11B030BD00BF0024800000444004FB
S21401AC18D9610020332A040070B5002490B0154B82
S21401AC2805460E46142221460BA8CDE9094302F033
S21401AC38FDFF102209ABCDE9004406933146CDE964
S21401AC480452CDE902520C4B0AA8F2F7F9FC044665
S21401AC580AA81CF00AFD1CB1BA21084821F075FEA5
S21401AC68099B102B03D0BB21044821F06EFE10B0BF
S21401AC7870BD00BF0024800000444004332A04004D
S21401AC8830B50D4600218FB0124B0446142209A890
S21401AC98CDE9071302F0CAFF102207ABCDE902423D
S21401ACA8CDE90042049329460B4B08A8F2F77CFD30
S21401ACB8044608A81CF0D9FC1CB1D121074821F08C
S21401ACC844FE079B102B03D0D221044821F03DFEF9
S21401ACD80FB030BD0024800000444004332A04002D
S21401ACE80022034B1870034B1970034B1A707047F8
S21401ACF8EA610020EB610020E96100202DE9F04FB0
S21401AD08DFF89080064698F800300D4685B0002B8F
S21401AD183AD04FF6FB73984236D84FF0000B1C4FCB
S21401AD28DFF874A03C7898F800305FFA8BF94B4549
S21401AD389AF8000011D9484402AA0DF10601C0B2DA
S21401AD4814F096FA082229460DEB020003F0BAFA27
S21401AD580BF1010B0028E6D14C463B78A34208D1FB
S21401AD6898F80020631CDBB29A423B7004BF0023AC
S21401AD783B70324629469AF800301C44E0B205B0CA
S21401AD88BDE8F04F14F062BB05B0BDE8F08F00BF18
S21401AD98E9610020EB610020EA6100202DE9F74F08
S21401ADA806460D4614461F464FF0010BDFF878900D
S21401ADB803F10C0A15B903B0BDE8F08F102DA846AB
S21401ADC828BF4FF010083A46164B5FFA88F152F83A
S21401ADD8040B524543F8040BF9D101919AF8002067
S21401ADE811481A70002389F80F4089F800B089F8CD
S21401ADF80E30FFF7E3FE324601340B480199E4B200
S21401AE0812F801CB10F8013B83EA0C0302F8013C67
S21401AE18931BDBB28B42F3D3A5EB080816461FFA41
S21401AE2888F5C7E7ED610020EC6100202DE9F04FB9
S21401AE389046914685B00090981A029383B2019382
S21401AE48009B0F46354903F10C0453F8045BA342F3
S21401AE5841F8045BF9D11B78314E0B7049233370E6
S21401AE68019BF0731B0A3046B373FFF7A7FE022156
S21401AE78BB460D46737888EA030373704FF0000AE1
S21401AE881DE0C5F11004A9EB0A039BB2A4B29C42CB
S21401AE9828BF1C4600231FFA83FCE8186445C0B285
S21401AEA81FD82544EDB2A344102D54441FFA84FA42
S21401AEB805D1002530460391FFF780FE0399D14559
S21401AEC8DFD807EB080B25B115480391FFF776FE87
S21401AED8039901294FF000050DD00121DDF80490F2
S21401AEE8CCE71BF803C016F800E001338CEA0E0C19
S21401AEF806F800C0CFE7029B09491F44094B3846AC
S21401AF081C78224603F022F82A4621463846009B3A
S21401AF1805B0BDE8F04FFFF741BF00BFED61002067
S21401AF28EC610020166C002030B540780C460128EC
S21401AF384FF0110387B001F1100516D1144A01A983
S21401AF480AF07EFF234601AC224618685968083382
S21401AF5803C2AB421446F7D111230D4A002001A9BA
S21401AF680AF06EFF002007B030BD0120094A01A98A
S21401AF780AF066FF234601AC22461868596808336A
S21401AF8803C2AB421446F7D11123024AE6E700BFD3
S21401AF9875E4010079EB010030B50C46407887B0BE
S21401AFA801284FF011030DBF0B4A0C4A012001A9D5
S21401AFB818BF01A90AF044FF234601AA05AD1446A5
S21401AFC803CCAC4218605960224603F10803F6D157
S21401AFD8002007B030BD00BF75E4010079EB010021
S21401AFE810B50C4688B01A230C4A01A901200AF0AC
S21401AFF827FF21460DF10E0304F1100251F8040B48
S21401B008914243F8040BF9D11A230020034A01A9F7
S21401B0180AF016FF002008B010BD00BF24E10100A9
S21401B028F0B58BB004460D461DF016FEA8B101A872
S21401B03812F0CEF888B1667B271D16F0020F05D0F0
S21401B0480822384601A903F03DF9D0B901AB46F00C
S21401B058020603CB6060796066731A230A4A03A95D
S21401B06801200AF0EDFE29460DF116030DF1260220
S21401B07853F8040B934241F8040BF9D100200BB0A6
S21401B088F0BD2D20FBE700BF24E10100F0B5054621
S21401B098071D00220C463846082193B01DF06AFDAC
S21401B0A86A7B0646D0070BD5687808A91CF0FAF81B
S21401B0B8DDF83D306B60DDF841307B6080B10BE038
S21401B0C8910709D5D2000121384602F080021CF00A
S21401B0D8F4F8FF28687002D12D2013B0F0BDD6B160
S21401B0E8687801A91CF07BF89DF81C305B0604D52E
S21401B0F84FF4C6710A4821F028FC234603AD07AC75
S21401B1082A4603CAA24218605960154603F1080385
S21401B118F6D10020E1E708A91CF0C4F8CEE700BF85
S21401B128B12A04002DE9F04106468AB01F480F46A9
S21401B13815460024FFF736FD002C01A914BF4FF071
S21401B1485C0C4FF0360C10238846184A12F8010B8F
S21401B158013B8CEA000013F0FF0301F8010BF5D15F
S21401B16805A81EF042FB4246102105A81EF041FB29
S21401B178C4B93946324605A81EF0A3FB2A460DF186
S21401B188140C0DF1240E634603CB73451060516011
S21401B1989C4602F10802F6D114B10AB0BDE8F08166
S21401B1A80124C9E72A461021E5E700BF1C620020F2
S21401B1B82DE9F04791460D46C0B09DF82041DDF8CF
S21401B1C828811E46DFF87CA09DF8243107462246D2
S21401B1D8494640468AF8003002F0B8FE9DB123463B
S21401B1E8324641463846FFF721FEB44207D9A11B2D
S21401B1F83B46012289B208EB0600FFF7CFFD002087
S21401B20840B0BDE8F087A11B3B46012289B208EB96
S21401B2180600FFF7C3FD22464146684602F096FE41
S21401B2283246694638462346FFF700FE9AF800205C
S21401B2380DEB040109EB040003F044F80028DED006
S21401B2482C20DDE7166C002038B50346104601F1C0
S21401B258100451F8045BA14242F8045BF9D1044991
S21401B2681BB1FFF7D9FC002038BDFFF709FDFAE747
S21401B2781C62002030B5054689B069461BF033FECE
S21401B2886B8804ACABB12246294668461BF0CBFD59
S21401B2980E4A08AD234603CBAB42106051601C46EC
S21401B2A802F10802F6D10948FFF770FC002009B040
S21401B2B830BD6B46054D1A4603CAA242286069602E
S21401B2C8134605F10805F6D1EDE700BF1C6200201C
S21401B2D850B10B4B0B4A03F1100153F8040B8B4288
S21401B2E842F8040BF9D17047064B054A03F11001E1
S21401B2F853F8040B8B4242F8040BF9D1704700BF90
S21401B3081C620020FC61002008B51022024802F0E9
S21401B318DFFC002008BD00BF0C62002008B5084607
S21401B3281022024902F0D4FC002008BD0C6200205D
S21401B33810B5044686B001A9114A112301200AF066
S21401B3487FFD9DF8143001A8E3701EF015FE80F00D
S21401B35801000C4A01A96070112301200AF070FD52
S21401B3689DF8143001A8A3701EF006FE80F00100B7
S21401B378207010F0C7FA6060002006B010BD00BF4C
S21401B38875E4010079EB010010B5044686B0112377
S21401B398134A012001A90AF053FDA3789DF8142049
S21401B3A89A4207D08DF81430002011230C4A01A9BF
S21401B3B80AF046FD11230B4A012001A90AF040FDB7
S21401B3C8E3789DF814209A4207D08DF814300020AF
S21401B3D81123044A01A90AF033FD06B010BD00BFC7
S21401B3E879EB010075E401002DE9F04186B00646C7
S21401B3F803A80C4612F08AFE054600284AD1BDF875
S21401B4080C30980646D510222946204602F00EFC36
S21401B41801A811F0DDFEC0B1777B06F1040817F02C
S21401B428020F06D00822404601A902F04BFF002869
S21401B4382ED101AB47F0020703CB7060C8F80410A1
S21401B4487773238843F008032380238843F0020395
S21401B458238011F097FA60601DF0FEFB30B10E4BA9
S21401B4681B68A360238843F0040323800B4B1A68E8
S21401B478D1035EBF238843F010032380130203D54C
S21401B488238843F400632380284606B0BDE8F0818C
S21401B4982D25F9E72425F7E7884800208C48002061
S21401B4A810B5D0E9023253F8223090B01C68402219
S21401B4B8694620461BF069FF034630B12246002044
S21401B4C80549FDF7EFFE10B010BD012269460820B8
S21401B4D8FDF792FEF7E700BF472B040070B500F0B2
S21401B4E8B1F800280CBF6E22792200201349FDF717
S21401B4F8D9FE00F0A7F8F0B11BF05BFF00280CBFDF
S21401B5086E22792200200E49FDF7CCFE0822002083
S21401B5180C49FDF7C7FE00250B4C0C4E234654F884
S21401B528042C314600200335FDF7BCFE182D04F126
S21401B5380C04F3D170BD3F22E4E700BF7F2B040063
S21401B548962B0400A62B0400B0490020C52B040046
S21401B55870B51BF013FF044621490020FDF7A2FE33
S21401B5682CB92046BDE870401E49FDF79BBE00F089
S21401B578BBF805461C4B62690020002A08BF1A461C
S21401B5881A492668FDF78EFEA28800201849FDF79D
S21401B59889FE1849E2880020FDF784FEA3882289DF
S21401B5A813F010001ABF002013491449FDF77AFE5C
S21401B5B8E26800201249FDF775FE2269002011494C
S21401B5C8FDF770FE104A114B0020B6F5817F38BF93
S21401B5D813460F492A46BDE87040FDF763BE00BF13
S21401B5E8FA2B0400072C0400BDFB0300282C0400DA
S21401B5F8462C0400672C0400842C0400A12C0400AB
S21401B608BF2C0400DD2C0400F22B0400E82B0400F8
S21401B618FB2C040038B5014600230C25084A05FB17
S21401B62803F4A0181459013404D10C2202F050FB7B
S21401B638002038BD0133082BF1D10120F9E700BFFE
S21401B648AC490020034B1878012894BF002001203C
S21401B658704700BF2E62002038B50446044D28788E
S21401B668A04203D021461BF069FE2C7038BD00BFEE
S21401B6782E62002000B58FB03422002101A802F006
S21401B688D5FA01A8EEF786FA0598D0B182680E4B6E
S21401B698B2F5803F34BF92B2C2F38F2241881A8135
S21401B6A8028828BF41F010011A6042689980DA8042
S21401B6B8C268DA6002691A6142695A61027E1846EE
S21401B6C81A760FB05DF804FB30490020054B1B784D
S21401B6D820B1012B04D80220FFF7BEBF012BFBD8EF
S21401B6E8704700BF2E62002010B5084C237853B966
S21401B6F81BF044FE0123237028B10368B3F5817F4C
S21401B70824BF037E2370207810BD00BF2D62002061
S21401B71870B5184B1B78012B2BD81BF012FE164D53
S21401B728024616490020FDF7BDFD0120FFF7CEFFB2
S21401B7382E78FF2E1DD1FFF79DFFC8B184886022A1
S21401B7483146C4F340040E482C7002F06FFA6022AA
S21401B75831460C4802F06AFA5CB1FFF7C5FF0428C7
S21401B76807D9BDE8704040F22B11074821F0EDB823
S21401B778287070BD2E620020176C00201E2D040054
S21401B788AC4900204C490020302D04002DE9F04F2B
S21401B798DFF884928DB003AB07468846144699E8CD
S21401B7A8070083E80700FFF7B3FFFFF79DFF944BF9
S21401B7B806461D784B46012D40F07081012840F25F
S21401B7C87281B7FBF0F200FB1272002A00F06B815F
S21401B7D88C4900228B46D1F800C0BCF1FF3F04D04B
S21401B7E8087A6044874200F019810132082A01F17B
S21401B7F80C01F0D193E8070006AE0DF1240A86E89D
S21401B80807008AE80700FFF76FFFB7FBF0FB00FBAE
S21401B8181B7BA0EB0B094A46414606460AA8099730
S21401B8288DF82C9002F092FB00224FF00C0E764910
S21401B83802E00132082A0ED00EFB02F000EB010CE2
S21401B84808580130F5D19AE807008CE807006F49D7
S21401B8580A7801320A70A14504DD4FF4E2716C489A
S21401B86821F073F8A41B5C444F44A1B217FA84F480
S21401B878B4FBF6F206FB1242C8448E1A91B1A41A1A
S21401B88808EB060107A88DF82020069402F05EFB57
S21401B89806A8FFF7BFFEFF2804D140F2D9115C487D
S21401B8A821F053F8B6B2B6B10320FFF7D5FE802EC5
S21401B8B80AD832464146574802F048FB32463846CF
S21401B8C854491BF046FD05460220FFF7C5FE2846EB
S21401B8D80DB0BDE8F08F0025F9E74FF40E714C481E
S21401B8E821F033F8464B1B78012B00F0E380002C3F
S21401B8F836D00320FFF7B0FE802C2FD822464146CB
S21401B908444802F023FB2246384642491BF021FDF3
S21401B91805460220FFF7A0FEDFF8F09099F8003000
S21401B92893B1039CFFF7E0FE374B002798461A6849
S21401B938511C04D0197A411A521A944224D001375C
S21401B948082F03F10C03F2D1002DC0D1039B01335C
S21401B958C1D003A8FFF75EFE0546B8E70125D8E77C
S21401B9682546D9E740F26D21294820F0EEFF01254A
S21401B97824E0012D30D0802E2FD832462549039851
S21401B9881BF0E7FC054628E0002DA0D10C247C43DB
S21401B99808EB04039DF814A093F808B00AEB0B0310
S21401B9A8802BDFDC1B4B524604A9184602F0CEFA60
S21401B9B8211D5A464144504402F0C8FA0C2303FBA1
S21401B9C807839DF814201B7A13449E42D1D040F277
S21401B9D873210F4820F0B9FF01250220FFF73CFE2E
S21401B9E899F8003013B1013B89F800304FF0FF3366
S21401B9F808EB040248F80430C2E9013367E700BFE0
S21401BA08176C0020AC4900204C4900202C6200200D
S21401BA18302D0400B04800209C7B04004FF00C0A2F
S21401BA280AFB02B3187AA6EB00095FFA89F9A14561
S21401BA3801D35FFA84F90AFB02FA0AF104052844DD
S21401BA484A464146584402F081FA0BEB0A031A7A31
S21401BA58A4EB09044A44D2B2B242A4B21A7219D16A
S21401BA6803200193FFF7F8FD32460BEB05015BF85F
S21401BA780A001BF06EFC05460220FFF7EDFD4FF0AD
S21401BA88FF32019B4BF80A20C3E90122002D7FF4FF
S21401BA981EAFC844002C3FF41EAF4F44104B1B7812
S21401BAA8012B7FF424AFB7FBF6F306FB1373002BC9
S21401BAB87FF413AFE319B3FBF6F506FB1535002D36
S21401BAC83FF415AF641B5B1B08EB04012A4604A868
S21401BAD80393A4B202F03AFA8DF8145007E700BFB0
S21401BAE8176C002070B5134B1B78012B0CD1FFF790
S21401BAF80FFE0026104D55F8043C013306D10336D7
S21401BB08182E05F10C05F6D1002411E00320FFF7E5
S21401BB18A3FD55F8044CFFF7E7FD294602462046E3
S21401BB281BF017FC04460220FFF796FD002CE6D012
S21401BB38204670BD176C0020B049002070B5054638
S21401BB480C46FFF7E5FD0520FFF786FD214628464A
S21401BB581BF00DFC06460220FFF77EFD00220A4B6D
S21401BB682C441968481C08D0A94206D3A1423EBFF6
S21401BB784FF0FF31C3E9001199600332182A03F127
S21401BB880C03EED1304670BDAC490020D0E9023234
S21401BB9853F8223010B51C68204600F095FA28B1F3
S21401BBA82146BDE81040024800F022BF10BD00BF84
S21401BBB8AE2D040008B5D0E9023253F822301868D1
S21401BBC800F06CF920B1BDE80840024800F010BF4B
S21401BBD808BD00BFD02D04002DE9F041D0E902329E
S21401BBE853F8221003EB82035B680F681D789AB03E
S21401BBF8642D04D96421114800F0FAFE64252A460A
S21401BC08384601A900F002F9044698B90C4800F034
S21401BC18EFFEDFF8348001AE013DA54202DC1AB022
S21401BC28BDE8F0813919404616F8012B00F0E0FE10
S21401BC380134F2E7034800F0DBFEF0E7F32D0400D9
S21401BC48132E04003D2E04002A2E04002DE9F04789
S21401BC5800252D4FDFF8E080DFF8E0908CB028460D
S21401BC6803A900F0EFF810B10CB0BDE8F087049B0B
S21401BC782946039A0093384600F0BAFE404600F07B
S21401BC88B7FE059910290CD810290CD8DFE801F061
S21401BC980F14320B340B0B0B360B0B0B0B0B0B0B5E
S21401BCA83A0020292CD0194800F0A2FE07E01848CF
S21401BCB800F09EFE0135D2E7164800F099FE069977
S21401BCC8484600F095FE0799134800F091FE134880
S21401BCD800F08EFE1024DFF868A00DF11F0650460E
S21401BCE816F8011F013C00F083FE14F0FF04F6D19C
S21401BCF80B48DDE70B48E0E70B48DEE70B48DCE7D7
S21401BD080B48DAE70B48D8E7582E0400FD2E040046
S21401BD18AD2E0400BD2E0400232F04003B2F040083
S21401BD28C2D00300C52E0400CD2E0400D62E040072
S21401BD38E12E0400F82E04009C2E04000C2F0400AB
S21401BD484C2F040010B50B4C8EB023785BB9EDF779
S21401BD589BFE014650B9012301A82370EDF71AFF8F
S21401BD68054B049A1A6020780EB010BD034800F0FF
S21401BD783FFEF8E72F620020804C0020522F040077
S21401BD8800B58FB0FFF7DEFF002829D001A8EDF730
S21401BD9801FF059B1448198800F02AFE059B1348E5
S21401BDA85969134B002908BF194600F021FE059B67
S21401BDB81048598800F01CFE059B0F48196900F0C9
S21401BDC817FE059B0D48D96800F012FE059B0C4826
S21401BDD8197E00F00DFE0B4B0B48196800F008FEA3
S21401BDE80FB05DF804FB00BF8F2F0400A12F0400DD
S21401BDF8BDFB0300B32F0400C72F0400DB2F04008C
S21401BE08EF2F0400804C00200330040070B506466E
S21401BE1815460C4679B172B1FFF794FF68B1214611
S21401BE282A463046EDF7C0FF014618B1044800F02F
S21401BE38DFFD012070BD2120FCE71120FAE700BFD5
S21401BE481530040037B505460C46FFF77BFFE0B111
S21401BE58114B1B68AB421AD9CCB1002124222046CB
S21401BE6801F0E4FE2146284616F012FE88B9284657
S21401BE7801AA04F10801EDF749FF20B140F2064393
S21401BE88C01A18BF012003B030BD1120FBE72120DE
S21401BE98F9E70120F7E700BF804C0020F0B593B022
S21401BEA80546FFF74FFF002845D0254B1A68AA42DA
S21401BEB807D829462348013A00F09AFD212013B0F5
S21401BEC8F0BD05A8EDF766FE284603A916F0E0FDC5
S21401BED898BB049A22F4FF57C2F30C0327F01F07F6
S21401BEE82BB14FF400532946174800F081FD039EF5
S21401BEF87FB120F037FD30464FF40051EDF7E0FFF3
S21401BF083346044606F5005650B9039BF31ABB425E
S21401BF18EFD32A4639460D4800F06AFD002406E0AC
S21401BF2800902A464FF40051094800F061FD201E92
S21401BF3818BF0120C3E71120C1E70120BFE700BFF2
S21401BF48804C002043300400F1300400B031040076
S21401BF585F31040010B5044638B1FFF7F3FE30B17F
S21401BF680020044B1B68236010BD2120FCE711202C
S21401BF78FAE700BF804C002010B50446FFF7E2FE42
S21401BF88B0B10C4B1A68A24206D821460A48013AB3
S21401BF9800F02EFD212010BD20F0E4FC40F25122D5
S21401BFA820460649EDF772FE003818BF0120F2E771
S21401BFB81120F0E7804C0020433004002C4A002072
S21401BFC810B50446FFF7BEFE70B121460848EDF7E6
S21401BFD87DFE40F20323984208D040F2012398429E
S21401BFE80CBF0520012010BD1120FCE70020FAE750
S21401BFF82C4A00202DE9F0412D4D04462F68FFF705
S21401C008A1FE002851D02968A14207D84A1E29480E
S21401C018214600F0EDFC2120BDE8F0812648EDF729
S21401C02815FEDFF894800246B0B943462E6896425C
S21401C03822D1BE4214BF3A4606F1FF3212BB314640
S21401C0481D48C8F80040EDF7E1FD014600B31B485E
S21401C05800F0CEFC0120DFE72046EDF7B7FD0446E9
S21401C06838B10146164800F0C3FC201E18BF01204F
S21401C078D2E7EDF7BFFBF8E753F8041B8C42DDD097
S21401C0880132D4E70C499200081D01F021FED6E7DB
S21401C09829680948EDF7DAFD044610B10146094852
S21401C0A8D6E7EDF7A7FB2046B6E71120B4E700BFB1
S21401C0B8804C0020433004000C4A0020F63104006E
S21401C0C8CC31040029320400F8B50446FFF73AFEDD
S21401C0D8002845D0234B1A68A24207D82146224891
S21401C0E8013A00F085FC21242046F8BD1F4800F0DF
S21401C0F87FFC20F037FC40F251221D492046EDF71F
S21401C108C5FD40F20327054620F02CFC184E65B104
S21401C11840F203239D421AD02946164800F068FCCF
S21401C1280124154800F064FCDEE720F01BFC2946D4
S21401C1383046EDF7CBFDB84209D040F201239842CC
S21401C14803D10E4800F054FCE1E70546DFE7214637
S21401C1580B4800F04DFC2046FFF74CFF0446E0E78D
S21401C1681124C1E7804C00204330040060320400EB
S21401C1782C4A002080320400C2D00300C9070400FC
S21401C188983204000322024B186019615A637047FB
S21401C1980000025C3F22034B1A631022DA61032275
S21401C1A89A6370470000025C024AD36B9B07FCD473
S21401C1B8704700BF0000025C044B9B6A13F0240F13
S21401C1C814BF012000208000704700BF0000025CF9
S21401C1D808B5FFF7F1FF084BDB6B23F47F4323F029
S21401C1E8EF03003B18BF012350EA83001EBF01225C
S21401C1F8024BC3F8FC2F08BD0000025C00F0FF3FAD
S21401C2084368182B0AD0202B1DD0102B2BD1174B87
S21401C218D3F80434DB010AD401207047134BD3F852
S21401C22804349A01F8D50B6843F008030B600368D9
S21401C2380F4A934210D10B6843F040030B6000236A
S21401C248436000207047094BD3F804345B01E3D5FB
S21401C2580B6843F00403E9E7064A9342F1D10B68F9
S21401C26843F08003EAE70720704700BF0000025C3E
S21401C27831620020306200200B4607B50749D1F825
S21401C2880414C90708D5002100920246084600F0A2
S21401C29843F803B05DF804FB0120FAE70000025CEE
S21401C2A80B4607B50749D1F80414C90708D5009203
S21401C2B801210246002000F02FF803B05DF804FBC8
S21401C2C80120FAE70000025C13B5084CD4F80444D0
S21401C2D8640709D5CDE900230B4600210246084626
S21401C2E800F044F802B010BD0120FBE70000025C34
S21401C2F813B5084CD4F80444640709D5CDE90023DE
S21401C3080B4602460121002000F030F802B010BDAD
S21401C3180120FBE70000025CF0B51C465B68154689
S21401C3288DB01A07129E1AD1CBB17268934216D1F4
S21401C3380C4B0D4A53F8217009AB07CA83E807006E
S21401C3481A462946CDE90533CDE90333CDE901631C
S21401C358009447F480701BF07DF80DB0F0BD0720FF
S21401C368FBE700BFB47B0400A87B0400F0B51D46BC
S21401C37816466A688DB0DDE91273E2B178688242C2
S21401C38819D15A68102A16D10C4A09AC52F821C09C
S21401C3980B4A07CA84E8070022463146CDE9054418
S21401C3A8CDE90344CDE9017400954CF480601BF097
S21401C3B851F80DB0F0BD0720FBE700BFB47B0400C1
S21401C3C8A87B040010B50A46044619B1024B0021A1
S21401C3D81B68984710BD00BFBC7B040010B5114C04
S21401C3E82378580744BF23F004032370237899075A
S21401C3F805D500F05DF8237823F0020323706378EF
S21401C4081BB10023084A63605360002308210648CD
S21401C4186370FFF7D7FF2378DA0744BF23F00103D9
S21401C428237010BD844C0020884C002038B51A4C67
S21401C43862782378022A01D1072B11D0DD0712D59D
S21401C4482378980707D400F02BF82378054643F09D
S21401C4580203237080B96278237882B15A0716D509
S21401C4680025284638BD17F085F92378054643F098
S21401C478010323700028E3D0FFF7B0FFF1E7D907DF
S21401C488ECD5064962604A6002226270E6E743F02C
S21401C49804032370E4E700BF844C0020884C002086
S21401C4A80122024B002083F8F0207047904C0020B0
S21401C4B82DE9F0410A4C002526464FF001080327CE
S21401C4C82046C4F81C80277601351BF0B1F8062DE6
S21401C4D804F12804F4D1002386F8F030BDE8F08191
S21401C4E8904C00202DE9F04F984691B00B1E0A9308
S21401C4F8B44B914614BF83469B4600251A9E98F86E
S21401C508000070B94D4538BF2A464B464FF000002B
S21401C5180A9928BF09F1FF32D847284611B0BDE865
S21401C528F08F252808F1010806D02A464B460A99B5
S21401C5386C1CD8472546E2E70023414611F8012B33
S21401C5482B2A16D00AD8202A16D0232A17D0A2F1C9
S21401C5583000092834D800270A2418E02D2A05D0E7
S21401C568302AF4D143F001038846E6E743F0020394
S21401C578FAE743F00403F7E743F00803F4E743F068
S21401C5881003F1E7884604FB0722A2F1300741466B
S21401C59811F8012BA2F130000928F3D998F80020E8
S21401C5A82E2A52D198F8011008F10102A1F13000A3
S21401C5B8092843F480633ED800244FF00A0E11E0A0
S21401C5C82A2A08D156F8047B8846002FBCBF43F0B8
S21401C5D802037F42E2E70027E0E702460EFB04116A
S21401C5E8A1F13004104610F8011BA1F1300CBCF182
S21401C5F8090FF2D99046424612F8011B6C292DD034
S21401C60825D8682933D06A293BD04246904618F87F
S21401C618010B672860D8572836D8452808D084D90A
S21401C628462800F0188147287FF47FAF43F400635B
S21401C63843F0200327E12A2906D156F8044B08F1CE
S21401C648020824EAE474D6E790460024D3E774295E
S21401C65801D07A29D9D143F48073D7E798F8011025
S21401C6686C29F8D143F4407308F10202CEE798F832
S21401C6780110682902D043F08003C7E743F0C003DE
S21401C688F2E743F40073C1E7A0F158020F2A3FF618
S21401C6984CAF01A151F822F041C7010033C5010092
S21401C6A833C5010033C5010033C5010033C5010098
S21401C6B833C5010033C5010033C5010033C5010088
S21401C6C841C70100ADC8010041C7010083C8010088
S21401C6D863C8010083C80100A0F16901C9B20F2926
S21401C6E83FF623AF012249F2410C8A4012EA0C02B6
S21401C6F818D10A2900F0158107297FF416AF43F0EF
S21401C708210305930823CDE903431023CDE901232B
S21401C71856F8043B2A46009358464B460A991BF09E
S21401C72877F8A8E06F2800F05E8110D9782808D13C
S21401C738102223F00C0310E0582839D0622800F0A4
S21401C74854810A2223F01003642806D0F1E76928E9
S21401C7584FF00A0223F01003F6D1590548BF23F01B
S21401C7680103692803F4007101D0642840D111B38C
S21401C778073626F00706B24670685AF8081BCDE950
S21401C788077300230593C30F0028029306940B46EC
S21401C798049202DA4B4260EB4000CDE900304B468A
S21401C7A82A4658460A991BF075F805465646A6E6DF
S21401C7B843F02003BCE7D90506F1040A04D531681D
S21401C7C805E000BF7B76030058060CD53178CDE925
S21401C7D80224CDE9047300294FEAD1730193B8BF47
S21401C7E84942009120E01906E9D5B6F90010EEE7AE
S21401C7F879B1CDE907730023CDE9042306F1070AC9
S21401C8082AF0070A06940293FAE80223CDE90023E0
S21401C818C5E7D80506F1040A0DD5CDE90473CDE9B7
S21401C82802240191336800934B462A4658460A99D2
S21401C8381AF0EEFFB9E7590607D53178CDE9047342
S21401C8480023CDE902240193CBE7316813F0800F6A
S21401C85818BF89B2F2E743F02003CDE90173073622
S21401C86826F007060094B6EC020B4B462A465846B5
S21401C8780A99E9F7ADFF054641E600F0DF004728CB
S21401C88801D143F40063CDE90173073626F00706A4
S21401C8980094B6EC020B4B462A4658460A99E9F725
S21401C8A8DBFDE8E713F0020426D04FF0010A6B1C03
S21401C8B80B932A464B460A9916F8040BD84774B3C5
S21401C8C854460B9A21E04B4620200A99D8470AEB92
S21401C8D805020AF1010A5745F5D83A1E18BF012282
S21401C8E8002A07F1FF3308BF002307F1010A1D4498
S21401C8F808BF4FF0020ADAE7A246E8E7551C4B469E
S21401C90820200A99D8472A460134BC42F6D3A7EB19
S21401C9180A03574538BF00230B9A1A440B920B9DFE
S21401C928EDE53246002C52F8046B14BF21464FF051
S21401C938FF310B9232463144107808B1914211D139
S21401C948A2EB060A13F480620C9202D0A24528BF15
S21401C958A24613F002030D931BD1AAEB05032A4640
S21401C9680F9308E00132E7E7531C0E9320204B464D
S21401C9780A99D8470E9A0F9BD318BB42F4D3A7EB54
S21401C9880A03574538BF00230AF101021D4403EB89
S21401C998020AAB1B0E9304E01C464B462A460A992C
S21401C9A8D8470E9BF51816F8010B28B10C9B002BDF
S21401C9B8F3D0631E002CEFD10D9B93B12A46AAEB48
S21401C9C8050405E0561C4B4620200A99D8473246EE
S21401C9D81319BB42F6D3A7EB0A03574538BF002302
S21401C9E81D440B9E8BE50822A3E60222A1E600BFA2
S21401C9F80FB41FB506AA52F8043B02A90392009287
S21401CA0804484FF0FF32FFF76DFD05B05DF804EB03
S21401CA1804B070473D7903001FB5034600914FF0F7
S21401CA28FF3203A90248FFF75DFD05B05DF804FB78
S21401CA383D7903001FB5CDE90201009302A913460B
S21401CA4803484FF0FF32FFF74DFD05B05DF804FBD4
S21401CA58457903001FB5094B094A1868094B01A90E
S21401CA681860094B1360094A0192094A1268CDE910
S21401CA78022316F0A2FE05B05DF804FB78680020D4
S21401CA88F43D0020F83D00206C6800209B6A0400F5
S21401CA9840500020014B186816F0A3BE78680020A5
S21401CAA838B5F1F7DBFC0446064D2B68D3F8B0021F
S21401CAB8F1F7C8FC286816F0A7FE2046BDE83840FE
S21401CAC8F1F7C0BC7868002010B5234CEFF7B6FD27
S21401CAD8EFF7C2FE236F012023F0070343F0030399
S21401CAE82367EFF7E3FE1D4B00209B6A9B075EBF9B
S21401CAF801221B4B9A62D4F8203123F0030343F03A
S21401CB080203C4F82031D4F8243123F0070343F094
S21401CB180203C4F82431D4F8403123F0030343F068
S21401CB280103C4F84031D4F8603123F0030343F01D
S21401CB380103C4F86031D4F8403223F0030343F00C
S21401CB480103C4F84032D4F8003223F0070343F057
S21401CB580103C4F8003210BD0080005000C0005028
S21401CB6800E00050064B1B681A7A022A01D81AB947
S21401CB787047032A00D070471B68024A1360704743
S21401CB887C680020405000200022024B5A60DA6080
S21401CB981A6070474450002008B501F011FD0022C4
S21401CBA8014B1A7008BD00BF326200200A460149CF
S21401CBB81AF02CBF559404000A4601491AF026BFFC
S21401CBC8509404000A4601491AF020BF499404000B
S21401CBD80A4601491AF01ABF469404000A46014952
S21401CBE81AF014BF439404000A4601491AF00EBF0E
S21401CBF83E9404000A4601491AF008BF3994040015
S21401CC080A4601491AF002BF349404000A4601494B
S21401CC181AF0FCBE2D94040081F0004102E000BF2A
S21401CC2883F0004330B54FEA41044FEA430594EADE
S21401CC38050F08BF90EA020F1FBF54EA000C55EA19
S21401CC48020C7FEA645C7FEA655C00F0E2804FEAEA
S21401CC585454D4EB5555B8BF6D420CDD2C4480EACC
S21401CC68020281EA030382EA000083EA010180EAFC
S21401CC78020281EA0303362D88BF30BD11F0004F4A
S21401CC884FEA01314FF4801C4CEA113102D0404280
S21401CC9861EB410113F0004F4FEA03334CEA1333BB
S21401CCA802D0524263EB430394EA050F00F0A780D3
S21401CCB8A4F10104D5F1200E0DDB02FA0EFC22FACE
S21401CCC805F2801841F1000103FA0EF2801843FAC2
S21401CCD805F359410EE0A5F120050EF1200E012AB3
S21401CCE803FA0EFC28BF4CF0020C43FA05F3C018F1
S21401CCF851EBE37101F0004507D54FF0000EDCF16A
S21401CD08000C7EEB00006EEB0101B1F5801F1BD312
S21401CD18B1F5001F0CD349085FEA30004FEA3C0C16
S21401CD2804F101044FEA445212F5800F80F09A800C
S21401CD38BCF1004F08BF5FEA500C50F1000041EB10
S21401CD48045141EA050130BD5FEA4C0C404141EB14
S21401CD580101013C28BFB1F5801FE9D291F0000F0F
S21401CD6804BF01460020B1FA81F308BF2033A3F1BE
S21401CD780B03B3F120020CDA0C3208DD02F1140CB5
S21401CD88C2F10C0201FA0CF021FA02F10CE002F1F0
S21401CD981402D8BFC2F1200C01FA02F120FA0CFCE9
S21401CDA8DCBF41EA0C019040E41AA2BF01EB045132
S21401CDB8294330BD6FEA04041F3C1CDA0C340EDC30
S21401CDC804F11404C4F1200220FA04F001FA02F373
S21401CDD840EA030021FA04F345EA030130BDC4F131
S21401CDE80C04C4F1200220FA02F001FA04F340EA26
S21401CDF80300294630BD21FA04F0294630BD94F0D7
S21401CE08000F83F4801306BF81F480110134013DBD
S21401CE184EE77FEA645C18BF7FEA655C29D094EA2E
S21401CE28050F08BF90EA020F05D054EA000C04BFAC
S21401CE381946104630BD91EA030F1EBF0021002097
S21401CE4830BD5FEA545C05D14000494128BF41F036
S21401CE58004130BD14F580043CBF01F5801130BD9A
S21401CE6801F0004545F0FE4141F470014FF0000025
S21401CE7830BD7FEA645C1ABF194610467FEA655CD6
S21401CE881CBF0B46024650EA013406BF52EA033578
S21401CE9891EA030F41F4002130BD00BF90F0000F66
S21401CEA804BF0021704730B54FF4806404F13204A2
S21401CEB84FF000054FF0000150E700BF90F0000F5B
S21401CEC804BF0021704730B54FF4806404F1320482
S21401CED810F0004548BF40424FF000013EE700BF52
S21401CEE842004FEAE2014FEA31014FEA02701FBFE2
S21401CEF812F07F4393F07F4F81F06051704732F014
S21401CF087F4208BF704793F07F4F04BF41F400216A
S21401CF18704730B54FF4607401F0004521F00041C8
S21401CF281CE700BF50EA010208BF704730B54FF052
S21401CF3800050AE050EA010208BF704730B511F053
S21401CF48004502D5404261EB41014FF4806404F18B
S21401CF5832045FEA915C3FF4D8AE4FF003025FEA11
S21401CF68DC0C18BF03325FEADC0C18BF033202EB95
S21401CF78DC02C2F1200300FA03FC20FA02F001FAEF
S21401CF8803FE40EA0E0021FA02F11444BDE600BF92
S21401CF9870B54FF0FF0C4CF4E06C1CEA11541DBF41
S21401CFA81CEA135594EA0C0F95EA0C0F00F0DEF80C
S21401CFB82C4481EA030621EA4C5123EA4C5350EAF1
S21401CFC8013518BF52EA033541F4801143F4801342
S21401CFD838D0A0FB02CE4FF00005E1FB02E506F0D3
S21401CFE80042E0FB03E54FF00006E1FB03569CF028
S21401CFF8000F18BF4EF0010EA4F1FF04B6F5007F2E
S21401D00864F5407404D25FEA4E0E6D4146EB06069F
S21401D01842EAC62141EA55514FEAC52040EA5E5028
S21401D0284FEACE2EB4F1FD0C88BFBCF5E06F1ED8D2
S21401D038BEF1004F08BF5FEA500E50F1000041EB09
S21401D048045170BD06F0004646EA010140EA0200B6
S21401D05881EA0301B4EB5C04C2BFD4EB0C0541EAD8
S21401D068045170BD41F480114FF0000E013C00F3ED
S21401D078AB8014F1360FDEBF002001F0004170BD11
S21401D088C4F10004203C35DA0C341BDC04F114042A
S21401D098C4F1200500FA05F320FA04F001FA05F2B6
S21401D0A840EA020001F0004221F0004110EBD37083
S21401D0B821FA04F642EB06015EEA430E08BF20EAAF
S21401D0C8D37070BDC4F10C04C4F1200500FA04F352
S21401D0D820FA05F001FA04F240EA020001F00041E4
S21401D0E810EBD37041F100015EEA430E08BF20EA57
S21401D0F8D37070BDC4F1200500FA05F24EEA020E9F
S21401D10820FA04F301FA05F243EA020321FA04F0CD
S21401D11801F0004121FA04F220EA020000EBD37084
S21401D1285EEA430E08BF20EAD37070BD94F0000F84
S21401D1380FD101F00046400041EB010111F4801FB8
S21401D14808BF013CF7D041EA060195F0000F18BF69
S21401D158704703F00046520043EB030313F4801FA5
S21401D16808BF013DF7D043EA0603704794EA0C0F5F
S21401D1780CEA135518BF95EA0C0F0CD050EA410675
S21401D18818BF52EA4306D1D181EA030101F00041F2
S21401D1984FF0000070BD50EA410606BF104619461A
S21401D1A852EA430619D094EA0C0F02D150EA013626
S21401D1B813D195EA0C0F05D152EA03361CBF104667
S21401D1C819460AD181EA030101F0004141F0FE4106
S21401D1D841F470014FF0000070BD41F0FE4141F48A
S21401D1E8780170BD70B54FF0FF0C4CF4E06C1CEA8A
S21401D1F811541DBF1CEA135594EA0C0F95EA0C0F3F
S21401D20800F0A7F8A4EB050481EA030E52EA0335F9
S21401D2184FEA013100F088804FEA03334FF080551A
S21401D22845EA131343EA12634FEA022245EA111547
S21401D23845EA10654FEA00260EF000419D4208BFF8
S21401D248964244F1FD0404F5407402D25B084FEAA5
S21401D2583202B61A65EB03055B084FEA32024FF451
S21401D26880104FF4002CB6EB020E75EB030E22BFAE
S21401D278B61A754640EA0C005B084FEA3202B6EB6E
S21401D288020E75EB030E22BFB61A754640EA5C001D
S21401D2985B084FEA3202B6EB020E75EB030E22BFAD
S21401D2A8B61A754640EA9C005B084FEA3202B6EBAE
S21401D2B8020E75EB030E22BFB61A754640EADC006D
S21401D2C855EA060E18D04FEA051545EA16754FEACF
S21401D2D806164FEAC30343EA52734FEAC2025FEAED
S21401D2E81C1CC0D111F4801F0BD141EA00014FF07C
S21401D2F800004FF0004CB6E711F4801F04BF01434D
S21401D3080020B4F1FD0C88BFBCF5E06F3FF6AFAE68
S21401D318B5EB030C04BFB6EB020C5FEA500C50F1F8
S21401D328000041EB045170BD0EF0004E4EEA11317B
S21401D33814EB5C04C2BFD4EB0C0541EA045170BD82
S21401D34841F480114FF0000E013C90E645EA060EC6
S21401D3588DE60CEA135594EA0C0F08BF95EA0C0FF4
S21401D3683FF43BAF94EA0C0F0AD150EA01347FF43C
S21401D37834AF95EA0C0F7FF425AF104619462CE713
S21401D38895EA0C0F06D152EA03353FF4FDAE104676
S21401D398194622E750EA410618BF52EA43067FF4C7
S21401D3A8C5AE50EA41047FF40DAF52EA43057FF457
S21401D3B8EBAE12E74FF0FF3C06E000BF4FF0010C62
S21401D3C802E000BF4FF0010C4DF804CD4FEA410CC6
S21401D3D87FEA6C5C4FEA430C18BF7FEA6C5C1BD093
S21401D3E801B050EA410C0CBF52EA430C91EA030F14
S21401D3F802BF90EA020F0020704710F1000F91EA71
S21401D408030F58BF994208BF90422CBFD8176FEA3E
S21401D418E37040F0010070474FEA410C7FEA6C5C0C
S21401D42802D150EA013C07D14FEA430C7FEA6C5C13
S21401D438D6D152EA033CD3D05DF8040B704700BF3F
S21401D4488446104662468C461946634600E000BF8D
S21401D45801B5FFF7B7FF002848BF10F1000F01BD5F
S21401D4684DF808EDFFF7F4FF0CBF012000205DF82A
S21401D47808FB00BF4DF808EDFFF7EAFF34BF0120AF
S21401D48800205DF808FB00BF4DF808EDFFF7E0FF48
S21401D49894BF012000205DF808FB00BF4DF808ED99
S21401D4A8FFF7CEFF94BF012000205DF808FB00BF00
S21401D4B84DF808EDFFF7C4FF34BF012000205DF8E2
S21401D4C808FB00BF4FEA410212F5001215D211D52A
S21401D4D86FF47873B3EB625212D94FEAC12343F063
S21401D4E8004343EA505311F0004F23FA02F018BFE5
S21401D4F8404270474FF00000704750EA013005D1AE
S21401D50811F0004008BF6FF0004070474FF0000070
S21401D518704700BF4A0011D212F5001211D20DD57C
S21401D5286FF47873B3EB62520ED44FEAC12343F01B
S21401D538004343EA505323FA02F070474FF00000C5
S21401D548704750EA013002D14FF0FF3070474FF074
S21401D5580000704753B94AB9002908BF00281CBF04
S21401D5684FF0FF314FF0FF3000F08CB9ADF1080CE9
S21401D5786DE904CE00F006F8DDF804E0DDE90223E3
S21401D58804B070472DE9F04F099D0E4604460F4634
S21401D598002B47D18A429446B2FA82F35AD943B14C
S21401D5A802FA03FCC3F120029F409C4020FA02F2D3
S21401D5B817434FEA1C461FFA8CFE220CB7FBF6F1FE
S21401D5C806FB117701FB0EF042EA0742904208D9A2
S21401D5D81CEB020201F1FF3702D2904200F23C81B5
S21401D5E83946121AA4B2B2FBF6F006FB102200FB6B
S21401D5F80EFE44EA0244A64508D91CEB040400F1D1
S21401D608FF3202D2A64500F22A81104640EA0140BE
S21401D618A4EB0E0400211DB1DC400023C5E900433C
S21401D628BDE8F08F8B4205D90DB1C5E9000100218F
S21401D6380846F5E7B3FA83F100294FD1B342C0F0A3
S21401D6480281824240F2FF800846002DE8D0C5E9F3
S21401D6580047E5E7002B40F0AF808A1A4FEA1C4ED8
S21401D6681FFA8CF70121B2FBFEF60EFB1620220CE0
S21401D67842EA004207FB06F090420FD91CEB020271
S21401D68806F1FF382CBF4FF001094FF00009904210
S21401D69803D9B9F1000F00F0DC804646121AA4B28D
S21401D6A8B2FBFEF00EFB102200FB07F744EA024429
S21401D6B8A7420FD91CEB040400F1FF322CBF4FF030
S21401D6C8010E4FF0000EA74203D9BEF1000F00F07D
S21401D6D8C9801046E41B40EA06409CE7C1F12004D5
S21401D6E88B4006FA01FC00FA01FE22FA04F7E6402E
S21401D6F88A401F4320FA04F34FEA174843EA0C030B
S21401D7081FFA87FC4FEA1349B6FBF8F008FB1066C8
S21401D71849EA064600FB0CF9B1450ED9BE1900F1D7
S21401D728FF3A2CBF4FF0010B4FF0000BB14503D960
S21401D738BBF1000F00F0A2805046A6EB09061FFABF
S21401D74883F9B6FBF8F308FB136603FB0CFC49EAFE
S21401D7580646B4450ED9BE1903F1FF382CBF4FF063
S21401D76801094FF00009B44503D9B9F1000F00F0DB
S21401D7788280434643EA0040A6EB0C06A0FB028CD7
S21401D78866454346E14602D307D1C64505D2B8EBFE
S21401D79802036CEB070C0138E1465DB1BEEB0302F0
S21401D7A866EB090606FA04F422FA01F3CE401C4396
S21401D7B8C5E90046002133E702FA03FCC3F120025B
S21401D7C899409C40D6404FEA1C4E20FA02F21FFAB6
S21401D7D88CF7B6FBFEF00A430EFB1066110C41EA05
S21401D7E8064100FB07F68E420ED91CEB010100F13B
S21401D7F8FF382CBF4FF001094FF000098E4202D9BD
S21401D808B9F1000F34D04046891B92B2B1FBFEF63F
S21401D8180EFB161142EA014206FB07F191420ED9A8
S21401D8281CEB020206F1FF382CBF4FF001094FF03E
S21401D8380009914202D9B9F1000F16D04646521A8C
S21401D84846EA00410FE7841A66EB030201201746F1
S21401D858FBE6023E624421E702396244C1E66444BB
S21401D8680238D3E66444023834E7023E6244E6E707
S21401D87802386144C8E7023B3E447BE702383E442F
S21401D8885BE700BF704700BF2DE9F04F924685B0B1
S21401D89889461E460D46554A0390294615F8014BFA
S21401D8A8135D13F00803F8D12D2C7CD02B2C4ED009
S21401D8B84FF0FF3102936FF00043CDE9001336F0C5
S21401D8C8100851D037464FEAE6783A464346DDE92E
S21401D8D80001FFF73FFE002383468E461846194689
S21401D8E8A44613E0ACF13704A6421FDD002B09DB82
S21401D8F883457EEB010305D38E4508BF83453BD19F
S21401D908A24239DA4FF0FF3315F801CBACF13004F7
S21401D918092CE9D9ACF14104192CE3D9ACF161041D
S21401D928192C03D8ACF15704A642DFDC5A1C2FD0B9
S21401D938029A12B1404261EB4101BAF1000F03D0DD
S21401D948002B48D1CAF8009005B0BDE8F08F4FF01B
S21401D958FF30029336F010086FF000432C7801F17F
S21401D9680205CDE90003ADD1302C25D0002E3AD1E1
S21401D9780A27B0463E46A8E700FB08F307FB013333
S21401D988A0FB07010B44201843EBE4710123BBE716
S21401D9982223039A1360BAF1000F17D005F1FF3955
S21401D9A8DDE90001CEE74FF00047009301232C780C
S21401D9B88D1CCDE9017382E72B7803F0DF03582B22
S21401D9C80CD086B90827B0463E467EE7DDE9000159
S21401D9D805B0BDE8F08FCDE90001DFE710276C78C8
S21401D9E802353E4671E710273E466EE75D94040011
S21401D9F84AE700BF10B4044C13460A46014620689D
S21401DA085DF8044B40E700BFAC68002010B4044C36
S21401DA1813460A46014620685DF8044B34E700BF02
S21401DA28AC68002020F0030110F00300C0F10000EC
S21401DA3851F8043B00F1040C4FEACC0C6FF00002DD
S21401DA481CBF22FA0CF213434FF0010C4CEA0C2CC3
S21401DA584CEA0C4CA3EB0C0222EA030212EACC12A3
S21401DA6804BF51F8043B0430F4D0C2F1000102EAC5
S21401DA780102B2FA82F2C2F11F0200EBD20070472D
S21401DA882DE9F04780460C464548264614F801EB32
S21401DA9810F80EC01CF0080CF7D1BEF12D0F5BD0A4
S21401DAA8BEF12B0F3AD0654633F010003ED04FF04A
S21401DAB8FF379A46B7FBF3F703FB07F96FEA09093D
S21401DAC8002630460EE0AEF1370C63451DDD002E0C
S21401DAD804DBB84202D833D1CC4531DD4FF0FF36EE
S21401DAE814F801EBAEF1300CBCF1090FEDD9AEF12B
S21401DAF8410CBCF1190FE6D9AEF1610CBCF1190F56
S21401DB0803D8AEF1570C6345E1DC731C1CD005B194
S21401DB1840420AB1F6B91160BDE8F08733F010004B
S21401DB2894F800E0654606F10204C0D1BEF1300F54
S21401DB3817D06BBB0A234FF005091A4F9A46BFE761
S21401DB4800FB0AC00126CBE722233046C8F800307E
S21401DB58002AE1D0611EDEE794F800E00125B41C36
S21401DB68A2E7207800F0DF00582807D083B90823F9
S21401DB784FF007096FF060479A46A1E7102394F81B
S21401DB8801E04FF00F0902346FF070479A4697E7A5
S21401DB9810234FF00F096FF070479A4690E700BFC1
S21401DBA85D940400999999196AE700BF10B4044C6A
S21401DBB813460A46014620685DF8044B60E700BF35
S21401DBC8AC68002010B4044C13460A460146206887
S21401DBD85DF8044B54E700BFAC6800200F4B70B5E6
S21401DBE80F4DAB42A3EB050607D0B610002401344F
S21401DBF855F8043B9847A642F9D80A4D1FF0ACF8E9
S21401DC08094B5E1BAB424FEAA60606D00024013438
S21401DC1855F8043B9847A642F9D870BD446C0020D5
S21401DC28446C0020446C0020486C002070B58607C0
S21401DC3847D0541E002A3ED0CAB2034601E0013C32
S21401DC4839D303F8012B9D07F9D1032C2CD9CDB272
S21401DC580F2C05EB052505EB054535D9A4F1100C68
S21401DC6803F1100E1A462CF00F064FEA1C1CB64498
S21401DC78C2E90055C2E9025510327245F8D10CF1D5
S21401DC88010214F00C0F04F00F0C03EB021213D070
S21401DC98ACF1040323F003030433134442F8045B92
S21401DCA89342FBD10CF003042CB1C9B21C4403F80F
S21401DCB8011BA342FBD170BD64461346002CF4D168
S21401DCC8F9E703461446C0E71A46A446E0E700BF4C
S21401DCD888420ED98B1883420BD900EB020C002A16
S21401DCE86ED0624613F801CD994202F801CDF9D1FA
S21401DCF870470F2A0FD8034602F1FF3C002A5FD06F
S21401DD080CF1010C013B8C4411F8012B614503F819
S21401DD18012FF9D1704740EA01039B0751D1A2F1BF
S21401DD28100301F1200C70B523F00F0501F1100E58
S21401DD3800F110041B09AC445EF8105C0EF1100EDD
S21401DD48103444F8205C5EF81C5C44F81C5C5EF8F1
S21401DD58185C44F8185C5EF8145CE64544F8145CF4
S21401DD68EAD1013312F00C0F02F00F0C01EB03118C
S21401DD7800EB031329D0ACF1040C1C1F8E462CF0C3
S21401DD8803064FEA9C0C1E445EF8045B44F8045FE5
S21401DD98B442F9D10CF1010402F0030203EB840347
S21401DDA801EB840102F1FF3C4AB10CF1010C013B85
S21401DDB88C4411F8012B614503F8012FF9D170BD88
S21401DDC8704702F1FF3C03469AE76246EAE700BF5E
S21401DDD82DE9F04F82468E463F4875461EF801BB30
S21401DDE810F80B4014F00804F7D1BBF12D0F5BD0E7
S21401DDF8BBF12B0F6FF0004904BF9EF800B005F188
S21401DE08020E33F0100010D1BBF1300F04D0002BF6
S21401DE185ED10A231F4609E09EF8000000F0DF00E5
S21401DE2858284ED0002B53D108231F460025B9FB8E
S21401DE38F7F6284607FB16980EE0ABF1370C634554
S21401DE481DDD002D04DB864202D321D1E0451FDA11
S21401DE584FF0FF351EF801BBABF1300CBCF1090FD2
S21401DE68EDD9ABF1410CBCF1190FE6D9ABF1610C58
S21401DE78BCF1190F03D8ABF1570C6345E1DC6B1CF9
S21401DE880AD004B140420AB1CDB91160BDE8F08F9D
S21401DE9807FB00C00125DDE72223CAF800305AB186
S21401DEA80EF1FF314846F0E79EF800B04FF0004902
S21401DEB805F1020E0124A4E74846BDE8F08F814625
S21401DEC8EEE710239EF801B00EF1020E1F46ADE7ED
S21401DED810231F46AAE700BF5D940400242B02D82E
S21401DEE8012B00D074E710B500F02EFA1623036054
S21401DEF8002010BD10B5242A084C1346246807D8FC
S21401DF08012A05D00A4601462046BDE810405FE7CB
S21401DF1800F01AFA16230360002010BDAC68002032
S21401DF2810B5242A084C1346246807D8012A05D0B8
S21401DF380A4601462046BDE8104049E700F004FAC3
S21401DF4816230360002010BDAC680020844641EA11
S21401DF58000313F0030349D1403A23D30B68036047
S21401DF684B6843608B688360CB68C3600B69036149
S21401DF784B6943618B698361CB69C3610B6A036231
S21401DF884B6A43628B6A8362CB6AC3620B6B036319
S21401DF984B6B43638B6B8363CB6BC36340304031FE
S21401DFA8403ADBD230320BD30B6803604B684360D0
S21401DFB88B688360CB68C36010301031103AF3D297
S21401DFC80C3205D351F8043B40F8043B043AF9D225
S21401DFD8043208D0D2071CBF11F8013B00F8013BF8
S21401DFE801D30B8803806046704700BF082A13D305
S21401DFF88B07B1D010F00303AED0C3F10403D21AD5
S21401E008DB071CBF11F8013B00F8013BA4D331F82C
S21401E018023B20F8023B9FE7043AD9D3013A11F8AC
S21401E028013B00F8013BF9D20B7803704B7843703B
S21401E0388B78837060467047024B0146186816F065
S21401E048A2B900BFAC680020024B0146186816F05A
S21401E0589DB900BFAC680020CAB384460B4630B5EC
S21401E06804460843800719D09CF800000C78A042A3
S21401E07812D150B3012A28D0E64603E01CEB030F61
S21401E08823D010B31EF8010F11F8014FA2EB0E03AF
S21401E098A04203F1FF33F1D0001B30BD032A07D895
S21401E0A8E2E7043A11D01EF0803F0ED1032A10D9B8
S21401E0B82068194653F8045BA446A0F1013E0434CF
S21401E0C8A8422EEA000EECD0CEE7002030BD10465E
S21401E0D87047A4461946C7E780EA010C1CF0030FEF
S21401E0E837D110F0030C20F0030021F0030150F89B
S21401E0F8042B08BF51F8043B0ED08CF0030C6FF0CC
S21401E1087F434FEACC0C23FA0CFC51F8043B42EA55
S21401E1180C0243EA0C0300BFA2F1013C9A4201BF7C
S21401E1282CEA020C1CF0803F50F8042B51F8043BF3
S21401E138F2D04FEA02604FEA1222012828BFB0EB5C
S21401E148036F08BF1B0AF4D003F0FF03000EC01AC2
S21401E158704710F0030F0AD010F8012B11F8013B95
S21401E168012A28BF9A42F4D0A2EB030070474DF863
S21401E178045D50F8042B01F0030521F0030151F862
S21401E188043B022D26D04DD822F07F45B5EB132F40
S21401E198A2F1013C2CEA020C0DD11CF0803C08BF10
S21401E1A851F8043B0AD185EA0205B5EB036F0CD199
S21401E1B850F8042BE8E74FEA13235BE03CF07F4C6A
S21401E1C854D10B784FEA126554E04FEA126503F012
S21401E1D8FF034FE04FEA0245A2F1013C4FEA15451D
S21401E1E82CEA020CB5EB134F18D11CF0803C08BF83
S21401E1F851F8043B07D185EA0205B5EB034F09D16F
S21401E20850F8042BE6E75FEA0C4C2FD10B884FEA4F
S21401E21812452FE04FEA03434FEA12454FEA1343EC
S21401E22828E000BF02F0FF05B5EB136FA2F1013C31
S21401E2382CEA020C0DD11CF0803C08BF51F8043BB7
S21401E2480AD185EA0205B5EB032F0AD150F8042B4B
S21401E258E8E74FEA13630DE012F0FF0F06D051F816
S21401E268043B4FEA122523F07F4303E04FF00000FA
S21401E27820BC704705F0FF0203F0FF00012828BF05
S21401E288904204BF2D0A1B0AF4D0A2EB000020BC62
S21401E298704700BF08B5064B044613B1002100F0CD
S21401E2A8AFF8044B1B6803B19847204614F061FC8D
S21401E2B809E401008C510020002301461A4618463D
S21401E2C800F048B8032A30B415D941EA0004844658
S21401E2D80B46A40704D0541E0FE0043A032A08D9B3
S21401E2E81946604653F8044B5CF8045BA542F4D023
S21401E2F8F1E760461946541E7AB1431E01390219E0
S21401E30801E09A4209D013F8010F11F801CF6045D0
S21401E318F7D0A0EB0C0030BC7047002030BC70472B
S21401E32838B5074D074C2C1BA41005D0013C55F8F1
S21401E338043D9847002CF9D1BDE838401EF012BDBF
S21401E3484C6C0020486C0020014B1868704700BFD1
S21401E358AC680020F0B5264C83B006460F46256803
S21401E36805B36C681F2C3FDCA6B1D5F8880048B306
S21401E378D0F800114FF0010C40F82420022E00EBD3
S21401E38884020CFA04FC4CEA0101C0F80011C2F838
S21401E398803010D0631C002002346B6045F824706E
S21401E3A803B0F0BD13491448216010B10068C1F8E4
S21401E3B88800104DD5E7D0F8043143EA0C03C0F8BD
S21401E3C80431E7E70D49CDE9002369B14FF48470BC
S21401E3D8FFF732FE40B100216C68C0E94011DDE963
S21401E3E80023C5F88800C5E74FF0FF30D8E700BF1F
S21401E3F81C520020905100200000000041E001005E
S21401E4082DE9F04FDFF8B49083B0D9F8006096B3E1
S21401E418884601907568D6F888706C1E2BD401352D
S21401E42807F1800B06EB8505B8F1000F26D1736856
S21401E4382A68013BA3423BD000232B60BAB1D6F829
S21401E44804A05FB30123D7F80011A3400B4225D0DF
S21401E458D7F8040157F8241003422BD101989047A6
S21401E4687368D9F8002053451ED1B2421CD1013C2D
S21401E478043D631CD8D103B0BDE8F08F4FB15BF8FB
S21401E48824304345D3D0013C043D621CF3D0002F11
S21401E498F5D1013CEFD3013CFBD2ECE7904773681A
S21401E4A8D9F800205345E0D0002AE4D01646B1E753
S21401E4B87460C3E708469047D2E700BF1C520020A5
S21401E4C813B50446694619F098FB204619F0DCFC9A
S21401E4D8FF28024606D020469DF80010EFF718F8E8
S21401E4E802B010BD0048FBE70080FFFF2DE9F041B0
S21401E4F88AB001AC05460B462746194A02F1200C9C
S21401E508264610685168083203C662453446F7D174
S21401E518002B08BF3B46002710681C46306038466B
S21401E52803F10C0690B95FFA87F842462846218817
S21401E53819F0CCFD50B942462846E18819F0D7FDB6
S21401E54820B942463146284619F0E3FD0137032F24
S21401E55806F1080604F10204E4D10AB0BDE8F08128
S21401E56874950400F0B589B005460E4601F034FEF0
S21401E578044600BB01AC06F10C070FCF0FC497E8A1
S21401E588070084E8070001A9284605F0F1FC28469B
S21401E598311D1AF059F8044648B92846074901F0CA
S21401E5A85DFA044618B9284601F0E0FD04462846F7
S21401E5B83168FFF79BFF204609B0F0BD6C95040053
S21401E5C8014919F06DBB00BF6501020070B5164E12
S21401E5D8032804460D4633781ED023FA04F202F0C7
S21401E5E80102AA421DD053B10122A240A54023EA46
S21401E5F802032B43DBB233704BB1012070BD2DB142
S21401E6080A4B01201B6898473378EDE73570074BAE
S21401E61800201B689847F0E79A07DED003F0FC0352
S21401E628E9E7002070BD00BF346200205C5400207A
S21401E638F8B505460C461EF0F4F8104F06463B782A
S21401E64833B1012D04D01CB90D481CF0B1FE3C7045
S21401E65821462846FFF7BAFF0A4B04461B783BB902
S21401E6683B782BB919F006FD10B1074B1B68984784
S21401E67830461EF0D1F82046F8BD00BF35620020AE
S21401E6883054002034620020FC680020054A0B46FE
S21401E698117831B100211170034A012152681878A6
S21401E6A81047704735620020FC68002038B5074DD2
S21401E6B804462B78834207D001F0B8FC20462C701C
S21401E6C8BDE83840F0F7BCB938BD00BF336200205A
S21401E6D838B5044680B11EF0A4F801210446084660
S21401E6E81CF0DAFA01210B4A084615F020FF2046ED
S21401E6F8BDE838401EF090B81EF093F8054621464E
S21401E70801201CF0C9FA01202146024A15F00FFF24
S21401E7182846EDE77F6B04001B4B022910B51870DD
S21401E72802D0032904D010BD184B1B78002BFAD150
S21401E73805F08CFB0028F6D04FF00052144BC3F8B6
S21401E7488020BFF34F8FBFF36F8F01F047FC00287F
S21401E758E9D001F03BFA0028E5D10E4B1C6834B12C
S21401E76823689847BDE81040002001F053BC19F013
S21401E77893FA094B18601EF040F9084B18602046BA
S21401E78801F034FCEEE700BF196C0020336200206C
S21401E79800E100E080540020585400205454002022
S21401E7A838B504460D4605F051FB80B14FF00052CE
S21401E7B8124B1A6001F012FC48B9012D07D8012046
S21401E7C801F028FC0E4B1B6823B15B6898470D4B7C
S21401E7D81C7038BD1EF011F90B4B1A68801A1860A8
S21401E7E81CF094FE4FF47A72084B1B6802FB00304B
S21401E7F819F054FA012001F0F9FBE8E700E100E01E
S21401E80880540020196C00205454002058540020CD
S21401E818F0B585B01EF005F8344D04462B7823B1C3
S21401E82833481CF0C5FD002852D11CF04BFE02AA45
S21401E83803A919F009FC0346002838D019F018FC7A
S21401E848029B98421CD100202A4B03991B682A4E2A
S21401E8589942307020D90027C91A012324482B7001
S21401E868264A3346CDE900771EF0A3F8002837D1AB
S21401E878234A1378D90701D53178F9B1204611E032
S21401E88819F0F4FB029B984228D000231846194930
S21401E898194A0968137003910121FFF797FE0023AF
S21401E8A820462B701DF0B8FF002005B0F0BD2046AD
S21401E8B82B701DF0B1FF212005B0F0BD03F0FE035B
S21401E8C81370002BDAD10F4B1B6898472046E9E7EF
S21401E8D820461DF0A1FF0E2005B0F0BD0220B3E7CB
S21401E8E8032320462F703370F3E700BF35620020FC
S21401E8F83054002050540020186C002095E6010082
S21401E908346200205C54002070B51DF08AFF184D53
S21401E91804462B7823BB174A17491370174B184A16
S21401E92818481A60184A194E5A60F0F72DF818490F
S21401E9381848F0F729F8184B80203360EDF7E4FD06
S21401E948052804BF154B3360154B5B6F03F4407302
S21401E958B3F5007F02BF0222124B1A6001232B7007
S21401E968F0F77AF920461DF057FF002070BD00BF6A
S21401E978366200203562002098950400FC68002065
S21401E98819E801002054002039E601005C540020F3
S21401E998A095040028540020B5E60100D9E6010038
S21401E9A800400050505400202DE9F0438F788046EF
S21401E9B80F2F0C4685B003D9212005B0BDE8F0839A
S21401E9C827B90123374A00201370F6E70D784E78E9
S21401E9D8EDB9002EF0D194F90310E08802F00CFE90
S21401E9E82128E9D055EA0603A088DFF8C89013D095
S21401E9F802F066FE4FF60403B9F8002001469A4273
S21401EA084BD1AE42334638BF2B4600262DE0082DA3
S21401EA18D2D8082ED0D8DEE702F052FE4FF604050B
S21401EA2801464FF60500204A136E9BB2AB4208BF5B
S21401EA380346B1F5803FA9F800300FD9022308250F
S21401EA48136680230126C2F880302B4649084FF604
S21401EA58FF720139914228BF114608E0802301263A
S21401EA6808251666C2F880302B460029EFD1002209
S21401EA7802920122013FFFB2009201972A4608F14D
S21401EA88F80002F0C7FC1EB14FF48012074B5A6516
S21401EA98074BA2681A60022394E703480266A9F89E
S21401EAA80030AEE73762002000C001B800D001B8D8
S21401EAB868540020A06B002010B50446D0F8182131
S21401EAC80B4B4FF40061C3F8CC2090F82420D201F8
S21401EAD802F4006205F0D6F894F8243013F0100F0B
S21401EAE84FF4007314BF034A034A136410BD00BFF2
S21401EAF8003E00B0001002B8002002B8431C07D040
S21401EB086FF0FF02034B10405A62A3F58053586218
S21401EB18704700BF00E000B8F8B504460F46164631
S21401EB281DF07FFE0546A047044620B128461DF085
S21401EB3873FE2046F8BD04F05FFA04220549D1F8B1
S21401EB48F03E23EA07033343C1F8F03E024B1A644A
S21401EB58ECE700BF003000B0002002B800F0180350
S21401EB68182B0AD003070AD440F2011310F010003C
S21401EB7818BF1846034BD86770470020FAE70120EC
S21401EB88F8E700BF003F00B0044B1868830654BF7F
S21401EB98C0F30F204FF6FF70704700BF0C550020DA
S21401EBA838B10368044A002B08BF1346034A1360AA
S21401EBB87047014BFAE700BFEF7C030008690020A5
S21401EBC810B4D0E9524122400B4052EA030104D066
S21401EBD803495DF8044B096808475DF8044B70471C
S21401EBE8086900200F2938B505460C460ED801F0ED
S21401EBF833FA01280CD1074A2846936E23F00F03EF
S21401EC082343936619F094FA002038BD2120FCE7C7
S21401EC180220FAE7003F00B0014BD86E704700BFEC
S21401EC28003F00B0014B0020D9667047003F00B096
S21401EC3803282DE9F347884655D82C4B13F800903E
S21401EC482B4B1E5C2B4B13F800A01DF0EAFD074664
S21401EC5804F01EF9054640B100230022CDE9003331
S21401EC6801200023002103F03FFF04F019F948B101
S21401EC7800230022CDE90033002000234FF4004191
S21401EC8803F032FF6EB31C4BDC6C04F008041B4B1C
S21401EC983146DC64484604F00DFA52463146484689
S21401ECA804F096FA164BDC646DB1164B1868D0F86A
S21401ECB89010F83003F008F813490868FFF71EFFAC
S21401ECC84FF0FF330B60B8F1000F04D00F4B002153
S21401ECD803205B689847384602B0BDE8F0471DF048
S21401ECE89BBD3446D3E702B0BDE8F087B095040073
S21401ECF8AC950400A8950400004000B8006000B870
S21401ED08005000B81855002004690020FC6800204F
S21401ED180F4A136C13F0A00F15D1506C10F00400B5
S21401ED2813D10C4BD3F8F03E23F07F4323F0FF03B7
S21401ED385BB1D368C3F30362092A07D0B2F10C00AA
S21401ED4818BF01207047002070470120704700BF98
S21401ED58000002B8003000B070B50D46064620B96E
S21401ED681A4B1B68A3B10E2011E001F075F90128B2
S21401ED7829D1174B93F90040C4F12704641BC4F149
S21401ED881C03002BB8BF5B42232B0CDD212070BD72
S21401ED98A1F10B03002BB8BF5B42232BF6DC0C4B0F
S21401EDA819700020F3E786F826501DF03AFD094A47
S21401EDB8E402136A04F4FF2423F4FF231C431462B9
S21401EDC81DF02AFDEDE70220E1E700BF18550020F7
S21401EDD83862002000C000B818B9034B93F9000048
S21401EDE8704790F9260070473862002010B5FFF783
S21401EDF863FE03F0A7FB1DF014FD0A4A0121D2F8B1
S21401EE08C83E044623F02003C2F8C83E0222064B39
S21401EE1808469A60054B5B68984720461DF0FCFC3F
S21401EE28002010BD003000B0001002B8FC680020B9
S21401EE38094B08465A6A91020BD4D3F80021D20727
S21401EE4808D4D3F8803013F4706F14BF0120002063
S21401EE5870470120704700BF004001B8F8B50D465D
S21401EE68D0F8903002EA010423EA01032343C0F8EC
S21401EE7890303D4A01F00B0323EA0401D164234094
S21401EE88A2F580526F070646D36410D50121FFF715
S21401EE98CFFF60B104F0B0F84FF4007314F0040F1C
S21401EEA814BF324A324A53620422324B1A64E906C4
S21401EEB806D514F0100F14BF00221B222E4B5A65DC
S21401EEC82A061DD5230616D54FF40012274B1A62BB
S21401EED8012203F58053C3F800211DF0A2FC0E2180
S21401EEE80746032002F040FE40F20122224B384634
S21401EEF8DA621DF091FC214606F1F80002F0E4FE04
S21401EF08EF0503D5E00529D502F0FEFDA90503D5D1
S21401EF18A20526D502F004FE15F0600F09D0D6F832
S21401EF28E410304618F0E0FE8022144B9867144B24
S21401EF381A612B0510D504F05FF8124A14F4006F15
S21401EF48D2F8F03E14BF43F0006323F00063C2F822
S21401EF58F03E0422074B1A640020F8BD02F0CEFDED
S21401EF68D4E702F0D7FDD7E7006000B8005001B833
S21401EF78006001B8002002B8004000B8003F00B0A9
S21401EF88000002B8003000B0014B1868704700BF97
S21401EF987454002037B51DF044FC002401230022D8
S21401EFA8CDE90034002305461946104603F09CFDBA
S21401EFB8022002F003F9064B21461C60054B02208D
S21401EFC85B68984728461DF027FC204603B030BDED
S21401EFD87C540020FC6800202DE9FF4102290D46DB
S21401EFE816469846039004D1FFF7D4FF04B0BDE84F
S21401EFF8F0811DF016FC1E4F04463B683BB1B34238
S21401F00805D01DF009FC002321203B60EEE7194BD3
S21401F0180022C3F800803E60002301264FF0000856
S21401F02810461946CDE9006603F05EFD124B022034
S21401F03883F8008002F0C2F843462A46022003A954
S21401F04802F0DAF80D4B039A1A6008B92046D8E799
S21401F0580B4D2B689847212804D020461DF0DCFB71
S21401F0680020C3E731466B6802209847F5E700BFE2
S21401F0787C540020785400203A6200207454002002
S21401F088FC680020044B5B6E5B054EBF0120034BFA
S21401F098187800F00100704700C001B83A620020F5
S21401F0A80A78022A11D0101F4242424152004B7878
S21401F0B81201022B0BD0191F4B424B415B0005492D
S21401F0C8054842EA8312FFF727BD0122EFE701232D
S21401F0D8F5E700BFF0FFFF00A90002000B78022B3E
S21401F0E810D0181F434243415B004A78022A0BD0CE
S21401F0F8111F4A424A4152000F21044843EA82023C
S21401F108FFF70ABD0123F0E70122F5E7D500020063
S21401F1182DE9F8430E780446042E0D4690F824810E
S21401F1280BD100275FFA87F9484601F0BBFC08B106
S21401F1384E4602E00137042FF4D1304601F0B2FC06
S21401F148002849D094F82431B34209D1AA88D4F8C2
S21401F158A4309A4204D16A88B4F826319A4238D043
S21401F16884F82461AB883046A4F828316B88A4F863
S21401F1782631AB8804F59275C4F8A430FF2384F8C9
S21401F188293019F053F884F82800284601F04AFC7B
S21401F19818BB284601F07CFCF8B9D4F8E03053B126
S21401F1A894F82411414506D02046B3F91220EEF70B
S21401F1B837F984F82D01204601F0B8FC0949A4F86E
S21401F1C828010123084AD1F8FC1004F1F80003F0DD
S21401F1D883FA0020BDE8F88321200C2384F8243123
S21401F1E8F8E700BF004F00B0A43F00B070B5054671
S21401F1F890F824010C460C281FD0FF2901D12120A4
S21401F20870BD1AB14FF0FF320D4B1A6019F00EF8A7
S21401F218064695F8240101F07BFC844228BF044683
S21401F228E4B2B44238BF3446E0B285F8290001F0AA
S21401F23879FDFF28E3D00020E2E70220E0E700BFDF
S21401F2480C69002010B590F8243104460C2B44D0E4
S21401F258D0F8E03080F82810DBB3D0F8F020D2B927
S21401F26890F82D318B421CD300222046FFF7BEFFB3
S21401F27848BB1B4B1B7813F0FD0F23D1204601F02A
S21401F28855FC18490123184AD1F8FC1004F1F80076
S21401F29803F022FA16E0B0F94020B3F912309A4288
S21401F2A8E2DD0022204694F82D11FFF79FFF50B9A2
S21401F2B8C4F8E000204619F063F94FF6FF73984248
S21401F2C8014601D1002010BD2046BDE8104004F0DB
S21401F2D877BFFF2380F82930F4E70220F3E700BF61
S21401F2E8A46B0020004F00B0A43F00B0F0B51D4647
S21401F2F8144B04461B780F46164685B05BB1D0F80A
S21401F308E030E3B102AAB3F912300092002214F0F9
S21401F31823FA05B0F0BD02A918F06FFC9DF8081095
S21401F3283A462046EEF77CF8014626B92A46204694
S21401F338FFF75CFFEDE72046FFF784FFE9E718468D
S21401F348E7E700BF576D0400D0F89830012B01D1CC
S21401F3580020704770B5054650498EB018F0B9FFC1
S21401F368D5F8E0600146AC8DC5F8E40026B13368EF
S21401F37813B15B68002B6BD11DF053FA1DF04CFAE4
S21401F3880123D5F8E4108DF80E30B389D6E90120AB
S21401F398E31A9BB200FB03224148ADF80C30036820
S21401F3A80292994207D0284618F09EFC80223D49D1
S21401F3B83D4B88671A613D4C3B4E00F04DFE0128D7
S21401F3C8FBD1236CD907F8D4336CDA01F5D4D5F818
S21401F3D8E41028460D919DF80E20029908AB02F01C
S21401F3E837FE002831D100F037FE0128FBD12E4A1E
S21401F3F82E49136CDB01FCD40B6CDE07F9D408A983
S21401F40801A803F047F800BBAA8D294B5A6495F862
S21401F418243060F3410385F8243018F0AEFED5F8A1
S21401F428E03002465B691968431EDBB2FD2B049186
S21401F43814D9CC1C12D91F4B01311B6815D0D81C06
S21401F44810D8284604A904930AE002200EB070BD1D
S21401F4581A68032A90D99B6A5B0E94E7284604A982
S21401F46818F075FE00200EB070BDD91C04D82846C9
S21401F47804A9049318F06BFED5F84C319B0506D405
S21401F48895F8243043F0020385F82430EAE7284645
S21401F4984FF4803119F0A4F8E4E700BFFC4F00B040
S21401F4A864540020003F00B0000002B800C002B853
S21401F4B8008001B81869002010B50C4619B118F07B
S21401F4C802FE00B10434204602F0FAF8024B40422C
S21401F4D8C3F8E00E002010BD003000B0438E70B5B2
S21401F4E893420C4615461CD3436C8B4208BF002436
S21401F4F81DF097F94FF49C530B490646CA68C2F3A8
S21401F5080362D340DA0702D50B6C9B0304D40122AD
S21401F5182946204601F05CF830461DF07DF90020AA
S21401F52870BD2120FCE700BF000002B82DE9F84FA6
S21401F538074615460B4611B92120BDE8F88F002A63
S21401F548FAD0032905D8002201F0ACF903460028B1
S21401F558F2D01C889A78B4F5804F02F0070180F043
S21401F568CE80A1F1070C187993F805B0DE88DCF196
S21401F578000343EB0C0305292B7394BF0023C2F346
S21401F5880013C2F3801C6B73930985F810C003F04F
S21401F5980203C2F3C00C43EA0C03C2F34012E87438
S21401F5A86B74AA74D7F89030AE82D80600F19380AF
S21401F5B80639012900F28F80B7F81290D7F81C8017
S21401F5C809F1FF394F4B083C04EA09045B6D18F84A
S21401F5D804300021802B0CBF6FF07F03323B04F10F
S21401F5E8010418BF5BB204EA0904AB73631D03EA9E
S21401F5F809035A1CA96002EA090218F8022018F839
S21401F608036097F825A046EA022636B2BAF1000F3B
S21401F6185FD1F10456D5D7F8E43013B11B68022B35
S21401F62805D841F24D724C21002004F0F7FDD7F8B9
S21401F638E420C6F30B0392F82420DB000AB1B3FBDF
S21401F648F2F39B4508D83BB1CBEB0B2BBBFBF3FB8B
S21401F6586FEA0B0B5FFA8BFAD7F8EC3023B15046FA
S21401F66895F90E1098478246013485F80FA004EAEA
S21401F678090418F80410013404EA090418F80430D7
S21401F688013404EA090441EA032118F80430013474
S21401F69804EA090441EA034118F8043041EA03611F
S21401F6A816F4804305D0184BDB6EB3FA83F35B0977
S21401F6B85B0038466A7C03F0CBF806232860AB71FA
S21401F6C800203AE718F804A04FEA4A0A5FFA8AFACD
S21401F6D8C2E78A46C8E700230020EB730B4BDA69BA
S21401F6E8C2F30723120448BF63F0FF035AB212F1AC
S21401F6F8800F1CBF323B5AB2AA730346DEE70220CC
S21401F7081BE700BF004000B8003F00B000C000B8CB
S21401F71806238B7190F8253043B1054BD3F8C420E6
S21401F7280B6802F01F0203EBC2030B600020704750
S21401F738003E00B011F5004F1FBF01F30E01044B48
S21401F748C1F30E01002014BF99642120704700BF41
S21401F758008001B8F8B504460E4619B990F8243069
S21401F7685A0647D44FF6FF73218ED4F8E4709942AF
S21401F77804D0354B1B680BB120469847334D2B6890
S21401F788BB4255D0324B1B683BB11FB13A68002AC1
S21401F79850D0BF683946204698470727204601F0CB
S21401F7A8C5F9002E3AD004F0C7FA0620294B94F979
S21401F7B8262093F900302849C3F127039B1A0A6AC1
S21401F7C8DB0222F4FF2203F4FF2313430B62D4F86F
S21401F7D8E420224B2A60986701F01CFB00250121D2
S21401F7E81F4A204B1170204683F8845018F0A0FC5D
S21401F7F82846F8BD4FF6FF71144DD0F8E4702A6814
S21401F80866F386139742018680F8243017D0104B8A
S21401F8181B68002BB9D101F089F9072712493B4625
S21401F828124AD1F8FC1004F1F80002F055FFBAE7C5
S21401F8380127B3E71746204639469847ADE701F052
S21401F84875F90127EAE700BF7054002064540020C8
S21401F8586C5400203862002000C000B8006000B870
S21401F86839620020003F00B0004F00B0A43F00B04E
S21401F878054A12681AB190F81E1119B910470846B8
S21401F88802F092B9014870476054002000FEFFFF5D
S21401F898334B2DE9F7431C6801F4007900F00103A6
S21401F8A8174653EA090206460D4632D04FF00008BD
S21401F8B823B30023002201200021CDE9008803F0AC
S21401F8C813F941462046FFF7D3FF01224146E0855A
S21401F8D8104618F007FED4F8901004F1F80002F06C
S21401F8E8F3F920490868FFF709F94FF0FF330B6071
S21401F8F894F8243043F0040384F82430B9F1000F57
S21401F90807D00121204618F06BFE25F40075064342
S21401F9180D432B4632462046FFF752F9FB070FD513
S21401F9281149124A08680021136811600121104A1A
S21401F938117003B198470F4B002102205B68984766
S21401F94817F00E0F08D04FF409723B21002003B0C0
S21401F958BDE8F04304F062BC03B0BDE8F08300BF25
S21401F9681855002004690020785400207C54002093
S21401F9783A620020FC68002008B558220021064893
S21401F988FEF754F91022FF210448FEF74FF904F058
S21401F998D3F9002008BD00BFF43E00B0383F00B0E0
S21401F9A873B574210C236D22A0F81411822180F8F6
S21401F9B824314FF6FF734FF0FF35C0E94112002698
S21401F9C8C0F8002164220446838580F82A301E4B3D
S21401F9D8C0E94322C36300F1480343641B4B80F824
S21401F9E82660C0E90C35C0F8A450058503F060FA16
S21401F9F82046FFF7C1FF94F926102046FFF7ACF919
S21401FA086023134A40F6FF71D3644FF03A421163FC
S21401FA181167104A2946D36440220F4B20461A64C0
S21401FA28D4F89020FFF71AFA0E230022CDE9003306
S21401FA3840F202231046194603F056F801F046F83C
S21401FA48304602B070BD00BF0700FFFFFFFF400051
S21401FA58004000B8005000B8002002B810B50C46A7
S21401FA68FFF78AFFCCB1A378082B18D8E278082AC2
S21401FA7815D843EA021313F0FF030CBF1946616851
S21401FA88084AC2F8F410217882F84811617882F899
S21401FA984B3182F8491104F04FF9002010BD21209E
S21401FAA8FCE700BF003E00B0012A10B512D8032BB0
S21401FAB810D803EB82020123074C934094F84A01BD
S21401FAC8DBB221B10343002084F84A3110BD20EA95
S21401FAD80303F8E72120F9E7003E00B0044BD3F80A
S21401FAE8F03E13F0806F14BF23200020704700BF3C
S21401FAF8003000B00246F8B5B0F8284100F1F80524
S21401FB08FFF7ECFF0B688E68013304BFD2F80031AB
S21401FB180B604B68013304BFD2F80C314B60771C7D
S21401FB283BD1D2F80831CF688B607E1C3CD1D2F825
S21401FB3804610F69CE60013704BFD2F8F8700F610F
S21401FB484F69013704BFD2F8FC704F618F690137DE
S21401FB5804BFD2F810718F618F6967BBC0F1640466
S21401FB6808688C6110B16D2838BF6D20C2F808315D
S21401FB784B68C2E94006C2E943340B692846C2F815
S21401FB88F8304B690F49C2F8FC30D1F8FC1007234E
S21401FB980D4A02F0A1FD0020F8BD04F16D031B1A01
S21401FBA8B34238BF3346BEE704F17406361ABE427E
S21401FBB838BF3E46BDE76D34241ABC4238BF3C46C2
S21401FBC8CEE700BF004F00B0A43F00B070B51CF0F0
S21401FBD828FE05460B4E00F03FFA012805D02846B8
S21401FBE81CF01AFE0224204670BDF36813F0706FED
S21401FBF8F1D1F46814F08054EDD128461CF00CFEBF
S21401FC08F1E700BF000002B838B51CF00AFE4FF64F
S21401FC18FF710A4A13888B4203D11CF0FDFD0E20A2
S21401FC2838BD074C074D1B046566A4F5805463660A
S21401FC3811801CF0F1FD0020F2E700BFA26B002046
S21401FC48006001B80000FFFF2DE9F74304460F46A0
S21401FC5815461E46FFF75CF838B3A38A2BB3204631
S21401FC6818F00DF878B9744BD3F8F02E1EB10E20A3
S21401FC7803B0BDE8F08302F03003102BF7D002F092
S21401FC88C002402AF3D0DFF8E08102F05BFCD8F826
S21401FC981430DE07EBD51CF0C4FD0646032001F040
S21401FCA88BFB20B130461CF0B7FD0220E0E7D8F800
S21401FCB8142012F00608F5D130461CF0ADFD5E4B57
S21401FCC84FF400612046D3F8F09ED3F8D06E03F0C7
S21401FCD8EDFF40B14FF400720121584B08461A64F3
S21401FCE8424618F0FFFB3946204604F069FA524BA3
S21401FCF8C3F8F09EC3F8D06E0028B9D194F8243022
S21401FD08980601D4002D57D0C5F3400003F03AF900
S21401FD18022315F4807F1FBF494A002113644FF060
S21401FD283A420BBF454A91611364536303F064F981
S21401FD384FF4806315F0040F14BF424A424A15F087
S21401FD48400F53624FF004023C4B28461A644FF0AA
S21401FD58400314BF3D4A3E4AC2F88830FEF7FEFE0D
S21401FD68204618F0B6F838B14FF4807315F0010F35
S21401FD7814BF334A314A1364A90646D54FF6FF72B3
S21401FD88E38F93420FD0334A3349526E100CC2F3B5
S21401FD9801120132B3FBF2F308802A4A2A492F4896
S21401FDA81B0448665366003D18BF012594F82430A5
S21401FDB865F3451384F82430204618F084F9F0B129
S21401FDC8204618F086F8D0B14FF40031204603F0EB
S21401FDD86DFF431C03229BB2214801A918F013FAB0
S21401FDE89DF8042002F00703052B9DF8053015D170
S21401FDF812070DD443F480731A4AC2F8D83000208B
S21401FE0803B0BDE8F04318F00BBAFFF7FDFECAE7EA
S21401FE1813F0040F09D19DF80630EBE703F0300222
S21401FE28202A05D113F0010FF4E74FF48073E3E7B6
S21401FE389DF80630E0E700BF003000B0002002B8A9
S21401FE48001002B8005001B8006001B800D000B830
S21401FE5800E000B8004001B8A26B00200000FFFFD8
S21401FE680C0000BA003E00B000C001B82DE9F3410D
S21401FE780646884615461F461CF0D3FC0446032052
S21401FE8801F09AFA38B120461CF0C6FC0E2420462A
S21401FE9802B0BDE8F081042001F08EFA0028F2D104
S21401FEA820461CF0B9FC01232A4641463046FFF796
S21401FEB8CBFE04460028EAD1DFF8C8805FB388F88D
S21401FEC8000039463046FEF76FFD00284CD198F8F9
S21401FED80030012B1CD02022244B1A64244B9B6F24
S21401FEE8B3F5817F1FD2012018F0B3F91CF099FCF5
S21401FEF8204B06461B680193CBB901F0DDFA15F0D5
S21401FF08800526D101F01CFB284603F00FF825E0F2
S21401FF1803F022F8BBE798F80030012BF8D0002B45
S21401FF28D9D12124B3E78022134B1A61DBE70420D9
S21401FF3801F044F900230122042001A901F05CF92B
S21401FF480028DAD103F070F8212430461CF064FC4E
S21401FF589DE70022094B9A6701F0F2FA084B012146
S21401FF685B6800209847F0E7044690E7001002B85F
S21401FF78003F00B068540020000002B800C001B875
S21401FF88FC6800203762002008B50B4BD3F84C11EB
S21401FF984B1C10D011F080410DD1084B1B6813B1D2
S21401FFA80320FEF745FE4FF08062054BDA64012216
S21401FFB85A6102229A6208BD0080E00F1855002097
S21401FFC8001002B84FF40022034B186C03F50053D7
S21401FFD81A64C0F3C0407047000002B8024B586963
S21401FFE800F00100704700BF00C001B8084B5A690D
S21401FFF8D10707D508B901F0BDB85B69DA0706D499
S21402000801F0AAB85B69DB0701D40028F8D170476B
S21402001800C001B84FF0806310B1024A53617047BE
S214020028014AFBE7001002B8002002B8202350B1AC
S214020038064AC2F8F433064B196C11F0010104D1D2
S214020048032002F093BA034AF3E77047001002B897
S21402005800C002B8002002B80F4BDB68C3F3036384
S214020068013B0B2B0FD8DFE803F006060C06060644
S21402007806080A0808080220704704207047052068
S214020088704703207047054B5B6913F0060F0CBFD9
S21402009801200420704700BF000002B800C001B863
S2140200A8094AD368C3F303630B2B08D06FF4905046
S2140200B8184100F0010080F0010040007047106C03
S2140200C810F48030EDD17047000002B80C4AD368AD
S2140200D8C3F30363062B07D8042BD8B20BD8C31E68
S2140200E85842584140007047072B06D1D2F84401BF
S2140200F80028ECD17047022070470020704700BFE6
S214020108000002B8094BDB68C3F303639A1E012A90
S2140201188CBF00220122012B02701EBF4FF402621E
S21402012822FA03F303F001030B707047000002B8CB
S214020138094AD368C3F30363032B01D0072B08D1FC
S214020148536CDB0605D4906C80F00800C0F3C00040
S21402015870470020704700BF000002B8024B00221A
S214020168196817F093BF00BFF095040010B5FF2278
S2140201784FF6FF71044617F0A9FF68B9FF224FF63B
S214020188FF71204617F0B3FF30B92046BDE810408D
S214020198FF22024917F0BDBF10BD00BFB895040084
S2140201A810B55B0743EA02439DF8082043EAC16399
S2140201B8520502F0BC621A43064942F4C872044663
S2140201C803F060FD002220461146FFF787F900205B
S2140201D810BD00BF9007E12D37B50C460546094A03
S2140201E809490A4801F038FB94F828302846009353
S2140201F894F82B3094F8292094F82A10FFF7D0FFA9
S21402020803B030BD549604005C960400249604009D
S21402021808B5FFF78DFF88B1094BDA6912030DD5C9
S214020228186C10F4003009D19B6C13F0100F4FF0C5
S21402023810030CBF034A044A936408BD0220FCE775
S214020248000002B8001002B8002002B8034610B533
S21402025800B3124AD16909031ED5546CC4F381143B
S214020268032C15D0022C17D122460D49B1F8D4001A
S21402027801F10061801A01F5357101441846FDF74F
S21402028865FE064A0472926C120A4272002010BD7B
S2140202980822EAE72120FAE70220F8E7000002B877
S2140202A8003E00B00A68064B12F0802F1CBF42F2CE
S2140202B80101C3F82812C3F88822C3F88C227047B3
S2140202C8004001B8F0B585B06C460E460B4B0746A3
S2140202D815460FCB84E80F00094BD3F84822009244
S2140202E826B16B1EDBB2FD2B88BF32602A4621463A
S2140202F8384617F02CFF05B0F0BD00BFC0950400C5
S2140203080080E00FF0B585B06E460D4B07460D46E9
S2140203180FCB86E80F0017F030FF31460446024638
S214020328384618F076F84DB140B9FF2C1BBF04AB1F
S21402033803EB8404009B54F8103C2B6005B0F0BD18
S214020348C095040030B50823054685B080B9094A29
S214020358C2F8FC3351B96C46074B0FCB84E80F0042
S214020368064B2A4621461868FFF7ACFF05B030BD93
S214020378034AEDE7001002B8D0950400185500208D
S214020388002002B84FF03A43D3F81421D2031ED500
S2140203984FF480320E49C1F81421A1F58051C1F8F4
S2140203A818215A6DD1B2C2F30722C3F8A410C3F8B3
S2140203B8A4200422C3F8A4200022C3F8A420C3F869
S2140203C8A420C3F8A420C3F8A420C3F8A420704726
S2140203D8002000BAF0220B4B01219A64A022A3F552
S2140203E880539A644FF03A43426CC3F8F410FC21E7
S2140203F8C3F8CC10C3F8D0204FF40052C3F8F0204C
S214020408704700BF006000B8F8B50D464FF03A4492
S214020418174606461CF005FA01230421074A6363B9
S214020428E76026616561C2F81411054AC2F884318C
S2140204381CF0F2F90DB102236363F8BD002000BA7E
S21402044800E100E02DE9F04105460124006800F0CD
S2140204580700063004FA00F3A868EC685E1EA0429D
S21402046862D000EA060E6C6810441E430640A3EBF0
S2140204780E000EEB040C8242644618D9D31A0EEB11
S214020488030298B1431E052B04D94B1CACEB03039D
S214020498022B59D80B460844ACEB010E03EB0E01AF
S2140204A813F8014B83420C70F8D101466C688AB186
S2140204B8531E052B01F1010302D9E01A022812D8AD
S2140204C80A44611E00E0013313F8010C934201F856
S2140204D8010FF8D11CF0A5F90223AE60AB62BDE8A5
S2140204E8F0411CF099B90B46204622F0030E8E44C2
S2140204F853F804CB734540F804CBF9D122F0030332
S214020508D01A920701EB030C04EB0307E2D0CA5C8D
S2140205180128E254DED09CF8013002287B70D9D03C
S2140205289CF80230BB70D5E7042A35D90878043A15
S214020538A86148780431A86111F8020CA86111F87C
S214020548010CA861A8688CE70B4620F003070F4445
S214020558ACEB010E1C684EF803400433BB42F9D1DB
S21402056820F0030310F0030F01EB030EA0EB0304C5
S2140205780CEB030728D011F80380012C0CF8038033
S21402058822D09EF80130022C7B7018BF9EF80230EB
S214020598084418BFBB7088E7013A032A12D8DFE876
S2140205A802F00F1507020B4613F8012B1946AA612B
S2140205B80A4612F8013BAB61114611F8013BAB61E2
S2140205C80B78AB61BDE8F08108446EE70A46F3E7AC
S2140205D838B50B46154601464FF03A4468B1012233
S2140205E81048C4F8F4201A46FFF72CFF25B14FF03E
S2140205F83A430422C3F8F42038BD73B1D4F8D8209D
S2140206089A4284BF0122C4F8F4204FF03A42C2F854
S214020618D4300223C2F8F430E8E70123C4F8F430F1
S214020628E4E700BFCC0000BA38B504461CF0F9F877
S2140206384FF03A420121238F054651674BB3B3FA6E
S21402064883F3C3F11903DBB2A069C2F8B410C2F887
S2140206588C300723C2F89000C2F8B0304FF4A023BB
S21402066802F50052C2F81431A2F58052C2F81831C7
S21402067800220C4B1A600C4B1B6C5B0209D54FF41C
S21402068880020A4B04F1F8001A64D4F8901001F0BC
S2140206981BFB0023638707232846A387BDE8384049
S2140206A81CF0BAB884540020000002B8002002B831
S2140206B82DE9F84305460C46B1B1D0F81880078FE5
S2140206C81CF0AFF8B5F83AC0791E01EA0C0323F01D
S2140206D80702032C0646DFF8F8E042445ED1DEF84D
S2140206E8004024B91CF098F80E20BDE8F88324F0E0
S2140206F80104DEF8000020F00100A04253D10023D6
S214020708CEF80030238894426FEA43436FEA534395
S21402071823803ED1AB8F08EB07091846083880B20B
S21402072802F108044C4528BF4446082804D9B4F800
S21402073800E0BEF5804F40D263440F431B1A3B408D
S2140207489BB26B87A887947811884FF03A42C1F318
S2140207580C019165C2F89830C2F8B0004FF48022B6
S214020768174B04F00704C3F814210122154BC3F8EB
S2140207788421FFF707FE042C0BD14FF48002124B9C
S21402078805F1F8001B6C114B1A64D5F8901001F0AD
S2140207989BFA30461CF040F80020A6E7601E0128A7
S2140207A898BF1446A5E7A88F4344E31A48BFDB1947
S2140207B808389842A6DC304694E72246AEE700BFE1
S2140207C8002000BA00E100E0000002B8002002B8EB
S2140207D884540020154B10B519688A8F4B8F088FE2
S2140207E813440138073B8C69034023F007031C4473
S2140207F802F108034FF03A429BB28B87C2F8B03038
S2140208084FF480220A4BC3F814210122094BC3F87D
S2140208188421A07800F00700042803D1064AD3688A
S2140208281B03FCD4054B1C6010BD00BF18550020E6
S214020838002000BA00E100E0000002B8845400205C
S21402084810B5064C216839B1CB0703D4044B186897
S214020858FFF72EFF0023236010BD00BF845400203C
S214020868185500204FF480320C4B0D49C3F8182156
S2140208784FF03A43C1F81421D3F8AC10D3F88C20C1
S214020888012302F0070206329340C1F30C01083B2B
S214020898994201D8FFF776BD704700BF002000BA1C
S2140208A8001000BA2DE9F04780460C4616468769BE
S2140208B8058F1BF0B6FFB8F83A2005F1FF3C02EAAE
S2140208C80C0323F00701032C82463944B8F83C008F
S2140208D819D14A4C24689CB90244073A02EA0C0227
S2140208E822F00702BC183B44E31A48BF5B1983424E
S2140208F810DB50461BF090FF00242046BDE8F08728
S21402090824F00104EFE7012C02D0022CEBD10838C0
S2140209180C46E8E7002E3FD08C4241D14FF03A42CF
S214020928D2F858904FF03A41D1F8AC20B8F8127085
S214020938C2F30C02934247DA2588B5F5804FD8D21F
S214020948A378C5F30C0503F007037A1EA5EB090581
S2140209583A43052B337005EA02052DD82DB2E84333
S21402096840F241420421C00F03F058FC7580E37838
S2140209783374D8F81C207B1E03EA0903D118B16029
S214020988A9B213FA85F5AF422FBF0023FF1AB78024
S214020998F26024BFB180F36050461BF03DFFACE71F
S2140209A8A4F10802974284BFED0802EBC502B2F82A
S2140209B80090C9F30C09B5E7114B5B6D003B18BFF5
S2140209C80123A5EBC305C9E74B6D7A1EA3EB090302
S2140209D83A431A400B4915B2002DCB680BDCC3F319
S2140209E80363D81E43424341DB0033708B6C72802C
S2140209F81B0A3374BDE70823F7E700BF84540020B8
S214020A08004000B8000002B8054BA822D3F84C01F3
S214020A183121431C0CBF0120C0F3807003F0FEBBDB
S214020A280080E00F38B5134D0446297819B92022FC
S214020A381148FDF7FBF86188104A23785180002197
S214020A4813700F4A022BC2F8CC104FF0FF010D4A62
S214020A580D4B11704FF007010C4A4FF00000C2F818
S214020A68FC130CBF04220122C3F8FC2301232B70BB
S214020A7838BD00BF3B620020E03F00B0A46B0020F8
S214020A88004001B81C6C0020001002B8002002B812
S214020A98034B1A6802609B8883800020704700BF59
S214020AA8A46B002010B5044600F03AFF064BD3F8B4
S214020AB8F83724B983F40033C3F3404010BDA31EAD
S214020AC858425841FAE700BF000002B84FF63F7294
S214020AD80A4BD3F8FC37934206D0094AC3F30113EC
S214020AE81370E022074B1A7041F66A02064B1B681F
S214020AF8B3FBF2F3054A1360704700BF000002B862
S214020B081D6C00201E6C0020A4540020885400206F
S214020B1820B1022804D1034B18787047024BFBE732
S214020B28002070471D6C00201E6C00202DE9F74F30
S214020B38D0F8A4204C21022A38BF0222064690F892
S214020B4824B16B48013A036AD0F8CC506948C3F31B
S214020B588213D9400368DFF8C0A19342DFF8BC913C
S214020B68654BDFF8BC8101F0010116D11C788C4276
S214020B7813D19AF800405C450FD1D6F8A84064B164
S214020B88AC420AD196F8295099F80040A54204D1F9
S214020B98B8F8040003B0BDE8F08F98F80040026089
S214020BA820461970FFF7B4FF002900F08880042356
S214020BB84FF07F4000255149C1F8B830504BC3F872
S214020BC8B80096F829301B06C1F8B8304FF08051A5
S214020BD84A4B2C04C3F8B41040F27121494B1B68E7
S214020BE8B3FBF1F319215343182BB3FBF1F173D876
S214020BF8002C7BD0B4FA84F2C2F12002C2F10F03B1
S214020C08012B38BF0123D440A14201D2013B64081C
S214020C186A1C03F01F0152008A403B4F121B9208BF
S214020C28C7F8B0201A0242EA03121343019305EBEF
S214020C38052305EB0325354B40F6970218682B214A
S214020C48003818BF012003F0E9FAFA222F4B02FBFC
S214020C5804F01B6840F6FF72B0FBF3F00A23584311
S214020C682B4B00F57A74C3F8C420019AA3F5805377
S214020C78C3F8C420A3F58053C3F8CC50D3F8CC30BD
S214020C8800F58C50C7F8FC30C6F8A850214D143031
S214020C982C6001F0ABFC4FF47A72C7F8A400C7F8D0
S214020CA8F8002B68B4FBF2F0B3FBF2F3A8F80430B2
S214020CB896F829308AF800B089F800306AE7002CDE
S214020CC814BF1025202596F82930834294BFED18C4
S214020CD82D1805F0FF0579E7B1FA81F234B1B4FAB6
S214020CE884F3D21A002A89DC0F238DE70F238FE7B5
S214020CF8004001B80C6900203C620020001002B8CF
S214020D08002002B8A4540020003F00B088540020F7
S214020D18006001B88C5400201B6C00201A6C00205E
S214020D28A46B002010B5114B01461B78104C0C2BF7
S214020D3802D1FF20207010BD184617F077FA024637
S214020D481846FFF7E5FE884228BF0846C0B290421A
S214020D5838BF10462378C0B28342ECD0054B2070C9
S214020D681868FFF7E3FE2078E5E700BFA46B0020CB
S214020D781C6C00201855002010B5044603F066F8CF
S214020D8878B1154B1B786BB964B1144B1B784BB111
S214020D98134B1B78013B012B04D84FF40042114B2E
S214020DA8DA6410BD104BDB6C1B04FAD41BF039FD59
S214020DB8044602F021F94FF400420C4B2046BDE8E7
S214020DC81040DA6402220A4BC3F87C240422054B3C
S214020DD81A641BF021BD00BF3D6200203E6200205F
S214020DE890540020002002B8000002B8001002B892
S214020DF800D003500122024B00201A70FFF7BCBF36
S214020E083D6200200022024B01201A70FFF7B4BF91
S214020E183D6200204FF48022014B9A64704700BF5F
S214020E28005000B8F7B50646544C00F079FD01218B
S214020E383A20EBF70BFA524B2578524F1E7085BBB9
S214020E482846FFF799FF2378013B012B19D8E37B45
S214020E5801A88DF80430237C8DF80530E9F7FCF9F3
S214020E68C7F87C544FF6FF72474BC3F88420F82223
S214020E78A3F58053C3F884200022424BC3F87C248F
S214020E880DE04FF6FF72404BC7F87C54C3F8842037
S214020E98F822A3F58053C3F88420C7F87C543B4B4A
S214020EA85BE00020FFF768FF2378013B012B08D898
S214020EB8E37B01A88DF80430237C8DF80530E9F72A
S214020EC8CBF90023C7F87C34002ECBD062685AB31D
S214020ED82F4B1B6803EB5203B3FBF2F3013B1B02D7
S214020EE843F0F80326782849022E2A4A1ED0032EF3
S214020EF84FF6FF75234826D0012E38D143F0020359
S214020F08C1F88450C2F884300723C0F87C34E37BE7
S214020F1801A88DF80430237C8DF80530E9F770F9BE
S214020F280120FFF729FF17E0F823DBE74FF6FF70EB
S214020F3843F00103C1F88400C2F884300622114B3C
S214020F48C3F87C24E3E743F00503C1F88450C2F8EB
S214020F5884300423C0F87C340F4B4FF080420020C4
S214020F68DA644FF480220B4B9A6403B0F0BDC1F8E2
S214020F788450C2F884300023ECE700BF9054002067
S214020F883E62002000C00350006000B8002002B88D
S214020F98A4540020005000B8001002B8F0B52B4F39
S214020FA806463D4604460FCE0FC5336885B02B600D
S214020FB800F0B6FC01213A20EBF748F90022244B50
S214020FC8C3F87C24A17A627A42EA0142C3F88824EA
S214020FD8217CE27B42EA0142C3F88424217B627BBD
S214020FE841EA0240C3F880043B78032B2AD8DFE89C
S214020FF803F022020C178DF8041004218DF8052040
S2140210080DEB01000022E9F7C7F8E37B00228DF812
S2140210180830237C042102A88DF80930E9F7BCF8C9
S214021028637A01228DF80C30A37A042103A88DF87E
S2140210380D30E9F7B1F8074B187805B0BDE8F0406F
S214021048FFF7F0BE212005B0F0BD00BF9054002087
S21402105800C003503E620020034BDB6C002BBCBF73
S214021068024BC3F888007047000002B8004000B878
S2140210782DE9F04700F0AEFC4FF47A762D4BB0FB24
S214021088F6F618604FF4FA73734307462A48190EA1
S2140210981B021818294A4FF0000341F10001FCF719
S2140210A859FA274BA0F5807205461A6320B94822DA
S2140210B82B2103F0B3F801254FF47A724FF0000A99
S2140210C86A43534650083102FCF744FA1C4B1D4A41
S2140210D8B7F57A7F9A601C4B4FEA056819601B4B76
S2140210E88946044618604FEA152505D29B222B210D
S2140210F8504603F093F801264FF47A73A8FB0301CF
S21402110803FB05117308C01841F10001002332469B
S214021118FCF720FA0E4B023419600E4B49F100090F
S214021128A408186044EA8974054B013C9C63BDE830
S214021138F08700BFA454002020A1070040420F00F9
S21402114800C001B802110100B4540020B0540020B7
S214021158AC540020A85400201022044BC3F8842163
S2140211685A600122024BDA60704700BF00E100E0D5
S21402117800C001B81022064BC3F88421C3F88420A5
S214021188BFF34F8FBFF36F8F0422024BDA607047AC
S21402119800E100E000C001B810B50446A242A2EB86
S2140211A80000A3EB010104D2034B01399B6B013308
S2140211B8184401F0030110BD00C001B838B5012576
S2140211C80A4B02019D504FF480730446084A834036
S2140211D853661BF026FB074AA540137823EA050345
S2140211E81370BDE838401BF017BB00BF00E101B81A
S2140211F800E001B8476200202DE9F84F164605467A
S2140212088A461F461BF00DFB022E00F09180804690
S2140212181BF014FB5A4B5B4AD3F8209092F8914085
S2140212285A6EE4B2520744BFD3F82090013404F051
S21402123803041BF0FEFA4846214600F02FFA8446BD
S214021248DAF80000012E04BF01306044ACEB000C53
S21402125808BFCAF80000BCF1804F7DD300F030FA10
S2140212688145A1EB040188BF454BDFF838C188BF2A
S21402127801F1FF3101F0030188BF9B6BA0EB090E59
S2140212880CF80510A1B1F90742BF41F61F723E4B92
S2140212985A67BA0742BF3C4B3C4A5A677B0742BF6B
S2140212A80022374B9A673C0742BF0022344B9A65A6
S2140212B811244FF0010A324B05F11002120103EB1A
S2140212C8051BCBF80C0132499C501A6A0AFA05F437
S2140212D8586E0B78A2EB0902E4B2234372450B70F0
S2140212E825D34FF48073AB40034220D11CF8052067
S2140212F8002A40D10EB3274AF807536607D541F6A7
S2140213081F7140F20110204B596750675967B90799
S21402131806D51D4B1D4A1F491F485A6748675A6714
S2140213287A0742BF01221D4B1A613B071AD4404670
S2140213381BF072FA0120BDE8F88F194A2D0142F80F
S21402134805A042F89C3C1BF06CFA11490B7823EA7C
S21402135804030B701BF060FA40461BF05DFA00208F
S214021368BDE8F88F2120FFF777FE4FF48032044B52
S2140213784046DA60DCE7074A40465366D8E700BFCD
S21402138800C001B8003E00B000E001B800001F1F10
S2140213984762002000D001B800000101000002B830
S2140213A800E101B83F620020024B1878003818BFE7
S2140213B80120704747620020034B1030000118587E
S2140213C800F00100704700BF00C001B870B50646BD
S2140213D8FEF704FE044608B1FFF7CCFE00230A4DCA
S2140213E83046AB61EB612B6200F06AF9074BC9B273
S2140213F883F8911028622CB1FFF7AEFE4FF0806298
S214021408034B1A64002070BD00C001B8003E00B04D
S214021418002002B82DE9F0419DF818800D46B8F173
S214021428000F08BF0022214EB5F5803FB168074677
S21402143821F4700141F4A001B1609DF820409DF8A6
S2140214481C104FEA042444EA016444EA031444EAFA
S214021458084444EA02044FF0180140F2E9222CBF7D
S21402146800200120746502F0D9FE3564B8F1000F39
S2140214781AD00F4BBC68D3F888306D2C38BF6D2451
S2140214885B0606D500F082FB18B10A4BB3FBF0F3F5
S2140214981C44204600F014F90130854238BF002269
S2140214A8024B34BF5A645864BDE8F08100C001B8E4
S2140214B800C000B800093D0038B51A4B5D6C35BB54
S2140214C810242020FFF7C8FD174B9C6002F04EFB45
S2140214D82022164BC3F8842101F0D2FC48B12A46D2
S2140214E800200821FEF7D4F9114B5C66A3F5805359
S2140214F81C67104AD36803F07063B3F1807FF9D98A
S214021508084B0D4A5A6741F201429A6738BD01F004
S214021518B7FC0028F4D0094B054A5366A2F5805258
S2140215281367EDE700C001B8001002B800E100E05A
S21402153800E001B8000002B8011B011810000020E4
S21402154808B52120FFF788FD4FF48032014BDA6098
S21402155808BD00BF00C001B8F8B5184D04466B6A4E
S2140215681B0426D500F086FB6B6AA0FB044613F024
S214021578787F4FEA9367C3F34450C3F3044505D113
S21402158840F25A422B2102F049FE0120AD01B5FB7A
S214021598F0F010EB871005D140F25F422B2102F0E3
S2140215A83DFE01200246002320463146FBF7D2FFC5
S2140215B8F8BD00F0EBFAA0FB0401F9E700C000B89A
S2140215C80246012030B50B4CA0F12003C0F12005DD
S2140215D824FA05F504FA03F32B4304FA00F59542B8
S2140215E88B4100D330BD0F2801D00130ECE7FF2035
S2140215F8F8E700BF40420F0010B50C46FFF7ACFFF5
S214021608C30943EA4163C01A61EBD111FFF7D8FF59
S214021618FF2814D00F220C4B40F01000C3F8882085
S214021628A3F58053C3F88800A3F580535B6ADBB240
S214021638802B06D02046BDE8104000F007BB2120CC
S21402164810BD0220FCE700BF00E000B838B51BF06A
S214021658F5F8084B084A1D6A92F891405A6EE4B2A9
S214021668520744BF1D6A01341BF0E3F8284604F00B
S214021678030138BD00C001B8003E00B00346064A62
S214021688103302EB00111B01D1F80C01D158C1F33B
S214021698400116F0E9BD00BF00C001B8064B1B6842
S2140216A8434303EB8171054B1B68A3FB003013F120
S2140216B8004341EB00007047AC540020A8540020B9
S2140216C80C4A20F04043014610B5002014684FF03B
S2140216D80042E4FB0320084A890F126802FB030053
S2140216E8064B9B6B984204D901330131C01A01F0AC
S2140216F8030110BDB0540020B454002000C001B845
S214021708044B01F0F071103041F00301000119504A
S214021718704700BF00C001B808B52220FFF79CFC3E
S2140217284FF48022014BDA6008BD00BF00C001B842
S21402173870B51646054600B3F9B1F2B14268104BC9
S214021748006803321B68920800F130409847044646
S21402175888B9EA68A86803323146920800F1304030
S21402176816F09BFD044630B9D5E90402214600F17D
S2140217783040FCF75BFA204670BD2124FBE700BF29
S2140217881469002070B50C68651C15D0C4F302668F
S2140217989E42C4F3074530D1A4B294422DD804EB36
S2140217A88506B24229D2141BA50824F003040E5952
S2140217B8340F04D0012C08D00022212402E06B1C2E
S2140217C851F82320C0E9002470BD0E4C34F81330BB
S2140217D842EA03431A686B1C51F8234001EB830163
S2140217E84B6822405E4036F0704404D11B0F032B30
S2140217F804BF8B681A430024E4E7013501EB850130
S214021808C1E700BFE895040007B501A8EBF71AFD83
S2140218189DF80530022B02BF40220B4BC3F8FC236F
S214021828C8220A4B5A650A4B0A4AD3F86032DBB218
S214021838FF2B08BF03239B0043F47F53C2F8F833F9
S21402184803B05DF804FB00BF001002B8008001B8C0
S2140218580080E00F000002B8836810B4074C03F15A
S214021868304324681B689C4203D15DF8044BFFF79B
S2140218785FBF00205DF8044B704700BF2869002050
S2140218880022012108B51E4B1A645A649A641D4A3E
S214021898516102219162DA68C2F303620D2A01D00D
S2140218A8002AF8D1112218499A631848184AFFF7ED
S2140218B83FFF00F0E9FF174A93685BB9164A936838
S2140218C89BB94FF080620F4B5A61012203F5805391
S2140218D85A6108BD1149D268096803F13043032AE0
S2140218E8ECD943F8041B043AF9E70C49D2680968AC
S2140218F803F13043032AE4D943F8041B043AF9E710
S214021908000002B8001002B8549B04003C9604007B
S21402191858960400249604000C96040028690020B1
S214021928012341F6FF710D4AC2F8803291660C4ACD
S21402193853600C4A53600C4A5360A2F580425360C7
S214021948A2F54042536002F5C032536002F5804267
S2140219585360A2F500425360704700BF00900050E3
S21402196800D000B8001000BA005001B838B50324F9
S214021978FFF7D6FF114A124B124DDA64FFF744FFFF
S214021988114BC3F8E0400123EB6400F0DBFD4FF493
S21402199860736B614FF40073EB6416F0EEFB002184
S2140219A8FEF7D0FC8022094B1C64A3F580535C64C6
S2140219B8074BC3F884215A6038BD00BF0048F000C0
S2140219C8000002B8001002B8005001B800A002B821
S2140219D800E100E008B519F063F8044B1B6FC3F387
S2140219E800430133B0FBF3F008BD00BF008000508F
S2140219F870B5044698B1B1B13A4A52F8043B8342EC
S214021A0813D10023384A116CC907FCD4374800EBB7
S214021A18830016F04BFC364B106001221A6470BD28
S214021A2801330C2B02D1334D2CE0012352F8041B50
S214021A38A142F5D1304A32F81330E3E7C2F3016324
S214021A4835F81300110C93B211F0FE0F43EA004367
S214021A58606820D00434CAB2022A216808D9D4E9B8
S214021A680160033AC3E9001698600C340C33F3E7B6
S214021A7804D16268C3E90012083403E0012A01D1DE
S214021A88043419602268531CD8D10022164B1A60F7
S214021A9803F58053C1E7120F072AEDD8DFE802F0F4
S214021AA80704090D1013181DC04303F500531860E8
S214021AB8E2E71A6842401A60DEE703F58053F6E763
S214021AC816F0C7FBD8E7012203F580538240F2E7F7
S214021AD8012203F500538240EDE71A6830EA020253
S214021AE8FBD1C9E7B854002000C002B8404000B095
S214021AF800D002B8E89504000A5B00200122014BD8
S214021B08DA647047001002B80122014BDA647047A3
S214021B18002002B84022014BDA647047002002B85F
S214021B284022014BDA647047001002B80B4B1B6860
S214021B38D3F8E43023B11A68022A01D9186A704722
S214021B48074B9A6D90B238B1064BC2F307421B6830
S214021B58DB085343B3FBF0F0704700BF185500206C
S214021B68004001B8A4540020064BDB68C3F30363A5
S214021B78984206D1044A936E23F0F00343EA011111
S214021B8891667047000002B8003F00B0054B1B681C
S214021B98D3F8E43013B11A680A2A01D8FFF7C6BF89
S214021BA8186C7047185500202DE9F743064616F0BC
S214021BB849FB00248046DFF890901AF032FE0DF1B9
S214021BC8070105460DF10600FEF79CFA9DF8063059
S214021BD88BB9721C29D016F035FBA0EB08042846F0
S214021BE81AF01AFE9DF8063013B99DF807303BB373
S214021BF8A642E2D824E0D9F80C3013F4603FE8D0C5
S214021C08D9F8180016F0A5FB731C074603D016F081
S214021C1819FBA0EB080428461AF0FEFD17F5007F0C
S214021C28E0D0384603B0BDE8F08328461AF0F4FD43
S214021C389DF80630002BC0D19DF80730002BBCD18A
S214021C48004FEEE700FEFFFF00C000B810F1800F5D
S214021C5804D04D28CEBF7F20323040B2FF22044B3C
S214021C68C0B25A62A3F5805358620020704700BF7C
S214021C7800E000B80B4A10B5136E0B4C116E03F059
S214021C880703E35CC1F3CD0101FB0333126E074879
S214021C98C2F3454202FB033300688001B0FBF3F04F
S214021CA810BD00BF004001B8E0950400A45400200F
S214021CB8044BD3F8AC3010B1C3F30332027003F00E
S214021CC80F007047000002B8094B01F080011B6C38
S214021CD803F480030B4309D14FF40012054B1A6232
S214021CE8837F1BB10122044BC3F80021704700BF53
S214021CF8000002B8006001B8005001B82DE9F04FA4
S214021D08404F804685B038680C4615F0B8FF20B9B3
S214021D180024204605B0BDE8F08F22460021404642
S214021D28FBF784FF384B5D6915F00105F0D102F028
S214021D3819F906460028EBD03F68384616F020FC0C
S214021D484FF6FF73984234D04FF060512F4E304B07
S214021D58304AD3F82090D6F88C3011624FF00061E2
S214021D68A2F58052116224220421C6F88C202A4A3F
S214021D784FF4804B91604FF480520027DFF8A4A0FE
S214021D88CAF868B0F262A7421ED30421234A9160B9
S214021D98A2F5F032C2F88C304FF060521D4B1A6230
S214021DA809EA02031E4A13624FF480421D4B9A66E2
S214021DB8AFE73146384616F087FB0146384602F04A
S214021DC8FFF90028C0D0A3E7B26E5104FCD5B2686A
S214021DD8D205F9D5CAF868B0D6F890200135012D93
S214021DE80392D0D9E21B042AA8BF042208EB0700F4
S214021DF803A901930092FCF7A9F8009A019B3A44BA
S214021E0897B2C0E718550020000002B8004000B894
S214021E18004001B8006001B8001002B8002002B8FD
S214021E28005001B8006000B84FF604014FF60502EC
S214021E38044B01201B6C9BB28B4208BF1346024A16
S214021E48136670470080E00F00C001B82DE9F74F0F
S214021E5881460F464FF0FF35FFF7F8FB0026019044
S214021E688A462C463046DFF8D8B006F110031B0126
S214021E785BF8033003F00308B8F1010F15D13046BA
S214021E88FFF7FCFB02460B4601985146FFF784F91A
S214021E98DBF8643006F10802D340DB0739D5002F99
S214021EA840D000252C463E6040460136082EDCD13E
S214021EB860B3234A0027D2F808C0916B0CF440336B
S214021EC80131A4FB0141641941F10001B3F5003F59
S214021ED830D1536B0CF4405C013347F10006BCF575
S214021EE8805F22D1156B15F5807505FB06F647F15E
S214021EF8000203FB0266A5FB03323244594304FB85
S214021F080212A3FB04341444C9E9003403B0BDE842
S214021F18F08FA84271EB0403C6D207B13E600546AD
S214021F280C46C1E73D463C46BEE7320242EA136229
S214021F381B02E3E7136B13F5807347F10002DDE734
S214021F4800C001B808B516F018FA0122054B93F836
S214021F588D3002335B00DBB202FA03F3024A5361A6
S214021F6808BD00BF003E00B0002000B82DE9F341CE
S214021F7805460F4668461146FFF768FF0646B0B1A3
S214021F88AFB1DDE900321B0A43EA0263A5FB03840C
S214021F98094B120A05FB02441A6812B9FFF71AFD22
S214021FA80246002340462146FBF7D4FA38603046FC
S214021FB802B0BDE8F08100BFA45400204FF00052E2
S214021FC8014B1A60704700BF00E100E04FF0005274
S214021FD8034BC3F88020BFF34F8FBFF36F8F704752
S214021FE800E100E0F8B50B46002213F8044B9442D1
S214021FF825D91D68854224D106245A791D79124BA3
S21402200888181E6804FB0503104F33F8063C7B430A
S214022018B3420ED900238A5A7A43964202D804FB60
S2140220280300F8BD9D42FAD9013304FB03F2825A33
S214022038F2E740F244423D21002002F0EFF8002089
S214022048EFE708330132D2E7E854002040420F0097
S21402205800202DE9F84FA2FB018BC74EC74F18EB9D
S214022068060699466BF10003B74270EB030307D2E4
S21402207840F23E220E2102F0D1F80220BDE8F88F87
S214022088D9F814A00C461546BAF1000F04D0DAF8AF
S2140220980030032B00F21B81B94BBA4A9F6BA3F59B
S2140220A88043D3F8EC30C7F314075E00B64B48BF3C
S2140220B847F400171B6ED2F8FCA058074EBF4FF421
S2140220C840039B0503F0E0731F43B04BD3F8E4309C
S2140220D8990748BF47F0807747EA456718F014FD26
S2140220E8012D0646C9D10028C7D0A94B984200F050
S2140220F8FD8003F5122303F5F863984200F05A812F
S214022108A44B984200F0A781002502462B460020E1
S2140221184FF00071FBF71EFA2B46013008FB03F35B
S214022128C7F3130100FB0B33A1FB0662A8FB008072
S21402213801FB0522034420339B09C9F80030F60C3C
S214022148954B46EA4236FA021C6058BF7642934BD3
S214022158934D34441E602C60BAF1000F00F00881DB
S214022168FB014FF000038F49C7F381528A5C194678
S21402217848BF6408002EB8BF764292066008C2FBC3
S21402218806012246FBF7E6F9DAF800100E2908D906
S2140221987D4B7B4A926BDE69D3F80C31F60600F16A
S2140221A82881C0F3130017F40017C9F8040014BFF7
S2140221B8C42040F207107C4ADAF81860A2FB04C270
S2140221C84FEA521200FB02F24FF4FA73B2FBF6F22F
S2140221D818BF002702FB03F3A4FB00C0FA33A3FBD5
S2140221E8063604FB07006345864138BF0132D2B281
S2140221F842F4006CC9F808C0002A00F0BB80DAF87E
S2140222081C70A2FB070624B1B4FA84F30E2B40F323
S214022218D880E303002E40F0D180B3FBF0F67000BE
S21402222800FB0220A0FB07834FEA044EC6454FEA8E
S214022238144474EB030309D352001044A7FB00832B
S214022248C64574EB030306F10106F6D2C6F30E037F
S2140222584CEA033C4CF000630629C9F8083049D911
S214022268DAF83030002B45D00023C9F80C30C9F80C
S214022278103018F049FCDAF83010FFF7B3FE0446BF
S21402228818B18378002B40F0CC8018F003FCDAF8FB
S2140222983010FFF7A7FE0446002869D08378002B83
S2140222A866D040794FF4AE62003818BF01203D214F
S2140222B801F0B4FF207940F2715200384FF03D0128
S2140222C818BF012001F0AAFF237962794BE0042B9C
S2140222D8DAF828707FF402AFFB014CBF4FF44003D4
S2140222E807F0E07327F0E0771F43F7E600232F484E
S2140222F81D4613E718F008FC2C68002C00F0AF8087
S214022308B4FA84F3D3F1020358BFDC40284B9C424C
S21402231888BF6408002875D0B4FBF0F3642100FB7C
S214022328134201FB02F2904203F1FF3200F2A6804A
S2140223385D085308013D1B0243EA0515C9F80C500F
S21402234818F0AEFB002800F09080B4FBF0F264218F
S21402235800FB124401FB04F4A04200F28D80531ED7
S21402236852085B08013A1B0243EA0213C9F8103006
S214022378002083E6212081E6006CCA88807C814A98
S214022388008001B8004F00B0004001B8000002B853
S21402239800F04902005A6202F0540020EC54002071
S2140223A8E8540020F4950400D34D62100A3BB2DFCD
S2140223B83FBE4025002335481D46AFE61046002698
S2140223C830E7C3F10F0E03F1110806FA08F820FAEF
S2140223D80EF040EA0800AEF1200826FA08F840EAAD
S2140223E8080026FA0EFE013004FA03F34EF1000640
S2140223F810E702F4801203F400131A4308BFC0F56C
S2140224088010CEE6631EA51E5B086D08013B2D02F2
S21402241845EA031540F2C2422B21002001F0FEFED7
S2140224288CE7407940F25552003818BF01203D210A
S21402243801F0F4FE207940F25652003818BF012007
S2140224483D2101F0EBFE237962791B0243EA02136F
S214022458C9F80C3019E700230D481D465EE66FF0F2
S2140224681F0500287FF46AAFD4E740F2E5422B2125
S21402247801F0D4FE621E72E71446FBE79D1E6D0845
S2140224885308013B2D0245EA031557E7313641DC6E
S214022498D694BFD610B5044686B059B9214B4168C2
S2140224A8D3F8FC30827A2048059300686B46FFF71B
S2140224B8CFFD69461D4B0A685A631A4BD3F8FC309F
S2140224C833B34B6843B11A4B1A4AC3F80C214A680D
S2140224D8A3F58053C3F80C218B6843B1144B164AF4
S2140224E8C3F8EC208A68A3F58053C3F8EC20134A95
S2140224F8C868D2F8743123F4EE630343C2F8743121
S214022508D2F86C31096923F4EE630B43C2F86C31D6
S214022518002022890A4B9A6203F5A033186406B093
S21402252810BD00BF004F00B018550020008001B84B
S214022538006001B8FFFF0F00FFF8FF0F000002B8A7
S214022548004000B8064B9A6E920607D55B6E002BC3
S2140225584FF48043B4BF034A034AD364002070474B
S21402256800800050002002B8001002B8064B1A6C11
S2140225789207FCD4022240EA01205860034B1A64F0
S2140225880122034B1A70704700C002B800D002B886
S2140225984862002040B10368012B05D90069034B45
S2140225A8002808BF1846704700487047FC95040084
S2140225B810B590B10468012C0FD902696AB1116886
S2140225C8094B102C196051685960916888BFD26807
S2140225D8996094BFD960DA6010BD102200210248C3
S2140225E8FBF724FBF8E700BFF8540020084BC11796
S2140225F81A68A2FB000302FB013310F1807043F154
S2140226080003400E40EAC310803820EAE0707047A4
S214022618085500200722194B70B5DA63184B194A79
S2140226281D68194BEC08E005C0184FEA153141F150
S21402263800010023FAF78EFF144B154E1860154852
S214022648FFF7D4FF4042C6F8DC0049F65800FFF709
S214022658CDFFC6F8A8001048FFF732F8024660B168
S214022668E301500818184FEA15714FF0000341F1BC
S2140226780001FAF76FFFC6F8B40070BD000002B892
S214022688A454002065CD1D00B2E60E0008550020B1
S214022698003F00B07011010040420F0010B504461A
S2140226A898B10B4BD3F8FC00FFF782FF4FF47A730E
S2140226B803FB04F0074BA0F57A60DA689B681044BF
S2140226C8C01ABDE81040FFF791BF49F64040F8E748
S2140226D8004F00B0F85400202DE9F8430546084696
S2140226E814461E46FFF764FF05B306F0020716F007
S2140226F804061DD1D7B14FF47A706B685843002B85
S21402270840F08C80FFF772FF20636B69002B00F0A5
S2140227188C804A4AD0684FF47A7202FB0300A0F50E
S214022728FA50FFF763FFE062002E58D1BDE8F8833F
S2140227382869002869D04FF47A7358433F4BA0F5AE
S2140227487A609B68C01AFFF751FFA062A88B002820
S2140227585ED04FF47A735843384BA0F57A609B687C
S214022768C01AFFF743FFE061354BE968D3F80080EB
S214022778002950D04FF47A735943304BA1F57A6149
S2140227889A685B68891AC91A2E4BC8171A68DFF83E
S214022798BC90A2FB011302FB003311F1807143F1D6
S2140227A80003490E41EAC3118039274B2162D3F848
S2140227B8C4306362D9F8003053B1404615F083FC42
S2140227C830B12246D9F800301C49D8F8D8009847C4
S2140227D80021A869FFF762FF6063002F8BD1A86803
S2140227E830BB47F23050FFF701FF60614FF47A7052
S2140227F82B6858432BB1114B1B6803F51C53103337
S2140228081844FFF7F3FEA06190E749F640409AE7BE
S21402281849F64040A5E749F64041B5E7074B1B682D
S21402282803F51C53103318446CE747F2305078E728
S2140228384FF47A735843A0F5FA50D4E7F8540020B8
S2140228481855002008550020003F00B0F454002018
S21402285838B5054608461C4615F017FD0246D5F853
S214022868E400FFF797FE4368A018002B044AA8BFA7
S2140228784FF4FA721A44034B92FBF3F2104438BD33
S2140228880CFEFFFF18FCFFFF70B588B06D46124CB1
S2140228980FCC0FC594E80F0085E80F00D822002158
S2140228A80E48FBF7C3F9AC2200210D48FBF7BEF928
S2140228B8202200210B48FBF7B9F915F00EFF0A4B48
S2140228C81B783BB16D46044E0FCD0FC695E80F0038
S2140228D884E80F0008B070BDE03F00B07C3E00B050
S2140228E8543F00B0E04F00B03B62002008B519F034
S2140228F898FF0E4B1A78A2B90D4A126812F4843F52
S2140229080FD10C4A1021D1641B7863B9084B1B6897
S214022918DB0508D4074B2022DA64BDE8084019F024
S2140229287BBF054AEEE7044BF5E700BF4E62002080
S21402293800140020002002B8001002B80A4B1978CA
S21402294801F0FF0229B10021197008499202C1F864
S2140229580421597801F0FF0229B100215970930227
S214022968024AC2F80831704749620020005000B88F
S214022978064BD3F8F00E064B5B6C1A0103D4054BD4
S2140229889B6E1B0401D500F580707047003000B0BE
S214022998000002B8004000B810B519F042FF0E2138
S2140229A804460320FFF7E0F840F20122034B2046D4
S2140229B8BDE81040DA6219F02FBF00BF004000B829
S2140229C838B519F02EFF4FF00043244C0546C4F8DC
S2140229D88030BFF34F8FBFF36F8F0123C4F8843064
S2140229E8BFF34F8FBFF36F8F0223C4F88430BFF351
S2140229F84F8FBFF36F8F0423C4F88430BFF34F8F13
S214022A08BFF36F8F0823C4F88430BFF34F8FBFF32A
S214022A186F8FFFF7DBFA1023C4F88430BFF34F8FAB
S214022A28BFF36F8F2023C4F88430BFF34F8FBFF3F2
S214022A386F8F4023C4F88430BFF34F8FBFF36F8F76
S214022A484FF48063C4F88430BFF34F8FBFF36F8FA1
S214022A582846BDE8384019F0DFBE00BF00E100E0B6
S214022A6838B519F0DEFE05464FF000430A4C2360DF
S214022A78012363600423636008236360FFF79EFAFA
S214022A881023636020236360402363602846BDE802
S214022A98384019F0C1BE00BF00E100E0012370B55E
S214022AA8074C2370074B1E68074B3240D3E9005386
S214022AB819402840FCF7ECFE0023237070BD00BFC7
S214022AC84C62002010550020001400200022044BFF
S214022AD81A70044B197811B11A70FFF707BF7047BE
S214022AE84D6200204E6200202DE9F047DDF820A056
S214022AF803EA0108099B06460D4602EA000703EAAE
S214022B080A09BAF1000F40F05281031F0B4300F086
S214022B181281052871F1000380F0E88050EA01036B
S214022B2800F07881431E0B4300F02881FFF748FF28
S214022B38B94AD2E9004323EA050324EA06043C43D9
S214022B4843EA0807B54BC2E900471E6826EA0A06A2
S214022B5846EA09061E60FFF7C9FE14F02A4F14BF9C
S214022B6848F202034FF40043AD4AB007D26EAD48AE
S214022B7848BF43F4005383EA020122EA0302C2660C
S214022B88A94A0B408166D366C4F380421203210326
S214022B9848BF42F48072E30648BF42F40052A34B91
S214022BA8A50648BF42F400726006D3F80C3248BF46
S214022BB842F48062210648BF42F400629C4882EAD8
S214022BC8030123EA0203C0F80C329A4B0A4017F4B0
S214022BD8007FC0F80812C3F80C22974B07F400725D
S214022BE800F0048101224FF4802583F88820E3044C
S214022BF848BF45F48035A00348BF45F48015A107B1
S214022C0848BF45F4001514F4001FDFF8688206D0A2
S214022C18D8F8000015F05FFD08B945F40025E20271
S214022C2848BF45F40035FB06844B48BF45F480058B
S214022C381A6A834985EA020323F001031A400A62E4
S214022C481D40CB617F4B16F0010F1D627E4B7F4AFB
S214022C5818BF1A467E4B7D071B6F48BF42F00062BC
S214022C687C4882EA030123EA020303677A4B0A4096
S214022C7841661A67794A04F00103926CA0F580301F
S214022C8883EA020122EA03028264754A0B4041641F
S214022C989364D8F80020200248BF724B92F8F620B8
S214022CA858BF714B610748BF43F4806322B114F4DE
S214022CB8C06F18BF43F4807332074FF03A42BDE83C
S214022CC8F047D2F8181148BF43F0004383EA0102DE
S214022CD822F4A02265481140C0F818111340C0F823
S214022CE81421634AC2F81831FFF7BABEA0F580630A
S214022CF80B4306D020F48063A3F500730B437FF4DE
S214022D0815AF19F08EFD4449D1E9003223EA0603CD
S214022D1822EA050242EA08023B43C1E90032554A62
S214022D28126892F8F610514A09B313F4C06F1ED00F
S214022D384FF4807311E019F074FD374AD2E9003176
S214022D4823F004033B4341EA080157EA0807C2E9AD
S214022D5800314FF48063454A0BD0C2F81431A2F50D
S214022D688052C2F81831BDE8F04719F055BD4FF445
S214022D788073C2F81831C2F81431F4E719F051FD1D
S214022D88254AD2E9003123F001033B4341EA080110
S214022D98C2E900310123384A57EA08071BBF5364C1
S214022DA8A2F580529364936408BF5364DBE750EA43
S214022DB801037FF4BBAEBAF1010F7FF4B7AE19F088
S214022DC830FD164A136823F0010343EA0903136029
S214022DD84FF480631F4AB9F1000F04D05366A2F578
S214022DE880521367BFE713675366BCE793F88810E9
S214022DF871B183F88820214BD3F8A41003F5005349
S214022E08C3F8A410C3F8A0104FF05023C3F8A420A8
S214022E180025ECE6BDE8F0870014002010550020D7
S214022E28004000B8006000B8005000B8004001B882
S214022E38006001B8005001B8003F00B0000002B8B8
S214022E48002002B8001002B8041C0003041800038D
S214022E5800C001B800E001B800D001B800C000B850
S214022E6800D000B80D0A0A09090A0A09002000BAA1
S214022E78001000BA1855002000E000B800400050C4
S214022E88024B5868C0F3C000704700BF0014002009
S214022E98024B186800F00100704700BF00140020BB
S214022EA8024B5868C0F3C030704700BF00140020B9
S214022EB810B50446FEF75AFDFFF782FD2046FDF7D9
S214022EC889FAFEF7DDFCFEF7D3F8FEF745F9FFF7B9
S214022ED8A1FB13490723134AD1F8FC1004F1F800A2
S214022EE8FFF7FAFB4FF080710020FEF709FC4FF05F
S214022EF800720D4B4FF400110120C3F80021FEF7B3
S214022F08FFFBFEF791FF20B940F29232142101F03E
S214022F1885F915F03BFABDE810400120FDF782BF9F
S214022F28004F00B0A43F00B000D001B88023074A83
S214022F381364082340B11364054AD2F8C83E23F046
S214022F482003C2F8C83E7047024AF4E7001002B8E7
S214022F58003000B0002002B810B519F062FC01215A
S214022F6804460020FFF7E2FF044B1961044B5B6836
S214022F7898472046BDE8104019F04EBC000002B83B
S214022F88FC680020F8B5194C0546207840F2E44261
S214022F98B0FA80F03E21400901F040F955B9607850
S214022FA840F2E442BDE8F840B0FA80F03E2140091B
S214022FB801F034B94FF440660D4F0E4DD7F8043180
S214022FC840F2E442C3F381232370C5F804616078B3
S214022FD83E21B0FA80F0400901F020F9D7F808310E
S214022FE8C3F381236370C5F80861F8BD49620020FF
S214022FF8004000B8006000B8F8B5084C084D236CCD
S2140230080423084F2B64236C5B0300D4F8BD042604
S21402301802203E6415F01DF92E64F4E7000002B89B
S214023028001002B8002002B8A82238B51A4B1D6C48
S21402303803F500531A6410229A60A3F5804302F13E
S21402304800521A675A66FFF779FC144B1B7813B9B5
S2140230580320FEF7B3F80024114B9C67FFF7CCFF5A
S214023068104A114BD2F8F01E0B40C2F8F03E04226A
S2140230780E4B1A640E4BAA06C3F8D04008D503F5C1
S21402308880739B6FB3F5817F22BF8022024B1A6141
S214023098BDE83840FCF7B8BD000002B84B62002015
S2140230A800C001B8003000B0DF0000FF002002B800
S2140230B8003E00B010B551B920B3154BDB681B0EA5
S2140230C813F00E0F1ED1134B1B6CD9071AD4FFF739
S2140230D863FC0F4C0020FEF7EBFD032801D00928FD
S2140230E805D1A36ADA07F5D4636CDB03F2D4FFF7DB
S2140230F883FF0122084B5A6102229A62042203F5D0
S21402310880531A644FF4C062044BDA6210BD00BFE3
S214023118000002B800C002B8001002B8006001B889
S21402312808B503210920FEF71FFD2022014B1A616C
S21402313808BD00BF000002B80D4A10B5D2F8A0308C
S214023148D2F8A4100B40B3F1804F0CD34FF0404096
S2140231580849094CC1F8A400D467C1F8A0004FF486
S2140231688021064AD161034AC2F8A03010BD00BFCA
S21402317800400050006000500000FF01001002B836
S21402318838B5054619F04DFB0E4B04461868FDF790
S2140231984BFA35B1FFF79AFC2046BDE8384019F0DD
S2140231A83BBB094B1B78002BF6D0084B1D78002D2D
S2140231B8F2D1FFF78BFC2A464FF480400021FFF736
S2140231C86DFCE9E7185500204D6200204C6200208D
S2140231D82DE9F84F5A4B06460D4614461B6C002A34
S2140231E840F0AB8013F0A00F14BF4FF001094FF068
S2140231F80009FCF709FDA0234FF0000ADFF85C81FE
S2140232080320C8F84030FDF7D9FF0420FDF7D6FFA3
S2140232184C4FFFF75BFC4C4B4FF0040B7B67C7F831
S21402322878A0FFF7E9FE494B4FF48071D3F8C82E11
S21402323842F02002C3F8C82EFF22C8F80820404AE7
S2140232481161D3F8F02E42491140C3F8F01EC8F8AF
S21402325840B0C3F8D0AE7B6913F0060F04D0FEF771
S2140232685BFA5846FDF7AAFFB9F1000F08D04FF4EB
S2140232780062384B1A644FF40042A3F5E0339A66AC
S21402328866B1354BDB6C180701D4FFF785FBFFF7F1
S21402329847FF0420FDF792FFFFF750FB284B5A69B9
S2140232A8D10748D5DA6812F0706FFBD12B4B2C4A3F
S2140232B81A642C4A936E23F0F003936615B12046DF
S2140232C8FFF75EFF284BD3F84C315A1C01D05B003F
S2140232D802D50122214B5A616CB31F4BDA6E03F5F5
S2140232E800539A6603F5D0331B6A1C4A23F001037F
S2140232F8D3611E4BD3F80C1203F50053C3F8081219
S21402330803F50053D3F8841003F5005399674FF07A
S2140233183A43D3F8181103F50053C3F81411144BA3
S214023328996C03F500535964124903F580335966BC
S2140233384FF608431364BDE8F88F4FF0000958E7C4
S214023348000002B800C001B800000101003000B059
S214023358DF0000FF001002B8004000B8002002B8E4
S21402336810003000003F00B00080E00F004001B8B7
S21402337800C000B85000002F9D4B2DE9F04F9F6EFD
S214023388DB6E85B01F409B4B9F664FF03A43D3F8DF
S2140233981451D3F818311D40974BC3F81451974B64
S2140233A8D3F80822D3F80C3202EA0309944BC3F87E
S2140233B8089203F52043DA691B6A02EA0308914B6E
S2140233C808F47702DA61904BD3F80422D20605D4C1
S2140233D8D3F80431C3F30016DB0653D519F021FAE5
S2140233E88A4B5A695E6E1B6F12F0060F06EA0306D0
S2140233F8874A26F0007314BF4FF0010A4FF0000AFE
S21402340823F400637407536606D5824A92F891300D
S2140234180133DBB282F8913019F0FEF9002F00F082
S214023428E48017F4004300F0D58019F0FAF9014653
S214023438FFF79EFA0446784BD3F800B0DBF8002074
S214023448DBF800309A42FBD0DBF800209A42FBD029
S214023458FFF78EFAA04217D1084619F0DDF96F4B2E
S2140234681C606F4BD3F840B01BF4E0520ED124F028
S2140234787F4424F0DF040CB9FFF7D6FD4FF0807BBB
S214023488002414E0B246C9E70446D7E70192FFF7DC
S214023498CBFD5C4B019A1BF480541A6440F09C8066
S2140234A81BF4806F0CBF4FF0805B4FF0806BB80741
S2140234B815D55B4A5348126C02F460410164002930
S2140234C800F08D80110400F18D8012F4005F0CBFAD
S2140234D84FF000524FF0006200244BEA020BC7F38B
S2140234E840377F004F4A2A40002A4BD015F4206FF7
S2140234F80AD040F6A3120621002000F08FFE002014
S214023508FFF73EFE25F48025EB0506D5FF213D4A4A
S2140235184BF4C06B9160FFF73FFA15F0090F0BD01A
S21402352840F6B8120821002000F078FEFFF7F8FDF2
S2140235384FF03A420121516315F0106F0CD040F655
S214023548C1120921002000F069FEFFF7E9FD0022FA
S21402355811461046FDF73CF815F4202F0AD040F61F
S214023568C9120721002000F059FE0020FFF708FEC6
S21402357825F48025E80301D5FDF774F9002DB8BFB8
S21402358847F0080769070ED54FF03A42126B12F455
S214023598005F4FF4005217BF174923490A634BF4DA
S2140235A8000B08BF0A636A0548BF4BF0040B15F404
S2140235B88023019300F0A480FDF70CF90138062851
S2140235C834D8DFE810F01A011D011A012001230180
S2140235D8260126019B4653E74FF0804B50E74FF0F3
S2140235E8007279E74FF0004276E7BB463C4679E739
S2140235F8004000B8006000B8002000BA004001B8D9
S214023608006001B8002002B800E100E000C001B87E
S21402361800E001B8003E00B0B49504000C55002046
S214023628000002B8090B0B89001000BA40F6FA121D
S2140236380321002000F0F2FD4FF03A400121D0F8B5
S2140236488C20D0F8AC3002F00702063201FA02F2F9
S214023658C3F30C0CA2EB0C0292B2072A12D9774AD1
S214023668126C53020ED4764BC26CC06E5B6D5BB1A5
S21402367802F0070206329140C0F30C00091A89B21A
S214023688072901D84BF4007B6E4A1278002A37D0F5
S2140236984FF03A42D2F8142112F4A02F30D16A4AD7
S2140236A86A4912789AB9F20411D40A787AB14FEABA
S2140236B8DB02674842EA447282F00102D0F8F00E52
S2140236C802F00102520020FA02F2930718D10420EF
S2140236D8FDF774FD5F4A60485067FFF7F7F95B49E4
S2140236E80A784AB95D4A127832B15D4A5D4912686B
S2140236F80BEA02020A4201D14BF4804B26F48056AA
S214023708B9F1000F1DD019F4805F18BF4BF4802B57
S21402371819F4807F18BF4BF4002B19F4005F18BF0A
S2140237284BF0100B19F4007F18BF4BF0200B19F45E
S214023738806F18BF4BF0400B19F4006F18BF4BF0A0
S214023748800BB8F1000F3AD018F4802F18BF44F453
S214023758007418F4803F18BF4BF4805B18F4801F7F
S21402376818BF4BF4003B18F4001F18BF4BF0020BAF
S21402377818F4003F18BF4BF4801B18F4800F18BFCC
S21402378844F0100418F4002F19D0314AD2F8C82E83
S21402379812F0C00F13D02949CA68C2F30362032A7B
S2140237A801D0072A05D14A6CD00602D48A6C1107C2
S2140237B832D54FF400212C4A28F40028D161002E75
S2140237C800F01881320540F18A802848DFF8849094
S2140237D8C2782749002A51D04FF40063013AD2B280
S2140237E84B66C27032B9234A1278C2B140F601411A
S2140237F8214A5167002200216EE04BF4803B1BE70A
S2140238084BF4006B18E74BF4806B15E74BF4807BA0
S21402381812E74BF0080B0FE74BF4001BCFE7D9F87B
S214023828782012F4A05F15BF4FF4807240F601426A
S214023838C9F85820C9F87820DCE700BF000002B8AB
S214023848004000B84E6200204D6200205062002000
S214023858003000B000C001B8000001014F6200202D
S21402386800140020088D0100002002B83F620020E4
S21402387800E001B84B62002000D001B80320FDF733
S2140238889DFCD9F81420A34B12F0060F04BF41F68C
S2140238981F72A149A14808BF4A674FF400619E4AB1
S2140238A85166D9F8142012F0060208BFC9F8782023
S2140238B8B3F88E2012F400615DD022F40062A3F8F9
S2140238C88E20027802F0FF09002A58D1FDF724FF5D
S2140238D8FFF7AAFB4A4620214BEA020B0C43B30029
S2140238E809D52E20FDF7B8FB4FF000518A4A44F05E
S2140238F8080411675166F00606D52B20FDF7ACFBC7
S2140239081021854A1167516616F0306F05D1F10409
S2140239185DD5BAF1000F00F0A780320111D5292033
S214023928FDF79AFBFFF7ACFA48B17D4A7D487A491B
S2140239384A66026700F54050C068430422D444F041
S214023948040416F0007A28D00420FDF737FC272056
S214023958FDF782FBFFF768FB4FF000716E4A51666F
S214023968714AD2F8F01E490678D4704A022191604C
S21402397844F0020428E002784FF40052ACE74FF411
S214023988004238E70A6720204A66FDF765FB2D20C5
S21402399844F00C04FDF760FBD3E716F0807FDFF8EF
S2140239A8909146D00420FDF709FC2820FDF754FB29
S2140239B8D9F87820002A39D1FFF736FB564A5849F3
S2140239C844F00104116751660021594A9165320490
S2140239D805D5584A126890474BEA000B0C43730504
S2140239E808D555498A78002A00F08E80013A8A70EE
S2140239F8002217433A4658462146FFF74FF8019BDE
S214023A080BB1FCF71DFF01224C4B05F00435C3F839
S214023A1814514B4B18F4002FC3F884211EBF4FF4E1
S214023A280022424BDA6105B0BDE8F08FC9F878A0EB
S214023A38C4E7F004C8D50420FDF7C0FB414AC9F81C
S214023A487420FDF769FED9F8642012F0407FBBD1D6
S214023A582A20FDF701FBFFF7E7FA81E7D2F8C82E1E
S214023A68930685D4384A81E733490A7952B1013A2E
S214023A78D2B20A7112B92B4A3449516700224BEA6C
S214023A88020BA4E70420FDF799FB0320FDF796FB3B
S214023A98274A2C49516718F0C4FE81460DF10F00DB
S214023AA8FEF706F92A4A824612780AB1FEF774FF2A
S214023AB8BAF1030F0ED1DFF8A0A00020FEF7F8F83F
S214023AC8032807D1DAF82820D007F6D4DAF84420F3
S214023AD8D103F2D49DF80F20032A06D101211D4AEC
S214023AE84846117018F098FEC8E74FF03A42D2F8E6
S214023AF8142112F4A02FF1D1FEF7E8FF484618F079
S214023B088BFE4FF48042BAE70220FDF757FB0122EC
S214023B186FE700BF003E00B000E001B84B6200202D
S214023B281000002000D001B8003000B0002002B813
S214023B3800C001B8106900203F620020002000BAC9
S214023B4800E100E000000101001002B80000010DCB
S214023B58516200204D620020000002B80122024B8A
S214023B681A62DA61704700BF002002B8094A08B52F
S214023B78D369116A0B40084923F47F00DB07C86142
S214023B8806D5D1684FF0FF30C1F3036114F008FC84
S214023B9808BD00BF000002B8002002B80C4A08B5EB
S214023BA8536C926C13400B4A5364DB070FD50A4BCF
S214023BB840F663421878122100F0010000F02EFB4E
S214023BC8BDE80840002201200021FEF767BF08BDB5
S214023BD800C000B800E000B80014002070B5174D09
S214023BE82C6C6B6C1C40164B24F00202E1071A641C
S214023BF805D540F6CA420020296800F00FFBA20746
S214023C081AD502220E4B1A646B68DBB2A3B9FDF70B
S214023C181DFD04460D460B4ED6F8F433DB060BD5CF
S214023C28FDF714FD02460B4620462946FDF7B4FA70
S214023C38652871F10001EFD370BD00BF008002B89D
S214023C4800A002B8000002B838B50B4C0B4DD4F8E9
S214023C588430DB0706D4A36FD4F884201340084ABE
S214023C68936738BDD5F804311A06F0D5FFF7B6FFC4
S214023C788023C5F88431EAE7008001B800E100E055
S214023C8800A001B870B514460D4618F0CAFD064BDA
S214023C98D3F8C86E74402C407440C3F8C84E18F067
S214023CA8BBFD06EA050070BD003000B0034BD3F832
S214023CB8C83E99430CBF012000207047003000B070
S214023CC82DE9F04117460A43012A1D469DF8184079
S214023CD89DF81C60DDF8208029D8B44227D2082E29
S214023CE825D8032B23D8B8F1000F20D00A46002186
S214023CF8FBF7DAFEFF21EB009940C943DFF834C030
S214023D0808F1FF38FF00E2B2964202D80020BDE86A
S214023D18F0813D190CEB8505D5F8F82018F8010F47
S214023D280A4098401043C5F8F8000134EBE7212012
S214023D38EDE700BF003E00B01E4BD3F8C83E13F0B6
S214023D4801001ED01C4B93F84C001C4A40F08073AE
S214023D58C2F8CC304FF480131949C1F8B430A1F533
S214023D688051C1F8B830D2F80C31DBB2FF2B1FD025
S214023D78984294BF0020012040F61F623C2100F0C2
S214023D884DBA1A06E1D40F4A92F84B1121B1DB0656
S214023D9802D592F84801D8E74FF480120020084B63
S214023DA80649C3F8B820C1F8CC00C3F8B420704757
S214023DB80120E1E7003000B0003F00B0004000B844
S214023DC8006000B8003E00B0034B1868034B00289A
S214023DD808BF1846704700BF1455002090CE04004E
S214023DE82DE9F843DFF860900646D9F800800846C1
S214023DF81746B8F1000F03D00E242046BDE8F88314
S214023E0806B3336801331DD1E1B100F073F80546F5
S214023E180028F1D0C9F8000000F092F8284614F0FD
S214023E2818FB044640B14046C9F8008000F088F8FE
S214023E38284614F009FBE0E73560002FDDD0284657
S214023E48B847DAE72124D8E718550020024B186845
S214023E58003818BF0120704718550020002108B501
S214023E68024B08465B689847002008BDFC6800209D
S214023E78431E033306D8044B984228BF18466428C4
S214023E8838BF6420704700BF40420F0038B5054669
S214023E980C4641B10B6833B11B68013303D0CB68BB
S214023EA80BB18B684BB914F0B7F900204FF4C17206
S214023EB8412100F0B3F9212038BD0846FCF7A4FDDD
S214023EC800230A4A85F83031C5E93743C2E9003388
S214023ED863694BB1064A422110684FF4D272C31A7C
S214023EE85842584100F09AF90020E5E7206500207C
S214023EF8A4540020F8B5044618F093FC002607469A
S214023F080E4B1B6893B19E68AEB196F82420D20772
S214023F1811D435460FCC0FC50FCC0FC523682B60BE
S214023F2896F8243043F0010386F82430384618F011
S214023F3873FC3046F8BD1B68E4E700BF386900200A
S214023F4810B5044618B9054B054A136010BDFAF7B2
S214023F5827FED4F8E830002BF6D1F4E739840300BC
S214023F6834690020014B1868704700BF206500209E
S214023F7808B502460868FFF77BFF08604868FFF73F
S214023F8877FF48608868FFF773FF8860C868FFF79E
S214023F986FFF0B69C860581C03D00B48834228BFC2
S214023FA803460B614B69581C03D00748834228BF57
S214023FB8034688694B61FFF75BFFBDE808408861E6
S214023FC81046FBF797BD00BF40420F00D0F8E0301E
S214023FD82DE9F04105460C4613B1838D8B424CD031
S214023FE8D5F8DC30002B4BD09E68002E48D0D86817
S214023FF8002845D0013800B200281ADB002106E066
S214024008128A591CA24217D209B2884211DB0B182F
S21402401803EBD3735B1003EBC30206EB8202B2F820
S2140240280EC003F1FF3EA445EAD90FFA8EF0884285
S214024038EDDA2120BDE8F0814FF6FF7299B291427F
S214024048F7D09BB203EBC30306EB83062846B6F902
S214024058122095F82411D5F8F080E9F7E1F9074619
S214024068B8F1000F04D00023324628461946C04746
S214024078AC85C5F8E06085F82D710020BDE8F081B2
S2140240880E20BDE8F08100BF2DE9F04782B0044655
S2140240980F461646FBF796FF00285ED1454D2B685D
S2140240A8D4F8DCA0D4F8E0800BB1534562D04FF0C8
S2140240B80009AF60FBF7D0FF0128074651D12B68ED
S2140240C8DAF80010D8F8002013B1186888425CD0D5
S2140240D8204613F0ADFFC5E900A8D4F8F0508DF8D5
S2140240E80760002D58D00022204611460DF107031E
S2140240F8A8472046FBF728F90546B9F1000F0FD066
S21402410876B9D4F888300BBB012F05D025B12A4BD7
S214024118002103205B689847284602B0BDE8F0876E
S214024128B5FA85F040F207523321400900F076F8D6
S21402413831462046FBF70EFB204B05461B684146D8
S21402414820469847D4F88830002BDDD000224FF45A
S21402415800732046FAF734FDD6E70023154D6B6048
S2140241689DE700210120FAF763FDFBF775FF01289A
S214024178FBD1A4E76B68002B99D0434597D1AB686F
S2140241889F4215D04FF0010993E7696811B1096893
S2140241989142A0D059689BE794F8281094F82D31DC
S2140241A83246994228BF19462046FBF71FF8A0E771
S2140241B80025B1E720650020FC680020346900204D
S2140241C8F8B50E46054618F02CFB31460746284633
S2140241D8FFF7FCFE044620B1384618F01DFB2046C1
S2140241E8F8BDFBF7D1FE224631462846FFF74CFFBC
S2140241F80446384618F010FB2046F8BD38B5044D7C
S214024208044C054B286021601A6018F005F838BD82
S2140242181C5500203C6900202055002010B550B9D6
S2140242280548064B0160064802601868054B186088
S2140242381868FFF7E3FF10BD3C69002018550020F8
S214024248205500201C55002010B518F0EAFA084B35
S21402425804461B683BB1984728B1002200204FF459
S2140242688061FEF71BFC2046BDE8104018F0D4BA61
S214024278245500200023F0B585B0CDE90133039319
S214024288124B134D1B78134E8DF8043018F0D6FADD
S2140242982A78337804469A420F4F0CD03178386819
S2140242A801AA297014F0B1F850B140F608210B485B
S2140242B818F04BFB04E0386814F087F80128EDD0B4
S2140242C8204618F0B6FA05B0F0BD00BFF96B00201C
S2140242D8276C0020286C002040550020846B0400C0
S2140242E8F8B52B4B1B7823B140F6FC31294818F059
S2140242F82CFB18F0A3FA284B07461C8814F0060471
S21402430809D001214FF4807017F0F2FA3846BDE85A
S214024318F84018F08EBA21464FF4807017F0E8FA83
S214024328204600F09DFF022808D180221B4B8021E0
S214024338186813F006FCFFF79DFFE7E7204600F033
S2140243488FFF054638B1012807D040F6314111489B
S21402435818F0FBFADAE70246E8E7FF220F4E104BA0
S21402436830681A70FFF77AFD306814F02EF80128C4
S214024378CCD02A462946306814F029F821462C2043
S21402438817F0E2FA21460A2017F0DEFABEE700BF67
S21402439857620020846B0400265B002040550020EC
S2140243A8276C00200021014818F0E8B89069002020
S2140243B87F2837B5044610D14FF6FF7302221748F6
S2140243C80DF10601ADF80630EAF74CFFBDF80640D7
S2140243D8E2054CBF6FF04A0464B218F02FFA104B8D
S2140243E805461C700F4B1B88DB0710D50E4B1B7837
S2140243F8002B0E4B0CBF21466FF07F01186813F096
S214024408CEFB20B140F67861094818F09EFA284695
S21402441803B0BDE8304018F00CBA00BF641002C002
S2140244281F6C0020265B00205862002040550020A2
S214024438846B040010B50FF08BF960B10FF08AF99F
S2140244480B4A80B141F20D03BDE8104041F20D015E
S214024458074817F09FBB074B1A781B799A4204D174
S21402446800220023F0E70D23EEE7034AF9E700BF30
S214024478400D0300F96B0020488D0100F8B5164E72
S2140244880D46337802F0010423B140F2C5311348D1
S21402449818F05BFA124B134F1D60134DA4B1134B61
S2140244A8997801B10121202017F022FA2B783B7067
S2140244B80F4B1C780F4B00211C70042333700E48D8
S2140244C8BDE8F84018F05AB82146202017F010FA2E
S2140244D82B783B70EEE700BF57620020846B04001F
S2140244E83055002054620020296C002034550020E4
S2140244F85562002056620020906900202DE9F84394
S21402450818F09CF9DFF8A0810546B8F80030614C2F
S21402451813F4807F03D0237873BBFFF7E1FE0021F4
S214024528084617F011FA5C4B1A78FF2A13D01A7845
S21402453802F0FF0632BBFF221A702378052B0AD137
S21402454800232846237018F074F9304614F0C6F88B
S21402455818F074F905462378504E062B09D133789D
S214024568FF2B06D03378022B15D100214C4818F0C1
S21402457805F8FF2333702BE000214FF4807017F004
S214024588B7F9CCE71A78012A4FF0FF0214BF332690
S2140245984C261A70D4E7337813B13378012B22D11C
S2140245A817F046FA07463E4896F8009001F0CEFB0A
S2140245B8FF235FFA89F9337077B1B9F1010F44D155
S2140245C86421374884F8009017F0D8FFFFF752FEA8
S2140245D8284618F02EF906E02846277018F029F91A
S2140245E8384614F07BF8B8F800301B0605D50021CB
S2140245F8802017F07DF912F067FA01F0E3FA294EE7
S214024608308000B32778012F42D117F0CBFE05463B
S21402461810B3013018F077FA00F44060B0F5006F76
S2140246281AD104223946284617F0FCFD284418F009
S2140246386AFA4FF6FF7398420ED10020318800F0CE
S214024648F1FC00233380BDE8F88300232846237054
S21402465818F0EFF83F20C4E7114801F077FB002175
S21402466808462170012500F08FFC23780BB9FFF766
S21402467837FE0020318800F0D5FC00233380002D59
S214024688E1D020780028DED1BDE8F84314F05EB900
S2140246980025EAE757620020266C0020256C0020D9
S2140246A890690020245B0020265B002008B513468C
S2140246B80A461946064B186813F0FEFA30B1BDE8EA
S2140246C8084040F2F441034818F03FB908BD00BF5D
S2140246D840550020846B040008B513460A4619465E
S2140246E8064B186813F0E2FA30B1BDE8084040F20B
S2140246F8FB41034818F029B908BD00BF4055002001
S214024708846B0400024B1878431E5842584170477F
S2140247185762002008B5064B1B7823B140F2255194
S214024728044818F012F9FFF7DBFD002008BD00BFA9
S21402473857620020846B040008B5054B01EB810123
S2140247481868490013F02DFA002818BF212008BD62
S2140247584055002008B5044B1868F9F7B1FE0A233D
S21402476890FBF3F040B208BD40550020014B187884
S214024778704700BF286C002008B5044B186813F071
S214024788C4FEB0FA80F0400908BD00BF40550020BC
S21402479838B5124D0C462B78012B04D940F24651F7
S2140247A80F4818F0D2F821460020FFF7E5FF90B12F
S2140247B80C4B1C702B785BB9FFF792FD0A4B93F9EA
S2140247C800100A4BC901186813F008FF002038BD0C
S2140247D8FFF750FDF2E72120F9E700BF57620020F5
S2140247E8846B0400286C0020596200204055002083
S2140247F808B5074B186813F086FE30B1054BB3FBB5
S214024808F0F083B20BB1184608BD0120FCE700BFE2
S2140248184055002040420F002DE9F3475C4E012028
S21402482818F090F83388990704D440F63F4159485F
S21402483818F08BF8DFF8808198F80030053B012BDA
S21402484804D940F64141534818F07FF8524F3B6866
S21402485823B940F644414F4818F077F8348814F0E4
S214024868200478D00121222017F06EF84FF47A74CB
S214024878FFF7BEFF3B681B780933434304EBC304C8
S21402488898F80030A5B2062B0BD117F099FC04460F
S214024898FFF7AEFF602358430C2303FB04002844AB
S2140248A885B2D7F800903D4B99F800801C7808F13D
S2140248B8FF381FFA88F8002C52D133885A0505D4D7
S2140248C809F1010018F01FF9C0F340143449354ABB
S2140248D8887812784B7812FB00F2334F93423B707B
S2140248E8A4BF9B1A3B703B78CA78BD60934238BF18
S2140248F813463B700EF034FF002833D00EF02EFF1E
S214024908012814BF1025082525430023DFF8ACA08C
S2140249180093802243464946DAF8000013F073F9FA
S21402492820B14FF43B611B4818F00FF81F4BDAF81A
S214024938000019781E4B197033889B0614D52A4630
S2140249481C4B009713F05FFDC0B9002002B0BDE80B
S214024958F04717F0F7BF2146222016F0F5FF87E743
S2140249680024B3E72546D0E72A460F4B13F049FD45
S214024978014618B9252016F0E7FFE6E72146262065
S21402498816F0E2FF40F6F431024817F0DEFFDCE7E5
S214024998265B0020846B0400305500205A620020F3
S2140249A8F96B00205462002040690020286C002021
S2140249B8276C0020345500205762002040550020FE
S2140249C8184B10B51B889B0704D440F6A6611648F8
S2140249D817F0BBFF154B1B78053B012B04D940F695
S2140249E8A761114817F0B1FF114B1B6823B940F6AF
S2140249F8A9610D4817F0A9FF00240E4B0E49212085
S214024A081C7016F0A1FF014618B9BDE81040FFF762
S214024A1803BF022804D12046BDE8104017F02AB882
S214024A2810BD00BF265B0020846B0400576200207E
S214024A383055002052620020E14B0200F8B55A4C6D
S214024A4823889A0704D54FF43E71584817F07DFF1D
S214024A58574801F07BF917F0F1FE238805465B07F5
S214024A680DD54FF0FF3013F015F9524B1B68C01ADC
S214024A78B0F5717F03D90021042016F039FF2846C5
S214024A884D4D17F0D6FE2B78042B32D117F0D6FEF2
S214024A98238806465F0708D54548002117F06EFDAD
S214024AA83046BDE8F84017F0C4BE17F0C2FE17F04D
S214024AB8C5FE424B06461B78414F13B92388590553
S214024AC80FD50523012102202B7016F011FFFFF7E0
S214024AD877FF304617F0ADFE3B68DA78394B1A7026
S214024AE8F8BD3868013018F00EF88206E9D50623B4
S214024AF8E8E7062B4DD1344B1B78FF2BF0D1334E0B
S214024B080EF030FE3378002B3DD017F097FE238840
S214024B1805465B0705D52648002117F02FFD2846CF
S214024B28BFE717F086FE3378013B337017F086FE30
S214024B3804460121022016F0DBFEFFF741FF20465D
S214024B481F4C17F076FE2068013017F0DCFF00F4E1
S214024B584060B0F5006F13D1246801210422204674
S214024B6817F060FB204417F0CEFF0146184B0420CE
S214024B781A783378D21AD2B2BDE8F84017F08CBF4A
S214024B884FF6FF71F2E740202B70BDE8F84013F0AD
S214024B98A5BD012BA4D100232B700E4B1868FFF776
S214024BA85DF93F20F1E700BF265B0020846B040016
S214024BB8906900202C550020576200205A62002077
S214024BC83055002053620020256C002054620020D5
S214024BD8296C00204055002008B50A4B1A7882B97D
S214024BE8012210281A7004D040F69D61064817F074
S214024BF8ACFE0021202016F07BFEBDE80840FFF739
S214024C080BBE08BD52620020846B040008B5094B2F
S214024C181B88DB0604D440F2C351074817F095FEFA
S214024C281020002116F064FE044B1868BDE8084000
S214024C3813F0E0BB265B0020846B0400405500207E
S214024C48012208B5074B1146186813F0C0FB00216D
S214024C582C2016F079FEBDE8084000210A2016F03E
S214024C6873BE00BF40550020014B4008185C7047D1
S214024C78216C002008B513460A461946064B1868E2
S214024C8813F020F830B1BDE8084040F6E941034881
S214024C9817F05BBE08BD00BF40550020846B0400B9
S214024CA808B5044B186813F090FB013818BF0120AA
S214024CB808BD00BF4055002070B5054617F0BEFD7A
S214024CC80E4B0F4E1B880446DA07357008D50D4B77
S214024CD80D4D1B78012B08D90121286813F0F7FC23
S214024CE82046BDE8704017F0A4BD1BB10EF02EFD9D
S214024CF8C305F1D4317881F00101EEE7265B002086
S214024D08206C002058620020405500200C4B10B53D
S214024D181B880446DB0711D5FFF78CFB094B84F08A
S214024D28010208211868D20012F00BFF30B1BDE864
S214024D38104040F63671044817F007BE10BD00BF93
S214024D48265B002040550020846B040008B5044BFF
S214024D580146186812F0C1FF003818BF012008BDC6
S214024D684055002010B50A4C23787BB1FFF768FF40
S214024D780021042016F0BCFD0021022016F0B8FD22
S214024D8800232370BDE81040FFF7AABA10BD00BF83
S214024D985762002038B5094800F0E8FC0024084DA0
S214024DA895F84430E0B2834200D838BD05EBC0001F
S214024DB8043000F0DBFC0134F2E700BFE4550020C3
S214024DC84455002008B5104602494822F9F7BEF8AD
S214024DD8002008BD9C55002008B5054817F029FF95
S214024DE8014620B9BDE80840014817F0C7BB08BD10
S214024DF8B0690020002238B51C4B15461C461A70AE
S214024E080132082A5D609D8043F8085FF8D148227F
S214024E1800211748F8F70AFF4FF6FE73A4F8683021
S214024E286FF48033E365134B00211A88124B186817
S214024E38F8F7FCFE114BC4E91255C4E9283584F884
S214024E48445084F85050656584F8A850E9F754FD34
S214024E58FF220B4B012118700A4B00201A70E1F74B
S214024E6833FE0020FFF7B8FF002038BD4455002067
S214024E789C5500209C6B0020686800200000FFFFFD
S214024E885B620020A162002010B5AC24084B04FB2C
S214024E980030836C53B990F850403CB931B1C0E940
S214024EA812122046FFF798FF204610BD2120FCE785
S214024EB844550020AC2370B503FB00F5094E731960
S214024EC893F850405CB920460BF022FF735D2046EB
S214024ED843F002037355FFF77FFF204670BD01209B
S214024EE8FCE700BF44550020AC235843024A135C33
S214024EF823F00303135470474455002070B5164632
S214024F081F4A04461278C2BBAC211E4D01FB005153
S214024F188A6C92BB91F850203AB1022B2DD191F8A7
S214024F284410072907D91C2026E091F844100729BF
S214024F38F9D8012B08D0AC2000FB0450CA00011D8A
S214024F480C30F8F7C5FE0021AC2303FB04F000245E
S214024F589DF8143000EBC1012944CB71049B8E8066
S214024F688B602B1893F84420204601328C7183F804
S214024F784420FFF731FF204670BD0120FCE700BF42
S214024F885A62002044550020F8B5234B04461B7885
S214024F980F46002B3ED1AC23204D03FB0053B3F83B
S214024FA8A03023B940F245311D4817F0CEFCAC229A
S214024FB802FB0452D2F8A46036B192F8A3303946FE
S214024FC80020B2F8A020B047AC2300216343EA18B9
S214024FD8A2F8A010C2F8A410482192F8A82001FB53
S214024FE802322A44D2F89820964213D0EB5C9B07EA
S214024FF80CD5AC226243AB5C204623F0020343F096
S2140250080103AB54BDE8F840FFF7E6BE0BF0A2FE7C
S2140250180028EED1F8BD00BF5A6200204455002091
S214025028DB6B04002DE9F04F89B0059008460D4663
S21402503817F0B8F9044618B9212009B0BDE8F08F70
S214025048284617F0CBF9C0B20838215C221892F825
S21402505802A00491D1785268277803920022B4F805
S2140250680130ADF81E20434A029192F800B0BBF117
S214025078000F08D0404B1B681BB120464FFA8AF235
S21402508898470020D9E703F00703022B70D00134B3
S21402509809225946204617F0C5F8023F3F1A3B0632
S2140250A806465FFA87F8C7D4344FD7F89090B9F116
S2140250B8000F27D100210DF11E0B43462246084653
S2140250C8CDF800B00BF05CFDC3B20546002B4BD101
S2140250D8BDF81E0013F046FBE0B9BDF81E0013F03B
S2140250E82AFC8146BDF81E0013F03CFBF0B906EB1D
S2140250F8080201232146584692B200F07BFDD0B141
S21402510819209AE75B465A4601212846C8470028CE
S214025118D0D191E7D7F89430BDF81E00002BDCD02A
S214025128A11998470028D8D1022086E74246484661
S214025138A119F8F70BFFBDF81E0017F033F9029B0A
S214025148059A0372049B80F809A08372039B1BBA14
S214025158C360AC2303FB027393F85020BDF81E000D
S21402516822B1DB6C03B19847E8B266E7BB6FF9E792
S214025178012062E75A620020285500204455002084
S2140251882DE9F84308460F46164602F1010913F0C0
S214025198D7FB8046384613F0DEFA042856D138463E
S2140251A813F0FDFA48F661054FF6FF7248F641031A
S2140251B8294C904208BF1D46B4F85C10301D17F003
S2140251C8A4FC384613F0EBFA0146B01D17F09DFC16
S2140251D8B4F85E1006F1080017F097FC06F10A0408
S2140251E8384615F070F810B145F01005ADB22946EC
S2140251F8484617F08AFC384613F09DFB424601469D
S2140252082046F8F7A3FE3846012117F003F944446E
S214025218074660B117F0E2F80546384617F0C2F8B6
S214025228EDB201462A462046F8F790FE2C440B4A71
S214025238A41B13780134591C1170F370347030466D
S214025248BDE8F8430922012116F0ECBF484617F0DC
S2140252585AFC4C460546C3E7445500205B620020CC
S214025268AC2210B548245043094B1A1892F8A810D5
S21402527804FB0100034493F87700022806D092F84C
S21402528850301BB9032818BF012010BD0020FCE7C8
S2140252984455002070B508B1012070BD234C94F81F
S2140252A8A850002DF8D12946B4F85C20FFF714FA66
S2140252B829462846B4F85E20FFF7F8F92946284614
S2140252C804F16002FFF7D6FC94F87730002BE3D09F
S2140252D8284694F85860FFF749FA864215D1002006
S2140252E894F95A50FFF736FA854216D10020FFF78E
S2140252F8B7FF0446002016F04BFF0028CDD0214603
S214025308BDE870400020FFF705BA284694F8581002
S214025318FFF73EFA0028E2D0BFE7002094F95A10B9
S214025328FFF70AFA0028E1D0B7E700BF4455002085
S2140253380346AC2010B51446164A00FB032292F820
S214025348770002280CD1E07F022809D141B1124920
S2140253580978012913D992F85810227891420ED169
S21402536818462178FFF708FA90B1482221460B48DA
S214025378F8F7ECFD002016F00BFF08B9002010BD68
S214025388044B93F8A8000028F8D1FFF783FFF5E747
S2140253982120F4E744550020956100209C55002002
S2140253A838B5AC230D4C054603FB004300205A6D66
S2140253B8D86483F8500012B15865FFF727FCF5F752
S2140253C8D5FBFF281EBFAC2303FB054484F8A800C0
S2140253D80020FFF75FFF002038BD00BF44550020BD
S2140253E87FB51D4C94F8A83023B1002084F8A80095
S2140253F8FFF750FF94F85A30B4F8A0608DF80F30D3
S21402540826B940F2FD21154817F09FFA144B31468B
S2140254181D6800202A46FFF7B3FEE46F02469CB1D9
S2140254280DF10F0301930023294630460093A04747
S21402543802462C7854B920462146FFF7A5FD204699
S214025448FFF7CAFC04B070BD0122F2E72946002025
S214025458FFF714F8F6E700BF44550020DB6B04009C
S2140254686868002038B5494B1C78002C58D1484843
S21402547800F06CFC204616F08BFE002850D0454CF7
S2140254882378D90733D594F850201AB123F00303AA
S214025498237045E023F0010323700BF043FC2378C6
S2140254A805469A0701D50BF033FC294600200BF077
S2140254B849FA40B92378284643F001032370BDE829
S2140254C838400BF025BC0023482284F8A33094F811
S2140254D8A83084F8A25002FB0343D3F89830A4F805
S2140254E8A000C4F8A430BDE83840FFF779BF94F8A6
S2140254F84400B0B104F1A003251D95E8030083E833
S2140255080300FFF76DFF94F844202846D20004F102
S2140255180C01F8F7DDFB94F84430013B84F844307C
S21402552838BDA26C62B99B0711D52378002023F0F8
S214025538020343F001032370BDE83840FFF74CBC72
S2140255480123A06484F85030904723789EE70BF036
S21402555801FC0028E9D194F8A83073B1F5F706FBE8
S21402556894F85030002BDBD1FF2818BF84F8A80027
S214025578BDE838400020FFF78DBED4F88C30002BEB
S214025588ECD098470028CBD1E8E700BF5A62002043
S214025598B06900204455002070B50446002016F075
S2140255A8F7FDAC235C430B4E351995F850300BB11A
S2140255B8002070BD0028FBD0074817F03AFB0028E9
S2140255C8F6D1335D002BF3D195F84400B0FA80F09B
S2140255D84009EEE744550020B069002010B5084A95
S2140255E8034613F0BBF914684FF6FF7203EB400349
S2140255F89C42184603D9018802339142F8D010BD5E
S214025608005600202DE9F047204F05463B88A3B3F5
S214025618B0F90230002B30DBDFF87C801C49D8F862
S2140256280000F8F759FD20B94FF4EA71194817F047
S2140256388CF90026DFF85CA0DFF860903A88B3B2EF
S2140256489A4204D84FF4EB71504617F07EF9D9F80F
S2140256580030B2B253F83200D8F8001003EBC20496
S21402566868B943F83210A38828460133A38013F09A
S21402567875F9E38803EB4003E380BDE8F087F8F7A3
S2140256882BFD01360028D9D1EDE700BF285B0020A4
S214025698A86B0400B26B0400D0690020F455002001
S2140256A838B5094C094D22682B689A4204D94FF43A
S2140256B88771074817F049F928682368C01A20F046
S2140256C8010080B238BD00BF0056002008560020F0
S2140256D8B26B040038B5124C124D21462846F5F72F
S2140256E8F3F823680BB12B681BB9DE210E4817F0B6
S2140256F82CF92A680D4B0E491A60236823F0010319
S21402570813440B600B4B1A602AB9BDE83840F821DF
S214025718054817F01AB9FFF7C3FF6428F5D938BD4C
S214025728F8550020FC550020B26B040004560020F1
S214025738085600200056002038B5094C094D226844
S2140257482B689A4204D34FF48A71074817F0FDF87B
S21402575828682368C01A20F0010080B238BD00BF4E
S2140257680456002008560020B26B04002DE9F041CA
S2140257781D4B04461B78012B24D1008816F0F4FD35
S2140257880546D8B10426DFF864802C4617F056F88A
S21402579807462046FFF736FF638843EA0803638016
S2140257A8A05B16F0E1FD0446384617F042F81CB135
S2140257B8B4F90230002BE9DA062E01D1BDE8F081F1
S2140257C80626E2E7022BF9D117F038F802462088B7
S2140257D816F0CAFD18B10388C3F30E0323801046D9
S2140257E8BDE8F04117F025B85C6200200080FFFF94
S2140257F82DE9F04F0024BA4B97B006461C8017F0E6
S2140258081DF80123DFF8EC82B64F3B70B8F800307B
S214025818A8F80040ADF81630B34B1B68019317F092
S21402582808F8B24B21461A88B14BD2001868F8F726
S214025838FDF90DF11600FFF799FF002E3CD1DFF8AF
S214025848B8924FF0000B0125D9F80040019B9C4204
S21402585839D3BBF1000F39D1002DF2D0D9F8004068
S214025868DFF898A225462246019B9A4273D3022362
S2140258780DF116003B70FFF779FF002E40F08F807F
S214025888D9F800603246AA4280F0A280908816F0C4
S2140258986BFD18B10388C3F30E039380D08816F005
S2140258A863FD18B10388C3F30E03D3801046FFF7CF
S2140258B895FE0246E7E79847E3B256F823300134E6
S2140258C8002BF8D1BBE7BBF1000F3ED00BF1FF333C
S2140258D85FFA83FB16AB03EB8B0252F8402CB2F945
S2140258E8020051880028B1DA4B04AFD4924641F43C
S2140258F88040931D2AF8020F02933AF8020F16F018
S21402590833FDF0B1B0F902E0B0F802C0BEF1000F04
S21402591817DB6FEA4C4C6FEA5C4CA0F802C00390A7
S214025928FFF770FEBBF10F0F8FBF002516AB039A69
S21402593803EB8B009EBF0BF1010340F8402C5FFA85
S21402594883FB029B9A45D8D180E72046FFF746FE9E
S21402595822460446C3E7104613F000F88346B2F917
S2140259680200118800280AEA010108DA204616F021
S214025978F1FC084381B204EB4B0402EB4B051046DC
S2140259881180FFF72BFE02466EE798475FFA8AF306
S21402599856F823300AF1010A002BF6D170E74FF0C9
S2140259A8000AF3E73046FFF719FE82467EB1B6F9DB
S2140259B802307188002B0ADA3088C0F30E0016F01F
S2140259C8D3FC864203462DD1C1F30D01718056469B
S2140259D8AE42E7D3DFF81CA116F030FF00210646D8
S2140259E8504613F00CF816F0BFFC0546002800F0E7
S2140259F88780304616F01DFF284612F0AFFF06468F
S214025A08204616F0A7FC81467600324629462046EE
S214025A18F8F75EF9002249460DF1160017F0E1F88C
S214025A283444D9E71BD9304612F098FFC1F30D016A
S214025A38420071801846314692B2F8F749F9C6E72D
S214025A485046FFF7CBFDD146854203D9B0F902305E
S214025A58002B01DA824603E0FFF7C0FDF4E7B14601
S214025A68554507D9BAF80000C0F30E0016F07CFCBC
S214025A788245E5D3B9F1000F30D0B9F80000C0F37B
S214025A880E0016F071FC034638B93346CB469945E4
S214025A9813D8B1459BD0D946ECE7484612F05EFFCC
S214025AA8B9F802204946C2F30D02A9F802204200BC
S214025AB892B21846F8F70CF9E7E718460193FFF78B
S214025AC88DFD019B9B46854203D9B0F90230002B17
S214025AD801DA0346DBE7FFF781FDF4E7CB46DAE7B0
S214025AE82A5B00205C62002000560020285B00200B
S214025AF8F45500202C5B0020045600200080FFFF8F
S214025B08BDF816303870A8F80030044B30461C60D2
S214025B1816F08FFE17B0BDE8F08F00BF00560020C3
S214025B282DE9F041054616F01FFC0F460446D8B18B
S214025B3817F041F820B940F2FB41204816F005FF5D
S214025B48284616F04BFC05462046FFF747FDBD42A1
S214025B58064609D004D840F20351184816F0F5FE56
S214025B682588ED0B02D02781BDE8F08167802046A4
S214025B7812F0F4FE074604EB400816F05FFE104BE0
S214025B881A68B2420AD1C3F8008016F052FE2A46B4
S214025B984046BDE8F041FF21F8F748B8A6EB0806EC
S214025BA8B5B216F046FE072DF1D90023083D44F893
S214025BB81730C8F80430A8F80250D5E7B26B0400CC
S214025BC80056002038B516F039FE0021054604486E
S214025BD812F015FF0446284616F02BFE204638BD5E
S214025BE82C5B0020024B1888B0FA80F040097047F8
S214025BF82C5B00202DE9F74F044600881F4616F056
S214025C08B3FB88461546064616F0D5FF20B940F27D
S214025C18FE613F4816F099FE3388DB0B009306D0E8
S214025C2833892B443381002003B0BDE8F08F2088E7
S214025C3816F0D4FB82463046FFF7D0FC019016F0E9
S214025C48FDFDDFF8D0B0019BDBF8002081469A42C2
S214025C581DD1FFF725FDA84204D2484616F0E9FDF5
S214025C681A20E1E70AEB050373803FB1208816F095
S214025C7899FB2A4641465044F8F768F93046FFF73A
S214025C88ADFCCBF80000484616F0D3FDCBE716F07D
S214025C98D0FD208816F0A2FB2844009980B216F0A0
S214025CA8F5FB06460028DBD016F07CFB81462088EA
S214025CB816F078FB8246208816F090FB514602467C
S214025CC84846F8F743F93046AFB116F06BFB07467D
S214025CD8208816F083FB2A4641463844F8F736F9F8
S214025CE80121208816F096FB01210246304616F05E
S214025CF8A5FB268097E716F055FB8046208816F007
S214025D086DFB2A4639464044F7F790FFE8E700BF9E
S214025D18B26B0400005600203421014816F015BE66
S214025D28C66B0400036910B55BB18268064B9A42DB
S214025D3801D1002010BD446916F000FE201AF9D5DC
S214025D48F7E74FF0FF30F5E7215D020082681C4B4B
S214025D5870B59A420446056819D116F06FFD236994
S214025D6823B1A34206D100222A601A61BDE8704018
S214025D7816F05FBD1A4611461269A242FBD12A687E
S214025D88A24208BF29600B6100232361EEE703697C
S214025D9893B198426E6803D19D210A4816F0D5FD44
S214025DA82B46B44209D122699D4218BF1A614FF0A8
S214025DB8000308BF6A60236170BD33463669F0E7A0
S214025DC8215D0200C66B04002DE9F0470746002550
S214025DD84FF0010A154EDFF858808AB0347914B9A4
S214025DE80AB0BDE8F087D6F8009087B900972A4629
S214025DF8B8F80010234603A816F082FF2246484643
S214025E0803A9E9F75BFA2544EDB20836E6E7224627
S214025E1803A94846E9F726FACDF800A023462A46FB
S214025E28B8F8001003A816F06BFFECE7C8CE04001B
S214025E382E5B00200148FFF799BC00BF2E5B0020AE
S214025E489C46174BF7B5054608461988164611B1FB
S214025E58144B1C78CCB1014662463046BDB103B03D
S214025E68BDE8F040E9F7FEB91C44E4B208373B79CE
S214025E78002BF0D03A689642F6D185F00105224604
S214025E88009516F03DFF03B0F0BD074FEFE7E9F7C0
S214025E9815FAB0B203B0BDE8F04010F019BE00BF64
S214025EA82E5B00202A6C0020C8CE040010B5074CD2
S214025EB8238843B10020FFF787FF0020FF22044B08
S214025EC820801A7010BD0220FCE700BF2E5B00205F
S214025ED82A6C0020142810B518D8082805D110F006
S214025EE860FEC401E4B2204610BD0E2802D110F0AE
S214025EF85BFEF6E7064B53F82040002CF3D00A2840
S214025F082478F0D105F0A0FE0443EBE7FF24EAE785
S214025F1818CF0400014BB3F86800704744550020B8
S214025F2800487047AE550020014B1878704700BFEE
S214025F38D3610020014B1870704700BFD361002060
S214025F48194B022810B5187002D0043801281BD83D
S214025F58164B1B78042B03D00021154816F00EFBAF
S214025F68144B1B689A001BD513F0805F40F6114449
S214025F7818BF4FF44164204611F0ADF990B9204697
S214025F88BDE8104010F0A2BD0948FFF7DFFE0A4838
S214025F98FFF7DCFE162412F05EFF11F096F9EAE728
S214025FA81524E8E710BD00BFD7610020D86100209D
S214025FB8D46900208C480020F8470020024B187845
S214025FC800F00F00704700BFD7610020034B187817
S214025FD800F00F00831E584258417047D7610020D0
S214025FE808B512F023FFC0B112F039FFA8B10AF0C3
S214025FF8A7FF90B90A4812F0CBFC70B1094812F014
S214026008C7FC50B110F0D5FD38B111F066F920B9C9
S214026018BDE80840044812F06CBD002008BD00BF69
S214026028305B0020625B00200C56002030B5054627
S2140260380C4693B081B910B9002013B030BD1023B6
S214026048214A69460120FFF7FBFE9DF805305A1ED5
S214026058052A28D91720F0E7182200212046F7F744
S214026068E5FD002DEBD1FFF7B1FF30B310F06CFC65
S2140260786A4601460020FEF7A5FEBDF80430204613
S21402608823819DF80230A3729DF80030E37213F064
S2140260986CF8002304F11401237304F1100003F0D2
S2140260A8CBFDE081C8E7094A9DF8041012789142B0
S2140260B8D0D12B70002CD6D1BEE7054B1B78033BFC
S2140260C8022BD3D9C6E700BF64EE0100046C002099
S2140260D8D761002030B593B005460C46FFF776FF29
S2140260E820B90C4B1B78033B022B10D810F02CFC63
S2140260F86A4601462846FEF765FE00209DF80230ED
S214026108607023709DF80030A37013B030BD17205E
S214026118FBE700BFD7610020054B1878012805D099
S21402612800F0FD00A0F1310358425841704700BF05
S214026138D76100201FB50146002201A816F0EEFA24
S214026148064801A916F0AAFD20B116F02BF94089D7
S214026158C0F3400005B05DF804FB00BFAA6B002040
S21402616830B585B00D460022014601A816F0D6FACB
S214026178084801A916F092FD50B116F013F9044624
S214026188014608222846F7F7A3FD6089C0F34000B7
S21402619805B030BDAA6B0020F8B50546F8B1002157
S2140261A80F4816F018FD0446A8B10D4F204616F003
S2140261B8F9F8064616F09EFA830705D408222946F9
S2140261C83046F8F77FF838B12146384616F027FDEC
S2140261D804460028EAD10024201E18BF0120F8BD74
S2140261E8AA6B002010B50C460146064816F056FD66
S2140261F830B116F0D7F843891C4214BF012000209C
S21402620810BD00BFAA6B00201FB51446024601A89F
S21402621816F084FA074801A916F040FD40B134B1D9
S21402622816F0C0F8142201462046F7F751FD012061
S21402623804B010BDAA6B00201FB50146002201A8B3
S21402624816F06CFA094801A916F028FD58B116F09E
S214026258A9F84389024613F0020004D0507B80F066
S2140262680800C0F3C00005B05DF804FBAA6B002066
S214026278F7B59DF824400D4601949DF82040064641
S21402628800941F4614F00EF84FF6FF718842044633
S21402629810D0BB0711D4284600F056FF204616F049
S2140262A824FDFF281FBF084A32F8103023F4804323
S2140262B822F81030204603B0F0BD02462946304682
S2140262C812F0ADFCEAE700BF005B002073B50E468D
S2140262D80146144816F0E2FC0546D8B116F062F8F4
S2140262E843890446334012D09B0736B20BD5002E9C
S2140262F809DAA17B437B0289007B01910121009187
S2140263082146FFF7B5FF638923EA0603638162899C
S21402631812B1012002B070BD2946024812F08EFB67
S214026328F7E700BFAA6B00200148FFF71FBA00BFB5
S214026338AA6B002013B53E4C0DF019FED4F8FC31BA
S2140263481020C3F307430193FFF7C4FD000650D598
S2140263580020FFF7BFFD01064BD5019B802B3ED1DF
S214026368236A9A0704D440F61544204602B010BDA4
S214026378E3699B07F7D52F4812F064F8012012F05C
S214026388C8F90DF007FE04460028EED100F042F9DF
S214026398294812F088FB00F099F9E8F7ADF80DF0F5
S2140263A8E5FD08F003FF08F055FFF4F7D7FAF4F70F
S2140263B875FBF4F78FFB03F0DBFD10F0F4FB10F02F
S2140263C8F5FB10F08DFF1D4813F075FF06F08CFAEA
S2140263D810F049FF0028C8D010F047FFC5E7019B18
S2140263E8812BC0D1D4F80C315B00BCD5D4F80C3163
S2140263F8BFE71020FFF76EFD0006BCD40020FFF7AB
S21402640869FD0106B7D5019B802B05D1084B1A6A90
S214026418D207A8D5DB69ACE7019B812BA3D1044B35
S214026428D3F80C21002A9EDAD3F80C31A1E700BF74
S2140264380080E00F690345EC0C5600203D6102001F
S21402644810B512F005FD70B301F0E0FA80F0010411
S214026458E4B20020FEF724FC44EA800424B212F0D8
S214026468E5FC10BB02200443164816F0E2FB44EA99
S2140264784014154816F0DDFB24B244EA001413480B
S21402648816F0D7FB24B244EA8014114816F0D1FB62
S21402649824B244EA40240F4816F0CBFB24B244EA5E
S2140264A8C02080B210BD0124D3E70B4812F070FA60
S2140264B80028D7D0094812F06BFA80F00100C0B263
S2140264C84000D0E7146A0020F86A002090480020AE
S2140264D8786A0020D86A0020305B0020625B0020C1
S2140264E808B501F07FF8FEF709F8144812F050FADA
S2140264F808B904F025FF124812F04AFA08B906F05D
S214026508DDF902F095FF0F4812F0FFFA0E4B1B78E2
S214026518043B022B09D80D4816F08BFB28B1FFF76F
S2140265288FFF102801D107F0E1FC10F044FB12F0AF
S21402653885FBBDE808400648FFF75AB9305B0020DD
S214026548625B00200C560020D8610020F86A002002
S21402655890CF0400014B1868704700BF40550020D2
S2140265684FF6F77370B5984204460D4686B043D880
S21402657812F072FBA04207D1082220492846F7F7F4
S214026588A7FB002006B070BD1D4EB6F86830A342C1
S2140265980AD10022082106F16A0012F0EBFA18B9AD
S2140265A8082206F16A01E9E784B1002301221946A6
S2140265B82046009308F05CFDFF2811D129462046A4
S2140265C808F000FF80F00100C0B2DBE70D4B1B6845
S2140265D89B07EAD4284606F0FBFD0028E5D0D0E75C
S2140265E802A913F00AFD0028E8D1DDF80D302B6069
S2140265F8DDF811306B60C4E70120C3E75D62002056
S214026608445500208C480020014B1870704700BF84
S214026618046C002010B5054C082221460448E8F709
S21402662821FE204612F052FB10BD00BF5D6200201C
S21402663834B608C0004870475D620020082208B5D4
S2140266480349F7F73FFEB0FA80F0400908BD00BFDD
S2140266585D620020014B1870704700BFCB610020B6
S214026668F7B50D46044616461F460021284601F091
S21402667861FD0B4B002183F859402A4633462046D3
S21402668800970AF03FF9014630B10222204603B0CD
S214026698BDE8F04000F006B8012003B0F0BD00BF28
S2140266A84455002013B513460C461AB1022A0CBFED
S2140266B8134601230021044A019100922246FEF75E
S2140266C81DFC02B010BD00BF3B8F030000B50020C2
S2140266D893B0FEF78FFB1E4B188813F0EDFD1D4B8B
S2140266E81D491A7800200AF091F9342200216846DA
S2140266F8F7F79CFA0B238DF800306FF4803301937A
S2140267084FF6FE73ADF8103003238DF81D30134B89
S214026718134A0893134B10680993134B51680D9349
S214026728124B6A460E93124B0F93124B1093124B50
S214026738119302AB03C300210846FEF7F9FD6A4629
S21402674801210020FEF7F4FD13B05DF804FB00BF3C
S214026758966B0020136C00208C7B04007D6B020075
S2140267685D620020D78C030065980200256D020042
S21402677891A702003B8F030095940200014B1878FC
S214026788704700BF65620020014B1888704700BF3B
S214026798AE6B00202DE9F74F814610460E4690460E
S2140267A816F0B1F9DFF840B105469BF8003033B968
S2140267B84A4B1B681BB94A4B1B68002B7FD015F443
S2140267C8406A05F040071BD19FBBB5F5804F61D2E2
S2140267D84FF48074B9F1400F73D0B9F1800F63D0CB
S2140267E8B9F1100F6BD100239BF800003D4AD9B2CD
S2140267F8884264D932F8021B0133A142F7D166E017
S21402680808F1030016F07FF94FF6FF73984214BF9B
S2140268180124022487B1052705F44043B3F5004F47
S21402682844F0080425D0B5F5804F24D244F4807489
S21402683821E054460327EFE7B5F5804F4FF00507EA
S214026848F4D3BAF5406F14BF0220082038444044F7
S21402685816F059F9019012F01CFA019B05F440450E
S21402686898420CBF44F0080444F00404B5F5004FFF
S21402687801D144F08004BAF5006F0FD108EB070087
S21402688816F041F9054612F0E7F9A842A2D144F0FB
S21402689810049FE7544603270220D7E7BAF5406F4D
S2140268A808BF44F0200495E70C4B1B683BB1002256
S2140268B8D1B233F8110033F91110002903DA002097
S2140268C808E0074BF1E7A04202F10102F0D106B157
S2140268D83480012003B0BDE8F08F00BF1C560020AC
S2140268E820560020805B00209E620020034B1A7808
S2140268F8022A04BF09221A70704700BF6662002087
S2140269080C22034B1A211A700320002201F090BDB4
S214026918666200200C2208B5054B1A211A7000225E
S214026928104601F085FD0022024B1A6008BD00BF22
S21402693866620020285600200C2270B50D4B0546CC
S2140269481E781A7030B93046BDE8704000221A2107
S21402695801F06EBD084B1C78E1B21A29F3D825FA65
S21402696804F3DB0703D54422304601F061FD013407
S214026978F2E700BF666200202C6C00200C22024B55
S2140269881A7010F0A3BC00BF66620020F0B50C882F
S21402699805460E468BB0E4B94FF6FF77ADF824707D
S2140269A810F0A9FC10B902200BB0F0BDCDE90340E7
S2140269B8CDE90544134A0294B2F85C30603201937A
S2140269C800923B464CF60101FF2009AA13F08FFC01
S2140269D83080284612F086FA0B4C70B1237863B1E1
S2140269E8013BDBB22846237012F07CFA38B12078D5
S2140269F8B0FA80F04009C0B2D6E70523F2E70120D4
S214026A08F9E700BF445500202B6C0020034B1146C3
S214026A181B6803B1184710F019B800BF28560020A3
S214026A280C22024B1A7008F039BF00BF66620020BB
S214026A380148FEF79BBE00BF325B00207FB50546C5
S214026A480C46164615F0D8FE00286BD1062D03D83C
S214026A585223EB40DB071AD4B4F1006F05D3E30EDA
S214026A681C3B032B18D94F202EE000222F4B1A600E
S214026A782F4B1D7012F0A4F803460A2D54D8DFE8EF
S214026A8805F02D183E49182518535341360002F0D2
S214026A98A3F8B4F1006FE2D20022244B042D1A6048
S214026AA8234B1D70E6D1022001F0B6F912F088F8E1
S214026AB80346012202921F4A01921F4A00921F4A67
S214026AC8314620460AF078FA04B070BD31462046B0
S214026AD81B4A04B0BDE870400AF056BA3146204652
S214026AE8184B194A04B0BDE870400AF031BA0022C1
S214026AF80292164A0192104A0092154AE0E70222CA
S214026B080B4B1A7000221046124904B0BDE87040BA
S214026B18FEF7BAB9002202920F4A0192064A00927A
S214026B280E4ACDE74D20CFE70120CDE728560020B4
S214026B3866620020416902007D6B0200278F03000F
S214026B48296A02001D690200156A020085690200A8
S214026B5895690200F568020009690200E98E0300D9
S214026B6808B50AF059FA0C22014B00201A7008BD23
S214026B7866620020F0B585B0ADF8060018B9762131
S214026B88644815F0E2FEBDF8060011F0E4FD04467E
S214026B98BDF8060011F0DFFD082846D00C2CBDF81B
S214026BA8060042D111F0C7FE074615F0ACFF0DF1FC
S214026BB80F010646BDF806000FF0E6FF002879D05A
S214026BC809220021384615F02DFB9DF80F301033A8
S214026BD8C518BDF8060015F001FCEDB2854269D26B
S214026BE82946BDF806000AF025FB06F44C4416F4BE
S214026BF84066054614D0F81C15F085FF4FF6FF735D
S214026C08984208BF44F04004B6F5006F08D1781DD4
S214026C1815F079FF4FF6FF73984208BF44F0100448
S214026C289DF80F305BB3072D44D1BDF8060011F06E
S214026C3888FD0446BDF8060011F08DFD082817D019
S214026C48A30615D524F0200189B2BDF8060011F076
S214026C5863FDBDF8060011F06EFE0021092215F04C
S214026C68E1FA00F1100189B20DF1060013F068FC92
S214026C780022BDF80610284815F0B3FF1AE0082DC2
S214026C8816D8BDB1013D072D14D801A353F825F037
S214026C98F56C0200016D0200BD6C0200C16C0200B8
S214026CA8BD6C02000D6D0200336C0200136D02000B
S214026CB87C2D24D005B0F0BD24F48844A4B2B4F5E3
S214026CC8084FF7D1BDF8060011F040FDBDF80610D2
S214026CD813F0F7FA0028A8D0BDF8060011F08EFDCA
S214026CE800220146022015F0D7FEE3E724F480646A
S214026CF8A4B2B4F5484F97E7B4F54C4F94E7B4F509
S214026D084C4F92D04CF6500301E04CF640439C425E
S214026D188AE700BFD46B0400305B00202DE9F743F6
S214026D280F4690469946064615F03CFB0446304602
S214026D3815F054FBC5B2083D2C44E178094BA278FD
S214026D481970094B31461A70002043463A46CDF868
S214026D5800900DF097FD003818BF012003B0BDE87B
S214026D68F08300BF806200207F6200202DE9F04F8A
S214026D78DFF84081DFF8409198F8002099F8003053
S214026D8806469A4285B004D340F21911424815F0D5
S214026D98DCFD30460DF10F0115F0D8FC20B14FF49A
S214026DA88E713D4815F0D1FD98F800709DF80F4099
S214026DB83D1B15F0FF0530D04FF0FF3C374B012145
S214026DC81B78A140184699F800304FF6FF790CFA5E
S214026DD803FC0023324A01F1FF3E0193C1F1000A87
S214026DE89DF80430984243D8122004FB00002D4B2D
S214026DF8A0F1120105EBC5025200194404F101097B
S214026E081844F6F765FF4FEA89092748A9F10401ED
S214026E180144AA004844F6F75BFF224904EBC40281
S214026E2801EB420321F81260204A013712784FF626
S214026E38FF71DA731A745A7412025A801C4A0D20A9
S214026E4812781A7110225A7100229A73C3F8062011
S214026E58C3F80A20144B43F8242088F8007015F06B
S214026E681BFE0EB913F08CF8204605B0BDE8F08F6D
S214026E7813884B450AD053680AEA030B03EA0E0343
S214026E880B4403EB4B0343EA0C035360019B0832A3
S214026E9801330193A4E700BFE76B0400106C0020DF
S214026EA85C460020CC5A002058460020806200200B
S214026EB867620020D16100200E6C002010B5074CD6
S214026EC82046FEF743FF04F06BFB02F0DDFE204689
S214026ED8BDE810404FF47A5115F050BBD469002033
S214026EE82DE9F041074600250A4B0B4E93F8008021
S214026EF8ECB2A04503D8FF242046BDE8F08108225C
S214026F083846B11DF7F7DEF901350028F4D01236F7
S214026F18EEE700BFD1610020CC5A002007B50DF17C
S214026F28070115F013FC30B19DF80730034803EB50
S214026F38C30300EB430003B05DF804FBCC5A002001
S214026F482DE9F843294E044633785D1E2D1A8342EE
S214026F58EDB204D84FF4A171254815F0F6FC0123CA
S214026F68A3404FF0FF305F1E3B4400214FF6FF7EE2
S214026F786FEA03081F4A92F800C01F4A1278904028
S214026F881E4ACBB29C4523D8BDB127B204EBC40433
S214026F981B48640005EBC50204F1120101445200C5
S214026FA82044F6F795FEBF001648AA00391D01448C
S214026FB802F0FC023844F6F78BFE33780022013BD7
S214026FC833704FF6FF71BDE8F8430E2015F064BD26
S214026FD81388734507D0536808EA03093B4003EB56
S214026FE859030343536008320131CAE7D1610020CE
S214026FF8E76B0400106C00200E6C00205C46002034
S214027008CC5A00205846002010B50A4C207858B9A9
S214027018094B1B781A2B03D99921084815F095FCB9
S2140270280322074B1A7010BD0138C0B2FFF788FF5B
S214027038ECE700BFD16100200E6C0020E76B04006D
S214027048CD6100202DE9F047054615F03DFEFF28E4
S214027058044624D1DFF884901E4B99F800201B784A
S2140270689A422BD22846BDE8F047FFF77FBE3888FB
S2140270783B79504518D86F2B4FEA131214D85B0782
S21402708810D0123708F1010899F800105FFA88F64E
S214027098B142ECD80023104ADEB28E4214D3204600
S2140270A8BDE8F087022AECD913F0DBF80028E8D10D
S2140270B829463046BDE8F04711F055BF4FF00008A4
S2140270C84FF6F77A044FDFE7107901338F28EFD8A7
S2140270D81232E1E70E6C0020CC5A0020D161002063
S2140270E84FF6F773984210B514D8FFF7ABFFFF2890
S2140270F810D0134C00B200EBC00004EB40040DF0B5
S214027108D3FD104938B962880B7802EB0313A3EB58
S2140271181213638010BD227C637C09789A42E2735C
S2140271282374617407D98B4203D213468B4228BF55
S2140271380B461B02EDE78A42F8D31346F9E700BF6F
S214027148CC5A0020806200202DE9F04106460F4600
S21402715800240E4DDFF8388098F80030A34201D894
S214027168BDE8F081082229463046F7F7ABF840B961
S21402717835F8063CBB4204D02046FFF7E1FE013C48
S214027188E4B20134E4B21235E6E700BFD25A002070
S214027198D1610020F8B5054608460E46FFF7A0FE60
S2140271A8FF2830D01D4B294653F820703046FFF78B
S2140271B8CBFF2846FFF746FFFF28044625D113F0E3
S2140271C86BF8FF280AD1164C207838B10FF0BFFBAF
S2140271D82378B0FBF3F202FB1300C0B2294611F083
S2140271E8C2FE044623B20F4D03EBC30305EB430569
S2140271F808223146A81DF6F76BFD2B79204603F0C8
S2140272080F032B71F8BD0027D3E7074B1B78002B1B
S21402721818BF0027014B43F82070E3E758460020C2
S2140272280E6C0020CC5A00202D6C002038B50B4B73
S21402723804461B780D46834204D840F25A21084871
S21402724815F083FB074804EBC40400EB4400294608
S214027258BDE8384008220630F6F73ABD0E6C002024
S214027268E76B0400CC5A002070B5044608460E4662
S21402727815F02AFDFF28054610D02046FFF730FEF7
S214027288FF2807D0084B1B7823B9084B53F8202051
S21402729843F8252021462846FFF7C8FF31462046F0
S2140272A8BDE87040FFF750BF2D6C002058460020FE
S2140272B82DE9F8430024804601272646114DDFF8BB
S2140272C84C9099F80030A34210D83E430134E4B2F9
S2140272D81A2C4FEA470705F11205F2D14FF0FF3094
S2140272E8094B1B7898403043BDE8F8832B88434502
S2140272F8EBD0284611F080FE0328E6D82B796F2BB0
S214027308E3D8E3E7CC5A00200E6C0020D1610020B7
S21402731810B5084C00EBC00004EB400423795B0769
S21402732807D1204611F068FE237923F00703184395
S214027338207110BDCC5A00200022084B1878084B42
S214027348D1B2884203F1120300D8704713F80D1C15
S214027358013221F0100103F80D1CF1E7D16100207B
S214027368CC5A00202DE9F04702261227DFF85C9057
S214027378DFF85C8099F8004000250CE007FB05F36F
S21402738838F803A00021504611F04BFE10B15CB14C
S214027398013CE4B2013599F80030EAB29342EDD8DE
S2140273A8A34204D14FF6FF7A5046BDE8F0870FF0A5
S2140273B8CEFA99F80030012EA3EB040390FBF3F201
S2140273C802FB1300C4B2EDD00126D5E7D161002036
S2140273D8CC5A0020034B00211A7803489200F6F78D
S2140273E825BC00BF0E6C00205846002010B5134B73
S2140273F80C461B7886B0834212D9114900EBC000AE
S21402740801EB4001082220460631F6F761FC00220D
S2140274180821204611F0AEFB80F00100C0B206E05B
S214027428C01A01A9C0B212F040FF10B1002006B07F
S21402743810BD01AB03CB20606160E8E70E6C00204C
S214027448CC5A002008B5074B024653F820308B4228
S21402745806D915204FF6FF7115F01EFB002008BD51
S2140274680120FCE758460020024B013143F8201061
S214027478704700BF584600202DE9F34781460C4660
S21402748800272A4EDFF8ACA09AF80030FDB2AB42CD
S21402749810D86946204612F021FFC0B30822694672
S2140274A84846F6F70FFF90B34946204612F05FF8B3
S2140274B8FE2537E006F10608082241464846F6F752
S2140274C801FF90B94FF6FF739C422BD03388A34234
S2140274D828D0204615F009FCFF2814D14946204634
S2140274E802B0BDE8F047FFF755BE14B912360137A9
S2140274F8CAE73388A342F9D100220821404611F090
S21402750839FB0028F2D12846FFF71AFDCCE7494690
S214027518002015F0E8FBFF28054603D0044B1B782D
S2140275280344DDB2284602B0BDE8F087CC5A0020F4
S2140275380E6C0020D16100200F4B1B7883420CD8BA
S214027548C01A0E4AC0B232F81030D90411D443F425
S214027558805322F8103001207047094B00EBC00018
S21402756803EB40035A79D10603D442F010025A714B
S214027578F1E70020704700BF0E6C0020005B002079
S214027588CC5A0020F0B5134B06461B78FBB10025F3
S2140275981148DFF84CC090F800E0104807781F44FE
S2140275A8E8B2864501D80020F0BD7C1B94FBF3F0B8
S2140275B803FB10440CEBC4003CF83440B44204D13C
S2140275C8002AF1D184788C42EED00135E8E71846D5
S2140275D8EAE700BF106C002078480020CF61002040
S2140275E85C46002070B50CF0B3FC14250F49104E0B
S2140275F80B78328830809B1A03449BB2B3FBF5F4AF
S21402760805FB14330B700B49E2B20B78934292BF18
S21402761800239B1ADBB2032A0B7088BF0023064995
S2140276289EBFD2000B68D3400B6070BD6962002013
S214027638345B0020CE61002078480020084B18688A
S214027648084BC2B21B789A4208D2074BC0F30720EF
S2140276581B78984234BF00200120704701207047EB
S21402766878480020106C002068620020F8B50546AD
S2140276781746FFF7E3FF064610B9184B1A783AB9C9
S214027688212001224FF6FF7115F006FA0020F8BDF8
S2140276981348DFF854C003780133B3FBF2F402FB55
S2140276A8143303700F48DCF8002000EBC30420F8FC
S2140276B8335002F10132A1703846CCF80020FFF7A9
S2140276C8F7FDE670606011F0C7FAA84201D1012002
S2140276D8DDE7E3780133E370F9E700BF106C0020BA
S2140276E8CF6100205C4600207848002010B50B4C7D
S2140276F80B4A2378063B13700CF02AFC0022094B2F
S214027708FF211880084B09481A602278D200F6F73B
S2140277188DFA0422064B1A7010BD00BF106C0020AA
S21402772868620020345B0020784800205C4600200F
S214027738CE6100202DE9F843074615F0FFF8054606
S2140277481A4815F076FA1A4B48B31C683C1B2C44A8
S214027758A4B20022174BDFF864901B78164D99F8EE
S214027768006005EB03155FFA82F8464509D9AB882F
S21402777805F11000A34215D9B21A29461201F6F7E6
S214027788A7FA013689F80060AC80B8F1000F03D179
S2140277983946064814F0F2FE2846BDE8F8833C4609
S2140277A81D60D6E705460132DDE700BFF469002012
S2140277B82C5600206B620020584500206C62002080
S2140277C82DE9F74F15F0BAF84FF0000E284D294F5D
S2140277D82978294C97F800A004EB011303EB0A1248
S2140277E80092F3465246DFF898801FFA80FC064657
S2140277F8B8F80000ACEB0009A0EB0C001FFA89F9F8
S21402780801900098984217D1BEF1000F00D0297057
S214027818524503D200203A70FDF7DEFA3B7823B3CE
S2140278282B78164804EB0314A188C8F8006003B046
S214027838BDE8F04F14F0A2BEB3F804C0CC450FD88A
S2140278484FF0010E93F802C001310CF1FF3C013AE9
S214027858A3F804B083F802C0C9B2D2B21033D0E794
S21402786801988444A3F804C0F8E703B0BDE8F08F93
S2140278786B6200206C62002058450020F4690020E4
S2140278882C5600207FB56C461E4B1F4D1E78013EB7
S214027898F6B21E7095E80F0084E80F001B4B2846C8
S2140278A81A7805F1100132441201F6F711FA9DF81A
S2140278B8026016F00F0511D1BDF8080009F02CFE7B
S2140278C8360918BF29464FF00002BDF8000008BF67
S2140278D8039904B0BDE8704002F022BDBDF804006A
S2140278E8FFF728FF0346828804ADADF80420224637
S2140278F803CAAA4218605960144603F10803F6D16F
S21402790804B070BD6B620020584500206C620020EF
S214027918F8B50024084D094F094E3B783178E2B293
S2140279280B449A4204F1010400DBF8BD2846FDF731
S2140279381DFF1035F1E700BF584500206C62002095
S2140279486B62002070B5134B06460D461046124968
S2140279581A78124B09781B780B44934206DB1F20D1
S2140279684FF6FF7115F098F8002070BDFFF7E2FE9B
S214027978013506808570044614F0DBFFE08009F0C6
S214027988D1FD40F602432081E3600020FDF724FA89
S2140279980120EAE70D6C00206C6200206B62002072
S2140279A82DE9F84386460023144FDFF85C803E78BC
S2140279B898F8005012497219DCB294421CDA4FEA5F
S2140279C8041C31F80C900133F14501EB0410F3D195
S2140279D8631CD21A0CF1100C12016144F6F778F9FE
S2140279E8A5428BBF05F1FF3506F1FF3688F8005031
S2140279F83E700CB9034B1C70BDE8F8836C6200201D
S214027A08584500206A6200206B620020044B054A33
S214027A181B781278D3420CBF01200020704700BFA3
S214027A286B6200206C620020024B1878003818BF80
S214027A38012070476B620020002108B5084B0948F0
S214027A481970094B1970094B1970094B1A781201EB
S214027A58F6F7ECF8BDE808400648FEF777B900BF27
S214027A686C620020584500206B6200206A62002083
S214027A780D6C0020F469002010B50B4C23784BB12E
S214027A880A4802F03BFD58B1084B0121188811F04C
S214027A98D5F908B9002010BD0122054B1A70FAE77D
S214027AA8FFF7F0FEEAE700BF6B62002058450020A9
S214027AB86A62002010B50E4B1B78BBB10D4C2388AA
S214027AC883424FF0000311D10B4AE160137049B9A3
S214027AD8A3781033A37011F07BFC18B9A37823F0AF
S214027AE80F03A370FFF7CEFE012010BD1846FCE771
S214027AF86B620020584500206A62002070B592B07A
S214027B080C4606460EF020FFE17A05460020FCF7F2
S214027B1833FE28B394F90A0011F037F810BB134B5A
S214027B28E27A294683F85820A27A83F85A206A46C7
S214027B38FDF748F94FF6FE739E420CBF4FF6FF73E9
S214027B4823896A4629460020ADF80660ADF8043057
S214027B58FDF7EEFB40B92289054B5A8012B070BD7C
S214027B685520FBE75620F9E72120F7E74455002081
S214027B783056002010B50446014608220948F6F792
S214027B88A7F8237B022B0AD8002B14BF3122012226
S214027B9805490B7017234B61044B1A7010BD00235E
S214027BA80122F5E73456002030560020D76100201F
S214027BB8014610230120014AFEF742B964EE01008D
S214027BC8014B5861704700BF30560020014B1878A9
S214027BD8704700BF3056002010B5054C2378112B8D
S214027BE803D0E221034814F0B0FE4123237010BDEF
S214027BF8D7610020F26B0400064B01461B78042B63
S214027C0804D1054A137E053313767047034814F0E9
S214027C18B5BC00BFD861002030560020146A002088
S214027C2808B50648FDF7A2FD0548FDF79FFD0EF0CC
S214027C38B7FFBDE8084000F0EBBF00BF305B00208E
S214027C48625B0020064B1878332806D000F0EF0057
S214027C58A0F143035842584170470120704700BFBD
S214027C68D7610020002208B5074B4FF6FE701A703F
S214027C7810F0FEFF4FF6FF7011F017F8034B586925
S214027C88BDE808400EF022BFD7610020305600201B
S214027C9808B5064B187838B10548FEF743F84FF48E
S214027CA87A73B0FBF3F0C0B208BD00BFCC61002007
S214027CB8384800202DE9F0438BB00746154698460B
S214027CC80E469DF8489049B9104605AC15F00DF8D1
S214027CD8214612F0EAFA172818BF2646B9F1000F0D
S214027CE80AD1124B1B781BB9284612F0FBFAD0B9F8
S214027CF82846FEF7A1FA02E0284612F0F3FA80F0C8
S214027D080104E4B29DF850302A4602939DF84C309E
S214027D183146CDE9009338464346039411F0D2F92A
S214027D280BB0BDE8F0834C46ECE700BFD3610020F9
S214027D380022014B1A7670473056002008B50020FC
S214027D48FEF788FC0023024AC2E90133538008BDC5
S214027D583056002010B5144B1B78033B012B16D85F
S214027D68124BB3F868204FF6FF739A420FD10320DE
S214027D78FEF7E6F801F052FFFFF7E0FF002014F0E6
S214027D8807FA78B1BDE81040002010F0E2BDFEF711
S214027D98C7F80446FEF7BEF80146204607F01AF86A
S214027DA80220E5E710BD00BFD86100204455002038
S214027DB808B5114A114B58611378032B1BD0D3B15F
S214027DC8332B01D0432B10D10D4B1B78033B012BD1
S214027DD805D803231370BDE808400EF077BE0EF0F0
S214027DE875FEBDE80840FFF7B5BF21231370BDE84E
S214027DF8084001F07DBD08BDD7610020305600203E
S214027E08D861002008B50348FDF7A0FFFFF796FFE4
S214027E18022008BD3848002038B5114D04462B7894
S214027E28834218BF28700FF05EFA80B124B9204644
S214027E380FF05BFA02220DE001200FF056FA2B78BB
S214027E481A1F012A05D9062BF4D1032202E0002CB8
S214027E58F5D10122BDE838400021084611F072B873
S214027E68D861002030B5044685B068460D46FFF74F
S214027E789FFE94B100212846144A01F0F3FE144BE3
S214027E8820681B7861688DF80430124B1B788DF8D1
S214027E98053002AB03C305F071F90F4B93F858206F
S214027EA893F85A308DF803208DF8023010F0F1FE60
S214027EB8ADF8000010F0D0FE1023ADF806006946B3
S214027EC80020064AFDF7BCFF05B030BD00F8FF07E4
S214027ED8046C0020D86100204455002064EE01009E
S214027EE810B5104B04461A780F4B002083F858201A
S214027EF814F04EF910B1002010F02BFD00210846B0
S214027F08FFF7B0FF0FF0E1F92046FDF749FA40F611
S214027F1817400EF0DBFD0023044A1380044A138040
S214027F2810BD00BF6D620020445500200A5B002089
S214027F38085B00201FB504466846FFF739FE54B1B1
S214027F4800238DF80530102369460020064AFDF7FF
S214027F5877FF04B010BD10F07FFEADF8060010F0F3
S214027F6898FEADF80000EEE764EE010010B5014693
S214027F7804460020FCF700FC90B10C4B1B78023B31
S214027F88032B0FD80A4B1C7014F036FC60B9094A4A
S214027F980949FCF779FF003818BF0120800010BD98
S214027FA85520FCE70220FAE74D20F8E7D7610020C3
S214027FB86D62002039A80200E97E0200F8B506467E
S214027FC814F01AFC044668B914F0E2F850B1064DEB
S214027FD8204695F8587085F8586010F0BAFC10B12B
S214027FE885F858704D20F8BD445500202DE9F0411B
S214027FF880461846033B012B0E46174602D918B18F
S214028008212438E0FFF708FF274B1D78022D08D0F9
S214028018032D46D1B8F1000F03D1244B1B689B07EA
S2140280283FD43320FDF78CFF01F096FAB6F1006FC5
S21402803834BF1F4B052231464FF0060038BF1A7868
S214028048FEF7FCFC044628BB1A4D2873012000F0F4
S21402805817FE10F01EFE68802846B8F1000F0DD0F5
S214028068022300F8043B11F080F86C732F6139463E
S21402807830460EF06FFC2046BDE8F081012300F87A
S214028088043B11F072F86C732F61394630460EF0D5
S21402809860FCF0E72846FDF753FFB8F1000FF4D06E
S2140280A8E5E70224E7E700BFD76100208C480020F6
S2140280B82E6C002030560020034B187818B9034B54
S2140280C8034A1B78D05C7047D6610020D86100202E
S2140280D874D0040038B5437B0446DB0703D590F911
S2140280E809000FF0F1F800250F4B83F85950207954
S2140280F8FFF764FFFFF7E0FF6188248803462246FD
S2140281082846FEF7ADFA044620B11720FFF750FEC0
S214028118204638BD1723054DC82105486B6114F063
S2140281282DFA03232B76F3E7445500203056002019
S214028138146A0020F0B51A4D06460C4693B0A5F808
S214028148680005F16A0729BBC5F86A1079600EF05F
S214028158FBFB6A4601460020FCF734FED5F86A3077
S214028168ADF81060CDF812307B68CDF816300EF0F8
S214028178EBFB6A4601460020FDF7DAF84FF6FF7376
S214028188B5F86800984203D014B106490EF0E5FB2C
S21402819813B0F0BD08223846F5F79AFDD7E700BFB8
S2140281A844550020AE5500202DE9F041DFF8B8808E
S2140281B81F4698F8003005460C4616461BB102259F
S2140281C82846BDE8F081531E052BF8D814F014FB98
S2140281D80028F4D13B7B032B14D14FF6FE739C4246
S2140281E812D1012E09D0022EE9D110F035FD4FF634
S2140281F8FB73984203D810F02FFD044604E011F0F2
S21402820886F9FAE7012EDAD0EDB939462046FFF7A5
S21402821875FC05460028D3D198F80030332B03D0D6
S214028228532B1CBF0E4B18613046FFF7F5FD002195
S2140282384FF6FF70FFF77EFF0A4B1B78002BBFD066
S21402824812F036F8BCE7397B721ECB1E59425941EA
S2140282585042504105F07CFF05460028D5D0AFE7CE
S214028268305600202F6C0020D76100202DE9F041FF
S21402827805460F46904610F0EFFC6B7B0446DB077C
S21402828803D595F909000FF01FF810F0E5FC384BF6
S214028298384E188010F0FDFC374B1880FDF73AFE72
S2140282A8364B1880FDF73CFE082201463448F5F79F
S2140282B80FFD10F093FC334B18702879FFF77EFEFB
S2140282C800216888FFF736FFFDF726FF60B14FF6F4
S2140282D8F672631E9BB2934206D911F018F9B6F8E5
S2140282E8683004468342F8D0204610F0C1FC28883D
S2140282F810F0DBFC4146B6F86800B847044628B9D1
S2140283081920FFF755FD1920BDE8F081B6F8681068
S21402831810F05BFA00231C4D86F859302B7803F0D0
S214028328FB03022B02D0204610F0BCFE0022204699
S2140283381146FFF707FB0446B0B117236B61134BD0
S2140283481B78042B09D1C821114814F017F9032306
S2140283582B7684F00100C0B2D6E74FF416710C48AB
S21402836814F00CF90023F3E71720FFF721FDF0E7D6
S2140283783A5B002044550020385B0020365B00201C
S2140283886E6200207662002030560020D8610020F7
S214028398146A0020F0B50C461E460B4620490746CE
S2140283A889B004F1140053F8045B834241F8045B75
S2140283B8F9D11B8802AD0B80D4F80E00D4F812103F
S2140283C8238803C5ADF8103023798DF812208DF86E
S2140283D8133000233A468DF814304FF6FE7101200A
S2140283E802ABFFF7E1FEC8B902A8FFF7C3FB237B7F
S2140283F84BB10C4D0C4B01AA2946012001930EF0F5
S21402840841FF2A781AB92046FFF764FE03E02046A1
S2140284180199FFF72BFF08B9044B1E7009B0F0BD8F
S2140284283C5B0020305600208991030077620020CA
S21402843801232DE9F341304E05460F4600202F4909
S2140284481446737300F0EAFB0EF040FFDFF8AC80C8
S21402845838B9012D01D9042D0FD1214638460EF020
S214028468F9FA1020002111F03BFF00283CD000202A
S21402847802B0BDE8F041FCF7AFBC002CF1D1204BAE
S2140284881B78212B03D0062B01D0532B02D101F0E7
S2140284982FFAE6E7FDF740FE0028E2D000F0EAFBF6
S2140284A828B9307BC0F11800FFF782FCD9E7154BD4
S2140284B841462046019300F0B1FB20B140F619016F
S2140284C8114814F042FA01AA0B4998F80C000EF06B
S2140284D8D9FE32781AB90948FFF7FCFDC1E70199B7
S2140284E80648FFF7C3FEBCE7FFF79EFA0028BED190
S2140284F802B0BDE8F08100BF305600203C5B002089
S214028508D761002089910300F26B04001FB5144B53
S21402851804461B88DB0707D44FF6FF700021FFF7D7
S21402852809FE002004B010BD0A230E4A012001A944
S214028538FDF786FC4FF6FF73BDF80C209A42EBD087
S2140285480822FF2101A810F015FB0028E4D10CB977
S2140285580120E7E7BDF80C0001A9FFF7EBFDF7E7F6
S214028568545B002026E1010038B50C46154610F08B
S2140285787FFB02F053FF29462046FFF7DBFD00F09B
S21402858879FB48B1054BDB790E2B28BF0E23013346
S214028598DBB2034A137038BD0123FAE73C5B0020BE
S2140285A88362002038B51D46FFF7FEFD0446C8B9AB
S2140285B82B7B2846032B03D1BDE8384010F0F4BDC8
S2140285C8FFF7D8FA084B25469C8110F007FB0121D5
S2140285D8064B81401A780620FEF730FA044608B1A0
S2140285E8034B1D70204638BD305600202E6C0020E6
S2140285F8D761002030B5012087B0FFF787FF6B46AA
S2140286080446144A1068516803C384B904F0C4FDCA
S21402861802A8FFF7CDFA4FF6FF752246BDF80E0000
S2140286282946FFF7A1FF0EF09CF907B030BD6B464E
S214028638094AD2F86A00D2F86E10B2F8685003C334
S21402864804F0AAFD02A8FFF7B3FA6A46BDF80E00C0
S214028658E6E700BF86F403004455002037B5324BE0
S21402866804461B781BB10224204603B030BD14F022
S214028678C3F80028F7D100F00DFB14B122882B4B63
S2140286881A8000210DF10700FDF7D0FC002848D11A
S21402869810F05CFD04460028E6D1254D9DF807003B
S2140286A8FFF7BAFB2B78033B012B27D82046FFF7A8
S2140286B82DFF18B3FFF79EFF00F0FCFEFFF74AFBFC
S2140286C8012010F055FA48B9184B1B889A0707D5A7
S2140286D82346052201201749FFF788FC0446C3E70C
S2140286E8154D022329460120144AFDF7A9FB2B88BB
S2140286F85B07B9D5204600F0F1FEB5E72B78053BB7
S214028708012BB1D8FFF776FFFFF724FB2B78052B52
S2140287180CBF04200520FDF713FC012010F028FAF0
S214028728DCE71724A0E700BFD7610020545B0020CF
S214028738D861002000F8FF07065B002027E1010049
S2140287487FB50024184E194D3278E3B29A4201D802
S21402875804B070BD4FF6FF73B5F868209A421AD077
S214028768134B1B88DB0714D5124AB5F86830106815
S2140287785168ADF80C3001AB03C30F4A0A23002038
S21402878801A9FDF75DFB022300200C4A0C49FDF700
S21402879857FB0134D8E700220821064810F0EAF908
S2140287A80028F6D1DCE700BF0F6C002044550020F5
S2140287B8545B0020AE55002026E1010027E10100A7
S2140287C8065B002010B500F0C7FE01F013FCD8B116
S2140287D80E48FDF7BBFA0E480E4C017A0E30FFF72C
S2140287E841FB23781BB100F0F7F90023237000221F
S2140287F8094B1A73FFF7AEFA07F0B8F900F012FF42
S214028808BDE81040FFF79CBF10BD00BF146A0020E9
S2140288183C5B0020776200203056002010B52548C1
S214028828FDF794FA01F0E6FB30B1234B1B781BB92F
S214028838BDE81040FFF7C6BF01F0DCFB78B11F4C5D
S214028848237E83B1C8211B4813F098FE0021237E9D
S2140288580846013B2376BDE81040FCF72BBBFDF724
S2140288685BFC0028EBD1FDF757FC154B1B7858B973
S214028878112B03D003F0FD03412B19D1BDE810409C
S2140288880E4B5869FFF794BA332BF7D10D4B18885D
S21402889810F0EEF90C4B188810F007FA0B4B0C493F
S2140288A81888FFF747FC0B4B1878FFF787FBE5E7B6
S2140288B810BD00BF146A0020D36100203056002085
S2140288C8D76100203A5B0020385B0020365B002028
S2140288D86E620020766200202DE9F04F0F4685B0C2
S2140288E802AD044629463846914611F08BFF4FF0F2
S2140288F8000B82463846CDF804B010F01CF84678CD
S214028908022C804606F0020609D85CB1FDF704FC84
S2140289180446002848D1754B01241B7865E0043CC0
S214028928022C3AD9FDF7F8FB38460FF07DFF0024F3
S2140289380546A046DFF8D8A138460FF0FCFF50F8E7
S21402894809300DF10500019314F0DDF89DF807B023
S2140289580746B8F1000F4DD1BBF1000F5BD0DFF828
S2140289688C9199F800300BB1002E63D0002C61D0A0
S2140289785F4B1B78022B5DD1BBF1000F53D13846F3
S21402898810F076F958465946FFF76CFA07F0EEF8F3
S21402899840F607400EF09AF834E010F0CBFBFDF7ED
S2140289A8BBFB0446F8B15C464EB1524B1B78012B12
S2140289B802D0043B012B0BD805B0BDE8F08F4B4B19
S2140289C81B782BB14B4B1B7803F0FB03022BF3D01F
S2140289D8BAF1000F404608BF002511F006FF4FF017
S2140289E801088246A8E7414B1B78002BF0D0002EE0
S2140289F8EED1E1E7BAF1000FAED05046FDF71EFE03
S214028A080028A9D1002013F0C3FB0028D4D00020E8
S214028A180FF09FFFD0E74FF6F7739F429FD91720B4
S214028A28FFF7C6F9EEE7FDF777FB48B13248FDF7E0
S214028A388DF9F4E7FDF770FB10B1BBF1000FF5D125
S214028A48FDF76AFB0028DDD02846FEF749FAFF281C
S214028A58DFF89CA0294C03D09AF80030012B04D1E9
S214028A682946B4F86800FEF795FBFEF751FC2A463D
S214028A783846B4F86810FFF777FD214B214A93F978
S214028A8806301B0213809AF80030012B19D0312BBE
S214028A9814BF432311238AF800301B4B1648196863
S214028AA813F06CFD00F006FD0023124C99F8001036
S214028AB8237641B9104813F061FD40F61B43636103
S214028AC8A0E71123E7E7B8F1000F03D016B1FFF7C6
S214028AD879FEF2E70D4B1B78042BEED105210648EA
S214028AE813F04CFD09232376E7E700BFD361002085
S214028AF8D761002030560020146A00204455002012
S214028B083C5B0020525B0020346A0020D8610020BB
S214028B185D62002070B508468CB00D460FF00BFF5C
S214028B2809220021064613F07DFB044628460FF06C
S214028B387BFE052228460DF10F0304A90EF018F84D
S214028B4802281BD09DF80F3029461C440023E4B2A5
S214028B5804F11002365D01200093D2B20BF092FEA9
S214028B6860B1022E0AD1064B1B78012B06D1054BA3
S214028B78187818B922462946FFF7AEFE0CB070BD23
S214028B88D76100203056002008B5084B187050B13F
S214028B98074B1B883BB14FF47A710648594313F0CA
S214028BA8EDFC002008BD0120FCE700BFCA610020DA
S214028BB8B06B002058470020014B188000207047F1
S214028BC8B06B002008B5FDF7C1F80022014B1A70F9
S214028BD808BD00BFCA61002010B50024044B054832
S214028BE81C80054B1C70FDF7B1F8204610BD00BF6F
S214028BF8565B0020386A00207862002008B50348D1
S214028C08FDF7A4F8BDE80840FFF7E6BF386A00207B
S214028C180148FCF7ABBD00BF565B0020F7B5134B07
S214028C2804461B780E46EBB183421DD90021104834
S214028C3813F0D1FF002501460D4F09B9012009E0BE
S214028C48AC4209D10024162322463046009414F07A
S214028C5857F8204603B0F0BD384613F0E0FF01355A
S214028C680146EAE71820F5E72720F3E778620020AE
S214028C78565B0020014B1878704700BF78620020C8
S214028C8825289DBF024B187000202120704700BF80
S214028C98306C0020012307B51846064A0DF1070175
S214028CA8FDF7CEF89DF80720034B1A7003B05DF85F
S214028CB804FB00BF29E10100B26B002084B010B5A6
S214028CC802AC84E80F00082224480DF11601089C1D
S214028CD8F5F7F8FA38BB9DF815309B0705D4204BF4
S214028CE81B7803F0FD03312B23D11E4963780978DC
S214028CF803F00F028A4203D0012928D1022A18D18A
S214028D082278B2B91B09022B13D194F90230002B30
S214028D1821DB154BB3F86820BDF80A309A4208D111
S214028D28FEF790FF06E0002208210C480FF022FF0B
S214028D3820B90020BDE8104004B070470B4BBDF8C0
S214028D4808205B889A42C6D0002BC4D0F1E70229D5
S214028D58EFD1012AD3E70120ECE700BF3456002002
S214028D68D7610020046C00204455002030560020AD
S214028D7884B02DE9F0478EB016AC84E80F00DFF811
S214028D8868C1564BBCF802009DF85D9010F00104CD
S214028D989DF96220BDF870E09DF875A09DF9767081
S214028DA89DF878509DF97A109DF95E809DF860606E
S214028DB81B782FD09DF87D00C0F34004C0F38000D6
S214028DC8002B44D0464B1B78012B02D1002C00F016
S214028DD88280C0B19CF800301E335BB2BB42ACBF87
S214028DE8002701279845D4BF00230123BB4209D197
S214028DF88A4208DB0CD1A81BC0B280288CBF002090
S214028E08012000E038460EB0BDE8F04704B07047CF
S214028E180020F8E710F0020F18D0C3B1490814BFB3
S214028E2801200020520814BF012300238342EAD1FE
S214028E38AB1BDBB2802B0AD9AE42E9D1B84506DBBA
S214028E4849D1CA4594BF00200120DCE70BB90120AE
S214028E58D9E7AE4216D002AC1CAF0FCF0FC497E8C4
S214028E68030044F8040B2180DDE91A0116AB0090D2
S214028E78ADF804100FCB0EF0FEF90028E7D1AE428B
S214028E88B9D1C0E7BDF8583073451ED008AC0DF10D
S214028E98700CBCE80F000FC49CE8030044F8040BEF
S214028EA82180104C638873450FD10822211D0DF1CD
S214028EB82E00F5F707FA024638B90821201D0FF0EA
S214028EC859FE10B96388002BC1D1B845BFDBC2D1A1
S214028ED8CA45BCD8BFE7204695E700BF786200209F
S214028EE8D761002030560020B26B002084B02DE9EE
S214028EF8F04F8FB06A4E18AC08AD84E80F00162201
S214028F0800212846F4F792FE33783BB90024654BD5
S214028F1832781B789A4239D2002726E00021624826
S214028F2813F059FE00270446B846DFF87C91002C59
S214028F3845D13FB1224639465B480FF07FFD33786C
S214028F48013B33703378002BE0D0002156484FF0AF
S214028F58000913F040FE4F468046CA46DFF848B17D
S214028F68B8F1000F6CD1002FD1D01621002218A814
S214028F780FF0FCFC014648B1002F00F08B80224619
S214028F8849480FF013FD337801333370454B327876
S214028F981B789A4207D94448002201880FF04EFDF2
S214028FA83378013B33703378012B03D13F4940486D
S214028FB813F0E4FA0FB0BDE8F04F04B07047002291
S214028FC8214616232846CDF8008013F099FE16226D
S214028FD8294618A8F5F776F90028EBD09DF86420FC
S214028FE89DF824309A4225D1BDF86020BDF820307D
S214028FF89A421FD108220DF12E010DF16E00F5F7E7
S21402900861F9B8B902AF0DF1600CBCE80F000FC7E2
S2140290189CE8030047F8040B39800EAB13E90300FB
S2140290280090ADF8041095E80F00FFF7A1FE00289F
S214029038C0D027462146484613F0F1FD044676E797
S2140290481623002241462846CDF800A013F058FE03
S21402905802AF0DF1600CBCE80F000FC79CE80300D6
S21402906847F8040B39800EAB13E903000090ADF8FD
S214029078041095E80F00FFF77BFE074620B1B9F10A
S214029088000F04BF444681464146584613F0C7FDC2
S214029098804665E73A46044813F0A3FD73E700BF27
S2140290A878620020306C0020565B002020BF020049
S2140290B8386A00202DE9F04F002104469FB00DF1D2
S2140290C84008162240460E91CDE90C11CDF83B1009
S2140290D8F4F7ACFD052220460DF11F0316A90DF084
S2140290E847FD0228074600F0F28020460FF023FCD0
S2140290F8064613F008FD8146F01C13F004FDADF891
S2140291084000701D13F0FFFC012FADF84200204608
S21402911840F0E0800FF00FFC0546204613F042F9B7
S2140291280D3502232D1A0093214643460820EAB23B
S2140291380BF0A8FB002800F0CA8020460FF000FCBF
S214029148012F83469DF84D3040F0DC8000252F46DF
S21402915843F001038DF84D3016AE3388022B4DD1FD
S214029168F1782046023108F065F81B2846D1F178D6
S2140291782046033108F05EF819283FD1F1782046D8
S214029188043108F057F84A2838D14FF0050AF17822
S21402919820460131514408F04DF8F17805905144C3
S2140291A8204608F047F8059B00EB032083B200F040
S2140291B83F02932B059240F095800023F7782146CC
S2140291C802375744FFB23A4600930CA80F2313F00F
S2140291D897FD07F10F01204611F0EDF907F111018D
S2140291E80546204611F0E7F9ADF84200059B023322
S2140291F853445FFA83FA33795345C8D806360DF1D5
S2140292087603B342A9D19DF84D20C5F3C03363F364
S214029218410220468DF84D200FF024FB8DF84400BD
S21402922820460FF014FB8DF8450020460FF014FB7D
S2140292389DF83230BBF1190FC3F3C3028DF84720ED
S214029248DDF833208DF84600CDF84E20DDF83720BD
S214029258CDF8522094BF00229DF83E208DF8482073
S21402926803F003028DF84A209DF84D20DB0963F3CC
S2140292788202694B8DF84D201B78022B56D1BDF819
S21402928840600FF006FD864250D108A80FF06DFF29
S214029298BBF1190F47D908220DF14E0108A8F5F7B8
S2140292A811F800283CD1B9F5004F02D0B9F5624F43
S2140292B80DD140F6FF7325F440459D4207D10022A2
S2140292C808210DF14E000FF055FC00283ED01FB0C5
S2140292D8BDE8F08F0FF02FFB0546204613F062F824
S2140292E807351EE7412B81D1F178204602315144D9
S2140292F807F0A0FF494B1B78C3F1B30318448DF857
S214029308490073E76FF30003F01D8DF84D3013F034
S214029318FAFB0CA9054620460FF079FF0B2772E7E1
S21402932800F058FDBFE700F055FDD0E7B9F5004F4D
S21402933802D0B9F5624FCAD140F6FF7325F440450C
S2140293489D42C4D1BBF1190FC1D9B8E7BBF11A0FB8
S21402935806D007F11F0142462046C9B20DF091FF1A
S2140293682F4C304D637BDBB12B78012B1DD10123AB
S21402937823730CAB029314AC94E803000090ADF888
S214029388041098E80F00FFF799FC90B194E80300E0
S2140293980090ADF8041098E80F00FFF7A7FD08E064
S2140293A8FCF7BAFE0028DFD0E1E703F0FD03042B42
S2140293B8DDD02B78012B01D0042B88D11A4BDDF88F
S2140293C84E001B78DDF852108DF82230BDF840307A
S2140293D8ADF820309DF84D30C3F340038DF82330A6
S2140293E89DF8313003F00F038DF82C309DF8483085
S2140293F88DF82D3009AB03C30C4B1B681BB14146D5
S21402940808A8984763E79DF946209DF8451008A8DE
S2140294180DF01EFB5BE700BFD76100207F620020CD
S21402942830560020666200207E6200202456002005
S21402943810B513F083FA114B1B78022B1CD1104A75
S2140294481468A04218D00F4910600A68121B10440C
S2140294580D4A086012786AB1013A93403C22534397
S2140294684FF47A725343984206D9BDE81040032057
S214029478FCF766BD0A23F3E710BD00BFD7610020DC
S2140294888448002080480020006C0020064B1B8879
S214029498DB0708D50022054B43F82020044A135C54
S2140294A863F00F0313547047585B0020D44600201D
S2140294B89C61002008B513F041FA0022024B18609E
S2140294C8024B1A6008BD00BF84480020804800206E
S2140294D8014B1868704700BF8048002008B50C4842
S2140294E8FCF734FCFCF772FD80B10A4B0322B3F892
S2140294F8681001200DF0E5FE4FF47A71064B044819
S2140295081B885943BDE8084013F038B808BD00BFA9
S214029518586A002044550020946B0020014B18809E
S21402952800207047B66B0020044A054B1870138853
S21402953823F003031843108000207047585B00206E
S214029548016C0020034B1888C0F30E00003818BFC1
S21402955801207047065B002008B5FFF7F3FF30B11D
S214029568002004490223044A0880FCF769FC00200C
S21402957808BD00BF065B002027E10100024B1888E1
S214029588C0F30E00704700BF065B00200023084A9F
S21402959801201370074A08491370084B084A1B78BB
S2140295A843F0040313800223064AFCF749BC00BFB3
S2140295B87B6200207A620020065B0020016C002095
S2140295C8585B002027E1010030B5012100240B2357
S2140295D885B0104D019400918DF80C308DF80D0071
S2140295E80323B5F8680003AA8DF80E4011F09CF81C
S2140295F868B1B5F868100FF0C7FE40B10522064BF1
S21402960864211A70054B06481C7012F0B7FF05B0A5
S21402961830BD00BF445500207A6200207B620020DD
S214029628786A0020064B1B78033B012B06D8054BAD
S2140296381B781BB9044B1878FFF7C6BF704700BFE4
S214029648D861002079620020006C002010B5154809
S214029658FCF77CFB144B1978F9B9144A13787BB1DA
S214029668013B1370124B1B78042B02D10846FBF7FA
S21402967821FCBDE810404FF496710A4812F07EBFEE
S2140296880C4A128802F00302022A0AD1BDE81040E8
S214029698032201200849FEF7A9BCBDE81040FFF7DF
S2140296A8C1BF10BD786A00207B6200207A62002063
S2140296B8D8610020065B002000F8FF07084B1A78DE
S2140296C85AB10223013A93404EF6602253430321CD
S2140296D80448B3FBF1F112F051BF42F21073F6E7F9
S2140296E8006C0020786A002070B505461748FCF71B
S2140296F82DFB0122164B28461A7011F039F8411C28
S214029708044689B2284607F095FDA11C064689B28A
S214029718284607F08FFD0F4C0223208021460020A2
S2140297280D4AFCF78DFB86B9238803F00303022B48
S21402973803D1FFF7BFFEFFF7C1FF23885B0704D5F7
S214029748BDE870400548FFF7C9BE70BD786A0020BC
S2140297587B620020065B002027E10100586A002091
S2140297682DE9F0431F4C0546238889B0002B33D0D9
S2140297781D4E00214FF4807010F092FD3378DB07FF
S21402978828D50121208812F045FE074620880FF0CA
S214029798D2F8023013F0B7F905A98046208811F0EE
S2140297A8CEF83378384613F0020F104B18BF002550
S2140297B8B3F8009012F012FE0646384612F0F2FD92
S2140297C8F6B20290424606212846CDE9009605AB37
S2140297D80DF0FAF800232380054809B0BDE8F043E7
S2140297E8FCF7B4BA5E5B00207C6200205C5B00205B
S2140297F8986A002010B5044640F62140FFF7B0FFED
S21402980801214FF4807010F04BFD78B10022084B0E
S2140298181C80084B1A7007F085FEBDE81040064B00
S2140298281880064B0648198812F0A8BE10BD00BF5D
S2140298385E5B00207C6200205C5B0020966B00204A
S214029848986A0020044A137818B943F00103137083
S214029858704743F00303FAE77C620020044B1B7848
S2140298681BB9044A1380FEF707B90020704700BFE9
S2140298786A6200205A5B0020042230B501F04003D9
S21402988887B0002B054614BF012400248DF80C204F
S2140298988DF80D1004D004A910F020FD10B304AB07
S2140298A8CDE9004301210223284603AA10F03CFF13
S2140298B80446C8B10D4BB3F868100EF086FF4FF693
S2140298C8F7739D4209D9322202212046FEF73AF85A
S2140298D880F00100C0B207B030BD294620460FF01E
S2140298E853FDF5E70120F6E71920F4E74455002072
S2140298F810B5FFF731FE04F031FA0FF0D1FB002065
S21402990810F0E4FC12F078FF08B1FDF729F9204CB4
S2140299182378532B12D1032323700023FF221946E0
S2140299280120FEF763FB002012F032FC10B1002083
S2140299380FF00FF8BDE810400DF0C7BC062B01D09B
S214029948212BF0D10120FEF7F5FA4FF6FE700FF044
S2140299588FF94FF6FF700FF0A8F90020FEF752FABB
S2140299680020FEF759FAFEF7E9F900F029FB0DF098
S214029978AFFC2378212B02D1FEF774F9D3E7002037
S214029988FCF7DEFA00214FF4004010F079FACAE735
S214029998D761002010B50A4C0A48FCF7D7F9237895
S2140299A8062B02D10120FEF7C5FA2378062B01D032
S2140299B8532B03D1BDE81040FFF79ABF10BD00BF76
S2140299C8D7610020B86A00202DE9F047DFF8C0808A
S2140299D804460E461746FFF7BFFD98F8005015B91D
S2140299E80220BDE8F087212DFAD0284813F021F985
S2140299F80028F5D114F0200439463046DFF894A042
S214029A08DFF8949005F00F051BD00CF0A5FF012D8A
S214029A188AF80070A9F8006029D1212388F8003056
S214029A28FFF766FF0020DCE7212388F80030FFF7FF
S214029A385FFF00214FF6FE70FEF77CFBFEF780FE06
S214029A48F0E70CF088FF012D8AF80070A9F800608C
S214029A58EAD0062321464FF6FD7088F80030FFF755
S214029A680BFF40F22621094812F088FDE1E753234E
S214029A7821464FF6FD7088F80030FFF7FDFE40F2EB
S214029A882621024812F07AFDCCE700BFB86A002009
S214029A98D76100207D620020B86B0020F8B50D461D
S214029AA80646511C284607F0C5FB044628460EF013
S214029AB842FF0546023013F026F8154B07461B7878
S214029AC8022B02D0043B012B21D8124B1B685802EA
S214029AD801D5A1061BD5620619D50F4BB3F8683017
S214029AE8B34214D16B781B070DD5284610F07DFEBD
S214029AF8FCF7A4FD58B1314604F020000122BDE867
S214029B08F840FFF761BF0FF0A7F8B842F3D0F8BDE8
S214029B18D76100208C4800204455002073B50446BF
S214029B280D4613F0E2F8FF28034625D0134A1278AA
S214029B384AB1134A32F81020520404D510F0B7FB83
S214029B48002002B070BD184610F0C2FB69460646F1
S214029B5810F0C4FB40B1FCF7E7F928B10023022253
S214029B686946304605F0DCF8204645F0400102B06A
S214029B78BDE87040FFF780BE0120E2E7D36100200F
S214029B88005B002038B505460EF0D5FE044628468A
S214029B9810F0EEFD411C89B2284607F04BFB420640
S214029BA80DD563781B070FD5204610F01EFE01461A
S214029BB8002013F098F8BDE8384010F078BB034848
S214029BC8BDE83840FFF7E6BE38BD00BFB86A0020D9
S214029BD838B54FF6FF75A842044617D00FF059F865
S214029BE8A04213D04FF6FD72094B198891420DD93F
S214029BF8084A1288AA4201D0A24207D11C804FF412
S214029C087A71BDE83840044812F0B8BC38BD00BFC7
S214029C189E6B0020BA6B00201848002008B504483E
S214029C28FCF794F84FF6FF72024B1A8008BD00BF85
S214029C38184800209E6B002037B505460C460823B8
S214029C4869460120064AFCF7FBF815B19DF806306E
S214029C582B700CB1009B2360BDF8040003B030BD26
S214029C6825E1010007B508238DF80600ADF80410B3
S214029C78009269460020034AFCF7E2F803B05DF852
S214029C8804FB00BF25E10100024A13780BB1013B31
S214029C9813707047C861002008B50FF006F8002157
S214029CA84FF6FF72054B08461A80FEF7DBF8BDE84A
S214029CB8084040F616400CF009BF00BF9E6B002015
S214029CC808B5FCF743F80A4B1B78023B032B08D867
S214029CD84FF6FE73074A108898424FF6FF7301D173
S214029CE8138008BD9842FCD0BDE80840FFF7D4BFF1
S214029CF8D76100209E6B002010B5084B1B78042BFA
S214029D080AD00EF0A9FF002104460846FFF794FF82
S214029D18231A5842584110BD0020FCE7D86100209B
S214029D28F0B5002689B00546CDE90566ADF81C6093
S214029D3810F01EFD0A23024604462946009605A888
S214029D4812F0DEFF9DF815309DF814701F2B27D8E9
S214029D5803A80FF00AFA08220DF1160103A8F4F771
S214029D68B1FA0646E0B9092F1CD1FFF7C5FFB8B10C
S214029D78144B1B78A3B1144B1A884FF6FD739A42FC
S214029D880ED9124C124A23780433DBB223701278A7
S214029D98013AB3EB820F03DD58B20AF051FF267080
S214029DA809B0F0BD0A34E4B22146284607F042FA62
S214029DB80FF06EFA611C284610F0FDFBFFF708FF4D
S214029DC8EEE700BF146C00209E6B0020C8610020DE
S214029DD8FF6B002038B5134B1B78033B012B20D9A9
S214029DE8114B4FF6FF711B78ABB1104D2B888B4287
S214029DF817D10EF04EFF4EF6602104460C4812F0BC
S214029E08BDFB4FF6FE7322462B800021BDE8384084
S214029E1809200FF04BBA074A13888B421CBF01333E
S214029E28138038BDD8610020146C00209E6B002079
S214029E3818480020025B002008B50448FBF786FF96
S214029E48BDE8084000210846FBF734B8D86A002067
S214029E5810B5044661B1FF210EF00EFD0021204622
S214029E680EF010FD0EF051FC014620460EF010FDD5
S214029E782146BDE810400022014812F0B2BE00BFDB
S214029E88625B00202DE9F0410D46174604460EF0A7
S214029E9852FD06782846FCF74DF9294680462046A4
S214029EA80EF093FC0EF0D8FEA84206D120460121F9
S214029EB8FFF7CEFF0120BDE8F0812846B8F1000F73
S214029EC80AD0FCF7B9F950B9144B3A462046BDE811
S214029ED8F0411978FDF736BD10F004FAF3E706F0FC
S214029EE80306012E08D00EF0B7FE002322462946A6
S214029EF802F042FA0028D9D120460EF022FC430589
S214029F0805D52046BDE8F04100210EF097BF204651
S214029F1810F0D3F9B0FA80F04009CCE7FE6B0020C7
S214029F2810B586B0044610F023FC104B024618689B
S214029F3819790290D3F805005B7A01328DF814304D
S214029F4800238DF80C1004902146009392B2052344
S214029F5804A812F0D5FE052204A902A8F4F7B2F95D
S214029F68B0FA80F0400906B010BD00BFECCF04007E
S214029F7808B511480EF09CFD104B1B78012B06D82D
S214029F88FF2010F06DF9FDF7B1FB10F088F9FDF728
S214029F983BF801F091FCFFF7F9FA10F061FD07F0C3
S214029FA8F1FDFDF749FD07F03DFB0CF0D7FCBDE8D7
S214029FB8084002F0D3BC00BF0C5600209561002072
S214029FC808B5F0F7D3FDFF2803D0094B1B78012B01
S214029FD806D9002010F044F9FDF788FB10F05FF967
S214029FE8FDF712F801F068FCBDE8084002F0B6BCBE
S214029FF895610020064B1878112806D000F0FD005F
S21402A008A0F141035842584170470120704700BFEB
S21402A018D76100202DE9F8430446FDF70FFB18B177
S21402A02800263046BDE8F8834FF6FF78184BB3F89B
S21402A03868104145F4D020460EF0C7FB154B0221A6
S21402A04820461A88FDF77EFC06460028E8D02046F9
S21402A0580EF071FC90F807900546043012F053FD96
S21402A06807460EF0F9FD494602463846FDF7FEFA5F
S21402A078A81C12F048FD404502D12046FFF7BAFB5D
S21402A0882B789B07CDD101212046FFF7E1FEC8E7D2
S21402A09844550020605B0020F8B507460EF04BFCDE
S21402A0A80546043012F02FFD0646A81C12F02BFDBA
S21402A0B80446304612F019FE3046FCF73BF82B7879
S21402A0C89B0701D10EF0C8FDAB790BB90320F8BD8A
S21402A0D80EF0C2FDA0420CD10EF0BEFD0446094B9E
S21402A0E8214638461A78FFF7CDFE0028EED0002023
S21402A0F8EDE7054B1B78052B1CBF044BB3F86840ED
S21402A108EDE700BF605B0020D861002044550020C0
S21402A1182DE9F041064610460D4610F029FBA0F13F
S21402A1281004E7B256FA84F42146EA1B04F10E003C
S21402A138F3F7CEFD2823DFF84480F35598F800306D
S21402A148637301F0CDFB611C024601200DF0D5F8C1
S21402A15808220949601DF3F7BBFD98F800000FF0C6
S21402A168EBFE05F10E0130463B460022C9B201F06D
S21402A17869FC1220BDE8F0815D620020D2610020F1
S21402A1882DE9F04F87B004460EF0D5FB064620466A
S21402A1980EF034FB0746301D12F0B5FC8146B01CA3
S21402A1A812F0B1FC384696F807A012F0A7FD3378ED
S21402A1B89A075FD12146042001F04CFD002859D0A9
S21402A1C8204610F0D5FA0146204607F033F88307F2
S21402A1D850D1204610F0CCFA0146204607F02AF85D
S21402A1E810F00303039345D12046FFF799FE002893
S21402A1F840D0204610F092FB451C204612F0EEF89E
S21402A208EDB205F10A0B83455DDA304A04AB1068F5
S21402A218516803C3691C204607F00CF82946804695
S21402A228204607F007F800EB082059461FFA80F880
S21402A238204606F0FFFF8346039B2146AA1C00938E
S21402A24804A8082312F05CFD20460EF0D7FA5A46F8
S21402A25841460DF044F80122404604A90FF0A2F93F
S21402A26888BB022007F032FC013003D1404604A91D
S21402A278F0F744FD0EF0F0FC48453A46514607D141
S21402A2880EF0F2FEF8B907B0BDE8F04F0FF03EB98F
S21402A29848460EF0E9FEB0B90D4B1B781BB9394695
S21402A2A848460FF049F83A4651464846FDF7DEF961
S21402A2B848B1317811F0030105D1204607B0BDE850
S21402A2C8F04FFFF7C5BD07B0BDE8F08F86F4030070
S21402A2D8CE61002038B5114D2B78023B012B18D8D9
S21402A2E80CF0FFFF0446B0B9FFF7A2F82B78032B51
S21402A2F807D12346FF2221460120FDF777FE0120DB
S21402A30838BD21462046FAF7D5FD003818BF012089
S21402A318F6E71720F4E70220F2E700BFD76100202D
S21402A3282DE9F74305460E4614460EF014FA0C2895
S21402A33828464AD10EF0FFFA0922002111F072FFD0
S21402A34800F11001C9B2284606F074FF042813D09B
S21402A3587C282BD0012840F0AC8046B91321284629
S21402A36810F029F903B0BDE8F0430EF09EBC03B026
S21402A378BDE8F043FDF7DCBC5B4B1B78022B40F0D4
S21402A388988046B9FFF7FAF8C3070AD5FFF792F896
S21402A398002C08BF3F26304603B0BDE8F0430CF059
S21402A3A8F9BAFFF7CFF80028F0D0F1E7284612F0FE
S21402A3B815F80446284611F0F5FF02463046E1B283
S21402A3C803B0BDE8F0430CF0E3BA0EF0B4FA8046E8
S21402A3D8043012F098FB074608F1020012F093FBCD
S21402A3E84FF6F773984204460CD8404A138801334E
S21402A3F89BB213800BB93E4A13801EB13C4A13889F
S21402A4080133138098F8009009F00309B9F1010F97
S21402A4181DD1284610F0ACF90146284606F00AFF78
S21402A4280B2809D00D2807D0042842D1284603B0A5
S21402A438BDE8F043FFF7A6BB2E4B1B78042B38D19A
S21402A4480021084603B0BDE8F043FAF733BDB9F178
S21402A458000F2ED13146284603F05EFD4EB34FF666
S21402A468F7739C4225D898F80160204616F0040631
S21402A47822D10FF005FF054620467DB10FF032FFC8
S21402A488034600BB0C220090214638460FF022F9FC
S21402A4980C22002339462046009308E00FF022FFDC
S21402A4A80346C8B9144A00901278214638460FF077
S21402A4B811F903B0BDE8F0830FF014FF034678B92C
S21402A4C80B220090F1E706223346214638460096CC
S21402A4D80FF000F90622DCE72B4600950622E4E791
S21402A4E84B46CDF80090F9E7D76100200A5B0020BA
S21402A4F8085B0020D8610020326C00202DE9F04F5E
S21402A50805888BB0044628460EF015FA074604302E
S21402A51812F0F9FA8146B81C12F0F5FA05A9804637
S21402A528284610F06FF9284610F022F9014606462A
S21402A538284606F07FFE3B78824603F00303012B8B
S21402A5480CBF83464FF0FF0B12F0F3F9E388019035
S21402A55802930EF081FBFB7900904846039300F0C5
S21402A56881FF002876D1404600F07CFF002840F0A4
S21402A5788880FDF72BFB8046FBF7CEFD10B9FFF768
S21402A58839FD30B1A8F104085FFA88F8B8F1020F6D
S21402A5981BD90BF0FD03042B00F0B380FFF72AFD4E
S21402A5A820B10AF0030ABAF1010F0ED0FBF70EFD2E
S21402A5B828B9714B1B7803F00F03062B68D16F4B33
S21402A5C82846B3F868100EF000F9BBF1010F63D104
S21402A5D828460EF0E4F84FF6FF73984240F0918052
S21402A5E800233146284607AA0FF052FE07460028DF
S21402A5F842D042799DF82530934209D9711D2846E2
S21402A60889B206F02BFEA37823F00F030233A37059
S21402A6180CF09DF97E23B0FBF3F202FB130303F55D
S21402A6288073A3809DF8263013F0180F0AD0A378FB
S21402A6381B0707D1009B4B4504D048467A7905A9E3
S21402A6480CF0BAF99DF82700003818BF01200BB0A5
S21402A658BDE8F08F28460EF06EF9023012F053FA73
S21402A6684FF6F773984207D9039B2BB92846FFF78C
S21402A67857FC00287FF477AFA37823F00F03A37064
S21402A68808E0404612F03AFB00287FF472AFF3E780
S21402A6982823A3800020DAE7BBF1020F54D1012356
S21402A6A8314607AA28460FF0F3FD80460EF0D4FA84
S21402A6B8BDF8223098421FD1B8F1000FDCD0012233
S21402A6C8B8F80230314628460FF0E0FD2C4A1378D7
S21402A6D80133DBB2FB711370B8F80230BDF81E20E6
S21402A6E89A421FBFA37823F00F030233A3704FF4D6
S21402A6F8C873A3800120AAE7184612F0FFFA0028BA
S21402A708DAD128460EF04BF812F098FA012808BF5C
S21402A7181C4BA27809BF1B78FA2303EB830303EBCF
S21402A728830302BF9B00FA339BB21209A4D1DDE968
S21402A7380121521A92B293429ED30CF008F900F005
S21402A7481F001030A080D5E7BBF1030FD9D1009BBC
S21402A7584B45D6D1711C284689B206F06BFD0C28EB
S21402A768CFD1FCF7FFFD4FF6FF7398420146C8D0DB
S21402A77828460EF02AF8C4E7D76100204455002080
S21402A788D56100200D6C00202DE9F04105460C46E7
S21402A7980DF0E1FF082802D10120BDE8F081201D56
S21402A7A812F0B1F90646284694F807800EF026F805
S21402A7B8074628460DF0C5FF010612D5184B1B782A
S21402A7C8042B0ED1174B1B78022B0AD1164BB3F863
S21402A7D868204FF6FF739A4203D000210846FAF71C
S21402A7E869FB124B1B78002BD6D1A01C12F08BF9F2
S21402A7F84FF6F773984202D86378DA070DD52378AE
S21402A8089B070AD13A46414630460EF02DFC80F0A8
S21402A8180100C0B200F00100BFE70120FAE700BF5E
S21402A828D8610020D76100204455002082620020AB
S21402A8382DE9F04F9DB004460DF08DFF05462046E3
S21402A8480DF089FF082869D14FF400432046ADF879
S21402A8585030ADF85C4011F0C1FDBDF85C20A0F1A7
S21402A8681005EDB210461023002100950FF090FE59
S21402A878294617A80FF064FE204611F093FD0AF049
S21402A888F5F9002321461A460C20009309F0FAFF30
S21402A89898B3204611F086FD14A902461020FBF74D
S21402A8A879FF0501204611F07DFD14A902464020D5
S21402A8B8EDB2FBF76FFF10B120460CF051F82046B8
S21402A8C811F070FD14A902468020FBF763FFB8B9A1
S21402A8D89DB1102517A805F067FF2046BDF85070F1
S21402A8E811F07CFD0646204611F05CFD29460090D4
S21402A8F8F3B2384617AA0CF0C9F81DB0BDE8F08FB7
S21402A908BDF8503017A8ADF85E40ADF85C300CF0D4
S21402A918E0FC0028DCD145F08005DBE720460DF098
S21402A9285AFFB0F5006F40F0058120460DF066FF2D
S21402A9380646042D40F0018120460DF002FF80F401
S21402A9480060C0F3C02000223146400012F0A4F88E
S21402A958944B1A78022A0DD0FFF74CFB50B902F036
S21402A968FD03312B06D0043A012A03D98E4B1B78F5
S21402A978002BC2D02146022001F06CF9059000286F
S21402A988BBD02046ADF846400DF0D5FF0446BDF8CC
S21402A99846000DF033FF0646201D12F0B4F8A31C3D
S21402A9A883461846039312F0AEF812A90746BDF876
S21402A9B846000FF027FF63780690BDF8460094F825
S21402A9C8008008930FF0D4FE6378054608F0030863
S21402A9D830460C93FBF7AEFBB8F1010F0CBF03230E
S21402A9E802230E93714B08BF4FF00B091E80237883
S21402A9F818BF4FF00A0903F03C03082B0D907FF4AA
S21402AA087CAFBDF8460011F0E9FCA8427FF675AFA8
S21402AA18B8F1010F03D023789B077FF46EAF644B1F
S21402AA28B3F86830B3420DD1624A634BB2F90010EC
S21402AA3893F90030002900F0A58001EB0313A3EB7D
S21402AA48211313804FF0010AA5F11003DBB20A9313
S21402AA588DF8453010224846BDF84610CDF800A0BD
S21402AA680DF1450309F00EFF00283FF446AF089B98
S21402AA7813F00203099300F00981504B1B78002B50
S21402AA883FF43BAFBDF8469048460FF071FE0023F0
S21402AA9807904846CDE917331993ADF868300DF09C
S21402AAA8ADFE079B039003F10E01484689B20FF0EC
S21402AAB832FE002870D000234946079A009317A84A
S21402AAC80E2312F01DF950460DF15D010CF023FC21
S21402AAD89DF869300B9004939DF85C30282B5BD167
S21402AAE80DF16100FBF7AAFD0F90002854D10498D7
S21402AAF80FF022FA0F9B002866D1314B049A1B7876
S21402AB08D31A1C0648D404F059F950453CD111F022
S21402AB1815FF2C4E0546346824B104F055F92C1B53
S21402AB28844239D30023FF2219461846FDF75EFAF7
S21402AB38356031E04FF6FD76FBE64FF6FF70301AC9
S21402AB4818BF012000223146400011F0A5FF0C2D47
S21402AB580DD12146012001F07DF800283FF4CDAE44
S21402AB68214600201DB0BDE8F04FFDF7D3BF2DB932
S21402AB7820461DB0BDE8F04FFEF79CBA042D7FF4C0
S21402AB88BCAEE5E61B025CE704F018F9022803D11E
S21402AB9804F0F6F80028BAD000221920039911F01A
S21402ABA87BFFAAE6D7610020826200207E5B002037
S21402ABB844550020525B00207F620020D3610020AB
S21402ABC8D26100205456002010214846079ACDF834
S21402ABD800A00FF001F80028DED0BB4B049A1B78C1
S21402ABE8934240F0AA8003990DF1610214A811F06D
S21402ABF895FD012114A8FBF7F5FA824648F20301EF
S21402AC0814A8FBF763FBBAF1000F03D0082114A8B7
S21402AC180CF024FB48460FF0C9FD03990DF16100BC
S21402AC28FCF72AFCFE288246B6D0FF280AD10398EB
S21402AC3812F04AF8FF28824600F087800DF161017B
S21402AC48FCF7F4FAA04B049A1B78934200F0A38010
S21402AC5850460B99FCF7F6FB00283FF44EAE5046DA
S21402AC680B99FCF701FC237898070FD148460FF09A
S21402AC787FFD0146484606F0DDFA00F0030001288B
S21402AC8804D103980DF16101F0F738F8BDF84600D3
S21402AC980DF057FD010440F18580204611F033FF80
S21402ACA840F4007189B2204611F02FFF00224FF4BB
S21402ACB80041BDF846000DF035FDDDF8149001237D
S21402ACC810220093BDF846100E980DF1450309F0C0
S21402ACD8D9FD00283FF411AE032866D1204611F0AC
S21402ACE812FF40F4007189B2204611F00EFF30467A
S21402ACF812F004F8002840F0B680DDF81490B8F197
S21402AD08010F40F0B6800320BDF8461000F0A2FFFF
S21402AD18002840F0AE802946BDF8460006F08AFABA
S21402AD280F2801467FF6E9AD4FF6F7739F423FF6C6
S21402AD38E4AD30460EF06DFBDFE55046049903F0AD
S21402AD4885FA00287FF44FAF26E7237803F003033B
S21402AD58012B08D148460FF00BFD0146484606F07F
S21402AD6869FA082892D0594B1A78594B1B789A4296
S21402AD7809D20DF161010398FCF70CFA039811F059
S21402AD88A3FF82465EE7A01C11F0BDFE4FF6F773DE
S21402AD989842EED900E75046FCF7CEFB00283FF46F
S21402ADA857AF5CE74FF0000989E7304611F0A6FF77
S21402ADB80028A4D0099B002B57D1B9F1000F52D115
S21402ADC8B8F1010FBDF846009DD0294606F032FAC2
S21402ADD88246DFF8089199F80030002B54D00DF01F
S21402ADE83BFF87427FF489ADB8F1010F7ED1BAF1F5
S21402ADF8070F75D8BAF1050F7FF67FAD354B1B786E
S21402AE08022B02D0043B012B03D899F80030002B02
S21402AE1841D00C9B9A0640F1B4800D9B002B40F063
S21402AE28AC80304611F061FFFF2840F0A6805E45F0
S21402AE387FF463AD069B002B00F09D8012AB46F2B2
S21402AE4804020124ADF85C20019321460223304611
S21402AE58009417AA0FF068FC00283FF44EAD21466E
S21402AE680DF0ECFF49E5DDF8149030460FF022FAB3
S21402AE7845E72946BDF8460006F0DCF9099B8246F6
S21402AE8813B9B9F1000FA4D0124B1B78022B02D0CB
S21402AE98043B012BBDD8304600F0E4FA8146002870
S21402AEA87FF42BAD0DF0D8FE864225D10A4BB3F8B7
S21402AEB868400DF0D1FE4B4601460D222046CDF8DD
S21402AEC800900EF007FC18E5D2610020D161002040
S21402AED80E6C0020D761002044550020D361002064
S21402AEE8AAF10E03DBB2012B88D906E50AF00303A2
S21402AEF8012B7FF402AD81E7304611F0FFFE58B908
S21402AF080DF0C7FE4FF6FF73984205D011F074FC99
S21402AF1810B93046FCF7E4F8304611F0EFFE88B177
S21402AF280DF0B7FE4FF6FF7398420BD011F064FC93
S21402AF3840B9B8F1010F02D1BAF1060F02D0304675
S21402AF480FF0B7F9069BA3B91946012258460EF028
S21402AF5829FB814600287FF4D0AC20460FF045FC3A
S21402AF684A46014638460EF01DFB00283FF451AF0C
S21402AF78C3E412A9E9E7069B61E7637823F0200396
S21402AF8863704FF6FC739F423FF4B7AC4FF6FD73FF
S21402AF989F4204D1B34B1B78042B3FF4AEACA37983
S21402AFA80BB1013BA37163785B0727D5002358468C
S21402AFB817AA14A917930FF05DF91798F0B10FF0B6
S21402AFC852F98146384611F090FE179A01461379CF
S21402AFD803F03000102806D003F00C0008281CBF27
S21402AFE823F00C031371137903F03303202B05D1D6
S21402AFF8FF2903D0012248460FF044F9304611F0E3
S21402B00874FEFF281EBF0022974B43F82020089B99
S21402B01803F001094FF6F7739F4200F2F980B9F17F
S21402B028000F40F00181314658460EF085F90DF0C2
S21402B03813FE874200F0C680384611F05FFE0028ED
S21402B04841D0B8F1010F27D1BAF1010F17D14A46FC
S21402B0582946BDF846000FF018F9384611F04EFE9C
S21402B068824B1B78002B72D1584611F047FE0028F7
S21402B07866D1384611F042FE002861D13DE43846D2
S21402B08811F03CFE50B3BAF1030F27D12946BDF89A
S21402B09846000EF057FB30E4384611F02FFE3846CD
S21402B0A80FF020F9002847D0002339465846BDF845
S21402B0B8462001F061F900283ED00021BDF846007E
S21402B0C8FEF7C6FE19E4384611F018FE18B1B8F1B4
S21402B0D8010FD8D0E3E7B8F1010FE0D1634B1B7834
S21402B0E8002BC1D0BAF1050F31D10DF0B5FD8DF8A0
S21402B0F85C000DF0B1FD000A8DF85D000123022206
S21402B10817A90DF14600FAF775FD00287FF4F5AB8E
S21402B118691C89B2BDF8460006F07AF8037801334E
S21402B12803706378590715D40DF096FD834522D02F
S21402B138002239461C2032E54C4B1B78002B93D054
S21402B148B8F1010FCED063785A0714D502E06378B7
S21402B158580718D5BDF8464020460FF0CBFA411CD2
S21402B16889B2204606F054F80378B8F1010F03F1C5
S21402B178FF33037004D0BDF84600FEF78DFF09E0E2
S21402B188BAF1050FD0D0BDF84600FEF785FFBAF132
S21402B198030FCDD00228CBD10021584617AA0FF0AC
S21402B1A86CF830B10379468003F03C0343F0400361
S21402B1B8037100232E4A00933946584612780EF039
S21402B1C889FAB5E7B8F1010F7FF477AF0AF1FF33D2
S21402B1D80C2B00F2868001A252F823F045B2020038
S21402B1E845B2020095B002005BB202007DB20200D0
S21402B1F803A90200A1B20200B1B20200BDB2020067
S21402B208BDB2020003A90200D3B20200DFB20200F6
S21402B218B8F1010F71D0B9F1000F08D1BDF8460098
S21402B228FEF7AEFFFFF769BBB8F1010FCED0237A5F
S21402B23803F00303012B7FF460ABEFE7AAF10203E6
S21402B2485A422946BDF846005A410FF01EF8FFF743
S21402B25854BB2A465846BDF84610FEF71FFCFFF7B1
S21402B2684CBB00BFD8610020D4460020126C0020D8
S21402B278326C0020691CBDF8460089B205F0DAFF78
S21402B2880235EDB20246BDF846305846009512A978
S21402B29806F0D4FDFFF731BB01200A9ABDF8461026
S21402B2A8FDF71AFBFFF729BBBDF846000EF0F3FFC1
S21402B2B8FFF723BBBDF84600FEF732FDFFF71DBBBE
S21402B2C8BDF84600FEF72CFDA8E7BDF84600FEF7D7
S21402B2D80BFAFFF712BBBDF846000BF0F4FFFFF7B8
S21402B2E80CBB2B4622465046BDF846100BF0C1FF53
S21402B2F800287FF402AB51461BE50AF1FF330C2BFC
S21402B3083FF6FBAA01A252F823F000BF45B202009C
S21402B31845B2020095B002005BB202007DB202009E
S21402B32803A90200A1B20200B1B20200C9B2020029
S21402B338C9B2020003A90200D3B20200DFB20200B9
S21402B34810B5002111480DF05AFB0446E8B10DF07D
S21402B3587EFA0F4B187020460DF07EFA0D4B1870C9
S21402B36820460DF07FFA0C4B187020460DF07FFA37
S21402B3780A4B1860012011F0E5FA2046FFF758FA42
S21402B388BDE81040002011F0DDBA10BD305B002089
S21402B398806200207F6200207E6200204C560020D9
S21402B3A870B5144E044633680D46BBB10DF0D3F99A
S21402B3B80C2813D120460DF0BEFA092200210446B5
S21402B3C810F030FF235C042B08D10B4C25B10B4B35
S21402B3D822781B789A4203D300232370002070BD7C
S21402B3E80748316811F0CAF8237801200133237020
S21402B3F8F5E700BF5056002081620020316C00201D
S21402B408D86A0020014B93F901007047525B00206E
S21402B418014BB3F8680070474455002070B5002405
S21402B4280D4D2C70EFF77CFAE6B2B04208D800222F
S21402B4380A4B1A700A4B198801B11A80012070BD8E
S21402B448304611F058FCC30748BF2B7804F10104B4
S21402B45844BF01332B70E5E7D0610020C9610020A4
S21402B468045B002038B50B4B05461B7873B10133D5
S21402B4785C08094B188810F095FF002330F8132053
S21402B488AA4205D00133DAB2A242F7D3002038BD69
S21402B4980120FCE7C9610020045B002030B50546A0
S21402B4A885B008460C4611F022FCFF280CD00EF098
S21402B4B82EF8012200210346CDE901120092214608
S21402B4C82A460720FCF7F6FB284611F00EFCFF2852
S21402B4D804460FD011F00FFCC2070DD5204611F016
S21402B4E80AFC830708D40B4A32F8143043F4806304
S21402B4F822F8143005B030BD0EF009F801220021FA
S21402B5080346CDE90112009207202A46FCF7D2FB31
S21402B518F0E700BF005B00204FF6FA72431E9BB2AC
S21402B528934270B504462AD8FFF79CFF38BB194BDE
S21402B5381B78042B23D0204611F0C6FBFF2801D027
S21402B548FBF7FEFC20460EF090FE08B10EF087FED2
S21402B5582046114E03F0ACFE20460BF02BFA31784B
S21402B5680E4D69B1288810F01DFF054601461E22B9
S21402B5780230F2F7ADFB2C8033781E2B07D970BD4C
S21402B588202010F083FF28800028EBD1F7E702334B
S21402B5983370F4E7D8610020C9610020045B0020FC
S21402B5A8044A13782BB1013BDBB213700BB9024A7B
S21402B5B813807047C9610020045B00200148FAF72F
S21402B5C8D5B800BF045B00202DE9F0478046174631
S21402B5D80D468CB061B903AE00211B4811F0FBFA88
S21402B5E84FF000090446DFF860A01CB920461DE0AB
S21402B5F80E46F1E70022214624233046CDF8009075
S21402B60811F07EFB082241463046F2F75BFEA8B9E7
S21402B618337C9BB96FB945B92A4621460A480DF0CC
S21402B6280DFA0A4A1388013B138001200CB0BDE8C4
S21402B638F0873B88B28953405B06ECD521465046D4
S21402B64811F0EDFA0446D0E7665B0020645B002042
S21402B658024B1888003818BF01207047645B002028
S21402B6682DE9F04330488DB0FAF770FB11F066F911
S21402B6782E4D2B68C41A4FF47A73B4FBF3F4A4B2B3
S21402B68814B111F05BF92860294F4FF6FF763B8814
S21402B698DFF8A080ADF80A3000233B8000210DF1C8
S21402B6A80A000DF0ACF9054658B9224B1B882BB197
S21402B6B84FF47A711C48714310F060FF0DB0BDE874
S21402B6C8F0834FF0000924234A462946CDF8009015
S21402B6D803A811F015FBBDF81A30A34294BFDB1A73
S21402B6E81B1B9BB2ADF81A3063B9BDF818301B069F
S21402B6F802D508980BF0CBFBB8F80030013BA8F847
S21402B7080030CBE79E4228BF1E4601234A462946FA
S21402B718009303A8242311F0F3FA4A46294638462A
S21402B72811F05FFABAE700BFB84700205856002063
S21402B738665B0020645B0020F0B504462E4A8DB096
S21402B7481068516801AB03C3A378012B4FD11622A8
S21402B75800210DF11A00F2F769FAD4F82110D4F88C
S21402B7681D0003AB03C32388190644BF6268089208
S21402B778DA050BD5221D08AE04F114073546106803
S21402B7885168083203C5BA422E46F7D1ADF81830CA
S21402B79813F0040318BFA3690593EFF7D9F800233B
S21402B7A8ADF81A00082201A903A88DF81C30F2F792
S21402B7B889FD18B106A903A80EF044F9002224212F
S21402B7C803A80DF0D3F8044698B10020FFF748FF07
S21402B7D800222146094811F004FA094A0020138873
S21402B7E801331380FFF73CFF00200DB0F0BD0220A6
S21402B7F8FBE71920F9E700BF86F40300665B002022
S21402B808645B0020F7B5044600200E46FFF728FFC3
S21402B818104B1B88A34202D8212003B0F0BD00219A
S21402B8280D4811F0D8F9002501460B4F0029F3D030
S21402B838A54208D10024242322463046009411F05B
S21402B8485FFA2046E9E7384611F0E9F9013501467C
S21402B858ECE700BF645B0020665B00200148F9F74E
S21402B86885BF00BF665B0020014B1888704700BF83
S21402B878645B002070B50C4611460E4A237812788F
S21402B888064613F0200542EA0302227018BF611D1D
S21402B8980822F2F71DFA002D0CBF05200D20D4F859
S21402B8A80130B3602378337303F01803082B08BFFC
S21402B8B8013070BDD3610020042307B501200DEBCB
S21402B8C80301054AFAF7BCFA019B044A1B031360F4
S21402B8D803B05DF804FB00BF63E511007C48002056
S21402B8E810B5064C2368C3F30B0313B90448E3F7F1
S21402B8F8A9FC2068431C236010BD00BF7C480020BA
S21402B90863E51100014B1868704700BF7C480020A9
S21402B91807B50020054B064A186004230DEB030101
S21402B9280190FAF78DFA03B05DF804FB7C48002014
S21402B93863E511007FB511230A4A012001A9FAF727
S21402B9487FFA094B9DF814201A70084B1B780BB126
S21402B958052B05D10AF0FAFF012007B05DF804FBB3
S21402B9680020FAE779EB0100D2610020D3610020BB
S21402B9782DE9F04F0646CBB08846008801211746C7
S21402B98810F048FD2E4B3A463188ADF8160006A848
S21402B9980EF0F7F80DF1280B5A464146C4193088BE
S21402B9A80EF079F8E4B208EB0003A34208BF044697
S21402B9B805464FF004091CBFA4EB0804E4B223466C
S21402B9C85A460121CDE900090BEB050ACDF808B065
S21402B9D82D1B06A8EFF7ECFBEDB20BEB0403009366
S21402B9E8019523465A46414630880EF082F8348836
S21402B9F83946204605F01EFC394600F0F802204675
S21402BA0805F02CFC0121308810F004FD01234A467B
S21402BA18514680B10DF11600FAF7ECF801210446FA
S21402BA28BDF81620308810F009FDB4FA84F04009F3
S21402BA384BB0BDE8F08F3046FAF7DCF80446F4E778
S21402BA485D6200202DE9F04FC9B00446884692464A
S21402BA58C118224A04A81F46FFF70CFF4FF0040934
S21402BA68C519EDB208AB0293A5EB0A0BA8EB0A03BD
S21402BA785FFA8BFBA8EB0506DBB2F6B204EB0A020A
S21402BA88009301215B46CDF8049004A8EFF790FBDB
S21402BA9806F590730DEB03025A44A2F580721368FA
S21402BAA808A844F80830E35D324623F00703E35556
S21402BAB82C442146F2F74AFA08ABCDE9019308AAC4
S21402BAC800230121009604A8EFF772FB32462046AF
S21402BAD808A9F2F73BFA49B0BDE8F08F5D6200208C
S21402BAE8F8B506460EF01AFF811C054689B230469E
S21402BAF80EF011FEF0B1EDB12946304605F09AFB7C
S21402BB081228074616D80C4B691C1C5C89B23046AC
S21402BB1805F090FB2C44052FE4B205D1052809D878
S21402BB28064B1B5C1C44E4B221463046BDE8F8408E
S21402BB380EF0F1BD0020F8BD2ED0040028D0040077
S21402BB48F8B505460EF014FE044628460CF0F3FE39
S21402BB58A11C074689B228460EF0DDFD00283ED015
S21402BB68002C3CD02146284605F064FB0646611C9C
S21402BB78284689B205F05EFB0F2E30D8194B9B5D1E
S21402BB88E118731E89B2092B0ED8DFE803F00905FF
S21402BB980D0D120D0D181E1EC40644BF083189B2BB
S21402BBA8820601D5083189B22846BDE8F8400EF06B
S21402BBB8B2BD7B78DB0612D501EB4001F3E700F055
S21402BBC81F0000EB40000144EDE71F2805D8092EA8
S21402BBD80ABF4000022080B2F5E7C828E4D0002059
S21402BBE8F8BD00BF41D00400F8B506460CF0A3FE27
S21402BBF809220021054610F015FB00F1100428461C
S21402BC0810F081FFE4B207462146304605F012FBE3
S21402BC180546304610F0E2FBBA05A0EB0403DBB299
S21402BC280AD47C2D0AD0082D0AD8064A505D9842B6
S21402BC388CBF00200120F8BD1220F8E70320F6E7A3
S21402BC48FF20F4E752D00400014B1878704700BF73
S21402BC58336C002038B5114B04461B7808469BB94E
S21402BC68012038BDA24205F101050FD103EBC1033D
S21402BC785B6898470028F3D11E2022464FF6FF71CC
S21402BC8810F00AFF0020ECE70025054BE9B213F88E
S21402BC983120002AE6D11446EEE700BF336C0020B6
S21402BCA8F8CF04004FF6FF7307B502220DF106011E
S21402BCB80348ADF80630E3F701FB03B05DF804FB72
S21402BCC8603202E0002307B5ADF80430134B984201
S21402BCD821D10B88DA0703D5232003B05DF804FBCD
S21402BCE89B0748BF4FF47F434FF002020C480DF102
S21402BCF8060148BFADF80430E3F7B4FA4FF6FF730F
S21402BD08BDF806209A42E7D10222054801A9E3F7C0
S21402BD18D5FA0020E1E72120DFE700BF1FD1BACA23
S21402BD28603202E0002313B50222038004460DF1B6
S21402BD3806010F48E3F796FA2D2801D0112805D1F7
S21402BD484FF6FF73ADF80630FFF7ACFF9DF80630E6
S21402BD58BDF806201BB1238843F001032380002088
S21402BD68FF2A82BF238843F00203238002B010BD55
S21402BD78603202E0034B1B78002B14BF4420562087
S21402BD880E307047D36100202DE9F04F8DB0179C16
S21402BD9806468946CDE90223BDF85870D588ADF81F
S21402BDA816103CB9EC0605D500970AF000FF0DB050
S21402BDB8BDE8F08FC5F380242B054FEA043448BF4C
S21402BDC844F40064A80511D544F080040A2E00F253
S21402BDD86981DFE816F09A002F001700370067011E
S21402BDE86701370010009A0037009E00E90548BF31
S21402BDF844F04004EAE74FF001084FF0020B4FF018
S21402BE08000A14E008A95FFA89F00EF0F6F8DDF8E1
S21402BE182500DDF8291006AB03C3A44B33F8193006
S21402BE28ADF816304FF00008C3460DF1180A002F79
S21402BE385DD125E006AA0DF116015FFA89F003F036
S21402BE4817FAEFE74FF6F773994540F22B8115F488
S21402BE58026F40F02781964B1B78022B03D0043BD7
S21402BE68012B00F2218147BB032E4FF001080CBFBD
S21402BE784FF00C0B4FF0080BBA4624F4C074A4B269
S21402BE888C4B18884FF6FF73984206D08A49FAF701
S21402BE9867FB10B124F48054A4B2039B384600937F
S21402BEA8BDF81620534644F4027105F0EBF9ADF8D6
S21402BEB82000002838D1192079E7384610F08EFA83
S21402BEC80246FFF757FF032E08BF0138824201DDFC
S21402BED838206CE7032E4FF001080CBF4FF00C0B0E
S21402BEE84FF0080B4FF0000A24F4C074A4B2029B69
S21402BEF81B889BB91A4639460620009308F0E5FCCB
S21402BF080028BDD140F6014051E74FF00008C3466D
S21402BF1875E74FF001084FF0030B70E70023394628
S21402BF281A4607200093E9E74FF6FF73614A11881D
S21402BF3899421CD00CF0FFFC03465E4A0430118876
S21402BF48039310F0E2FD5D49039B097814F4805FC1
S21402BF58D9715949574A1FBF086898604868D86017
S21402BF684FF6FF7313804FF0FF330B604B60594652
S21402BF78029A08A805F03AFA00289CD0504C237872
S21402BF88002B3CD1A7B1384610F028FA0746BDF870
S21402BF98200010F023FA23780744002B14BF12223D
S21402BFA80022EB1003F0040317443B44842B8FDC77
S21402BFB815F400570AD0BDF8204020460CF0C1FB05
S21402BFC840F4806189B220460CF0A6FBA6F108036D
S21402BFD8012B05D801221021BDF820000CF0A2FB87
S21402BFE8179BBDF8204043B32046BDF816100CF048
S21402BFF8ECFBBDF82030179A00201380D7E6AA0675
S21402C008C0D56B0103F020030A2E14BF43F00103C8
S21402C01863F07E03DBB2B8F1000F08D00021524667
S21402C028009108A800F082FE0028ABD0BFE61A46A8
S21402C038514608A80DF0D0FEF6E720460EF098FB0B
S21402C048179B024621460420009308F03EFC00286F
S21402C0583FF458AF0A2E18D84FF4D963F340DB07DB
S21402C06813D5072E0AD00A2E08D0BDF820000DF0E8
S21402C07873F980F00100C0B2800098E608A80BF0B9
S21402C08805F90028F1D0042091E617B125F04005FD
S21402C098ADB22B463146BDF820005FFA89F201F0B0
S21402C0A87DFE84E6012082E6162080E6345A0020C9
S21402C0B8D7610020BC6B0020346C00208D62002003
S21402C0C8D3610020F7B50F469DF828100446DDE92F
S21402C0D80B061D46F1B94FF6FF739C421CBF174B61
S21402C0E81C804FF000041CBF154B1A70BDF82400C4
S21402C0F805F012FA00232A46CDE9004339460620FF
S21402C1089DF82030FFF740FE10B90EB1AB7A3370B7
S21402C11803B0F0BD78B14FF6FF739C421FBF074BC2
S21402C1281C80074B1A7000220CF020FC04460028DC
S21402C138DCD11920ECE72120EAE700BFBC6B00201F
S21402C1488D6200202DE9F04788469DF8281007469C
S21402C15816461D469DF820A0BDF824900B9839B1C6
S21402C16858B300220CF002FC044610B9192025E048
S21402C1780C464FF6FF739D421FBF114B1D80114B95
S21402C18883F800A04FF6F7739E4208D80E4B4FF678
S21402C198FD761A784FF6FF73002A18BF1E464846E1
S21402C1A805F0BAF900233A46CDE908433146434634
S21402C1B8BDE8F0470320FFF7E7BD2120BDE8F0877A
S21402C1C8BC6B00208D620020946100202DE9F047A8
S21402C1D886B09DF838600546DDE90FA80C46174676
S21402C1E89946B6BB374B1B78022B1DD125BB4FF69B
S21402C1F8F7739C4214D80026484605F08DF90023AA
S21402C2083A46CDE900632146FF232846FFF7BCFDE0
S21402C21838B9B8F1000F04D0BB7A88F8003000E0CD
S21402C228012006B0BDE8F087043B012BDED908469C
S21402C2380BF029F810B31DB3022D31D1EEF76AFBC5
S21402C248A042EDD9204B33F814204FF6FD739A42DC
S21402C25819E0BAF1000F32D01A4B1B78022B05D11F
S21402C268FFF788FDB042E6D23820DAE7043B012B16
S21402C278F6D908460BF007F80028F1D11620D0E7C1
S21402C2884FF6F7739C42CBD8002EB4D03146002224
S21402C29850460CF06BFB06460028ADD11920C0E7C5
S21402C2A8012DBDD104AA0DF10E01E0B202F0E0FFA5
S21402C2B8064B1B78A342B3D9BDF80E20C5E721204A
S21402C2C8AFE700BFD7610020345A0020086C002070
S21402C2D830B5104B87B005460C461868596803AA4D
S21402C2E803C298680C4910609A88DB8852BA23F011
S21402C2F84003ADF812300023CDE90043ADF8102014
S21402C308FF23098803AA0720ADF80E50FFF73CFD65
S21402C31807B030BD725B00207E5B002038B50C4645
S21402C3281146124A124D108022682A6062686A60B4
S21402C338A268AA60E288500616D5EA88520613D57D
S21402C34861B1002218460CF011FB014650B1608814
S21402C358FFF7BEFF0522074B1A7038BD08460EF0D7
S21402C36848F9F2E71920F5E70220F6E77E5B002097
S21402C378725B00209D6200202DE9F04F074689B0C7
S21402C388104615461C468A460EF0F2F9014628461D
S21402C39804F050FF064628460CF0CDFA043010F09A
S21402C3A8B2FB80460CF058FC804550D0B2074ED1FE
S21402C3B8DFF8AC80284605A9B8F800B00EF0BFFA38
S21402C3C89DF81930A8F8007003BBBDF81430EBB915
S21402C3D828460CF0B0FA023010F095FB4FF6F773C9
S21402C3E8984294BF4FF000094FF001090123013427
S21402C3F8E4B22A463846CDF8009005A9039303F01E
S21402C40801FC039B40B901339C421ED20020A8F8C7
S21402C41800B009B0BDE8F08F022CF8D1012BF6D196
S21402C4280C4A0D4BA3F800A01378591C11700B4A3E
S21402C4387F3B16F00C01137007D1BDF81A305B0665
S21402C44803D5BDF81600FFF743FF0223D1E7002005
S21402C458DFE700BFD5610020BC6B00208D6200209C
S21402C4687E5B00202DE9F04FABB00F46ADF81E00FC
S21402C4780CF061FA00F1020A0646504610F043FB39
S21402C488BDF81E40054620460EF072F901462046C3
S21402C49804F0D0FE814600F00308301D10F033FB8E
S21402C4A8414C20800CF0D8FBA8422DD04FF6F773EB
S21402C4B89D4229D87378DA0726D428460DF012FF4B
S21402C4C830B101232946BDF81E202088FFF754FF05
S21402C4D80CF0C2FB344B1B8883420FD1BDF81E40BA
S21402C4E820460EF045F90146204604F0A3FE10F059
S21402C4F80C0103D1BDF81E0001F00EFD00222B4BE5
S21402C5081A602BB0BDE8F08F2949BDF81E000EF060
S21402C51816FA2849BDF81E000EF074F90028254BB5
S21402C52808BF0023214ABDF81E0013600CF08FF9DD
S21402C538214B1870BDF81E000CF08EF91F4B1870B0
S21402C548BDF81E000CF093F91D4B186000238DF8F9
S21402C5582230002F3AD0164BDB889B0636D5194B6D
S21402C5681B689D071ED4B8F1010F14BF08231823B1
S21402C5780DF12202009200220DF11E00114600F073
S21402C588D5FB18B3B8F1010FA2D10F4B1B78112BAC
S21402C5989ED10DF0C0FC00289AD140F61D40FBF74C
S21402C5A80FFB95E70823E3E77E5B00206056002032
S21402C5B8725B002085620020806200207F62002075
S21402C5C84C5600208C480020D7610020504610F0B8
S21402C5D89AFA8246BDF81E000FF000FFA0F1100579
S21402C5E8EDB22A4631460AA8F1F7B0FCFF238DF8C9
S21402C5F82F304FF6F7739A4540F2DF80B8F1010FF5
S21402C60800F0E780B8F1020F00F04681B8F1000F9B
S21402C6187FF45EAFA44DBDF81E00EB88ADF824008B
S21402C62804930CF088F9BDF82460074630460EF0ED
S21402C6389FF80146304604F0FDFD8DF82300B81C2D
S21402C6487E7810F060FA07460CF006FB06F0010644
S21402C658B4F8009003906C88002E7FF439AF4FF63A
S21402C668F77A4246494657458CBF0620082010F0FE
S21402C67813FABDF824B058460EF07AF85946024620
S21402C68843460420CDF8008008F0FCF85745834658
S21402C6980AD8B5F90620EB88002A05DB580603D522
S21402C6A841462046FFF714FEBBF1000F3FF410AFD9
S21402C6B82B88002B5AD16B79002B57D14FF6F7737C
S21402C6C80DF126019F42BDF8240094BF4FF0000BDF
S21402C6D84FF0010B0DF0F0FCDFF8D8A100F1FF389F
S21402C6E8BAF800301FFA88F10593EB88BDF82600E1
S21402C6F8069304F09FFD069B049901900093224638
S21402C7085B460598C1F340110AF0CAFD00283FF4BB
S21402C718DFAE042306200093BDF82610624B5FFAAC
S21402C72888F208F0AFF800283FF4D2AE48F20203C7
S21402C7386A889A4205D1BDF82410BAF8000000F0BB
S21402C74825FF594D09AA29460DF123000AF0A6FD30
S21402C758034600287FF4BCAE2104BAF80000BDF8F0
S21402C768242060D5234629460DF0BBFC9DF82330CD
S21402C7784D4D03F00C030C2B75D128890DF07CFC6B
S21402C78800283FF4A5AE039B002029894B4514BF19
S21402C7980226032602F044FC444B18704FF6F77341
S21402C7A89F42BDF8240075D8A4F13802534253417B
S21402C7B832463D4904F036F88AE6B8F1020F6BD0E5
S21402C7C8394BB3F90630002B26DAB8F1010F7FF49D
S21402C7D81DAF0CF041FA238883423FF479AE052058
S21402C7E8BDF81E10FFF736FA00283FF471AE2E4A3F
S21402C7F8D3885B0607D50023CDE900330A20FF233A
S21402C8082188FFF7C1FA3A469DF822302188BDF8FA
S21402C8181E0002F01DF85BE629460AA800F070F82A
S21402C8280028D2D054E60221DFF88C8088F800105F
S21402C8382946CDF800B003F0E5F9132C96D0EB881C
S21402C8485D0493D41A4B1B78D80703D598F80020B2
S21402C858022A8BD099077FF53BAE98F80030012B59
S21402C8687FF436AE82E700222B79124800936B7962
S21402C8781146008802F0FCFB0C4B18709DF823301A
S21402C88803F00C03082B89D1039B4B4514BF0426DF
S21402C898052683E701238BE74846BDF81E20024992
S21402C8A801F0AEFA14E600BF725B00209C6200201C
S21402C8B8986100207E5B00208E62002010B5002161
S21402C8C808480CF09CF8044650B101460420FFF7CD
S21402C8D8C1F928B12046BDE810400121FFF7C2BDC4
S21402C8E810BD00BF625B0020034BFF211A78034885
S21402C8F89200F1F79BB900BF096C0020444500205E
S21402C90870B5451804464FF0FF31AC4212D1104BB1
S21402C91810481A7805460023934211DB0E4C2078FD
S21402C928431CB3FBF2F602FB163345F820102370BD
S21402C93800200CE014F8010BE1F7F4FD0146E4E7E9
S21402C94850F8044BA14201D00133E5E7012070BD3F
S21402C958096C0020444500208F620020042307B596
S21402C96801200DEB0301054AF9F76AFA019B044A0E
S21402C9781B03136003B05DF804FB00BF23E111003C
S21402C9885C560020014B1868704700BF5C560020B2
S21402C998014B1868704700BF5C56002010B5064C5D
S21402C9A82368C3F30B0313B90448E2F74BFC206869
S21402C9B8431C236010BD00BF5C56002023E1110013
S21402C9C82DE9F04F93B003930023DDE91C79069313
S21402C9D899F8003083460DA804930E4615460AF0C9
S21402C9E8EDF899F8003013F003043ED0039B0DF1DE
S21402C9F8250A8DF824300022082138460CF0BAF8A9
S21402CA08002870D028880BF096FF99F800301C078B
S21402CA184CBF0430023010F076F807A98046F9F7C2
S21402CA289FFB9DF824300446980633D5288806F1DD
S21402CA380D010DF070FEA8B10023009338460823B6
S21402CA482988721D10F05CF999F8003003F0180373
S21402CA58182B4AD1B8F1000F47D0A94BB3F8683063
S21402CA68434542D040F60A4327E02888711D0DF058
S21402CA7852FE0028F6D0009405233246298809A8D3
S21402CA8810F03EF99DF824300DF1240A03F018033D
S21402CA980393B0E714BB39464046F9F761FD002810
S21402CAA8D2D099F800309907DCD040232246214696
S21402CAB840460DF0BDFB40F6094399F8002012F0F7
S21402CAC8030440F0F780288803930BF097FE22466B
S21402CAD801461A200FF0E0FF039BEBE007AB03CBFF
S21402CAE838607960B0E74FF6FF780AF0BCFB044678
S21402CAF820B104213846F9F74FFB04461E9B002B4B
S21402CB085AD009231E990DA88DF834300AF0D0F9A8
S21402CB18209B0BB1209B0693039B002B40F08E8034
S21402CB280DA8EEF7A7FB99F800309A0700F0988050
S21402CB38FFF734FF5146024601200AF0DEFB99F859
S21402CB4800309B0710D5594628880DF0BEFE0BF11B
S21402CB58090350FA83F35FFA83FB594628880DF0D7
S21402CB688BFE00EB0B06F6B299F8003013F0C20FF4
S21402CB780AF104030DD09DF82420624942F02002EF
S21402CB888DF824200A68CAF804204A685A600AF10E
S21402CB980C03012209A800921B1A324629889BB266
S21402CBA810F0AEF8324659462846FEF7E1FE00284F
S21402CBB800F0A48000237DE01F9B5BB19E460DF12A
S21402CBC8340CBEE80F00ACE80F00DEF80030CCF8F4
S21402CBD800309DE7049B594603F0200328880493F7
S21402CBE804F028FB10F0030F0CBF01230023059363
S21402CBF8049B059A003B18BF012342EA43030093AD
S21402CC080DAA06AB38461F9900F0FEFA049A0346A8
S21402CC1882B1002880D0059B0DAA0093384606AB41
S21402CC281F9900F0F1FA034699F8002022F0200234
S21402CC3889F80020002B3FF46FAF3EE7039B102BCA
S21402CC4806D1BDF8363043F00103ADF8363067E753
S21402CC58039B182B4FD1BDF8363043F00203F4E796
S21402CC6801200DF125010AF056FB99F8003082469C
S21402CC7813F0040F288821D1069B1BB3002C35D04D
S21402CC880BF0BCFD0022014616200FF005FF84B10A
S21402CC987FB14FF6FF7398450BD000230DA91A46AD
S21402CCA838460AF016FA394640469DF835200AF004
S21402CCB8F0FA0123184613B0BDE8F08F002CDFD136
S21402CCC8104F01E0002CDBD1002332460093594670
S21402CCD83B460CF081FF00283FF4C4AE002C3FF41C
S21402CCE869AF069A0AF10103136063E71B685345A6
S21402CCF8C6D80124E8E740F60A43DBE71923D9E752
S21402CD08445500205D620020002307B5054A064800
S21402CD18136004220DEB02010193E2F7CFFA03B087
S21402CD285DF804FB5C56002023E111002DE9F04F64
S21402CD380446B1B000888DF82F3016468A460DF0A4
S21402CD4817FD0146814620880DF096FD00EB09087E
S21402CD5820880DF0E3FD00239DF82F505FFA88F82F
S21402CD6815F001070790ADF8363008D101460DF1E7
S21402CD78360220880DF089FC08B1ADF8367016B96F
S21402CD88CDE90E660EAEFEF763FC18B145F0200537
S21402CD988DF82F500023CDE9033302930DF12F03AC
S21402CDA8CDE900632246534641464846FFF708FE49
S21402CDB80546002800F043819DF82F3013F001073E
S21402CDC846D1B44A23F02003106851688DF82F30F4
S21402CDD810AB03C3184600F0FBF90546FEF744FD00
S21402CDE8BBB2984200F2B7803A9B13B100233A9A34
S21402CDF81370BDF83630CBB1012120880FF00AFB3C
S21402CE0827880546002800F04F81012138460FF092
S21402CE1801FBBDF83670054638460FF0DFFA0023E8
S21402CE2800903A46194628460DF0B2FB0023CDE993
S21402CE38033302930DF12F03CDE9006322465346CE
S21402CE4841464846FFF7BCFD0546002800F0F78035
S21402CE589DF82F3003F01103102B40F003818E4B00
S21402CE681B78432B40F0FE808C4B1B685B0640F118
S21402CE78F980208808F105010DF04DFC834600284C
S21402CE8800F0F0804146208804F0D4F9844B10F074
S21402CE98200F08BF1E4612A800F09AF9082231464B
S21402CEA812A8F1F70FFA002800F00E81314612A8F0
S21402CEB80AF0B8F9012326AE00933246002314A9D5
S21402CEC812A800F0A1F9002840F0CC8012AB0DF1B0
S21402CED82F07CDE903600290009322465346414647
S21402CEE848460197FFF76CFD002800F0EF80BDF872
S21402CEF89A30102043F0080318AA14A9ADF89A30FD
S21402CF080CF041FD002840F0AD8012ABCDE903607D
S21402CF18CDE9017000932246534641464846FFF73C
S21402CF284FFD0546002840F09D8018AB4FF49071DF
S21402CF38002012AA00F0D4F84FF0005100200CF09E
S21402CF489FFFBBF1000F00F08C804FF0805100204D
S21402CF580CF096FF85E018AB14AA26A9F8B20AF0D8
S21402CF680DF9002840F09480082210A927A8F1F7A6
S21402CF78A9F98346ADB19DF8A53013F0020F0893C0
S21402CF880FD0082212A927A8F1F79CF948B9089BDE
S21402CF98590706D53A9B13B101233A9A1370089596
S21402CFA807E03A9B002B61D1BBF1000F70D100233A
S21402CFB808930DF1740C14AB0FCB8CE80F00BDF878
S21402CFC83630CBB1012120880FF024FAB4F800B02D
S21402CFD800284FD0012158460FF01CFABDF836201B
S21402CFE88346104609920FF0F9F900231946099A62
S21402CFF8009058460DF0CCFA2A4B0DF1740B0493A8
S21402D008002303930DF12F03CDE90063224653460E
S21402D01841464846CDF808B0FFF7D2FC002837D17B
S21402D028002D33D012AA5B464FF482714FF400509B
S21402D03800F056F8089B13B126A809F0BAFE174B5B
S21402D0481B689A070DD4FEF703FB50B1114A18ABBA
S21402D0581068516803C3002226A918A80CF0B6FC6B
S21402D06868BB0025284631B0BDE8F08F00233A9AFF
S21402D078137099E7BDF836200A90104609920FF009
S21402D088ADF9DDE9092307990090B2E72A46CAE70F
S21402D0980137A3E686F40300D76100208C480020F7
S21402D0A8AE55002088480020BDF836B058460FF026
S21402D0B895F92B4600905A4638460799B4E626A9AB
S21402D0C818A80CF0BFFCC6E78346F3E614AB2DE7B8
S21402D0D801461A230120014AF8F7B2BE24E10100EC
S21402D0E8F0B5164691B0074609A80D461C46FFF746
S21402D0F8EFFF3EB1336845F04005CDF82630736839
S21402D108CDF82A301B4B1A6822EA070242EA0501C2
S21402D11819604B040DD5BDF824200B0A03F4E2432C
S21402D128C9B222F4E3420B4322F07F021343ADF85E
S21402D13824301A230020104A09A9F8F781FEB4B150
S21402D14804A809F03BFD02236A468DF810301546FE
S21402D158234604F11006144618685968083303C4AF
S21402D168B3422246F7D1294604A809F0A1FE11B017
S21402D178F0BD00BF8C48002024E1010047F2FF10F2
S21402D188044B196841F48042014041F480411A6018
S21402D1980CF076BE8C48002000B589B0FEF7CAFBB4
S21402D1A801A8FFF795FF0948BDF804200168130295
S21402D1B821F0FF0103F4E2030B43D2B2134343F414
S21402D1C88043036009B05DF804FB00BF8C4800206A
S21402D1D810B50C4B0446186888B0830706D54FF07E
S21402D1E8FF3323600120636008B010BD10F04000D2
S21402D1F8FAD001A8FFF76CFFDDF806302360DDF8E9
S21402D2080A30EFE78C4800202DE9F04F99B08146A6
S21402D2180C461E4617469DF88880A2B11546284633
S21402D22809F0CCFC18F0020B0FD004B911AC6B460F
S21402D23822462946484609F07FFF0EB1002333608E
S21402D24819B0BDE8F08F0CADE9E76B4629464846AB
S21402D25804AA09F03EFF6B7808F00108FF2B25D0D8
S21402D26800287AD154B104AB08AF1A4603CABA42A8
S21402D27820606160134604F10804F6D126B16A7884
S21402D288374B03EB82033360B8F1000F01D100205D
S21402D298D6E7BDF80030D906F9D418204FF6FF7144
S21402D2A86A780FF0F9FB40F60E40C9E7DFF8B8A037
S21402D2B8DAF800302EB19A0756BF2A4AC6F800B0E6
S21402D2C8326003F03003102B01D0202B1ED111A898
S21402D2D8FFF7FEFE082248460DF14601F0F7F2FF78
S21402D2E828B1DAF8003003F04403402B0ED0B8F128
S21402D2F8000F0ED108A80CF0C7FD02232B70C4B984
S21402D308002FC4D0281DFFF763FFC0E740F60A4087
S21402D31896E7DAF80030DB03ECD508A80CF0B4FD83
S21402D32802232B70BCB9002FB7D0281DFFF750FF79
S21402D338B3E7002608AB0CAF1A4603CABA42206007
S21402D3486160134604F10804F6D1281DFFF740FF72
S21402D358002E9CD0A1E70126ECE72D2070E700BF3F
S21402D368A0440020884800208C48002049B9084B71
S21402D378197849B14EF66023594328B105480FF08B
S21402D388FDB841F28831F8E70248F8F7DFBC00BF7B
S21402D39896610020D847002070B586B00546F8F793
S21402D3A8C3FD10B9022006B070BD01A8FFF710FF32
S21402D3B806460028F6D08DB92E4B1C6814F00204D7
S21402D3C806D02D4B1B78112BECD12C4BB3F86840AA
S21402D3D84FF481630221ADF80C3023E02846F9F7B2
S21402D3E82DF90028DED1234B1C6814F0020406D05F
S21402D3F8214B1B78112BD5D1204BB3F86840082255
S21402D408294601A8F0F75EFF0028E1D04FF4027320
S21402D41800260A21ADF80C302B68CDF80E306B6862
S21402D428CDF81230002203A80BF0A0FA024608B97B
S21402D4381920B8E70F4B196801F03003102B17D0E4
S21402D448202B14BF01230323490001F004010B43D8
S21402D4582046002100F0F4FF0028E9D00021012030
S21402D468FFF784FF16B10122054B1A7000209AE7CF
S21402D4780323E9E78C480020D761002044550020A2
S21402D4888462002030B500251D4C85B0CDE90055D4
S21402D498F8F75CFC23784BB31A491B480A780078DD
S21402D4A8904223D90132012B0A700ED12A464FF434
S21402D4B8A071284602F0BEFAC0B2B8B941F2883165
S21402D4C812480FF05BF805B030BD022B09D128468A
S21402D4D802A9F9F745F80028EED102A8FFF75CFF83
S21402D4E8EAE7032B02D101F065F9E5E700210846D1
S21402D4F82170FFF73BFF0421684609F0CDFAE2E700
S21402D50890620020916200203C6C0020D8470020E0
S21402D51870B5194A194D04465168106886B02E78B7
S21402D52801AB03C31EB10224204606B070BDF8F74D
S21402D53845FD0228F7D103A800F0E8FD082201A954
S21402D5480DF10E00F0F7BEFEA0B10D4B32464FF4B9
S21402D558A07130461C7002F06DFA04460028E3D12A
S21402D5680123084A41F2883107482B7013700FF0DE
S21402D57805F8D9E72324D7E75BD004009062002099
S21402D5883C6C002091620020D8470020F0B50C467B
S21402D59800219BB02B4F0646492207A80691F0F7B2
S21402D5A845FB3B78012B34D19EBB0DF10E0120467C
S21402D5B80CF082FD0546BDF80E000EF00FFF441B68
S21402D5C8E4B2BDF80E1023462A46009606A80FF0C7
S21402D5D897FB304604A9F8F7C3FFD0B9CCB19DF83B
S21402D5E81920B2B9BDF8233003F47E43B3F5285F99
S21402D5F81ED3B3F5385F0ED31349BDF80E000B6879
S21402D60843F400030B60294609F026FE18B10423EA
S21402D6183B701BB0F0BD01220C4B04A81A70FFF732
S21402D628BBFE41F288310A480EF0A8FF0223EFE754
S21402D63811463A70FFF79AFE1E2104A809F02CFA42
S21402D648E7E700BF906200208C4800209162002025
S21402D658D8470020014B1870704700BF916200201F
S21402D668014B1878704700BF90620020014B187073
S21402D678704700BF906200202DE9F04F04464088AC
S21402D68891B00E298846ADF81A0074D094F808901E
S21402D698A7790BF050F909A90546BDF81A00E679EC
S21402D6A80DF04DF9BDF81A000BF04BF8430542BFD2
S21402D6B8BDF82A3043F40053ADF82A30E379D80689
S21402D6C842BFBDF82A3043F48053ADF82A30BDF87D
S21402D6D82A30990613D5022F52D10CA9207A0CF0BB
S21402D6E88CFCDDF83500DDF8391007AB03C307AA52
S21402D6F80021042300910DF11A00FFF717FB012100
S21402D708BDF81A000EF086FE022F824644D1454B1B
S21402D71833F81950B8F1000F79D0BDF82A305A06F6
S21402D72875D54FF6FB72954271D83F4AB2F8682013
S21402D738AA426CD0DB0502D528460CF0A4FDBDF83B
S21402D7482A30D80463D5002F33D1BDF81A000AF060
S21402D758F8FFC10663D548F23403BDF826209A427C
S21402D76809D1324E3078FF2805D003222946FCF725
S21402D7782BF9FF2333700023236011B0BDE8F08F26
S21402D788012F01BF237A2A4A03EB430302EB8303E2
S21402D79814BF00229A1CABE7012F05D10C2303FB0A
S21402D7A809F3234AD55AB5E7A81C0FF0ACF9054683
S21402D7B8B0E7284601F07CFDBDF81A000AF0C1FF62
S21402D7C8C206C8D46389504605930EF007FE834600
S21402D7D850460EF0E7FD059B02905FFA8BF04A462C
S21402D7E8394601900093404609AB09F0EDF8B8F1C6
S21402D7F8000F14BF0B20092016F0030218BF02F10F
S21402D808FF32294618BFD2B20FF046F9A3E7BDF891
S21402D8181A000AF096FFC3069DD4002FD2D1A94655
S21402D828D0E700BF345A002044550020406C002040
S21402D8387459002038B500240F4B104D2A78A2429E
S21402D84805D8C2B9BDE838400D48F8F77FBA5988F6
S21402D85869B9013AD2B2A2422A70EFD0121B184610
S21402D86803F110011201F0F733FA0346E6E7013432
S21402D8781033E4B2E2E738BDA444002094620020E4
S21402D888F86A002070B51A4B1A4A1D780023DCB2D3
S21402D898A54200D870BD144666880133864202F156
S21402D8A81002F4D1E379A588E16003F040028DB94D
S21402D8B8CAB123F00403E3710BF03DF8037803F0D2
S21402D8C87F03037021880029E4D1BDE870400A4826
S21402D8D80EF054BE00216580A180002AE9D1BDE879
S21402D8E87040FFF7A7BF2046FFF7C6FEF7E700BF60
S21402D8F894620020A4440020F86A00202DE9F0472C
S21402D908044686B040880F4615460BF014F8A379ED
S21402D9188046082B52D8DFE803F0052E18515151DD
S21402D9285151050002300FF0EEF8002D4ED0694630
S21402D938F8F716FE002841D1684601F063FDB0FAF2
S21402D94880F0400906B0BDE8F08702A9207A0CF0FC
S21402D95854FB6B466E46DDF80D00DDF81110334AAF
S21402D96803C3237A32F81390314AD05C75B1314634
S21402D9780CF067FBE6E7237A2E4903EB430301EB39
S21402D988830231F82390907A961CEFE74FF6FB7ADB
S21402D998D14515D930460CF09EFC4FF6FF739842D7
S21402D9A8054615D00146304601F09EFC554508D975
S21402D9B8E379DA060ED440F62243E3600020C1E794
S21402D9C84D46294608F102000FF09FF80120B9E7F4
S21402D9D84D46EDE74FF6FC78454512D103F00C03A9
S21402D9E80C2B1CD1DFB130464FF6FD7101F07CFCE2
S21402D9F840F61F412046E160FFF73EFEFFF71AFF9A
S21402DA08DCE74FF6FD739D4209D1002330461946DE
S21402DA181A4602F0DBF84146304601F065FCE37927
S21402DA2843F00C03E37140F62343C6E7345A00205A
S21402DA389D6100207459002073B5044640880E463E
S21402DA480AF079FF02300FF05EF809F01CFC18B1F4
S21402DA58A11C201D09F01CFCE6B1E5790135EDB2E2
S21402DA68E57115F0400514D0ECF74EFF0122054685
S21402DA7800212046FFF742FF18B1394B1B882B447A
S21402DA889DB2384B1B78042B01BF354B1B885B199C
S21402DA989DB22580002231462046FFF72FFF20B38D
S21402DAA860880AF048FFE2792F4922F00C03E371F6
S21402DAB80B7805460133DBB20B70C3712B4BA61CE1
S21402DAC81B780BB3E37998061ED52949097871B1F4
S21402DAD859060CD592070AD5002204231146304669
S21402DAE80092FFF723F910B1E06002B070BD002281
S21402DAF80123114630460092FFF718F920B1E37960
S21402DB0843F00303E371EFE7304609F0BFFB002852
S21402DB18EAD16088FCF7C0FA0328E6D8DFE800F006
S21402DB28020D1D19E37943F00403E3711B06DCD5E5
S21402DB38104B1A78104B1A70D7E740F62443E36066
S21402DB48E37943F00803E3712B7803F07F032B7025
S21402DB58CBE740F62543E360C7E740F62643FAE7F5
S21402DB68966B0020D8610020D5610020D361002082
S21402DB783D6C00209B610020936200202DE9F74F40
S21402DB8806460EF0D6FE5F4B0546B3F800901880A0
S21402DB985D4BA0EB09041B78A4B2A34298BF0023EE
S21402DBA84FF000084FF6FF7788BF1B1B564A88BF00
S21402DBB8DBB21370DFF864B1A9EB00030093534B92
S21402DBC85FFA88F2197891420ED80EB1FFF732FE44
S21402DBD84FF6FF739F4200F08E8039464C4803B0DA
S21402DBE8BDE8F04F0EF0CABCBBF80220002A3CD0B3
S21402DBF8484B9BF807201878BBF800A0042818D0D2
S21402DC080020BAF1000F08BFA2462044504523D28E
S21402DC18BBF80010009B1944ABF80010002E4ED03B
S21402DC2802F04802482A4AD100215846FFF704FF64
S21402DC3845E00192F8F704FC30F01003019ADFD1B0
S21402DC48FBF746FC344B019AB3F800C08445D7D993
S21402DC58ACEB000080B2D4E702F00C00042807D12F
S21402DC680022ABF800200BF1100B08F10108A6E71A
S21402DC78510602F0030C02F008000ED528B3BCF1D8
S21402DC88030F25D1DEB1DBF80C105846002908BF71
S21402DC984FF44261FFF7F0FC11E040B3BCF1010F0C
S21402DCA825D11206EED44FF4C862ABF800209BF8D2
S21402DCB8072022F0030242F002028BF80720BBF884
S21402DCC80020974228BF1746CDE703208445D9D2BD
S21402DCD813060ED50C4B1A780AEB0200844208DAB1
S21402DCE84A44521B0AEB0201ABF80010E7E7012090
S21402DCF8ECE7012199E7064803B0BDE8F04FF8F7CC
S21402DD0825B800BF685B002093620020946200205A
S21402DD18F86A0020D8610020966B0020A4440020F0
S21402DD28F8B500250A4E0B4F3378ECB2A34204D856
S21402DD38BDE8F8400848F7F719BD07EB0414A01C1D
S21402DD48F7F714FD201DF7F711FD0135ECE700BFC4
S21402DD5894620020A44400205E5B002070B5002474
S21402DD680B4D0C4E2B78A34208D81B1BDBB22B702C
S21402DD786BB9BDE870400848F7F7E8BF06EB041031
S21402DD8840F621410134FFF777FCE4B2EAE770BDBA
S21402DD9894620020A4440020F86A0020F8B5154EC4
S21402DDA8DFF858E035789EF800E0134FAE454FEAA4
S21402DDB8051C07EB051419D0002503F4835343EA20
S21402DDC81323A1712272E371608027F80C50A58094
S21402DDD803F0A8FB40F60243E36033786081013320
S21402DDE828463370FFF7CAFE2846F8BD40F60340B9
S21402DDF8FBE700BF94620020A4440020076C0020C2
S21402DE082DE9F04F344B0D461C78174685B05CB9A1
S21402DE18B1F90680DFF8C890DFF8C8A0DFF8C8B006
S21402DE2899F80030A34202D805B0BDE8F08F0AEB95
S21402DE380416B08800B9708801A90CF080FDAA7A89
S21402DE489DF80E309A4244D1B8F1000F0FDA297ABB
S21402DE589DF80C202B89914209D82048007808445E
S21402DE68824236DA521A1B0A1341D90731D5384686
S21402DE780CF054FDBDF80A3004469A0602D5EB8823
S21402DE889B06D1D5F37903F00C03042B08D17088CE
S21402DE98F9F786FD00237288194618460CF015FA1B
S21402DEA800213046FFF7E8FBFFF7C4FC38460EF0C1
S21402DEB895FA844208D2337A01228BF80030294632
S21402DEC80023384602F0AEFCB8F1000FACDA0024A4
S21402DED8A6E70134E4B2A3E792620020066C0020AB
S21402DEE894620020A44400209C62002008B50EF02C
S21402DEF820FD074B1B88C01A80B2B0F5807F05D973
S21402DF08BDE80840002103480EF038BB08BD00BF34
S21402DF18685B0020F86A00202DE9F04788B00446BE
S21402DF280D460CF025FC0146204603F083F910F056
S21402DF3803035FD110F00C0F06D12946204608B01D
S21402DF48BDE8F047FFF79EBC20460AF0FAFBC30678
S21402DF5838D420460CF00CFC0146204603F06AF939
S21402DF68064620460AF0E7FC804602300EF0CBFD55
S21402DF7805A9074620460CF0E2FC06F00C0698F8BF
S21402DF8801300C2E0CBF4FF003094FF00609012191
S21402DF9813F0010F204618BF4FF003090EF03AFAA5
S21402DFA8174B80461B88A3420FD1B5FA85F0400965
S21402DFB8FBF748FC20460AF0F2FB0022014607203F
S21402DFC80EF06AFD08B0BDE8F08703F0ABFA8246A9
S21402DFD840460EF003FA064640460EF0E3F9F6B25D
S21402DFE802903A4649462846CDE900A605AB08F00F
S21402DFF8EBFCDFE7012BE5D110F00C0FE2D19CE732
S21402E0085E5B0020002210B5094B1C78094BD1B282
S21402E0188C4201D8002010BD197A814202D1997922
S21402E028022902D010330132F1E70120F3E700BFDC
S21402E03894620020A44400200146002210B5084B32
S21402E0481C78084BD0B2844201D8002010BD187A3A
S21402E058884202D198790128F8D010330132F1E7C4
S21402E06894620020A4440020002210B40A4B1C78B4
S21402E0780A4BD1B28C4203D85DF8044BFFF7DABBE1
S21402E088197A814205D19979012902BF002119809E
S21402E098598010330132ECE794620020A444002031
S21402E0A8024B1878003818BF012070479462002087
S21402E0B8044B1B6813F0300F03D0202130200BF0DE
S21402E0C8DFBE70478C480020002310B50446084976
S21402E0D81A4601EA00414FF07F60FFF701F8E307AE
S21402E0E803D5002130200BF0CBFE002010BD00BF68
S21402E0F800007207044B5B8823F4784323F08D03F1
S21402E10803800020704700BF8C48002008B5002214
S21402E1180346C3F80220C3F806200B4A02301268E8
S21402E128D1B212F0200F18BF41F0100119809307E0
S21402E13801D4FFF74DF8054B1B78023B032B8CBF27
S21402E1481720002008BD00BF8C480020D761002099
S21402E15838B505460C46FDF7EDFB98B10E4B187818
S21402E16878B10E4B1B681A040FD58CB113F0420F08
S21402E17800D17DB103F44073B3F5407F0CBF002095
S21402E188232038BD40F60840FBE740F60B40F8E788
S21402E1982046F6E72320F4E7D36100208C480020C7
S21402E1A8F0B504468DB007A80D46164608F006FDDB
S21402E1B81022002103A8EFF739FD5CB1234603AC11
S21402E1C803F11007224618685968083303C2BB428F
S21402E1D81446F7D1012703A986EA070307A88DF88C
S21402E1E81C708DF81D3008F054FE80EA070401A85A
S21402E1F8E4B2EDF79DF8B6B101A88DF80650EDF732
S21402E208C3F864B1002303A907A88DF81D3008F0E7
S21402E2184FFE0C4B1B78432B01D1F9F7DBF80A4B60
S21402E2281D700DB0F0BD01A88DF80750EDF7ACF8DB
S21402E238002CF6D003A907A88DF81D7008F038FE42
S21402E248EFE700BFD7610020D2610020F0B50125B4
S21402E25893B007460DA80C4608F0B0FC05A90DA811
S21402E268ADF8345008F03FFE01A8EDF761F809A9A9
S21402E2780DA88DF835509DF8066008F034FE0DA8F6
S21402E2889DF8075008F0C5FD70BB731BDBB2802BE8
S21402E29828D91FB1A64225D0A54223D105A90DA883
S21402E2A808F006FE03A8EDF743F803A88DF80F60FA
S21402E2B8EDF76AF80122294609A8FFF771FF0AF066
S21402E2C8C5FE01214FF400700BF0EAFFFDF71AFBBA
S21402E2D8B0F1004F01D9FDF71BFB044B187808F084
S21402E2E8D9FB012013B0F0BD0020FBE7D261002065
S21402E2F870B50E46144605460320FFF7B7F946F0F2
S21402E30804022946204608F02DFE0022014B1A6018
S21402E31870BD00BF88480020F0B587B0078805465C
S21402E3281022002102A8EFF781FC3E4B1B78002B37
S21402E33876D1BC055ED407F08403842B63D0002212
S21402E348394C11461046FFF72BFF17F4045F276077
S21402E35805F102061CD0B9040AD5304602F09CFA2A
S21402E36800284ED1236823F4005343F480732360B5
S21402E37830460BF001FE002842D108F01DFC18B901
S21402E388236843F480332360236843F02003236022
S21402E39822680DF1060042F400432360FFF7AAFE46
S21402E3A812F4805FBDF8063031D043F02003ADF892
S21402E3B806302168334611F0400218BF05F12302E1
S21402E3C84FF07F60FEF78CFEBDF80630DA0703D5FD
S21402E3D8002130200BF054FD23689B0506D5012248
S21402E3E895F8221005F11200FFF7DAFE00200F4B0F
S21402E3F8186006E005F112000BF0BEFD00289AD060
S21402E408292007B0F0BDB80799D52320F9E723F0ED
S21402E4182003ADF80630FDF77BFAFEF775FCC8E771
S21402E4280220EEE7D76100208C48002088480020AA
S21402E438024B1868C0F30050704700BF8C48002093
S21402E4482DE9F04F064689461046002189B0154642
S21402E458984602F0EFFE102807460AD86A4B034190
S21402E468DB0706D4C8F340049DB9002009B0BDE80E
S21402E478F08F664B1C78002CF6D0FFF7D9FF0028E1
S21402E4880CBF4FF4F0744FF4D074FC4004F001044F
S21402E498EAE74FF0000A18F0010F5346524629469B
S21402E4A84FF00500CDF800A00CBF4FF0080B4FF454
S21402E4B8027B06F00AFA0028D7D0C8233246009311
S21402E4C859465346284602F0DDFEADF80E000028EF
S21402E4D8CBD018F0080A4AD14FF6F773A7F10F0205
S21402E4E8D2B29E428CBF09230123012A01D843F0E7
S21402E4F84003474A8DF810301378591C11708DF86E
S21402E5081130002C4FD09DF81030052F43F0200311
S21402E5188DF8103033D03F4B1D78002D5AD04FF669
S21402E528F77300259E424FF00F0248D9012304A92B
S21402E5380DF10E00F7F75EFB002896D1002C4DD1A0
S21402E548BAF1000133463A4618BF0121BDF80E005B
S21402E558CDF8009008F0A1FEADF80E00002884D091
S21402E56818F0040F4DD031460AF00EFF7EE74946F2
S21402E5780DF10E000BF0B9FE0028ADD175E70121AA
S21402E588BDF80E000DF046FF012102F053FE0123EE
S21402E598834013F0620F1CD11E4B1B78E3B14FF673
S21402E5A8F7731825BEE71B4B25461B780222002B5D
S21402E5B8BCD04FF6F7739E42B8D8052FB6D0BAF13C
S21402E5C8000FB3D19DF8103043F040038DF8103099
S21402E5D8ACE710250F22A9E71825FBE7BAF1000FCA
S21402E5E80AD002234A46009029460DF10E00FEF78D
S21402E5F89DFB0028A4D038E741235246CDF800A058
S21402E608F2E70AF0A9FE31E79FFEFEFFD36100207B
S21402E618D4610020C76100202DE9DF431E46144B53
S21402E62880461B680F469B0791460A9C1BD42046C9
S21402E63814B108F01CFEC0B20622CDE902403B46E1
S21402E6480020CDE900890B490CF012F8024650B1B9
S21402E6580021002E0CBF01230323084604B0BDE8A0
S21402E668D043FFF7EDBE002004B0BDE8D08300BF5C
S21402E6788C480020006C04002DE9F04F8DB08146CE
S21402E6888A461F4693469DF85C803AB903A8FEF769
S21402E6989FFDB0BB00200DB0BDE8F08F15460022E6
S21402E6A8232110460AF062F9ADF80A000028F1D0D4
S21402E6B80DF078FE0523044618F0100F00F8023B0A
S21402E6C8677020D011220021EFF7B0FA04F1130682
S21402E6D8032F4FF0080237D159463046EFF7F8FABB
S21402E6E8C8F3801306F10905337208F0BCFD00284A
S21402E6F83ED000232B706B700123033505F8013CCE
S21402E70836E003ADCBE7012610221699EFF7E0FABA
S21402E71806FA07F313F0620F02D104F11206D7E7DE
S21402E72807A808F04BFA05A88DF81C60ECF700FE5F
S21402E7389DF8162018F0200F9DF8173008BF1346CC
S21402E74804F11306A374C3E751463046EFF7C0FA3E
S21402E758012306F10802121B28460093BDF80A1088
S21402E768082392B20EF0CCFA042F06F11005BCD09C
S21402E7782D1BA9B20DF10A000BF0E2FE002889D182
S21402E78818F0040F0BD048460EF0AFFAFF281FBF4A
S21402E798074A32F8103023F4804322F810304346F2
S21402E7A851464846BDF80A20FFF74AFE73E700BFFF
S21402E7B8005B002070B5032690B08DF80760F7F767
S21402E7C8B3FB18B90224204610B070BD02AD284625
S21402E7D8FEF7FEFC0028F5D01B4B1C6814F002045A
S21402E7E8F0D140F20F43194AADF82430136804A852
S21402E7F8CDF826305368CDF82A3008F0DFF995E8C8
S21402E808030005AB83E80300062304A88DF81D3031
S21402E8188DF81060ECF72EFD01210DF12E020DF198
S21402E8280700ECF77FFC22461A2109A80AF09EF890
S21402E838024608B91924C6E7012329462046FFF7E7
S21402E848FFFD0028BFD1F5E78C4800205D62002056
S21402E8582DE9F04F04460D46002191B01F2208A864
S21402E8689B460791EFF7E2F920460BF081FF014637
S21402E878204602F0DFFC8DF8110020460AF05BF80D
S21402E8889DF81130467899068146C6F3400620461A
S21402E89848BF46F002060CF041F8804620460DF0C6
S21402E8A89DFD0022A0EB0803DBB2232B28BF2323FF
S21402E8B800922146424607A80EF022FA00283AD1CC
S21402E8C8A24B9DF81C701B789DF81DA0B3B3FFF7EA
S21402E8D8AFFD00280CBF4FF4F0734FF4D073FB4023
S21402E8E8DA072BD5B30729D4082F22D1BAF1040F99
S21402E8F821D1FBF77FFBF0B901234246009321465C
S21402E90805200DF1110305F0BDFFA0B1053F0D2F3F
S21402E91811D8DFE817F024001000AF01BC01C501CA
S21402E928100010001000100010001000CB01F901B2
S21402E938F901052F07D011B0BDE8F08F102F05D1C9
S21402E948BBF1000FF7D0FBF755FBD5E7FBF752FBF9
S21402E9580028D1D0052FCFD0112FCDD0EBE7BAF1B2
S21402E968050FE8D8204609F049FF029009F102008F
S21402E9780EF0C9F882460DF11200FFF7BBFB012321
S21402E9889DF81D8003FA08F313F0620303932DD053
S21402E998BDF812309D0722D5B407CCD5FBF72AFB63
S21402E9A80DF11E000BF0E8FAB8F1030F04469DF8C5
S21402E9B82EB02FD10DF12F050AF04EF9824540F000
S21402E9C83181032EB7D19DF836100DF11E0200399B
S21402E9D818BF01210DF12E0008F06AFCABE7FBF721
S21402E9E809FB0028DCD1002EA5D0D9E7FBF702FBED
S21402E9F868B10DF11E000BF0BFFAB8F1030F04461A
S21402EA084FF0000B40F082800DF12E05D4E7002E61
S21402EA1891D0EEE74E4B1B6898072AD5FF220821AD
S21402EA280DF137000AF0A6F8814610BB03460146E8
S21402EA380DF137020220FEF753FB0AF00DF9824564
S21402EA480DF137070DF12F0523D04FF6F7739A45C8
S21402EA5840F2ED800022082128460AF08BF80028AA
S21402EA6800F0E580002259460DF11E00FFF798FBDC
S21402EA7861E70DF137070DF12F0538460BF028FA36
S21402EA88002848D00AF0E8F8824540F0CC804FF0DB
S21402EA9800092846F7F7D2FD002800F0C480B8F12E
S21402EAA8010F5BD0B8F1040F7FF445AF0BF033FAD1
S21402EAB810B1032E7FF43FAF002C7FF43CAF3A46EA
S21402EAC802210DF11E00FFF713FC224B1B7863B1DF
S21402EAD8FFF770FEFEF7C4FD022806D10120FEF7F6
S21402EAE8B9FD01210846FEF741FC1B4B1B78022B99
S21402EAF820D10321384607F0CFFFFEF7B1FD0146C5
S21402EB0800287FF418AFFEF731FC14E70DF136073C
S21402EB180DF12E05B1E7104B1B78432B7FF40BAF94
S21402EB28B8F1010F7FF407AF0AF096F882457AD15A
S21402EB38C146AEE7412B7FF4FEAE054B1B6859056E
S21402EB487FF5F9AEF9F73EFEF5E600BFD361002081
S21402EB588C48002084620020D76100206C4D2B78F8
S21402EB68022B22D02B78412B3FF4E5AE3CB9FBF7BB
S21402EB7841FA594602460DF11E00FFF711FBFBF754
S21402EB8839FA00283FF4D7AE0BF0C5F9614C98B1B4
S21402EB9823681B0502D42B78432B0DD1B0070BD460
S21402EBA840F61A40F9F70CF8C5E60BF0B4F9002857
S21402EBB8D8D0B207D6D4BEE6206810F0020002D13A
S21402EBC802990BF067FB2B78112B16D1236859058F
S21402EBD813D50020FEF7E0FB044600287FF4ABAE10
S21402EBE80AF0A8FA40F61C40F8F7EAFF2146204643
S21402EBF8FEF7BCFBF8F7F0FF9DE6B20701D5FFF774
S21402EC0857FAB9F1000F9DD007F0D6FF18B94FF49E
S21402EC1880310BF035F900223F4B38461A600BF06C
S21402EC284EF98FE70027039B002B7FF40EAF4FF6B3
S21402EC38FF73284605A9ADF814300AF000F820B18B
S21402EC48284609F0DDFFADF814004FF6FF73BDF84D
S21402EC58140098423FF46FAE002C0CBF0423152311
S21402EC6801930DF11E0300933A4643462946FFF7E1
S21402EC7803FD60E60DF11D00F7F7E0FC00283FF4FF
S21402EC885AAE022229460020FAF79EFE53E6F307FA
S21402EC987FF551AE3246284607A90BF025FB4AE611
S21402ECA89DF81D100120FFF7D1FA44E6184B1B7891
S21402ECB8022B20D1002D7FF43EAE05A8FEF788FA77
S21402ECC800283FF438AE154B1D709DF81D30002BFA
S21402ECD814BF64246524FEF7C3FC032806D128461D
S21402ECE82946FEF743FB2846FEF7C0FC214605A840
S21402ECF807F0D2FE1FE6043B012BDBD9284608F0B4
S21402ED08C2FA0028D6D116E6204608F0BEFA12E65F
S21402ED18D76100208C4800208848002084620020A2
S21402ED282DE9F34105460E46174698460BF0F3F8CA
S21402ED38044640B101233A4631462846CDF80080BB
S21402ED48FFF76AFC04460BF0E6F830B1FFF770FBF3
S21402ED5878B10A4B1B689B010BD400233A4631460E
S21402ED682846CDF80080FFF757FC002C0CBF044657
S21402ED78012404F0010002B0BDE8F0818C480020AE
S21402ED8870B58AB005A807F019FF022301AA15462E
S21402ED988DF81430084B03F11006144618685968A3
S21402EDA8083303C4B3422246F7D1294605A808F019
S21402EDB870F80AB070BD00BF63D00400014B187823
S21402EDC8704700BF3E6C0020014B1888704700BF92
S21402EDD8BE6B00204FF6FF732DE9F043994280463A
S21402EDE80D4685B00BD000274FF6FD791C4EEBF783
S21402EDF891FDFCB2A0420BD84FF6FF701DE0F7F764
S21402EE081DFC0028EFD005B0BDE8F04309F024BF8A
S21402EE1836F814304B4517D8694620460BF0B1F839
S21402EE28082241460DF10500EFF74CFA4FF6FF733C
S21402EE3860B99D4204D136F8140005B0BDE8F083E7
S21402EE4826F814500BF077F80137D0E79D42FBD02E
S21402EE5836F81430AB4208BF26F81490F4E700BF21
S21402EE68345A00202DE9FF4706460F4600254FF67E
S21402EE78FD79DFF83C80DFF83CA0EBF74BFDECB2FF
S21402EE88A04202D804B0BDE8F08738F814304B45E3
S21402EE980CD8694620460BF074F8082231460DF164
S21402EEA80500EFF70FFA08B90AF804700135E4E727
S21402EEB8345A00209D610020014B33F81000704739
S21402EEC8345A0020F0B5064600250D4F85B0EBF7FC
S21402EED821FDECB2A04201D805B0F0BD37F81430D7
S21402EEE8B3420BD1694620460BF087F89DF80030EE
S21402EEF8022B1CBF4FF6FD7327F814300135E6E7E0
S21402EF08345A002030B585B004460D46EBF702FDAC
S21402EF18A0420FD9084B33F814204FF6FD739A42D5
S21402EF2808D8694620460BF068F829460DF1050010
S21402EF38FFF750FF05B030BD345A002030B585B013
S21402EF480446EBF7E7FCA04219D92046FFF75AF821
S21402EF580546B0B9694620460BF013F89DF800300E
S21402EF682BB1694620468DF800500BF028F84FF66C
S21402EF78FF720020044B23F8142005B030BD282069
S21402EF88FBE740F60440F8E7345A00202DE9F04142
S21402EF980B7805460E461BB9BDE8F041FFF7CEBF13
S21402EFA8EBF7B8FCA84231D92846FFF72BF878BB0E
S21402EFB8374617F8058B4FF6FF713846FFF70AFFF4
S21402EFC80446384600F01EFAB0FA80F04009B8F156
S21402EFD8000F15D0B8F1030F15D04FF6FF724FF693
S21402EFE8FD73944208BF1C460B4B314623F8154066
S21402EFF80A4B585528460AF0E2FF0020BDE8F08181
S21402F0084FF6FF74F0E74FF6FE74EDE72820F5E7B3
S21402F01840F60440F2E700BF345A00209D61002003
S21402F0282DE9FF410D4604464FF6FE780F4F0E0AAD
S21402F038EBF770FCA04204D8FF24204604B0BDE8D3
S21402F048F08137F8143043450CD1694620460AF059
S21402F05898FF9DF80520EBB29A4203D19DF8063038
S21402F068B342EAD00134E4B2E2E700BF345A0020E1
S21402F0782DE9F04F0C461746984600254FF6FD7BBD
S21402F08887B09DF840A0DFF85C900190EBF742FC51
S21402F098EEB2B04201D8FF2616E039F816205A45D5
S21402F0A81ED8304602A90AF06CFF3FB99DF809201F
S21402F0B8424515D19DF80C20524511D144B939F86C
S21402F0C81620019B9A420BD1304607B0BDE8F08F56
S21402F0D8082220460DF10D01EFF7F4F80028F3D0C8
S21402F0E80135D3E7345A002010B514460AF049FF12
S21402F0F82046BDE8104008220149EEF7E9BD00BFE8
S21402F1085D6200202DE9FF47074615460846082295
S21402F11824491E46EFF7D6F8044600283FD14FF694
S21402F128FF7ADFF88490EBF7F5FB5FFA84F8804500
S21402F1380BD385B3384605F066FC01250C9B187080
S21402F1480120357004B0BDE8F08739F81830534509
S21402F1581FD0694640460AF014FF7A789DF80130B7
S21402F1689A4216D17A88BDF802309A4211D13A7973
S21402F1789DF804309A420CD108220DF10501781D3B
S21402F188EFF7A0F828B9002DD7D1404605F056FC6F
S21402F198D3E70134C7E7FF2005F050FCCEE700208E
S21402F1A8D0E700BF5D620020345A0020F0B5002583
S21402F1B8154E164F85B0EBF7ADFBECB2A04201D860
S21402F1C805B0F0BD694620460AF0DBFE9DF8003021
S21402F1D8032B06D90023694620468DF800300AF02C
S21402F1E8EEFE9DF8002062B14FF6FD734FF6FE71F3
S21402F1F8032A08BF0B4626F81430002301353B5570
S21402F208D9E74FF6FF73F6E7345A00209D610020CF
S21402F218F8B50E4604464FF6FF770C4B0C4D1B7896
S21402F22803EB430305EB8305A54202D800242046D8
S21402F238F8BD2388BB4206D008223146A01CEFF749
S21402F24841F80028F3D00C34EEE700BF086C002023
S21402F25874590020044BFF211A78044802EB420234
S21402F2689200EEF7E3BC00BF086C00207459002039
S21402F278F8B504460C4B0D461B781046A3420DD92A
S21402F2880C27022117FB04117C43084E082231443E
S21402F298EEF71EFD335B00202B80F8BD00231360BB
S21402F2A853604FF6FF73F6E7086C00207459002087
S21402F2B838B504464FF6FD75FFF704FE0022084BE4
S21402F2C81878084BD1B2884200D838BD33F80C1CDF
S21402F2D80132A14208BF23F80C5C0C33F2E700BFE8
S21402F2E8086C00208059002070B505460E46084670
S21402F2F8FFF7DEFF31462846FFF76CFD294606482B
S21402F308FFF786FF00B970BD044624F80C6B0AF0B6
S21402F31812FE29462046F3E77459002010B5082243
S21402F32886B023490446EEF7CDFF20B906B0BDE8FD
S21402F338104009F091BC082220461E49EEF7C2FF8B
S21402F34820B91D4BB3F8680006B010BD0023012291
S21402F35821464FF6FF700093FFF78AFEFF2806D075
S21402F368164B33F810004FF6FB739842ECD903A8F5
S21402F378FEF7CCFE58B9BDF80C305B0607D5082256
S21402F38821460DF10E00EEF79DFF0028DCD021463F
S21402F3980B48FFF73DFF40B14FF6FB724FF6FF737F
S21402F3A80088904288BF1846CEE74FF6FF70CBE734
S21402F3B85D620020AE55002044550020345A0020D5
S21402F3C87459002070B5002204464FF6FB760846AC
S21402F3D80A4B1D780A4BD1B28D4201D8002009E0AB
S21402F3E81988B14207D8A14205D10822991CEEF71E
S21402F3F86FFC012070BD0C330132ECE7086C00206C
S21402F4087459002037B5014605460E48FFF700FF37
S21402F418044640B1807A29460AF013FE80F00100BD
S21402F428C0B203B030BD03460090012229464FF60B
S21402F438FF70FFF71DFEFF2816BF034B2046185C19
S21402F448E9E700BF745900209D6100202DE9F341C9
S21402F458224B04461B780F468342154638D9FEF7D8
S21402F468EBFDB8BB4FF6FD739D421D4E0ED004EB66
S21402F478440326F823504FF6FF739D421FD12046B9
S21402F488FEF7F2FD002002B0BDE8F0810DF106019C
S21402F498384609F0D4FB4FF6FF72BDF806303846F8
S21402F4A8934218BF1D460C236343F55206EB030826
S21402F4B8FFF7A8FFB0FA80F0400988F80A000C2384
S21402F4C803FB0460082239460230EEF701FCD9E74E
S21402F4D82820D8E740F60540D5E700BF086C00208C
S21402F4E87459002038B504460D46FFF7BBFC214682
S21402F4F80448FFF78DFE00B938BD857221460C30E8
S21402F508F7E700BF745900200023074A1370074A1A
S21402F5181370074A118801B11380064B1A880AB17C
S21402F52800221A80704700BF96620020956200206B
S21402F5386E5B00206C5B00202DE9F04F3C4C1D46AC
S21402F548238887B00746884610469DF840605BB910
S21402F55852B10BF00EF820804FF4FA61354807B026
S21402F568BDE8F04F0DF00AB8DFF8D890B9F80040B9
S21402F578002C49D020460CF031FFC0F3470620463F
S21402F5880CF010FFDFF8C0A00296BAF80030DFF8D9
S21402F598BCB00193BBF800300446009300222B4609
S21402F5A8012025490BF064F8ADF81600E8B10125EC
S21402F5B804EB4606B4420DD1BDB9BDF81630A3B168
S21402F5C82A464146384600F06FF9ABF80050AAF8CA
S21402F5D800500AE0012321461A460DF11600F6F7F6
S21402F5E809FB023405460028E4D00023134AA9F88A
S21402F5F800301378013BDBB21370002BACD107B096
S21402F608BDE8F04FFFF780BF0D4C237823B90DF005
S21402F618F3F808B901232370324629460520F7F77E
S21402F6280DFA0028EBD1207007B0BDE8F08F00BFB6
S21402F6386E5B0020186B0020066C040096620020A1
S21402F648956200206C5B0020085B00200A5B0020A5
S21402F65830B5154D87B02C889CB923464FF4A07256
S21402F66848F2380103A80AF0C8FD21462046FAF7F0
S21402F678E3FA22460D4B009403A9FFF75DFF07B095
S21402F68830BD204609F057F904300DF03CFA03A9BC
S21402F698044628880BF053F90023009320462A884C
S21402F6A803A900F0AFFAEAE76E5B002000F8FF074E
S21402F6B837B5002001A9FAF7BFFA0D4C01462378A0
S21402F6C80C4D7BB10C4B019A1878FAF7CBFA2078D6
S21402F6D8F8F74CFC002323702B700848F6F736FB25
S21402F6E803B030BD2B78002BF7D0FFF7B1FFF4E755
S21402F6F8986200209662002097620020186B00200D
S21402F70808B50548F6F732F80448F6F72FF8BDE8C4
S21402F71808400348F6F72AB86E5B00206C5B0020A8
S21402F7286A5B00202DE9F04F89B089460446CDE988
S21402F73805239DF84870139E30B316F801ABBAF14C
S21402F748000F23D00AF1FF34A400E4B231460120A8
S21402F75807F0E1FDC00E1BD1DFF838B131460120B3
S21402F76807F0D9FD9BF8005034442279BDB1002F2A
S21402F77847D180234846CDE90277CDE900773E4A4D
S21402F788059900F091F83CE08246DFE75446DDE74B
S21402F7981B28ECD93146012007F0BDFDE7E7DFF864
S21402F7A8F880FF2A00EA08080BD14246E379A179D5
S21402F7B8607901EB032189B209B0BDE8F04FFAF788
S21402F7C851BA2E4909688B070AD5FE2A35D1012374
S21402F7D80135EDB2202D4FEA43030AD1FF250AE090
S21402F7E8294628460792FAF727FA4845BFD1079AC4
S21402F7F8EBE79845ECD1224B1B78FF2B04D0AB42A3
S21402F80804D009B0BDE8F08FFF2DFAD029460020B3
S21402F818F4F7B2FF0028F4D09BF800306479002B86
S21402F828EFD1FFF771FE17484FF410510CF0A6FE01
S21402F838154B8BF800501C70E3E7052A97D8BAF1E7
S21402F848010F94D8B8F1000F91D0002FD9D173794F
S21402F858002BD6D00D49098821B9082B28BF0823C2
S21402F8680B490B70434648461292DDE9051209B069
S21402F878BDE8F04FFFF760BE066C04008C48002017
S21402F8883F6C0020186B0020976200206E5B0020F9
S21402F898966200209862002000F8FF07014B188045
S21402F8A8FFF7D6BE6C5B00200CB42DE9F04F8BB088
S21402F8B814AA0E4652F8041B07460992002940F07D
S21402F8C88F80BDF85400ADF82200002800F0A18011
S21402F8D833794FF6F778002B40F0868047458CBF81
S21402F8E84FF009084FF008084C4B1C78FF2C40F0E4
S21402F8F88380B6F90230002BA9BF494B347A1C78AC
S21402F9080134A2BFE4B21C7044F08004DFF81CB1D4
S21402F9182246002101F0A2FC9BF80030BDF8220026
S21402F928002B6CD0DFF808A14FF00009BAF80030B7
S21402F93807930CF053FD0546BDF822000CF032FD85
S21402F948EBB2CDE90193FF23CDE9030900932246E2
S21402F958334639460798FCF7B5FB4FF6FF7305465C
S21402F9688BF80090AAF80030382D33D13246394643
S21402F97840460DF1220307F08EFC00284BD04FF6C6
S21402F988F7739F4226D8B6F902307088002B21DA20
S21402F99848F204022349244B4FF00008904214BF51
S21402F9A88946994609F058F9494603468A220120AB
S21402F9B8CDF800800AF05CFE814658B122464146E0
S21402F9C801F04CFCFF23324639464046CDE9009802
S21402F9D8FCF7DAF928460BB0BDE8F04F02B07047DC
S21402F9E801200AF022FE6EE7002347458CBF4FF03F
S21402F9F806089846337177E7FF221A7086E7CDE93C
S21402FA0800033246FF2339464046FCF7BDF9054651
S21402FA18AAE71925DEE70546DCE700BF416C0020A9
S21402FA289A620020176C04000C6C0400996200208D
S21402FA38705B002070B54FF4003300240546164666
S21402FA4888B0ADF81A100DF10F0204A90593ADF8A7
S21402FA581840ADF81C4004948DF80F4007F0FAFBE6
S21402FA689DF80F3028460193049B044A009305A983
S21402FA783346FFF719FF08B070BD00BF106C0400CC
S21402FA8830B54FF48035002487B00395BDF828506A
S21402FA98CDE900128DF81030074A034603A9BDF8CF
S21402FAA82C008DF81140ADF81250ADF81440FFF74F
S21402FAB8FBFE07B030BD00BF1C6C0400B1F1006F3E
S21402FAC82DE9F04314462CBF392238228BB01D4646
S21402FAD84FF00003ADF81E204FF480022CBF4FF003
S21402FAE801099946FF2C0646ADF81C300892ADF877
S21402FAF824304FEA11471FFA81F80FD109F0BDFBEF
S21402FB08B9F1000F19D1154ACDE902054346304628
S21402FB18CDE9007407A9FFF7C7FE1AE0FE2C0AD142
S21402FB2809F0ABFB0130C0B209F0B2FBB9F1000F25
S21402FB3812D00B4A02E0E8B2F8E70A4ACDE9030512
S21402FB4801233046CDE90174CDF8008007A9FFF7F6
S21402FB58ABFE0BB0BDE8F083034AD5E7146C04008D
S21402FB681A6C0400136C04001B6C04004FF4981201
S21402FB784FF0806310B586B0CDE903230023ADF8B5
S21402FB88143009F069F80446F8F796FA054B01901E
S21402FB980093054A234603A94FF6FD70FFF784FE35
S21402FBA806B010BD5D620020206C040008B5064B46
S21402FBB81B78022B02D0043B012B03D8FFF7D6FF93
S21402FBC8002008BD0220FCE7D761002030B50024DB
S21402FBD84FF4806587B0CDE900128DF81030084AD8
S21402FBE8034603A94FF6FD708DF811400394ADF84D
S21402FBF81250ADF81440FFF757FE07B030BD00BFED
S21402FC08246C04002DE9F04F99B00E4605460CA95F
S21402FC181046CDE90A329DF888700AF04DFABDF80A
S21402FC283090804648460CF0D9FBB6F902300446B6
S21402FC38002BB6F806A0B6F802B004DA00228D4BFE
S21402FC481A70002049E048460CF0C8FB4045F5D338
S21402FC58A4EB0804E3B2002F18BF4FF4A07A152BC2
S21402FC68099328BF15230024013308F1FF324946B9
S21402FC78DBB292B2009412A80DF042F86FEA4B4338
S21402FC886FEA53437C499DF8482008684968ADF8EE
S21402FC983E300DAB03C3ADF84040ADF83C40ADF87E
S21402FCA842A0ADF84420BBF1000F24D10DF1490063
S21402FCB8F6F7C4FCA0B108F0CFFF5C4680460DF10B
S21402FCC851060DF149030A9A96F80090012A2CD19A
S21402FCD84FB384F0010404F0010019B0BDE8F08FB8
S21402FCE80DF149000AF0F7FA4FF6FF74011B4C4271
S21402FCF880464C41E3E7BBF1010F57D1BDF8498076
S21402FD0808F0AAFF80450AD040460DA90AF0E6FA8E
S21402FD1880F00104E4B20DF14B060DABD3E7574B66
S21402FD280DF14B06CFE70A9CD5E75FB344BBB9F1A2
S21402FD38010F25D830D108F08FFF08F08DFF224634
S21402FD48804671784D4B029100210120CDE9008151
S21402FD584B490AF08DFCADF8320088B124BBB9F1E4
S21402FD68010F0CBF0D210C210DF132000AF0E8FB41
S21402FD78024628B92846BDF832300FA9FFF794FD87
S21402FD880120AAE7B9F1010F04D1002CD3D08122B1
S21402FD987178D8E7002CFAD1B9F1010F94BF002286
S21402FDA801227178D201CEE70C21DDE70A9B002BEF
S21402FDB87FF447AF7388342B4BD1099B092B7FF40A
S21402FDC840AF002F7FF43DAF9DF951603A46B4101C
S21402FDD808210DF1490004F0200408F0CBFEA0B17A
S21402FDE8284B1B78012B3FF42CAF274A274BB2F837
S21402FDF868201B68AA421DD0DA001BD5C8232846ED
S21402FE08234A0FA9FFF750FD1BE70DF14900F6F745
S21402FE1815FC0028E4D10DF149000AF05CFA4FF609
S21402FE28FF739842EAD02146F9F778FE034600287F
S21402FE38E4D1E4E75B0201D5002E08DA002328465F
S21402FE48134A0FA9FFF730FD124B1C70F9E68D23F3
S21402FE58D5E7099BCDE905A204930DF14903CDE93F
S21402FE68028331462846CDE900790B9B0FAA00F09B
S21402FE783DF8E6E68E62002086F403005D62002006
S21402FE88286C0400D8610020445500208C480020C5
S21402FE9870210400406C0020024B187840F0800065
S21402FEA8704700BF9A620020014B188000207047F6
S21402FEB8C66B00204FF6FF71034602881B798A42FA
S21402FEC817BF074901200A8041881EBF054A00203D
S21402FED81180FF2B1EBF044A00201370704700BF14
S21402FEE8C26B0020C06B00209B6200202DE9F04FF9
S21402FEF8A1B09946BDF8AC302D9F0D939DF8B03051
S21402FF0804460E93BDF8BC3038460F939DF8C030B1
S21402FF184E88884615469DF8A8B010930CF0F3FD57
S21402FF28112E824671D808F097FE504576D0062ED6
S21402FF3810D14FF6FD72924526D0BBF1000F10D1B4
S21402FF4800228023CDE900A229462046BC4AFFF7B4
S21402FF58ABFC06E0BBF1000F03D1032E07D8012E37
S21402FF6809D80022B74B1A7021B0BDE8F08F043EBC
S21402FF78022EF6D8E4E7802329462046B24ACDF870
S21402FF8800A0FFF791FCECE7B04B1B785E074CD459
S21402FF9808F062FE0026034632460120A84900966B
S21402FFA80AF066FB3B79ADF866000F930028DBD0B3
S21402FFB8DDE90E320D9803EB42090CF00FFA5FFAF0
S21402FFC889F909F105085FFA88F88045CCD24146D6
S21402FFD80D9801F02FF9109008EB40080D980CF0D8
S21402FFE8FDF98045C0DADDE90F321343DBB2002B98
S21402FFF840F03482BBF1000FB6D1D84642460421FF
S214030008BDF8660001F02AF974E1904A3A2E127890
S21403001812D948F23B039E4207D013E08B4A127864
S21403002850070BD5321F022A08D8B8F8063043F40F
S2140300388043A8F8063097E71B2E1DD8B21E91B248
S21403004813295FD9109B494602930F9B3046CDE987
S21403005800B30E9A234607F004F90F2884D1012229
S214030068784B1A70794B1B789B0740F12783BBF1B3
S214030078000F7FF479AFD8E7A6F11C011E29E1D853
S21403008801A050F821F000BFDB0603004D00030073
S2140300984D00030071FF02004D000300C90403006E
S2140300A8C90403004D0003004D0003004D00030080
S2140300B84D0003004D0003004D0003004D000300F0
S2140300C84D0003004D0003004D0003004D000300E0
S2140300D84D0003004D0003004D000300FB0403001E
S2140300E8FB040300AD0603004D0003004D000300A8
S2140300F8CF0603004D0003002B0703004107030048
S2140301084F070300132A9DD801A151F822F000BF18
S21403011869010300F9010300170203002F03030014
S21403012899FF02004D0003004D0003004D00030035
S2140301384D0003004D0003004D0003004D0003006F
S2140301484D0003004D0003004D0003004D0003005F
S2140301584D000300730403004D0003000707030064
S21403016800231A938DF866300DF1660322460E991E
S214030178484600931AAB07F06EF808F06DFD06467E
S214030188EAF7D4FB162894BF4FF002094FF022096A
S214030198F7F792FF2E4B0746B3F800A0FBF7EAFDE6
S2140301A82C4B80464FF6FF70B3F800B00AF04BF8B6
S2140301B8294B9DF866201988244B1B7813F00203F5
S2140301C81CBF264B1B780B921A9ACDE90701CDE97B
S2140301D8093240232946CDE9019320460023CDE979
S2140301E8058BCDE9037A1E4A0096FFF75DFBBBE64F
S2140301F808F032FD1B4B1C4A1B88CDE92A03002353
S2140302082946204621B0BDE8F04FFFF74DBBBE7820
S2140302181AA9731EDBB2EF2B304627D9F22E25D048
S21403022805F04BFB822608F017FD00232946CDE987
S2140302380003034A33462046FFF736FB94E600BF1F
S2140302480C6C04008E620020176C04009861002072
S214030258C66B0020C26B0020C06B00209B62002088
S2140302682E6C0400C46B00203B6C040005F025FBD1
S214030278002856D008F0F0FC9DF86C209DF86E1008
S2140302880492BDF86A2049000392BDF86820C9B2F3
S214030298CDE901629DF86D2003465200D2B20832BA
S2140302A80A44009201200022C6490AF0E1F99DF8A3
S2140302B86D30ADF866008DF8633000283FF454AE11
S2140302C84FF0000801230DF163011A460DF166008D
S2140302D8F5F790FC074600287FF446AE9DF8633092
S2140302E8FAB293420CD89DF86E308DF86330B8F1A5
S2140302F8000F02D0BDF8663036E04FF00108E1E79C
S2140303084146304605F0DBFA0123ADF864000222C5
S21403031819A90DF16600F5F76DFC01370028DDD045
S21403032822E683267FE708F097FC064605F0E6FAFA
S2140303383346009000220120A3490AF099F90028C1
S2140303483FF412AE00273E46ADF8680005F0D6FA2D
S2140303585FFA87F840450DD832460421BDF8680091
S21403036800F07CFFBDF86830002229462046FFF7D8
S2140303789BFAF9E5404605F09EFAFF288DF86600D5
S2140303880BD0012301361A460DF166011AA8F6B2F8
S214030398F5F730FC00287FF4E7AD0137D6E750467B
S2140303A8B7F8029005F087FAFF288DF8640000F086
S2140303B8E2811AA905F081FABDF868304B4507D0E3
S2140303C84FF6FF72914540F0D681190400F1D381A8
S2140303D89DF86D3012930E9B0533DBB213930F9B78
S2140303E8149300234FF0000911934B4613E0179319
S2140303F84900139BC9B219440D9889B20AF0DBF871
S2140304084FF0000A179B159012995FFA8AF28A42F0
S21403041816D309F10109149A5FFA89F19142E6D3D2
S2140304289DF86E201292169A1392002B40F095812F
S214030438119B002B40F09F81109B14930123D1E757
S21403044811999DF86400179305F039FA159A179BC6
S2140304580AF1010A824208BF0123D5E709F1060912
S2140304685FFA89F3B046169386E1BD1C29465046C3
S214030478BC7A06F079FA01222946504609F092F822
S214030488504609F0F4FE284609F025FF3A888242CA
S21403049807D04FF6FF72904203D00CF026FC09F003
S2140304A806FF84F00804C4F3C00421462846FFF771
S2140304B819F82146284621B0BDE8F04F06F0FABEE3
S2140304C8BBF1000F7FF450AD12073FF5AEAD3346D0
S2140304D83A462946204601F08FF900287FF444ADB2
S2140304E8842329462046394A21B0BDE8F04FFFF752
S2140304F8DBB90F9897F8008009F061FC00210746DE
S214030508204601F0E3FC312EA7EB0007FFB240F0CC
S214030518D5804FF0000A012053465246CDE9008A9B
S2140305282B490AF0A5F8ADF8660000283FF41CAD81
S214030538162251461AA8EDF779FB1AA808F015FEF5
S2140305484FF0FF33DFF894B0CDE91C339BF80090E7
S214030558B9F1000F02D14FF0010A55E01D4E337969
S2140305686F2B02D90026324625E050461CA9F6F71B
S2140305783DFF0028F6D0184BB6F80090B3F868305D
S214030588B9F1000F2CD1003B18BF01235B0143F0E0
S21403059804038DF87A3002238DF87B3073881B0AA0
S2140305A849461EA88DF87D300CF0AFFAB8F1000F57
S2140305B865D0002601220221BDF8660000F04EFE33
S2140305C832461CE53F6C04000C6C040070210400E2
S2140305D8476C0400CC5A002044550020D161002003
S2140305E8B3EB090318BF01235B0143F005038DF83A
S2140305F87A3002238DF87B300F238DF87C30CDE7D5
S2140306080AF1010A5FFA8AFA0AF1FF36F6B23046A9
S2140306180CF071FBC307F3D59BF8003019EB030FF7
S21403062804D009F101095FFA89F9E9E7584B1CA9CF
S21403063818783044C0B2F6F7D9FE002892D0304670
S21403064809F046FE814630460CF055FBC0070FD42A
S21403065816238DF87A304F4B1B780133DBB20F2BFA
S21403066828BF0F238DF87C304B4B33F8163096E7AC
S21403067830460CF040FB8107EAD41223E9E7BDF8BD
S21403068866000BF0ABFE1630B84292DC0123162246
S2140306981AA90DF16600F5F7ADFA00287FF464ACE5
S2140306A8012660E712073FF5C0AC3B4622462946BB
S2140306B80F9801F0F9F800287FF456ACBBF1000F49
S2140306C87FF452AC0CE7BBF1000F7FF44DAC8023EC
S2140306D807E708F0C1FA50457FF446ACB81CF5F7AF
S2140306E8ADFF00283FF440AC08F0B6FA064608F01B
S2140306F8B3FA2A4B2A4ACDE92A03334680E5384615
S2140307080CF001FA09F09FFD00283FF42DAC2A905F
S214030718002329462046234A21B0BDE8F04FFFF7B9
S214030728C3B84B462A4621460020CDE92AB721B04E
S214030738BDE8F04FFEF7F6BF4B462A462146012092
S214030748CDE92AB7F3E75B464A46294620462A9761
S21403075821B0BDE8F04F06F0B2BD012319A91A4629
S2140307680DF16600F5F746FA00287FF4FDAB08F1AD
S21403077801085FFA88F8013605F0C0F85FFA86FACA
S21403078850453FF60CAEB8F1000F3FF433AC35E4F2
S2140307980E6C002083620020FE5A00205D62002053
S2140307A84C6C0400176C0400F8B5164B04461D88F9
S2140307B8154B20F8025B196879B10822EDF788FA19
S2140307C8124B0C201B78124EA372124B1978002377
S2140307D8DAB2914205D8FF2209E0C4F80210416054
S2140307E8EEE7013300FB03F7F75BAF42F0D10A4BA2
S2140307F8E2721B782373094B1B786373084B1B68D9
S2140308082361F8BD7E5B0020605600209C620020B2
S21403081868590020086C0020806200207F62002050
S2140308284C560020F0B589B006460C4615460AF025
S21403083875F80DF10A020146304609F026FF144FF3
S2140308480346F0B901223A702288BDF80A102AB185
S21403085802460090072004F015F890B103A8FFF7A6
S214030868A3FFBDF80A000BF0B9FD0646BDF80A005B
S2140308780BF098FD21460090F3B2284603AA06F02B
S2140308889DF80023034A3B70136009B0F0BD00BF10
S2140308989D62002060560020142230B58BB00546B2
S2140308A80DEB02011548DEF7DDFC10BBBDF814306E
S2140308B8DA0720D413F0060FC3F3410208BFC3F3C5
S2140308C841220F4B0DF116019C5C68462246EDF754
S2140308D83DFBBDF8263004F128026A4402F8283C9A
S2140308E802341B0A02F8273C69462A46E0B209F096
S2140308F84AF80BB030BD2320FBE700BF703214E084
S2140309087BD0040010B58AB0ADF826200022CDE9C6
S214030918052204920CAA02924FF6FF720446AC21F3
S21403092801200192064A039004FB012260320092DA
S2140309384CF620010DF1260209F0D9FC0AB010BDC9
S2140309484455002010B54FF6FF741E4A8AB0B2F815
S2140309586800B2F85E10A042ADF82600B2F85C3024
S2140309684FF6FD70ADF8241018D081424FF0000002
S21403097894BF48F660014CF66001CDE90500CDE961
S2140309880300CDE9010094BF09AA603200920DF175
S2140309982602042009F0ABFC0AB010BD81424FF0D2
S2140309A800008CBF603209AA00928CBF4CF66041E7
S2140309B848F66041CDE90500CDE90300CDE901001D
S2140309C8014AE6E744550020AE55002000B50E4B15
S2140309D80022B3F85E308BB0ADF824304FF6FF73C1
S2140309E8CDE90522CDE90322CDE9012209AA009221
S2140309F84FF400610DF126020720ADF8263009F002
S214030A0876FC0BB05DF804FB44550020202A10B58D
S214030A18144614D8012A04D10C88B4F5004418BF28
S214030A280124620030B10748EDF752F9064B00205F
S214030A381C7010BD0548EDF74BF9054BF7E7212069
S214030A48F7E700BF805B00209E620020C05B0020A3
S214030A589F6200202DE9F047104617460CF053F81E
S214030A68DFF814A1DFF814919AF8003099F80020FB
S214030A780546134302D10020BDE8F08710F440680A
S214030A8800F0400619D186BBB0F5804F5CD24FF410
S214030A98807400239AF80000344AD9B288425DD895
S214030AA8002399F80000324AD9B28842E3D932F8CB
S214030AB8021B0133A142F7D155E0F81C0CF023F8CA
S214030AC84FF6FF73984214BF0124022486B1052605
S214030AD805F44043B3F5004F44F0080424D0B5F5B5
S214030AE8804F23D244F4807420E044460326EFE77D
S214030AF8B5F5804F4FF00506F4D3B8F5406F14BF2D
S214030B0802200820304438440BF0FDFF194B05F447
S214030B184045B3F85C3083420CBF44F0080444F005
S214030B280404B5F5004F01D144F08004B8F5006F0E
S214030B380ED1B8190BF0E7FF0E4BB3F85E308342BD
S214030B48A7D144F01004A4E7444603260220D9E7B5
S214030B58B8F5406F08BF44F020049AE732F8021B42
S214030B680133A14299D1012086E700BFC05B00206C
S214030B78805B0020445500209F6200209E62002070
S214030B882DE9F04F104685B0164698460BF0BBFF86
S214030B985D4F00F00803B7F85C10044600F0070939
S214030BA8F01C02930391B7F85EB00BF0ACFF06F1A6
S214030BB8050A054650460BF0A6FF03464FF6FF7098
S214030BC8854218D00399A1EB050CDCF1000545EB2B
S214030BD80C056D004FF6FF718B420ED145F00405E8
S214030BE80BF00AFE029B6BB1B9F1000F11D042203D
S214030BF805B0BDE8F08F0125ECE79B4508BF45F037
S214030C080805EDE7B9F1030FF1D8DFE809F0021B91
S214030C18795D0BF0F1FD08B9A807E8D524F00804B8
S214030C28A4B2B4F5004F05D0B4F5624F02D0B4F5BC
S214030C38404FDCD10025294697F8A820002007F066
S214030C4858FE3CE0D7F88030E3B900213246084620
S214030C58FFF700FFD8B948F6410224F038039BB2E1
S214030C689342C4D10A2D49D0062DC0D197F87730C0
S214030C78023B012BBBD8F3F745FD0028B7D140F656
S214030C88040505E04146304698470028DDD0082588
S214030C98E20648BF45F08005A30648BF45F48055DD
S214030CA805F00C03042BC6D1F01D0BF02CFF97F8A8
S214030CB8A8303246009341462B4607F0EFFD08B3AB
S214030CC80E9B1880002093E7A90705D14FF6FF73FC
S214030CD8B7F85C209A428AD104F44063B3F5006FF0
S214030CE80AD0B3F5406F82D1082250460749EDF77C
S214030CF8E9FA00287FF47BAF0C25C9E70425C7E784
S214030D08432075E7192073E744550020A4550020AF
S214030D18034B1A781AB1FF2A04BF00221A707047C9
S214030D28A162002070B5084C084E2378F55C1DB107
S214030D383E2107480BF009FEFF2223782846F25483
S214030D480023237070BD00BFA0620020A1620020AC
S214030D58506C0400034B044A1B78D05CFF3818BF5A
S214030D6801207047A0620020A16200200023074AE2
S214030D7807491360074A1360074A1360074A116056
S214030D880121074A1170074A1360704770560020FE
S214030D9881A403006C56002068560020386B002098
S214030DA8426C0020785600200E2A70B50C4606467C
S214030DB81546194603D9FFF7D9FF502070BD0128F9
S214030DC807D10020F3F7B8FCB0B1FFF7CFFF212017
S214030DD8F4E780220021224B1A70224B1960224B1B
S214030DE81B684BB134200BF051FB204B188018B905
S214030DF8FFF7BCFF0120E1E724F0FF6323F4FF239A
S214030E081BB1FFF7B3FF4F20D8E774B92046F3F7B3
S214030E18ADFC0124032510F0800F43B21BBF00F07E
S214030E281F039C409C4044F078440020104B24F059
S214030E3878441E700F4B10491D70104B1C60104BE6
S214030E481870104B1A68F4F71FF818B1FFF78EFFDF
S214030E580420B3E79DF810200B4B1A70AEE700BFCB
S214030E68A26200207456002068560020005C00200A
S214030E78A7620020A562002075110300785600209B
S214030E88A662002070560020A36200207FB5244B7C
S214030E9800251A7801232348234903FA02F2007827
S214030EA81A440A60ADF80E5020B3984236D11F4C48
S214030EB81F4B20781B680DF10E0198471D4EBDF891
S214030EC80E20307092B11C4B294600932846022305
S214030ED80195F4F713F83278237822B1012A12BF62
S214030EE81B230133DBB2237004B070BD013818BF6F
S214030EF80120F0E778235A43013A0A6008220F498B
S214030F080BF00AFA0B49094A0978137821B1012923
S214030F1812BF1B230133DBB21370E5E71846E3E77A
S214030F28A5620020A76200207C560020A662002047
S214030F38386B0020426C0020B11103008DC70300F4
S214030F48024B1868003818BF0120704768560020FF
S214030F5837B505461C460BF04FFC68B974B1084B09
S214030F681A60084B0A461C6001232946009303238C
S214030F78FFF71AFF03B030BD4D20FBE72520F9E73E
S214030F88645600206C56002013B504460BF034FC58
S214030F9858B962B1074B1A6001230A4600932146E3
S214030FA80323FFF701FF02B010BD4D20FBE7252002
S214030FB8F9E700BF685600202DE9F0410446DDE94D
S214030FC806861D469DF820700BF016FC88B99EB160
S214030FD8A2B10B4B01201A600A4B0A46C3F80080DD
S214030FE8094B21461E602B460697BDE8F041FFF7DE
S214030FF8DBBE4D20BDE8F0812520FBE72120F9E77D
S214031008386B0020705600206C5600200148F4F711
S214031018ADBB00BF005C00202DE9F0410020F3F7CC
S214031028A1FE114B114C1E68114B20881D68114BED
S214031038114FD3F8008010B13978F4F771FD00200A
S2140310483870FFF793FEF4F7ABF90EB14046B04796
S2140310583DB12088A84700232380BDE8F0410BF064
S214031068EFBCBDE8F08100BF6C560020005C002092
S2140310786856002078560020A8620020F8B52F4846
S214031088F4F764FE2E4B187830BBF3F76FFB2D4F3F
S21403109806463B6803B32C4B2C4D1C6824B195F9C4
S2140310A800301A461946A047294B1B6883B1294CBA
S2140310B82378312B0CD8284B18880BF073F9237830
S2140310C85A1C22702A78C25423785A1C2270C65493
S2140310D880232B7000233B60204C23781A2B22D8BE
S2140310E81F4A1278012A09D100211E4A156825FAD3
S2140310F803F0C007DAB20ED501B122700020F3F769
S21403110835FB2178884212D10022174B1A70FFF755
S214031118BDFE40B9F8BD0133D8B21A284FF0010115
S214031128E5D90A442270BDE8F840FFF775BF0020EA
S214031138F3F72EFB0028E7D0F5E700BF3C6B00204B
S214031148A76200207456002064560020A26200207E
S21403115868560020A8620020005C0020A6620020D3
S214031168426C002078560020A462002008B50B4B7A
S214031178187880B90221F3F7CDFA094B1B782BB1FF
S21403118800214FF6FF720846F3F7A6FABDE80840B3
S2140311980448FFF773BF00210846ECE7A762002060
S2140311A8A36200203C6B002038B5144B0C461D7810
S2140311B8012D21D181B90846F3F7D8FA104A05FA62
S2140311C800F013680F4923EA0003136020462A46F3
S2140311D8BDE838400BF0A0B80B4A13780133DBB2EE
S2140311E8022B137004D9BDE838400848FFF746BFFA
S2140311F8FFF74CFE0028F6D138BD00BFA7620020D3
S214031208785600208DC70300A46200203C6B00209C
S21403121838B50C4605460BF0E1F8A04203D82D2155
S21403122803480BF092FB28460BF0BCF8204438BD65
S214031238646C040070B506460D460BF0B3F8044616
S21403124848B130460BF0CAF8A84203D835210248FD
S2140312580BF07BFB605D70BD646C040070B50C46D8
S214031268064615460BF0BAF8A04203D83E210448B2
S2140312780BF06BFB30460BF095F800B1055570BDC7
S214031288646C04002DE9F0438FB007460C461546F8
S2140312981E469DF85880F8F755F920B1F4F796FEE0
S2140312A808B144F400544D4B1B7813B924F4007466
S2140312B8A4B2200509D546B9284604A9F5F750F976
S2140312C8002846D024F40064A4B2ADF81840ADF85C
S2140312D81A5007F0C1FC424BADF81C00B8F1000FDA
S2140312E802D01A78424501D293F800803D4AE105B8
S2140312F8137848BF0DF1210103F10103DBB2137024
S21403130858BF08A922058DF81E808DF81F3006D50C
S2140313183368083141F8083C736841F8043CE30431
S21403132807D5314A0831136841F8083C536841F831
S214031338043C0DF11808A1EB08005FFA80F90021B8
S21403134848460BF0A3F8064628B900200FB0BDE8B8
S214031358F08304AEB9E70BF025F841464A46ECF7A6
S214031368F5FD30460BF03AF8804630460BF01AF88F
S2140313780023024600934FF6FF7004235FFA88F1B2
S21403138807F08CFAADF80E000028DED040F2011301
S2140313981C421AD14FF6F7739D4216D80BF01EF867
S2140313A80DF10E010446284600F090FDBDF80E0028
S2140313B80BF014F8E4B2A04207D9BDF80E0007F004
S2140313C8BAFA437843F004034370BDF80E003A466E
S2140313D801210BF033F8BDF80E00B7E7D361002000
S2140313E8026C0020D56100205D620020F0B5082954
S2140313F8D58889B028D00C2926D0AE0424D405F085
S21403140840030B43424C267816B105F020042343C9
S2140314182FB2002FB8BF43F08003032920D112232D
S214031428AC068DF80430937A10D48DF805300DF198
S214031438060401A9621A012392B2F4F7DBFBB0FA99
S21403144880F0400909B0F0BD0B46DBE732228DF881
S21403145805308DF80420002EE9D00DF11304E8E7D3
S2140314680C298DF804300ABF138953798DF8053093
S214031478548805BF1B0A8DF806308DF805300DF124
S214031488070318BF0DF106031C70240A5C70148842
S21403149802399C70240ADC70147901291C7111D84E
S2140314A8917A002F597131DA022112899971DA710A
S2140314B8120A03F109041A72002EBAD0AB06B8D57D
S2140314C80534B6E7A9071AD4002F0CDA117A51B1F6
S2140314D8917A59711189127A03F1080492B102229A
S2140314E89A71D971E8E70B4C217801F1010C84F85D
S2140314F800C091729C1D002F5971DDDAEAE7917AD4
S2140315089C1DF8E70122090A9A71EAE79C1DD3E7AE
S214031518D3610020D4610020014B1880704700BFB8
S214031528025C0020014B1888704700BF025C00204D
S2140315382DE9F84307460BF001FA05461B480BF05E
S21403154878FB1B4B60B31C683C1B2C44A4B20022DC
S214031558184BDFF868901B78174D03EB830399F84D
S214031568006005EB43055FFA82F846450AD9AB885F
S21403157805F10A00A34216D90A23B21A29465A4382
S214031588ECF7A6FB013689F80060AC80B8F1000FCB
S21403159803D1394605480AF0F1FF2846BDE8F88323
S2140315A83C461D60D3E705460132DCE75C6B00204A
S2140315B880560020A96200209A5A0020AA620020BA
S2140315C81FB5154A154C1378013BDBB213706168D7
S2140315D8206801AA03C221891180114A1278D218F9
S2140315E805D00A2320465A43E118ECF771FB9DF809
S2140315F806301B070DD0BDF80C00FFF799FF03460E
S2140316088288ADF8082001AA03CA128818605960B0
S2140316181A8104B010BD00BFA96200209A5A0020A0
S214031628AA620020002108B5084B09481970094B1F
S2140316381970094B1A7802EB82025200ECF7F6FA95
S214031648BDE808400548F4F781BB00BFAA6200203E
S2140316589A5A0020A96200200C6C00205C6B0020BC
S214031668F8B50024084D094F094E3B783178E2B2A5
S2140316780B449A4204F1010400DBF8BD2846F4F74C
S21403168875F80A35F1E700BF9A5A0020AA620020C7
S214031698A962002010B5064C207828B1054807F043
S2140316A876FE10B1034B188810BDFFF789FFF3E7E2
S2140316B8A96200209A5A002008B50A4A03461078F9
S2140316C860B1094A1088984209D121B99378103332
S2140316D823F00F039370FFF773FF012008BD002064
S2140316E8FCE700BFA96200209A5A00202DE9F74FAD
S2140316F800260BF023F9DFF8F890B24699F8007045
S214031708B3463A46DFF8EC801FFA80FEB8F800C006
S214031718344CAEEB0C039BB201932378324D009303
S21403172803EB830305EB4303ACEB0E0C5FFA86FE71
S214031738BE4515D3BAF1000F01D0009B2370BA42F9
S2140317482AD3002F37D00A222378C8F8000002FBD2
S21403175803532648998803B0BDE8F04F0AF00EBF36
S214031768B3F804E001998E4512D84FF0010A0099A0
S21403177893F802E001310EF1FF3EC9B2013AA3F82D
S21403178804B083F802E00091D2B20A330136CDE7FB
S214031798E644A3F804E0F8E789F800204AB10A22E9
S2140317A82378C8F8000002FB0353104899880AF008
S2140317B8E5FE237813B903B0BDE8F08FFFF76AFF99
S2140317C806460028F5D006F0EAFF0146304607F03D
S2140317D8DBFD20B100212888FFF76EFFE9E740F616
S2140317E80241F8E7A96200209A5A00205C6B0020A1
S2140317F8AA620020805600202DE9F04192F808805E
S2140318081F4608F1FF33DBB2EF2B05460E46144698
S21403181888B00BD982238DF80E30314628469DF8BA
S2140318280E30204AFEF740F8012037E00E2200214A
S21403183804A8ECF7FBF9B4F809308DF81180ADF875
S2140318481230E37A03F07F02032A08D0012B24D14F
S21403185803238DF81030A389ADF815300EE0032B5B
S21403186814BF022301238DF81030E368CDF8153032
S2140318782369CDF81930237D8DF81430A7F121019B
S2140318884A420DF10E034A41009321460DF10F0318
S21403189804A8FDF737FC0028BFD1002008B0BDE830
S2140318A8F08100BF702104002DE9F04F00241D7855
S2140318B895B0CDE902010492234622460120CDE9DC
S2140318C80054404908F0D4FEADF81E00F8B1A3460C
S2140318D8264627460DF120090DF1380AE9F71AF8C6
S2140318E85FFA84F8404516D83A460221BDF81E002A
S2140318F8FFF7B4FC32460421BDF81E00FFF7AEFC22
S214031908DDE903100022BDF81E30FDF7CDFF0120E8
S21403191815B0BDE8F08F4A4640460AA9FDF7E4FB32
S2140319289DF8282022B12DB1013DEDB20137FFB253
S2140319380134D3E7BBF1000FF8D199E803009DF80B
S21403194829308AE803008DF84030BDF82A30032A88
S2140319588DF841304FEA13238DF8423017BF03231F
S21403196801238DF843309DF82C30DDF83110DDF86F
S2140319782D0014BF8DF84C308DF8433011AB03C3DC
S21403198802980CBF4FF00E084FF0150808F017FA28
S2140319980590BDF81E000AF021FD059900EB080323
S2140319A899420BDB0123424651460DF11E00F4F71C
S2140319B821F90028ABD10136F6B2B7E74FF0010B91
S2140319C8B4E700BF476C040038B505460D4B0E4810
S2140319D81C88F4F7A7F9012D0CD10C4B1C88FA21A7
S2140319E8614358B1884209D28408012C204638BF7F
S2140319F8012038BD022D08BF0224F0E702480AF08A
S214031A08BDFDF2E7965A002078470020945A002036
S214031A18012208B5054B06481A7000210AF0AEFDE8
S214031A28BDE808400020FFF7CFBF00BFBE61002017
S214031A38784700201E4B73B51A8802F108039BB239
S214031A48012B02D81B4B1B7823B902B0BDE87040A4
S214031A58F4F77CB90024184B184D1C70184B1C70EF
S214031A682B787BB14FF6FC73164E0093224623461B
S214031A782146308808F0C9FB4FF6FD732C70338077
S214031A8801200FE0104B1046197807F07BFC00285E
S214031A98F6D10C4B1A884FF6FD739A42F0D0012301
S214031AA802202B7002B0BDE87040FFF78DBF00BF61
S214031AB8985A0020BE610020C1610020BF61002043
S214031AC8C0610020925A0020C2610020012808B590
S214031AD80AD002280CD020B9084B18700848F4F727
S214031AE835F94FF0FF3008BDBDE80840FFF790BF53
S214031AF80020BDE80840FFF767BF00BFBE610020AF
S214031B087847002002280CD859B1064A13780133BF
S214031B18DBB21370044A12789A4202D80220FFF7FF
S214031B28D5BF7047C0610020C361002038B5A0F652
S214031B381343012B04460D4615D80E4A1378013372
S214031B48DBB213700C4A12789A420CD84FF6FD7221
S214031B580A4B00201988914201BF00221D80084BBA
S214031B681A70FFF731FF29462046BDE8384004F0CF
S214031B7829BF00BFC1610020C4610020925A00201B
S214031B88BF61002000234FF6FD71054A1370054A0E
S214031B981370054A1180054A1370054A1370704777
S214031BA8C1610020C0610020925A0020BF61002056
S214031BB8BE61002030B5094B02461B7833B1084B8B
S214031BC8084C19780023D8B2884201D3FF2004E0D2
S214031BD8013334F823509542F5D130BD0B6C002001
S214031BE8C6610020725A00200022FF21044B0548D4
S214031BF81A70054B1970054B1A789200ECF716B84D
S214031C08C6610020765A0020C56100200B6C0020B0
S214031C18F7B58DF807100DF10701044602F09EFE8E
S214031C28234B1D78002D41D02046FFF7C3FF214ED6
S214031C38FF283178204B05D1204A107885422DD9C4
S214031C48451C1570884219D01C4A1B4D92F800C0D3
S214031C580022D7B2BC450CD92F4697F803E00132C9
S214031C68864505F10405F4D102B203EB8202D27865
S214031C78FA7002B203EB8202D170307002B203EB41
S214031C88820123F82240FF228A709DF80720FF2A44
S214031C9802D003EB8203987003B0F0BD0A461046E1
S214031CA803EB8202D278FF2AF9D1CBE7FF20F3E7CA
S214031CB80B6C0020C5610020765A0020C661002000
S214031CC82DE9F843FFF776FFFF28044669D04FF659
S214031CD8FF72354F03B2DFF8DC80344E27F8232033
S214031CE898F80050A54202D10020BDE8F88333785F
S214031CF820B28100A34207EB800090F803E010D0DF
S214031D080023294A5FFA83F94D45944606D99CF879
S214031D1803900133A14502F10402F3D18CF803E0E2
S214031D2801E086F800E0013DEDB22A1BD2B2043189
S214031D3892003944EBF7CCFF88F800503378FF2B32
S214031D4804D0A34224BF03F1FF33337000214FF6B8
S214031D58FF70154BCAB2AA420CD300234FF6FF7185
S214031D68134ADCB2AC42BBD2013332F823008842B2
S214031D78F7D1B5E79A78A2420BD11880DA78FF2A0A
S214031D8804D0A24224BF02F1FF32DA7001310433D1
S214031D98E0E7FF2AF2D0A24224BF02F1FF329A708C
S214031DA8ECE72D20A1E700BF765A0020C561002086
S214031DB8725A0020C6610020F8B51C4B05461B78EE
S214031DC8084673B3FFF7F6FEFF28044629D02846CD
S214031DD8FFF7F0FEFF2806D0154B164E1A78002399
S214031DE8D9B2914218D3FF212846FFF711FFFF28DF
S214031DF8014616D00546104F23B207EB830237F881
S214031E0823009678FFF704FFA84208BFFF25FF2E96
S214031E18214608D12846F8BD013316F82310814217
S214031E28DED1FF25F6E73446E6E700BF0B6C002055
S214031E38C6610020745A0020765A00202DE9F04126
S214031E4880460E461F46002386B001A814469DF812
S214031E5830508DF80330FEF7A7FCADF804802EB19A
S214031E683368CDF806307368CDF80A3038460AF07A
S214031E7899FA0DF103034219214601A804F0AEFDB1
S214031E889DF8033093B931464046E8F737FF0E4BC3
S214031E981B785BB10B2C09D8FF214046FFF7B8FE29
S214031EA8064605EB4404E4B2A54202D106B0BDE8F3
S214031EB8F0812946384608F07EFB3146FFF7A8FE30
S214031EC802350646EDB2EFE70B6C002000232DE93A
S214031ED8F3470DF107028DF8073004460E4602F065
S214031EE828FD9DF80730054663B92046FFF762FECE
S214031EF804465EB130880AF071FA5FFA80F8FF2C60
S214031F0845D10025284602B0BDE8F087B046F6E777
S214031F1801320C2AF5D02DB207EB8505AD78FF2DD7
S214031F28F6D112F0FF0AECD04FEA4A050235EDB2B5
S214031F38002EE7D0304605EB080108F001FB002821
S214031F48DFD1524641463088FFF788F90AF1FF3257
S214031F5808F1010108F102093088D2B2C9B25FFA62
S214031F6889F9FFF77BF924B207EB8404A478FF2CDE
S214031F78C8D023B2494637F82320308808F02BFB0D
S214031F880028BED109F102095FFA89F9EBE725466D
S214031F980022014FBFE700BF765A002008B5D5F7E1
S214031FA85BFDD5F743F900F04AFAD6F779FEBDE8A4
S214031FB80840D4F7EBBE10B5044601880120D5F7D0
S214031FC80BFEE3880BB9C823E38010BD37B5044678
S214031FD8D5F710FE658885420ED8A188E288814227
S214031FE805D3431B5343491BB3FBF1F39AB280B2A1
S214031FF840EA024003B030BD0022F8E770B50C464D
S214032008088800F04BF994F84430054683420FD00D
S21403201804F11C06304600F07CF984F8445000F0BE
S2140320287CF9618BA0643046BDE8704000F06CB95B
S21403203870BD38B5044690F844108378826CCB1A82
S21403204859425941D4F70CFFE37893B1257985B9FA
S21403205800F063F90346A268218A04F11C009C1A5F
S2140320688C4236BF52182946D11ABDE8384000F0CC
S2140320784BB938BD09B100F0FDB800F005B938B55D
S2140320888388044603B3E3780088A17804F10C0533
S214032098A3B10023B1FA81F1E3704909FFF7EAFF18
S2140320A84FF6FF72A388218993421CBF03F1FF33BF
S2140320B8A3802846BDE8384000F026B90123E3701C
S2140320C8FFF7D8FFE188F4E738BD10B504468178F2
S2140320D80088FFF7CFFF0123E3700023A38010BD1A
S2140320E810B581780446B1FA81F100884909FFF7EB
S2140320F8C1FF0023E370A38010BDFFF7F1BF70B5DF
S2140321080446054600262B4655F8040B10B11B1B40
S2140321180C2B00DD70BD237C8680002BF3D0637CFC
S21403212813B1FFF7D2FFEEE7FFF7DAFFEBE7FFF7A8
S214032138E6BF70B5044605464FF6FF762B4655F8B8
S214032148040B10B11B1B0C2B00DD70BD8388B34238
S214032158F4D04FF4FA724FF6FF731146D4F7D4FE51
S214032168ECE709B100F086B800F08EB810B504465F
S214032178C0600830D5F7A2FE21792088B1FA81F12C
S2140321884909FFF7EEFFA37943B121796088B1FACD
S21403219881F1BDE810404909FFF7E3BF10BD00F021
S2140321A8A9B80346184613F8012B8A4201D0002A19
S2140321B8F8D1704710B53B2104460068FFF7F1FFD6
S2140321C80022034603F8012B2068236010BD10B5D0
S2140321D840B1421E0A24002012F8013F303BD9B210
S2140321E8092900D910BD04FB0030F5E708B500F04F
S2140321F87EF808B540F2BA4200211020D5F768FCED
S21403220841F2E823584340F6FF7300F2FF70B0FB31
S214032218F3F080B208BD50F80C3C23B150F8041C08
S21403222830F80E0C18477047084619B1FF211030CE
S21403223802F0A6BA704773B505460E466DBA14463D
S214032248D5F772FDADF804507EB1012C04D0032CEB
S21403225809D00022012101E02246022101A8D7F76E
S2140322689BFF02B070BD0022F7E7042132460DEB50
S2140322780100F4E707B540BAADF8040001A8D7F79C
S214032288BFFF03B05DF804FB07B540BAADF804001A
S21403229801A8D7F7E1FF03B05DF804FB002307B5F1
S2140322A840BAADF804000DF1030101A88DF8033018
S2140322B8D7F7FEFF9DF8030003B05DF804FB00782C
S2140322C800F0DF03552B07D0642807D0663818BFFD
S2140322D84FF0FF30C0B270470120704703207047A5
S2140322E818B12D280CBF012002207047704708B587
S2140322F801F038FE08B500F083F8BDE8084004F09E
S2140323083BBB50E9023018470A460830FF2102F063
S2140323182EBAFF21083002F03BBA08B50AF06DFB67
S214032328BDE8084009F0F2B813B500240DF107001C
S2140323388DF8074003F0D2FA40B99DF80700033832
S21403234803288CBF0020012002B010BD2046FBE7FF
S2140323582DE9F041044600274FF00C0E8F4202DBAE
S2140323680020BDE8F0812078904204D1002594F837
S2140323780780454502DB01370C34EFE70EFB05F60D
S214032388D4F808C00CEB06003CF806609E42E8D07A
S2140323980135EEE7F0B585B005460E461746D5F780
S2140323A8E3FD0446A0B131462846D5F795FD837864
S2140323B83A46002BA36831460293A378284601932E
S2140323C84FF0000300930CBF80234023E4F732FF4B
S2140323D805B0F0BD08B51288D5F7C6FD50B1027929
S2140323E8BDF80C309A4207D881680298EBF770FC60
S2140323F8002008BD8620FCE78920FAE7D5F7B8BE93
S214032408002004F035BB08B504F09AFB002814BF77
S2140324180320002008BD10B50446FFF785FF20B14A
S2140324282046BDE81040DFF74BBE10BD08B5FFF7E2
S2140324387BFF18B1BDE80840DFF734BE08BD704718
S21403244808B502F079F8FFF7A9FDD5F7F7FE64207B
S214032458DFF746FE6420DFF733FE02F06FF8D4F7A3
S214032468C3FC08F07DFCF8E7642230B542F2107529
S214032478418AB0F87E305143848A681A834202FB45
S21403248804F40AD2A3420AD91B1B02FB03F0214415
S2140324986D1AB0FBF5F0C0B230BD1046FCE700205D
S2140324A8FAE710B589B1632911D86424828A438A66
S2140324B8624304FB0323C3F51C53103301FB03F0E9
S2140324C8B0FBF4F0104480B210BD0846FCE742F2B5
S2140324D81070F9E738B5037B0446002B3AD0FFF7AC
S2140324E81CFF217BE389022903D1228A002A18BF0D
S2140324F8134603EB830303EB83039B009BB242F26F
S21403250810722BB1D4F88450401B5043B0FBF3F23F
S2140325180129B4F8883017D1134442F21072934253
S21403252828BF13469BB2A4F87E302046FFF79CFFCD
S214032538A37D83420ED0A075082260784FF481717C
S214032548BDE83840FFF726BF934201D39B1AE9E755
S2140325580023E8E738BD10B50446B430FFF7D9FEC4
S21403256804F1DC00BDE81040FFF7D3BE027BC38945
S214032578022A03D1028A002A18BF134642F20F72B0
S214032588642103EB830303EB83039B009BB2934211
S21403259888BFB3FBF1F1DC30FFF7B6BE10B50446CF
S2140325A8FFF798FF237B23B12046BDE81040FFF7CB
S2140325B8DDBF10BD10B504464FF6FE71D5F7DEFF36
S2140325C8B4F880302046A4F87E30FFF74DFFA37D8D
S2140325D8834208D0A075082260784FF48171BDE85D
S2140325E81040FFF7D7BE10BDF8B50E46044615468D
S2140325F800F18C073846FFF78CFE29463846A4F8C0
S2140326087C60BDE8F840FFF77FBEF8B504460D4684
S214032618FFF783FE4FF6FE71A36F8D42227BA0EB76
S214032628030717D162B94FF6FF75B4F87C30AB428F
S21403263805D004F18C00FFF76CFEA4F87C50F8BDB7
S214032648C72F1BD8C8331A1A29462046BDE8F840B0
S214032658FFF7CABFB4F87E60AE422CBF0226012637
S214032668B24211D14FF6FF76B4F87C30B34205D0A8
S21403267804F18C00FFF74DFEA4F87C60294620463B
S214032688BDE8F840D5F77ABFC72FDBD9002AF5D0BF
S2140326982046D5F773FFC822D6E74FF6FF7399424D
S2140326A801D0FFF7B2BF70474FF6FF72B0F87C1041
S2140326B8A0F87C20FFF7F1BF42F21071FFF7A5BF21
S2140326C80021FFF7A2BF4FF6FE71FFF79EBF4FF636
S2140326D80173994210B5044603D14FF6FE71FFF70E
S2140326E894FF638A2046322B84BF32236382A38AED
S2140326F8322B84BF3223A382BDE81040D5F7E8BF48
S214032708032910B504462BD0007B30B9012903D022
S21403271802290CBF0120FF2010BD032A07D8DFE8D3
S21403272802F00208101401291CD002291FD0FF202A
S214032738F2E70029FBD1B4F85C20012A12D0022A5A
S214032748F4E704290ED00529F0E7042914D005294F
S21403275814D00029EBD1B4F85C20111F0129ECD85A
S2140327680220D9E75A1E534253415800D4E7022B96
S2140327780CBF02200120CFE70020CDE70120CBE7DE
S21403278830B587B005460C46D5F7E0FC012820D1BE
S2140327981CB1611E4B424B4158006B784FF4807254
S2140327A88DF804304FF48273ADF806304FF4817316
S2140327B8ADF8083001238DF80B30002385F8900018
S2140327C801A8CDE903238DF80A408DF81430D5F710
S2140327D8F5FC07B030BD41680346C978027B99B952
S2140327E88168C97899B9002A08BF0321D6F7AEB815
S2140327F89B7B002B0CBF01210221F7E79B7B002B59
S2140328080CBF02210121F1E7012AF1D17047012A01
S214032818F4D17047042910B5044604D831B1BDE88D
S2140328281040D6F717B905290DD010BD037B5522DE
S214032838002B08BF0321A0F85C1040781221FFF78D
S214032848A9FD2046EBE743681A8A83681A82E6E7F7
S214032858012303730378013343734FF44073C3812F
S214032868032303740023A0F85C3080F89030704785
S21403287838B504460D4601B945890123E373FFF7C6
S2140328884CFDFA2202FB050020612089BDE838408A
S2140328985043FFF7C0BD10B50446806BD8B1E27845
S2140328A8022A04D0636B5B7972B984F83C3094F8D7
S2140328B83C306BB1FFF709FC60784FF60272BDE84F
S2140328C810400621FFF766BDB3FA83F35B09ECE70E
S2140328D8FFF706FCF0E710BD10B50446406BD4F7C7
S2140328E879FB2046BDE81040FFF7D5BF10B5044670
S2140328F8406BD4F793FB2046BDE81040FFF7CBBFE9
S21403290810B50446406BD4F7AFFB2046BDE810402D
S214032918FFF7C1BF10B50446002206214078FFF72B
S21403292839FDA378022B01D0FF2B04D12046BDE83E
S2140329381040D6F7F1BB10BD4FF60273994210B597
S214032948044601D1FFF7A7FFE378022B02D02046FF
S214032958FFF7A1FF2046BDE81040D6F7DDBB10B54C
S214032968D0F8A4407CB103791BB14079D6F794FC20
S21403297848B9A3883BB932222046BDE81040012354
S2140329881146D4F7C1BA10BD10B50446FFF7E7FFE2
S214032998A278237982B913B12046D6F7A3FC20463A
S2140329A8D6F7E0FC03236078A4F86C305522BDE81C
S2140329B810401221FFF7EEBC012B02D12046D6F7B2
S2140329C891FCA379012B02D12046D6F7CBFC012331
S2140329D8E9E710B583780446ABB9FFF7C0FFA378D9
S2140329E88BB9237913B12046D6F79CFC2046D6F735
S2140329F8FDFC04236078A4F86C305522BDE810402B
S214032A081221FFF7C7BCB4F86C30022B0DD023791C
S214032A18032B02D12046D6F765FCA379032B02D1F4
S214032A282046D6F79FFC0023E4E72046D6F720FD8A
S214032A38F9E7827883685AB9DB78002B14BF032337
S214032A480423A0F86C30552212214078FFF7A2BC65
S214032A581A7922B9DB78003B18BF0123F1E7022372
S214032A68EFE77FB500239E6A0446B6F5C04F0D46CA
S214032A780CD201A8D6F7A8FE039B5B0506D5294604
S214032A882046336C04B0BDE87040184704B070BDE8
S214032A9800239B6AB3F5C04F05D21B6BB3F5C04F33
S214032AA801D29B6818474FF4817070471FB50023FF
S214032AB89A6AB2F5C04F04D340F2011005B05DF828
S214032AC804FB126BB2F5C04FF6D2012201A8CDE97A
S214032AD802338DF80420D6F777FE039BDB03EBD58A
S214032AE8029B1A0EE8D0012A03D1C3F307430A2B25
S214032AF8E2D900239B6A1B6B1B6C9847DEE700230F
S214032B080360704703680B600160704710B538B1FF
S214032B1832B129B100230139D45C14B900230370F8
S214032B2810BD8B42FAD200F8014B0133F4E7034693
S214032B3838B10020814204D01A5C02B970470130CC
S214032B48F8E770474FF0FF31FFF7F1BF70B50C4653
S214032B581646054660B15AB151B1FFF7F3FF8442F2
S214032B6806D9211A32462844BDE87040FFF7CEBF7F
S214032B7870BDFEE7FEE700239A4200D1704710B502
S214032B8850F8234041F8234001339A42F8D110BD48
S214032B98D7F7E6BA4369426CD91C143AB1FBF2F18B
S214032BA803EBC1000330B0FBF2F00230704738B5D0
S214032BB805460C46FFF7EEFF6A6CE31D143AB3FBB3
S214032BC8F2F3013304EBC30402FB004038BD38B507
S214032BD8054644692146FFF7EAFF6A6CE31D143A83
S214032BE8B3FBF2F3013304EBC304204438BDF7B553
S214032BF807460E4600257C6CA819644280EA06033D
S214032C081C4003D02C46204603B0F0BDFB6B0122C4
S214032C185B6901A99847019B0133F4D10435EAE7B8
S214032C2870B505460C46D9F775F8EB6B2046BDE834
S214032C387040DB68184770B50025044686B0056201
S214032C48E369AB4202D8206A06B070BD666C20689A
S214032C58E36B05225B6901A906FB0500984701A8F3
S214032C6800F023FC00F046FC10B1236A013323620C
S214032C780135E5E738B50446456C006804F14003BA
S214032C8805FB0101E06B00F042FC05462046FFF712
S214032C98D2FF284638BDF0B50546002687B0EC694E
S214032CA8013CB44203D80C46204607B0F0BD01B138
S214032CB84C1E6F6C2868EB6B05225B6901A907FB42
S214032CC80400984701A800F0F0FB00F013FC002866
S214032CD8EAD121460136E2E7F0B504460D46466CCE
S214032CE8E36B006887B005225B6901A906FB05004C
S214032CF8984701A800F0D9FB00F0FCFB20B101A817
S214032D0800F0AAFB07B0F0BD29462046FFF7C3FF2D
S214032D180646676C2068E36B05225B6901A907FB17
S214032D280600984701A800F097FB431CEAD0B54273
S214032D3838BF0130E6E72DE9F0434FF6FF79D0F8C0
S214032D48248004460E46C84514BF4546002500277A
S214032D5887B0E369BB4202D807B0BDE8F083E26BED
S214032D682368606CD2F814C000FB0530052201A95D
S214032D78E04701A800F099FB022806D0C8450CD105
S214032D88721C29462046FFF775FFE3690135B5FB34
S214032D98F3F2013703FB1255DBE729462046FFF714
S214032DA89BFFB0F1FF3F14BF024632460132E8E705
S214032DB80368F0B5CC1A436C0646B4FBF3F4002557
S214032DC887B0F36937685A1E9542706C08D3706CDF
S214032DD8336800FB043007B0BDE8F04000F095BB4D
S214032DE80134B4FBF3F203FB1244F36B05225B696D
S214032DF801A900FB0470984701A800F056FB00F0F1
S214032E0879FB0028E3D10135DBE710B423F003048C
S214032E1822449B070A44436C18BF04325B4281EA88
S214032E280204234203D05DF8044BFFF7C1BF1046E4
S214032E385DF8044B70472DE9F041D0E90A369E4207
S214032E48044686B028D11422C369456802FB135585
S214032E58284606B0BDE8F0812068676C331AB3FBD2
S214032E68F7F3E26B07FB0300D2F8148001A90522E7
S214032E78C04701A800F019FB012804D0636C1D4461
S214032E88013B3340ED1A31462046FFF791FF0646CD
S214032E98A36AB342E0D1DBE70025F9E708B50830B3
S214032EA81346D1E90012D8F7BBFE012008BD13B5B7
S214032EB80C46002121760093616813462246D7F70D
S214032EC8A9FA18B1E37D03B1A07EA075A07D02B070
S214032ED810BD73B5164600F108050C462846096862
S214032EE80DF1070200F098F9032E06D163688342B2
S214032EF803D12846216800F076F9012002B070BD98
S214032F08D01E009B42424241187E824211D11A6863
S214032F188A420ED85A688A420BD35A6901325A61D2
S214032F28D3E9030282423FBF986840F82210013271
S214032F381A610120704710B5032A029C07D1A26ABA
S214032F485340626C5242134201D100F04CF90120FF
S214032F5810BD08B5C36800209847BDE80840D8F7F1
S214032F68E1BE012814BF0420022070B500244243A2
S214032F781C70CC7D101D02F002024CB91AB1012256
S214032F8820F003001A7000F108034868184470BD5F
S214032F981AB1012220F003001A7000230C7E01F1F7
S214032FA82005DAB2A24201D30020F0E735F8332031
S214032FB85E1C824206D901EBC30300F10802D869F6
S214032FC81044E4E73346801AEBE773B5054690F8F2
S214032FD842601C4630460DF10303FFF7C2FFEB6B56
S214032FE8012E5B690DD1324601A998479DF8033037
S214032FF813B1BDF806300193BDF80430236002B060
S21403300870BD0122214602B0BDE870401847F0B5EE
S214033018054600244868EB6B87B00E4601225B69B9
S214033028029402A908309847274695F84230012BA0
S21403303840F0AC80632C00F2AB80612C08D805AB5B
S214033048224631462846FFF7C0FF9DF814305BB387
S21403305805AB2246314628468DF81070FFF7B5FFB4
S21403306895F84230012B059B7FD14FF6FF729342AA
S21403307856D0082205A904A800F063FA059B9DF814
S2140330881010C3F3072291424AD1DBB2029A1A44BC
S214033098029245E0DCD005AB224631462846FFF7C8
S2140330A894FFBDF81430D2E795F84230012B39D196
S2140330B8612C2ED822463146284603ABFFF785FFF8
S2140330C83146284604AB621CFFF77FFF3146284685
S2140330D805ABA21CFFF779FF102208230DEB0201AC
S2140330E80DF107008DF8073000F02BFA102205A91A
S2140330F80DF1070000F025FA039BDAB24AB99DF8EA
S2140331080720B2EB132F04D1DDE9043203EB0243A5
S214033118029395F84230012B14BF012302231C4463
S214033128013482E7302CF4D822463146284603ABCE
S214033138FFF74BFF3146284604AB621CFFF745FFF3
S214033148102320220DEB03010DF107008DF807303D
S21403315800F0F7F9039B9AB2002ADAD19DF8072004
S214033168B2EB134FD5D1049BD2E70133D8D0102244
S21403317805A90DEB020000F0E4F9059B9DF8101075
S214033188C3F307429142CBD19BB27FE7312C81D957
S214033198029807B0F0BD13B500240194049C00946C
S2140331A8D7F714FE02B010BD13B501240194049C8E
S2140331B80094D7F70BFE02B010BD00234FF0FF3282
S2140331C830B544689C4202D10023037230BD0168BF
S2140331D801EBC30541F833206A600133F2E7C0E91F
S2140331E80012FFF7EABF0023F0B545689D4210D0EA
S2140331F80468DF0054F8332004EBC306B2F1FF3F3C
S21403320808D0C2F31302914204D14FF0FF33E351BF
S2140332187360F0BD0133E9E70023F0B545689D42C6
S21403322802D14FF0FF300EE00468DE0054F8334056
S214033238671C09D0C4F31307B94205D1240D1470CB
S214033248036833445868F0BD0133E8E7704770B540
S2140332589400224605460E4609F08EFD431C0AD006
S21403326858B9224631462846EBF72CF8002814BFEF
S2140332783D20002070BD6E20FCE77120FAE713B5E9
S214033288044601A8D9F7DEFF9DF8063023804FF4DD
S21403329880736380D9F7F0FF6060002002B010BD2A
S2140332A8D9F750BF08B5D9F73DFF002008BD10B5BC
S2140332B8044644EA010313F00303084609D193427C
S2140332C801D1002010BD54F8231040F82310013311
S2140332D8F5E721469200EAF739FEF2E710B5044609
S2140332E809F046FD431C10D088B9D9F7C5FF234615
S2140332F820F003002044984201D1002010BD53F863
S214033308042B0132F7D03E20F8E76E20F6E771204B
S214033318F4E7704713B50023044601461B220DF154
S21403332807008DF8073000F00CF922689DF807307F
S214033338B3EBD26F0CBF0120002002B010BD13B54B
S21403334800230446014620220DF107008DF80730B6
S21403335800F0F7F80DF107001A22211D00F0F1F826
S21403336862689DF80730B3EB926F0CBF012000200C
S21403337802B010BD0068431C5842584170470068A5
S21403338810F07E0F0CBFC0F3C160002070470068C2
S214033398C0F3D3107047006800F07F0001288CBF85
S2140333A8002001207047036813F07E0F14BF042023
S2140333B808207047036813F07E0F03D1406820F097
S2140333C87C40704713F078001CBF03F07F03D81FB8
S2140333D87047006800F07F007047032809D002286A
S2140333E803D1C1F10201C8B2704700290CBF0720F8
S2140333F80020704737B5054601F10C044369694652
S214033408012220469847BDF8003001220193204642
S214033418AB6901A9984703B030BD37B501F10C0471
S2140334284369012269460546204698474FF6FF72C8
S214033438009B99B291420DD16FF30F0343F42543D2
S21403344843F0A503019301222046AB6901A99847D7
S21403345803B030BD0020FBE737B5044600251B2222
S214033468011D0DF107008DF8075000F06AF8606833
S2140334789DF80720B2EBD06F03D120F0784003B055
S21403348830BD0DF107001B2204F108018DF8075023
S21403349800F057F8A0689DF80730B3EBD06F01D15A
S2140334A8C043EAE74FF0FF30E9E74BF29A22036896
S2140334B810B5B2EB134F044613D19BB2012B13D1AD
S2140334C8FFF7CAFF01300CD04FF6FF72E068B2EB85
S2140334D8104F4FEA104309D180B2C01A18BF012013
S2140334E810BD2368013303D00420F9E70220F7E769
S2140334F80320F5E701288CBF002001207047033816
S21403350801288CBF002001207047143070472DE92E
S214033518F04105469846036908460E4617469847F7
S214033528044638B943463A4631462846D8F76AFC2D
S214033538044618B131462846FFF75CFF2046BDE827
S214033548F0811F2A0B689EBF4FF0FF3191408B43D3
S214033558590801F055315B1A03F033319B0803F021
S21403356833330B44017803EB13130A444FF001314A
S21403357803F00F334B43A2EB13620270704708B590
S21403358807F0BAFABDE808400021D8F739BE002983
S214033598CCBF01210021D8F733BE02214FF4207097
S2140335A8D9F704B9704770470020D9F79FB90120A7
S2140335B8D9F79CB9704770B5054614460E4609F008
S2140335C830F92B685C4034405C402C60BDE87040A2
S2140335D809F022B94369DB01FCD4012300F5005046
S2140335E843607047022A10B54FF0000405D9033A22
S2140335F8022A0CD90360047110BD11F4000218BF27
S2140336084FF07F4221F07F4313430C0EF2E721F07D
S214033618FF03CCB2EEE730B4012500F580534468C7
S2140336285D60CB784D785B0443EA05230D7889788B
S2140336382B43090401F480310B43C0F89830E307A1
S21403364802D430BCFFF7C6BF30BC704738B50C464B
S2140336580546FFF7BFFF23781146627803F0070392
S21403366843EAC203E278284643EA0223A278120111
S21403367802F0300213432B67EB6AA27923F48B33E9
S21403368823F4807343EA02432279120202F4E062C7
S21403369813436279120302F480521343EB62FFF773
S2140336A8BAFF012305F580525360E27902B1EB6055
S2140336B838BD08B50A6FC96F02F00702FFF792FF15
S2140336C808BD4FF050234FF400321A6770474FF087
S2140336D8B0435A6812B19A6A002AFAD1704770B58D
S2140336E8054614460E4609F09CF82B685C403440A1
S2140336F85C402C60BDE8704009F08EB80122417822
S21403370803788A4030214B4342F2100103F1A04369
S21403371803F570335A50704721FA00F2D20730B5D2
S214033728034600F0FC040FD500220132D2B2042A65
S21403373802D14FF0FF3008E0831803F00303234455
S21403374821FA03F5ED07F0D4184630BD002070477C
S21403375800207047002070470020704701207047FC
S214033768012070470F207047EBF7CEB8002070474C
S214033778FFF7FCBF00207047704700207047002003
S2140337887047C3681944836853F8210030F8023B2E
S21403379813607047012310B580F888300378044611
S2140337A853B100F061FA21462046DAF7C9F82046F5
S2140337B8BDE8104000F04DBA10BD38B50D460446B6
S2140337C8DAF7A6F86B682046C4F8B032A96800F0A2
S2140337D896F94FF0FF332046C4F8B432FFF7CDFF0F
S2140337E838BDD0F8B43210B50133044601D00020F2
S2140337F810BD00F0BCFAC4F8B4020130F7D194F84F
S214033808B80280F00100F3E708B5DAF7BDF808BD9B
S2140338180A7801382D2A0ABF012200228918DAF706
S2140338280FB907281BD8DFE800F0060A0D10131592
S21403383804170120704700220820DAF701B900228E
S2140338481020FAE700222020F7E70820FFF7E0BF5A
S2140338581020FBE72020F9E70846DAF753B90020DB
S21403386870472DE9F74307280C46DDE90A769046A4
S2140338781D4608D8013806280AD8DFE800F01D27B1
S214033888303A44574A00212850D003B0BDE8F083A5
S214033898002220461146EAF795F93368C0B205EBCD
S2140338A883013A6845F82300013348F82210336049
S2140338B83B6801333B60E8E7002220461146EAF7F7
S2140338C881F9336880B205EB8301EAE700222046D4
S2140338D81146EAF777F9336805EB8301E1E7002237
S2140338E820461146EAF71CFB336840B205EB830112
S2140338F8D7E7002220461146EAF712FB336800B2E0
S21403390805EB8301CDE7002220461146EAF708FBBC
S214033918E1E7002389461E461D468DF8063019F84A
S214033928013F7D2B06D125702D0A65703B6848F844
S2140339382340BDE7202BF2D006F00102013612B968
S2140339488DF80430EBE71022002101A88DF8053026
S214033958EAF7E6FA631901359870ADB2DFE72DE9A1
S214033968F04F9B46002385B08B4581468846924692
S214033978CDE902336BDC1A461E4619F80340212CA0
S21403398809D81F2C04D8103C072C98BF012200E046
S21403399801260133F1E7FF2CFBD15B4436B1013B2B
S2140339A843450ADD2B2005B0BDE8F08F62B1013B25
S2140339B84345F7DC3546374602E000252F462E46B4
S2140339C8454504DB0020EEE79845F3D0EAE75D4576
S2140339D83BDB19F80730202B18D109EB07035B7874
S2140339E8FF2BDFD1CEB920465AF82510FFF719FF6B
S2140339F878B303AB019302AB00932046DDE90E23AD
S214033A085AF82510FFF72DFF0135D9E7212B0ED1DC
S214033A1809EB07035B78FF2BC4D1029B5AF82520D2
S214033A280E99012641F8232001330293ECE7A3F10C
S214033A381004072C02D91C460137D3E709EB070302
S214033A485B78FF2BAED1E4B2CCE70624CAE7212085
S214033A58A9E72620A7E72DE9F04F07460E461546A1
S214033A689846044685B0DDF84490DDE90FAB206838
S214033A7808B3DAF80020D8F800108A421BDA0E9B3F
S214033A8853F82210D6F7A0FA48BBDAF8002001321A
S214033A98CAF800206268117BFE291BD10E9B1068AA
S214033AA8012100932A464346CDE902B9CDF804A07E
S214033AB8FFF7D1FF04462B7843B999F800302BB9A2
S214033AC87EB101233C4689F800302B70204605B0AA
S214033AD8BDE8F08F01238BF800302B70EBE70C342E
S214033AE8C5E73446F2E710B50446236803B910BDA4
S214033AF8237A13B92046DAF73BF80C34F5E710B502
S214033B0841B10A7932B901249C300C71FEF7FAFFE9
S214033B18204610BD0020FCE72DE9F041BAB0054663
S214033B280AAA084603A900F05FF90446B0B90DF1DE
S214033B380A0301930DF10B038DF80A0000930AAAF2
S214033B48284604AB03A9DAF7C3F99DF80A20B2B1ED
S214033B589DF80B2048B12AB1DAF70AF820463AB09E
S214033B68BDE8F081FFF7BFFFF8E7D5F89C50002DB6
S214033B78F4D0A86808B1FFF7B6FF2D68F7E700B3D7
S214033B8846681AAB06F10C082AAF01934046049B15
S214033B98039900970AAAFFF7E2FE04460028DDD138
S214033BA8039B05A8CDE90637049B0595CDE9083898
S214033BB8DBF77EFC05A83368984705A800F03FFDA9
S214033BC8CCE72D24CAE710B50446AC30E9F72AFF3C
S214033BD804F1AB031A180020934200D110BD13F862
S214033BE8011F0029FAD00A2908BF0130F4E7002389
S214033BF8F0B50B6013600646D0F8AC0278B196F8B9
S214033C08AC0060B1012406F1AC07D6F8AC028442D6
S214033C1810D306F1AC00B3F5007F10D30120F0BD36
S214033C280D6801350D60156801351560F85C0133BC
S214033C380A2802D0B3F5007FF2D30134E5E7C15C66
S214033C480A29EBD00029E9D0116801330131116044
S214033C58E1E710B50021D0F88C200446E9F7E6FF23
S214033C680023C4E9243310BD73B5044600F1AC053C
S214033C7880212046FEF75BFF4FF400710646284670
S214033C88FEF755FF0136C0F50070864220461FD85A
S214033C98E9F7C8FE06462846E9F7C4FE013629466C
S214033CA8421CA819EAF714F82046E9F7BBFE214692
S214033CB802462846EAF74AF92046E9F7B3FE0A23F6
S214033CC8204480F8AC300023C4F8AC3202B070BD90
S214033CD8FFF779FF01AAC4F8AC0269462046FFF746
S214033CE886FF0022009B234483F8AC20C0E773B505
S214033CF80D460446FFF767FF6B1C19D1D4F8AC32A0
S214033D0813B1013BC4F8AC3200252046E9F78AFE16
S214033D18A84215D82046FFF79CFFD4F8AC322BB13F
S214033D286946204601AAFFF762FFA0B902B070BD34
S214033D38012DFBD1D4F8AC328342F7D20133E1E745
S214033D48082000F023F8202000F020F8082000F0D0
S214033D581DF80135D9E7009D04F1AC06019BAB427B
S214033D68E4D9715D2046DAF7E1F90135F6E707B5D8
S214033D7800200DF1070100F0E7F820B99DF80700C9
S214033D8803B05DF804FB4FF0FF30F9E710B5C1B296
S214033D980446002000F0C8F800280CBF20464FF061
S214033DA8FF3010BD0FB407B504AA52F8041B002051
S214033DB80192DAF75FFB002003B05DF804EB04B06A
S214033DC8704710B54C1C0B460119045D222C03D012
S214033DD87B2C01D05C2C05D1D21A1844E9F778FF5E
S214033DE8012010BD0020FCE72DE9F0470546914663
S214033DF88846E9F717FE2A46064613461978013217
S214033E082029FAD0C9F800305C1B01236FF0404A1A
S214033E18C8F80030A64201D8002014E02F5D2919FF
S214033E287B2F12D0222F2ED1D8F80030621C534491
S214033E382A4449F82320012C09D911F8013C13F028
S214033E48DF0F04D02120BDE8F0877D27F3E7013490
S214033E582B5DBB4209D12B195B7813F0DF03F1D135
S214033E68222F00D12B550134D4E75C2B07D13246D9
S214033E7821462846FFF7A5FF0028E3D0013E013474
S214033E88A642E5D8DEE75C2F08D132462146284607
S214033E98FFF797FF0028D5D0013EE4E7202FE2D1AD
S214033EA80022631CB3420A70DDD2EA18EB5C202BAF
S214033EB8D9D0D8F800300F2B05DC49F82320013376
S214033EC8C8F80030CFE71E20BDE700F000B8002092
S214033ED87047D6F767B870B50C46154610B9DAF7C3
S214033EE8BDFA38B143682BB12A462146BDE870406F
S214033EF800681847232070BDF7B50D4616461C46BE
S214033F0838B9DAF7ABFA04B901AC20B9232003B001
S214033F18F0BD03B901ACC768002FF7D02346324675
S214033F2829460068B847F2E707B501228DF8071057
S214033F380DF10701FFF7CFFF03B05DF804FB0B464F
S214033F4801461846FFF7F0BF00230122FFF7D4BF48
S214033F5808B508F0F3FCFA23B0FBF3F080B208BD0B
S214033F680420704740F20160DAF76EBB7047012001
S214033F7870470020704749BA89B280EA0103C3F341
S214033F8803125340180380B258405B0103F4FF53EF
S214033F985840704708B5DAF759FF58B1A0F15903E6
S214033FA8042B06D8042B04D8DFE803F00404040320
S214033FB804005C2008BDDBF78BB87047F8B50C46E1
S214033FC88D18073552421540A5F1080706463846A8
S214033FD800F0DFF9A188381B628801EBE00189B29B
S214033FE8A2EBE00225F8041C25F8062CA288C310C9
S214033FF8AAB1A4EBC202B2F802C0D18003EB0C014B
S2140340085180E28892B1D31A9BB204EBC20425F816
S214034018023CA380B3680344B3603846F8BD15F87A
S214034028082C42F0020205F8082CEAE725F8022CC9
S214034038F0E72DE9F04F4FF0000887B09946531C78
S214034048109B0546174614BF14460824CDF814805B
S214034058002B00F0C580C3F80080002900F0C2805A
S21403406842688A4240F2BE80073121F0070608F00C
S214034078E5FB05AACDE9008282463A464B46314619
S214034088284600F08AF9059F834607B130B950469B
S21403409808F0CFFB192007B0BDE8F08FB7F8028009
S2140340A829694FEAC802C0EBC8080139B8F1270FD7
S2140340B829617AD9B9F1000F51D1864206F1080869
S2140340C848D0224639462846FFF778FF0446059027
S2140340D8059B9844404600F05CF9059906F10F00E5
S2140340E84A88C308A2EBD002A8F80220CA88A8F810
S2140340F80430002A30D0D31A9BB201EBC202A8F8C8
S214034108063093808B88F608A380B8F804303A46BE
S214034118E380414600232846668000F0A6F9AB688C
S2140341280833AB60237843F0010323702B6901330C
S2140341382B616288AB68504603EBC203EA68AB6040
S214034148934288BFEB6008F074FB109B083400208A
S2140341581C60A0E73C46BBE7A8F80620D2E707EBB7
S21403416808042046039200F014F90BF10703DB0852
S2140341780599638008F10703DB08A380CB8893B10E
S214034188DB00039AD81D821A5A44C2F3CF020B44A3
S214034198E2809A80A38808F1FF384FEAD808A1F886
S2140341A80280CB80BBE7E380F4E7B9F1010F1BD1AC
S2140341B807F10803B3FBF4F204FB1233B3B1224648
S2140341C839462846FFF7FAFE044623783A4643F06C
S2140341D80103237021460123284600F046F9A8E781
S2140341E8222058E7212056E78642E8D13C46ECE7EA
S2140341F807B500224FF0FF3101AB0192DAF7A8FBAF
S214034208019803B05DF804FB2DE9F74F04460D4605
S214034218002900F0AB80D0E9056808F00FFB15F815
S214034228087C35F8061CFB07009000D531B90098C2
S21403423808F0FFFA012003B0BDE8F08FA368D4F8AE
S214034248109035F804ECA3EBC10B09F10103A5F1B3
S214034258080C4A1CC4F808B02361BEF1000F7BD0D3
S214034268ACEBCE03D888B3F802A00190187807F011
S2140342780207C00765D4002F64D10198A0EB0A078C
S214034288012F69D18A1CABF108075244C4F8109071
S214034298A76035F802ECBEF1000F61D0D4E90070D0
S2140342A80CEBCE0A07EB0009CA4559D21CF83EC0E8
S2140342B857461CF0010C15D1AEEB0101012911D1AB
S2140342C8BAF80210AAF802C001310A44BAF806106E
S2140342D8002943D00AEBC107216901392161A16886
S2140342E80839A16015F8081C013A21F0010105F800
S2140342F8081C002125F8061C5A801A7861F3000268
S2140343081A707FB3C3F107023A44C2F3CF02DA80C6
S214034318BA804EB3B34227D37288002A08BF1E4614
S214034328B8F1000F06D0434504D8B8F80220002A8F
S21403433818BF43460098C4E9056308F07AFA0020D4
S21403434879E74FB115F8087C724427F0020705F899
S214034358087C00279F809CE763469AE70F46BBE7DF
S2140343680027BFE7DF80D4E71E46D9E7222062E7A7
S21403437810B50446DAF704FB2146BDE81040FFF7FC
S21403438843BFFFF7F5BF0846FFF732BF0846FFF7F8
S214034398F8BF0023036043607047F0B5D0E90554BF
S2140343A8561C08BF0822002B4FF0000008BF2C46F7
S2140343B8DDF818C0CCF80000002C37D09DF8147030
S2140343C86588FF0007EBC505C2F1000E2078C00715
S2140343D808D51BBBE088A0B104EBC004658807EBCF
S2140343E8C505F3E78D42F4D363B904F10806B6FBB3
S2140343F8F2F002FB106670180EB1A842EAD8CCF8A1
S2140344080040F0BD082A0FD06088013004EBC000D6
S214034418461A06EA0E06801B8542F0D2A0880028B4
S214034428EFD0A4EBC004D9E70846E8E72046E8E758
S21403443803460069C0B10AB951B91A681046037829
S214034448DB0711D531B9C3885BB100EBC300F6E7C8
S2140344589A69F3E7012904D1838823B1A0EBC30043
S214034468EDE700207047184670472DE9F041D0E97C
S2140344780554074688461646ABB1954200D00ABB94
S214034488424600213846FFF7D3FFB442054600D01C
S2140344982EB9424601213846FFF7CAFF0446C7E944
S2140344A80554BDE8F081954208D08D4228BF0D46D5
S2140344B8B44205D0444538BF4446F0E70D46F7E70F
S2140344C84446ECE79442EAD1E3E770B500261C4677
S2140344D8C3E90001C3E90266C3E905001E611A774A
S2140344E85E62FFF756FF23690139C9080133418025
S2140344F82361A36830460833A360E3680833E360A0
S21403450870BD002307B5684600938DF80430D8F7C6
S2140345187FFA03B05DF804FB10B508F082F9044689
S21403452806F058FB2046BDE8104008F075B97047FA
S2140345384FF4C870DAF7ACBADAF794BB00F01CB8D5
S2140345487047704708B503F015FA03F01DFA03F031
S21403455824FA03F033FABDE8084003F040BA70477C
S21403456808B503F002FA03F001FA03F000FA03F0C1
S21403457800FAFFF7F4FF08BD08B503F031FA03F0B5
S21403458830FA03F030FABDE8084003F033BA704750
S214034598012070472DE9F34112F0010504468846C9
S2140345A822D110F0030525D12F465208BA4209D165
S2140345B8D8F7B8FD0026B74204EB860008D1D8F72B
S2140345C8C1FD11E054F8273001330CD10137EDE76C
S2140345D8042258F826300DEB0201019308F0CCFBB1
S2140345E830B1D8F7AFFD3D25284602B0BDE8F081C7
S2140345F80136E0E70125F7E77047B0F1006F0FD300
S21403460800F07843B3F1006F0CD000F06040B0F1CF
S214034618404F09D0B0F1604F14BF04200320704701
S214034628002070470120704702207047002070471B
S2140346381AB111B180B2DAF74BBD2120704701F0E9
S21403464856BEE3F775BEFFF78DBCD0E9023253F8C2
S214034658223000211878E3F7BDBA704702F08CB908
S21403466801F0DABDC3688268013BDBB252F8233037
S2140346785B78652B02D10020E5F7FCBD6E2B01D1D4
S2140346880120F9E7662B01D10220F5E7704710B53C
S214034698D0E90232044653F82230187802F046FA74
S2140346A8E368A268013352F82330BDE8104018784F
S2140346B802F03ABA10B50446C0B2DBF7D7FE200AB2
S2140346C8BDE81040DBF7D2BED0E9023253F82230F9
S2140346D81878DBF7D3BF02F0E1B9E4F7C9BA08B52F
S2140346E801F0B8FEBDE80840E5F7B2BCD0E90232EF
S2140346F853F82230186801F0ABBE0020E5F7AEBDCC
S2140347080120E5F7ABBD0221DBF74EBF0321DBF73C
S2140347184BBF0521DBF748BF08B501460C20DBF77E
S2140347281FFFBDE80840DBF7ADBE08B5014600200D
S214034738DBF716FFBDE80840DBF7A4BE07B5C2687B
S2140347488368043253F8223001211B880DF10602D0
S214034758ADF806300023DCF7ABFC03B05DF804FBCA
S21403476808B508F0FFF8BDE80840F1F7B9BE10B57C
S2140347781446DCF7B9FF2146BDE8104007F0FEBE35
S21403478808B5DCF7B1FFBDE80840002107F0F6BE20
S21403479808B5DCF7A9FFBDE80840F1F7D7BA08B5AE
S2140347A8DCF7A2FFBDE8084008F043BA08B5DCF713
S2140347B89BFFBDE80840F1F7B5BA7047704708B5E0
S2140347C808F0D0F8FFF7FAFF03F077F9BDE80840DA
S2140347D8DCF7D6BF7047012070470120704708B53D
S2140347E8DDF76AF800280CBF0420012008BD7047CF
S2140347F82DE9F34104460D4616461F46DDF820808C
S21403480808F048F93B46324629462046CDF800804C
S21403481803F055F93B46324629462046CDF8008034
S214034828FFF7E5FF02B0BDE8F04101F060BD2DE9F2
S214034838FF4704460D4616461F46BDF830809DF8CA
S2140348483490DDF838A008F025F93B463246294669
S2140348582046CDE9019ACDF8008000F0FDFF04B0AC
S214034868BDE8F04701F043BD704708B508F012F9F4
S21403487803F028F9FFF7F8FFBDE8084001F037BD55
S214034888012070472DE9F74304460D4616461F4692
S2140348989DF8289008F0FEF83B46324629462046FF
S2140348A8CDF80090FFF7ECFF80463B463246294694
S2140348B82046CDF8009003F006F901F018FD4046AF
S2140348C803B0BDE8F083012070472DE9F74304469B
S2140348D80D4616461F469DF8289008F0DBF83B461B
S2140348E8324629462046CDF80090FFF7ECFF80466F
S2140348F83B46324629462046CDF8009003F0E4F8B6
S21403490801F0F5FC404603B0BDE8F083F8B504466D
S2140349180D4616461F4608F0BDF83B46324629465E
S214034928204603F0D2F8BDE8F84001F0E0BC0020CA
S2140349387047F8B504460D46164608F0ABF83246F7
S21403494829462046FFF7F3FF074632462946204600
S21403495803F0BCF801F0CBFC3846F8BD38B504467E
S2140349680D4608F097F82946204603F0B0F8BDE848
S214034978384001F0BCBC10B5044608F08BF8204656
S21403498803F0A6F82046FDF739FDBDE8104001F010
S214034998AEBC704738B504460D4608F07BF8294682
S2140349A8204603F0A7F829462046FFF7F2FFBDE89E
S2140349B8384001F09CBC704770B504460D46164651
S2140349C808F068F832462946204603F095F832463A
S2140349D829462046FFF7EFFFBDE8704001F087BC85
S2140349E8704738B504460D4608F054F8294620465D
S2140349F803F084F829462046FFF7F2FFBDE838405F
S214034A0801F075BC704738B5054608F043F82846E4
S214034A1800F0EFFE04460146284601F0ABFF01F01E
S214034A2866FC204638BD38B504460D4603F068F8DC
S214034A3829462046FFF7E6FF38BD704738B50546D2
S214034A4808F028F82846E3F71FFC044601462846DC
S214034A5801F08EFF01F04BFC204638BD38B50446FE
S214034A680D4603F04EF829462046FFF7E6FF38BD05
S214034A78704710B5044608F00DF8204603F042F8D0
S214034A882046FFF7F5FFBDE8104001F030BC70473D
S214034A9838B504460D4607F0FDFF2946204603F0C1
S214034AA833F829462046FFF7F2FFBDE8384001F001
S214034AB81EBC704770B504460D46164607F0EAFF57
S214034AC832462946204603F020F832462946204631
S214034AD8FFF7EFFFBDE8704001F009BC704738B533
S214034AE804460D4607F0D6FF2946204603F00EF87F
S214034AF829462046FFF7F2FFBDE8384001F0F7BB2A
S214034B08704738B504460D4607F0C4FF29462046C5
S214034B1802F0FDFF29462046FFF7F2FFBDE83840BE
S214034B2801F0E5BB704710B5044607F0B3FF20460F
S214034B3802F0EEFF2046FFF7F5FFBDE8104001F050
S214034B48D6BB704710B5044607F0A4FF204602F00C
S214034B58E0FF2046FFF7F5FFBDE8104001F0C7BBAE
S214034B687047704770B504460D46164607F092FF21
S214034B7832462946204602F0CFFF324629462046CB
S214034B88FFF7EFFFBDE8704001F0B1BB704710B503
S214034B98044607F07FFF204602F0BFFF2046FFF7D4
S214034BA8F5FFBDE8104001F0A2BB704738B50446D0
S214034BB80D4607F06FFF2946204602F0AFFF294649
S214034BC82046FFF7F2FFBDE8384001F090BB704778
S214034BD870B504460D46164607F05CFF324629466E
S214034BE8204602F09DFF324629462046FFF7EFFF90
S214034BF8BDE8704001F07BBB70472DE9F3410446DE
S214034C080D4616461F46DDF8208007F043FF3B4651
S214034C18324629462046CDF8008002F082FF3B46FE
S214034C28324629462046CDF80080FFF7E5FF02B056
S214034C38BDE8F04101F05BBB0E2070470E207047BD
S214034C4838B5044607F026FF2046FFF7F7FF054664
S214034C58204602F067FF2046FFF7EEFF01F047FB0A
S214034C68284638BD002070470020704738B50446EC
S214034C7807F010FF2046FFF7F7FF0546204602F029
S214034C8852FF2046FFF7EEFF01F031FB284638BDFA
S214034C98704708B507F0FEFE02F046FFFFF7F8FF79
S214034CA8BDE8084001F023BB0020704770477047F3
S214034CB808B5DCF7D3FE00280CBF0420012008BD86
S214034CC870470B68DA7B1AB9DB7C0BB9DCF7EABEEC
S214034CD88120704708B5DCF7FDFEBDE80840DCF721
S214034CE807BF7047DCF7F6BEDCF702BF082808D80C
S214034CF84FF48B73C34013F0010F0CBF2120002021
S214034D087047212070470121DCF7E4BF0221DCF756
S214034D18E1BF0421DCF7DEBF0821DCF7DBBF102187
S214034D28DCF7D8BF08B500F026F808B1002008BDA0
S214034D38DDF720F80028F9D1DDF72EF80120F6E78D
S214034D48152808B503D1BDE80840DDF719B801F002
S214034D5889FE60B9E2F7ECFD032806D100F009F8EE
S214034D6828B9BDE80840FFF7DDBF0028EBD008BD2B
S214034D787047002070470020704708B5DDF7F2F942
S214034D88FA23B0FBF3F008BD0321DDF71BBA0120B5
S214034D987047D0E9023253F822301878DDF71ABC88
S214034DA80868C37B1BB9C37C0BB9DDF743BC8120FA
S214034DB87047D0E9023253F822301878DDF77CBC06
S214034DC8704730B50546044615F8100B85B00295AE
S214034DD865691D44CDE900250B46A21D618801F0CF
S214034DE823FE05B030BD704710B492F80A4192F816
S214034DF8053103EB04230B8100235DF8044B1A46A5
S214034E0801F010BE1FB50446084671B12178FF2984
S214034E180BD0238B029363690193237C00936288E8
S214034E28A31DE3F74DFAFF23237004B010BD0868EB
S214034E38C37B73B9C37C032B0BD8DFE803F00208E4
S214034E480406DDF739BFDDF769BFDDF799BFDDF780
S214034E5847BF812070477047704700207047137814
S214034E6810B5032B0CD15479CBB29C4208D1937955
S214034E78B3EB112F04D153781B1A5842584110BD6F
S214034E880020FCE77FB505460E4600246946E0B2D7
S214034E9801F076FD28B96A4631462846FFF7DFFF54
S214034EA818B90134202CF1D1002004B070BDFFF7E7
S214034EB8E9BF0868C37B9BB9C37C052B10D8DFE81A
S214034EC803F0030D070B0905DDF7FEBFDEF73ABA55
S214034ED8DEF794B8DEF7E6B9DEF764B9DEF736B878
S214034EE8812070470020704730B5102587B001AA87
S214034EF800210195FEF745FC04462A46002102A830
S214034F08E8F794FE2A46214602A8E8F7E1FE0121BF
S214034F1802A8DEF7F5FB07B030BDDEF783BB7047A4
S214034F28FFF7FDBF0B68DA7B5AB9DB7C012B04D08D
S214034F38022B04D02BB9DFF707B8DFF711B8DFF772
S214034F481BB881207047002307B5012101A80193E8
S214034F58D4F75CFE08B9D4F74DFC012003B05DF81E
S214034F6804FB08B502F030FA052803D0003818BF4A
S214034F78012008BD0220FCE77047D0E9023253F847
S214034F8822301878003818BF0120E0F775BBE0F721
S214034F9879BB00207047002070477047FF20704792
S214034FA8FF20704700207047002070470020704796
S214034FB8704706207047DFF71DBE0868E0F7F6BAA5
S214034FC870B50D46044600212846164601F074F9C6
S214034FD8324620800221284601F06EF93246608068
S214034FE80421284601F065F90023A360E3606060A6
S214034FF8082070BD034641B181424FF0640005D9CD
S2140350084343B3FBF1F0C0B2704708467047E0F776
S21403501847BBE1F73DB9E1F745BAB0F5807F05D060
S214035028A0F500735842584140017047082070475E
S21403503830B599B00D4669461446E1F797F930B985
S21403504815B1BDF802302B600CB10D9B236019B067
S21403505830BD2DE9F04788B00E46904604A905AA48
S21403506807461D46FFF7E4FF044638BB28800DF1C4
S2140350780C09DDE904A39A4520D206225146384690
S214035088CDF8009006ABE1F78DF9D8B9039B062B4C
S21403509818D12A88DDF81A3042450ED2BDF8181002
S2140350A826F832102A8806EBC20253602A8853442D
S2140350B8013206332A800493DBE7F7D9204608B083
S2140350C8BDE8F0870124F9E72DE9F0438FB00F46D2
S2140350D8904601A9002204469946FFF7A9FF18B18E
S2140350E801200FB0BDE8F083062220460DF1020327
S2140350F802A9FFF7AEFF0028F2D105460246BDF81F
S2140351080210019CEEB28E42EAD20EAB03EBC60641
S21403511856F82C3C36F8306C0634BE4217BFE418F3
S214035128012213460022013522B1C8F80040C9F807
S2140351380030D6E71A46E5E770B50024012602F0E4
S2140351481DF9E5B2C26806FA05F59542234604F149
S2140351580104F4D3D8B270BD70B586B0E0F754FF37
S21403516800F11006E6F7C0FA00240546142201A942
S214035178301902F00AF91CB99DF80430FF2B16D033
S214035188002303F118026A4412F8142CFF2A06D1E6
S2140351981C44601E90FBF5F080B206B070BD2B442D
S2140351A8DBB2132BEDD91434B4F5826FDED14FF08E
S2140351B8FF30F2E7E0F75EBD07B504220DEB020108
S2140351C802F0E3F8019803B05DF804FB37B505462B
S2140351D808460C46FFF7F0FFA84206D004222046EE
S2140351E80DEB02010195E6F7D1FA03B030BD07B51A
S2140351F80B460092002102460120E0F7CDFD03B0DE
S2140352085DF804FB08B50121E0F7FEFCBDE808409D
S214035218E6F768BCE1F73CB808B5FFF7F3FF0020EC
S21403522808BD08B513460A4601461846E0F748FE81
S21403523880F00100C0B208BD00207047704708B16F
S214035248E1F746B9704730B4DDE902451DB102946B
S21403525830BC00F0C6B930BC70471F2804D81422E7
S21403526800F5A030D9F7FEBF70471F2804D81422CC
S21403527800F5A030DAF722B87047152808B505D127
S214035288FFF7DCFFBDE80840E1F768BA08BD10B5CC
S214035298142486B02246002101A8E8F7C7FC202379
S2140352A8224601A94FF4A03001F078FC06B010BDE1
S2140352B80020704713B500230C461A460146CDE96D
S2140352C80033E0B2E2F70EF802B010BD13B50023C0
S2140352D81446019001220093E0B2E2F703F802B005
S2140352E810BDD0E9023253F822301868E2F772B9D3
S2140352F8194491420ADC4218002003B9704712F891
S214035308011D013B01EB0020DBB2F6E700207047E6
S2140353182DE9F04F4FF0000A85B0019381460F46FA
S21403532815465346019A11785FFA8AF2914203D8D2
S214035338002005B0BDE8F08F019909EB050801EBDD
S2140353484202517892F802B011F04004009101F03D
S2140353583F061BD0AC19BC42D4BF002401243346F5
S2140353686400A20740F18880009B1B0640F19280E8
S2140353780E9B324603EB0B000021E8F757FC3D462D
S21403538800231D44ADB20AF1010ACBE7042E07D861
S21403539866B1B31E022B0BD8DFE803F012213000E8
S2140353A83E2E37D03F2E5BD03D2E4BD00320C0E792
S2140353B8BD4234BF00240124012664003346D0E7E7
S2140353C8AB1CBB4250DC02233A4629464846FFF745
S2140353D88FFFADF80A0002230DF10A08C1E7EB1C9C
S2140353E8BB4243DC03233A4629464846FFF780FF79
S2140353F80390042603230DF10C08B2E72B1DBB42CA
S21403540836DC04233A4629464846FFF771FF0390DD
S2140354180423F0E77A1E95422CDA02233A462946F5
S2140354284846FFF765FF4FF6FF7380B298420EBFF4
S2140354380223023083B25C19A742B4BF03240124B3
S21403544804268EE7BD4215D298F80030FF2B0CBF12
S21403545801230133EC18BC42CCBF03240124EFE735
S2140354680124042600237CE73446B4E70224C0E775
S2140354780224CDE70324E3E70E9A02EB0B0014B1EC
S21403548842F80B807DE7324641460093E8F75EFD17
S214035498009B76E702204CE710B5144686B01881C1
S2140354A81A460A9B0291CDE9034301230193099BFC
S2140354B8014600930320BDF82030E2F74FF906B003
S2140354C810BD1FB500240294079C0194BDF818402C
S2140354D80094FFF7E1FF04B010BD2DE9F0410E4636
S2140354E81746054686B098B391B38AB34FF00008BB
S2140354F802A95FFA88F001F043FA044640B99DF81A
S2140355080830032B08D008F10108B8F1200FEFD1B3
S214035518204606B0BDE8F0819DF809202B799A420B
S214035528F1D1BDF80A206B889A42ECD19DF80C306D
S214035538BDF80D006B7128812B4622464FF6FF7186
S214035548CDE90067FFF7BDFF0028DCD00446DFE798
S2140355582124DDE710B586B00A9C04949DF8244000
S2140355680394BDF8204002940124CDE90034134681
S2140355780A4601460620E2F7F1F806B010BD1FB545
S21403558804460846194600230094CDE90123079BE1
S214035598BDF81820FFF7DEFF04B010BDF0B50228EB
S2140355A805460E4614461F468BB00AD106A9F0B226
S2140355B801F0E6F998B99DF8193023719DF81C3067
S2140355C86371119B224604930023CDE902330193AA
S2140355D8109B3146009328463B46E2F7BFF80BB0CC
S2140355E8F0BD13B500240194049C0094FFF7D6FF7E
S2140355F802B010BD2DE9F0450646884614469A467D
S214035608002701258BB006A9F8B201F0B9F920BB2B
S2140356189DF81830012B19D19DF8192033799A4231
S21403562814D1BDF81A2073889A420FD19DF81C30FE
S21403563832467371B9B2CDE9030ACDE90100434690
S21403564802200094E2F78AF8054610B90137202F9E
S214035658D9D128460BB0BDE8F0850546F9E70023FF
S214035668FFF7C8BF10B50446E2F756FE0021631ECF
S21403567804F10F0213F8010FFF2808BF19709342AD
S214035688F8D10023237410BD0020704770B5064672
S2140356981D46E2F7B5FC044608B9212070BD30461E
S2140356A8E2F77CFF0028F8D0A0682A46FF21FFF718
S2140356B85EF89DF81030002063719DF81430A371CE
S2140356C8ECE713B59DF81040CDE9003413460122E4
S2140356D8FFF7DCFF02B010BD08B5E2F791FC28B16E
S2140356E88068FF21FFF754F8002008BD2120FCE757
S2140356F80122FFF7F1BF1FB50B466A460146184657
S21403570801F034F96A460823002032F8021B013BED
S21403571813F0FF0380EA0100F7D1012838BF012000
S21403572880B205B05DF804FB2DE9F04F87B0DDE9DC
S214035738109B05468846484619461F461446BDF834
S21403574848609DF84CA0FFF7D6FF042D0346ABF838
S21403575800001AD8022D1DD9042D07D04FF2F222C5
S214035768A188914222D1E28891071FD5E17A0022C7
S214035778CDE9013720463346CDE90392CDF800A09C
S21403578801F043F907B0BDE8F08F6A1F012A11D963
S2140357982120F7E700224146CDE911922846224602
S2140357A8109707B0BDE8F04F01F03EB94FF6FF7605
S2140357B80C21DCE7052D0ED10023E17A0022CDE982
S2140357C80137CDE9039200912346524641463046B7
S2140357D801F00EF9D6E74FF2F222A188914204D1DE
S2140357E8E288920701D5E17AE8E74FF6FF760C21BF
S2140357F8E4E7F0B585B00546E2F7C2F848B16B882A
S214035808B3F5006F05D1681D05B0BDE8F04000F09C
S214035818EEBC284600F004FD0446C8B9E7B269465C
S214035828384601F0ADF878B99DF8006066B92946A0
S214035838384601F0A9F820B140F60443984207D049
S2140358488C26304605B0F0BD0134202CE6D1F7E7A8
S2140358588D26F6E7E2F77ABA2DE9FF4704460D46A2
S2140358680146184617461E46BDF830809DF8349004
S214035878DDF838A0DDF760F8D0B92146284601F0F0
S21403588821F933463A4629462046CDE9019ACDF80A
S2140358980080E2F7FFFA33463A4629462046CDE922
S2140358A80D9ACDF8308004B0BDE8F04702F009B988
S2140358B804B0BDE8F087E2F797BCE2F74FBCE2F71F
S2140358C873BC10B5044601F009F9082201462046C0
S2140358D8BDE81040E8F7FCB901F002B9002101F071
S2140358E8FFB801F011B90020704720207047EFF782
S2140358F8D7BEEFF721BFF2F7CBB97047E2F7C0BDC3
S21403590870B506460C46154600F04CF850B13CB147
S21403591835B1204600F0D6FC013080B2A84200D943
S214035928002070BD304600F043F840B1002CF7D095
S214035938012DF5D9204600F0CAFC0230EDE73046C3
S214035948E2F7FEFCEAE7F8B5BDF8185010B3967808
S21403595855B9D478A6F14107012F07D8621ED2B2EB
S21403596800F0CFFD0020F8BD2C46F3E7433E012E9A
S21403597804D8A21E92B200F0DCFDF3E7D27813B97E
S2140359880DB1AA4206D811B9E8F750F9EAE7E8F7DD
S2140359989FF9E7E78920E6E7413803288CBF00200C
S2140359A801207047413801288CBF0020012070472A
S2140359B8433801288CBF0020012070470020704719
S2140359C8002070470388B3F57C4F01D3FFF7F8BF71
S2140359D80846FFF7F3BF10B54A880488A2420DD1DC
S2140359E8037B0C79234009D0B2F57C4F08D3FFF725
S2140359F8E7FF0B891B1A5842584110BD0020FCE7E5
S214035A080120FAE738B50D88D488A5420AD1038859
S214035A18B3F57C4F08D2FFF7D5FF13891B1A5842F4
S214035A28584138BD0020FCE70120FAE72DE9F04786
S214035A3815460446B8B149B1EAB100264FF0140A30
S214035A48B04690F80490F3B2994501D800240AE0CA
S214035A5827680AFB06773846FFF7BDFF013628B1E5
S214035A683C46A5F800802046BDE8F0877B8943447A
S214035A781FFA83F8E7E71446F5E72DE9F0470E46DD
S214035A8815460446B8B149B112B300274FF00C0ABD
S214035A98B846B0F80890BBB2994501D800240AE086
S214035AA86368324620460AFB0731FFF7ABFF28B187
S214035AB80C46A5F800802046BDE8F0870B79013729
S214035AC813F0300F02BFCB7843441FFA83F8E2E79C
S214035AD81446F0E72DE9F04186B00D46144698467D
S214035AE804AA05AB03A90646E2F700FD40B30DB1C9
S214035AF8049B2B6034B3049D03982946FFF762FF83
S214035B082B88074602467188307800F04FFBD8B1D9
S214035B18297911F010030BD0EB782A46CDE9004318
S214035B283B4671883078FCF755FC06B0BDE8F08133
S214035B382A4620460599CDF80080FFF704FFF4E7C8
S214035B488620F2E72046F0E77E20EEE71FB51C46E0
S214035B580023ADF80A20BDF818208DF80400ADF828
S214035B680610ADF80C2069461A4601A800938DF86E
S214035B780840FFF7AFFF009804B010BDF0B587B034
S214035B880E4605AB04AA03A90446E2F7AFFC08B31E
S214035B98049D03982946FFF715FF2B8807460246F8
S214035BA86188207800F004FBB0B1297911F0100160
S214035BB808D000963B462A4661882078D2F7AAFA88
S214035BC807B0F0BD009101232A4631460598FFF732
S214035BD8BAFEF5E78620F3E77E20F1E72DE9F041E4
S214035BE8064600254FF014080779E8B2874201D81D
S214035BF800241AE008FB05F0D6F800C00CEB0004F6
S214035C083CF8000081421AD132B1802A10D194F9A7
S214035C180CC0BCF1000F12DAB0F57C4F05D3204652
S214035C28FFF7CEFE834200D04BB92046BDE8F0818D
S214035C38402A04D194F80CC01CF0400FECD101356F
S214035C48D3E70121E2F78EBB08B513460022E2F735
S214035C58B7FC003818BF012008BD08B51346402214
S214035C68E2F7AEFC003818BF012008BD08B5134696
S214035C788022E2F7A5FC003818BF012008BD08B546
S214035C8840220023E2F79CFC003818BF012008BD19
S214035C9808B580220023E2F793FC003818BF0120DA
S214035CA808BD0023E2F78CBC0021E2F7F9BC10B567
S214035CB804460121E2F7F4FC2046BDE8104001F053
S214035CC834BF7047F8B516461F469DF81820BDF82A
S214035CD81C300546E2F774FC78B10421E2F75EFD52
S214035CE8044650B1284600F00EFB3A46314628468D
S214035CF8A047BDE8F84000F0FABAF8BD2DE9F74F1B
S214035D081E46DDE90C9B074688461446BDF8383020
S214035D182AB3B9F1000F22D00EB392F804A099F86B
S214035D280020504612F0080F0CBF802240226188DC
S214035D38E2F746FC98B10821E2F730FD054670B154
S214035D48504600F0E0FA3346224641463846CDE947
S214035D58009BA84703B0BDE8F04F00F0C8BA03B0ED
S214035D68BDE8F08FF8B5BDF8187016461A463B46D8
S214035D780446E2F725FCE0B177B90221E2F70EFD07
S214035D880546B0B1204600F0BEFA31462046A8477D
S214035D98BDE8F84000F0ABBA1021E2F7FFFC054671
S214035DA838B1204600F0AFFA3A4631462046A847AF
S214035DB8EEE7F8BD73B5BDF8184016461A462346EF
S214035DC80546E2F7FDFBB8B1C4B92021E2F7E6FCC5
S214035DD8044670B1284600F096FA099B31460093AC
S214035DE828469DF820309DF81C20A047044600F05E
S214035DF87EFA204602B070BD8624FAE70024F8E748
S214035E082DE9F04186680446007800F07CFA002500
S214035E1814273279EBB29A4203D8BDE8F04100F072
S214035E2866BA7B4332682078D15A02EB030800F03F
S214035E38C1F901214046E2F7B1FC034608B12078D0
S214035E4898470135E5E72DE9F04F1C4689B09DF8DC
S214035E584C30BDF8488001939DF850309246029323
S214035E682246434607460D46E2F7AAFB8DF814700A
S214035E780646ADF816508DF81840ADF81AA0ADF8DA
S214035E881C8018B9012009B0BDE8F08F05A9FFF7F3
S214035E98A2FD0028F6D000252F46A8462C4634E057
S214035EA80C231FFA85F903FB09F931887368B1F5E2
S214035EB87C4F33F8092003EB090B1AD333F8090090
S214035EC850452CD3019BA3422DD900F0B8F99BF873
S214035ED80200E3F70FF9029B43B19BF8043013F073
S214035EE8010F0CBF05200720E3F704F90134A4B219
S214035EF819E0ADF81A205946304605AA0393FFF76A
S214035F0881FD039B0028D9D101353289ABB29A4269
S214035F18C6D804EB0800C31B58425841B3E708F138
S214035F2801081FFA88F80137BFB2EDE710B5012458
S214035F3888B006949DF83C4005949DF83840049430
S214035F489DF8344003949DF8304002940B9C0194CA
S214035F58BDF828400094E2F765FD08B010BD2DE9AA
S214035F68F04786B0BDF83880DDF83C909DF840A031
S214035F78CDF80080CDE9019A04460D4616461F461D
S214035F8800F012F9B8B1431EDBB2012B10D8002378
S214035F980122811E48424841CDE90432CDE902A0D8
S214035FA83B46324629462046CDE90089FFF7BEFF21
S214035FB806B0BDE8F0870120FAE730B500240125CE
S214035FC887B0CDE9044503959DF82C5002950A9DA4
S214035FD8CDE90045FFF7AAFF07B030BD30B500246A
S214035FE8012587B0CDE9044503959DF8285000940C
S214035FF8CDE901354023FFF799FF07B030BD10B54B
S214036008012486B0CDE90444002403949DF828406F
S2140360180294099C0194BDF820400094FFF786FF7C
S21403602806B010BD1FB5089C03949DF81C40029447
S214036038069C019400240094E2F7F0FD04B010BD1A
S21403604870472DE9F84F0229074688460C9D04D861
S2140360584FF0000A5046BDE8F88F1BB10429F7D95C
S21403606842F004023A702BB303247B701B0ABB70FE
S214036078E4F7EAF84FF000099DF82830385504F19C
S214036088020A01343B550B9A5FFA89F3D45C002C59
S214036098E0D0732C10D82E464C2C56F804BB3DD0B3
S2140360A8532C15D0622C45D1AC8805F1080600237D
S2140360B81A4616E00124DBE7A4F17503032BC7D8B9
S2140360C8763C2E1D022C52D8DFE804F0565A5800A8
S2140360D86A6805F1080694B2D2B2B2F1FF0318BF94
S2140360E801230AEB040119448845B1DB50461946D7
S2140360F8002947D153441FFA83FA5CB1BBF1000F5A
S214036108A6D0224607EB0A005946E7F71FFF544472
S2140361181FFA84FA354609F10109B4E74FF6FF7307
S2140361286A6805F1080694B222469C4214BF022305
S2140361380023D6E76C2C05D1584600F0C8F8841C13
S214036148A4B2B4E7732C04D1584600F0BBF8441C39
S214036158F6E7A4F13003DAB2092A01D89CB2A6E717
S214036168A4F14103062B3FF673AF373CE8E7012358
S21403617800242A68A346B4E70223F9E70323F7E7CC
S2140361880423F5E700F1010C01393A54C9B2120A9F
S2140361981FFA8CF0ACE70020E2F734BF0022E2F7E0
S2140361A851BF0023E2F764BF012070470120704700
S2140361B80120704770470020704700207047002072
S2140361C870470020704700207047002070477047CC
S2140361D80E20704700207047002070470020704745
S2140361E8002070477047FF2070470E2070478420B2
S2140361F8704770470020704770470020704700209C
S2140362087047002070470020704700207047002022
S21403621870470020704770470E207047002070476D
S2140362280020704700207047704770470E2070475D
S214036238704700207047812070477047704738B50D
S2140362480546C0B2E2F756FF0446280AE2F752FFAD
S21403625814B1002808BF0024204638BDF8B5054603
S214036268C0B2E2F747FF0446C5F30720E2F742FF4A
S2140362780746C5F30740E2F73DFF0646280EE2F752
S21403628839FF24B12FB136B1002808BF00242046B1
S214036298F8BD3C46FBE73446F9E710B4CC189442FD
S2140362A803DC5DF8044BFFF723B800205DF8044BC6
S2140362B870470423FFF7F1BF08B50223FFF7EDFF86
S2140362C880B208BD0078FF2808BF0020704708B5CD
S2140362D802220021FFF7F0FF4FF6FF73984208BF2C
S2140362E8002008BD003818BF012040007047002072
S2140362F8704708B5FFF7A5FCFF284FF0FF3018BF17
S2140363080020C0B208BD08B5FFF7F3FFFF280CBF8F
S2140363182120002008BDF8B506460C4615461F463C
S21403632800F011F810B12544AC4200D1F8BD394647
S214036338304614F8012BE2F7CFFFF5E701460022B3
S2140363480220E2F759BF0120704737B50546E1F743
S214036358E3F9044601950CB981201CE0237823B1A0
S2140363682046E1F7E1F90446F5E72B6862685B889F
S2140363789A42F5D1A368EA7B99B272B12A8A914206
S214036388EED16A7DB2EB134FEAD10020E36801A988
S21403639898478128E4D003B030BD4FF6FF72EEE786
S2140363A82DE9F84304460F46904699460BB3012A4F
S2140363B81FD80C20E7F740FE064610B91920BDE89B
S2140363C8F8831020E7F738FE18B93046E7F73CFE9F
S2140363D8F4E70123002547EA084770600570C0F80C
S2140363E80C904460876033803046E1F78DF9284681
S2140363F8E5E72120E3E738B50446436808460D4633
S2140364089847B4F90830002B02DB2B78042B06D107
S214036418002320466360BDE83840E3F7EFBA38BD8B
S21403642830B54FF48A5587B0ADF816200DF116042B
S2140364381A46029543B100230122CDE900332346C9
S21403644800F01EFA07B030BD019401240094F7E764
S214036458FFF7EBBEFFF7BEBE0020704708B500F097
S21403646801FB20B900F048FB08B9E0F745FBFFF746
S214036478D2FEBDE80840FFF7DBBE0020E3F726BFE1
S2140364880021E3F7C3BF0022E3F782BF1FB5D28814
S2140364980B4612F0200F4FF6FD7114BF4924522401
S2140364A8ADF80610510544BF083CE4B2110544BFD5
S2140364B8083CE4B2120444BF023CE4B2032805D8FD
S2140364C8DFE800F0020F161CADF80630BDF806002C
S2140364D8FFF789FEFF281CBF241AE4B2204604B03F
S2140364E810BD02AA0DF10601D8B200F079FAEDE75D
S2140364F8D8B200F047FAADF80600E7E7013CE4B285
S214036508E4E7F8B5064617460D4681B10C78FF2C26
S2140365180BD00846FFF7D6FEB84228BF3846C4B2A3
S2140365282246691C701CE7F7D3FB3470F8BD0C468B
S214036538FBE770B5044615460E4611B9417001705F
S21403654870BD0B78FF2B05D14B78FF2B02D1037058
S2140365584370F5E73046FFF7BAFEA84228BF284639
S21403656885B22A46B11CA01CE7F7B2FB25702D0A94
S2140365786570E5E7F0B523B9013A531C2FD100201F
S21403658820E0042AFBD800231C46551E6E1C1AD18D
S214036598042A10D00121D200501E01FA00F020422E
S2140365A81EBF914049420C4318421EBF4FF0FF31AD
S2140365B801FA02F213439C421EDCB4BF4FF0FF30CD
S2140365C8002040B2F0BD40B1465DEF00BE40344304
S2140365D84E5D013DBE403343D8E70646F5E78C5C7F
S2140365E838B90346A34202F1FF32C6D24FF0FF3052
S2140365F8E8E7835CA342F5D90120E3E728380728B0
S2140366088CBF0020012070471D2810D004D840B145
S2140366181C2804D0552070471E380128FAD81A2992
S21403662801E00B390F298CBF552000207047082935
S214036638F9E7002000217047F7B59DF82040054686
S214036648082C104619469DF8246036D800221346AF
S2140366582C44AC4208D106F0FD04382C0ED1009623
S214036668FFF7E7FF03B0F0BD14F8017D1B0243EA0A
S21403667812631202BA1843F10003EAE7392E10D15F
S21403668807EE100A07EE902AB4EEE77AF1EE10FA50
S214036698CCBF77EE677A77EEC77A002117EE900AB3
S2140366A8E0E7824273EB010403D2801A61EB03012D
S2140366B8D8E7101A63EB0101D4E700200146D1E7B7
S2140366C838B5C36814461944836853F821501AB179
S2140366D82846E7F7A7F92070284638BD2DE9F34181
S2140366E81C4616460DF107029DF82050FFF7E8FFF3
S2140366F89DF807308046A34288BF8DF807409DF86B
S21403670807700DB1E41BE5B22A4600213046E7F7C9
S2140367188DFA3A4641467019E7F7DAFA384602B070
S214036728BDE8F0812DE9F3411D46164601AA9DF8FA
S2140367382040FDF726F8019B80469D4238BF019509
S214036748019F04B1EC1B224600213046E7F76EFA98
S2140367583A4641463019E7F7BBFAF8B202B0BDE845
S214036768F08173B50024154601AA1E460194FDF769
S21403677808F8019B072B0AD92146CCB216B1C4F1F7
S2140367880704E4B2425C013108292A55F5D1D8B288
S21403679802B070BD1FB5030A8DF80E3003230093AD
S2140367A803AB8DF80D0000F0BBF805B05DF804FBED
S2140367B81FB58DF80F100421030A8DF80E300091CB
S2140367C803AB8DF80D0000F0ABF805B05DF804FBDD
S2140367D8F0B589B016689DF83C50CDF809608DF879
S2140367E811305668BDF83830012D109FBDF8444067
S2140367F8CDF80D60ADF812308DF8145014D0032D73
S21403680819D13B68CDF815307B68CDF819309DF85B
S21403681848308DF81D3016230093BDF84C2002AB84
S21403682800F07EF809B0F0BD8DF81540240A0F2352
S2140368388DF81640F0E70120F4E71FB5044608462E
S21403684811461A4602238DF80D100093214603AB12
S21403685800F066F804B010BD10B514461A460B6867
S21403686886B0CDF80D304B683421CDF811300A23A5
S214036878009303AB8DF8154000F052F806B010BD30
S2140368882DE9F041B6B014461D4606460F469DF858
S214036898F080E3F7DFFF03AA8DF80C001046330AEF
S2140368A88DF80F703F0A8DF80E308DF80D602B4665
S2140368B88DF810708DF8114005EB4405AB4202F1D4
S2140368C802021FD16200D2B2931DDBB23D99D833C0
S2140368D86B44073203F8CC8C01EB4805D3B250FA65
S2140368E882F2A94202F1020212D103EB4803009096
S2140368F806213046BDF8F820DBB2E3F7B5FF36B01D
S214036908BDE8F08133F8021B1171090A5171D5E706
S21403691831F8024B02F8024C240A02F8014CE0E76D
S2140369282DE9F0411C4605460E4617469DF8188085
S214036938E3F790FF207043463A46314628460694C6
S214036948BDE8F041E3F790BF002070477047D7F7DC
S214036958D3BF70477047704770477047002070472B
S21403696870477047002070477047704703F00BB8AE
S214036978FEF774B8FEF757B803F04EBBF8F7DEBA5F
S21403698803F03BBBF8F798BAF8F700BBF8F7BABAC0
S214036998FEF71EB9FEF76DB8FEF77AB8F4F732BD00
S2140369A8F4F736BDF3F796BCF2F7B8BDF2F7BCBDFD
S2140369B8EFF790BAFEF7B7B8FEF77CB8FDF718BF3F
S2140369C8FEF79FB8FEF78BB830B4BDF808409DF8BD
S2140369D80C50CDE9024530BCFDF729BFFDF796BF3D
S2140369E8F8F746BCE3F790BFF8F70CBDF7F758BBC4
S2140369F870B49DF80C40BDF810509DF814600394CD
S214036A08CDE9045670BCF5F75DBB70B49DF80C4031
S214036A18BDF810509DF814600394CDE9045670BC75
S214036A28F5F790BBF5F77ABC10B49DF804400194CB
S214036A385DF8044BF5F7CABB10B49DF804400194FF
S214036A485DF8044B02F090B802F090B8FDF7A2BFC9
S214036A58FDF7B2BFFDF7C5BFF1F7C8BAF2F70AB933
S214036A68F2F7DCB8F1F7EEB802F0BCBBF1F792BC6C
S214036A7802F0FEBBF1F7F2BDF1F7C4B9F2F700B9BD
S214036A88F2F782B8F2F798B8EFF7D8BFFEF7B5B8BB
S214036A98FEF768B8FEF77BB8FEF788B800F00BBCBD
S214036AA800F004BCF7F732BBF5F73CB9F7F70CBBB5
S214036AB8F7F732BCF5F706B9EFF7F8B9F6F728BDD6
S214036AC8FFF745BFFBF71EB8FEF7E3B8FDF753BF5E
S214036AD8FEF738B801F01EBEE3F774BEEFF7AABD9B
S214036AE8EFF7A4BA02F0B8B802F088B8EFF7F2BA2C
S214036AF8EFF730BDEFF734BDEFF760BAE3F77EBEC6
S214036B08E3F790BEE3F768BEEFF70EBAE3F76EBE99
S214036B18F9F7D0B902F070B802F037B8EFF70ABA47
S214036B28EFF772BDEFF752BAE3F70CBFE3F704BF0C
S214036B38F8F7C4BFF9F7B0B903F07ABB03F080BB24
S214036B48F9F734B8F9F7B0B900F063B900F0A1B9AA
S214036B5800F0C9B900F0A0BA00F010BB00F079BA8B
S214036B68E4F7E6BB00F0E6B900F013BA00F026B87F
S214036B7810B51C4601F0DFFE05F0C5FF0023C0F381
S214036B8840202370400010BD002208B50B4611466E
S214036B98FFF7EEFF023818BF012008BD0020704734
S214036BA870470020704770470020704770470E20D4
S214036BB87047012070477047012070471422002150
S214036BC8E7F734B8704770B505460C468AB02522F1
S214036BD800210DF10300E7F729F86B68CDF81D309F
S214036BE8AB68CDF82130234601AC03F110062246E4
S214036BF818685968083303C2B3421446F7D1012309
S214036C086A7B8DF8023012F0040F0CBF4FF48073C2
S214036C184FF4A073110748BF43F48063ADF8003000
S214036C28930748BFBDF80030684644BF43F00803DF
S214036C38ADF80030F4F780FD0AB070BD30B5427B7E
S214036C480D46D10704468BB007D5407801A9F4F75B
S214036C58D9FDD8B12D200BB030BD9307FAD5C2F3B2
S214036C68800310074FEA8313ADF8023044BF43F49A
S214036C788063ADF80230BDF80220201D0AB10DF17D
S214036C88020201A902F09CFE0028E3D001AB03CB65
S214036C989DF81430A1602373BDF810306060590660
S214036CA842BF627B42F0040262735A0542BF627BAC
S214036CB842F0080262731B0742BF637B43F002037A
S214036CC863732B4606AC0AAD224603CAAA4218606B
S214036CD85960144603F10803F6D10020BBE7F0B564
S214036CE804460D4693B0252200210DF12300E6F74E
S214036CF89DFF636804F1040CCDF83D30A36809AE24
S214036D08CDF841302B4605F1100732461868596806
S214036D18083303C2BB421646F7D105238DF8223043
S214036D28637B5B0103F40073ADF820306378FF2BB5
S214036D381AD1002360461A4601A900F0CAF99DF83D
S214036D480530FF2B0DD1002301A91A46184600F07B
S214036D58C0F99DF80530FF2B03D11C26304613B027
S214036D68F0BD9DF8053063700020617808AA00F02E
S214036D789BFA06460028F1D1607801A900F02FFA9D
S214036D882B4603AD2A4618685968083303C2BB4224
S214036D981546F7D1637B6078DB0648BF9DF81C3041
S214036DA801A944BF63F07F038DF81C3000F02EFA68
S214036DB8D4E710B504468AB02422002101A8E6F7D2
S214036DC835FF637B590744BF4022ADF810201A07E6
S214036DD842BFBDF8102042F48062ADF81020DB07EE
S214036DE80FD5607801A9F4F70DFD10B12D200AB070
S214036DF810BD01AB03CB637B606043F00203A16065
S214036E08637304A9201D02F0DDFD0028EED00020E0
S214036E18EDE71FB5694600F066F8002818BF2D2071
S214036E2805B05DF804FB73B50D4614460646E3F74E
S214036E38ADFE6B881A071AD522463146102002F093
S214036E48A2FD2046E3F7A2FE6B88D90717D50023D1
S214036E58224601210DF107008DF80730E4F762F9A1
S214036E686B88002B0CBF2120002002B070BDDE0605
S214036E78EAD522460821281DE4F754F9E1E79A07DC
S214036E8801D50223E4E75B07EAD50323E0E70F20EF
S214036E9870471FB50C46694600F025F810222146B0
S214036EA86846E7F70FFAB0FA80F0400904B010BD59
S214036EB8B8B1B1B14388A3B90378013B082B10D8FE
S214036EC8DFE803F00507090B0F0F0F0F0D00E4F7B4
S214036ED82BB8E4F785B8FFF776BEFFF700BFE4F7ED
S214036EE813BA2120704738B50D4609B300B30378A3
S214036EF8013B082B1AD8DFE803F0050D1013191900
S214036F0819191600E4F748F80446284602F03BFF2A
S214036F18204638BDE4F784F8F6E7FFF78FFEF3E775
S214036F28E4F7B4F8F0E7E4F7F9F9EDE72124ECE73A
S214036F382124EDE770B586B0064601A80C4615462B
S214036F48FFF73CFE04238DF804301CB12068616803
S214036F5802AB03C3294601A88DF80560FFF7A8FF0F
S214036F6806B070BD70B586B0044601A80D46164631
S214036F78FFF724FE0323206861688DF8043002AB0C
S214036F888DF8116003C3294601A8FFF791FF06B0E1
S214036F9870BD0022FFF7E6BF30B5437B044613F007
S214036FA801020D468BB007D0407801A9F4F72AFCF6
S214036FB870B12D200BB030BD9B07FAD5ADF8022073
S214036FC801A90DF10202043002F0FAFC0028F0D001
S214036FD800210E22A81CE6F729FEBDF810302B80E8
S214036FE8039BAB60BDF81230AB819DF81430237356
S214036FF801AB03CB6060A1600020DBE770B5437B81
S2140370080446DB070E468AB003D42D2528460AB065
S21403701870BD6946407800F045F905460028F4D166
S214037028DDF81D300E226360DDF821300146A360CB
S214037038637BB01C43F002036373E6F7F7FDBDF802
S2140370480030069A43F004033380059BB2607360EE
S214037058DCE70B4610B50446102200211846E6F76F
S214037068E5FD2278032A09D0042A0DD0022A11D175
S21403707801462046BDE81040E4F7B6B90146204667
S214037088BDE81040FFF788BF01462046BDE810401C
S214037098FFF7B4BF262010BDF8B5074608460C46CA
S2140370A816461D46FFF78AFD04232370637B314685
S2140370B843F00103204667706373FFF714FF08B1B4
S2140370C82D20F8BD29462046FFF7C3FF0028F8D031
S2140370D8F6E7F8B5054608460C461F461646FFF774
S2140370E86DFD0423237025B108222946E018E6F728
S2140370F8EFFD637B43F0020363734EB93246012107
S214037108284600F0DAF8FF28607007D12D20F8BD6E
S21403711831462046FFF7E7FE0028F7D1637B43F0A6
S214037128010363730DB90020F1E7002FFBD039463E
S2140371382046FFF78EFFF6E7F8B50C4607460846DF
S21403714816461D46FFF73AFD03232046394600F840
S214037158043B0822E6F7BCFD637B314643F0020393
S21403716820466373FFF7BFFE08B12D20F8BD2946F6
S2140371782046FFF76EFF0028F8D0F6E7F8B507466F
S21403718808460C4616461D46FFF718FD03232370CC
S214037198637B314643F00103204667706373FFF74A
S2140371A8A2FE08B12D20F8BD29462046FFF751FF59
S2140371B80028F8D0F6E718B18022012100F07DB840
S2140371C8FF207047002307B51A4619460093F6F7BB
S2140371D81BF8B0FA80F0400903B05DF804FB0B46D1
S2140371E810B519220446FF211846E6F71FFD7E2C24
S2140371F801468CBF04F5C43004F583304FF01902FA
S214037208BDE8104088BFAD30D8F72CB87E2888BFB5
S21403721800F5C4304FF0190294BF00F58330AD3043
S214037228D8F74CB830B589B00D46FFF7C4FFFF282A
S21403723804460DD001A9FFF7D2FF2868696801AB99
S21403724803C3204601A9FFF7E1FF002009B030BDBC
S2140372582D20FBE7704770470020704770470F20C4
S21403726870470F207047002070470F207047002094
S21403727870470020704784B08DE80F00002004B0E4
S2140372887047704770470020704770470020704764
S21403729870470020704701207047704700207047EA
S2140372A8012070470E2070470E2070470E20704747
S2140372B80020704770470E207047FF2070477047BE
S2140372C87047002070477047704770470020704724
S2140372D870470020704700207047002070477047AB
S2140372E8704700207047002070477047002070479B
S2140372F80020704770470020704710B50024E3B29B
S21403730810B9C3F10303DBB20134042CCA544FEAA1
S2140373181222F4D110BD10B50B784C788A78C97848
S21403732828B910462246044608461946034642EA42
S214037338012043EA042343EA004010BD7047E4F7FC
S21403734807B908B5D2F7A0FB002814BF862000208B
S21403735808BD08B5D2F768FD003818BF012008BD78
S21403736808B5D2F721FD003818BF012008BD08B5B7
S214037378D2F7A6FD003818BF012008BD08B5E4F704
S214037388C7F9BDE80840E4F775B970B504460D4675
S2140373981646E4F7BDF90420E4F75EF932462946B3
S2140373A82046FFF7DDFF04460220E4F755F920469A
S2140373B870BD08B5E4F7ACF9BDE80840D2F7D8BC09
S2140373C8E4F7DEBCE4F7BEBC08B5E4F7BBFC20B1C3
S2140373D8BDE808400020E4F7F3BD112008BD08B552
S2140373E8E4F7D0FEE4F7D6FEE4F7DEFEBDE8084091
S2140373F8E4F7EEBE10B5044622F070421030606023
S2140374082160A26039B1A26803F070431343A360F6
S214037418029BE36010BDA36843F08043F7E70123AC
S2140374284360C36843F02003C360836843F0005394
S2140374388360704737B515464A6804463AB18C6880
S2140374480093096845EA0403FFF7D4FF0446204679
S21403745803B030BD2DE9F04FD3B0CDE90123DDE904
S214037468608500230390042003ACCDE9050307C910
S21403747807AB83E80700214618465D9E0494E4F7A5
S214037488BFFE0746002840F0BA805C9A0AAB07CAD4
S21403749883E80700494201F00F0900215E9B5F9AC3
S2140374A85B6852680D9113445B4203F00F0AD8F8E1
S2140374B8043012915B420093B368DA0048BF7368DE
S2140374C84FF0100242BF033323F003037360AB6825
S2140374D8DB0041BF6B68033323F003036B605E9BDB
S2140374E8D3F804B05F9B5C680BEB04035344CDE905
S2140374F80E3173685B4203F00F03CDE910136B6814
S2140375085B4203F00F03CDE9131316AB1846159128
S214037518E6F78CFB5C9A516851B9D8F804100C430B
S21403752854EA0B0401BF10229146CDE90B240A90B6
S21403753811234FF0005204A932A8FFF77BFF40F649
S21403754811034FF0005207A9FFF774FF42F6110321
S2140375584FF000520299FFF76DFF44F611034FF000
S21403756800520199FFF766FF412300225E99FFF751
S21403757861FF4FEA0A234FF000525F9943F0410335
S214037588FFF758FF4FEA09234FF0005243F0010371
S2140375980AA9FFF74FFF009B4FF000521B0203F4A4
S2140375A87063414643F00103FFF744FF1038FFF7C3
S2140375B836FF00230DA91A461AA8FFF73BFF002338
S2140375C831461A46FFF736FF002310A91A46FFF777
S2140375D831FF002329461A46FFF72CFF002313A979
S2140375E81A46FFF727FF002362991A46FFF722FF7A
S2140375F81038FFF714FF1AA932A8FFF7F0FE38462B
S21403760853B0BDE8F08F10B5044608B1E4F7DAFEC8
S2140376182046BDE81040FCF7B4BE10B50446006A21
S21403762810B1616AFFF7EFFF0020C4E9080010BD38
S21403763838B50546FFF7F1FF2B7E0446012B0ED01F
S214037648023B012B0ED8EB69012B18BF6FF096048B
S214037658282200212846E6F7E9FA204638BDEB69D2
S214037668002BF2E76FF09604F2E718220021E6F7FC
S214037678DDBA70472DE9F84F9846DDE90B490D9BAF
S21403768815469A0706460F4623D02A460A9B03EB57
S214037698040A1444A24220D10D9B9B0705D5A2EBEE
S2140376A8050AD14505EB0A0420D82046BDE8F88F1D
S2140376B8434639462020B0470AF1010ACA450AEB71
S2140376C80B02F5D3A9EB04024C4588BF00222A44D3
S2140376D8DCE7A246A5EB040BF0E702F1010B4346F1
S2140376E839461AF8010DB0475A46D3E743462246A9
S2140376F839462020B0470AF1010AD2E72DE9F047B8
S214037708DDE90D7616F0020F9DF82880DDE90854AA
S214037718DDE90BCE1FD106F001094FB1B9F1000F11
S21403772806D0B8F1000F02D116F00C0F00D0013FB7
S2140377384FF0300A04E0202C04D005F804A00134E6
S2140377487445F8D3B9F1000F05D04FF03009A742B6
S21403775801D9202C2DD116F0100F1FD016F4806FE8
S2140377682CD15CB3744501D0BC4227D1B4F1010EC9
S21403777823D0BCF1100F46D1023C16F0200F28D1B7
S214037788202C28D04FF0780C05F804C00134202CA0
S21403779821D04FF0300C05F804C00134202C1AD041
S2140377A8B8F1000F23D04FF02D0C05F804C00134B0
S2140377B812E005F804900134C9E77446BCF1100FCB
S2140377C8DBD0BCF1020FE2D1202C04D04FF0620CC0
S2140377D8DAE7202C08D12024CDE90A76CDE9085427
S2140377E8BDE8F047FFF746BF4FF0580CCCE716F056
S2140377F8040F02D04FF02B0CD7E716F0080FEBD088
S2140378084FF0200CD1E7BCF1020F7446C1D1DDE777
S2140378182DE9F04391B0189D1A9E1D9F0DB927F0C8
S21403782810077C0500D515B317F0200F14BF4FF0CB
S214037838410E4FF0610EAC4600250DF12008AEF15F
S2140378480A0EBCFBF6F906FB19C95FFA89F4B9F107
S214037858090F94BF30347444E4B2B44508F8014BB6
S21403786805F10105BCFBF6F401D3202D10D11C9CB1
S214037878069705941B9CCDE903649DF86440CDE9FF
S214037888015408AC0094FFF739FF11B0BDE8F08344
S214037898A446D6E72DE9F04F95B0269ECDE90A23F0
S2140378A8DDE91E74DDE9229B57EA040308BF26F0C8
S2140378B810067205CDE9080102D557EA040337D046
S2140378C816F0200F14BF4123612300250DF1300A5B
S2140378D8A3F10A0821464A465B463846E5F73AFEC8
S2140378E8D2B2092A94BF303242444F45D2B274EB1F
S2140378F80B0405F101050AF8012B01D3202D14D139
S214037908259B06960593249BDDE90801CDE9039399
S2140379189DF88030CDE901530CAB0093DDE90A23CB
S214037928FFF7ECFE15B0BDE8F08F07460C46D1E727
S2140379380025E5E708B100F014B8704710B1D1E99F
S21403794800311847704738B5441E14F8015F25B947
S2140379580A2000F006F8284638BD284600F001F845
S214037968F3E701460020FCF7DFBA70477047EDF7E8
S214037978B1BE704708B5FCF7A8FAD2F785F8BDE894
S2140379880840D4F7BDB9704708B5D2F7E9FBFBF74B
S214037998FFF8BDE80840E3F7BBBE08B5FBF7E8FE0B
S2140379A8E4F744FDFBF7E2FEE5F7EEF8E5F7DAF869
S2140379B8E5F750F8BDE80840D7F72EBC08B5D5F765
S2140379C809FEFBF7D1FED5F711FED9F737FED9F72F
S2140379D8DDFED9F7E5FFBDE80840D9F703BF7047D2
S2140379E87047E5F75DB808B5FCF7BAFEBDE808408A
S2140379F8FCF7E5BE704707B500220346114601208B
S214037A080092D8F795FF03B05DF804FB07B500921C
S214037A180B46027D81898068FDF77AFC003818BF1B
S214037A280120C00103B05DF804FB08B50020E0F7A9
S214037A3807FB0020E2F798F80020DAF791F9002010
S214037A48DAF728FC0020DAF727FE0020DBF714F91C
S214037A580020DBF73DFE0020DEF76CF90020DEF79A
S214037A68D7FE0020DFF7CCFCBDE808400020DFF790
S214037A78B7BD08B50120FDF72DF90120DAF7D0FACE
S214037A88BDE808400120DBF7F7B808B50220E0F7A1
S214037A98CBFB0220DFF7BEFD0220E2F773FB0220D2
S214037AA8FFF790FC0220FDF7B5FB0220DEF7B0FED9
S214037AB8BDE808400220E0F757B8DAF7F5BBFDF74C
S214037AC8C9BE70477047704770477047704770471E
S214037AD810B50446DFF762FF2046FDF731F9204666
S214037AE8DCF708F92046DDF75BF82046BDE81040CA
S214037AF8FDF7C3BBFDF7DEBBFDF7E8BBDFF78ABCC4
S214037B0870477047FDF740B970477047704770472E
S214037B187047704704F0BDBF70477047DFF714BD62
S214037B28704770477047704770477047D0F73EBA3C
S214037B38FEF76BBB704700207047FEF768BBFEF77F
S214037B4871BBE7F78BB938B504460D4600F097F8CE
S214037B5850B129462046ECF733FB30B92946204670
S214037B68BDE83840E7F742B90E2038BD08B5ECF74C
S214037B786DF918B1BDE80840EAF7E4BC08BD70B56E
S214037B8816460C4604F04DFE314605462046EAF7EF
S214037B98B5F80446284604F03FFE204670BD00F0BC
S214037BA832B970B5044600200E4600F039FBD4F807
S214037BB8F0503DB1002331462046AC46BDE8704040
S214037BC81A4660472B46012231462046E7F78EFBC6
S214037BD8284670BD38B5044648880D4600F020FB95
S214037BE8D4F8F0302BB929462046BDE83840E7F7E5
S214037BF88FBA022038BD00F015BB00F03CB9E6F793
S214037C08C3BF00F01BBB70B5BDF81060054606B1D0
S214037C186BB1334428469BB200F073F9044620B987
S214037C281EB13146284600F0ADF9204670BD212422
S214037C38FBE7E8F737BEC0F8EC1000207047E7F715
S214037C4875BCE7F765BD10B4BDF8044001945DF84C
S214037C58044B00F09FB80B4610B514461846A168A7
S214037C689288E6F773F9E168034631B1A08862881B
S214037C78121A92B21844E6F769F9002010BD0346B3
S214037C88408A18B1188A003818BF0120704708467A
S214037C98E9F784B900F0D6BA00F0D4BAE9F796BB88
S214037CA8084708B5E6F7B8FFC0B208BD022A01D8E8
S214037CB800F00CBA21207047022A01D800F017BA40
S214037CC821207047022A01D800F023BA21207047E2
S214037CD8E8F79EBA0846E8F7B9BA00F033BA0020C0
S214037CE87047002070477047D0F8903003F0600361
S214037CF8402B0DD0602B03D0203B58425841704789
S214037D0849B10B68012B06D9486940F00100704752
S214037D1840F20110704700207047F7B50446104636
S214037D28D4E952C7DDE908268CEA020587EA060184
S214037D380540194085EA0C057940C4E952510025E7
S214037D4823F4004106EA010320F0010043F400731C
S214037D58024043F00203CDE90055EAF7C5FE94F85E
S214037D6824309A0713D5D4F84C319B050FD54FF416
S214037D788811204600F034FC94F82430024665F354
S214037D88410384F8243020460B46E6F719FF002003
S214037D9803B0F0BDF0B587B01C461746BDF8306093
S214037DA81AB90024204607B0F0BD002BF9D00029E5
S214037DB8F7D001AAE8F776FD0028F2D0BDF806301A
S214037DC8A2199A42BDF80850C4BF9B1B9CB2B54281
S214037DD812D90399AD1BADB23144A5420391ADF850
S214037DE808500DD22A463846E6F7B0F80499621BBF
S214037DF87819E6F7ABF8D5E70499761B314404916E
S214037E0822463846F5E70846E9F720BF0220E9F791
S214037E18D3BA08B5D0F8E4304BB11A68022A06D9A3
S214037E2893F825204AB1186AB0FBF2F008BD4FF460
S214037E3846624C210020ECF7F1F90020F6E7D0F86B
S214037E48E42008B57AB11368022B0CD9536A13F4E5
S214037E587F4FC3F3072106D0126ADBB253438B4224
S214037E68B3FBF1F006D2002040F67F424C21ECF734
S214037E78D5F9002008BD0346D0F824010860B3F8F6
S214037E88283100208B80704790F824310C2B14BFC0
S214037E9890F82900FF20704738B50C464FF4006168
S214037EA80546EBF703FF70B17CB195F81E3173B93D
S214037EB84FF480724FF480712846EBF7E3FE0038E0
S214037EC818BF012038BD2202F4E72246F2E7002055
S214037ED8F8E74FF48071EBF7E9BE08B54A024FF4AA
S214037EE80071EBF7CFFE002008BD08B58A024FF4F1
S214037EF88061EBF7C7FE002008BD4FF40071EBF76F
S214037F08D5BE2DE9F041884618F003070646154600
S214037F18194633D1B2F5805F30D89A422ED33F2A1A
S214037F2828D9B2FA82F401220120C4F11F03DBB276
S214037F389A4092B2AA422CBFC4F11904C4F11A0497
S214037F48E2B2931DDBB2984080B2A84214D096F8EA
S214037F58F530ABB9012096F8243060F3C71386F8DA
S214037F6824304046E8F750FAC6F82080B5823846EB
S214037F78BDE8F0813A46EAE70020ECE72127F6E772
S214037F880E27F4E7084600F02EB9F8B511F00306F5
S214037F9807460D46144621D102B313883F2B1DD935
S214037FA8B3FA83F3C3F11901C9B2062901D8192B09
S214037FB812D0062928BF062101238A1DD2B2934070
S214037FC82846238000F015F923883846FD617B820E
S214037FD8E8F72AFB3046F8BD3146EDE72126F9E7F0
S214037FE838B5148811F003054FEAC4041ED13F2C94
S214037FF81CD9B4FA84F4C4F11903DBB2052B01D8EF
S214038008192C11D0052B28BF052301240633DBB210
S21403801804FA03F3C3F3CF0414808161048203874D
S214038028E8F702FB284638BD2B46EEE72125F9E795
S21403803810B5144608460121E9F7DAFC2046BDE8E0
S21403804810400121E9F7D4BCF8B504460E46174696
S21403805804F0E7FB3A46054631462046E9F786FF2D
S2140380680446284604F0D8FB2046F8BD022070478D
S21403807803207047E9F798B910B50023E7F7E4FD3E
S214038088044608B9EAF768FF204610BD70B50546EA
S2140380980E46144600F0C9F83146284600F04CFA56
S2140380A800F0C3F8230744BF24F00804A4B221460B
S2140380B82846E6F7B7FD00224FF400312846EBF7CB
S2140380C8E1FD002070BD8021EBF7F0BD7FB5531CA2
S2140380D805AAADF81410029202210022DBB2CDE9FC
S2140380E800211146EBF7ECFD07B05DF804FB7FB5FE
S2140380F8531C05AAADF81410029204210222DBB21F
S214038108CDE9002100220121EBF7DAFD07B05DF87F
S21403811804FB1FB5531C029100220821CDE9002158
S2140381280122DBB21146EBF7CBFD05B05DF804FB85
S21403813810B50446E6F770FD01462046BDE8104034
S214038148E6F770BD002914BF21200020704738B514
S214038158054610460C46E8F7A5F865B1D5F8E030AD
S2140381684BB15B693BB12268013204BF6FF0010271
S214038178226022681A60002038BD002070472DE967
S214038188F74F01251C469DF83030064601930368D1
S214038198174603F0070306339D4005F1FF380B46E1
S2140381A8A1B1416804EA080BA5EB0B0A41F0005994
S2140381B8524509EB0B0114D952461846E5F7C6FE95
S2140381C849467A1B5A445044E5F7C0FE019B2BB137
S2140381D83C4448EA050804EA0804F46003B0BDE82A
S2140381E8F08F1846F0E74FF03A43022298615A6335
S2140381F870474FF03A4301225A6740F6FF72D96434
S21403820818651A67704737B5002514460095FFF7B3
S214038218B6FF204603B030BDE7F7B6BE002070476A
S21403822800207047002070477047704710F0FD0F16
S21403823814BF4FF0FF300020C0B2704770470020CD
S2140382480021704708B5E9F701FABDE80840E9F7E1
S21403825825BA38B50446FFF7F5FF0546FFF7F2FFDC
S214038268431BA342FAD338BD38B50D460446E9F78F
S214038278EDF935B1844200D90139204601F00301EE
S21403828838BD844238BF0131F7E708B50121FFF747
S214038298EBFFBDE80840E9F701BA08B521B192003B
S2140382A8E5F754FE002008BD2120FCE700F06F43E5
S2140382B8B3F1804F02D0B3F1204F02D120F07040C3
S2140382C8704700F06043B3F1204F08BF20F080509A
S2140382D870470B0C23F48053B3F5284FF7B50D46B8
S2140382E88FB2064699B216D04AF60103994214D0BD
S2140382F84AF60203994212D0B1F5204F14BF04245C
S2140383080324D6F8E0300BB1196851B9D6F8DC3037
S21403831893B928680EE00024F3E70124F1E7022462
S214038328EFE7234668463A46E9F72CFADDE9000301
S214038338002BEBD103B0F0BD19680029E9D023461A
S21403834868463A46E9F71EFADDE90003002BE0D152
S214038358F0E70204C0F3891307D56FEA83536FEA7D
S214038368935313F5007F18B206D0A3F1C8006FF431
S214038378FF739842B8BF184670474FF03843596999
S2140383889A6903F500530A405A6170470E207047EE
S214038398EAF7F2BFEAF7F0BFEAF7EEBFEAF7ECBF91
S2140383A808B50846EBF7DAFB08BDEAF7E5BF02208F
S2140383B8704702207047002070470120704700204E
S2140383C870470E20704700207047E7F745BE0846FB
S2140383D81146012200F086B870B505460C461146CC
S2140383E81A46EBF7F1FC06682B462046B446BDE86A
S2140383F87040604710B5EBF7E7FCBDE810408368AC
S2140384081847FFF739BEE7F731BDFFF79CBBE7F719
S2140384182FBA70B504460D4616464FF4881100F079
S214038428F4F8324629462046BDE87040E7F74ABFC7
S2140384387047431E012B03D9031F58425841704700
S21403844801207047FFF7EABE4FF4D4720021E5F720
S214038458EDBB70B50446E7F7A3FA0546A8B9A169C4
S214038468F1B1238AD3B1204604F11002FFF7B8FD11
S21403847838BBE16919B3638AA3B1204604F1120233
S214038488FFF783FD78B1054603E00023A361236164
S214038498E361002328466361236270BDA061E8E7B1
S2140384A82082E6E7E361216A0029F2D0A28A002A3D
S2140384B8EFD02046E38ABDE87040FFF722BD61820D
S2140384C8F1E76582E561DEE711B9D0F8DC1021B182
S2140384D8CB6813B18B68D88970474FF6FF7070471F
S2140384E8E6F780BB10B50C461146E6F7A1FBE7F79F
S2140384F8B3FD012801D1002010BD002CF7D10520BB
S214038508FAE7FFF786BCFFF79ABC70B50023242565
S214038518D0F8DC00C4689C4201D1212070BD826873
S21403852805FB0322D6898E4202D8128A8A4201D2D2
S2140385380133F0E70020F1E7F8B506460D46EBF7FA
S214038548A5FCD8B94FF6FF734FF0240CEF68C1B2F9
S2140385588F4208D81C4621463046EBF731FEFFF714
S21403856863FE2046F8BDAA680CFB0122D4899C4208
S21403857802D2002CEFD023460130E8E70024F0E7C8
S214038588808D70470A7838B505461046FFF751FFC1
S21403859860B14C782046FFF74CFF38B122435307A7
S2140385A804D42846BDE83840E6F77ABD212038BD0E
S2140385B810B504460878FFF73CFF58B14A781046CA
S2140385C8FFF737FF30B1042A04D02046BDE8104031
S2140385D8E6F784BD212010BDFFF79FBBE7F7AAB8CF
S2140385E838B505460C4604F01CF9D5F88C301C4003
S2140385F8D5F888302343C5F8883004F00DF9211ED2
S21403860818BF01210020490238BD38B504460D4677
S21403861804F007F9D4F88C301D40D4F8883023EAE0
S2140386280505C4F8885004F0F7F8284638BD38B569
S21403863804460D464FF48811FFF7E7FF2946204600
S214038648BDE83840E7F75EBE73B50D7806460C46B8
S21403865835B304238DF804302379304601A98DF801
S2140386680530FFF7A5FF0546B8B92278A37952BBAC
S2140386788DF80430E379304601A98DF80530FFF705
S21403868881FF054648B923783BB161883046E6F74B
S21403869813FF01213046FFF7FFFB284602B070BDE3
S2140386A82946FFF7F9FB29463046FFF716FC294605
S2140386B83046FFF71AFC2378002BCAD123798DF8A6
S2140386C804306379C9E702228DF80420D3E7FFF75D
S2140386D804BCFFF712BC00207047704710B5044669
S2140386E8EBF7FEFD21460020ECF74EFCBDE81040F4
S2140386F8002000F02BB970470120704708B5EDF746
S21403870871FA80F00100C0B208BD4FF0FF30FFF7E2
S214038718C1BA70470020704710B50C4603F042FEF6
S214038728048010BD38B50C46154603F03BFE038897
S2140387381DB11C43A1B2018038BD23EA040189B2E6
S214038748F9E708B503F02EFE008808BD08B503F060
S21403875829FEC07808BD08B503F024FE008800F09B
S2140387680C0008BD08B503F01DFE008800F00C00D9
S214038778031F5842584108BD38B5054603F012FE94
S21403878804462846FFF7EEFF30B904F1100004F05C
S214038798BAF900F4406038BD4FF40060FBE738B51B
S2140387A8054603F0FFFD04462846FFF7DBFF0146B0
S2140387B848B910342046042203F034FD2044BDE8AB
S2140387C8384004F0A0B9A08838BD10B50C4603F0AD
S2140387D8E9FD848010BD38B5054603F0E3FD04467D
S2140387E82846FFF7BFFF30B904F1100004F08BF9F1
S2140387F800F4404038BD4FF40060FBE738B5054643
S21403880803F0D0FD04462846FFF7ACFF014648B9F7
S21403881810342046062203F005FD2044BDE8384000
S21403882804F071B9A08838BD38B5054603F0BAFD1B
S21403883804462846FFF796FF014608B1201D38BDB3
S21403884810340622204603F0EDFC2044F7E708B56B
S21403885803F0A8FD007A08BD08B503F0A3FD90F958
S214038868090008BD08B503F09DFD807A08BD08B564
S21403887803F098FDC06808BD10B50C4603F092FDDA
S214038888047210BD10B50C4603F08CFD447210BD7F
S21403889810B50C4603F086FDC46010BD2DE9F843F9
S2140388A80F468046002107F110001646994603F046
S2140388B8EDFD0446D0B103F075FD0546204603F0EA
S2140388C88DFD002102462846E5F7B0F90023204629
S2140388D8AB7049F00401FFF71FFFA5F804802EB11B
S2140388E83A46314605F11000E5F730FB2046BDE869
S2140388F8F883F8B505460F461020002103F0C6FD99
S2140389080446B0B103F04EFD0646204603F066FD66
S214038918002102463046E5F789F900233946204602
S214038928B370FFF7F9FE25B12A460121204603F066
S21403893885FD2046F8BD08B503F034FD103008BDA4
S21403894808B503F04BFD1038C0B208BD0020ECF79D
S21403895843BA08B5ECF79EFC002008BD4088C0F370
S2140389680C000330800840000430704770B50E468C
S21403897805461146304603F089FD044635B128B14D
S21403898803F010FD32462946E5F7A2F9204670BDE6
S2140389980088B0FA80F04009704738B50588002289
S2140389A8044604F01EF905B1258038BDF8B5074618
S2140389B80D4600880021164603F02CFDB0420446F7
S2140389C805D129463846BDE8F840FFF7E6BF00213B
S2140389D8204603F01FFDB04205D02046002103F0D1
S2140389E819FD0446F3E72A462046002103F026FD30
S2140389F832462846BDE8F840002103F01FBDF8B507
S214038A08058807467DB1CCB22146284603F002FD09
S214038A188542064609D100233B800022214630467C
S214038A2803F00CFD35462846F8BD214603F0F2FC54
S214038A3821460246284603F001FDEEE72DE9F047F6
S214038A4807888246884614465FB3384603F0C6FC52
S214038A583D460646E4B22146284603F0DBFC40457D
S214038A68814616D1214603F0D5FC21460246284600
S214038A7803F0E4FC474504D1454508BF0025AAF89A
S214038A88005000222146404603F0D8FC3046BDE895
S214038A98F0878742FAD003F0A1FC30444D4686B2ED
S214038AA8D9E73E46F2E700220123C0E900237047D0
S214038AB8F8B504460127002603F0C0FE23683BB931
S214038AC803F0B7FE00226368012B0ED16360F8BD7E
S214038AD81D691F61266003F0ACFE012DF2D02B46FC
S214038AE82D691E61012DFAD1E6E719691A610B464D
S214038AF8EAE7036823B94068012803D0EDF712B9FB
S214038B08002070474FF0FF307047F8B5054603F06E
S214038B1815FF012306460027A8602B7303F08EFE75
S214038B282B6802467BB11C692169A1420CBF2F60E2
S214038B3819612761104603F07CFE012C08D02046F5
S214038B4863689847EAE76C68012C04D103F071FE62
S214038B5800232B73F8BD6169711AB1F1004FF5D87C
S214038B68216969602361E5E70220704702207047A0
S214038B78002070470144884201D10120704710F84D
S214038B88013B9342F7D00020704770B5014606466E
S214038B9892B00020EBF7D0FD044670B9FDF7D4FE7B
S214038BA8054601466A462046ECF70CF96A46294606
S214038BB820468DF80260ECF7BBFB204612B070BD6A
S214038BC800B593B0FDF7C0FE6A4601460020ECF7F1
S214038BD8F9F89DF9020013B05DF804FB00B593B0ED
S214038BE8FDF7B2FE6A4601460020ECF7EBF89DF85F
S214038BF8000013B05DF804FBECF7A8B80120704733
S214038C087FB54FF6FF7101AAEDF7FEFA20B1BDF85E
S214038C180C0007B05DF804FB4FF6FF70F9E708B5DC
S214038C281046EEF7B7FABDE80840EEF771BB704793
S214038C38704770477047704770477047704738B536
S214038C484FF6FF750D800C46F6F768FB2080A842A2
S214038C580CBF2D20002038BD002100B593B06A460E
S214038C680846ECF7AFF8BDF8060013B05DF804FB4A
S214038C78002110B592B004466A460846ECF7A2F8F7
S214038C8800216A460846ADF80640ECF751FB12B0D9
S214038C9810BD002100B593B06A460846ECF792F873
S214038CA8BDF8040013B05DF804FB002110B592B0BC
S214038CB804466A460846ECF785F800216A460846DD
S214038CC8ADF80440ECF734FB12B010BD70472DE93D
S214038CD8F04F87B00C4691460746FFF73CFD05461E
S214038CE8661C304603F00FFF042D40F0908038468C
S214038CF8FFF721FE0378092203F00303012B14BFB1
S214038D080223032301212046039303F08BFA092247
S214038D1800210546204603F085FA21788DF81700CA
S214038D2801390022204689B2FFF720FE04EB090822
S214038D388346F0B14FF0010A2A460146CDF800A053
S214038D4803980DF11703FBF7C0FD0228054626D145
S214038D58584603F043FB00222070C0B2431E00921D
S214038D689BB252465946304603F0CAFF237853440B
S214038D7823703846FFF7E5FC020424D498F801303C
S214038D8821789B071FD50139A1EB09013A464046CE
S214038D98C9B2F1F7BDF923781844207013E020B957
S214038DA82070284607B0BDE8F08F032809D140464F
S214038DB803F0A9FE20F4007189B2404603F0A5FE2D
S214038DC8D7E70428D5D10125002220462178FFF7C6
S214038DD8CDFD07460028E4D04FF000080146434679
S214038DE801224046CDF80080FBF76FFD022819D113
S214038DF8384603F0F3FAC2B2013A207093B2394602
S214038E0801223046CDF8008003F07AFFC9E780F0E8
S214038E18800520F0800081B23046C5F3C01503F004
S214038E2874FED1E70028BCD12070BAE708B5002045
S214038E38FFF764FC80F00100C0B208BD0A4608B517
S214038E4801460020EDF72EFCB0FA80F0400908BD75
S214038E580020ECF7A1BB00210846ECF745B8002034
S214038E68FFF74ABC70B5044603F04DFE0422002102
S214038E780646204603F0D6F9204403F044FE0322B0
S214038E8805460021204603F0CDF9204403F03BFEB7
S214038E984FF6FF730540ADB29D4214D1F30712D5C2
S214038EA806220021204603F0BDF9204403F02BFEDA
S214038EB80446EDF769FC844214BF02240624EDF742
S214038EC85DFC204070BD2046FBF7D0FEC400E4B22C
S214038ED8F5E708B5FFF7C6FF003818BF012008BD39
S214038EE80120704710B50446FEF700FA08B9FEF7E6
S214038EF8FFF903050FD40C231B2B01D1002009E02F
S214038F0820FA03F1C90703F1010206D5DBB2E31A17
S214038F185842584110BD0B23F9E71346ECE710B542
S214038F280C46098819B90846F7F750FD2080012032
S214038F3810BD08B510461A4600F08CFABDE808407E
S214038F4803F07FBD70B504460D46164692B06A46D2
S214038F58EBF738FF6A46294620468DF81F60ECF77C
S214038F68E7F912B070BD10B50C46EDF7E9FF2046D9
S214038F78BDE81040EDF7FABE0129F8B505460C46DC
S214038F881DD003291ED0052920D0072922D0002664
S214038F98002400270120EBF767FE304485421DDADC
S214038FA80320EBF761FE2044854219DA0520EBF728
S214038FB85BFE38448542B4BF07200520F8BD6FF032
S214038FC80406E5E76FF004040526E2E700266FF0DB
S214038FD80407DFE7002405272646DBE70120EDE73D
S214038FE80320EBE738B14379490023F00C0301F07B
S214038FF80C010B434371704710B5044678B14179A9
S2140390084088490801F006010131000AFFF7B4FF5A
S214039018024601462046FFF7E5FF104610BD072225
S214039028FBE738B50D46EDF779FF044608B9002087
S21403903838BDFFF7E1FF002DFAD1237913F00703B4
S214039048F5D0984238BF1846C0B2F1E7EEF774B9C0
S2140390580022EEF797BA0021012208B5EEF792FA36
S214039068401A18BF012008BD38B51546FFF7F0FFAC
S2140390780446284603F028FE84B1FF2804D0626815
S21403908822FA00F3DB0701D5012038BD012383400C
S21403909813436360E3780133E370F5E72046F4E7A8
S2140390A8EEF7CABC10B503F07DF900F110042046AC
S2140390B803F029FD20F4007189B22046BDE810406C
S2140390C803F023BD2DE9FF411546019101218DF8D3
S2140390D80D301B0A8DF80E309DF82C308DF80C00D9
S2140390E88DF80F3028460423009103AA9DF828809C
S2140390F89DF830709DF8346001F016FB044670B195
S2140391082946FFF762FBB8F1000F02D12046FFF7A6
S214039118C9FF2FB146B93146204601F0D0F80024DE
S214039128204604B0BDE8F081002220461146EEF73B
S21403913809FCF4E74FF47A70EEF75EBD08B5ECF772
S21403914805FEBDE808400020EEF75CBE00B58BB010
S2140391586846EEF72DFD009BBDF8060004A90693A6
S214039168EEF7CCFC0BB05DF804FB1FB50446684667
S214039178EEF71EFD02AB03CB2060616004B010BDA2
S2140391881FB5062304468DF80C30EEF795FF00232B
S2140391988DF80D00CDE9003301210223204603AAEA
S2140391A801F0C2FA04B010BD38B5002208210546FE
S2140391B8FFF7E0FC044698B9FFF74EFD22464FF644
S2140391C8FF71EFF7D1F92846297CEEF74BFE287C8A
S2140391D86A69E989F0F746FDEEF7BCFD204638BD17
S2140391E80120FCE770B50C4605460120EFF748FD5D
S2140391F8237B4BB1FFF730FD014623462A46BDE8DD
S21403920870400120EFF7CEB94FF6FE71F5E7F8B5D3
S2140392180E460746FFF78FFB054603F074FC00F47B
S2140392284040B0F5404F14BF0022062202F10A035D
S214039238EB5C0B325C0004F00E045B08144403F08A
S214039248380338461C44FFF77BFB844208D2001BCE
S214039258C2B20F2A28BF0F2230462919E4F776FE32
S2140392682046F8BDECF772BD40F62740F0F778BA0B
S214039278FF224FF6FF71F0F7A7BB07B500210DF1E4
S2140392880700F0F7D9FC9DF8070003B05DF804FB68
S21403929813B5044601A90020F0F7CEFC019A01464F
S2140392A82046F0F7DFFC204602B010BDF0B50F46A7
S2140392B8002187B0044608461646F0F7BDFC01238E
S2140392C805460DF10A008DF808408DF80930FFF7BA
S2140392D84CFF092C1DD131460DF1120003F015FC85
S2140392E805AB002102AA9B1A2846CDE90011DBB27A
S2140392F8642101F019FA0546E0B1092C15D1F0F7F7
S214039308FBFC044688B12846F0F70AFD204607B05A
S214039318F0BD31460DF113008DF812704FF6FF7548
S21403932803F0F3FB0DF11503DBE7284600F014F80A
S2140393380446EBE70446E9E738B504460D4603F06A
S214039348DDFC40B1AC4206D0204603F0CEFCBDE8B7
S214039358384000F0ACBF38BD10B50446FFF7EBFA4B
S214039368023003F0D0FB4FF6F7739842204603D932
S214039378BDE81040F0F74EBEF0F78EFEB0FA80F068
S214039388400910BD012070470022F0F77BBD70B579
S21403939804460088FFF7CFFA0546043003F0B3FB0C
S2140393A80646A81C03F0AFFB054603F0C2FA304690
S2140393B8F2F758F830B92846F2F754F810B12846A9
S2140393C803F09CFCA378002023F00F03A37070BD62
S2140393D870B50546FFF7AFFA0646284601F0C8F902
S2140393E801462846F7F726FF04462846FFF7D7F927
S2140393F84FF6F773984208D8337803F00303012B24
S21403940805D1A31E5842584170BD0120FCE7002031
S214039418FAE741F2033330B585B00D46ADF80830A8
S2140394280446FFF719FC8DF80A00FFF715FC002120
S214039438000A8DF80B0005232046CDE9001102AA81
S2140394488DF80C5001F070F910B12146FFF79CFF18
S21403945805B030BD2DE9F041044617460D46E1B187
S2140394683F294FF0000600D135462046FFF773F92B
S214039478082814D10121204602F0CCFF064602F044
S214039488ADFF0446304602F08DFF3B4601462A46AA
S214039498E0B2BDE8F041FDF7FBBA0126E5E7204652
S2140394A8FFF759F9024630B9BDE8F0414FF6FF71A8
S2140394B8012003F0F1BA2046FFF75EF9B0F5006F16
S2140394C80ED12046FFF76BF94FF6FF739842014615
S2140394D817D0002D0CBF03200520002203F0DCFA6A
S2140394E829462046EEF7E6FA68B929462046F1F7F4
S2140394F857FF40B9324629462046BDE8F041F0F703
S2140395080FBF0120E9E7BDE8F0817047704737B51C
S2140395184FF6F675FDF71BFA431E9BB2AB4204469D
S214039528F8D8EDF7FBFC0028F4D169462046EDF79A
S21403953817F80028EED0204600F09AFE0028E9D156
S2140395482046FFF788FD0028E4D12046F1F78AFF76
S2140395580028DFD1204603F0D1FB0028DAD12046C5
S214039568FDF700FA0028D5D1204603B030BD73B501
S21403957804460E46F1F776FF054688B92046F1F706
S214039588CBFF21462B460D224FF6FD70009500F0C3
S214039598A1F83146204602B0BDE87040F1F77EBF19
S2140395A802B070BDF7B504460D461746FFF754FBE1
S2140395B80646002D3FD04FF6FB739C423BD8204609
S2140395C8F1F750FF08B1A64235D02046F1F74AFF17
S2140395D810B1012003B0F0BD2046FDF7C3F9C0B1B2
S2140395E8A642F6D0F4B169462046ECF7B9FF024620
S2140395F8C0B908216846FFF7BDFA98B90822694634
S2140396082846E4F75FFE68B129462046FFF7AFFF12
S214039618DFE7A642E6D12846EDF710F810B900F0C2
S2140396283DFED6E73FB121462846EDF71DFE214607
S2140396382846F5F759FE0020CCE737B50546144605
S2140396480C2914D8DFE801F02C132C131313071373
S2140396581313132424006946ECF782FF18B9012173
S2140396686846F5F73FFF41202946F8F75FFAD4B175
S2140396782046FFF760F9023003F045FA4FF6F77312
S214039688984210D9204603B0BDE83040F0F778BDBD
S21403969840F6144040F613430B2908BF1846E3E781
S2140396A800F0EDFDE3E703B030BD1FB503460846FB
S2140396B803218DF80D308DF80C1001230021ADF829
S2140396C80E20CDE9003103AA042301F02DF805B0D6
S2140396D85DF804FB2DE9F34106460F4614461D467E
S2140396E89DF82080FFF7B8FAB04207D1002221463A
S2140396F8384602B0BDE8F041FFF79FBF3A46314609
S2140397082046FFF7D2FFADF8060060B10D2C05D151
S21403971800224FF6FF71282003F0BEF935B9BDF8CD
S2140397280600FFF719FE02B0BDE8F08101234246A2
S21403973829460DF10600ECF75DFABDF80630002B56
S214039748EDD1F0E7F7B50C460546FFF7F4F8611CCC
S21403975806462846F7F76EFDA11C0746284600F07E
S2140397682AFF014604463846FDF72AF90D2F34D159
S2140397782046F1F777FE78B1301D03F0C4F90446A6
S2140397882846F679FFF73AF831460246204603B0EC
S214039798BDE8F040FFF768BCB01C03F0B4F94FF619
S2140397A8F773984202D92846F0F7EAFC2046F1F701
S2140397B8B3FEFFF751FAA04205D1002003B0BDE877
S2140397C8F040FFF7A2BE6B46B068F16803C369466C
S2140397D82046F1F763FE03B0F0BD2A463946204615
S2140397E803B0BDE8F040FFF728BF14220021E4F7D2
S2140397F81DBA2DE9F04F11F00F0704460E4615461D
S2140398088FB05CD10120E1F763FD09A8FDF7D6F90F
S214039818092309A88DF82430FDF7D4F909A8E1F738
S21403982829FD01A909A8FDF75EFB26F00F08A84441
S21403983804F1100904F10F0A454511D1236901A95A
S2140398483344236109A8FDF733FB0020E1F740FD05
S214039858B6F1005F28BF272738460FB0BDE8F08F5C
S21403986805AA234696469446186859680833ACE80A
S21403987803004B456246F6D12B46224605F1100BEC
S21403988853F8041B5B4542F8041BF9D1714609A833
S214039898FDF70EFB09A8E1F7EDFC22462146012059
S2140398A8E1F7D2FC013D631E13F8012F15F8011FDB
S2140398B8534582EA01021A70F6D15D46BCE70227D1
S2140398C8CAE7F0B5174685B005460C4610220021B0
S2140398D86846E4F7ABF9BFB3C4B30F2C04F00F061E
S2140398E808D924F00F043A4621462846FFF781FF95
S2140398F840BB2744324639466846E4F727FB8022AE
S2140399082F6906F1100337446B44B7F5005F03F875
S214039918102C2F61C6F110061AD3062E1FDDFB0086
S2140399281A0E8DF80A201A0C5BBA8DF80B20ADF8C0
S2140399380C306A4610212846FFF75BFF00202B6988
S214039948103B2B6105B0F0BD3E46D8E72646D6E762
S214039958022E04DDFB005BBAADF80E30E9E76A4673
S21403996810212846FFF745FF2B691022A3F11004A0
S214039978002168462C61E4F759F9B7F5005F4FEA0A
S214039988C403CDD2E7E770B50E46054686B001A8F0
S2140399981446FFF72AFF3246294601A8FFF791FF28
S2140399A82246054601AB05AE1C4603CCB4421060FE
S2140399B85160234602F10802F6D1284606B070BD68
S2140399C8F1F702BE0A460021F1F7FEBDF0B58BB0EB
S2140399D80C4601A9F1F7F8FD054680B325220021B8
S2140399E8E01CE4F723F90123A3700E23BDF81070D7
S2140399F82380FA0510D523464FF4877206AE23F85C
S214039A08042B0DF1280C324603CA624518605960C8
S214039A18164603F10803F6D13B0605D5238843F01B
S214039A2880032380069B636001AB03CB039BC4F8C8
S214039A381D00C4F82110A361F2F7AAFF6061284647
S214039A480BB0F0BD30B505460C4687B001A8FDF748
S214039A58B5F82868696802AB03C39DF8113043F06C
S214039A6802028DF8112074B12288510644BF43F0D0
S214039A7806038DF81130530542BF9DF8113043F0A5
S214039A8808038DF8113001A8FDF793F9B0FA80F0B2
S214039A98400907B030BD2DE9F3410F460546164683
S214039AA802F09CFC4FF00008C41BE4B22946234688
S214039AB83A463046CDF8008003F022F901212846BD
S214039AC802F0A8FC88B10121284602F0A3FC074649
S214039AD802F084FC0546C3B2424630193946CDF82F
S214039AE8008003F00DF92544ECB2204602B0BDE829
S214039AF8F0812DE9F04F85B00C46054691461F4682
S214039B084FF0010ADDF838809DF83CB002F066FC99
S214039B1822463B4629460646CDF800A0484603F0AB
S214039B28EFF85146284602F075FC3C4418B35146F4
S214039B38284602F06FFCF6B2B442814610DAE7B262
S214039B48F31BDBB2404622462946CDF800A0039312
S214039B585F4403F0D5F8039BBF1B984407F0FF0B3D
S214039B68012300220E9349465B46404605B0BDE8EE
S214039B78F04F03F0C5B85B4622462946CDF838A011
S214039B88F3E72DE9F041002686B0074608460C465B
S214039B9815469846CDE9026604968DF8146002F0D9
S214039BA81DFC411BCBB20D2B28BF0D232A4621468D
S214039BB8009602A803F0A4F8424602A93846F1F72D
S214039BC859FE0646294620469DF80820F7F746FB21
S214039BD8304606B0BDE8F0812DE9F04F0E46CBB00F
S214039BE80121054617461C4602F014FC23463A464E
S214039BF82946814606A8FFF7C4FF0DF1280A00EB9D
S214039C08070B5246314628465FFA8BFBFFF743FF9E
S214039C18B34503D200204BB0BDE8F08FABEB060884
S214039C285FFA88F808F104039842F3DB331F1844F5
S214039C380423C4B20193A31BDBB2009352464346E4
S214039C480021CDF808A006A8E1F7B2FA0028E1D16A
S214039C58A4EB0B040AEB0803E4B252462846314643
S214039C68009301944346FFF744FF39462846F7F71F
S214039C78E1FA394600F0F8022846F7F7EFFA012129
S214039C88284602F0C7FB002818BF4D462846ADF8FD
S214039C98165002F0A3FB011FC9B20DF1160000F01F
S214039CA84FFC0120B7E72DE9D841064600F060FDD2
S214039CB8411C044689B2304600F02DFD98B394B390
S214039CC821463046F7F7B6FA00F00C03042B07468E
S214039CD829D000F00308B8F1020F00D11BBB3846A1
S214039CE800F0B0FD3B060444A4B216D5611C30460A
S214039CF889B200F010FDB0B121463046F7F79AFA5C
S214039D08B8F1010F014600F003030CD0032B0AD069
S214039D18384600F0A6FD03199CB221463046BDE836
S214039D28D84100F0F8BC0020BDE8D881F8B506464F
S214039D3800F0E0FC054604463046FEF7FCFD437893
S214039D485B0718D5AC1CA4B22146304600F0E3FCEA
S214039D58B8B129463046F7F76DFA0746691C304608
S214039D6889B2F7F767FA1FB1874201D8FF2808D1E7
S214039D7804EB4704A4B221463046BDE8F84000F099
S214039D88CABC0020F8BD13B5044601A8F1F7CAFFFC
S214039D98BDF80430DA0710D49B0707D41022002135
S214039DA8204602B0BDE81040E3F740BF22462146EE
S214039DB81020FFF7E8FD0028F0D102B010BD0246D8
S214039DC808B5F1F7D7FF510544BF0838C0B21305E5
S214039DD844BF0838C0B208BDF0B5D30705460C46DD
S214039DE88BB04AD5008800F0C3FC002306460293CE
S214039DF814B9CDE9034403AC002208212046FEF734
S214039E08B9FEA8B12888FEF796FD023002F07BFE5D
S214039E1821460746ECF7A4FB50B10022402311461F
S214039E28384600F005FA40F6094528460BB0F0BD5B
S214039E3831462888F7F7FEF910F0030F0CBF012602
S214039E480026F1F705FC46EA4000C0B20090002160
S214039E58204602AB05AAF3F7D7F90546F1F7F8FB50
S214039E680028E2D0002DE0D000212046009602AB61
S214039E7805AAF3F7C9F90546D7E740F60A45D4E72E
S214039E8800231A46F3F72CB930B58BB005AD044654
S214039E982846FCF793FE0223284601A98DF81430BA
S214039EA8FDF721F8234601AA144603CCAC421860F2
S214039EB85960224603F10803F6D10BB030BD08B546
S214039EC80023024619461846F3F70AF9012008BD87
S214039ED837B504466846F3F77BF9054648B10822C2
S214039EE821466846E4F7EEF9B0FA80F0400903B075
S214039EF830BDFF2208212046FEF73CFE034628B164
S214039F0806212846FFF7BCFF0120F0E72246014654
S214039F18F3F7E6F8F8E707B56846F3F759F910B123
S214039F286846FDF74FF900F0010003B05DF804FB3F
S214039F380120F3F723BE704730B50124054689B0E0
S214039F4803A8FCF73BFE01A88DF80C40E1F7F0F9EF
S214039F589DF806209DF80730AA4209D0AB4209D1DE
S214039F6803A88DF80D40E1F785F9012009B030BD47
S214039F780024F5E70020F9E700221021FEF7FABDD2
S214039F8870477FB50D4600F582300D22694600F509
S214039F988070D5F767F96B462A4602AE1C4603CC93
S214039FA8B44210605160234602F10802F6D12068D5
S214039FB810602379137100236B7304B070BDF0B57A
S214039FC885B06A4605460B46164601F10807144649
S214039FD818685968083303C4BB422246F7D1186881
S214039FE80D2220601B7905F582303146237100F572
S214039FF88070D5F763F905B0F0BD38B504460D464D
S21403A008E0F788FCA04205D920462946FFF7B9FFA2
S21403A018002038BD2820FCE730B5002485B08DF82D
S21403A0280040E0F777FCE5B2A84204D8F5F7BEF897
S21403A038002005B030BD69462846FFF7C0FF013447
S21403A048EFE738B50446002002F04DFEFF28054624
S21403A0580FD002F050FE10F0010009D0284602F097
S21403A0684AFE400840EAC17080F0010000F0010093
S21403A07838BD04F00100FBE70146F8B506460020A4
S21403A088F4F7CEFFFF2801D00120F8BDE0F732FC35
S21403A09800240546871CE0F731FCE3B2984201D852
S21403A0A80020F2E735F82430B34203D117F82430FA
S21403A0B8002BE9D10134EEE738B50D4601210446F5
S21403A0C802F0A8F930B10121204602F0A3F928804E
S21403A0D8012038BD20462C8000F020FC0130C0B299
S21403A0E8F7E72DE9F04788B00746894610460DF18D
S21403A0F80A011D469046FFF7DFFF4FF0000ABDF83A
S21403A1080A6004463046CDE905AACDF81BA002F03E
S21403A11865F9031BDBB20B2B28BF0B2322463146FC
S21403A128CDF800A005A802F0EBFD48F21F039D42F8
S21403A13843D00BD885F40043012B15D92346424652
S21403A148494628460097FDF78AF833E048F23A036B
S21403A1589D42F3D1FEF780FDB8422BD022464146F6
S21403A16805A8FDF7ADF825E09DF8143013BBBDF838
S21403A1781D40DDF81500DDF8191003AB03C32046B0
S21403A18803A9E0F7BBFD0122204603A9FFF70AFA55
S21403A198A74206460ED0012103A8F5F7A3F948F20D
S21403A1A801039D4206D12EB9334632463946204628
S21403A1B800F058FC08B0BDE8F0879DF81450002D51
S21403A1C8F8D12F469DF815800234EAB24245F1D2FB
S21403A1D8D200D2B222440823314692B2009703A88B
S21403A1E8CDE9037702F08CFD03A800F074F802F0BB
S21403A1F87CFD00F05CF80135E7E710B500244180E4
S21403A20884800480C280038110BD13B5BDF8104056
S21403A218CDE900340023F5F733FC02B010BD13B5BF
S21403A228BDF8104001900094F5F72AFC02B010BD63
S21403A23807B500930123FFF7F2FF03B05DF804FBAD
S21403A2480123F5F7C3BC38B50546EFF755FD0446B5
S21403A258E0F76CFBA40144EA4020284038BD704769
S21403A268704700207047FF207047002070477047EC
S21403A278002070474FF6FF707047002070477047FE
S21403A28800207047704700207047704700207047CB
S21403A2980020704770477047002070477047704724
S21403A2A8002070474FF6FF707047172070477047B7
S21403A2B87047704770477047704701207047012002
S21403A2C870470020704700207047704770477047F4
S21403A2D84FF6FF7070474FF6FF70704700207047C1
S21403A2E800207047002070477047002070472DE90C
S21403A2F8F04F002785B081460C467E20394698469F
S21403A308BDF83CB09DF844A0BDF84C500192ADF89A
S21403A3180E7002F0BBF80646002800F0AA8002F08A
S21403A32841F839467E22E3F781FC304602F03AF8D4
S21403A3380090304602F036F8B9F1FF0F0CBF2746F7
S21403A34844F003073B0A14F44062077043705FD176
S21403A3584FF00808C31C184642460199E3F7B8FCB1
S21403A368034604F44044434484B1790606D41946A4
S21403A3784FEA1B2201F802BB5A700B46B4F5004F8E
S21403A38856D0A4F5404254425441E40022461846A7
S21403A3980E99E3F79DFC009A03462044A0EB0208B7
S21403A3A85FFA88F89DB14FF47C521A53841C2846EA
S21403A3B801F0F8FF8346284602F010F8C5B22A468D
S21403A3C859462046E3F7C2FD60190235EDB2B9F1E6
S21403A3D8FF0F2FD05246109900F8019BE3F7B6FDFE
S21403A3E808F101015AFA81F129443046EBF798FB44
S21403A3F80C210022FF0007F0800710463943FEF7BA
S21403A40878FAADF80E00E8B9002005B0BDE8F08F7D
S21403A418B2F5006F80F803804FEA182880F80480A6
S21403A42800F1050314BF4FF008084FF0020892E73F
S21403A4380224ABE708EB0A0129443046EBF770FB26
S21403A4480821D6E7304601F0ADFF0446304601F052
S21403A458C5FF0123024621460DF10E00EBF7CAFBA2
S21403A4680028D1D10121BDF84820BDF80E0001F01F
S21403A478E5FFBDF80E00C8E710B50C46098821B9F4
S21403A4880846F6F7A3FA208008B1012010BD02207B
S21403A498FCE72DE9F04780460F460646002402F1FE
S21403A4A8FF39BC4202D219F8015F25B9A6EB0800AA
S21403A4B880B2BDE8F0879A46A5F13102012A5AF818
S21403A4C8041B10D83246322D02F8011B06D101347C
S21403A4D8A4B2A74232D30912B21C71700134534690
S21403A4E81646A4B2DDE7342D0CD10334BC42DDDABC
S21403A4F80B0A317073700B0C090EB370321DF170B2
S21403A508A4B2EBE7A5F13302062A0DD8303DADB267
S21403A5182B19BB42CADA2A463046013CE3F7D8FB76
S21403A52815FA84F47219EBE7A5F14102062A01D855
S21403A538373DECE79D8803F1080AE9E71646B5E7D1
S21403A54870B5054600880C4601F048FFA0422888E7
S21403A5580AD201F043FF0023221A19462846BDE80B
S21403A568704092B2EBF746BB2146EBF7D9FA0020C8
S21403A57870BD38B5054601F015FF0446284601F0B8
S21403A5882DFF002201462046BDE83840FEF7EEB907
S21403A598F8B516460C461D46BDF8187001F002FFBE
S21403A5A80444304601F0FEFE3A4641192046BDE80B
S21403A5B8F840E3F78DBB70B50C46013189B2064601
S21403A5C8F6F738FE214605463046F6F733FE00EB27
S21403A5D8052080B270BD1FB50123ADF80C2000938B
S21403A5E80A460223014603A802F08AFB05B05DF873
S21403A5F804FB0FB437B5069D0021A8B201F046FF49
S21403A608044601F0CFFE2CB1002207AB0193D1B26A
S21403A6188D4205D8204603B0BDE8304004B07047E5
S21403A62853F8041B81540132F1E773B504460D460B
S21403A63840200021164601F029FFADF8060001F078
S21403A648B1FEBDF8063013B9002002B070BD402134
S21403A65833462A462044FFF71CFF211889B20DF11A
S21403A6680600FFF76DFF0028EED1BDF80600ECE7FD
S21403A6780EB403B503AA52F8041B0192FFF7D5FFDD
S21403A68802B05DF804EB03B070472DE9F7430F46B5
S21403A69801218146164601F0BDFE054658B1FFF76F
S21403A6A868FF308088B9284601F098FE68B11920FB
S21403A6B803B0BDE8F083484601F090FEFF2FA0EBF9
S21403A6C80704E4B214D014B934800020F0E72A460D
S21403A6D821462846FEF74AF980460028E7D03B4637
S21403A6E84A4629460094FFF753FFA6F80080ECE78E
S21403A6F80120DDE708B5FEF71EF9437803F00100ED
S21403A7081A074CBF10300830DB0644BF0830C0B207
S21403A7181030C0B208BD10B50C4601F05FFEA0426B
S21403A72834BF0020012010BD7FB5144600910246B1
S21403A73841F2092141F609209DF820601D46002EA6
S21403A74818BF0146099B0020F6F79CFDADF80E00DE
S21403A75810B9002004B070BD01232A4621460DF126
S21403A7680E00EBF747FA0028F3D1BDF80E00F1E721
S21403A77838B50546FFF7BEFF0446284601F02EFE09
S21403A788631C9BB283420FD82846FEF7D4F8437857
S21403A7985B0707D521462846F6F74CFD013004EB40
S21403A7A84004E4B2204638BD0024FBE71FB5ADF8E5
S21403A7B80E0001F013FE0446BDF80E00FFF7D8FF9F
S21403A7C800F10E03DBB2BDF80E200146E01A80B294
S21403A7D800901046FFF7DCFEA4F10E0189B20DF1D6
S21403A7E80E00FFF7ADFE04B010BD4278034612F024
S21403A7F8080006D0D20702D403F10800704703F115
S21403A8080900704737B505460C46FEF794F84378B3
S21403A81813F0100212D09CB103F001021B074FF08D
S21403A82800032946009320464FF0080354BF183206
S21403A838203202F065FA012003B030BD1046FBE76C
S21403A8482046F9E700F00303012B08D0C30606D415
S21403A85800F00C000C2814BF0820092070470220BB
S21403A8687047034611F0030005D003F00303022BD9
S21403A87814BF022003207047F8B50C46064601F0BD
S21403A888ADFD631C834202D900252846F8BD214640
S21403A8983046F6F7CFFC0746FFF7D4FF3B060546D8
S21403A8A8F3D50444304601F099FDA4B2631C9BB269
S21403A8B88342E9D821463046F6F7BCFC01463846BB
S21403A8C8FFF7CFFF2844C5B2DFE770B506460D4647
S21403A8D8FFF7D2FF044610B90024204670BD294668
S21403A8E83046F6F7A7FC8206F7D5304601F076FD24
S21403A8F82544ADB26B1C9BB28342EDD8294630463D
S21403A908F6F798FC00F01803082B14BF0534063432
S21403A918E4B2830644BF0834E4B2DEE738B5054636
S21403A928FFF726FF044608B9002038BD0146284627
S21403A938FFF7CBFF0028F7D02044C0B2F5E72DE990
S21403A948F04387B005460C46FDF7F5FF804602F050
S21403A958DAF807462846FFF70BFF06460146284659
S21403A968FFF78AFF0022034600922946324602A8CA
S21403A97802F0C6F99DF8086006F00C030C2B06F0E7
S21403A98803090BD0B9F1010F59D0F10657D49DF836
S21403A99809300DF10A050020637107E0FF230DF166
S21403A9A80900637102F0AFF80DF10B05208198F8E2
S21403A9B80130DA0704D508F1020002F0A4F8208172
S21403A9C8B9F1010F5FFA89F83DD0F3063BD4284660
S21403A9D802F099F86080A81C02F095F8053515F87A
S21403A9E8013C208023712B78B006A37206F040033F
S21403A9F848BF43F02003390627D543F40073F80409
S21403AA0848BF43F48063390548BF43F400633206FE
S21403AA18E38011D56A7812F003020DD06FEA434338
S21403AA286FEA5343A978B8F1020FE3800B4611D1B6
S21403AA38EB7841EA0321218107B0BDE8F083FF23C1
S21403AA480DF10905A7E7FF23CCE77A0648BF43F4C9
S21403AA588073D4E7012A04BF0B029BB22381EBE77A
S21403AA68F7F7C2B80BB1F7F72BB90AB9F7F7A4B9D2
S21403AA78FF21F7F7CDB8431C08BF0020E4F7ACB9AD
S21403AA88034B5868C0F30800003818BF0120704706
S21403AA9800ED00E0014B1868704700BF58660020B9
S21403AAA8084B1B6F03F00703022B04D0032B05D0B8
S21403AAB8012B05D0FEE7044B18687047034BFBE7EA
S21403AAC803487047008000505866002060660020E0
S21403AAD8002D310108B5FFF7E3FF054B1B6FC3F3E2
S21403AAE803330133B0FBF3F0024B186008BD00BF15
S21403AAF800800050546600200048704700B4C40421
S21403AB0800487047002D3101014B1868704700BF95
S21403AB1860660020014B1868704700BF5C6600201B
S21403AB28B8B1036813F4E07F03F03F00C3F382125F
S21403AB380AD0012A0DD1084B41B103F580530122EF
S21403AB4882401A6000207047044BF5E703F500536C
S21403AB58F5E70E20704700BF6880005064800050F9
S21403AB6807B500F095FC6A4600F0F2FC18B14721D9
S21403AB78034801F0EAFEDDE9000103B05DF804FBD3
S21403AB8861D603000229F8B596BF104B00245C5C17
S21403AB98012805460E4608D0022809D008B944F00D
S21403ABA802040B4B1F6837B9F8BD44F00804F8E7EE
S21403ABB844F02004F5E77B681A68144203D031464C
S21403ABC828465B6898473F68EDE700BF8670040031
S21403ABD8303E002038B5104D2B78ABB10F4C237898
S21403ABE81BB100F04FFA00232370002001F0C0FECB
S21403ABF80B4C50B100F098FA0023012120782B70F3
S21403AC08FFF7C0FF0123237038BD0122054B1A70D6
S21403AC182278054B1A70F7E7355C0020335C002072
S21403AC283B5C0020365C0020375C00200E490B781E
S21403AC38FF2B01D198B170470BB990B9704700281C
S21403AC4814BF0122FF2213440B7060B1074B1B7815
S21403AC58012B08D9064B1B782BB9FFF7BBBF1A463F
S21403AC68F1E70122EFE770473A5C00203B5C0020DF
S21403AC78365C002010B501F0D4FD064B04461B785D
S21403AC881BB1BDE8104001F0C7BDFFF7A3FF204680
S21403AC98F7E700BF325C002002282DE9F04147D0D1
S21403ACA829480378FF2B41D1002941D11A4613447A
S21403ACB8DBB2037000293BD0244E3278012A37D9F9
S21403ACC8002B3ED001F0ADFD214F04463B780BB375
S21403ACD8204D2B781BB901222A701F4A1370DFF800
S21403ACE87C8098F8003023B100F0CCF9002388F86C
S21403ACF80030204601F090FD012001F039FE01F0F6
S21403AD0890FD2B7804461BB100F00EFA00232B7037
S21403AD1800233B70204601F07FFD01243078A042D3
S21403AD2806D02146FFF72EFF347001E013B931B978
S21403AD38BDE8F081002914BF0122FF22B7E70122EC
S21403AD48B5E70224EAE700BF3A5C00203B5C002034
S21403AD58355C0020325C0020365C0020335C002023
S21403AD682DE9FF47EFF3108572B6AFF3008001F0C5
S21403AD78D4FE002800F0A4806B4E6C4F337823B1C2
S21403AD880020FFF753FF00233370387878B903A9F8
S21403AD9800F04EFB044650B9654B039A1B689A426B
S21403ADA800F296800120FFF741FF012333703B78BA
S21403ADB8002B40F0AB805F4B1B78002B00F0A38082
S21403ADC84FF002085C4CDFF890912078DFF88CA1EE
S21403ADD840450AD0002389F800309AF8003013B9A2
S21403ADE84146FFF7CFFE84F8008099F800303BB160
S21403ADF82378022B04D1002389F8003001F0D7FE0C
S21403AE08B8F1020F0FD1DFF82C8198F8003053B948
S21403AE184A4B1B7823B900F02FF90122484B1A70C6
S21403AE28012388F80030207800F0FEF89AF80030FE
S21403AE3813B1444B1B782370AFF30080284601F008
S21403AE4892FDEFF3108572B63F4B1A7852B1002283
S21403AE581A703C4B20781B78984203D10121217045
S21403AE68FFF790FE394800F0A3FA01F06AFE804621
S21403AE78002883D12F4F89F800003B789BB1DFF871
S21403AE88C0908AF8000099F800301BB100F0FAF871
S21403AE9889F80080002001F06BFD002839D000F007
S21403AEA843F900233B70337823B10020FFF7BEFE37
S21403AEB80023337000212078FFF764FE00232370F5
S21403AEC8AFF30080284604B0BDE8F04701F04BBD59
S21403AED81F4BD3F8008000F061F9039B8044984524
S21403AEE8BFF460AF00F054F98200039942F00202FF
S21403AEF892B2CDE900422346164AA1EB080113484D
S21403AF0801F038FD53E700F0A1F859E74FF00108C0
S21403AF1858E7012000F088F8284601F024FDEFF3EF
S21403AF28108572B6B6E700BF345C00203A5C002092
S21403AF38383E0020355C00203B5C0020395C00204E
S21403AF48335C0020375C0020305C00203C3E002049
S21403AF58343E00207DAC0300385C0020365C0020BD
S21403AF6810B501F05EFC0022054B1C781A7001F040
S21403AF7853FC00F021FBE4B22043C0B210BD00BF6F
S21403AF88315C002038B501F04CFC094B05461B78AC
S21403AF98012B04D801F040FC0024204638BD054B9D
S21403AFA81C6800F0FBF80444284601F035FCF4E777
S21403AFB83B5C0020343E00201649174A0B6F10B539
S21403AFC803F007031360154A154C9269032B02F026
S21403AFD80200C2F3400222701AD0D1F8203103F0DF
S21403AFE80303022B14D0D1F8243103F007039C1E65
S21403AFF8634263410B4A137048B143B9054BD3F810
S21403B008003103F00303591E4B424B41137010BD26
S21403B0180123EFE700800050983E002000C001504F
S21403B028405C0020415C0020012805D00238012836
S21403B03808D80020D1F7B8BC034A136923F00403E1
S21403B048136130BF704700BF00ED00E0074A0849A8
S21403B058D2F8203103F003030B60D2F82431054AF3
S21403B06803F007031360F8F79FBA00BF0080005089
S21403B078A43E0020A03E00200122014B1A70704710
S21403B0883F5C0020F8B51F4B1B78002B39D01E4CAD
S21403B0982378B3B91D4B9A6DD10302D5DA6D92079F
S21403B0A82FD49B6DDB072CD401F0A7FC184B194A49
S21403B0B81860136F23F0070343F003031367FFF7C0
S21403B0C809FD01F09AFC124B134D1B68134EC01A68
S21403B0D82B78134F56F8232046F82300111A3A689C
S21403B0E81048521A0A213A600932B2FBF1F20133C8
S21403B0F8DBB20260B3FBF1F201FB12332B700023C1
S21403B1082370F8BD415C00203E5C002000C0005060
S21403B118903E0020008000503D5C0020683E0020E2
S21403B128643E0020603E002008B5F8F740FA124B4C
S21403B13812491A6F096822F007020A431A67104968
S21403B148D3F82021096822F003020A43C3F8202112
S21403B1580C49D3F82421096822F007020A43C3F8E6
S21403B1682421094B1B7813B10122084B9A62BDE8C8
S21403B1780840FFF7AFBC00BF00800050983E002091
S21403B188A43E0020A03E0020415C002000E00050C2
S21403B198014B1878704700BF415C0020054B1878B0
S21403B1A818B1054B186800EBD000044B1B6818440D
S21403B1B8704700BF415C0020603E0020943E00209C
S21403B1C808B5104B1A78C2B100221A700E4B1A6FC4
S21403B1D822F0070242F001021A67D3F8202142F050
S21403B1E80302C3F82021D3F8242122F0070242F0F1
S21403B1F80302C3F82421FFF76DFC0122034B5A67A9
S21403B20808BD00BF3F5C00200080005000E00050EF
S21403B2180D490B68A0B10022A3B1834203D183680A
S21403B22822B90B6003E01A469B68F5E793608368C8
S21403B2380BB9002070475A6941690A445A61F8E70E
S21403B2482220704702207047B03E002010B501F058
S21403B258F0FB0A4C0A4B19682368C31A09B920601D
S21403B26810BD002BFBD04A699A423ABF9B1A0022AC
S21403B278D21A4A6128BF00238968EFE7AC3E00204C
S21403B288B03E002038B5154D2B682BB35B69B3B1B8
S21403B298134A022014681C4400F088FA204600F07B
S21403B2A847FA00220F492B680A70012A05D823B1EA
S21403B2B8D88880070AD501230B70002038BD0220E2
S21403B2C800F074FA022000F093FAEAE79B68002B72
S21403B2D8F3D058690244E8E72220EFE7B03E00209F
S21403B2E8AC3E0020435C0020C38870B504460D4678
S21403B2F83BB9FFF747FE8542064602D2F9F70CF933
S21403B30835460E4A656113689BB91460A3600FE05F
S21403B3182D1A986819466561034618B15869A842F4
S21403B328F6D941B18C60A36013B15A69521B5A61AE
S21403B33870BD0021F2E71460F5E700BFB03E0020B9
S21403B34870B516469DF81420C0E903360271049AB0
S21403B358BDF818300260002204460D468260C3809A
S21403B36806BB01F066FB2844A0613DB9E368656146
S21403B37813B120462168984796B1354601F051FA2D
S21403B3880646FFF763FF29462046FFF7ADFF074B40
S21403B3981B68A34201D1FFF775FF304601F03CFA5C
S21403B3A8002070BD01F045FB3044DDE7B03E0020C9
S21403B3B8F8B50546D0B101F034FA0646FFF746FF5E
S21403B3C80B4B28461F68FFF723FF044620B1304679
S21403B3D801F022FA2046F8BDAF42F8D1FFF752FF34
S21403B3E82228F4D1022000F0EDF9F0E72224F1E751
S21403B3F8B03E002038B50C460546A8B1A1B10023D7
S21403B4080B7001F01BFA0121084B1B6833B901F0D6
S21403B41810FA002038BD9D4204D121702278002AF4
S21403B428F9D0F4E79B68F1E72220F3E7B03E002063
S21403B438F8B506460F4601F001FA00250446124BF6
S21403B4481B6823B9204601F0F4F91B2011E05A695A
S21403B4581544DA88B2420DD101F0EBFA0B4E336885
S21403B468C01AA8420AD3002320463B6001F0E1F93C
S21403B4780020F8BDFF2EEFD09B68E2E701F0D9FA6B
S21403B48833682B441B1AEFE7B03E0020AC3E00207F
S21403B49870B501F0D3F9064601F0CBFA084B04461B
S21403B4A801201D6801F0B5FA18B101F0C2FA044686
S21403B4B80135304601F0BDF92046294670BD00BF68
S21403B4C8B83E0020014B1868704700BFB43E002002
S21403B4D8F8B50C4B05461B680E4683420FD300246B
S21403B4E840F2E7302146084B4FF47A721F68002370
S21403B4F8E5FB0701E2F72EF830602046F8BD212069
S21403B508FCE700BFA83E0020B43E00200F4B10B552
S21403B5181A689AB14FF47A71531E1342A0FB0101BD
S21403B5280ED1B2FA82F2C2F11F04531CD243E04092
S21403B53801FA03F3184321FA02F20243104610BD38
S21403B5480023E2F707F80246F8E700BFB43E0020F8
S21403B55838B5164B14468342154B8B4123D3154BEC
S21403B5681A6802B34FF47A75A0FB050305FB01318D
S21403B578531E134211D1B2FA82F3C3F11F055A1CA4
S21403B588DB4301FA02F2E84021FA03F310431843B7
S21403B598E940C4E90001002038BD0023E1F7DAFFDB
S21403B5A8C4E90001F7E72120F6E700BFEFA7C64B7B
S21403B5B837894100B43E002010B501F03FF9034B2C
S21403B5C81C7801F036F9E4B2204610BD425C002030
S21403B5D808B5084B1B7803F0FF004BB101F00DFAD2
S21403B5E8054B1B689B69C01A02288CBF00200120E4
S21403B5F808BD00BF435C0020B03E0020C2072DE90B
S21403B608F843044607D5474A136801331360FFF720
S21403B6181DFEFFF737FEA30740F1818001F00EF900
S21403B6284FF0000805464646FFF710FE3E4F3C68B7
S21403B6380CB16369A3B100223C4B012E1A7003D1E7
S21403B64818F0020F18BF1E70FFF71CFE222802D13F
S21403B658022000F0B7F82846BDE8F84301F0E9B839
S21403B66823465A693AB91A792179914288BF1C4602
S21403B6789B68002BF5D1284601F0DBF8D4F8108038
S21403B688B8F1000F3FD001F0D4F9A269851AEB1779
S21403B698454573F1000337DB23691344A36101238C
S21403B6A82269CAB1C3B9A38BB8EB050833B1E28BD9
S21403B6B813449BB2B3F57A7F1CD2E38301F0BEF83A
S21403B6C8054641462046FFF70FFEA369226928462A
S21403B6D81344A36101F0ADF8E36813B1204621686B
S21403B6E89847B4F8068001F0A9F801360546FFF72F
S21403B6F8ADFD9CE7A3F57A73E383A36918F1FF38D6
S21403B708013BA361DAE7454601F098F881462046EF
S21403B718FFF77EFD484601F08CF80023C0E7BDE836
S21403B728F88300BFB83E0020B03E0020425C0020ED
S21403B73810B5044601F075F84FF0B042936A19073E
S21403B748FCD4136A116C5269520604D4CA1A032A23
S21403B75801D899420ED1E21A022A98BFDC1CB4F12A
S21403B768FF3F38BF013C4FF0B04340221C6403F54B
S21403B77880539A6101F050F8054A13783BB14FF0AD
S21403B788B041CB6B43F00203CB630023137010BDA9
S21403B798CB6B002007B5044B01A9187901F06AF8AA
S21403B7A8019803B05DF804FBD06E040000F00103B3
S21403B7B88207034A48BF43F040039361704700BFBC
S21403B7C800100058820700F001030AD50121064A33
S21403B7D843F0400311704FF0B041CA6B22F00302E6
S21403B7E8CA63024A93617047CB6B00200020005857
S21403B7F8830742BF4022014B5A6170470010005826
S21403B80873B502AB164603E90600044600F052FF7A
S21403B8180546204600F05EFF9DF800208DB1202CDB
S21403B82833780ED8012B2ED84FF6FF752D4803EB29
S21403B8384313234430F81310A94202D0013120F8E9
S21403B8481310294B294E33F8141036F81400814286
S21403B85832D34FF6FF75A9424FF0010502D00131E6
S21403B86823F8141004F0FD01092927D1998AB68A0A
S21403B8780A44B242B4BF9A829E8233F81430834293
S21403B88827D202B070BD022BDBD14FF6FF704FF6FE
S21403B898FF75144B33F81410814218BF013104F1B5
S21403B8A8210018BF23F8141033F81010A9421CBF40
S21403B8B8013123F81010C4E70025D0E71D2CDCD18E
S21403B8C8598F8E18864203DA01390A445A87D4E711
S21403B8D85887002DD5D1204602B0BDE8704001F048
S21403B8E8C3B800BF4858002020590020CC58002071
S21403B8F838B50D46044600F0A1FF064A13889BB2E6
S21403B9082DB123431380BDE8384000F092BF23EAE5
S21403B9180403F7E7265B00200022034B01214FF4BC
S21403B92880701A70FFF7E4BF5762002008B5054B0E
S21403B9381868FCF74AFD00F00300C31E5842584136
S21403B94808BD00BF4055002038B5044601F02AF963
S21403B9580C4B05461978187981420FD0631E082BBD
S21403B9680CD8DFE803F0050D0B0D0B0D0D0D0D00C0
S21403B97800220146044B1868FCF725FD284638BD07
S21403B9880022F7E7F96B00204055002038B54FF042
S21403B998FF300C46FFF76FF80A4B05461868FFF7A3
S21403B9A86AF8641B241A20B210F1630F06DB10F141
S21403B9B8240F05DA64308000C0B238BD0020FCE7E7
S21403B9C8FF20FAE74055002008B5134B1B78062BD3
S21403B9D804D040F62101114800F0B7FF104B1B882E
S21403B9E81B0704D440F622010C4800F0AEFF0D4BAB
S21403B9F82A201978FFF7A8FF00210820FFF778FF09
S21403BA080222094B1A70094B1868E8F727FABDE8AB
S21403BA18084001F016B800BF57620020846B040084
S21403BA28265B002054620020256C00204055002029
S21403BA3810B50E4C236823B940F6A3410C4800F012
S21403BA4884FF2068013001F05EF800F00700032841
S21403BA580AD1246809220121204600F0E3FB205C72
S21403BA68031F5842584110BD0020FCE730550020FC
S21403BA78846B040038B50C4640B100210420FFF758
S21403BA8837FF00F0DEFF012C1DD038BD244B1B8882
S21403BA989B07F6D50129234A2FD1117869B30139B3
S21403BAA8C9B2117011B92020FFF722FF0021022026
S21403BAB8FFF71EFF04221C4B00211C481A7000F0D7
S21403BAC85DFD00F0BEFF1A4C2068013001F01BF83C
S21403BAD800F44060B0F5006F1FD1246801210422EA
S21403BAE8204600F09FFB204401F00DF80146BDE810
S21403BAF838400022202000F0CFBF00210D4D022041
S21403BB081170FFF7F5FE2B78FF2B04D040F29961EE
S21403BB18094800F01AFF2C70B3E74FF6FF71E6E703
S21403BB28265B0020566200205762002070690020BA
S21403BB3830550020266C0020846B040038B5134C5F
S21403BB4805462388580709D5FFF7F0FE0146072060
S21403BB58FFF7FAFEFF210120FFF78CFF23889907DA
S21403BB680BD50B4B284619788A1F51425141FFF7CC
S21403BB78EBFE01210020FFF77DFF23881B0703D573
S21403BB88BDE83840FFF720BF38BD00BF265B00205E
S21403BB9857620020F7B5124CD4E9006586EA020C12
S21403BBA885EA03070CEA000C0F405CEA070E15D07B
S21403BBB886EA0C067D40C4E90065CDE900230B46FA
S21403BBC8084902460868FCF707FD38B14FF4FD71CB
S21403BBD8054803B0BDE8F04000F0B7BE03B0F0BDBB
S21403BBE8B015002040550020846B040008B50A4BA6
S21403BBF81B88DB0604D440F64701084800F0A5FE78
S21403BC0800211020FFF774FE002000F06BFBBDE850
S21403BC18084000F016BF00BF265B0020846B0400B4
S21403BC282DE9F04F5706804614461D4691B005D5B4
S21403BC38FFF77CFE01460120FFF786FEEE0403D5D8
S21403BC4800212D20FFF780FEA00224D54046FCF7EE
S21403BC5840FD0146F8B94020FFF74AFE40460AA9C8
S21403BC68FCF738F8B8B99DF83030022B40F0D98085
S21403BC78BDF8280001F039F8FF2808D14046FCF73C
S21403BC8827F840B901214020FFF732FE03E001F010
S21403BC9830F80028F2D1A10305D5FFF747FE014681
S21403BCA80320FFF751FEE20104F0807640F1C080DE
S21403BCB8854B1B889B072DD5844E3068FBF79FFF63
S21403BCC840BB834B834F18703B78FF2B04D040F25E
S21403BCD85761814800F039FE4FF000090021022021
S21403BCE8FFF706FE87F800907C4F3B78062B07D1B4
S21403BCF801210820FFF7FCFD49462820FFF724FE0C
S21403BD083B78052B06D100212B20FFF71DFE306854
S21403BD18E8F7A4F800F095FE220717D56B4F032122
S21403BD28386805AAFBF785FF064620B940F2C961BD
S21403BD38694800F00AFE9DF81430072B00F0D080FF
S21403BD48FFF7F4FD01460420FFF7FEFDE10505D5E0
S21403BD58FFF7ECFD01460420FFF7F6FD14F4863FD3
S21403BD6805D0FFF7E3FD01460220FFF7EDFDA2012C
S21403BD7813D5FFF7DBFD01460820FFF7E5FD002195
S21403BD880420FFF7B5FD554B1B78012B03D14F4B0A
S21403BD981868E8F763F800F054FE14F0084F09D063
S21403BDA8FFF7C4FD01460720FFF7CEFDFF2101205C
S21403BDB8FFF760FEA30009D5FFF7B8FD0146062086
S21403BDC8FFF7C2FDFF210120FFF754FEA70705D59D
S21403BDD83D4B1B881E0701D5FFF7F6FD6C0603D5FA
S21403BDE800210A20FFF7B0FD280602D50120FCF73C
S21403BDF882FCE90540F1858140460AAA05A9FCF7B5
S21403BE08E0FA9DF81430222B00F06D8100F282814F
S21403BE18152B40F26A8140F60A112F4800F095FD6B
S21403BE286FE1032B7FF437AF0AA800F05AFF30E719
S21403BE3805F0020756EA07030DD0284B2620197883
S21403BE48A1F1060EDEF1000141EB0E01FFF77CFDC2
S21403BE580121304611E004F0805656EA07030FD056
S21403BE681E4B26201978A1F1060CDCF1000141EBE4
S21403BE780C01FFF769FD02213846FFF7FBFD4BE788
S21403BE8804F0884151EA060309D0144B2720197891
S21403BE988F1F79427941FFF757FD0221D9E705F04D
S21403BEA808030B4302D02320FFF74EFD680703D58C
S21403BEB800212420FFF748FDE9077FF52DAF002171
S21403BEC82520FFF741FD27E7265B00204055002085
S21403BED856620020266C0020846B040057620020FC
S21403BEE8314638680AAAFBF7AAFE20B14FF4DA618E
S21403BEF89E4800F02AFDBDF81630386802330AA9B2
S21403BF08ADF82C30FBF79DFE20B140F2DF61974871
S21403BF1800F01BFD0023009331460423386804AA67
S21403BF28FBF791FE042804D040F2E4618F4800F042
S21403BF380CFDDFF8589299F80030C3BB0DF11100D9
S21403BF4800F0E1FD00F00700022830D1FFF7EEFC11
S21403BF5801460920FFF7F8FC854B1B78062B23D1EF
S21403BF68844B9DF813201B789A421DD19DF83530D3
S21403BF7823B940F2FA617D4800F0E7FC0DF11100A1
S21403BF8800F0C1FDC0F3001631462920FFF7DCFC9C
S21403BF9800210820FFF7ACFC774B1E70FFF748FD1F
S21403BFA810B93868E7F75AFF00F04BFDCEE6BDF840
S21403BFB816000121083080B200F068FA039030B901
S21403BFC8FFF7B4FC01460420FFF7BEFCECE700F0DD
S21403BFD8E9F905AA014606463868FBF73CFE99F8D0
S21403BFE800A0BAF1000F22D106F1010B584600F063
S21403BFF88AFD83065AD53868FCF76BFB0746FFF7B6
S21403C00895FC05370146F8B2FFF79EFC584600F044
S21403C0187AFD00F007000328584F2DD0012104208D
S21403C028FFF766FC4FF0FF30FBF734FE386000225C
S21403C0385349BDF816300978F718F1549DF8363089
S21403C048BB709DF83730FB700A9B190E3971190CB3
S21403C0587971FB71190A99F80030B97123B97378A5
S21403C06892B343F020037370002000F069F97870E8
S21403C078039800F071FA97E701210922304600F089
S21403C088D1F8305C01210428C9D1FFF731FC4FF001
S21403C098FF30FBF7FFFD3B4B38601B885806C6D5B9
S21403C0A851464020FFF724FC0122C1E7FFF73EFC78
S21403C0B801460920FFF748FC2D4B1B78012BB6D108
S21403C0C83868E7F7CBFEB2E723F02003CBE7012275
S21403C0D87E33DBB202FA03F313F00A1F31D113F0EF
S21403C0E8011F3FF498AE27202CE0012202FA03F33F
S21403C0F8254A1A402ABB13F0041FF4D1DA077FF542
S21403C1088AAEAB052FD50121802011B0BDE8F04FCC
S21403C118FFF7EEBB652B1AD8622B12D8452B0CD823
S21403C128422B0ED8352B06D8322B0AD8252B08D9FE
S21403C138322BD8D06FE6422BFBE7552B05D8522B6C
S21403C148F7D92620FFF7FAFCDBE7622BF1E7952BF6
S21403C1583FF661AE812BBAD8722BC4D0733B022B41
S21403C1683FF659AEEDE711B0BDE8F08F846B0400D7
S21403C1785762002053620020256C00202C550020AF
S21403C188276C0020265B00203A0038005A620020FD
S21403C198024B1878B0FA80F04009704757620020BF
S21403C1A808B5064B4FF0FF311868FCF730F900283E
S21403C1B8B8BF033040F3870008BD00BF40550020D2
S21403C1C808B5074B1868FCF79CF930B1054BB3FB69
S21403C1D8F0F083B20BB1184608BD0120FCE700BF98
S21403C1E84055002040420F0038B510200C46012168
S21403C1F8FFF77EFB064B1D68FFF7E2FF012200FBF5
S21403C20804F1044B2846FCF7E7F8002038BD00BFC6
S21403C21840550020F5BB0300014800F096BB00BF5D
S21403C2289E6B0400032A70B5144602D82C4B985C00
S21403C23870BD81F0010519B90D2A07D1FF20F7E76C
S21403C2480D2A03D100780538C0B2F1E7084400F098
S21403C2585AFCC5F1040110F440660246C9B209D176
S21403C268042C0846E4D0052C16D112F0400F18BF4C
S21403C2780846DDE7C5F10603042CD8B2D8D0B6F5D0
S21403C288006F03D1C5F10805E8B2ECE7B6F5406FD1
S21403C298E9D1C5F10E05F7E712F4404107D1062C9C
S21403C2A8C6D0072CC4D0082C13D10130CCE75506CA
S21403C2B85CBF831CD8B2062CBAD0B1F5004F02D1A6
S21403C2C8831CD8B2EDE7B1F5404FEAD100F1080375
S21403C2D8F7E7130744BF0530C0B20C2CA8D9ADE75F
S21403C2E8C4CE0400AC2370B5094C054603FB0043D3
S21403C2F85E6D26B940F2FD31064800F026FBAC23F6
S21403C30803FB0544002363653346BDE870401847BE
S21403C31844550020DB6B040010B40C461146AC22CF
S21403C328064B02FB0033586D20B95C655DF8044B79
S21403C338FFF75ABF02205DF8044B704744550020A8
S21403C348AC22034B02FB003393F8A800704700BFE8
S21403C3584455002028B1034B1B68C01A401001300F
S21403C36880B270470456002030B1044B00F10040F9
S21403C3781B68013803EB4000704700BF04560020D3
S21403C388064B1B68834206D8054B1B68834294BF3B
S21403C3980020012070470020704700BF0456002085
S21403C3A80056002010B5044608B9002010BD00F05A
S21403C3B80BFC20B940F2CD41074800F0C6FA2046E8
S21403C3C8FFF7D2FF0028F0D00388DB0B14BFD0F8A2
S21403C3D80A000830EAE700BFB26B040010B508B9D4
S21403C3E8002010BDFFF7C0FF044600F0E4FB20B9A9
S21403C3F84FF49D61064800F0A8FA002CF0D0238875
S21403C408DB0B0ABF60882089C0F30C00E9E700BF8E
S21403C418B26B040038B5FFF7A7FF0D46044650B1C4
S21403C42800F0C9FB20B940F24151034800F08DFAE9
S21403C438023534F8150038BDB26B040070B5FFF743
S21403C44893FF0C4616460546B0B100F0B4FB20B978
S21403C45840F24D510C4800F078FA3046FFF784FF57
S21403C46800F0A9FB20B940F24E51074800F06DFAD8
S21403C478023425F8146070BD40F25251BDE870408E
S21403C488014800F062BA00BFB26B04002DE9F84316
S21403C4980746884600F0FBFA20B940F28E512A4830
S21403C4A800F053FAFC1CA408284B64000434B7F5C0
S21403C4B8005F1E68A4B204D340F29551224800F0E8
S21403C4C844FA00F0BBF9224981460B687BB9214B35
S21403C4D81D68761BC6F34F06B44227D9002548467F
S21403C4E800F0A7F92846BDE8F843FFF733BFB8F1CD
S21403C4F8000F11D0174A15685A1BC2F34F0294420D
S21403C508ECD81448620005EB44040460B8F1000F45
S21403C5180FD113440B600CE0F61AC6F34F0676B930
S21403C52840F2A651084800F010FAD7E705EB440492
S21403C5381C6000236F80AB80EB802B80CFE7B44270
S21403C548CCD8044A1568DCE7B26B0400085600200A
S21403C558F05500200056002038B5054600F06EF961
S21403C568044629460448002200F03BFB2046BDE863
S21403C578384000F05EB900BF2C5B002082684B4B46
S21403C5882DE9F0419A4204460E46056815D121B1B5
S21403C59840F21311464800F0D8F900F04FF9236922
S21403C5A81BB92B682BB924612C60BDE8F04100F059
S21403C5B840B91A6922611C61F6E700F0BFF98046A4
S21403C5C8FEF75EFA20B14FF49571394800F0BDF9CD
S21403C5D86FF000439E4221694BD22B7B08EB060281
S21403C5E8002B4DD0AB6893424AD1531C002949D03F
S21403C5F86169994242D01EB9521AB2F1004F3DD929
S21403C608636123696E689C4203D19D21284800F024
S21403C6189CF92F460023B4420BD0002B41D17269F4
S21403C6286169891AB1F1004F32D8326937469442A4
S21403C6382CD12269BD420CBF6A603A617BB9266970
S21403C648B44203D1B8211A4800F07FF93B46012EBD
S21403C65805D062697169521AB2F1004F23D99D4217
S21403C6680BBF6B681A69236122610CBF6C601C617F
S21403C67804E0434431B162699342C1D1BDE8F08115
S21403C6881346B3E76A6822616C60B9E71646C6E7DD
S21403C698A8EB0202B2F1004FC7D93B4637463669C4
S21403C6A8B9E71F46F9E733463669D0E7215D020046
S21403C6B8C66B04000823064A12F8011B814205D0FC
S21403C6C8013B13F0FF03F7D1184670470120704764
S21403C6D875CF04000823064A12F8011B814205D0C9
S21403C6E8013B13F0FF03F7D1184670470120704744
S21403C6F86DCF040010B5082207490446E1F7E2FDAA
S21403C708B0FA80F04FF6FF732289400940009A4238
S21403C71808BF40F0010010BD86CF040030B50446BC
S21403C7280D4685B002B9084A1068516801AB03C3C1
S21403C73801AB03CB20602046ADF80C501B88616024
S21403C748238105B030BD00BF86F40300002270B510
S21403C7580A4B1C780A4BD5B2AC4202D800200C70A0
S21403C76808E01E880132864205D30D701B881B1A03
S21403C7785842584170BD1233EDE700BFD16100201F
S21403C788CC5A002010B5164B187860B1154C2368A0
S21403C798CBB14FF4707200201349FFF7BDFD236831
S21403C7A8013B236010BDFFF7FBFC1049104A91F9C3
S21403C7B80040136884420B4C03F10103136023689B
S21403C7C8B8BF087053B90B4800F033FA0028E9D10C
S21403C7D8BDE8104001460748FFF7D0BE0822DAE74F
S21403C7E8A76200207C5600208DC70300A2620020A3
S21403C7F8745600203C6B0020054B1B682BB9054B71
S21403C8081868003818BF012070470120704700BF1A
S21403C8186C5600206856002010B962B6BFF36F8FB7
S21403C8287047EFF3108072B67047302383F311888E
S21403C838704780F31188BFF36F8F7047EFF311804B
S21403C848302383F311887047002070474FF4004065
S21403C85870474FF47A7070470122417803788A400C
S21403C86830214B4341F2100103F1A04303F5703323
S21403C8785A50704709B100F008B8222070470121C2
S21403C888FEF74EB90021FEF74BB970B506460D46BE
S21403C898FFF7D4FF04461D2E48D8DFE806F00F1826
S21403C8A8471D20234726292C47472F324735384725
S21403C8B83B473E474744474747474741FEF7F0F855
S21403C8C8002628602046FFF7B4FF304670BD4FF4B5
S21403C8D8C070CFF7D5FCF3E74FF42070F9E74FF4B1
S21403C8E84070F6E74FF46070F3E74FF40070F0E734
S21403C8F84FF48060EDE74FF49060EAE74FF4C060CA
S21403C908E7E74FF4F060E4E74FF4B060E1E74FF48D
S21403C918D060DEE74FF4E060DBE74FF4A060D8E7CB
S21403C9284FF48070D5E74FF40860D2E7002021263D
S21403C938C7E708B5FEF714F980B208BD08B5FEF7D1
S21403C9480FF908BD704742DE704738B504460D46F2
S21403C95800F008F8FFF769FF29462046BDE8384087
S21403C968FFF7F1BF704710B962B6BFF36F8F704712
S21403C978012070472DE9FF410D4616461F4604461B
S21403C988A8B14FF00008C0F81C80FEF711FDBDF8EB
S21403C9982C30424602939DF828302946CDE9007389
S21403C9A820463346FEF7CCFC04B0BDE8F0812220CF
S21403C9B8FAE7F0B51F46002387B00D461646044629
S21403C9C88DF81730A8B1C3610DF11701FEF712FDF4
S21403C9D89DF817207AB9BDF83430294602939DF896
S21403C9E830302046CDE900733346FEF7A9FC07B07E
S21403C9F8F0BD2220FBE70320F9E738B5FFF71EFF53
S21403CA08054600F016F804462846FFF712FF2046A8
S21403CA1838BD4FF0B04301285B6904D0022805D11E
S21403CA28C3F38010704703F0010070470020704777
S21403CA3870474FF0B0439A6A1207FCD4186A7047D7
S21403CA48704708B5FFF7FCFF00F01DF808BD10B5E2
S21403CA58FFF7E7FE012104460846FEF71DF92046C0
S21403CA68BDE81040FFF7D8BE10B5044600F012F82C
S21403CA782046FBF74FF82046F8F772F8BDE8104053
S21403CA88F9F735BC704708B5FFF7FCFF08BD01206A
S21403CA98704770470020704730B589B00446ADF834
S21403CAA806108DF81020FFF705FE05462046FFF70B
S21403CAB811FE03469DB1BDF80600ABB900F0BEF8FB
S21403CAC8FF2808BF00200DF10F038DF80F001A4644
S21403CAD8204604990593FEF793FE09B030BD002857
S21403CAE8F5D00DF10603F2E700F0A8F8FF2808BF13
S21403CAF80020BDF806308DF80F00ADF81A308DF813
S21403CB08180006ABE3E7008870470170090A41700E
S21403CB187047012070470120704738B5DFF7BAFF22
S21403CB280446D4F7C9FE051E18BF2546D4F796FF54
S21403CB38041E18BF2C46FFF7ECFF002818BF204634
S21403CB4838BD38B5FEF70CFA0446F7F709FA042891
S21403CB581ED002284FF0000508BF0124F8F7A8F8EE
S21403CB68042817D0022808BF0124F7F738FE04283C
S21403CB7812D0022808BF0124FFF7CDFF04280DD0E2
S21403CB88022808BF0124002D18BF0024204638BDFC
S21403CB980125E3E70125E8E70125EDE70024F5E7A6
S21403CBA8FF20704708B5FFF7FBFF002008BD0221EA
S21403CBB80120E1F7B1BD08B520B1FFF7E1FB00F0AE
S21403CBC8010008BD0120FAE708B5FFF7CDFBBDE86D
S21403CBD80840FFF7F0BF008810B1C9B2FFF71ABCC8
S21403CBE870472DE9F041B0F8008006460C46D5B2EA
S21403CBF8B8F1000F11D029464046FFF70BFC224632
S21403CC08074629464046FFF719FC3A462946204672
S21403CC18FFF714FC3480BDE8F0810F46F5E70346BA
S21403CC281B8808468B4202D00021FFF7F3BB00207F
S21403CC3870470069003818BF012070470020704706
S21403CC48F8B506460D46FFF755FD0328044621D0DA
S21403CC582846FFF74FFD032807461BD010F00203AC
S21403CC6818D1A0070DD5F90716D401233C43E207CC
S21403CC7804D431892A89914218BF002303F001009E
S21403CC88F8BD082229463046E1F71CFBB0FA80F3C4
S21403CC985B09EBE70020F3E71846F1E770B50D46A6
S21403CCA800210646FFF797FF044630B1FFF77AFBE5
S21403CCB801462846FFF7C4FF08B1204670BD214643
S21403CCC83046FFF7ACFFEFE707B50DF10701FFF7AF
S21403CCD83DFD20B19DF8070003B05DF804FBFF2077
S21403CCE8FAE700207047FF207047FF207047FF20B1
S21403CCF870470020704700200021704700207047C7
S21403CD082DE9F84307460846154688461C469DF807
S21403CD182090FFF747FB4619A4B19EB14046FFF79C
S21403CD285DFB254485420FDC2246B9F1000F06D188
S21403CD3831463846E0F7CCFF0020BDE8F88339468D
S21403CD483046F7E72120F8E71D20F6E70000000045
S21403CD580000000000000000F8B500BFF8BC08BCDF
S21403CD689E467047F8B500BFF8BC08BC9E46704799
S21403CD785FF800F0016400205FF800F0A964002063
S21403CD885FF800F04963002044657669636520749C
S21403CD98797065206368616E67652064657465638A
S21403CDA87465643A202564202D3E2025640D0A0008
S21403CDB850726573732064657465637465640D0ADD
S21403CDC8004D756C7469207072657373206465749E
S21403CDD865637465643A2025640D0A0052656C65BC
S21403CDE86173652064657465637465640D0A004C35
S21403CDF86F6E6720707265737320646574656374F9
S21403CE0865640D0A0072656C61795F737461727488
S21403CE185F6C61746368696E675F70756C73653A97
S21403CE2820616E6F746865722070756C736520690F
S21403CE3873206163746976650D0A0072656C61799F
S21403CE485F6F6E0D0A0072656C61795F6F66660DBB
S21403CE580A0072656C61795F746F67676C650D0AA3
S21403CE680057726974696E6720636F6E6669672018
S21403CE78746F206E763A2025730D0A0053697A6517
S21403CE883A2025640D0A004661696C656420746F50
S21403CE98207772697465204445564943455F434F76
S21403CEA84E4649475F4441544120746F204E562CE2
S21403CEB8207374617475733A2025642E202862796A
S21403CEC87465733A202564290D0A007375636365D0
S21403CED87373210D0A004661696C656420746F20BC
S21403CEE872656164204E565F4954454D5F44455606
S21403CEF84943455F434F4E4649472C207573696E31
S21403CF08672064656661756C7420636F6E6669670F
S21403CF1820696E73746561642C2073746174757309
S21403CF283A2025642E202862797465733A2025648E
S21403CF38290D0A005573696E6720636F6E66696705
S21403CF483A2025642063686172732066726F6D0DDC
S21403CF580A25730D0A00736F6E6F66663B5A424D59
S21403CF68494E494C322D637573746F6D3B4241309D
S21403CF78753B4C4335693B534136753B5241354106
S21403CF88343B004E6574776F726B207374617475E7
S21403CF9873206368616E67656420746F2025640D6B
S21403CFA80A004D616E7566616374757265722074E6
S21403CFB86F6F206269670D0A004D6F64656C207495
S21403CFC86F6F206269670D0A00496E697469616C40
S21403CFD8697A696E67205A69676265652077697436
S21403CFE8682025642073776974636865732C202525
S21403CFF8642072656C6179732C20256420636F76D0
S21403D00865722073776974636865732C20256420BA
S21403D018636F766572730D0A00436F6E66696720E1
S21403D028706172736564207375636365737366757D
S21403D0386C6C790D0A007265616420766572736993
S21403D0486F6E20666F726D206E6577206C6F6361F6
S21403D05874696F6E0D0A004661696C656420746FA7
S21403D068207772697465206C6173745365656E56B0
S21403D078657273696F6E20746F204E562C20737416
S21403D0883A2025640D0A004F6C642076657273692E
S21403D0986F6E3A2025640D0A0043757272656E74C6
S21403D0A82076657273696F6E3A2025640D0A0052FE
S21403D0B84553455420414C4C210D0A0068616C5F6A
S21403D0C86770696F5F63616C6C6261636B3A206556
S21403D0D8787469206C696E6520256C6420737461A6
S21403D0E874757320256C750D0A0068616C5F67702C
S21403D0F8696F5F63616C6C6261636B3A206E6F2065
S21403D108667265652045585449206C696E65730DCB
S21403D1180A002F686F6D652F72756E6E65722F77AE
S21403D1286F726B2F747579612D7A69676265652DE1
S21403D1387377697463682F747579612D7A69676282
S21403D14865652D7377697463682F73696C61627399
S21403D1585F746F6F6C732F73696D706C6963697432
S21403D168795F73646B2F2E2E2F2E2E2F7372632FD9
S21403D17873696C6162732F68616C2F7A696762657D
S21403D188652E630044726F7070696E67206F6C64F7
S21403D198204F544120696D6167652C206375727250
S21403D1A8656E74206F66667365743A20256C750A17
S21403D1B800556E6B6E6F776E20636F7665722063AD
S21403D1C86F6D6D616E643A2025640D0A00556E6BAB
S21403D1D86E6F776E20636D642025640D0A004275B2
S21403D1E874746F6E207072657373206465746563F8
S21403D1F87465642C20627574206E6F20627574746F
S21403D2086F6E20697320707265737365640D0A0008
S21403D218427574746F6E206C6F6E672070726573D8
S21403D228732064657465637465642C206275742062
S21403D2386E6F20627574746F6E206973206C6F6EE0
S21403D2486720707265737365640D0A004E6F2063FA
S21403D2586F7665722073776974636820636F6E668A
S21403D268696720696E204E562C207573696E672091
S21403D27864656661756C74730D0A0041747472692B
S21403D28862757465206368616E6765642C206570D3
S21403D2983A2025642C20636C75737465723A2025CE
S21403D2A8642C20617474723A2025640D0A00506F4A
S21403D2B86C6C20636F6E74726F6C3A2073656E6461
S21403D2C8696E6720636865636B2D696E0D0A005A7D
S21403D2D8434C2061637469766974792C20656E748F
S21403D2E86572696E67206661737420706F6C6C0D67
S21403D2F80A00506F6C6C20636F6E74726F6C3A2002
S21403D308636865636B2D696E20726573706F6E73E1
S21403D318652C20666173743D25642C2074696D65DD
S21403D3286F75743D25640D0A00506F6C6C20636F2F
S21403D3386E74726F6C3A206661737420706F6C6CCF
S21403D3482073746F700D0A00506F6C6C20636F6ED9
S21403D35874726F6C3A20736574206C6F6E672070F6
S21403D3686F6C6C20696E74657276616C3D256C759E
S21403D3780D0A00506F6C6C20636F6E74726F6C3A94
S21403D388207365742073686F727420706F6C6C20DA
S21403D398696E74657276616C3D25640D0A00506F7C
S21403D3A86C6C20636F6E74726F6C3A206368656387
S21403D3B86B2D696E20696E74657276616C20777260
S21403D3C8697474656E3D256C750D0A00506F6C6C38
S21403D3D820636F6E74726F6C3A20696E76616C693F
S21403D3E86420636865636B2D696E20696E74657265
S21403D3F876616C2C20726576657274696E670D0AA1
S21403D40800506F6C6C20636F6E74726F6C3A206694
S21403D41861737420706F6C6C2074696D656F7574B6
S21403D428207772697474656E3D25640D0A00506F23
S21403D4386C6C20636F6E74726F6C3A2066617374DB
S21403D44820706F6C6C2074696D656F75742C20730F
S21403D4587769746368696E6720746F206C6F6E678C
S21403D46820706F6C6C0D0A00556E6B6E6F776E20AE
S21403D4784C6576656C4374726C20636F6D6D616E74
S21403D488643A2025640D0A00556E6B6E6F776E201E
S21403D4984F6E4F666620636F6D6D616E643A202526
S21403D4A8640D0A00496E6465782061742077726992
S21403D4B8746520617474723A2025640D0A004E6FF1
S21403D4C82073776974636820636F6E66696720697B
S21403D4D86E204E562C207573696E672064656661E8
S21403D4E8756C74730D0A00496E76616C69642072F4
S21403D4F8656C61795F696E64657820256420696E5A
S21403D508204E562C20726573657474696E67207492
S21403D5186F2064656661756C740D0A003E200055BD
S21403D5286E6B6E6F776E206572726F7200496E70DF
S21403D5387574206275666665722069732046554C55
S21403D5484C004D6178696D756D206E756D626572F8
S21403D558206F6620617267756D656E7473206578D3
S21403D5686365656465640054686520617267756DF4
S21403D578656E74206973206E6F7420666F726D61B2
S21403D5887474656420636F72726563746C7900499A
S21403D5986E636F727265637420617267756D656E0C
S21403D5A874207479706500496E636F72726563746C
S21403D5B8206E756D626572206F6620617267756D81
S21403D5C8656E7473004E6F20636F6D6D616E6420B5
S21403D5D8666F756E640075696E7438006164646995
S21403D5E874696F6E616C002A00756E6B6E6F776E6A
S21403D5F80077696C6463617264006865786F707439
S21403D60800737472696E676F70740075696E74332D
S21403D618326F70740075696E7431366F7074007586
S21403D628696E74386F70740068657800737472690D
S21403D6386E670075696E7431360075696E743332B9
S21403D648002E2E2E200068656C70000A25730A25A6
S21403D6587325730025732008002F686F6D652F7276
S21403D668756E6E65722F776F726B2F747579612D71
S21403D6787A69676265652D7377697463682F74754D
S21403D68879612D7A69676265652D7377697463684E
S21403D6982F73696C6162735F746F6F6C732F736932
S21403D6A86D706C69636974795F73646B2F706C61F2
S21403D6B874666F726D2F736572766963652F6C6512
S21403D6C8676163795F68616C2F7372632F62617336
S21403D6D8652D7265706C6163656D656E742E630087
S21403D6E82F686F6D652F72756E6E65722F776F7202
S21403D6F86B2F747579612D7A69676265652D737703
S21403D708697463682F747579612D7A6967626565CC
S21403D7182D7377697463682F73696C6162735F74BA
S21403D7286F6F6C732F73696D706C69636974795F57
S21403D73873646B2F706C6174666F726D2F7365728A
S21403D748766963652F746F6B656E5F6D616E61676F
S21403D75865722F6C65676163792F7372632F736CB9
S21403D7685F746F6B656E5F6D616E616765722E635E
S21403D778002F686F6D652F72756E6E65722F776FE3
S21403D788726B2F747579612D7A69676265652D7377
S21403D79877697463682F747579612D7A696762652A
S21403D7A8652D7377697463682F73696C6162735F39
S21403D7B8746F6F6C732F73696D706C6963697479B2
S21403D7C85F73646B2F706C6174666F726D2F73650D
S21403D7D872766963652F746F6B656E5F6D616E61D4
S21403D7E86765722F6C65676163792F7372632F732E
S21403D7F86C5F746F6B656E5F6D616E75666163747F
S21403D8087572696E672E630043757272656E74204F
S21403D818436F6E6669673A2025307800536574202F
S21403D828434341206D6F646520746F2025643A2056
S21403D83825307800656E61626C656400646973619F
S21403D848626C6564006F757428636C69656E742909
S21403D85800696E202873657276657229004D4647FF
S21403D86820537472696E673A2025730041707042BC
S21403D87875696C646572204D464720436F64653A44
S21403D88820307825303458006E6F6465205B00417D
S21403D89864646974696F6E616C20696E7465726618
S21403D8A86163657300202025643A2000706167650C
S21403D8B8205B25645D206368616E205B25645D20BC
S21403D8C8707772205B25645D006E6F7420616374E5
S21403D8D8697665006572726F72203078253038581D
S21403D8E80070616E4944205B3078253034585D20DB
S21403D8F86E6F64654944205B3078253034585D2064
S21403D908007870616E205B307800706172656E74A3
S21403D9184944205B3078253034585D207061726541
S21403D9286E7452737369205B25645D006E6F64655D
S21403D93854797065205B0053656375726974792042
S21403D9486C6576656C205B253032585D006E6574B1
S21403D958776F726B207374617465205B2530325859
S21403D9685D20004275666665722062797465733A4F
S21403D978202564202F20256400457020636E743AA2
S21403D988202564006570202564205B656E64706FCF
S21403D998696E742025732C20646576696365202573
S21403D9A8735D20006E776B205B25645D2070726F55
S21403D9B866696C65205B3078253034585D2064656D
S21403D9C8764964205B3078253034585D2076657256
S21403D9D8205B3078253032585D00202020202573C0
S21403D9E820636C75737465723A2030782530345822
S21403D9F820004E776B20636E743A202564006E779A
S21403DA086B202564205B25735D005072696D617217
S21403DA1879202870726F290020206E6F6465547908
S21403DA287065205B3078253032585D00202073659A
S21403DA3863757269747950726F66696C65205B30BA
S21403DA4878253032585D0045502025643A202573E2
S21403DA5820004572726F723A2020556E6B6E6F7790
S21403DA686E20656E64706F696E742E00456E616213
S21403DA786C65206576656E742064656275672069D3
S21403DA886E666F20696E20436F726520434C49208B
S21403DA98636F6D706F6E656E74006F6E6C7920635E
S21403DAA86F6F7264696E61746F72732063616E2040
S21403DAB8666F726D0A006A6F696E20307825303893
S21403DAC8580A006C65617665002573203078253022
S21403DAD832580A0072656A6F696E0072656A6F6902
S21403DAE86E4469666644657669636554797065004D
S21403DAF86578742E2050414E2049443A20004E57EC
S21403DB084B206F70656E3A20257520736563004E4B
S21403DB18574B20636C6F7365640066696E64206A8E
S21403DB286F696E61626C653A20307825303258002A
S21403DB3866696E6420756E757365643A2030782559
S21403DB48303258004368616E67696E6720746F20C9
S21403DB586368616E6E656C2025643A2030782530DC
S21403DB68325800696E76616C6964206E6574776FE7
S21403DB78726B20696E6465780053686F7274204907
S21403DB88443A203078253034582C204555493634C5
S21403DB983A20002C2050616E2049443A20307825DC
S21403DBA83034580053746172746564206D756C74F0
S21403DBB8692D70687920696E74657266616365009D
S21403DBC84661696C656420746F202573202573206D
S21403DBD8307825303258005465726D696E61746505
S21403DBE86420257320307825303258004B656570DD
S21403DBF820616C69766520737570706F7274206522
S21403DC086E61626C65642E006661696C6564207477
S21403DC186F20736574206B65657020616C69766523
S21403DC28206D6F64652E007375636365737366751D
S21403DC386C6C792073657420746865206368696CF6
S21403DC48642074696D656F7574206F7074696F6E80
S21403DC58206D61736B2E006661696C656420746F52
S21403DC682073657420746865206368696C6420741F
S21403DC78696D656F7574206F7074696F6E206D615A
S21403DC88736B2E00646973636F766572004D6174F7
S21403DC986368202573792066726F6D203078253087
S21403DCA834582C206570202564004E574B20416459
S21403DCB8647265737320726573706F6E73653A204A
S21403DCC83078253034580049454545204164647208
S21403DCD865737320726573706F6E73653A200053AD
S21403DCE86572766963652025737920646F6E652E81
S21403DCF800232020747970652020206E776B2020FF
S21403DD086C6F6320202072656D202020636C75730A
S21403DD182020206E6F64652020206575690020200A
S21403DD282564202020203078253034582020307869
S21403DD38253034582020307825303458203078253C
S21403DD483034582000736C5F7A69676265655F676D
S21403DD5865745F62696E64696E67204572726F7276
S21403DD683A203078253038580A002564206F662014
S21403DD7825642062696E64696E67732075736564CB
S21403DD8800656E61626C6564207072696E74006407
S21403DD98697361626C6564207072696E740061648D
S21403DDA864206C696E6B206B6579004552523A2085
S21403DDB843616C63756C61746564204352432064E5
S21403DDC86F6573206E6F74206D61746368004552C7
S21403DDD8523A20496E7374616C6C20436F646520F5
S21403DDE86D75737420626520382C2031302C2031F1
S21403DDF8342C206F72203138206279746573206959
S21403DE086E206C656E677468004552523A20414529
S21403DE18532D4D4D4F2068617368206661696C65A4
S21403DE28643A2030782530325800536574206A6F78
S21403DE38696E696E67206C696E6B206B6579007313
S21403DE4865742062696E642025643A20307825302C
S21403DE58327800454D50545900554E494341004DBC
S21403DE68324F4E45004D554C5449003F2020202044
S21403DE7800496E64657820494545452041646472C7
S21403DE886573732020202020202020204E574B49DE
S21403DE986E6465782020496E204643202020202083
S21403DEA854544C28732920466C6167202020204B45
S21403DEB865792020202000256420202020200020AB
S21403DEC820256420202020202020002020253038EC
S21403DED85820200020307825303458202000496EFA
S21403DEE864657820494545452041646472657373C3
S21403DEF8202020202020202020496E204643202052
S21403DF082020205479706520204175746820204BA2
S21403DF186579002D2020202020002563202020203E
S21403DF28202563202020202000696573005741526E
S21403DF384E494E473A202052454144494E47204FC2
S21403DF4846204B45592056414C5545532044495382
S21403DF5841424C4544204259204D464720544F4B96
S21403DF68454E004E574B204B6579002573206F7539
S21403DF78742046433A2025303858002573207365A5
S21403DF8871206E756D3A2030782530325800257327
S21403DF98206F75742046433A20253038780054435A
S21403DFA820257320002573205461626C6500256460
S21403DFB82F256420656E74726965732075736564AE
S21403DFC82E005472616E7369656E74204B65790012
S21403DFD8256420656E7472257320636F6E73756D82
S21403DFE8696E67202564207061636B6574206275AB
S21403DFF86666657225732E0057494C4C0057494C84
S21403E0084C204E4F540054727573742043656E74D7
S21403E018657220257320616C6C6F77207472757334
S21403E028742063656E7465722072656A6F696E73B1
S21403E038207573696E672077656C6C2D6B6E6F77CA
S21403E0486E206B65792E005365742074696D656F51
S21403E058757420666F722054727573742043656EE8
S21403E0687465722072656A6F696E73207573696E5C
S21403E078672077656C6C2D6B6E6F776E206C696E98
S21403E0886B206B657920746F202564207365636F36
S21403E0986E64732E004552524F523A20002573730E
S21403E0A87461636B206D75737420626520646F7783
S21403E0B86E2E0052656164696E6720416C6C6F77DB
S21403E0C865640048617368696E67206F6E6C7900D3
S21403E0D8736C5F7A69676265655F6B65795F73659D
S21403E0E87474696E67735F743A20307825303458D1
S21403E0F80020205065726D697373696F6E733A20DA
S21403E1082573004572726F723A204661696C6564BE
S21403E11820746F2067657420636F6E6669672C20AA
S21403E1287374617475733A2030782530385800460E
S21403E13861696C65643A20307825303858004D7329
S21403E148673A20636C7573203078253034582C2052
S21403E158636D64203078253032582C206C656E2029
S21403E1682564006275666665723A2000454D424529
S21403E178525F00257353454355524954595F4C45DE
S21403E18856454C3A2025303258002573657261731C
S21403E19865206B65792025643A2030782530385811
S21403E1A800636D64206E6F74206275696C74007307
S21403E1B8726320657020253032782C20636C757363
S21403E1C820253034780073656E64696E6720746F33
S21403E1D8206D756C7469636173742062696E64007C
S21403E1E825733A2065703A2025642C20636C3A2000
S21403E1F83078253034582C20617474723A2030787D
S21403E20825303458002C207376723A20256300256F
S21403E218733A20726561643A203078253032780084
S21403E2282C207376723A2025632C206474797065E3
S21403E2383A2030782530325800417267756D656E1E
S21403E2487420617420696E6465783A2025642069B1
S21403E25873206F7574206F662072616E676500435E
S21403E2686F6D6D616E6420616C726561647920629E
S21403E27875696C742E202043616E6E6F7420736507
S21403E28874204D4647207370656369666963206327
S21403E2986F646520666F7220636F6D6D616E642EA2
S21403E2A8004D464720436F64652053657420666FA8
S21403E2B872206E65787420636F6D6D616E643A20A4
S21403E2C830782530345800557365204E65787420A9
S21403E2D853657175656E63652053657420666F7242
S21403E2E8206E65787420636F6D6D616E643A2030B6
S21403E2F878253032580044697361626C652044653A
S21403E3086661756C7420526573706F6E73652053FF
S21403E318657420666F72206E65787420636F6D6D02
S21403E328616E643A20307825303258004552523AA6
S21403E3382072656164696E672061747472696275B8
S21403E34874652025303278004552523A2061747439
S21403E3587269627574652073697A6520256420740A
S21403E3686F6F206C6172676520666F7220627566D0
S21403E378666572004572726F723A206174747269C8
S21403E38862757465204944203078253034582072E5
S21403E39865706F727461626C65206368616E676529
S21403E3A82069732073697A65202564422C20627578
S21403E3B8742025644220656E74657265640A006E6F
S21403E3C86F20636D64004572726F723A20434C493E
S21403E3D82053656E64206661696C65642C207374CB
S21403E3E8617475733A203078253038580045727250
S21403E3F86F723A2020455549363420617267756D29
S21403E408656E7420697320656D70747920616E6417
S21403E418206C6F6F6B7570206279206E6F64652051
S21403E4284944206661696C65642E0047726F75708F
S21403E43800556E696361737400556E62696E642075
S21403E4482573202573307825303258005265717548
S21403E4586573743A20005A444F2073696D706C656F
S21403E4682064657363207265712025303278005AFC
S21403E478444F206E6F64652064657363207265710C
S21403E4882025303278005A444F206D617463682023
S21403E498646573632072657120253032580055739E
S21403E4A8696E67206D79206C6F63616C20455549EA
S21403E4B8363420666F722064657374204555493672
S21403E4C83420696E2062696E64696E67005A444F29
S21403E4D82062696E64207265712025303278006385
S21403E4E86C7573746572206C696D697420726561E6
S21403E4F86368656400696E76616C69642070616739
S21403E508653A202564206F72206368616E6E656CB9
S21403E5183A202564004368616E6765206368616E08
S21403E5286E656C207374617475733A203078253081
S21403E5383278006475726174696F6E206D757374D2
S21403E54820626520696E2072616E67652030202D13
S21403E558203500636F756E74206D7573742062655D
S21403E56820696E2072616E67652031202D20380081
S21403E5787363616E20737461747573203078253005
S21403E5883258006E6574776F726B207570646174A9
S21403E59865207365742073746174757320307825E9
S21403E5A83032580041637469766520455020726599
S21403E5B87175657374207374617475733A20307853
S21403E5C825303258004C5149205461626C652072DC
S21403E5D86571756573743A20307825303258004271
S21403E5E8696E64696E67205461626C652072657132
S21403E5F8756573743A20307825303258004C656157
S21403E608766520257330782530325800506F776545
S21403E618722044657363726970746F722025733051
S21403E6287825303258005573696E67206D79206CEB
S21403E6386F63616C20455549363420666F722064D3
S21403E64865737420455549363420696E20756E62A5
S21403E658696E64696E6700526F75746520546162EB
S21403E6686C65202573307825303258002F686F6D17
S21403E678652F72756E6E65722F776F726B2F747552
S21403E68879612D7A69676265652D7377697463683E
S21403E6982F747579612D7A69676265652D73776955
S21403E6A87463682F73696C6162735F746F6F6C73DE
S21403E6B82F73696D706C69636974795F73646B2F04
S21403E6C870726F746F636F6C2F7A69676265652FF4
S21403E6D86170702F6672616D65776F726B2F636FEB
S21403E6E86D6D6F6E2F736C5F7A69676265655F73AE
S21403E6F8797374656D5F636F6D6D6F6E2E6300451A
S21403E7087874656E64656420526573657420696EF3
S21403E718666F3A2030782530345820282573290028
S21403E7282F686F6D652F72756E6E65722F776F72B1
S21403E7386B2F747579612D7A69676265652D7377B2
S21403E748697463682F747579612D7A69676265657C
S21403E7582D7377697463682F73696C6162735F746A
S21403E7686F6F6C732F73696D706C69636974795F07
S21403E77873646B2F70726F746F636F6C2F7A69672D
S21403E7886265652F6170702F6672616D65776F724B
S21403E7986B2F636F6D6D6F6E2F7A69676265655F42
S21403E7A86170705F6672616D65776F726B5F736CAD
S21403E7B86565702E630053746179206177616B65B4
S21403E7C8207768656E206E6F74206A6F696E65645D
S21403E7D83A20257300466F72636564207374617903
S21403E7E8206177616B653A20202020202020202096
S21403E7F820257300466F7263696E672064657669C1
S21403E808636520746F2073746179206177616B6523
S21403E81800416C6C6F77696E67206465766963651B
S21403E82820746F20676F20746F20736C65657000A3
S21403E8382F686F6D652F72756E6E65722F776F72A0
S21403E8486B2F747579612D7A69676265652D7377A1
S21403E858697463682F747579612D7A69676265656B
S21403E8682D7377697463682F73696C6162735F7459
S21403E8786F6F6C732F73696D706C69636974795FF6
S21403E88873646B2F70726F746F636F6C2F7A69671C
S21403E8986265652F6170702F6672616D65776F723A
S21403E8A86B2F636F6D6D6F6E2F7A69676265655F31
S21403E8B8737461636B5F736C6565702E630052587F
S21403E8C83A205265736574546F466163746F727940
S21403E8D844656661756C747343616C6C6261636BE3
S21403E8E800657A737020636F756E7465727320663D
S21403E8F861696C656420257500657A7370205265B6
S21403E908736574205468726573686F6C64206572E7
S21403E918726F7220257500657A73702053657420AC
S21403E9285468726573686F6C64206572726F7220C0
S21403E9382575002575292025733A20257500536506
S21403E9487474696E67205468726573686F6C6420A4
S21403E958636F6D6D616E64003F3F3F004D616320DA
S21403E9685278204263617374004D616320547820A3
S21403E9784263617374004D61632052782055636166
S21403E9887374004D61632054782055636173740073
S21403E9984D616320547820556361737420526574FF
S21403E9A87279004D6163205478205563617374202F
S21403E9B84661696C00415053205278204263617364
S21403E9C874004150532054782042636173740041A5
S21403E9D85053205278205563617374004150532076
S21403E9E85478205563617374205375636365737332
S21403E9F80041505320547820556361737420526540
S21403EA0874727900415053205478205563617374A7
S21403EA18204661696C00526F757465204469736398
S21403EA2820496E69746961746564004E6569676830
S21403EA38626F72204164646564004E656967686244
S21403EA486F722052656D6F766564004E65696768F8
S21403EA58626F72205374616C65004A6F696E204951
S21403EA686E6469636174696F6E004368696C6420D9
S21403EA784D6F76656400415348204F766572666C21
S21403EA886F7700415348204672616D652045727260
S21403EA986F7200415348204F76657272756E204533
S21403EAA872726F72004E574B204643204661696C5C
S21403EAB875726500415053204643204661696C755C
S21403EAC872650041534820584F66660041505320EC
S21403EAD8556E617574686F72697A6564204B6579DB
S21403EAE8004E574B204465637279707420466169FB
S21403EAF86C75726573004150532044656372797070
S21403EB0874204661696C75726573005061636B6542
S21403EB18742042756666657220416C6C6F63617417
S21403EB2865204661696C757265730052656C617918
S21403EB3865642055636173740050687920746F2088
S21403EB484D4143207175657565206C696D69742040
S21403EB5872656163686564005061636B657420560B
S21403EB68616C69646174652064726F7020636F7585
S21403EB786E74004E574B207265747279206F7665F3
S21403EB8872666C6F7700434341204661696C757201
S21403EB9865730042726F61646361737420746162A3
S21403EBA86C652066756C6C00505441204C6F205081
S21403EBB8726920526571005054412048692050728A
S21403EBC8692052657100505441204C6F2050726979
S21403EBD82044656E69656400505441204869205096
S21403EBE872692044656E69656400505441204C6F11
S21403EBF82050726920547820416272740050544140
S21403EC082048692050726920547820416272740043
S21403EC184164647265737320436F6E666C696374CC
S21403EC282053656E740043534C20527820736368F0
S21403EC386564756C65206661696C6564000D0044DF
S21403EC4865627567207072696E742067726F757077
S21403EC582025730A0057726F6E6720706172616DA4
S21403EC68657465720A005363686564756C65206D20
S21403EC786F7665206E776B0025732025643A20250A
S21403EC8864004D6178206D6F7665206C696D6974D4
S21403EC982072656163686564206E776B2025643A25
S21403ECA820256400456E64204465766963652050B4
S21403ECB86F6C6C20496E666F726D6174696F6E0057
S21403ECC8454D4245525F454E445F44455649434584
S21403ECD85F54494D454F55543A2020202020202084
S21403ECE8256400506F6C6C20636F6D706C6574657B
S21403ECF8642063616C6C6261636B3A202573002041
S21403ED082043757272656E7420506F6C6C20496E62
S21403ED1874657276616C20287173293A2020202541
S21403ED286C640020204C6F6E6720506F6C6C204913
S21403ED386E74657276616C20287173293A202020D8
S21403ED48202020256C6400202053686F727420509E
S21403ED586F6C6C20496E74657276616C20287173CB
S21403ED68293A2020202020256C6400202057616B38
S21403ED78652054696D656F757420287173293A2068
S21403ED882020202020202020202020256C640020FE
S21403ED982057616B652054696D656F7574204269E9
S21403EDA8746D61736B3A20202020202020202030A9
S21403EDB8782530385800202043757272656E7420A3
S21403EDC8417070205461736B733A202020202020F2
S21403EDD82020202020203078253038580020204353
S21403EDE8757272656E7420506F6C6C20436F6E7408
S21403EDF8726F6C20202020202020202020257300DE
S21403EE08202044656661756C7420506F6C6C2043D3
S21403EE186F6E74726F6C2020202020202020202004
S21403EE28257300466F7263696E6720646576696347
S21403EE386520746F2073686F727420706F6C6C0033
S21403EE48416C6C6F77696E672064657669636520C5
S21403EE58746F206C6F6E6720706F6C6C00534C5F1A
S21403EE685A49474245455F41465F4C4F4E475F50B8
S21403EE784F4C4C00534C5F5A49474245455F414601
S21403EE885F53484F52545F504F4C4C00706F6C6C36
S21403EE98206E776B2025643A203078253032580068
S21403EEA846696E6420616E642042696E6420496E0A
S21403EEB869746961746F723A20436F6D706C657418
S21403EEC8653A2030782530325800537461727420BE
S21403EED87461726765740046696E6420616E6420A7
S21403EEE842696E64205461726765740025733A201C
S21403EEF825733A2030782530325800467261676D9C
S21403EF08656E746174696F6E2052582077696E64F3
S21403EF186F772073697A652073657420746F20256C
S21403EF2864002F686F6D652F72756E6E65722F7726
S21403EF386F726B2F747579612D7A69676265652DB3
S21403EF487377697463682F747579612D7A69676254
S21403EF5865652D7377697463682F73696C6162736B
S21403EF685F746F6F6C732F73696D706C6963697404
S21403EF78795F73646B2F70726F746F636F6C2F7A1D
S21403EF8869676265652F6170702F6672616D657754
S21403EF986F726B2F706C7567696E2F667261676D1B
S21403EFA8656E746174696F6E2F667261676D656EE0
S21403EFB8746174696F6E2E630052583A2041646414
S21403EFC847726F7570526573706F6E73652030780D
S21403EFD8253032582C203078253034580052583A89
S21403EFE8205669657747726F7570526573706F6ED2
S21403EFF87365203078253032582C20307825303405
S21403F008582C20220052583A2047657447726F7569
S21403F018704D656D62657273686970526573706F5B
S21403F0286E7365203078253032582C20307825309A
S21403F03832582C00205B3078253034585D005258FF
S21403F0483A2052656D6F766547726F7570526573B1
S21403F058706F6E7365203078253032582C203078E0
S21403F068253034580065705B253032585D20696456
S21403F0785B253034585D00436C656172696E6720A2
S21403F088616C6C2067726F7570732E004552523A26
S21403F098204661696C656420746F206372656174C9
S21403F0A8652062696E64696E672028307825303279
S21403F0B85829004552523A2042696E64696E6720A1
S21403F0C87461626C652069732066756C6C004552C2
S21403F0D8523A2077726974696E67206E616D65208F
S21403F0E8737570706F727420253032580052583A10
S21403F0F82041646447726F75702030782530345821
S21403F1082C20220075760052583A205669657747B0
S21403F118726F757020307825303458007576730012
S21403F128766965775F67726F75700047726F75707B
S21403F138733A206661696C656420746F2073656E24
S21403F1486420257320726573706F6E73653A20307A
S21403F1587825303258006765745F67726F75705F1D
S21403F1686D656D6265727368697020726573706F1A
S21403F1786E73650064656661756C745F726573703B
S21403F1886F6E73650052583A2047657447726F75F9
S21403F198704D656D626572736869702030782530C6
S21403F1A832582C007575620047726F7570733A2073
S21403F1B86661696C656420746F2073656E642025C8
S21403F1C8733A203078253032580052583A20526520
S21403F1D86D6F766547726F757020307825303458B2
S21403F1E8004552523A204661696C656420746F2064
S21403F1F864656C6574652062696E64696E67202849
S21403F208307825303258290072656D6F76655F67EA
S21403F218726F75700052583A2052656D6F76654165
S21403F2286C6C47726F7570730052583A2041646469
S21403F23847726F757049664964656E74696679695D
S21403F2486E67203078253034582C20220061646499
S21403F258004368616E6E656C206E6F742076616C11
S21403F26869643A202564005072696D6172790025D5
S21403F27873206D61736B206E6F7720307825303876
S21403F28858005365636F6E64617279004D61736BE2
S21403F298206E6F742076616C69643A20256400706A
S21403F2A872696D617279007365636F6E64617279F2
S21403F2B80025733A20536574202573206D61736B9C
S21403F2C820746F203078253038580053746174756D
S21403F2D8730025733A2025733A004368616E6E659A
S21403F2E86C206D61736B3A0020202020283129207A
S21403F2F8307825303858205B0020202020283229F3
S21403F30820307825303858205B0053746174653A8A
S21403F3182030782530325820282573290043757203
S21403F32872656E74206368616E6E656C3A20256438
S21403F33800546F74616C20626561636F6E733A2064
S21403F3482564004A6F696E20617474656D70747302
S21403F3583A202564004E6574776F726B2073746168
S21403F36874653A203078253032580053746F70002D
S21403F37825732053746F702E2020436C65616E6965
S21403F3886E672075702E0042726F616463617374D2
S21403F398696E67207065726D6974206A6F696E009E
S21403F3A854727573742063656E746572206C696E27
S21403F3B86B206B657920757064617465207374615E
S21403F3C87475730025733A205741524E494E473A8F
S21403F3D820736C5F7A69676265655F7365745F69D6
S21403F3E86E697469616C5F73656375726974795F56
S21403F3F87374617465206661696C65642E20436F57
S21403F4086E74696E75696E6720776974686F75744C
S21403F41820696E7374616C6C20636F64652E004597
S21403F42872726F723A20696E7374616C6C20636FC4
S21403F4386465207365747570206661696C65642EEF
S21403F44820497320616E20696E7374616C6C206347
S21403F4586F646520666C6173686564206F6E746F8D
S21403F46820746865206465766963653F00D0D1D2E9
S21403F478D3D4D5D6D7D8D9DADBDCDDDEDF00FFFF79
S21403F488FFFFFFFFFFFF005A6967426565416C6C23
S21403F49869616E636530390025733A20697373753D
S21403F4A8696E67207363616E206F6E202573206311
S21403F4B868616E6E656C7320286D61736B20307897
S21403F4C8253038582900257320697320616C7265C6
S21403F4D861647920696E2070726F67726573730052
S21403F4E85374617274004578616D696E696E67203E
S21403F4F8626561636F6E206F6E206368616E6E650A
S21403F5086C20256420776974682070616E496420CE
S21403F518307825303458005468697320626561630F
S21403F5286F6E206973206E6F742070617274206F1B
S21403F53866207468652063757272656E74206368E6
S21403F548616E6E656C206D61736B2028307825308C
S21403F5583858292E2047657474696E67206E657857
S21403F5687420626561636F6E2077686F73652063C6
S21403F57868616E6E656C206269746D61736B206971
S21403F58873207365742E004572726F723A20257362
S21403F59820636F756C64206E6F7420617474656D78
S21403F5A87074206A6F696E3A2030782530325800B6
S21403F5B84E6F20626561636F6E73206C6566742098
S21403F5C86F6E2063757272656E74206D61736B2E31
S21403F5D8204D6F76696E6720746F206E6578742089
S21403F5E87374617465002573206A6F696E696E6744
S21403F5F820307825303458206F6E206368616E6E2D
S21403F608656C2025640025732053746174653A205D
S21403F6182573004572726F723A20257320636F75DF
S21403F6286C64206E6F7420736574757020736563DD
S21403F63875726974793A20307825303258004572E5
S21403F648726F723A205363616E20636F6D706C65D8
S21403F65874652068616E646C657220726574757271
S21403F6686E6564203078253032580025732073631E
S21403F678616E20636F6D706C6574652E20426561DC
S21403F688636F6E732068656172643A20256400258B
S21403F6987320737461636B2073746174757320309D
S21403F6A87825303258002573206E6574776F726B31
S21403F6B8206A6F696E65642E0025732074727969F3
S21403F6C86E67206E657874206E6574776F726B2E1E
S21403F6D8004E6F6E65005363616E205072696D61EC
S21403F6E87279204368616E6E656C7320616E642060
S21403F6F875736520436F6E66696775726564204B1C
S21403F7086579005363616E205072696D6172792062
S21403F7184368616E6E656C7320616E6420757365ED
S21403F72820496E7374616C6C20436F646500536381
S21403F738616E205072696D617279204368616E6EDE
S21403F748656C7320616E64205573652043656E741B
S21403F75872616C697A6564204B6579005363616EE0
S21403F768205072696D617279204368616E6E656CAC
S21403F7787320616E642055736520446973747269D7
S21403F7886275746564204B6579005363616E205314
S21403F79865636F6E64617279204368616E6E656C2B
S21403F7A87320616E642075736520436F6E666967A0
S21403F7B875726564204B6579005363616E205365E3
S21403F7C8636F6E64617279204368616E6E656C73ED
S21403F7D820616E642075736520496E7374616C6C62
S21403F7E820436F6465005363616E205365636F6ED1
S21403F7F864617279204368616E6E656C7320616E0E
S21403F80864205573652043656E7472616C697A6506
S21403F81864204B6579005363616E205365636F6E8E
S21403F82864617279204368616E6E656C7320616EDD
S21403F83864205573652044697374726962757465C8
S21403F84864204B6579005363616E205072696D615D
S21403F8587279204368616E6E656C7320616E6420EE
S21403F86855736520416C6C204B6579732028696E47
S21403F8787374616C6C20636F64652C2063656E74A7
S21403F88872616C697A65642C206469737472696240
S21403F8987574656429005363616E205365636F6EE0
S21403F8A864617279204368616E6E656C7320616E5D
S21403F8B8642055736520416C6C204B65797320284A
S21403F8C8696E7374616C6C20636F64652C20636562
S21403F8D86E7472616C697A65642C206469737472D9
S21403F8E869627574656429004F6E2F4F66662073C8
S21403F8F865742076616C75653A2025303258202564
S21403F908303258004552523A2072656164696E6710
S21403F918206F6E2F6F66662025303258004F6E2F85
S21403F9286F666620616C72656164792073657420FE
S21403F938746F206E65772076616C756500546F6703
S21403F948676C65206F6E2F6F66662066726F6D2014
S21403F9582530325820746F202530325800455252CD
S21403F9683A2077726974696E67206F6E2F6F6666C2
S21403F978202530325800496E7374616C6C656420B8
S21403F98854797065202842617365293A20203078B7
S21403F99825303258004361706162696C6974696521
S21403F9A8733A20202020202020202020203078256D
S21403F9B830345800426F6F746C6F616465722056FA
S21403F9C8657273696F6E3A202020202030782530C0
S21403F9D834580053656375726520426F6F746C6F95
S21403F9E861646572204B65793A2020202020200028
S21403F9F8426F6F746C6F6164696E67206661696CC9
S21403FA0865642100446F776E6C6F61642066616974
S21403FA186C65642E0044656C6574696E6720666160
S21403FA28696C656420646F776E6C6F61642C2073F1
S21403FA3874617475733A2030782530325800496DEE
S21403FA4861676520646F6573206E6F7420636F6EDD
S21403FA587461696E20616E205570677261646520F3
S21403FA68496D6167652054616720283078253034EE
S21403FA7858292E20536B697070696E6720757067F6
S21403FA88726164652E00457865637574696E6720D0
S21403FA98626F6F746C6F61642063616C6C62616320
S21403FAA86B2E005374617274696E672045424C204E
S21403FAB8766572696669636174696F6E0045424C60
S21403FAC8206661696C656420766572696669636138
S21403FAD874696F6E2E0045424C20706173736564BB
S21403FAE820766572696669636174696F6E2E002590
S21403FAF873696E67204F544120636C69656E742082
S21403FB087374617465206D616368696E65007374E8
S21403FB186F7070004572726F723A204E6F20696D6F
S21403FB2861676520617420696E64657820256400C2
S21403FB384E6F7420737570706F727465642E00430D
S21403FB486C69656E7420696D616765207175657289
S21403FB587920696E666F004D616E75662049443A72
S21403FB6820202020202020202030782530345800DC
S21403FB78496D61676520547970652049443A2020A9
S21403FB8820203078253034580043757272656E74B9
S21403FB982056657273696F6E3A20203078253038A0
S21403FBA85800486172647761726520566572736996
S21403FBB86F6E3A20004E4100517565727920446590
S21403FBC86C6179206D733A20202020202020202085
S21403FBD8202020256C64005365727665722044697C
S21403FBE873636F766572792044656C6179206D73EB
S21403FBF83A20256C6400446F776E6C6F616420440A
S21403FC08656C6179206D733A2020202020202020FF
S21403FC1820256C640052756E2055706772616465A2
S21403FC282044656C6179206D733A202020202020BB
S21403FC38256C64005665726966792044656C61793B
S21403FC48206D733A202020202020202020202025E5
S21403FC586C6400446F776E6C6F6164204572726FD4
S21403FC6872205468726573686F6C643A2020256442
S21403FC78005570677261646520576169742054681B
S21403FC88726573686F6C643A202020202564004FE1
S21403FC98544120446F776E6772616465733A2044F3
S21403FCA8697361626C6564004F544120446F776ED4
S21403FCB86772616465733A20456E61626C656400B9
S21403FCC8426F6F746C6F61642073746174653A2055
S21403FCD8257300496E76616C696420455020256457
S21403FCE8207768656E20747279696E6720746F2052
S21403FCF873656E64204F5441206D65737361676541
S21403FD082E0053656E64696E67205570677261646A
S21403FD186520456E6420726571756573742E0025BB
S21403FD28733A20696E76616C696420636D6449640E
S21403FD3820307825303258004572726F723A202088
S21403FD484661696C656420746F2073656E64204F22
S21403FD58544120636F6D6D616E64203078253032B0
S21403FD68582C207374617475733A203078253032B2
S21403FD78580053657276657220756E6B6E6F776E74
S21403FD882C2066616C6C696E67206261636B2074F5
S21403FD986F20646973636F766572792E004D617898
S21403FDA8696D756D207175657279206572726F72EB
S21403FDB8732068697420282564292C20737461725B
S21403FDC874696E672073656172636820666F722054
S21403FDD86E6577204F5441207365727665722E0AD6
S21403FDE8004170706C79696E67207570677261641C
S21403FDF8650025733A20696E76616C6964206F66C0
S21403FE08667365742063757272656E7454696D657E
S21403FE182830782530385829203E20757067726157
S21403FE28646554696D652830782530385829004F3D
S21403FE38544120436C75737465723A20776169740C
S21403FE4820666F72202564207300525865642074F8
S21403FE58696D654F75742030782530385820732CB3
S21403FE68204D41582074696D654F75742030782588
S21403FE783038582073004D6178696D756D2075703C
S21403FE886772616465207265717565737473206D36
S21403FE98616465202825642920776974686F7574FA
S21403FEA820726573706F6E73652066726F6D20734C
S21403FEB865727665722E00557067726164696E673F
S21403FEC820616E79776179004F54412053657276C5
S21403FED869636520646973636F76657279207072E7
S21403FEE86576656E746564202D20616E6F7468652B
S21403FEF87220697320616C726561647920696E206B
S21403FF0870726F6772657373004661696C65642007
S21403FF18746F20696E697469617465207365727697
S21403FF2869636520646973636F766572792E004F1B
S21403FF385441205365727669636520446973636F19
S21403FF487665727920696E2070726F67726573734F
S21403FF5800436C69656E74207665726966696361C9
S21403FF6874696F6E206661696C65642E00536967F1
S21403FF786E617475726500437573746F6D00706196
S21403FF8873736564004641494C4544004E6F2073BD
S21403FF9869676E61747572652076657269666963EA
S21403FFA86174696F6E20737570706F72742C20613C
S21403FFB87373756D696E6720696D6167652069730C
S21403FFC8206F6B61792E00257320766572696669E2
S21403FFD8636174696F6E2025733A20307825303252
S21403FFE858004D6178696D756D206E756D62657222
S21403FFF8206F6620646F776E6C6F6164206572721B
S2140400086F727320726561636820282564292C2022
S21404001861626F7274696E672E004F544120436C98
S21404002875737465723A2073657474696E672049CB
S2140400384545452061646472657373206F66204F76
S214040048544120636C7573746572005061727469E8
S214040058616C2066696C6520646F776E6C6F61648A
S21404006820666F756E642C20636F6E74696E75698E
S2140400786E672066726F6D206F66667365742030CF
S214040088782530385800466F756E642066756C6C33
S2140400987920646F776E6C6F616465642066696C3A
S2140400A86520696E2073746F7261676520287665AB
S2140400B87273696F6E20307825303858292E0046BA
S2140400C86F756E642066696C6520696E2073746F3C
S2140400D87261676520776974682064696666657204
S2140400E8656E742076657273696F6E20283078257D
S2140400F830385829207468616E2063757272656E8C
S214040108742076657273696F6E20283078253038C7
S21404011858290046696C6520696E2073746F72618D
S21404012867652069732073616D6520617320637544
S2140401387272656E742072756E6E696E6720766567
S2140401487273696F6E202830782530385829004E27
S2140401586F20696D61676520666F756E6420696EC9
S2140401682073746F726167652E004F54412053657F
S214040178727669636520446973636F76657279205D
S214040188756E626C6F636B65640049676E6F72693F
S2140401986E67207365727665722066726F6D206C62
S2140401A86F6F706261636B20616464726573730059
S2140401B849676E6F72696E67203078253034582028
S2140401C84F54412073657276657220696E20736594
S2140401D861726368206F66205443005365747469BB
S2140401E86E67204F54412053657276657220746F8B
S2140401F8203078253034580044656C6179696E6718
S214040208202564207365636F6E6473206265666F69
S2140402187265207374617274696E67204F54412046
S214040228636C69656E740054696D656F75742077C0
S214040238616974696E6720666F72206D6573736191
S21404024867652E00426164204F544120636F6D6DCC
S214040258616E643A20307825303258004F54412075
S214040268636F6D6D616E6420307825303258207463
S2140402786F6F2073686F727420286C656E2025640F
S214040288203C206D696E20256429004F5441206364
S2140402986F6D6D616E642066726F6D20756E726523
S2140402A8636F676E697A6564207365727665722013
S2140402B83078253034582E20204D79204F5441204C
S2140402C87365727665723A2030782530345800495A
S2140402D86D616765204E6F7469667900476F742090
S2140402E8756E65787065637465642025732E2020A2
S2140402F8537461727420646973636F766572792EB9
S2140403080064656661756C74004F54413A206661F2
S214040318696C656420746F2073656E642025732089
S214040328726573706F6E73653A203078253032586C
S21404033800496D616765206E6F7469667900476F5A
S2140403487420756E65787065637465642025732EED
S214040358202049676E6F7265642E004F54413A2018
S21404036844656661756C7420726573706F6E736528
S21404037820666F7220496D616765206E6F746966C2
S214040388792C20737461747573203078253032584C
S21404039800496D616765206E6F7469667920636FBE
S2140403A86D6D616E6400257320756E696361737480
S2140403B82C207175657279696E6700496E76616C72
S2140403C86964002573202573207061796C6F6164F5
S2140403D820747970652030782530325800257320CB
S2140403E825733A206F7574206F662072616E676590
S2140403F8206A697474657220256400257320257341
S2140404083A207061796C6F6164206C656E677468F5
S21404041820646F65736E2774206D61746368207436
S2140404287970652030782530325820282564203C99
S2140404382025642900257320257320647565207497
S2140404486F206E6F6E2D6D61746368696E67206DBC
S214040458616E756661637475726572204944002519
S214040468732025732064756520746F206E6F6E2D57
S2140404786D61746368696E6720696D616765207469
S21404048879706520494400257320257320647565B2
S21404049820746F206D61746368696E67206669727C
S2140404A86D776172652076657273696F6E00257361
S2140404B82025732C2052782764204A697474657240
S2140404C82028307825303258292C205069636B65EB
S2140404D864204A6974746572202830782530325846
S2140404E829005175657279206E65787420696D6186
S2140404F8676520726573706F6E7365002573207266
S214040508657475726E6564203078253032582E20EE
S214040518204E6F206E657720696D61676520746F5D
S21404052820646F776E6C6F61642E00257320746F79
S2140405386F2073686F727420282564203C20256415
S214040548290025733A204E657720696D6167652012
S214040558697320617661696C61626C6520666F7286
S21404056820646F776E6C6F61642E00257320697340
S214040578206E6F74207573696E67206D7920696DB7
S21404058861676520696E666F2E004552524F523A6F
S214040598204E65787420496D6167652069732074F8
S2140405A86F6F2062696720746F2073746F7265209A
S2140405B828307825303858203E203078253038586A
S2140405C8290025732072657475726E6564207361DC
S2140405D86D652046696C6556657273696F6E206131
S2140405E8732063757272656E746C7920696E7374A1
S2140405F8616C6C65642E004F544120446F776E67B7
S21404060872616465732044697361626C65643A2038
S21404061846696C6556657273696F6E2062656869AB
S2140406286E642063757272656E7420696E73746185
S2140406386C6C6174696F6E005374617274696E676A
S21404064820646F776E6C6F61642C205665727369CC
S2140406586F6E20307825303858004572726F723ABB
S214040668204661696C656420746F2064656C6574E3
S2140406786520696D6167652E004572726F723A204F
S2140406884661696C656420746F20657261736520C1
S2140406986F6C642074656D7020646174612E004903
S2140406A86D61676520626C6F636B20726573706F2B
S2140406B86E7365004F54413A20496D616765426C14
S2140406C86F636B5265706F6E736520636F6E7461CB
S2140406D8696E7320696E76616C6964206F7220692E
S2140406E86E636F6D706C6574652064617461005523
S2140406F870646174696E67204D696E20426C6F631E
S2140407086B205265717565737420506572696F64E1
S21404071820746F202564206D7300446F776E6C6FA9
S21404072861642064656C61792062792073657276E9
S2140407386572202564206D7300446F776E6C6F6154
S214040748642061626F7274656420627920736572CE
S2140407587665722E0053657276657220646F6573CB
S2140407686E277420737570706F7274207061676575
S21404077820726571756573742C206F6E6C7920759C
S21404078873696E6720626C6F636B2072657175653A
S21404079873742E005365727665722072657475726A
S2140407A86E65642027756E737570706F72746564F1
S2140407B820636C757374657220636F6D6D616E6407
S2140407C8272E00556E6B6E6F776E20257320737414
S2140407D86174757320636F646520307825303258E9
S2140407E80025732068617320646174612073697AD4
S2140407F865202825642920736D616C6C65722074E5
S21404080868616E2061637475616C207061636B65E2
S214040818742073697A6520282564292E0025732098
S2140408286572726F723A20457870656374656420E1
S2140408386F6666736574203078253038582C2062C5
S214040848757420676F74203078253038582E202029
S21404085849676E6F72696E6700257320696E666FE6
S21404086820646964206E6F74206D61746368206DFB
S2140408787920657870656374656420696E666F2E82
S214040888202044726F7070696E672E004661696C2A
S214040898656420746F20777269746520746F20739A
S2140408A8746F7261676520646576696365210044C0
S2140408B86F776E6C6F61640055706772616465204B
S2140408C8656E6420726573706F6E73650053657227
S2140408D87665722061626F727465642075706772DB
S2140408E86164652C207374617475733A20307825B6
S2140408F8303258004572726F723A20257320686148
S2140409086420696E76616C69642025733A200066F3
S214040918696C652076657273696F6E0041646469F4
S2140409286E67202564206D732E2064656C617920BB
S214040938666F7220696D6D6564696174652075708B
S21404094867726164652E00436F756E74646F776EA4
S21404095820746F20757067726164653A2025642078
S2140409686D73002053746174653A20202025730043
S2140409782057616974696E6720666F7220726573A2
S214040988706F6E73653A20257300204E6578742060
S2140409984576656E742054696D65723A2025642020
S2140409A86D73002043757272656E7420446F776E9B
S2140409B86C6F6164204F66667365743A20307825D8
S2140409C8303858202825642525290025733A2066BA
S2140409D861696C65642070617273696E67204F5430
S2140409E84120636D6420307825303258004F5441D6
S2140409F82044656661756C7420726573706F6E73D7
S214040A086520746F20636F6D6D616E6420494420A1
S214040A183078253032582C207374617475732030FE
S214040A28782530325800496D61676520626C6F63BB
S214040A386B20726571756573742074657374206FA2
S214040A486E6C7920776F726B73207768656E207387
S214040A587461746520697320424F4F544C4F414467
S214040A685F53544154455F4E4F4E450052616E6481
S214040A786F6D2044656C6179206265666F726520C7
S214040A88737461727400446973636F766572696E11
S214040A9867204F5441205365727665720047657423
S214040AA8204F544120536572766572204555490097
S214040AB84F627461696E206C696E6B206B65790091
S214040AC85175657279696E67204E65787420496D2C
S214040AD861676500446F776E6C6F6164696E672042
S214040AE8496D61676500566572696679696E67203F
S214040AF8496D6167650057616974696E6720666F3A
S214040B08722055706772616465206D6573736167DA
S214040B186500436F756E74646F776E20746F205526
S214040B287067726164650057616974696E672074DA
S214040B386F207570677261646520766961206F75C9
S214040B48742D6F662D62616E64206D656368616ED0
S214040B5869736D0025733A202564252520636F6D17
S214040B68706C65746500496D6167652025640020AE
S214040B78204552524F523A20436F756C64206E6F6C
S214040B8874206765742066756C6C20686561646596
S214040B987221002020486561646572205665727368
S214040BA8696F6E3A2030782530345800202048651E
S214040BB861646572204C656E6774683A2020256403
S214040BC82062797465730020204669656C64204346
S214040BD86F6E74726F6C3A20203078253034580063
S214040BE820204D616E75662049443A202020202036
S214040BF82020307825303458002020496D616765F8
S214040C0820547970653A2020202020307825303406
S214040C185800202056657273696F6E3A202020208B
S214040C28202020203078253038580020205A69673C
S214040C386265652056657273696F6E3A203078254A
S214040C4830345800202048656164657220537472F5
S214040C58696E673A20202573002020496D61676510
S214040C682053697A653A2020202020256C64206267
S214040C7879746573002020536563757269747920E6
S214040C88437265643A202030782530325800202094
S214040C985570677261646520446573743A20202031
S214040CA80020204D696E2E204857205665723A203B
S214040CB82020203078253034580020204D61782EA6
S214040CC8204857205665723A202020203078253050
S214040CD83458002020546F74616C20546167733A4A
S214040CE820256400202020205461673A2030782587
S214040CF8303458002020202020204C656E67746805
S214040D083A20256C64004572726F723A20436F75F8
S214040D186C64206E6F74206F627461696E207461EF
S214040D286720696E666F2066726F6D20696D6167ED
S214040D38652E000A256420696D6167657320696EEF
S214040D48204F54412073746F726167652E00496D95
S214040D586167652064656C65746525732E00457245
S214040D68726F723A2020436F756C64206E6F74201D
S214040D787265616420626C6F636B3A203078253044
S214040D8832582E0A005374617274696E672065724D
S214040D986173652066726F6D206F6666736574206E
S214040DA830782530385820746F20307825303858F5
S214040DB800436F756C64206E6F742073746172746C
S214040DC82045524153452120283078253032582969
S214040DD800454550524F4D20457261736520636F38
S214040DE86D706C657465002F686F6D652F72756E0F
S214040DF86E65722F776F726B2F747579612D7A69A9
S214040E08676265652D7377697463682F747579618D
S214040E182D7A69676265652D7377697463682F73BD
S214040E28696C6162735F746F6F6C732F73696D702E
S214040E386C69636974795F73646B2F70726F746F0F
S214040E48636F6C2F7A69676265652F6170702F66A9
S214040E5872616D65776F726B2F706C7567696E2F2C
S214040E686F74612D73746F726167652D73696D7025
S214040E786C652D656570726F6D2F6F74612D737454
S214040E886F726167652D656570726F6D2D70616729
S214040E98652D65726173652E63002F686F6D652F07
S214040EA872756E6E65722F776F726B2F74757961B3
S214040EB82D7A69676265652D7377697463682F741C
S214040EC87579612D7A69676265652D7377697463C8
S214040ED8682F73696C6162735F746F6F6C732F73BA
S214040EE8696D706C69636974795F73646B2F70726B
S214040EF86F746F636F6C2F7A69676265652F6170AC
S214040F08702F6672616D65776F726B2F706C75677C
S214040F18696E2F6F74612D73746F726167652D73B4
S214040F28696D706C652D656570726F6D2F6F746171
S214040F382D73746F726167652D656570726F6D2E9B
S214040F4863004F54412053696D706C652053746F69
S214040F587261676520454550524F4D207761726E21
S214040F68696E673A20636F756C64206E6F742067C9
S214040F78657420736C6F7420696E666F20666F7272
S214040F8820736C6F7420256420286572726F722033
S214040F98307825303258292E2044656661756C747D
S214040FA8696E6720746F2073706563696669656423
S214040FB82061646472657373206F66667365747300
S214040FC80053746F72616765204472697665723A75
S214040FD8202020202020202020202020204F54417C
S214040FE82053696D706C652053746F726167652051
S214040FF8454550524F4D20506C7567696E005265D2
S2140410086164204D6F646966792057726974652037
S214041018537570706F72743A20206E6F00534F4386
S21404102820426F6F746C6F6164696E6720537570C5
S214041038706F72743A2020202079657300426F6FAF
S214041048746C6F616465722053746F72616765208F
S214041058537570706F72743A20557365206669729A
S214041068737420736C6F7400536C6F7420746F20E1
S2140410787573653A20202020202020202020202058
S2140410882020202025640043757272656E742044FF
S2140410986F776E6C6F6164204F66667365743A206A
S2140410A82020203078253038580045424C20537488
S2140410B8617274204F66667365743A202020202077
S2140410C820202020202030782530385800454550E8
S2140410D8524F4D2053746172743A202020202020E9
S2140410E82020202020202020203078253038580042
S2140410F8454550524F4D20456E643A202020202006
S2140411082020202020202020202020203078253051
S214041118385800496D61676520496E666F205374B8
S2140411286172743A2020202020202020202020309D
S21404113878253038580053617665205261746520E6
S21404114828627974657329202020202020202020F6
S2140411582020307825303858004F6666736574202A
S2140411686F6620646F776E6C6F6164206F66667353
S2140411786574202020307825303858004F6666730A
S2140411886574206F662045424C206F6666736574E6
S2140411983A20202020202020307825303858004F48
S2140411A86666736574206F6620696D61676520736B
S2140411B8746172743A202020202020307825303834
S2140411C85800736C5F7A69676265655F61665F6F0E
S2140411D874615F73746F726167655F64726976655C
S2140411E8725F726561645F63622829206661696C50
S2140411F865642100426164206D61676963206E75C9
S2140412086D62657220696E2066696C653A2030786E
S214041218253032582030782530325820307825301A
S214041228325820307825303258004261642076657A
S2140412387273696F6E20696E2066696C65203078F3
S21404124825303458004572726F723A2072656164AC
S214041258416E6456616C696461746553746F726533
S21404126864496D6167652829207472696564207409
S2140412786F2072656164206D6F72652064617461A5
S214041288207468616E20697420636F756C642068C6
S2140412986F6C642E00736C5F7A69676265655F615C
S2140412A8665F6F74615F73746F726167655F64729B
S2140412B8697665725F726561645F63622829204691
S2140412C841494C454421004C617374206F6666732B
S2140412D8657420646F776E6C6F616465643A203059
S2140412E878253038580053746F72616765204D6FDF
S2140412F864756C653A204F54412053696D706C656B
S2140413082053746F7261676520506C7567696E0048
S214041318496D616765732053746F7265643A20205B
S2140413282564206F6620310A00253032583A006555
S21404133870202530325820636C7573202530345855
S21404134820617474722025303458207376722025F0
S2140413586300206D66672025303258002072657059
S2140413686F7274206D696E2025303458206D61784C
S2140413782025303458207270742D63686720253011
S21404138838580020726563656976652066726F6DE5
S214041398202530345820657020253032582074694A
S2140413A86D656F7574202530345800636C656172FA
S2140413B80072656D6F766500636C656172696E6749
S2140413C8206C617374207265706F72742074696D12
S2140413D865206F6620616C6C20617474726962752E
S2140413E87465730074657374696E672074696D69CF
S2140413F86E67206F6620766172696F7573207265F2
S214041408706F7274696E67206F7065726174696F45
S2140414186E73002D2D2D2D2D2D2D2D2D2D2D2D2D91
S2140414282D2D2D2D2D2D2D2D2D2D2D2D2D2D2D2DDB
S2140414382D2D2D2D2D2D2D2D2D2D2D2D2D2D2D2DCB
S2140414482D2D002D2D7461626C65207265616473A0
S214041458202D2066756C6C207461626C652D2D00D9
S214041468726573756C74203D202564206D73002D99
S2140414782D696E6974202F207363686564756C65BE
S214041488207469636B2D2D2D002D2D6C6F616420DF
S214041498636F6E66696775726174696F6E206465DA
S2140414A86661756C74732D2D002F686F6D652F72C9
S2140414B8756E6E65722F776F726B2F747579612DE2
S2140414C87A69676265652D7377697463682F7475BE
S2140414D879612D7A69676265652D737769746368BF
S2140414E82F73696C6162735F746F6F6C732F7369A3
S2140414F86D706C69636974795F73646B2F70726F4F
S214041508746F636F6C2F7A69676265652F61707094
S2140415182F6672616D65776F726B2F706C7567696D
S2140415286E2F7265706F7274696E672F7265706F4E
S2140415387274696E672E6300524541445F52505474
S2140415485F43464700726561645F7265706F7274C4
S214041558696E675F636F6E66696775726174696FD3
S2140415686E005265706F7274696E673A20666169B8
S2140415786C656420746F2073656E6420257320720E
S2140415886573706F6E73653A20307825303258006C
S2140415984552523A2072656164696E6720636C75B9
S2140415A873746572203078253034582061747472E8
S2140415B86962757465203078253034583A20307856
S2140415C825303258004552523A207265706F72744C
S2140415D8696E67206F66204C4F4E47207374726995
S2140415E86E672061747472696275746520747970A4
S2140415F865206E6F7420737570706F727465643AC4
S21404160820636C75737465722030782530345820DE
S214041618617474726962757465203078253034583C
S214041628005265706F7274696E6720456E747279BD
S2140416382046756C6C202D206372656174696E672C
S214041648206E6577207265706F7274004346475F34
S21404165852505400202D20646972656374696F6E55
S2140416683A253032582C20617474723A253034582E
S21404167800202020747970653A253032582C206D65
S214041688696E3A253034582C206D61783A25303402
S21404169858002020206368616E67653A0020202081
S2140416A874696D656F75743A2530345800636F6EC7
S2140416B86669677572655F7265706F7274696E675E
S2140416C8002054434C4B2075706461746520616C2B
S2140416D8726561647920696E2070726F67726573CB
S2140416E873004D616E75616C2054434C4B207570C5
S2140416F864617465206661696C65642E257300539D
S21404170874617274696E6720757064617465207498
S214041718727573742063656E746572206C696E6B7B
S214041728206B65792070726F6365737300557064F7
S214041738617465205443204C696E6B204B657900B0
S214041748204E6577206B65792065737461626C69D1
S214041758736865643A00204572726F723A00506185
S21404176872746E65723A20005A434C20676C6F6236
S214041778616C20636C757374657220636F6D6D613C
S2140417886E647300646972656374696F6E00646975
S21404179873632D636F6D2D67656E00646973632DBF
S2140417A8636F6D2D726563006578706563742D725A
S2140417B865706F72742D66726F6D2D6D6500757722
S2140417C872697465006E7772697465007265706F05
S2140417D872742D726561640073656E642D6D652D73
S2140417E8612D7265706F72740043726561746573F7
S2140417F8206120676C6F62616C20646973636F761E
S214041808657220636F6D6D616E6420666F722074F6
S2140418186865206173736F636961746564207661B3
S2140418286C7565732E00636C757374657249641FF2
S21404183861747472696275746549641F6D61784E63
S214041848756D626572546F5265706F72741F0043CB
S214041858726561746573206120676C6F62616C20C1
S21404186873656E64206D652061207265706F72748E
S21404187820636F6D6D616E6420666F722074686590
S214041888206173736F6369617465642076616C752F
S21404189865732E00636C757374657249641F61748E
S2140418A87472696275746549641F646174615479F5
S2140418B870651F6D696E5265706F727454696D65D4
S2140418C81F6D61785265706F727454696D651F7206
S2140418D865706F727461626C654368616E67651FD4
S2140418E80043726561746573206120676C6F62617A
S2140418F86C2072656164207265706F7274696E67B5
S21404190820636F6D6D616E6420666F7220746865FF
S214041918206173736F63696174656420636C75739F
S2140419287465722C206174747269627574652061BA
S2140419386E64207365727665722F636C69656E745F
S21404194820646972656374696F6E2E00636C7573C0
S21404195874657249641F6174747269627574654942
S214041968641F646972656374696F6E1F00476C6FE1
S21404197862616C207265706F7274696E6720636F3B
S2140419886D6D616E6400656E64706F696E741F6356
S2140419986C757374657249641F61747472696275D0
S2140419A8746549641F6D61736B1F004372656174C7
S2140419B86573206120676C6F62616C207265616470
S2140419C820636F6D6D616E64206D65737361676502
S2140419D820746F20726561642066726F6D20746867
S2140419E86520636C757374657220616E6420617417
S2140419F8747269627574652073706563696669656F
S214041A08642E00636C757374657249641F6174741C
S214041A1872696275746549641F004372656174650A
S214041A2873206120676C6F62616C207772697465D5
S214041A3820636F6D6D616E64206D65737361676591
S214041A4820746F20777269746520746F20746865D3
S214041A5820636C757374657220616E642061747497
S214041A68726962757465207370656369666965640E
S214041A7800636C757374657249641F617474726963
S214041A886275746549641F747970651F646174614E
S214041A981F0043726561746520612065787065630C
S214041AA8742D7265706F72742D66726F6D2D6D6508
S214041AB8206D657373616765207769746820617340
S214041AC8736F6369617465642076616C7565732EDB
S214041AD800636C757374657249641F617474726903
S214041AE86275746549641F74696D656F75741F0043
S214041AF8437265617465206120446973636F766513
S214041B087220436F6D6D616E64732047656E6572EF
S214041B186174656420636F6D6D616E6420776974A3
S214041B2868206173736F6369617465642076616C99
S214041B387565732E00636C757374657249641F73D8
S214041B4874617274436F6D6D616E6449641F6D6170
S214041B5878436F6D6D616E6449641F0053657473D2
S214041B682074686520646972656374696F6E20669C
S214041B786F7220676C6F62616C20636F6D6D616E47
S214041B8864732C2065697468657220636C69656E75
S214041B987420746F20736572766572206F72207372
S214041BA8657276657220746F20636C69656E742E30
S214041BB80053657473206120666C616720736F2018
S214041BC87468617420746865206170706C696361F8
S214041BD874696F6E206672616D65776F726B2057D5
S214041BE8494C4C204E4F5420726573706F6E6420B7
S214041BF8746F20746865206E657874205A434C2088
S214041C086D657373616765207468617420636F6DAE
S214041C18657320696E206F76657220746865206126
S214041C2869722E0053657473206120666C616720A0
S214041C38736F207468617420746865206170706CB2
S214041C4869636174696F6E206672616D65776F7219
S214041C586B2057494C4C20726573706F6E64207401
S214041C686F20746865206E657874205A434C206D1E
S214041C78657373616765207468617420636F6D6546
S214041C887320696E206F76657220746865206169B2
S214041C98722E0053657473207468652044697361F2
S214041CA8626C652044656661756C74205265737051
S214041CB86F6E7365204672616D6520436F6E74722D
S214041CC86F6C2062697420746F2075736520666F64
S214041CD87220746865206E65787420636F6D6D6114
S214041CE86E642069662074686520636F6D6D616E26
S214041CF864206973206E6F7420616C726561647900
S214041D08206275696C742E0064697361626C65443C
S214041D18656661756C74526573706F6E73651F00C3
S214041D28536574732074686520666C616720746FE5
S214041D38207573652074686520696E6372656D65C1
S214041D486E7465642073657175656E6365206E755B
S214041D586D6265722066726F6D207468652066729F
S214041D68616D65776F726B20666F72207468652084
S214041D786E6578742072617720636F6D6D616E642A
S214041D882E007573654E65787453657175656E6354
S214041D98651F00436C6920636F6D6D616E64207403
S214041DA86F2063616C6C20736C5F7A696762656523
S214041DB85F61665F7365745F74696D652066756ECA
S214041DC86374696F6E20646F63756D656E7465649D
S214041DD820696E2061662E680075746354696D65A3
S214041DE81F0053657473207468652074776F2062C7
S214041DF8797465206D616E75666163747572657253
S214041E08207370656369666963206964656E7469BE
S214041E186669657220746F2075736520666F722014
S214041E28746865206E65787420636F6D6D616E6482
S214041E382069662074686520636F6D6D616E642022
S214041E486973206E6F7420616C72656164792062B0
S214041E5875696C742E006D66675370656369666988
S214041E686349641F006E6F742000534C5F535441DB
S214041E785455535F4E4554574F524B5F5550203078
S214041E8878253034580054727573742043656E741C
S214041E986572204555492068617320257363686117
S214041EA86E6765642E00534C5F5354415455535F14
S214041EB84E4554574F524B5F444F574E00534C5F52
S214041EC85354415455535F4E4F545F4A4F494E45F9
S214041ED84400534C5F5354415455535F5A49474240
S214041EE845455F4E4554574F524B5F4F50454E45F8
S214041EF8443A2025642073656300534C5F53544169
S214041F085455535F5A49474245455F4E4554574FC3
S214041F18524B5F434C4F5345440025733A20257370
S214041F280064697374726962757465640063656EC7
S214041F387472616C697A656400466F726D00257305
S214041F48696E67206F6E2063682025642C20706194
S214041F586E496420307825303458004572726F72A2
S214041F683A2044657669636520646F6573206E6FEE
S214041F787420737570706F7274202573206E657480
S214041F88776F726B20666F726D6174696F6E004A44
S214041F986F696E00496E76616C6964205365637573
S214041FA8726974792050726F66696C653A20307865
S214041FB82530325800704A6F696E20666F72202585
S214041FC864207365633A20307825303258004C69AB
S214041FD86D6974696E67206475726174696F6E20C2
S214041FE86F66207065726D6974206A6F696E206604
S214041FF8726F6D20666F7265766572202832353585
S2140420082920746F203235340052583A205A444FE7
S2140420182C20636F6D6D616E6420307825303458DB
S2140420282C207374617475733A20307825303258CE
S2140420380053696D706C650052583A202573204425
S2140420486573632052657370004D61746368002C71
S214042058204D6174636865733A2025640044657688
S21404206869636520416E6E6F756E63653A203078D5
S214042078253034580052583A20494545452041648D
S214042088647265737320526573706F6E736500525D
S214042098583A204163746976652045502052657322
S2140420A8706F6E73652C20436F756E743A202564C2
S2140420B8004E6F6465002C204D6174636865733A3E
S2140420C82030782530345800737461636B20766545
S2140420D8722E205B25642E25642E25640020257325
S2140420E8206275696C642025645D005A444F005369
S2140420F84500484100436C757374657200476C6FFD
S21404210862616C0025737478203078253038582C32
S214042118200050726F66696C653A20257320283053
S2140421287825303458292C20436C75737465723AB4
S214042138203078253034582C20256420627974653C
S214042148732C00205A434C20257320436D64204981
S214042158443A202564005072652D52656C65617397
S2140421686500416C706861203100416C70686120BC
S2140421783200416C70686120330042657461203116
S214042188004265746120320042657461203300475A
S2140421984100526573657420696E666F3A2030781C
S2140421A82530325820282573290064656C657465C3
S2140421B82062696E64696E673A2025303258202595
S2140421C8303258000102030405060708090A0B0CF6
S2140421D80001010101010101010101010100575239
S2140421E8495445204552523A2000257365702025E7
S2140421F830325820636C7573202530345820617447
S21404220874722025303458206E6F7420737570707D
S2140422186F72746564002573696E76616C696420F0
S21404222864617461207479706500257361747472CE
S214042238206E6F74207772697461626C65005752F9
S2140422484954453A206E6F2077726974652C206A63
S2140422587573742061207465737400524541443A5A
S214042268206174747269627574652073697A65206E
S214042278746F6F206C6172676520666F7220636185
S2140422886C6C657200636C6E7400737276720052BE
S2140422985700524F00202052414D20200020746FD2
S2140422A86B656E200065787465726E2000454E4432
S2140422B8504F494E54202530325800636C757320AD
S2140422C82F2073696465202F2061747472202F2070
S2140422D86D666720202F74797065286C656E292FC3
S2140422E8207277202F2073746F72616765202F2001
S2140422F86461746120287261772900253034582077
S2140423082F202573202F2025303458202F200020F6
S2140423182F202530325820282530325829202F20BF
S2140423282573202F202573202F2000556E73757073
S214042338706F72746564004F544120524541443AA4
S2140423482065703A25303258206369643A2530345B
S214042358582061747469643A25303458206D736B58
S2140423683A25303258206D66636F64653A253034F2
S2140423785800524541443A20636C7573202530341E
S214042388582C20617474722025303458206661698C
S2140423986C6564202530325800524541443A20631F
S2140423A86C757320253034582C206174747220257B
S2140423B83034582C20646174614C656E3A2025309C
S2140423C832582C204F4B00282563292530325825AF
S2140423D83032582530325825303258253032582570
S2140423E830325825303258253032580064697361C3
S2140423F8626C65002573642C2064726F7070696E55
S214042408672065702030782530325820636C7573E1
S2140424182030782530345820636D64203078253091
S21404242832580047656E6572617465640052656368
S214042438656976656400446973636F7665722043DC
S2140424486F6D6D616E647320726573706F6E7365FD
S2140424582028636F6D706C6574653A202563292C93
S214042468202573204944733A2000307825303258A2
S21404247820005F45585400524541445F4154545225
S2140424880057524954453A20636C757320253034F6
S2140424985820617474722025303458200046414907
S2140424A84C20253032580057524954453A20746F08
S2140424B86F2073686F727400444953435F415454E1
S2140424C85200257325733A20636C757320253034BF
S2140424D8580053766320446973633A20002573577B
S2140424E8616974696E672025642073656320666F66
S2140424F87220646973636F7665727920746F2063DB
S2140425086F6D706C65746500537461746520636FD1
S21404251872726573706F6E64696E6720746F207468
S2140425286865207468652072657175657374206EB5
S2140425386F7420666F756E640A002573636F6D701A
S2140425486C6574652E0A002573536572766963652F
S21404255820446973636F7665727920537461746571
S214042568206C696D69747320726561636865640AB2
S214042578002573496C6C6567616C2062726F6164D0
S2140425886361737420616464726573732C20726566
S2140425986D617070696E6720746F2076616C69640B
S2140425A8206F6E652E0025734661696C6564207419
S2140425B86F2073656E64206D617463682064697344
S2140425C8636F766572793A2030782530325800255C
S2140425D8735374617274696E6720646973636F7683
S2140425E865727920666F7220636C757374657220E1
S2140425F83078253034580025734661696C65642044
S214042608746F2073656E642073696D706C652064DE
S214042618657363726970746F722072657175657319
S214042628743A203078253032580025734661696C30
S214042638656420746F2073656E642049454545209B
S2140426486164647265737320726571756573743A30
S214042658203078253032580025734661696C6564E5
S21404266820746F2073656E64204E574B2061646433
S2140426787265737320726571756573743A20307861
S21404268825303258004572726F723A2025732062DC
S21404269861642073696D706C652064657363726920
S2140426A870746F72206C656E6774682E0025734D9F
S2140426B865737361676520746F6F2073686F7274CF
S2140426C80025734D65737361676520746F6F207397
S2140426D8686F727420666F72206E756D2E20656E34
S2140426E864706F696E74730025734D61746368252E
S2140426F87320666F756E642066726F6D2030782559
S2140427083034582E004572726F723A202573206949
S2140427186E76616C6964206C656E6774682028251B
S2140427286420213D2025642920666F722041637445
S21404273869766520456E64706F696E742072657379
S214042748706F6E7365002573676F742061637469B0
S214042758766520455020726573706F6E73650055F4
S21404276854432074696D653A2025642F25642F2503
S214042778642025643A25643A256420282530385888
S214042788290028556E6B6E6F776E20636C75732EF2
S214042798205B3078253034585D29000D0A542530DE
S2140427A838583A005258206C656E2025642C2065EB
S2140427B87020253032582C20636C757320307825A9
S2140427C83034582000206D66674964202530345814
S2140427D80020464320253032582073657120253062
S2140427E8325820636D642025303258207061796C25
S2140427F86F61645B004261736963004F766572209B
S2140428087468652041697220426F6F746C6F6164E6
S214042818696E67002573525820706B7420746F6F46
S2140428282073686F72743A202564203C202564005F
S2140428382573525820706B74206D616C666F726DC8
S21404284865643A202564203C2025640020204861DD
S214042858766520526F7574657220537570706F7242
S21404286874002020456E6420446576696365204FAD
S2140428786E6C79002020456E61626C6564002020C9
S21404288844697361626C6564004572726F72207283
S214042898657472696576696E6720696E666F206608
S2140428A86F72206C696272617279204944202564CB
S2140428B8002573206C6962726172792573207072C0
S2140428C86573656E74005A69676265652050726F31
S2140428D80042696E64696E6700536563757269744D
S2140428E87920436F7265005365637572697479203D
S2140428F84C696E6B204B6579730043424B45203117
S21404290836334B310043424B4520445341205369E8
S214042918676E004543430043424B452044534120D9
S214042928566572696679005061636B6574205661F2
S2140429386C6964617465005A4C4C0043424B4520EC
S2140429483238334B3100454343203238334B310059
S21404295843424B4520636F7265004E4350004D75E5
S2140429686C7469206E6574776F726B00456E686167
S2140429786E63656420426561636F6E2052657100FC
S21404298843424B45203238334B312044534120567A
S2140429986572696679004D756C74692D50414E00F0
S2140429A82F686F6D652F72756E6E65722F776F72EE
S2140429B86B2F747579612D7A69676265652D7377EF
S2140429C8697463682F747579612D7A6967626565B9
S2140429D82D7377697463682F73696C6162735F74A7
S2140429E86F6F6C732F73696D706C69636974795F44
S2140429F873646B2F70726F746F636F6C2F7A69676A
S214042A086265652F737461636B2F636F6E6669679F
S214042A182F736C5F7A69676265655F636F6E666954
S214042A286775726174696F6E2E63002F686F6D65C3
S214042A382F72756E6E65722F776F726B2F74757939
S214042A48612D7A69676265652D7377697463682F83
S214042A58747579612D7A69676265652D737769740B
S214042A6863682F73696C6162735F746F6F6C732F1E
S214042A7873696D706C69636974795F73646B2F70BE
S214042A88726F746F636F6C2F7A69676265652F73EC
S214042A987461636B2F6672616D65776F726B2F61F5
S214042AA865732D6563622E63002F686F6D652F72DC
S214042AB8756E6E65722F776F726B2F747579612DCC
S214042AC87A69676265652D7377697463682F7475A8
S214042AD879612D7A69676265652D737769746368A9
S214042AE82F73696C6162735F746F6F6C732F73698D
S214042AF86D706C69636974795F73646B2F70726F39
S214042B08746F636F6C2F7A69676265652F73746177
S214042B18636B2F73656375726974792F7A69676254
S214042B2865652D73656375726974792D6D616E615B
S214042B386765722D6E6F2D7661756C742E6300450D
S214042B4872726F723A20204661696C656420746FED
S214042B5820726561642066726F6D20454550524F39
S214042B684D2061742030782534582C207374617491
S214042B7875733A20256400454550524F4D20496EDA
S214042B88697469616C697A65643A20256300454509
S214042B9850524F4D20427573793A20256300506190
S214042BA8727469616C20576F72642053746F726113
S214042BB8676520436F756E743A2025640041646423
S214042BC8726573733A2030782534582C2050617215
S214042BD87469616C20576F72643A203078255800FF
S214042BE8636F6E6669726D656400617373756D658F
S214042BF864000A454550524F4D20496E666F004E94
S214042C086F7420617661696C61626C6520286F6CEC
S214042C1864657220626F6F746C6F616465722900F4
S214042C2850617274204465736372697074696F6E58
S214042C383A202020202020202020202573004361CD
S214042C48706162696C69746965733A202020202073
S214042C58202020202020202020307825325800509C
S214042C686167652045726173652074696D652028FF
S214042C7873293A202020202020256400506172748D
S214042C882045726173652074696D65202873293A36
S214042C98202020202020256400506172742045726C
S214042CA86173652074696D6520286D73293A202040
S214042CB820202020256400506167652073697A65A2
S214042CC820286279746573293A2020202020202041
S214042CD82020256C00506172742073697A65202858
S214042CE86279746573293A20202020202020202029
S214042CF8256C00576F72642073697A652028627998
S214042D08746573293A20202020202020202025645A
S214042D18202825702900454550524F4D20696E6974
S214042D28743A2030782558002F686F6D652F7275B1
S214042D386E6E65722F776F726B2F747579612D7A44
S214042D4869676265652D7377697463682F74757926
S214042D58612D7A69676265652D7377697463682F70
S214042D6873696C6162735F746F6F6C732F73696DCC
S214042D78706C69636974795F73646B2F7574696CB6
S214042D882F706C7567696E2F706C7567696E2D6326
S214042D986F6D6D6F6E2F656570726F6D2F656570DC
S214042DA8726F6D2E6300556E61626C6520746F20B9
S214042DB8626F6F7420696D61676520617420736C37
S214042DC86F7420256C640A00536C6F74204D616E12
S214042DD861676572206661696C656420746F206536
S214042DE87261736520736C6F740A004D6178207283
S214042DF8656164206C696D69742073657420746FEA
S214042E082025642062797465730A004164647265D7
S214042E187373202020202020202020204461746101
S214042E280A00307825346C78202020202020203092
S214042E387825780A004661696C656420746F207288
S214042E486561642066726F6D20666C6173680A003B
S214042E58536C6F7420256C640A2020416464726580
S214042E68737320202020203A20307825346C580AA2
S214042E7820204C656E6774682020202020203A2085
S214042E88307825346C582028256C6420627974655B
S214042E9873290A00202054797065202020202020D9
S214042EA820203A20004E6F2047424C2070726573EB
S214042EB8656E740A005A69674265650A0054687242
S214042EC86561640A00436F6E6E6563740A00426C3B
S214042ED87565746F6F74680A00426C7565746F6FF5
S214042EE87468206170706C69636174696F6E0A0037
S214042EF84D43550A004F7468657220283078256C4F
S214042F0858290A00202056657273696F6E2020209F
S214042F1820203A203078256C580A00202043617017
S214042F286162696C69746965733A20307825346C13
S214042F38580A00202050726F647563742049442030
S214042F48203A2000307825582000536C6F74204DA2
S214042F58616E616765723A206661696C656420749F
S214042F686F20696E697469616C697A6520626F6F2F
S214042F78746C6F6164657220286572726F72203093
S214042F8878253478290A0056657273696F6E20208E
S214042F982020203A2025640A0050617274202020DC
S214042FA820202020203A2025730A0043617061629D
S214042FB8696C69746965733A20307825780A005014
S214042FC86172742073697A652020203A202564206B
S214042FD8420A00506167652073697A652020203AA2
S214042FE820256420420A00576F72642073697A6544
S214042FF82020203A20256420420A00536C6F7473FC
S214043008202020202020203A2025640A00466169D2
S2140430186C656420746F20726561642066726F6DD7
S2140430282073746F7261676520666C617368202804
S2140430386572726F72202564290A00496E76616C7F
S214043048696420736C6F7420256420286D61782069
S214043058736C6F74202564290A004661696C65647C
S21404306820746F2067657420696E666F20666F72B9
S21404307820736C6F742025640A00536C6F74204D9B
S214043088616E616765723A20736C6F742077726933
S2140430987465206661696C7572652E204164647275
S2140430A8657373206F666673657420282564292003
S2140430B82B207772697465206C656E67746820289F
S2140430C82564292067726561746572207468616E68
S2140430D820746F74616C20736C6F74206C656E67F3
S2140430E8746820282564290A00536C6F74204D617F
S2140430F86E61676572207761726E696E673A2073CF
S2140431086C6F74202564206C656E677468202825A7
S2140431186429206E6F7420616C69676E6564207418
S2140431286F20706167652073697A6520282564298D
S2140431382E2054686520656E7469726520736C6FFA
S214043148742077696C6C206E6F74206265206572D3
S214043158617365642E0A00536C6F74204D616E614A
S2140431686765723A206661696C656420746F2065C9
S2140431787261736520256420627974657320696EAC
S21404318820736C6F742025642061742061646472F3
S21404319865737320307825347820286572726F72C8
S2140431A82030782578290A004572617365642025DD
S2140431B86420627974657320696E20736C6F74205A
S2140431C825640A004661696C656420746F2073651B
S2140431D87420736C6F7420746F20626F6F74202869
S2140431E86572726F72203078253478290A00466131
S2140431F8696C656420746F20736574206C697374D5
S214043208206F6620736C6F747320746F20626F6F00
S2140432187420286572726F72203078253478290AEB
S214043228004661696C656420746F20676574206E57
S2140432386577206C697374206F6620736C6F74737B
S21404324820746F20626F6F7420286572726F722004
S2140432583078253478290A00426567696E6E696E87
S2140432686720696D6167652076657269666963615A
S21404327874696F6E2E2E2E002E6661696C65642145
S21404328820284572726F72203078253478290A000F
S2140432982E7061737365642120426F6F74696E675C
S2140432A820736C6F742025640A00666E692B0066AA
S2140432B86E69006E616E00666E692D006C696273D5
S2140432C8006273656E640072657365740072617774
S2140432D80073656E645F6D756C74696361737400FE
S2140432E873656E642D7573696E672D6D756C746978
S2140432F8636173742D62696E64696E670074696DC0
S2140433086573796E63006765742D7074692D7261D0
S21404331864696F2D636F6E66696700636F6E6669AE
S214043328672D6363612D6D6F6465006576656E74DD
S21404333873007365637572697479007A6967626580
S214043348655F7072696E7400706C7567696E006E7E
S2140433586574006B657973006F7074696F6E0070BE
S2140433686C7567006368616E67656B65790063688A
S214043378616E67656B007A646F007072696E74209C
S21404338872656C6174656420636F6D6D616E6473D9
S2140433982E0061747472005A646F2072656C6174CE
S2140433A8656420636F6D6D616E64732E00726F754D
S2140433B8746500706F776572006D676D742D6C7137
S2140433C869006D676D742D62696E64006E6F64655E
S2140433D80073696D706C65006965656500756E6275
S2140433E8696E64006E776B2D757064006F75742D46
S2140433F8636C2D6C69737400696E2D636C2D6C692F
S2140434087374005A646F20696E2D636C2D6C69732F
S214043418742072656C6174656420636F6D6D616E8B
S21404342864732E005A646F206F75742D636C2D6C4C
S2140434386973742072656C6174656420636F6D6D5E
S214043448616E64732E005A646F206E776B2D7570E8
S214043458642072656C6174656420636F6D6D616E5B
S21404346864732E007363616E2D6368616E2D6D61DF
S214043478736B007363616E006368616E5067006304
S21404348868616E005A646F20756E62696E64207295
S214043498656C6174656420636F6D6D616E64732E0C
S2140434A800756E6963617374006368616E67656B43
S2140434B865792072656C6174656420636F6D6D61EF
S2140434C86E64732E006C696E6B004F7074696F6E51
S2140434D82072656C6174656420636F6D6D616E64DB
S2140434E8732E007265676973746572006469736322
S2140434F800696E7374616C6C2D636F646500626931
S2140435086E64696E672D7461626C65007072696EAC
S214043518742D72782D6D7367730061707372657499
S21404352872790041505320726574727920666C6112
S2140435386720666F72636520636F6D6D616E647372
S21404354800456E61626C65732F44697361626C65CD
S21404355873207072696E74696E67206F662052787D
S214043568206D657373616765732E00656E61626CA2
S214043578650042696E64696E67207461626C6520D2
S21404358872656C6174656420636F6D6D616E6473D7
S2140435982E005365637572697479206B6579732098
S2140435A872656C6174656420636F6D6D616E6473B7
S2140435B82E0064656C657465004E6574776F726B6F
S2140435C82072656C6174656420636F6D6D616E64EA
S2140435D8732E00666F726D0072656A6F696E2D646D
S2140435E86966662D6465766963652D747970650009
S2140435F865787470616E69640069736F70656E00CF
S21404360862726F61642D706A6F696E006368616EBA
S21404361867652D6368616E6E656C00696E69740013
S2140436286368616E67652D6B6565702D616C697678
S214043638652D6D6F64650074696D656F75742D6F9F
S2140436487074696F6E2D6D61736B006D756C74693B
S2140436582D7068792D7374617274006D756C746955
S2140436682D7068792D73746F700066696E64006EC9
S2140436786574776F726B2066696E6420636F6D6D10
S214043688616E64732E006A6F696E61626C6500759C
S2140436986E7573656400736C6F742D6D616E616707
S2140436A8657200636F756E7465727300656E642D5B
S2140436B86465766963652D737570706F72740066D9
S2140436C8696E642D616E642D62696E64006672614B
S2140436D8676D656E746174696F6E0067726F757076
S2140436E8732D736572766572006E6574776F726B88
S2140436F82D7374656572696E67006F74612D626FE9
S2140437086F746C6F6164006F74612D636C69656EA9
S21404371874006F74612D73746F726167652D636FBF
S2140437286D6D6F6E006F74612D73746F726167656B
S2140437382D656570726F6D0069646C652D736C65B4
S2140437486570007570646174652D74632D6C696E9C
S2140437586B2D6B6579007570646174652D74632DC3
S2140437686C696E6B2D6B65792072656C6174656423
S21404377820636F6D6D616E64730074696D657200A5
S2140437886E6F7700436F6D6D616E647320746F207F
S214043798636F6E74726F6C2069646C696E672F73DE
S2140437A86C656570696E67206F662074686520644A
S2140437B8657669636500666F7263652D6177616B0C
S2140437C865006177616B652D7768656E2D6E6F741D
S2140437D82D6A6F696E6564007265706F7274696EBF
S2140437E8672072656C6174656420636F6D6D616EC5
S2140437F864732E00636C6561722D6C6173742D722C
S21404380865706F72742D74696D6500746573742DB4
S21404381874696D696E67006F74612D73746F726175
S21404382867652D656570726F6D2072656C61746569
S2140438386420636F6D6D616E64732E0077697065BE
S214043848006F74612D73746F726167652D636F6D95
S2140438586D6F6E2072656C6174656420636F6D6D40
S214043868616E6473007072696E74496D616765731E
S2140438780072656C6F61640073746F726167652D9E
S214043888696E666F00646174612D7072696E740087
S2140438986F74612D636C69656E742072656C6174EF
S2140438A8656420636F6D6D616E64732E0076657251
S2140438B869667900626C6F636B2D74657374007047
S2140438C86167652D726571756573740075706772C6
S2140438D86164652D726571756573740064697361D6
S2140438E8626C652D646F776E6772616465730065D4
S2140438F86E61626C652D646F776E6772616465735A
S214043908006F74612D626F6F746C6F6164207265EA
S2140439186C6174656420636F6D6D616E6473006EAC
S2140439286574776F726B2D7374656572696E67203C
S21404393872656C6174656420636F6D6D616E647323
S2140439482E007072652D636F6E666967757265649E
S2140439582D6B65792D736574006D61736B207265C4
S2140439686C6174656420636F6D6D616E642E00739C
S214043978756274726163740067726F7570732D7301
S21404398865727665722072656C6174656420636F0F
S2140439986D6D616E64732E00667261676D656E7414
S2140439A86174696F6E2072656C6174656420636FF8
S2140439B86D6D616E64732E007365742D72782D7741
S2140439C8696E646F772D73697A65006172746966C7
S2140439D8696369616C2D626C6F636B2D64726F70BA
S2140439E80046696E6420616E642062696E642072A3
S2140439F8656C6174656420636F6D6D616E64732EA7
S214043A0800696E69746961746F7200656E642D640A
S214043A1865766963652D737570706F727420726548
S214043A286C6174656420636F6D6D616E64732E00DB
S214043A38706F6C6C2D636F6D706C657465642D6344
S214043A48616C6C6261636B00666F7263652D736884
S214043A586F72742D706F6C6C00656E61626C655F56
S214043A687479706500737461636B00617070007AB2
S214043A78636C006C65676163795F61665F64656241
S214043A88756700636F756E746572732072656C6112
S214043A9874656420636F6D6D616E64732E00707256
S214043AA8696E742D636F756E7465722D747970659E
S214043AB80073696D706C652D7072696E740070722F
S214043AC8696E742D7468726573686F6C64730073BA
S214043AD865742D7468726573686F6C6400726573B8
S214043AE865742D7468726573686F6C6473007365A7
S214043AF86E642D726571756573740073656375728B
S214043B086974792072656C6174656420636F6D6D81
S214043B18616E6473007365742D616C6C6F772D74B5
S214043B28727573742D63656E7465722D72656A6F2B
S214043B38696E2D7573696E672D77656C6C2D6B6E63
S214043B486F776E2D6B6579007365742D616C6C6F79
S214043B58772D74727573742D63656E7465722D7221
S214043B68656A6F696E2D7573696E672D77656C6CFB
S214043B782D6B6E6F776E2D6B65792D74696D656F19
S214043B887574007365742D6B65792D72657175652A
S214043B9873742D706F6C696379006D66672D746F26
S214043BA86B656E006170730053656375726974792A
S214043BB8206170732072656C6174656420636F6D30
S214043BC86D616E64732E004765742F736574204D9B
S214043BD8464720746F6B656E2E00656E64706F6959
S214043BE86E742072656C6174656420636F6D6D61B4
S214043BF86E64732E00656570726F6D207574696CDB
S214043C086974792072656C6174656420636F6D6D80
S214043C18616E647300536C6F74204D616E616765E2
S214043C28722072656C6174656420636F6D6D616E75
S214043C38647300626F6F742D736C6F7400657261C1
S214043C4873652D736C6F74006578742D666C617378
S214043C58682D696E666F00736C6F74732D696E6673
S214043C686F005072696E74732074696D652E005007
S214043C7872696E7473206174747269627574652EE1
S214043C8800436C6561727320746865205A444F203B
S214043C986C697374206F6620636C69656E7420287B
S214043CA8696E2920636C7573746572732E0041649B
S214043CB8647320636C75737465727320746F2074F0
S214043CC86865206B6E6F776E20636C69656E74200A
S214043CD828696E2920636C757374657273206F6E19
S214043CE82074686973206465766963652E00436C7E
S214043CF86561727320746865205A444F206C697332
S214043D0874206F6620636C69656E7420286F7574FA
S214043D182920636C7573746572732E00416464732A
S214043D2820636C75737465727320746F2074686589
S214043D38206B6E6F776E20636C69656E7420286FCF
S214043D4875742920636C757374657273206F6E209E
S214043D5874686973206465766963652E0053656EB6
S214043D68647320616E20757064617465206368618D
S214043D786E6E656C20726571756573742E00636863
S214043D88616E6E656C1F0053656E647320616E20E9
S214043D98757064617465206368616E6E656C207006
S214043DA8616765207265712E205468652073746196
S214043DB8636B2073656E6473206E776B20656E681C
S214043DC8616E6365642075706461746520726571DC
S214043DD820666F72206E6F6E2D7A65726F20706122
S214043DE867652E006368616E6E656C1F7061676533
S214043DF81F00506572666F726D7320616E20656E63
S214043E0865726779207363616E2E007461726765E4
S214043E18744E6F646549641F7363616E447572619A
S214043E2874696F6E1F7363616E436F756E741F00DB
S214043E3842726F61646361737473207468652049A1
S214043E4844206F6620746865206E6577206E6574F6
S214043E58776F726B206D616E6167657220616E6440
S214043E6820616374697665206368616E6E656C7339
S214043E782E006E776B4D676549641F6368616E6EC6
S214043E88656C4D61736B1F00506572666F726D7357
S214043E9820616E20656E65726779207363616E2093
S214043EA86F6E20676976656E206368616E6E656CF2
S214043EB8206D61736B2E007461726765744E6F644F
S214043EC86549641F7363616E4475726174696F6EC5
S214043ED81F7363616E436F756E741F6368616E6EDD
S214043EE8656C4D61736B1F0053656E6473206120A7
S214043EF86E6574776F726B20616464726573732081
S214043F087265717565737420666F722074686520AF
S214043F18676976656E20494545452061646472651F
S214043F2873732E00696565651F0052657175657340
S214043F38747320616E204945454520616464726542
S214043F487373206261736564206F6E2061206769ED
S214043F5876656E206E6F64652049442E006E6F6425
S214043F686549641F0053656E647320612073696D28
S214043F78706C652064657363726970746F722072FE
S214043F8865717565737420666F722074686520732E
S214043F98686F7274206164647265737320616E64FA
S214043FA820656E64706F696E7420737065636966E5
S214043FB86965642E00646573741F7461726765743A
S214043FC8456E64706F696E741F0053656E64732063
S214043FD861206D6174636844657363726970746F95
S214043FE872735265717565737420746F207468658E
S214043FF820676976656E2064657374696E61746992
S2140440086F6E2077697468207468652067697665BA
S2140440186E2070726F66696C652E006E6F646549F3
S214044028641F70726F66696C651F0053656E6473EF
S2140440382061206E6F6465206465736372697074AA
S2140440486F72207265717565737420746F206120B1
S214044058676976656E207461726765742064657630
S2140440686963652E007461726765741F0053656E14
S21404407864732061205A444F2042696E6420636F3B
S2140440886D6D616E6420746F206120646576696363
S214044098652073706563696669656420696E207453
S2140440A8686520636F6D6D616E6420617267756DF7
S2140440B8656E74732E0044657374696E6174696FF3
S2140440C86E1F536F7572636520656E64706F696ED4
S2140440D8741F44657374696E6174696F6E20656EC7
S2140440E864706F696E741F636C7573746572494483
S2140440F81F72656D6F746545554936341F6465735C
S2140441087445554936341F0053656E647320616ED2
S2140441182061637469766520656E64706F696E7471
S214044128207265717565737420746F2074686520D1
S21404413864657669636520776974682074686520A1
S214044148676976656E2073686F72742049442E001A
S21404415853656E647320616E20756E62696E6420A2
S2140441687265717565737420666F72206120756E4A
S21404417869636173742062696E64696E6720746F1C
S214044188207468652074617267657420646576694E
S21404419863652E007461726765741F736F75726346
S2140441A8652065756936341F736F75726365206597
S2140441B86E64706F696E741F636C75737465724988
S2140441C8441F64657374696E6174696F6E455549F6
S2140441D836341F64657374696E6174696F6E20651E
S2140441E86E64706F696E741F0053656E6473206125
S2140441F86E20756E62696E64207265717565737477
S21404420820666F722061206D756C746963617374BF
S2140442182062696E64696E6720746F20746865200E
S214044228746172676574206465766963652E0074C4
S21404423861726765741F736F757263652065756947
S21404424836341F736F7572636520656E64706F69A4
S2140442586E741F636C757374657249441F67726F56
S2140442687570416464726573731F0053656E647376
S2140442782061205A444F204D616E6167656D656EF6
S21404428874204C6561766520636F6D6D616E64207D
S214044298746F207468652074617267657420646539
S2140442A8766963652E007461726765741F72656D3E
S2140442B86F76654368696C6472656E1F72656A6FAB
S2140442C8696E1F0053656E64732061205A444F203C
S2140442D84D474D542D42696E64202842696E6469C0
S2140442E86E67205461626C65292052657175657322
S2140442F87420746F2074686520746172676574200E
S2140443086465766963652E007461726765741F73E5
S21404431874617274496E6465781F0053656E6473BD
S2140443282061205A444F204D474D542D4C51492066
S214044338284C5149205461626C6529205265717570
S21404434865737420746F2074686520746172676579
S21404435874206465766963652E0053656E647320FD
S21404436861205A444F20506F776572204465736302
S214044378726970746F7220526571756573742074EF
S2140443886F20746865207461726765742064657646
S2140443986963652E0053656E64732061205A444F22
S2140443A820726F7574652072657175657374206301
S2140443B86F6D6D616E6420746F2074686520746117
S2140443C8726765742E007461726765741F696E641B
S2140443D865781F00696E6465781F65756936341FCD
S2140443E8696E7374616C6C436F64651F00696E64F0
S2140443F865781F65756936341F6B65791F005443E5
S214044408206C696E6B206B657920726571756573AF
S2140444187420706F6C6963791F417070206C696EC4
S2140444286B206B6579207265717565737420706F7F
S2140444386C6963791F00426F6F6C3A20616C6C6F0D
S214044448772074727573742063656E74657220724F
S214044458656A6F696E207573696E672077656C6C1C
S2140444682D6B6E6F776E206B65791F0070726F66A2
S214044478696C6549641F636C757374657249641F57
S2140444880074617267657449641F00456E61626CE6
S2140444986573207072696E74696E67206F66205241
S2140444A878206D657373616765732E00536574733E
S2140444B8207468652062696E64696E672074616238
S2140444C86C6500696E6465781F636C7573746572D1
S2140444D81F6C6F63616C45701F72656D6F746545FC
S2140444E8701F65756936341F00436C6561727320E6
S2140444F87468652062696E64696E67207461626CAC
S214044508652E005072696E7473207468652062693B
S2140445186E64696E67207461626C6520746F2074BB
S214044528686520636F6D6D616E64206C696E652EB8
S21404453800436C6561727320616C6C2073656375E7
S21404454872697479206B6579732E0044656C65749A
S2140445586520746865207370656369666965642098
S2140445686C696E6B206B657920696E6465782E00BD
S2140445785072696E747320616C6C2073656375720F
S214044588697479206B6579732E005465726D696E4B
S2140445986174657320746865206D756C74692D5034
S2140445A8485920696E74657266616365005573655B
S2140445B86420746F207374617274206D756C7469EA
S2140445C82D50485920696E74657266616365206F5C
S2140445D874686572207468616E206E6174697665A5
S2140445E820616E6420666F726D20746865206E653F
S2140445F874776F726B2E2054686520737461636BCE
S21404460820757365732073616D652050616E496407
S214044618206173206E617469766520726164696FBF
S214044628206E6574776F726B2E00706167651F6302
S21404463868616E6E656C1F706F7765721F6F707435
S214044648696F6E734D61736B20284269742030203D
S2140446583D20526F757465727320616C6C6F776554
S214044668642C204269742031203D2042726F6164B4
S2140446786361737420616C6C6F776564291F0041ED
S2140446887474656D70747320746F206368616E67E4
S2140446986520746865206368696C642074696D6550
S2140446A86F7574206F7074696F6E206D61736B20FC
S2140446B8746F2066696C746572206F757420756EE5
S2140446C8646573697261626C652076616C7565737E
S2140446D82028652E672E206E6F206D6F72652074F5
S2140446E868616E20332064617973292E0074696DBD
S2140446F8656F7574206F7074696F6E206D61736B67
S2140447081F005377697463686573206265747765F8
S214044718656E20646966666572656E74206B656589
S2140447287020616C697665206D6F64657320737597
S21404473870706F72746564206279206120726F7578
S2140447487465722E004B65657020616C6976652009
S2140447586D6F64651F005072696E747320746865A3
S2140447682063757272656E74204E6F6465204944C2
S2140447782C2045554936342C20616E642050616ED1
S2140447882049442E00496E697469616C697A6573B8
S2140447982061206E6574776F726B3B20746869734A
S2140447A82069732061207465737420636F6D6D616E
S2140447B86E64207573656420666F722074632D7347
S2140447C87761702D6F75742074657374696E672EBF
S2140447D8005365747320746865206E6574776F7209
S2140447E86B20696E64657820757365642062792029
S2140447F8616C6C2066757475726520434C49206339
S2140448086F6D6D616E64732E20204265666F7265E7
S21404481820657865637574696E67206120434C4922
S21404482820636F6D6D616E642C20746865206672F3
S214044838616D65776F726B207377697463686573E7
S21404484820746F2074686973206E6574776F726B52
S2140448582E202041667465722074686520636F6D27
S2140448686D616E642066696E697368657320657821
S21404487865637574696E672C207468652066726152
S2140448886D65776F726B20737769746368657320D8
S2140448986261636B20746F20746865207072657635
S2140448A8696F7573206E6574776F726B2E2020544B
S2140448B8686520434C4920757365732074686520C1
S2140448C873616D65206E6574776F726B20696E64AC
S2140448D8657820756E74696C2074686520646576DE
S2140448E869636520726573657473206F72206974D2
S2140448F8206973206368616E676564207468726FE4
S214044908756768207468697320636F6D6D616E647B
S2140449182E00417474656D70747320746F20636818
S214044928616E676520646576696365206F7665726F
S21404493820746F206120646966666572656E7420EB
S2140449486368616E6E656C20676976656E20696E4D
S21404495820746865206368616E6E656C2061726792
S214044968756D656E742E00546865206368616E6E96
S214044978656C20746F206368616E676520746F1FAA
S2140449880066696E64556E7573656450616E496435
S2140449980066696E644A6F696E61626C654E65741A
S2140449A8776F726B005065726D697473206A6F69ED
S2140449B86E696E67206F6E20746865206E657477FE
S2140449C86F726B20666F72206120676976656E2049
S2140449D86E756D626572206F66207365636F6E64AC
S2140449E87320414E442062726F616463617374730A
S2140449F82061205A444F204D676D74205065726DAF
S214044A086974204A6F696E696E6720726571756588
S214044A18737420746F20616C6C20726F7574657281
S214044A28732E00412073696E676C6520627974651D
S214044A3820696E6469636174696E6720686F77209D
S214044A486C6F6E6720746865206465766963652094
S214044A5873686F756C642068617665207065726D1E
S214044A686974206A6F696E696E67207475726E65FC
S214044A7864206F6E20666F722E20412076616C75F6
S214044A8865206F662030786666207475726E7320AB
S214044A986F6E207065726D6974206A6F696E20691E
S214044AA86E646566696E6974656C792E1F00436862
S214044AB865636B73206E6574776F726B20706A6FAC
S214044AC8696E207374617475732E00577269746501
S214044AD8732074686520657874656E6465642070F0
S214044AE8616E20494420666F722074686520646588
S214044AF8766963652E0065787470616E69641F0054
S214044B0852656A6F696E7320616E2065786973747E
S214044B18696E67206E6574776F726B20696E2061A4
S214044B2820736563757265206F7220696E7365639A
S214044B38757265206D616E6E65722077697468207B
S214044B486120646966666572656E74206465766954
S214044B58636520747970652E00426F6F6C65616EAC
S214044B68206E6574776F726B206B65792061766149
S214044B78696C6162696C6974791F4368616E6E65F5
S214044B886C206D61736B1F416E20656E756D657262
S214044B986174696F6E20696E6469636174696E67AF
S214044BA82074686520646576696365207479706521
S214044BB820746F2072656A6F696E2061732E54685C
S214044BC86520737461636B206F6E6C792061636310
S214044BD86570747320534C5F5A49474245455F4590
S214044BE84E445F44455649434520616E6420534C01
S214044BF85F5A49474245455F534C454550595F45BA
S214044C084E445F4445564943452E1F0052654A6F35
S214044C18696E732061206E6574776F726B2E00421E
S214044C286F6F6C65616E206E6574776F726B206B40
S214044C38657920617661696C6162696C6974791F4B
S214044C484368616E6E656C206D61736B1F004C65FE
S214044C58617665732061206E6574776F726B2E00BB
S214044C685475726E73207065726D6974206A6F6904
S214044C786E696E67206F6E20666F72207468652092
S214044C88616D6F756E74206F662074696D65206932
S214044C986E646963617465642E00412073696E6787
S214044CA86C65206279746520696E646963617469E9
S214044CB86E6720686F77206C6F6E6720746865204F
S214044CC86465766963652073686F756C64206861CB
S214044CD87665207065726D6974206A6F696E696E90
S214044CE867207475726E206F6E20666F722E204170
S214044CF82076616C7565206F662030786666207449
S214044D0875726E73207065726D6974206A6F696E49
S214044D1820696E646566696E6974656C792E1F0011
S214044D284A6F696E732061206E6574776F726B20A4
S214044D386F6E206120676976656E206368616E6EA3
S214044D48656C2C2077697468206120676976656EBF
S214044D5820545820506F77657220616E6420504145
S214044D684E2049442E00546865206368616E6E655B
S214044D786C206F6E20776869636820746F206A6F8A
S214044D88696E20746865206E6574776F726B1F4F42
S214044D986E652D62797465207369676E656420761E
S214044DA8616C756520696E6469636174696E6720F1
S214044DB874686520545820506F776572207468614B
S214044DC8742074686520726164696F2073686F75EF
S214044DD86C642062652073657420746F1F5468655C
S214044DE82050414E204944206F6E207768696368D6
S214044DF820746F206A6F696E20746865206E657407
S214044E08776F726B1F00466F726D732061206E6534
S214044E1874776F726B206F6E206120676976656E93
S214044E28206368616E6E656C2C20776974682061EF
S214044E3820676976656E20545820506F776572200F
S214044E48616E642050414E2049442E005468652003
S214044E586368616E6E656C206F6E20776869636838
S214044E6820746F20666F726D20746865206E657492
S214044E78776F726B1F4F6E652D6279746520736940
S214044E88676E65642076616C756520696E6469630F
S214044E986174696E672074686520545820506F776B
S214044EA86572207468617420746865207261646928
S214044EB86F2073686F756C64206265207365742050
S214044EC8746F1F5468652050414E204944206F6E05
S214044ED820776869636820746F20666F726D207423
S214044EE86865206E6574776F726B1F005468697303
S214044EF820696E6974696174657320612054434C33
S214044F084B207570646174652070726F6365647590
S214044F1872652E0053706563696679207468652027
S214044F28616D6F756E74206F662074696D65207484
S214044F386F2077616974206166746572206F6E6588
S214044F482054434C4B20757064617465206F7065FB
S214044F58726174696F6E20636F6D706C65746573C7
S214044F68206265666F726520626567696E6E696E33
S214044F78672061206E65772054434C4B2075706417
S214044F88617465206F7065726174696F6E2E005463
S214044F98686520616D6F756E74206F662074696D20
S214044FA865206265747765656E20737562736571CE
S214044FB875656E742074727573742063656E746593
S214044FC872206C696E6B206B6579207570646174E9
S214044FD8657320696E206D696C6C697365636F6EA2
S214044FE864731F00536574206F7220636C65617266
S214044FF82073746179206177616B65207768656EC4
S214045008206E6F74206A6F696E6564005365742039
S2140450186F7220636C65617220666F7263652061C7
S21404502877616B6500446973706C61792074686590
S21404503820736C6565702073746174757300464FCD
S214045048522054455354494E4720505552504F53B6
S2140450584553202D206761746865722074696D69EC
S2140450686E67206D65747269637320666F7220724A
S21404507865706F7274696E67207461626C65206F00
S2140450887065726174696F6E732E00436C65617225
S2140450987320746865206C617374207265706F720F
S2140450A8742074696D65206F662061747472696211
S2140450B8757465732E00416464732061206E657789
S2140450C820656E74727920746F2074686520726522
S2140450D8706F7274207461626C652E005468652063
S2140450E86C6F63616C20656E64706F696E7420669D
S2140450F8726F6D20776869636820746865206174C8
S21404510874726962757465206973207265706F724B
S2140451187465641F54686520636C757374657220BF
S214045128776865726520746865206174747269624C
S214045138757465206973206C6F63617465641F54A5
S2140451486865204944206F66207468652061747415
S214045158726962757465206265696E672072657027
S2140451686F727465641F3020666F7220636C69659D
S2140451786E742D73696465206174747269627574DB
S2140451886573206F72203120666F7220736572769D
S21404519865722D73696465206174747269627574C6
S2140451A865731F546865206D696E696D756D207228
S2140451B865706F7274696E6720696E74657276615D
S2140451C86C2C206D6561737572656420696E207336
S2140451D865636F6E64732E1F546865206D61786905
S2140451E86D756D207265706F7274696E6720696E6E
S2140451F874657276616C2C206D656173757265646E
S21404520820696E207365636F6E64732E1F54686519
S214045218206D696E696D756D206368616E676520BB
S214045228746F207468652061747472696275746535
S21404523820746861742077696C6C20726573756C69
S2140452487420696E2061207265706F7274206265BE
S214045258696E672073656E742E1F0052656D6F76CF
S214045268657320616E20656E7472792066726F6D40
S21404527820746865207265706F7274207461626C3D
S214045288652E0054686520696E646578206F66200C
S214045298746865207265706F727420746F20626516
S2140452A82072656D6F7665641F00436C6561727362
S2140452B820616C6C20656E74726965732066726F03
S2140452C86D20746865207265706F727420746162EC
S2140452D86C652E005072696E74732074686520724B
S2140452E865706F7274207461626C652E00576970FD
S2140452F8657320616C6C206461746120696E207427
S21404530868652073746F726167652064657669637F
S214045318652E005072696E747320617262697472C5
S214045328617279206279746573206F662074686583
S214045338204F544120696D616765206F6E2064694B
S214045348736B2E0054686520696E646578206F66F2
S2140453582074686520696D61676520746F207072B3
S214045368696E742069747320646174611F54686577
S214045378206F666673657420696E746F207468653A
S214045388204F544120696D616765207468617420F4
S21404539877696C6C206265207072696E7465641F28
S2140453A8005072696E747320696E666F726D6174EC
S2140453B8696F6E2061626F757420746865207374F3
S2140453C86F72616765206465766963652E00526549
S2140453D86C6F6164207468652073746F72616765A6
S2140453E8206465766963652E0044656C6574657328
S2140453F82074686520696D61676520617420746827
S214045408652073706563696669656420696E64659A
S214045418782E0054686520696E6465782061742067
S214045428776869636820746F20626567696E2064AC
S214045438656C6574696E672074686520696D616754
S214045448651F005072696E74732074686520696DF0
S214045458616765732E00456E61626C6573204F54F0
S2140454684120646F776E6772616465732E004469C1
S2140454787361626C6573204F544120646F776E675E
S21404548872616465732E0053656E647320616E20C2
S21404549855706772616465456E64526571756573A7
S2140454A87420746F20616E204F54412073657276A1
S2140454B865722E0043616E206265207573656420EC
S2140454C8746F2064796E616D6963616C6C7920749D
S2140454D875726E206F66662073656E64696E6720E3
S2140454E870616765207265717565737473206F6E75
S2140454F82074686520636C69656E742073696465D6
S2140455082C20696620746865207365727665722037
S214045518646F65736E277420737570706F72742069
S2140455287468697320666561747572652E00426FC7
S2140455386F6C65616E2076616C7565207475726E25
S214045548696E67206F6E20283129206F72206F6677
S2140455586620283029207468652070616765207283
S21404556865717565737420666C61671F0053656E94
S214045578647320616E20696D61676520626C6F6371
S2140455886B207265717565737420666F722061206E
S21404559866696C6520746865207365727665722022
S2140455A873686F756C64206E6F7420686176652EF8
S2140455B8202054657374206861726E657373206F57
S2140455C86E6C79202874657374206361736520395A
S2140455D82E352E36202D204D697373696E67204646
S2140455E8696C6529005072696E747320696E666FFB
S2140455F8726D6174696F6E206F6E207468652063BF
S214045608757272656E74207374617465206F662093
S214045618746865204F544120636C69656E74206411
S2140456286F776E6C6F61642E0053746F707320749A
S2140456386865204F5441207374617465206D6163F6
S21404564868696E652E005374617274732074686595
S214045658204F544120636C69656E742073746174BA
S21404566865206D616368696E652E205468652073CD
S21404567874617465206D616368696E652064697316
S214045688636F7665727320746865204F544120737F
S21404569865727665722C2071756572696573206605
S2140456A86F72206E657720696D616765732C206458
S2140456B86F776E6C6F6164732074686520696D61BA
S2140456C867657320616E6420776169747320666FFA
S2140456D872207468652073657276657220636F6DD0
S2140456E86D616E6420746F20757067726164652ED0
S2140456F8005072696E747320746865206D616E75E7
S21404570866616374757265722049442C20496D611C
S214045718676520547970652049442C20616E64209E
S21404572856657273696F6E20696E666F726D617402
S214045738696F6E207468617420617265207573657C
S21404574864207768656E2061207175657279206EAD
S21404575865787420696D6167652069732073656E62
S2140457687420746F20746865207365727665722079
S21404577862792074686520636C69656E742E0050BF
S2140457886572666F726D73207369676E617475727D
S2140457986520766572696669636174696F6E206FE1
S2140457A86E2074686520696D61676520617420746D
S2140457B868652073706563696669656420696E64E4
S2140457C865782E0054686520696E6465782061746F
S2140457D820776869636820746F20626567696E203D
S2140457E8766572696669636174696F6E206F662090
S2140457F874686520696D6167651F00426F6F746C15
S2140458086F6164732074686520696D6167652061DB
S21404581874207468652073706563696669656420B6
S214045828696E6465782062792063616C6C696E675A
S21404583820746865204F544120626F6F746C6F61E2
S214045848642063616C6C6261636B2E005468652027
S214045858696E646578206174207768696368207463
S2140458686F20626567696E20626F6F746C6F61641F
S214045878696E672074686520696D6167651F0050E6
S21404588872696E747320696E666F2061626F7574D0
S2140458982074686520696E7374616C6C6564206234
S2140458A86F6F746C6F616465722E005375627472E0
S2140458B8616374732061206368616E6E656C20662C
S2140458C8726F6D20656974686572207468652070E7
S2140458D872696D617279206F72207365636F6E6486
S2140458E8617279206368616E6E656C206D61736B96
S2140458F8206F6620746865206E6574776F726B2DEA
S2140459087374656572696E6720636F6D706F6E6514
S2140459186E742E00546865206368616E6E656C202C
S2140459286D61736B20746F2073756274726163742F
S21404593820746865206368616E6E656C2066726F95
S2140459486D1F546865206368616E6E656C20746F9D
S21404595820737562747261637420746865206D615F
S214045968736B2066726F6D1F004164647320612038
S2140459786368616E6E656C20746F2065697468650B
S2140459887220746865207072696D617279206F720E
S214045998207365636F6E64617279206368616E6EE6
S2140459A8656C206D61736B206F6620746865206E65
S2140459B86574776F726B2D7374656572696E67208C
S2140459C8636F6D706F6E656E742E00546865206321
S2140459D868616E6E656C206D61736B20746F2061F0
S2140459E864642061206368616E6E656C20746F1F42
S2140459F8546865206368616E6E656C20746F2061F8
S214045A08646420746F20746865206D61736B1F006E
S214045A1853657473206569746865722074686520B4
S214045A287072696D617279206F72207365636F6E28
S214045A3864617279206368616E6E656C206D61734B
S214045A486B2E00546865206368616E6E656C206D05
S214045A5861736B20746F207375627472616374204B
S214045A68746865206368616E6E656C2066726F6D17
S214045A781F5468652076616C756520746F2073659D
S214045A887420746865206368616E6E656C206D6149
S214045A98736B20746F2E1F005365747320746865C7
S214045AA8207072652D636F6E66696775726564200B
S214045AB86B657920736F2074686174207468652038
S214045AC86A6F696E696E67206465766963652063C4
S214045AD8616E20656E74657220746865206E6574E0
S214045AE8776F726B2E005365747320746865207024
S214045AF87265636F6E66696775726564206B65792F
S214045B081F0053746F707320746865206E6574770D
S214045B186F726B207374656572696E672070726F36
S214045B28636573732E0053746172747320746865A6
S214045B38206E6574776F726B207374656572696E10
S214045B48672070726F636573732E0041206D6173EE
S214045B586B206F66206F7074696F6E7320666F7241
S214045B6820696E6469636174696E6720737065631F
S214045B7869666963206265686176696F7220776909
S214045B887468696E20746865206E6574776F726BC6
S214045B982D7374656572696E672070726F636573BA
S214045BA8732E1F00446973706C617973207468657A
S214045BB82063757272656E742073746174757320CD
S214045BC86F6620746865206E6574776F726B2073D1
S214045BD874656572696E672070726F636573732E79
S214045BE800436C65617273207468652067726F750C
S214045BF87073207461626C65206F6E2065766572BA
S214045C087920656E64706F696E74005072696E747C
S214045C187320696E666F726D6174696F6E20616257
S214045C286F75742074686520636F6E74656E74731C
S214045C38206F66207468652067726F7570732074A9
S214045C4861626C652E004172746966696369616C89
S214045C586C792064726F70732074686520626C6F48
S214045C68636B206E756D62657220646566696E6521
S214045C786420627920746865207061737365642093
S214045C88617267756D656E74206F6E6C79206F6EC1
S214045C9863652C20616E64207468656E20616C6C84
S214045CA86F77732069742075706F6E206120726533
S214045CB87472792E0054686520626C6F636B206E6C
S214045CC8756D62657220746F2061727469666963A3
S214045CD869616C6C792064726F7020746F20666FCB
S214045CE87263652061207265747279202D2073654D
S214045CF87420746F203078464620746F2064697365
S214045D0861626C651F00536574732074686520723D
S214045D186563656976652077696E646F772073694D
S214045D287A652E2020427920646566696E697469EE
S214045D386F6E20696E2074686520536D61727420D6
S214045D48456E657267792070726F66696C6520693E
S214045D5874206D7573742062652073657420746F7F
S214045D68203120627574207468697320616C6C6FC6
S214045D78777320697420746F206265206368616E87
S214045D886765642E00546865206D6178206E756DAD
S214045D98626572206F662074686520626C6F636B38
S214045DA873207265636569766564206265666F72DA
S214045DB86520616E204150532061636B206973200F
S214045DC867656E6572617465641F004D616B657303
S214045DD82074686973206E6F6465207374617274C6
S214045DE8206964656E74696679696E6720617320D4
S214045DF8612074617267657420666F722062696ECA
S214045E0864696E67207769746820616E20696E69B4
S214045E18746961746F72206E6F64652E00546865C9
S214045E2820656E64706F696E74206F6E207768697B
S214045E38636820746F20626567696E2074686520DD
S214045E4846696E64696E6720616E642042696E6492
S214045E58696E67207461726765742070726F636513
S214045E6873731F004D616B65732074686973206EC5
S214045E786F64652073746172742074686520696E33
S214045E8869746961746F722070617274206F662019
S214045E987468652066696E64696E6720616E64203E
S214045EA862696E64696E672070726F636573732EB9
S214045EB80054686520656E64706F696E74206F6E32
S214045EC820776869636820746F20626567696E2046
S214045ED87468652046696E64696E6720616E64201E
S214045EE842696E64696E6720696E69746961746F65
S214045EF8722070726F636573731F00536574732022
S214045F08776865746865722074686520434C492010
S214045F18666F726365732074686520646576696362
S214045F286520746F2073686F727420706F6C6C2EA3
S214045F38005468652076616C756520696E646963CB
S214045F486174696E6720776865746865722074681A
S214045F5865206465766963652073686F756C64206C
S214045F6873686F727420706F6C6C1F00536574735B
S214045F782077686574686572207468652064657639
S214045F886963657320706F6C6C20636F6D706C65E5
S214045F987465642063616C6C6261636B2066756EFD
S214045FA86374696F6E20697320656E61626C6564DC
S214045FB82E005468652076616C756520696E646980
S214045FC8636174696E67207768657468657220749F
S214045FD86865206465766963657320706F6C6C20E9
S214045FE8636F6D706C657465642063616C6C626164
S214045FF8636B2066756E6374696F6E2069732065BB
S2140460086E61626C65641F00446973706C617973B1
S2140460182074686520737461747573206F662074C1
S214046028686520456E6420446576696365732070E8
S2140460386F6C6C696E672E00456E61626C652F64C2
S214046048697361626C6520646562756720606C6557
S2140460586761637920617070206672616D65776F19
S214046068726B20646562756760207072696E74204E
S214046078747970652E00456E61626C652F64697369
S21404608861626C651F00456E61626C652F64697396
S21404609861626C6520646562756720607A636C600B
S2140460A8207072696E7420747970652E00456E616E
S2140460B8626C652F64697361626C652064656275D9
S2140460C867206061707060207072696E74207479DD
S2140460D870652E00456E61626C652F646973616233
S2140460E86C652064656275672060636F72656020FE
S2140460F87072696E7420747970652E00456E6162DC
S2140461086C652F64697361626C6520646562756783
S2140461182060737461636B60207072696E74207497
S2140461287970652E0053656E6473206120726571FC
S2140461387565737420666F72204F544120636F75BB
S2140461486E746572732E0052657365747320616C81
S2140461586C207468726573686F6C64732076616CFF
S21404616875657320746F203078464646462E00536D
S2140461786574732061207468726573686F6C642034
S21404618876616C756520666F722061207061727422
S2140461986963756C61722074797065206F66206314
S2140461A86F756E7465722E0054797065206F66205C
S2140461B8636F756E7465721F5468726573686F6C66
S2140461C8642056616C75651F005072696E7473207E
S2140461D8746865207468726573686F6C6473206F7E
S2140461E86620616C6C2074686520636F756E7465D0
S2140461F872732E00436C6561727320616C6C206345
S2140462086F756E7465722076616C7565732E0050B2
S21404621872696E747320616C6C20636F756E746536
S214046228722076616C7565732E005072696E74738D
S214046238207468652076616C7565206F66207468BE
S214046248697320706172746963756C617220636F18
S214046258756E7465722E0054686520636F756E7467
S2140462686572207479706520746F207072696E7414
S2140462781F005072696E747320616C6C20636F75AE
S2140462886E7465722076616C75657320616E642021
S214046298636C65617273207468656D2E005365744B
S2140462A8204D464720746F6B656E2C2043414E4E36
S2140462B84F5420424520554E5345542042592043B6
S2140462C84C492E005072696E74204D464720746FF0
S2140462D86B656E2E005072696E74206163746976FD
S2140462E865206576656E74732E0044697361626C06
S2140462F8652074686520656E64706F696E742066C0
S2140463086F72205A434C206D657373616765732EEC
S21404631800456E64706F696E7420696E6465781FD4
S21404632800456E61626C65732074686520656E64EA
S214046338706F696E7420666F72205A434C206D65C0
S2140463487373616765732E005072696E7420737474
S21404635861747573206F6620656E64706F696E74F9
S214046368732E0053686F7773207468652076657299
S21404637873696F6E206F662074686520736F667421
S214046388776172652E005365742074686520636FA0
S2140463986E66696775726564203830322E31352E1C
S2140463A83420434341206D6F646520696E20746809
S2140463B86520726164696F2E2053656520646F6377
S2140463C8756D656E746174696F6E20726567617247
S2140463D864696E67205241494C5F494545453830E3
S2140463E8323135345F4363614D6F64655F742E00E4
S2140463F841205241494C5F4945454538303231358C
S214046408345F4363614D6F64655F742076616C75B1
S214046418651F0052657475726E7320505449207255
S2140464286164696F20636F6E66696720696E666F5C
S214046438726D6174696F6E20746F2064657465721A
S2140464486D696E65207468652050485920747970A3
S21404645865206265696E67207573656420627920B5
S2140464685241494C2E2072657475726E2076616CA2
S214046478756520697320656E756D205241494C5FB9
S214046488494545453830323135345F507469526170
S21404649864696F436F6E6669675F7420652E67204C
S2140464A8205241494C5F49454545383032313534E8
S2140464B85F5054495F524144494F5F434F4E4649E3
S2140464C8475F32503447485A203D2030783030559C
S2140464D8205241494C5F49454545383032313534B8
S2140464E85F5054495F524144494F5F434F4E4649B3
S2140464F8475F32503447485A5F414E544449562001
S2140465083D203078303155205241494C5F49454545
S214046518453830323135345F5054495F5241444926
S2140465284F5F434F4E4649475F32503447485A5F99
S214046538434F4558203D2030783032552052414943
S2140465484C5F494545453830323135345F505449F7
S2140465585F524144494F5F434F4E4649475F325066
S2140465683447485A5F414E544449565F434F45584A
S214046578203D2030783033550053656E64732061AF
S2140465882072656164206174747220666F72207468
S21404659868652074696D65206F6620746865206474
S2140465A86576696365207370656369666965642ED4
S2140465B82049742073657473206120666C616720B3
S2140465C8736F207768656E20697420676574732016
S2140465D874686520726573706F6E736520697420BD
S2140465E8777269746573207468652074696D6520AC
S2140465F8746F20697473206F776E2074696D6520D4
S214046608617474722E0049641F737263456E6470F5
S2140466186F696E741F64657374456E64706F696E13
S214046628741F005768656E2073656E64696E67200C
S2140466387573696E6720612062696E64696E672C7B
S214046648207370656369666965732077686574681E
S21404665865722061206D756C746963617374206259
S214046668696E64696E672073686F756C642062650A
S21404667820757365642E007573654D756C7469634F
S21404668861737442696E64696E671F0053656E644D
S214046698732061207072652D62756666657265641E
S2140466A8206D756C746963617374206D65737361AA
S2140466B8676520746F206120676976656E20677247
S2140466C86F75702049442066726F6D206120676973
S2140466D876656E20656E64706F696E742E006772D8
S2140466E86F757049641F7372632D656E64706F6985
S2140466F86E741F00437265617465732061206D654E
S2140467087373616765206279207370656369667957
S214046718696E67207468652072617720627974658B
S214046728732E20557365207468652073656E64201F
S214046738636F6D6D616E6420746F2073656E64207C
S214046748746865206D657373616765206F6E63652D
S21404675820697420686173206265656E20637265BB
S214046768617465642E2045783A2072617720307803
S21404677830303046207B30302030412030302031D5
S214046788312032322033332034342035357D20739B
S214046798656E64732061206D657373616765207424
S2140467A86F20636C757374657220313520283078D1
S2140467B83030304629206F66206C656E6774682012
S2140467C83820776869636820696E636C75646573D6
S2140467D820746865205A434C206865616465722E87
S2140467E800436C757374657249641F446174611F51
S2140467F80052657365747320746865206E6F6465EB
S2140468082E005772697465732061206D6573736111
S21404681867652E00456E64706F696E741F436C75E9
S214046828737465722049441F41747472696275747E
S214046838652049441F4D61736B1F4461746120745D
S2140468487970651F4461746120627974651F00520B
S214046858656164732061206D6573736167652E00D6
S214046868456E64706F696E741F436C7573746572D5
S2140468782049441F417474726962757465204944DA
S2140468881F312069662073657276657220646972A2
S214046898656374696F6E2C203020696620636C69A2
S2140468A8656E7420646972656374696F6E1F00533D
S2140468B8656E64732061206D6573736167652E0069
S2140468C844657374696E6174696F6E1F536F75726D
S2140468D8636520656E64706F696E741F44657374AF
S2140468E8696E6174696F6E20656E64706F696E7424
S2140468F81F00536F7572636520656E64706F696EEA
S214046908741F004C69737473207768696368206F12
S2140469187074696F6E616C206C6962726172696505
S21404692873206F662074686520737461636B2061D6
S214046938726520696D706C656D656E746564206F2C
S2140469486E2074686973206465766963652E0050E2
S21404695872696E747320696E666F726D6174696F9E
S2140469686E2061626F757420746865206E6574772E
S2140469786F726B2073746174652C20636C75737402
S2140469886572732C20616E6420656E64706F696E20
S21404699874732E006F66667365741F005072696E92
S2140469A8747320696E666F726D6174696F6E2066A3
S2140469B86F7220616C6C20617661696C61626C65CB
S2140469C820736C6F74732E00526561647320726151
S2140469D87720646174612066726F6D20666C6173DB
S2140469E8682073746F726167652E0041646472650B
S2140469F8737320746F20726561641F4E756D6265CB
S214046A0872206F6620627974657320746F207265CD
S214046A1861641F005072696E747320666C617368D3
S214046A282073746F7261676520696E666F726D6134
S214046A3874696F6E2E004572617365732074686599
S214046A482073706563696669656420736C6F742067
S214046A5849442E0053746F7261676520736C6F74B3
S214046A68206E756D6265721F00426F6F74732074B2
S214046A78686520696D61676520696E20746865209D
S214046A8873706563696669656420736C6F742049FE
S214046A98442E00434C4920696E7374616E63652006
S214046AA86578616D706C650064756D6D795F696E87
S214046AB87374005A434C20636F6D6D616E64730083
S214046AC8626173696300676C6F62616C006D666708
S214046AD82D636F6465007573652D6E6578742D7304
S214046AE8657175656E636500782D64656661756C99
S214046AF8742D7265737000746573742D7265737083
S214046B086F6E73652D6F6E00746573742D7265737E
S214046B18706F6E73652D6F6666005A434C2062610B
S214046B2873696320636C757374657220636F6D6D27
S214046B38616E6473007274666400436F6D6D616E93
S214046B486420746861742072657365747320616C5C
S214046B586C206174747269627574652076616C75EC
S214046B68657320746F20666163746F727920646538
S214046B786661756C742E005241494C006C6F7765DB
S214046B88722D6D61632D7261696C2D3830322E3129
S214046B98352E342E63006C69627261696C2E61004E
S214046BA8756E636C61696D656400627566666572A8
S214046BB82D6D616E6167656D656E742E630065760E
S214046BC8656E742D71756575652E63007A696762DE
S214046BD865652D75707065722D6D61632E63006E24
S214046BE865696768626F722E63006173736F6369A1
S214046BF86174696F6E2E6300313832317300313434
S214046C0832323100313231003273003132323131AE
S214046C183200313232313100323831003831310005
S214046C283138323131003132313131323132323267
S214046C38317300313232003132313132323100317F
S214046C4831313100323238006D61632D6D756C74E4
S214046C58692D6E6574776F726B2E63006C65676159
S214046C6863792D7061636B65742D627566666572EB
S214046C782E63000000000200000000000000000070
S214046C88BA04000000000000000002000000000033
S214046C9800000000BA04000000000000000102031F
S214046CA80E312E312E322D3035363462656533007A
S214046CB801000002030301000600000000000300B0
S214046CC80000000013B779FAC925DDB7ADF3CFE0A5
S214046CD8F1B614B80102000000000000FFFFFFFF31
S214046CE80100000001000000000000000000000091
S214046CF80000000000000000000000000000000083
S214046D080000000000000000000000000000000072
S214046D1800000000073F0300AD320300A932030059
S214046D288732030055320300E5320300B732030006
S214046D38573203002C000000020202030000000081
S214046D4800000000648000506880005000020100C3
S214046D580009007F906D04000100000F706D0400A8
S214046D680000000000000000E1FE59FF8FFFADFFA1
S214046D78C1FFD0FFDCFFE4FFEBFFF2FFF6FFFAFFEC
S214046D88FDFF0000030005005500EDFEFF0064004B
S214046D981E0000007F001B0DD063FDFF3600B703FE
S214046DA84DDAFFFF1C005901EC3600001100BD0047
S214046DB8C83B00000B0071001435000007004900AA
S214046DC8352C0000050037000526000003001400D3
S214046DD8FF140000E521040027D5030027D5030087
S214046DE827D5030027D5030027D5030027D5030096
S214046DF827D5030027D5030027D5030027D5030086
S214046E0827D5030027D5030027D5030027D5030075
S214046E1827D5030027D5030027D5030027D5030065
S214046E2827D5030027D5030027D5030027D5030055
S214046E3827D5030027D5030027D5030027D5030045
S214046E4827D5030035D5030027D503004AD5030004
S214046E5827D5030027D503006FD5030027D50300DD
S214046E6827D5030027D5030027D5030097D50300A5
S214046E7827D5030027D5030027D5030027D5030005
S214046E88AFD5030027D50300CDD5030001030401BD
S214046E98010109030B0000000B00000002000000BB
S214046EA80000202000000000030000008C8C3C003A
S214046EB80000000000000000000000001E000000A3
S214046EC80A0000001A000000000000581200000023
S214046ED8C46E0400554E4B00474F200042544C00E5
S214046EE8474F3200474F3300474F3400474F35006B
S214046EF8474F3600474F3700474F3800474F39004B
S214046F08474F4100474F4200474F4300474F44000E
S214046F18474F4500474F46004A4D500042445200EA
S214046F285550520042544D004D534D0046544C00A3
S214046F38554E4B00474F200042544C0042414400F3
S214046F4846544C00465243004F54410044534C00A8
S214046F584241500055504700544D4500464155009F
S214046F68545A4600554E4B0050494E00454D340081
S214046F78554E4B0048562000554E4B004558500079
S214046F884C574D00554E4B005242540044534C0047
S214046F98454D3400554E4B0041535400554E4B0056
S214046FA856465900494E4800554E4B004C434B0034
S214046FB858544C004F424600554E4B004852440025
S214046FC84D454D004255530055534700444247002B
S214046FD8444D410056435400554E4B00555020002E
S214046FE8525020004150300041503100415020009A
S214046FF84450200044454300DC6E0400E06E040060
S214047008386F04006C6F0400786F0400806F040007
S2140470188C6F04009C6F0400A46F0400B06F040017
S214047028C06F0400E06F0400554E4B00464942000A
S21404703842544C0045585400505752005744470091
S21404704820535700435253004653480042414400D5
S214047058464C540042524F0001040103030601053E
S214047068010501090600060B0000070B050B0000C6
S21404707800000000000000000400E40C0200010404
S2140470881001000000050002000003001C73040041
S214047098187304000473040000730400FC720400EC
S2140470A8F8720400E6720400D6720400BC72040087
S2140470B8B4720400AA720400A87204009072040051
S2140470C88D720400857204007472040064720400ED
S2140470D852720400387204003072040024720400E9
S2140470E8207204001C7204000E720400037204006A
S2140470F8EA710400D1710400757104007471040007
S214047108647104003C710400317104003071040099
S2140471181C710400000000000000000000000000CD
S21404712800000000000000000F000000000000003F
S214047138000000000000000000000000000000003E
S214047148000000000000000000000000000000002E
S214047158000000000000000000000000010000001D
S2140471680000000000000000000000000F000000FF
S21404717800000000000000000000000000000000FE
S21404718800000000000000000000000000000000EE
S21404719800000000000000000000000000000000DE
S2140471A800000000000000000000000000000000CE
S2140471B800000000000000000000000000000000BE
S2140471C800000000000000000000000000000000AE
S2140471D8000000000000000000000000000000009E
S2140471E8000000000000000000000000000000008E
S2140471F8000000000000000000000000000000007E
S214047208000000000000000000000000000000006D
S214047218000000000000000000000000FFFFFFFF61
S214047228FFFFFFFFFFFF0000000000000000000053
S214047238000000000000000000000000000000003D
S214047248000000000000000000000000000000002D
S214047258000000000000000000000000000000001D
S214047268000000000000000000000000000000000D
S21404727800000000000000000000000000FFFFFF00
S214047288FFFFFFFFFF9C0000FF0000000000000057
S214047298000000000000000000000000800000005D
S2140472A80000FFFFFFFFFFFFFFFFFFFF00000000D7
S2140472B8FFFF0000000000000000000000000000BF
S2140472C80000000000000000000000000000FFFFAF
S2140472D8FF0000000000000000000000000000009E
S2140472E8000000000000000000000000000000008D
S2140472F8000000000000000000000000000000007D
S214047308000000000000000000000000000000006C
S21404731800000000FC030101010101010101010153
S2140473280101010101000000000000010020000026
S21404733800000001010000200204110404021110D8
S2140473481A080A021801081110111A080A04020D6C
S2140473580B19195C0110280B01140000000000002A
S2140473680000000000000000000101010101010006
S21404737801010101010101000001010100010001F0
S21404738801000000000000000000000000000000EB
S21404739800010000000000000000000000000000DB
S2140473A801FF010023E1010075E4010063E2010026
S2140473B863E5010062E1010079EB010064EE010077
S2140473C824E1010025E1010026E1010027E101008E
S2140473D828E1010029E101002AE10100000001007A
S2140473E88000010000010100800101000002010084
S2140473F88002010020E201000003010000050100EC
S21404740880050100000601002C89010080060100A1
S2140474180007010001E5010002E50100000801007B
S214047428800801000040010086321010FFFFFFFFAD
S214047438FFFFFFFF5BDE030061DE030067DE030079
S2140474486DDE030073DE03005677777777777777F2
S21404745877777777777777775A6967426565416C80
S2140474686C69616E636530395A6967426565416C53
S2140474786C69616E636530394E574B205374656585
S21404748872696E67000095969595950507090D002F
S214047498000000000001020304060000D9F60300F9
S2140474A8740A04008E0A0400A50A0400B80A040034
S2140474B8C80A0400DC0A0400EE0A0400FE0A0400F3
S2140474C81A0B04002F0B04000208010D0D0101011C
S2140474D812010000FFFFFFFFFFFFFFFF0000000090
S2140474E80000000001090501000200000000000376
S2140474F81EF1EE0B0C75040070170400E521040059
S214047508FE0000008C1704006C76040000000000DF
S214047518961704005C76040000000000A317040015
S2140475284C76040000000000B01704003C76040003
S21404753800000000CE1704002876040000000000AF
S214047548C61704001476040000000000CD170400D3
S2140475580076040000000000DB170400F075040041
S214047568000000004D160400DC750400000000004E
S214047578D4170400CC75040000000000E0170400CB
S214047588B8750400000000008CDC0300A87504002D
S21404759800000000000000000000000000000000DA
S2140475A821470300F11704002E180400010100FF08
S2140475B8210E0100571804009C180400010100015C
S2140475C80107FF00DD0D0100E91804005419040042
S2140475D8010100FF1D0D0100751904008E19040031
S2140475E800010100FF00000033470300B31904003C
S2140475F80B1A04000101FF001B470300221A0400AB
S214047608791A040001010207FF0000001547030069
S214047618221A0400791A040001010207FF00000078
S2140476280F470300221A0400791A0400010102070E
S214047638FF000000D10C01009A1A0400D91A0400AD
S214047648010101FF710C0100F81A04003D1B040037
S214047658010000FF2D0C0100F81A04003D1B04006D
S214047668010000FFB50C0100641B04006A1904003D
S21404767800FF000009470300B91B04008546040000
S214047688FF000000034703002C1C04008546040082
S214047698FF0000000D0C01009B1C0400101D0400D4
S2140476A800FF0000E50B0100281D04008A1D0400E5
S2140476B800FF0000F54603009B1D0400E11D0400BE
S2140476C802FF0000AD0B0100EA1D04005E1E040064
S2140476D801FF0000000000005E2104001100000005
S2140476E86A2104001200000072210400130000003E
S2140476F87A210400210000008221040022000000F0
S214047708892104002300000090210400AA00000038
S21404771897210400FF00000000000000FFFFFFFFA1
S214047728FFFFFFFF00000000000000000000010843
S2140477380109020A030B040C050D060E070F0810B0
S21404774801180119021A031B041C051D061E071F2F
S21404775808200121022203230424052506260727D8
S21404776808280129022A032B042C052D062E072F88
S21404777808300131023203380239043A08E004E1D9
S21404778804E204E802E902EA04F008F11000000042
S21404779800000000040500000078040002000F0042
S2140477A82878040002000F005078040002000F0036
S2140477B87878040002000F00A078040002000F0086
S2140477C8C878040002000F00F078040002000F00D6
S2140477D81879040002000F004079040002000F0024
S2140477E86879040002000F009079040002000F0074
S2140477F8B879040002000F0000000000E0790400D5
S214047808030000004000000000000000190000000B
S214047818047A040004000F00800000000000000042
S21404782800000000E07904000300000040000000A7
S2140478380000000019000000047A040004000F0089
S214047848800000000000000000000000E07904004A
S21404785803000000400000000000000019000000BB
S214047868047A040004000F008000000000000000F2
S21404787800000000E0790400030000004000000057
S2140478880000000019000000047A040004000F0039
S214047898800000000000000000000000E0790400FA
S2140478A8030000004000000000000000190000006B
S2140478B8047A040004000F008000000000000000A2
S2140478C800000000E0790400030000004000000007
S2140478D80000000019000000047A040004000F00E9
S2140478E8800000000000000000000000E0790400AA
S2140478F8030000004000000000000000190000001B
S214047908047A040004000F00800000000000000051
S21404791800000000E07904000300000040000000B6
S2140479280000000019000000047A040004000F0098
S214047938800000000000000000000000E079040059
S21404794803000000400000000000000019000000CA
S214047958047A040004000F00800000000000000001
S21404796800000000E0790400030000004000000066
S2140479780000000019000000047A040004000F0048
S214047988800000000000000000000000E079040009
S214047998030000004000000000000000190000007A
S2140479A8047A040004000F008000000000000000B1
S2140479B800000000E0790400030000004000000016
S2140479C80000000019000000047A040004000F00F8
S2140479D880000000000000000000200120000000D5
S2140479E8080000000400422130000000787A0400F1
S2140479F800FF420030000000000000000000F0080D
S214047A0840000000997A04000100230440000000A6
S214047A18A17A0400060030014000000000000000BF
S214047A28FDFF2102400000000100000019000004C8
S214047A3819000101190002041900030119000504BC
S214047A48190006011900070404004100892E0100E4
S214047A5806004100294F030019008100794B0100F4
S214047A68190084000556010000800000000000008C
S214047A7806435553544F4D00000000000000000014
S214047A8800000000000000000000000000000000E5
S214047A9800FFFFFFFFFFFFFFFFFFFFFFFF000401DC
S214047AA8040104010401040104010401040104019D
S214047AB8040104010401FFFFFFFFFFFFFFFFFFFFB0
S214047AC8FFFFFFFFFFFFFFFFFFFFFFFFFFFF0001B2
S214047AD802030405060708090A0B1F1C1F1E1F1E9F
S214047AE81F1F1E1F1E1F07021F012F0037013F00FE
S214047AF85701DF02E700FF02000000000000000054
S214047B080000000000000000000000000000000064
S214047B18000000000000000000000000FD2704002C
S214047B281900000003280400FFFF000000000000FE
S214047B38CE280400D9280400E5210400E12804001E
S214047B48EF280400E5210400022904000D29040096
S214047B581B2904001F2904002F290400E1F7030049
S214047B683F290400432904004E2904005829040028
S214047B78622904006629040074290400882904007C
S214047B889E29040000800000000000000000000099
S214047B9800000000FFFFFFFFFF00000000000000D9
S214047BA80000000000000000000000400000000084
S214047BB80100000035DC0100000000000000F03F72
S214047BC800000000000024400000000000005940A7
S214047BD80000000000408F40000000000088C340FA
S214047BE800000000006AF8400000000080842E416F
S214047BF800000000D01263410000000084D79741BB
S214047C080000000065CDCD415AFB03007C920400B9
S214047C1800000000C43204006C9204000000000057
S214047C28C93204005C92040000000000CA32040052
S214047C384C92040000000000DB170400389204008D
S214047C4800000000CE170400249204000000000080
S214047C58CF3204001492040000000000D532040059
S214047C680492040000000000D9320400F4910400D1
S214047C7800000000E8320400E4910400000000005C
S214047C8805330400D4910400000000000E330400F9
S214047C98C49104000000000023330400B4910400D7
S214047CA8000000001C090400A49104000000000061
S214047CB833330400649104000000000039370400DC
S214047CC8C088040000000000E6260400808804003B
S214047CD8000000003A330400C087040000000000D7
S214047CE843330400C4860400000000005033040034
S214047CF86C820400000000006C290400448104001F
S214047D08000000005733040044810400010000000A
S214047D185B330400048104000000000060330400A0
S214047D28C87F04000000000019D60300C87F0400BA
S214047D3801000000503304006C82040000000000B8
S214047D48673304006C820400010000006C330400EE
S214047D58947F04000000000076330400947F040037
S214047D68010000007E330400C47D04000000000007
S214047D7891DD0300907D0400000000000000000070
S214047D880000000000000000A07D04008233040008
S214047D98E5210400FE0000009A3304006889040004
S214047DA8000000000E380400588904000000000093
S214047DB8000000000000000000000000D47D04005D
S214047DC89F330400E5210400FE000000B5330400D8
S214047DD8E88A040000000000BB330400D88A0400C4
S214047DE800000000C1330400C88A04000000000034
S214047DF8CA330400B88A040000000000CBDA030083
S214047E08A88A040000000000D5D80300708A04007D
S214047E1800000000E3E103005C8A040000000000A0
S214047E28D43304004C8A040000000000D0DD0300AC
S214047E383C8A040000000000D93304002C8A04009D
S214047E4800000000E03304001C8A04000000000060
S214047E587CEC03000C8A040000000000E5330400F0
S214047E68607F040000000000EC330400087F040070
S214047E7800000000F4330400D47E04000000000070
S214047E8800340400A07E0400000000000000000087
S214047E980000000000000000B07E04000B3404005C
S214047EA8E5210400FE00000055F20300888904005A
S214047EB800000000B31304007889040000000000E2
S214047EC8000000000000000000000000E47E04003B
S214047ED82C340400E5210400FE00000055F20300DB
S214047EE8A889040000000000B3130400988904005D
S214047EF80000000000000000000000000000000071
S214047F08187F04004E340400E5210400FE00000037
S214047F186C340400F8890400000000005D3904008D
S214047F28E8890400000000007B340400D8890400B3
S214047F380000000080340400C88904000000000023
S214047F4887340400B889040000000000000000001C
S214047F580000000000000000707F04008C34040059
S214047F68E5210400FE00000017F20300948A0400CA
S214047F7800000000A9340400808A04000000000001
S214047F88000000000000000000000000A47F0400B9
S214047F98B1340400E5210400FE000000CD340400DA
S214047FA8288B0400000000006C290400188B0400C9
S214047FB800000000000000000000000000000000B0
S214047FC8D87F0400D2340400E5210400FE00000033
S214047FD8EB340400D88B040000000000D8EE03003D
S214047FE8C88B040000000000F4340400B88B0400B6
S214047FF800000000CD340400088B040000000000D4
S214048008F9340400F88A0400000000000635040069
S214048018C4800400000000001435040090800400A6
S2140480280000000022350400508004000000000010
S2140480383A330400C0870400000000000000000073
S2140480480000000000000000608004002B350400D7
S214048058E5210400FE0000000D6B0400A88B040054
S214048068000000001E6B0400988B0400000000004B
S21404807809030400888B04000000000000000000C8
S2140480880000000000000000A08004004935040039
S214048098E5210400FE00000073350400F88B040094
S2140480A800000000F4230400E88B0400000000002D
S2140480B8000000000000000000000000D480040057
S2140480C87A350400E5210400FE00000091DD030073
S2140480D82C8C040000000000B31304001C8C04005D
S2140480E8000000005D390400088C0400000000004D
S2140480F800000000000000000000000014810400D6
S2140481089A350400E5210400FE00000091DD030012
S2140481185C8C040000000000BA3504004C8C040093
S21404812800000000B31304003C8C040000000000A8
S2140481380000000000000000000000005481040055
S214048148C1350400E5210400FE000000DB35040008
S214048158908D040000000000A3F30300808D040043
S214048168000000000E360400708D040000000000B5
S214048178CBDA0300608D040000000000DCDA03009C
S214048188508D040000000000E0350400408D040013
S21404819800000000F8350400308D040000000000DC
S2140481A801360400208D0400000000000836040090
S2140481B8108D04000000000014360400E08C04004F
S2140481C8000000005D390400D08C040000000000A4
S2140481D823360400C08C040000000000C803040012
S2140481E8B08C04000000000028360400A08C0400AC
S2140481F8000000003F360400908C040000000000D5
S214048208533604007C8C0400000000006336040027
S2140482186C8C0400000000007236040038820400E7
S214048228000000000000000000000000000000003D
S2140482384882040077360400E5210400FE000000A6
S2140482488E360400008D04000000000097360400F3
S214048258F08C04000000000000000000000000008D
S214048268000000007C820400E5210400E5210400E7
S214048278FE0000009E36040000890400000000008A
S214048288AB3604004487040000000000B43604003B
S2140482988486040000000000C736040050860400E4
S2140482A800000000D53604001C8604000000000008
S2140482B8E3360400E885040000000000F1360400F4
S2140482C850850400000000000237040028850400D6
S2140482D8000000000F370400888404000000000033
S2140482E81A37040030840400000000002D37040008
S2140482F80884040000000000BF160400A4830400D9
S21404830800000000403704006483040000000000F6
S2140483184B3704003083040000000000000000000F
S2140483280000000000000000408304005E370400DC
S214048338E5210400FE00000082370400B08D040026
S2140483480000000088370400A08D04000000000028
S2140483580000000000000000000000007483040011
S2140483688C370400E5210400FE000000C5F3030072
S214048378E08D040000000000BE370400D08D040021
S21404838800000000CA370400C08D04000000000086
S214048398000000000000000000000000B483040091
S2140483A8E0370400E5210400FE00000091DD030028
S2140483B8448E040000000000B3130400348E040046
S2140483C800000000B9130400248E04000000000016
S2140483D855F20300108E040000000000FC37040069
S2140483E8008E04000000000013380400F08D04001A
S2140483F8000000000000000000000000000000006C
S214048408188404001F380400E5210400FE00000058
S21404841844380400548E04000000000000000000E5
S21404842800000000000000004084040049380400EE
S214048438E5210400FE0000006D380400A48E040044
S21404844800000000BA350400948E04000000000002
S21404845879380400848E0400000000008038040084
S214048468748E0400000000008D380400648E040036
S21404847800000000000000000000000000000000EB
S2140484889884040098380400E5210400FE000000DF
S21404849806370400548F040000000000B5380400B2
S2140484A8448F0400000000005AFB0300348F0400C5
S2140484B800000000880A0400248F0400000000005E
S2140484C86D360400148F040000000000C5F3030092
S2140484D8048F040000000000BC380400F48E040076
S2140484E800000000C7380400E48E04000000000002
S2140484F8D4380400D48E040000000000E4380400D5
S214048508C48E040000000000F7380400B48E04008B
S214048518000000000000000000000000000000004A
S2140485283885040009390400E5210400FE0000002B
S2140485385AFB0300648F04000000000000000000DB
S21404854800000000000000006085040027390400CD
S214048558E5210400FE000000C5F30300D48F0400E0
S21404856800000000880A0400C48F0400000000000D
S2140485786D360400B48F0400000000004A39040075
S214048588A48F04000000000076340400A8850400C4
S21404859800000000000000000000000000000000CA
S2140485A8B885040061390400E5210400FE000000D3
S2140485B85D390400948F04000000000055F203009F
S2140485C8848F04000000000077390400748F0400C8
S2140485D8000000000000000000000000000000008A
S2140485E8F885040080390400E5210400FE00000034
S2140485F891DD0300F48F040000000000B3130400A8
S214048608E48F0400000000000000000000000000E2
S214048618000000002C860400A0390400E5210400AC
S214048628FE000000C0390400149004000000000096
S214048638D339040004900400000000000000000081
S214048648000000000000000060860400E939040009
S214048658E5210400FE000000093A040034900400F2
S21404866800000000D8EE0300249004000000000078
S21404867800000000000000000000000094860400CB
S214048688133A0400E5210400FE000000C5F30300C5
S2140486986490040000000000383A04005490040073
S2140486A800000000503A0400449004000000000053
S2140486B8000000000000000000000000D48604004B
S2140486C8E5210400E5210400FE000000613A0400E8
S2140486D8EC86040000000000000000000000000013
S2140486E800000000FC860400E5210400E5210400DF
S2140486F8FE0000006D3A0400B49004000000000078
S2140487085D290400A490040000000000733A0400E5
S2140487189490040000000000773A04008490040053
S214048728000000007B3A0400749004000000000077
S2140487380000000000000000000000005487040049
S2140487488B3A0400E5210400FE00000091DD0300D6
S2140487583491040000000000A63A040024910400A2
S21404876800000000B93A0400149104000000000058
S214048778B31304000491040000000000C63A040081
S214048788F490040000000000D73A0400E4900400C3
S21404879800000000E53A0400D4900400000000003D
S2140487A8F63A0400C490040000000000000000002C
S2140487B80000000000000000D0870400033B04000B
S2140487C8E5210400FE0000001D3B0400588B04004D
S2140487D800000000503B0400488B04000000000022
S2140487E88B3B0400388B040000000000A23B040006
S2140487F84C88040000000000AC3B04001888040001
S2140488080000000000000000000000000000000057
S21404881828880400B03B0400E5210400FE0000009C
S2140488280D6B0400788B0400000000001E6B040027
S214048838688B040000000000000000000000000030
S214048848000000005C880400CF3B0400E521040017
S214048858FE000000F0EE030054910400000000003F
S2140488685D39040044910400000000000000000084
S214048878000000000000000090880400E23B0400AA
S214048888E5210400FE00000091DD03009491040035
S2140488980000000073350400849104000000000002
S2140488A8F423040074910400000000000000000093
S2140488B80000000000000000D0880400FD3B04000F
S2140488C8E5210400FE0000008D380400AC92040084
S2140488D800000000C5F303009C920400000000009A
S2140488E85AFB03008C9204000000000000000000FD
S2140488F80000000000000000108904001D3C04006D
S214048908E5210400FE0000003B3C0400FC92040041
S21404891800000000453C0400EC920400000000003F
S214048928503C0400DC92040000000000DB1704003E
S214048938CC920400000000005F3C0400BC920400D3
S2140489480000000000000000000000000000000016
S214048958E74603006A3C0400E5210400FF00000023
S214048968E3460300773C0400E5210400FF0000000A
S21404897821130100893C0400E5210400FF000000DF
S214048988BD120100B63C04007E44040001FF00004A
S21404899821130100F63C0400E5210400FF00000052
S2140489A8BD120100243D04007E44040001FF0000BB
S2140489B855130100653D0400863D040000FF0000D1
S2140489C8551301008F3D0400EC3D04000000FF0031
S2140489D8D1130100FA3D0400133E0400010001FF10
S2140489E83D140100383E04007A3E04000102FF00EC
S2140489F8D1130100903E0400BF3E040001000102AA
S214048A08FF0000004D110100F03E04002C3F040056
S214048A1807FF00006D110100323F0400653F0400A3
S214048A2801FF0000811101006D3F0400BD3F0400F2
S214048A380100FF00DD110100D23F040023400400BA
S214048A480101FF00B1110100334004006D40040029
S214048A5801FF00003112010075400400BE40040006
S214048A68010000010707FF006D140100104104000F
S214048A78653F040001FF00006D150100584104001D
S214048A889C410400010700010700FF004547030056
S214048A98F1410400374204000107000101FF000009
S214048AA8F514010073420400AE420400010000FFFE
S214048AB8C5140100CC420400104304000100FF0062
S214048AC89514010023430400104304000100FF002A
S214048AD83D150100624304006D40040001FF0000D8
S214048AE8AD1501009D430400CE4304000100FF00B9
S214048AF8DDFE0000E5210400DC430400000707FF50
S214048B0881FE0000E5210400F5430400000707FF82
S214048B188D030100E52104000144040007FF00005A
S214048B288D030100E52104000144040007FF00004A
S214048B3897460300E5210400064404000000FF00ED
S214048B4869030100E5210400EF1A040001FF000090
S214048B5831030100E52104003E44040000FF000040
S214048B6861FE0000E5210400E5210400FF00000082
S214048B7861FE0000E5210400E5210400FF00000072
S214048B886D460300E5210400E5210400FF0000000B
S214048B986D460300E5210400E5210400FF000000FB
S214048BA86D460300E5210400E5210400FF000000EB
S214048BB831FE0000E5210400744404000101FF00AE
S214048BC81DFE0000E52104008944040001FF00009E
S214048BD869460300E5210400E5210400FF000000BF
S214048BE8E5FD000051350400E5210400FF000000FF
S214048BF8E5FD000093440400E5210400FF0000009E
S214048C0865FF0000B4440400CB44040000010000DF
S214048C1807FF000065460300F1440400E52104004C
S214048C28FF000000E1FC00000B450400E5210400F9
S214048C38FF000000DF46030039450400E521040070
S214048C48FF000000D146030053450400D543040042
S214048C5800FF00006106010078450400E5210400D1
S214048C68FF000000B5FB000092450400E52104005F
S214048C78FF00000049FB0000B54504003246040026
S214048C8800000310FF00000025FC000087460400CF
S214048C98F546040001FF0000F9FB00000A4704003B
S214048CA84D47040000FF00000DFB00005E4704006B
S214048CB8E5210400FF000000634603008D47040016
S214048CC8E5210400FF000000E9FA0000D947040083
S214048CD8D543040000FF0000B5FA00001A49040052
S214048CE86F49040000FF000099FA0000894904004F
S214048CF8E5210400FF0000007DFA000099490400FD
S214048D08E5210400FF00000053460300AD490400B3
S214048D182B4A040000FF00004DFA0000B64A04007F
S214048D28E5210400FF00000009FA0000D34A040005
S214048D38FE4A040007FF0000C9F90000084B0400B7
S214048D48614B0400000500FF81F90000144C040080
S214048D58274C04000002FF005DF90000564C04008E
S214048D68E5210400FF00000053460300684C040095
S214048D78A24C040000FF0000F1F80000284D04008F
S214048D886E4D0400000301FFE1F800000E4E0400D7
S214048D98544E0400000301FF7D740100F44E0400E1
S214048DA8E5210400FF000000EB5203001C4F0400FA
S214048DB8974F040002FF00008D190100EC4F0400D1
S214048DC88546040000FF00005919010014500400E9
S214048DD88546040000FF0000091901002D50040010
S214048DE8E5210400FF0000008966010046500400DF
S214048DF8E5210400FF0000006166010093500400AA
S214048E08E5210400FF000000ED650100BE500400E3
S214048E18E450040000010100010102FFC5650100D9
S214048E28635204008B52040000FF0000A56501008D
S214048E38B2520400E5210400FF000000ED640100BE
S214048E48DC520400E5210400FF000000BD510300C5
S214048E58F5520400E5210400FF000000BD59010096
S214048E681B5304004C5304000002FF001F50030069
S214048E78A9530400E5210400FF0000001B5003006A
S214048E88D6530400E5210400FF00000071590100D0
S214048E98F15304001B54040000FF0000315701007E
S214048EA84B540400E5210400FF000000AD42010015
S214048EB85E540400E5210400FF000000954201000A
S214048EC876540400E5210400FF000000974F0300D1
S214048ED88F540400E5210400FF000000834F0300BC
S214048EE8BC5404003655040000FF00003D5601003B
S214048EF875550400E5210400FF0000002D55010007
S214048F08ED550400E5210400FF000000514101006E
S214048F1831560400E5210400FF0000003541010035
S214048F284E560400E5210400FF000000AD41010090
S214048F38F9560400E5210400FF000000A1410100E1
S214048F4887570400CC57040000FF00006D41010059
S214048F58035804005458040000FF0000993F010019
S214048F6887580400E5210400FF000000313401009E
S214048F78B35804001C5904000000FF0031340100F3
S214048F8871590400D35904000000FF00D1340100CD
S214048F98185A04004B5A04000002FF00F14E03005E
S214048FA8A05A0400EE5A040007FF00000536010024
S214048FB80A5B0400E5210400FF00000019340100E0
S214048FC82E5B0400535B040000FF000025350100F7
S214048FD8AC5B0400E5210400FF000000E92D010055
S214048FE8E95B0400E5210400FF000000B12D010040
S214048FF8135C0400E5210400FF000000C94D0300CB
S2140490084E5C0400BD5C040000FF00000D27010050
S2140490180E5D04008D5D040000FF0000BB4D0300D8
S214049028D35D0400255E040000FF00009B4D03008A
S2140490386C5E0400B95E040000FF0000D51F010042
S214049048035F0400395F040003FF00000D200100DD
S214049058745F0400BA5F040003FF0000BD1E01002D
S21404906810600400E5210400FF000000274D0300FB
S214049078406004007E60040000FF0000214D0300E9
S2140490888E6004007E60040000FF00001B4D030091
S214049098B56004007E60040000FF0000154D030060
S2140490A8DC6004007E60040000FF00000F4D03002F
S2140490B8046104007E60040000FF0000EB4C03001B
S2140490C82D610400E5210400FF000000F14C0300B4
S2140490D84F610400E5210400FF0000000D1C010098
S2140490E877610400B06104000001FF00391C010028
S2140490F8D1610400E5210400FF000000ED4C0300E4
S214049108FC610400E5210400FF000000F51B0100D3
S21404911817620400E5210400FF000000B11B0100EB
S214049128326204005F62040000FF0000991B01001D
S2140491387A620400E5210400FF000000E103010050
S214049148A5620400E5210400FF000000E103010015
S214049158CC620400E5210400FF000000D1F80000FA
S214049168DD620400E5210400FF0000009DF800000D
S214049178F26204001963040000FF00009DF8000072
S214049188296304001963040000FF000035F8000092
S21404919850630400E5210400FF0000004B4603006A
S2140491A86B630400E5210400FF00000091F400004E
S2140491B88E630400F863040000FF000071F40000E6
S2140491C81B640400E5210400FF0000005910010098
S2140491D8816504000E660400010000FF3D0F0100CF
S2140491E82B6604007F66040000FF0000710F010070
S2140491F894660400E66604000100FF00DD0E010024
S214049208FC660400E96704000107FF004F460300F4
S214049218F9670400E5210400FF0000003D0801008A
S2140492280A6804001C680400000101000007FF0027
S2140492383507010057680400686804000001010047
S214049248FF000000710F0100B7680400C868040036
S214049258010000FFAD060100B7680400FA680400C0
S21404926800FF00001DA701000B690400E5210400A7
S214049278FF000000C5F4000057690400E521040057
S214049288FF00000047730300E5210400E5210400FD
S214049298FF000000E5B40100E5210400E521040010
S2140492A8FF000000A9B40100E52104009C6904003D
S2140492B802FF000055BC0100A4690400E52104006F
S2140492C8FF000000E1BB0100D0690400F369040054
S2140492D80200FF00C97303001C6A0400E5210400A9
S2140492E8FF000000BDBB01003E6A04005C6A04007F
S2140492F802FF000095BB0100716A04005C6A040062
S21404930802FF000001000000844D00200000000059
S21404931800000000FFFF0000CB4C03000000000024
S21404932803000000FFFF0100A94D03000000000031
S21404933804000000FFFF0100374E03000000000091
S21404934804000000FFFF0000BB4E030000000000FE
S21404935806000000FFFF00002D4F03000000000079
S21404936819000000FFFF0100C34F0300773A04000A
S2140493789C680020000000000000000000000000B8
S21404938800000000C86A0400F89304000000000007
S214049398CE6A0400FC74040000000000D56A0400C9
S2140493A8CC760400000000000E380400BC760400E6
S2140493B800000000DE6A0400AC760400000000002A
S2140493C8F06A04009C76040000000000FF6A0400AB
S2140493D88C76040000000000106B04007C76040001
S2140493E8000000000000000000000000000000006C
S2140493F808940400226B0400E5210400FE00000023
S2140494083D6B0400209404000000000000000000E7
S2140494180000000000000000FF790300426B04000F
S214049428E5210400FF03010001013F040201003F97
S214049438040202003D040202003D04010200010287
S2140494480003010002023D040201000202020100B8
S2140494580202000000202020202020202020282887
S21404946828282820202020202020202020202020D3
S2140494782020202020881010101010101010101013
S2140494881010101010040404040404040404041043
S21404949810101010101041414141414101010101D1
S2140494A8010101010101010101010101010101019B
S2140494B810101010101042424242424202020202A7
S2140494C8020202020202020202020202020202026B
S2140494D8101010102000000000000000000000001B
S2140494E8000000000000000000000000000000006B
S2140494F8000000000000000000000000000000005B
S214049508000000000000000000000000000000004A
S214049518000000000000000000000000000000003A
S214049528000000000000000000000000000000002A
S214049538000000000000000000000000000000001A
S214049548000000000000000000000000000000000A
S2140495580000000000000002100000002052002056
S214049568801300200000020800000000FFFFFFFF31
S214049578FFFFFFFFFFFFFFFF0000000000000000E2
S21404958800000000000000000000000000000000CA
S21404959820000000A9E701001000000021E70100F0
S2140495A800000001000001010001010120C001B80B
S2140495B80000000000000000FFFFFFFFFFFFFFFFA2
S2140495C8FFFFFFFFFFFFFFFFFFFFFFFFFFFFFFFF9A
S2140495D8FFFFFFFFFFFFFFFF03040408080808084F
S2140495E800B801B802B800B054CA0400030404085A
S2140495F8080500000000000000000000000000004D
S21404960800000000F8330000E0030000D83700002C
S21404961814000000383E000008000000002F000078
S214049628F8040000EC37000004000000343E000094
S2140496380300000000000000002F0000F0370000C0
S21404964801000000403E000039000000012F000021
S2140496580100000070B50822804B1A60804B1B6816
S214049668DC0302D50020088070BD0C880019401E53
S21404967800787C4DA870641C0C8045076D0F052D7A
S21404968805D8794E3668F60603D5022D0DD0032084
S21404969870BD9604AE401E4001D1082070BD052D4D
S2140496A803D1104201D1641E0C80AA4848600020E9
S2140496B870BDF3B582B008886C490978491CC9B2EC
S2140496C8814204D202990918491E097800E000214B
S2140496D8644A517093785B075B0F01933023019CAF
S2140496E8052C28D1194232D19478E5081E242C403A
S2140496F8CD0702D5250001242C430125A14EE640BA
S2140497082E4072D0019FA04EE641402426403E4398
S2140497184C0602D5340020262643947889080D4042
S214049728A7080C2139402943C02525400D4320218C
S2140497382943967051704A490C68557802212326A5
S2140497482E4008D0660302D52B40202B01D00520D6
S21404975882E0424B196093789B0601D4202203E0EA
S2140497689278120702D540223C4B1A603D4A9278FA
S2140497786B461A70C022854B1E680E4001D11542EE
S21404978812D06E46377827263E40232E03D1E602AB
S21404979807D4012606E0252E03D0212E04D126035D
S2140497A802D504262D4F3E601B6819402026019FCB
S2140497B8002F1CD11E4027D02A4B5B781A40402A1B
S2140497C813D00C221A40042A0FD02A073BD40122AD
S2140497D8002902D0E100CB0F5A4069460978CB0726
S2140497E8DB0F1A422FD021012AD4072034E0022F97
S2140497F8E2D11E4008D00029DED1CC232B4003D169
S2140498086B461B785B0601D5032025E0A30311D518
S2140498189C4E73691B051B0D5B1C3668F60205D542
S214049828994E36683607B60F9B1B5B1E9BB2052BF4
S21404983804D1C1E7029B1B78052BBDD006200BE09C
S2140498488021064A1160E90702D4401C039908805F
S214049858AB4803994860002004B0F0BD481002A83D
S214049868C83E0000343E0000440002A8543E0000EF
S214049878F2B586494978CA0705D4009A128880182A
S214049888401E037800E000239E4A106802249E4D7A
S2140498982E68F60611D512695340DBB2002B03D1A5
S2140498A86E68D30973402340002B03D0020204D405
S2140498B80A20F2BDE206954E3260744A1E02C023A0
S2140498C80B403343914E336093785E07760F022E2F
S2140498D806D16D682C4003D1002000990880F2BD9B
S2140498E8A0250D409E08102737402F433D090E0734
S2140498F802D42E0010253543CC240C401A262E40BC
S2140499080A2E04D1CC2C02D02E00FD253540804EDC
S214049918EE40F60705D4000416D5412B10D10829C5
S21404992812D17C48E84011210140214320200843F5
S21404993810700D210140009808D000F0A9F8F2BD77
S2140499480B2B01D10029ECD00720F2BD00F020F83B
S214049958F2BD00005F2F000038B50C006E490B7886
S2140499681A0953399500491925881B071B0FEB1A42
S2140499789A1A8018FEF756FE010002D1200000F05D
S21404998807F832BDF300A3E398144068480002A819
S214049998F8B50400614805683C4F3878D02630424C
S2140499A802D00D21014005D008205D490860EF204B
S2140499B8FEF7F6FD39782000314204D009093970DB
S2140499C800F066F8F2BD052129401FD002884D49EB
S2140499D8CA60544BEC0705D5521C0280690607D4A6
S2140499E8514B05E043242C40422C03D1521C0280E0
S2140499F843600DE010224A4B1A604C4A09688B00F3
S214049A08DB0F1901D162802109031160002101804E
S214049A180020F2BD0A888018401E0078830601D408
S214049A28121D0A801822024004D00888520880189A
S214049A38C01E088039480068C00702D50888401C3C
S214049A4808803948486000207047344A1368DB07A2
S214049A5808D51268920705D40A888018401E00782C
S214049A6804280CD110202E4A10603048254A126863
S214049A789300DB0F1A01C2628022120302600020E0
S214049A88088070470C4000A8080001A8343E00006F
S214049A9831B581B02649002000900822254B1D7850
S214049AA802230C24254202D10022234903E02C4039
S214049AB8082C00D10222EC0703D50C001E216140B5
S214049AC800931D4207D015490968090601D51B49A4
S214049AD801E00021C943019B194C21601949FF2460
S214049AE88C70009C15012543CD7008701888009961
S214049AF840188018188014485860002036BD0000A6
S214049B081D310000C83E0000440002A8441002A804
S214049B180D0F0C0D071708504B3F0000480002A80D
S214049B28482002A8C1320000F73200001C1002A820
S214049B38DE1B2501343E00002084100000FCFF01D3
S214049B48F43E0000483F000005320000343E0000A2
S214049B58C1290000D9290000D9290000D929000004
S214049B68D9290000D92900000000000000000000E0
S214049B780000000000000000D9290000D9290000D0
S214049B88D9290000192E0000D92900005523000001
S214049B9865230000F123000039240000B3240000E4
S214049BA81D260000D3240000BD2600001F25000043
S214049BB85D250000D5250000312800000129000095
S214049BC827230000632B00004D200000812B000093
S214049BD8F52B0000D9290000D52C00009D2C000088
S214049BE8D9290000D9290000212D0000D929000010
S214049BF8D9290000D92900005D1000005310000080
S214049C0867100000711000007B1000008C48806804
S214049C18000200D4704780B580208002A8490860F6
S214049C28CF2000F045FA01BDF8B586480068864C92
S214049C38802292032260854E316809051DD5110BD2
S214049C48A023034001D0216017E002403FD18027BB
S214049C587F4A17607F4A1760084038D0784D287ABC
S214049C68400705D501207C49086000027B49086046
S214049C782878002801D0062801DB0020F2BD00F071
S214049C8851FB716889684E682978052907D1B90592
S214049C98A1606E60B668CC218901704A116000F034
S214049CA84AFB012E00DA0226BC2080058549086096
S214049CB8942080058449086065480021C9430164E6
S214049CC87142416481490F6040210160D5E7AE487E
S214049CD80160FFF79BFF0120F2BD5A480168890519
S214049CE804D5C06E0004000F022801D00020704777
S214049CF80120704738B580245548046000F012FBEC
S214049D0805007348006800F05FF9280000F013FBAC
S214049D18FFF77CFF4A48007A000705D5A0004A49A1
S214049D28086000F0FEFB31BD600397490860AD4843
S214049D38046031BDFEB50500CC2080019349486017
S214049D48012693480660FFF7C8FF002877D03C4CE6
S214049D582078002873D031020195052802D02A46B7
S214049D680A406CD1CC27BF01884A17609E4A1268FD
S214049D7853075B0F022805D1022B5ED30801374927
S214049D880860F7BD4D01032804D1022B55D9334882
S214049D980560F7BD042802D111404ED0F7BD05284A
S214049DA84BD10198002848D0C005C10F68464170B9
S214049DB80198C004C10F6846017000F0B3FA029017
S214049DC8606869464978002903D006688021214AD4
S214049DD811602C04A7496A461278002A0CD0C26877
S214049DE80B68D21AA44B1B68234001D0066800E00F
S214049DF84668964200DD1600684640786A46127839
S214049E08024308D008684242B01E824202DA704210
S214049E18886000E00026029800F08DFA0198800514
S214049E2801D5964804600198054001D0944804601A
S214049E38002E02D009480760F7BDFFF75BFFF7BDA1
S214049E48403E0000400002A8402002A8C83E000089
S214049E580CC001A890E001A894D000A8505201A80C
S214049E6838B5802487480460012049490860864D2F
S214049E782878052802D0600084490860FFF72DFF7B
S214049E88002812D012480068000A80214140A868B9
S214049E98000EC9B2814208D2534800684007400FF2
S214049EA8022802D2FFF726FF31BD79480168C0228E
S214049EB80A4002D1C06F204001D00448046031BD76
S214049EC81C1002A808E001A808D001A894D001A88C
S214049ED818C000A8F1B582B00F008026B600A020EE
S214049EE8384002D06B4806604CE000F01BFA00903D
S214049EF869480468F80202D5A0680069029000F070
S214049F085FFBB102606800F069F92178200000223E
S214049F18491C43788B4200D2002118234B43C518AA
S214049F280C352B78082BF3DA0C000170856056483C
S214049F38297801703E4007D0574909688968CA6875
S214049F48F90201D403218A43826001261046304070
S214049F5803D100F0F6FB00F0B4FFF104686900F0E2
S214049F683DF93C2000F0A4F8E0B200F0A1F800980F
S214049F7800F0E1F9300547490860484806603002B1
S214049F88024908600298FEBD401002A84C6201A867
S214049F9894E000A810B542480068800501D4FE2065
S214049FA810BDC02080033F49086000F0BBF93A4959
S214049FB809688A78D20702D589688C7800E00C7814
S214049FC800F0B9F9200010BD334909688A688B780F
S214049FD8DB0704D5927818235A438A180C32906003
S214049FE870470000100002A8084001A8F1B582B026
S214049FF82D4F3C680026200F000702D1E00102908E
S21404A0082AE000F05EFF00F08DF901908021090334
S21404A018606800F0E3F825786D1C6078A84200D2E2
S21404A0280025E80020180C30009000680290802173
S21404A03809030098406800F0D1F83D2000F038F88D
S21404A048E8B200F035F825700098A060019800F092
S21404A05872F902A800F09AFF14480068800407D52D
S21404A068786901F050FC02990818029000D5029607
S21404A0780298FEBD48C001A8480002A8481002A8D5
S21404A088482002A894E001A8403E0000506201A8B7
S21404A09814C001A8402002A8CC3E000090E000A806
S21404A0A8400002A8401002A8D03E0000FC0302A804
S21404A0B841490968002901D5404908607047F3B545
S21404A0C881B03F4FB9683F4C4A004CD50125090179
S21404A0D800D5212501003C4A106856682268920675
S21404A0E8920E94463A6893008022134062461343BD
S21404A0F8802252001A4300920A0023D0890601D50A
S21404A108012008E0F021014007D16946097A0C22AB
S21404A1180A4002D0022000F03FF82C4909680904D6
S21404A1280AD53968090701D5022605E039684903BE
S21404A13801D5002600E003264835009A2449096814
S21404A148890003E0009A2249C9690909402319408D
S21404A15811439A00002E02D0164326660835216657
S21404A168024322662566E06D4407640F00F0C4F8CF
S21404A178A0070BD0052C09D0B868000406D400F054
S21404A188D1F80221134A116000F0D5F800F0BDF8A2
S21404A198002000F001F8F7BD0B490A68F0239A433B
S21404A1A8000110430860C0B270478020C0020A4904
S21404A1B808607047000000004C0002A8884000A809
S21404A1C8440002A8284000A8683F0000384101A8B7
S21404A1D8084001A87CD40350485000A880B5664AB5
S21404A1E8116001F0BBFBFFF7E0FF01BDFEB500F010
S21404A1F899F80290102061490860002360480360BB
S21404A2080220604908606048C0684005C20DD52A27
S21404A21801D2D52204E0D1204000824200D90200AF
S21404A22810000100594C0194843C246864011DD52F
S21404A238574C0094251D574E367806277E43AA5356
S21404A2480024019D2D7CE540ED070CD5009D0626CF
S21404A2586643AD19AD888FB2BD4200D2290086B2D6
S21404A268AE4200D22800641C022CEAD389B24631D6
S21404A2780904494C0C404638C005C00D20434249E1
S21404A2880860C0200006454908604048017D00294A
S21404A2980CD04349D52A02D98024E4050C60D1247D
S21404A2A86400A24202D2802424060C6010213D4C8D
S21404A2B821603D490B604188002900D1028002983C
S21404A2C800F039F8F7BD80B5384839490860394888
S21404A2D8C1680902090A192251434160052101602F
S21404A2E8FFF784FF01BD33480068C00300D47047F5
S21404A2F880B5FFF77BFF01BD8020C0021E490860B9
S21404A3082D4800684007FBD470478020C0022B49BC
S21404A3180860704701E02A4908602A49096801402C
S21404A328F9D17047284800682021284A116010216E
S21404A338274A116070473021014002D11020234972
S21404A348086070472048006830210140102901D170
S21404A35801207047002070471E48007806210140F7
S21404A36807D01D480068022803D0032801D001201E
S21404A3787047002070470000401002A8F41302A893
S21404A388048002A8409002A87C400050743F000055
S21404A398643E0000603E00000000FF01A06000501C
S21404A3A8A4500050F42302A818E000E07F1A06011F
S21404A3B8500002A810E000E0400002A8402002A8CE
S21404A3C8282002A8280002A85C0002A85C2002A88C
S21404A3D85C1002A8BC3E00006C3F0000F8B5534869
S21404A3E88021490281610221514A51600021514A63
S21404A3F81160514A118003214D4A116002210160FF
S21404A40820204E49086080204D490860CC208001F1
S21404A4184C49086001204C4908604648806F009003
S21404A4280F24070B274049480068C505ED0D103D65
S21404A438C0202843C0B2FFF73BFE3E4800698003AD
S21404A4480AD5092F08D0FFF787FF002802D040480E
S21404A4580068804701F0D8F80098044000943D4806
S21404A46804680098032803D0022806D1032F3AD09C
S21404A47800F002FA0098032803D0062F33D1062DDD
S21404A48831D0354800680104C90F01D001F084FBB7
S21404A49832480068000109D5052D07D10125012099
S21404A4A82F4908604005FFF735FF00E00025210026
S21404A4B8380000F0E3F904002A4E002D06D000F018
S21404A4C889FB012030600220274908608020800329
S21404A4D87065800925490860FFF73EFF002802D00A
S21404A4E8234800688047124880214902C161002F2A
S21404A4F808D10221416000200E490861C020C0002E
S21404A5081C4908602000F2BD80B5FFF7F5FE1A481E
S21404A5180078800602D4022018490860FFF7F5FE82
S21404A52801BD022016490860704700002C1002A8D6
S21404A538282002A8340002A8743E000094E001A86B
S21404A5480CC001A8506201A894E000A804ED00E03D
S21404A558E8370000B44000A800E200E0F03E00003F
S21404A568645000A8646000A82C4000A880E200E0BC
S21404A578E43700002C6001A8C83E0000081002A8B2
S21404A588082002A87B480068800700D4704730B5C6
S21404A59881480421904A0123E024E4008568254084
S21404A5A802D01360D160D3600068044002D0136000
S21404A5B85160536030BD894801218160016070474D
S21404A5C810B5012075498A680240FCD1844A0423E0
S21404A5D8D3600C680440FCD15360106010BD8149F8
S21404A5E808680122104200D1704710B5E023DB004A
S21404A5F80340FF24A41CA34204D37B4B1B689B067E
S21404A60800D54868024001D000F0B6F810BDFEB583
S21404A6180700C82075490860062075490860802028
S21404A62840037449086074480168744A0A408021E3
S21404A638090111430160724CC020C0002060022545
S21404A648A56168036F4908606F4E7048F0664C2031
S21404A6586F49C86638686F498968814201D2009193
S21404A66800E000900099401A38600121380000F094
S21404A67855FB01903868009940183860FFF782FF48
S21404A688634800686349086063480168490601D559
S21404A698624900E0624931670199002908D103211B
S21404A6A8E16100683068054002D08020800220619D
S21404A6B80198FEBDF1B55B4C8020C00120605A4D60
S21404A6C80126AE62594F3E601D20286056206866F3
S21404A6D8072001F009FB0220286006212966544950
S21404A6E80968002902D4082129666966514929653A
S21404A6F8C021C900504A1268F823DB01134001D16F
S21404A708A96700E07961E16B314008D0216BC9077D
S21404A71805D44A490968084001D101F0EDFA4848C9
S21404A72848490860206B064001D1FFF72BFF0098C4
S21404A73801F0C8FA206B8001FCD4206A42490860FC
S21404A748F1BD30B53748414B0121026B0A4001D1AF
S21404A7585961D9603E4A3F4C54663F4C14650324FD
S21404A7681C600023CE4D2B6014609162C9030160FF
S21404A77830BD00004C0002A8F0210901374A1160D8
S21404A7880140374801602020364908603649096880
S21404A7980840C849086070476C0102A8700102A8FE
S21404A7A880B532480821324A13680B4001D001614B
S21404A7B841611178C90602D5862109010160FFF7AF
S21404A7C80EFF14202B490860BB480168490701D0CE
S21404A7D8FF21416101BD0000681102A86C2102A88E
S21404A7E8682102A8783F0000400002A8548001A807
S21404A7F80C9001A8942002A8680102A8FFF1FFFFA4
S21404A808441102A8A01002A8E40002A8294E0600D3
S21404A818300002A8A03F0000FC0302A8CC3F0000BA
S21404A828C43F0000100002A8E01002A8442102A8B1
S21404A83828C000A80C1E0000A88001A8483E0000F6
S21404A848FFFF7F7FB46000A89C3F0000602102A839
S21404A858E02002A85E060000041E00002C6001A882
S21404A8682C5001A8442002A8084001A8301102A8C8
S21404A878F84F0000703F000070470000F8B586B037
S21404A88805000C008D48866AFFF74CFD0590B00558
S21404A89803D58B480068FFF797FB00200190012238
S21404A8A87306DB0F87498F688860B8204000864E99
S21404A8B830606608B82030400978F0260E40402EEE
S21404A8C802D10100402008430D2D02D13900042787
S21404A8D80F43790704D501001420084310218C433C
S21404A8E87A4909686D462A7004930500784EC805A7
S21404A8F806D58020400077490860280001250543CE
S21404A9080498002811D10C20284008280DD02800C7
S21404A9186A49496BCA0601D410229043890601D4B1
S21404A92820218843B121014067D068460078002872
S21404A93865D0B26BB06D012101235207520F921DE8
S21404A9489340C004C00C181A80B2082809D280257F
S21404A95806205A4A106008049D4A106000206A4679
S21404A9681070812028404DD00820049A002A00D16F
S21404A97830623A00082717431020844304200390C3
S21404A9880005984A10604008974A10609748016086
S21404A99868460078002832D00398062838D39448A6
S21404A9A8806BC00634D593480068000E0190904822
S21404A9B8006880B202908F48006A000604D00298A5
S21404A9C88021490101430291FFF7C6FC002809D0FB
S21404A9D889480078C00605D002988021C901014339
S21404A9E889B20291029830610298001230613748A1
S21404A9F80168C80500D57AE70AE0082030620094A2
S21404AA08049732E090A06906C90E405C0390BFE73D
S21404AA180094049703982949CB6A764A12683468DE
S21404AA286F463C8128241C400443980CC0012043EC
S21404AA381C001B0E2340102423400343900040228E
S21404AA481040184302AA9070086B000A02A9C8703E
S21404AA58FFF7A0FA02A908710198487167480068C8
S21404AA68C8800298F0660398F0660598FFF763FCBA
S21404AA7808240098400601D55A488460FFF76CFC01
S21404AA88002805D05E480078002801D05D48046098
S21404AA980498C1B2E8B2FFF712FB009807B0F0BDFD
S21404AAA8400102A8081A03D2574909684018401CEE
S21404AAB870470000441002A80C4000A8180002A81A
S21404AAC81CC000A8683F0000B46000A81C0100AAC7
S21404AAD8540000AA1C2100AAF8B54C4E0F240125E0
S21404AAE84B491027706B38401BD001200870494822
S21404AAF8006849490968FFF7D5FF484909684018B6
S21404AB0801284BDB01F0A4F945490968090B0C40F8
S21404AB18022C41D16905434A11604349CF63356025
S21404AB283AE0F06BC0001ED540480068E02189056D
S21404AB38014033D03A4D2868210301407802814207
S21404AB482CD1FFF7EFFB3A4A3A490968C90502D5FA
S21404AB583949096811602968090B21400229F3D08C
S21404AB68FFF7E9FBF1BD354E3068002816D00D70A6
S21404AB7801F0A8F8002811D101F06AF928490968F3
S21404AB88090B0C40022C07D12904264A116002211D
S21404AB98254A11600021316001F05EF9F1BD80207C
S21404ABA880042749086070478020400424490860C8
S21404ABB870478020C004224908607047802000053A
S21404ABC81F4908607047802040051D490860704783
S21404ABD8141100AA1B480168490701D0FF214161E6
S21404ABE870470000401002A8205001A8006101A880
S21404ABF81C4000A8084001A8C43E0000448001A8E0
S21404AC08F0370000845000A838C001A8100002A835
S21404AC18773E00001CC101A820C001A8E03E000041
S21404AC28AC0002A81C1002A8082002A8204001A80C
S21404AC38800000AA084000A8904000A84C3E0000E7
S21404AC48382002A80C4000A80301070603010706DB
S21404AC58050106060501060603020706030207069B
S21404AC680502060605020606FF2807D0032805D2AD
S21404AC78A9490978C140C807C00F70470020704723
S21404AC88F0B5802000020821A44A11600A23012195
S21404AC98A34A01249C400443B6A5ED5C254395606D
S21404ACA8F025A04E35609D4DB5A6F65C02273743C1
S21404ACB82F6004262E609C4D2D680D4006D1CD02CB
S21404ACC86D1E03D0966C3603FAD401E00220F0BD5C
S21404ACD8956CD66C6D036D0BAE4200D220005B1EDD
S21404ACE8D7D508238F4C23609060904B1B685B0174
S21404ACF812D58F4C63785D1C01262E4066701D00A5
S21404AD080626754365191268AA80E8802370824867
S21404AD1802789940114301700020F0BDF1B582B065
S21404AD28FFF749FC002481480068400102D401204A
S21404AD3801901DE07F48826B00207D49C3B206253A
S21404AD486B43CB189B8895B2AB4204D0401CC3B265
S21404AD58022BF3D3FF200870012001907348006883
S21404AD68400105D50878FFF77FFF002800D0019436
S21404AD787148006871498861714D02980068296DA8
S21404AD884618002E15DD00F072FD2860C001301A42
S21404AD9800280EDDFFF714FC00F093F8029800680C
S21404ADA8296D401800F08EFF050002D00298046052
S21404ADB885E0644E802080003060604A106807286A
S21404ADC82ED005210840052805D011600C2000F077
S21404ADD88BFF050073D15C4D5C482862FFF7F0FBD7
S21404ADE802202860E020C002594908600002594938
S21404ADF8486080208004706002203060012000F0E3
S21404AE0873FF802040002862022000F06DFF902027
S21404AE1840012862022000F067FF8020C0002862F4
S21404AE284D4EE02040003060042000F05DFF050031
S21404AE383CD10220474908608002B062C001B06273
S21404AE4810203C4908600127F765402643480068F7
S21404AE5830401BD135480068400113D53448007883
S21404AE686946087068460078FFF7FEFE002809D091
S21404AE782F4869460978062251434018C0882D4948
S21404AE88086403E0FFF7FCFE05000FD129480760B5
S21404AE98C467022000F028FF314C2660B00020600A
S21404AEA8022000F021FF8120C002A0620198002839
S21404AEB805D02A480068800101D4FFF714FA280050
S21404AEC8FEBD70B5FFF777FBFFF77AFB0226194835
S21404AED80660244DF0022862C4082C62012000F0A3
S21404AEE803FF600828622E601F482862E02040009E
S21404AEF81B490860174D2E60FFF7FEF91B4E307885
S21404AF08002800D005200D490860FFF7FEF92C60DC
S21404AF1817480068706370BD843F0000889001A8D5
S21404AF28448001A888A001A8140002A8F03E0000E6
S21404AF38603E00000C8001A8F80302A83C0102A8A1
S21404AF488C3F0000941002A83C1102A8BD0800001B
S21404AF58142102A8942002A82C9001A84C0002A848
S21404AF682CA001A83C2102A8FD680000603F000050
S21404AF78300002A800000001010204081020200086
S21404AF88505050404040403020202000F8B504007F
S21404AF98FFF716FB2948C021C900294A1268F82376
S21404AFA8DB01134002D1274A116000E001600094D7
S21404AFB82549AC2252008A640A220A602349802260
S21404AFC852030A60224C626A224B13408022D20043
S21404AFD81A43626280222260022242605003C860DA
S21404AFE81D48E0601D4E4C20F0661D4D686996218C
S21404AFF8C901471800980068874200D30700C01B99
S21404B0080099086000210098FFF788FE00990968EF
S21404B018C919009A116031682960124909684906F5
S21404B02801D5114900E011492161F2BD80200001D3
S21404B0380F49086000010F4908607047582102A8A4
S21404B048AC8001A8581102A80C8001A8941002A884
S21404B058440102A8FFF1FFFF286E0600300002A88C
S21404B068903F0000FC0302A8CC3F0000C43F000049
S21404B078401002A8685000A8F1B584B0B448006827
S21404B0880390B448006B9621C90140180499884275
S21404B09805D2081A00F016FE002800D013E2AE4CBB
S21404B0A86068C00700D50EE20420AC4988628003B5
S21404B0B8AB494862AB480568606B8607B60F032E33
S21404B0C803D01020A549886224E008468021890216
S21404B0D84162A16B890601D5012062E0290610D5D4
S21404B0E8A26B02210A400CD19F4A05231360A36B66
S21404B0F810273B401943116000211160616B090A4F
S21404B108116004218162A06B002803D5C803934903
S21404B11848620026606B400705D5606BC000802136
S21404B1284900084003E08B488068C10701D5FFF74B
S21404B13823FB0122154008D0B748B1014018006A1D
S21404B148C004C00C401EB549086000200021B44B5A
S21404B158DB6E1B0417D5B34B1B68002B13D40121D5
S21404B168AE4B5B69002B0ED0AF4B1A70AF4A10601B
S21404B1781022AF4B1A60CA06AE4B9A670723AD4D2A
S21404B1882B60AB4B5A65AC4AC0239B001360350250
S21404B198002901D0190000E02900CC4E3160536024
S21404B1A87560E16B942292050A40150000D00125CB
S21404B1B880263602284300062CD06A482821405C9C
S21404B1C8C0210140402902D1FFF79EF901E0FFF7AC
S21404B1D8A8F9202020602D0600D174E1944D606BF8
S21404B1E8400708D570085E4948620220686000F087
S21404B1F859FA002806D0042058498862400258495B
S21404B20848626E6057480078000600D45BE1300157
S21404B2185249FEE00125606828405AD1AC480068C7
S21404B228C005400F022803D0032801D0062802D1FF
S21404B23869464D7005E0002069464870A548A64949
S21404B2484860680446498862FFF756F87348406EB3
S21404B258E16B0E4008D1C00606D5FFF763F8022155
S21404B2689E4A1160FFF767F8FFF74FF82803206037
S21404B2789B4EC02000067060280497490860606BDF
S21404B2884007C10F684601703020039949072CD53A
S21404B2984021A24A1162904F4901396603219164FC
S21404B2A80021116030607D6580207060062000F003
S21404B2B81BFD00280DD12802F866022000F014FDB4
S21404B2C828029749886618207060082000F00CFD4C
S21404B2D8002800D0F7E024207060E020C0029049DF
S21404B2E8C865A020C00238666FE0E16BC90246D57F
S21404B2F8BE4949680902090E01914909022901DB78
S21404B308884A01E0B32292000199302937D31149BB
S21404B3180B88E72B33D395277F00BB4205D8FB1A47
S21404B3281B095A43920A534204E07F4FDB191B0950
S21404B3385A43930A5BB2019AD2180F6BBC46CF6B7A
S21404B3487B436746FB180B639F2A0FD39F2210E0A4
S21404B358FC0302A8743F0000100002A81C2002A8E0
S21404B3681C1002A8C83E0000E40000AA202A00D840
S21404B37821221102114312040A4329490A60674923
S21404B388AA020A629A4A8A6414220A603060524FF1
S21404B3987D65E020C0026249C865A803B866400215
S21404B3A87060062000F0A0FC002833D12D06FD6648
S21404B3B8022000F099FC5A488566680970600820DF
S21404B3C800F092FC002825D17560032000F08CFC60
S21404B3D888481849886700F04AFA874D401DC00116
S21404B3E8296B401801908548406F8021C9010840A0
S21404B3F802900846824908600198049988421FD238
S21404B4080846296B401A00F05DFC002816D00298FE
S21404B4187C49086057E000BF0C0000AA204000A83A
S21404B428CC4001A8784201A8763E0000703E000091
S21404B438645000A83C6000A8046100A80498019021
S21404B448206AE86204270398384001D0402002E0C6
S21404B458F8057060C0087060012000F045FCB8016B
S21404B4681D490860019800F02DFC8A4E684600784D
S21404B478002805D161480068F061380586490860E7
S21404B4880298604908608548854908602448790216
S21404B498416669464978002900D10760206A6862CF
S21404B4A868460078002808D0012000F01DFC307893
S21404B4B8000602D5780492490860E06BC00202D5FB
S21404B4C84A480068286305B0F0BD00BF045100A8C8
S21404B4D8204001A8040000FFB41002A87CE403502E
S21404B4E8441102A810B5FEF71DFF864900240C6017
S21404B4F80A22CA61FEF71FFF8348C0218902016039
S21404B50882494160824810210160C905416540208E
S21404B518804908608048047010BD0000400102A8F5
S21404B528B82002A833070000D6FEFFFF7B48406B0E
S21404B538800300D47047F8B57948046800270020CB
S21404B54800257849E20706D5C02080028025ED0349
S21404B558EA0A0A6003E0A20701D403204025284328
S21404B568C862012000F0C0FB802040006E490867CE
S21404B57808206E4908606E490968090203D46D49B3
S21404B58809680140FBD0012000F0AEFB6A4EE007D4
S21404B59802D58020800430643564042000F0A4FBBF
S21404B5A8600702D5E020C002F060644830640120D9
S21404B5B800F09AFB62483064C320000630645A4898
S21404B5C88021490201671021B163890271615D49CE
S21404B5D80F60012232603022F2638F628021890173
S21404B5E84E4A116009010160F1BD0000F83F0000F1
S21404B5F8F3070000FFFF7F7F743F000020C001A808
S21404B60894E001A894D001A8F8B54F4800680D271F
S21404B61807400424002F00D104274C48102566034D
S21404B62808214B4A4B4B1B682340126814D04260CF
S21404B638394004D00220FEF7AFFD474806603C4078
S21404B64807D046480068054344480560B0084249A0
S21404B65808600220424915E00260394005D00220FD
S21404B668FEF79AFDA0023C4908603C4006D03B48D9
S21404B67801680D4305607009374908603848066054
S21404B688300329490860FFF751FF00210020FEF720
S21404B69816FDF1BDC83E00001C1002A803000300F6
S21404B6A8482102A810B580202E490A6802400AD00C
S21404B6B82D4B1A680624144005D15C6E2B4A22408A
S21404B6C81B6D9C0101D5002010BD096808400DD0EB
S21404B6D82748824203D1180501D5012010BD254804
S21404B6E80068C107C90F481E8041C00F10BD224814
S21404B6F80321C163A82181631021016070470000FB
S21404B7081C2002A8D80000AA402002A80400008032
S21404B718646000A82C4000A8763E0000100002A82A
S21404B728FC0302A81C1102A8442002A84C6201A823
S21404B738C44001A84C4201A8082102A8240000011C
S21404B74898008800600102A8B44000A8E83E0000FB
S21404B7581CC101A8440002A8401002A8683F0000C3
S21404B768685000A8400002A814C001A81F1F0000C3
S21404B778010C000030C101A8082002A86C48006823
S21404B7880121084209D16B4A12686B4B000C184019
S21404B798F03291400B40984201D0022070470020B6
S21404B7A87047F8B507000F386A461080604CA068E2
S21404B7B80A0004D16B461B8882B29A423AD2002207
S21404B7C86B461A80012502263A0013D022683240B6
S21404B7D807D000292ED059480088401C57490880AD
S21404B7E800203900E16056490E6080B2B84201D3A1
S21404B7F869460D805348456000E030BF20683040F5
S21404B80803D1FFF7BBFF0028F7D04D484560390041
S21404B81810D02168314005D048490A886B461B88F1
S21404B828D2180A8006600020E060A068B84201D2F8
S21404B83844480660FFF7A2FFF2BD38B5050000F0DD
S21404B84807FB0400012199204543A8093E4A1268CB
S21404B8588018123880B2FFF7A4FF05008020C001C4
S21404B8683A490860200000F0F7FA280032BD334849
S21404B87803883549096802889342F9D110040818E0
S21404B8887047FEB51238070C6946088000F0E0FADF
S21404B8980190274C294D2888B8421ADA01202C49E9
S21404B8A80860274E30BF02202168014006D0306069
S21404B8B84003264908602888401C2880FFF75EFF56
S21404B8C8002802D12988B942ECDB012171600028DE
S21404B8D80DD12888B8420AD1A068694609888842E2
S21404B8E805D2002168460088FFF75BFF01E0FFF7F2
S21404B8F845FF04008020C00114490860019800F040
S21404B908ABFA2000FEBD10B512490A680E4B1B6838
S21404B9180C689442FAD0DB014033141A02D28869C0
S21404B9282418641C0C4800684443181B10BD000007
S21404B938280002A804ED00E0FF3F0000743E000063
S21404B948282002A8281002A8300002A880E200E0F6
S21404B9582C1002A820C001A8B43F0000F0B502E0ED
S21404B9680A601C602E607EC84F1C07D05F1C04D07B
S21404B9786F1CF5D10A601C60F0BD0A60F0BD0000BB
S21404B98880B5FEF709FC01207F49086001BD80B533
S21404B998EB2000F001F801BD30B57C490B6818406F
S21404B9A81022134210D07A4B7A4C2468224008D0CE
S21404B9B8A84A14682402FF252D022540DD620024C7
S21404B9C81460802252031A60086030BDF3B5010083
S21404B9D816001C00002500959F48019A330000278E
S21404B9E80BE0BC464F5D4743AE009E597E40575D0C
S21404B9F847433740664637436D1CA542F1D3390999
S21404BA0839438A080A43510811430840C1090143C7
S21404BA180F208A0B0A4302405040F6BDF1B582B0A7
S21404BA280E0000208B490860FD25AD01EF7AA87A40
S21404BA3801900F21394000910ED00B46874A884959
S21404BA480298FFF7C3FF01990140824801608548C0
S21404BA5841438548084001D1012400E044013809DF
S21404BA6815D032003B0929000298009E6D7A751994
S21404BA784019FFF7ABFF01990911014075480268A0
S21404BA880B0113430360002901D048004443774858
S21404BA980068204001D10420FEBD0020FEBD80B50C
S21404BAA80A0000211180724952888018FFF7B6FFF1
S21404BAB802BD70B50F226F4B5C7905780F202040C5
S21404BAC8C5402009284001259C79C4402C4001D152
S21404BAD8032070BD2F4C2468254005D09D68460079
S21404BAE8AD5B6D1E644E3560DD78DE79C640F007C2
S21404BAF811D5E0060FD5002D0DD06048486008889B
S21404BB08488008881C7800192A4080185A788018B3
S21404BB182A09801800E000200880002070BD80B53F
S21404BB2857480168574A0820014201D050611061FD
S21404BB38C90602D58621090111605349534A126879
S21404BB4812040CD5524A1268530401D5C00305E002
S21404BB58C0239B0113404202934200D008600D485C
S21404BB680078C022024002D1802040050860494877
S21404BB78006820221040086047480068C00101D4C5
S21404BB88FFF705FF01BD00002C4000A8703F000029
S21404BB981C1002A8C83E0000F8B5404F38687E68F6
S21404BBA806403F4830403F4908608024A4033E4D81
S21404BBB8F00227D53D48016801200A0605D53C4908
S21404BBC80968A9602870022014E0014202D03949A5
S21404BBD8A9600FE00020C9060CD52849A960364A92
S21404BBE891780B071B0F12789A1809095118A9801F
S21404BBF8E880A888A880A888002801D0264301E001
S21404BC08FFF7C5FE264023D0264E74603460A88805
S21404BC1800280BD0F969814208D3291D2748AA6849
S21404BC2890470100F3D0FFF7ABFEF1BD01000CD03E
S21404BC38FC218902B161224902038A6134604C609E
S21404BC48FA69824204D30C60F1BDEB20FFF7A4FE28
S21404BC58F1BD0000503E000001010101F83E00005D
S21404BC68383F00001111000021840000F43E000053
S21404BC78183F0000483F0000204000A8531F00005B
S21404BC88F84F0000302102A8441002A8384101A841
S21404BC98204201A8084001A8CC4000A8B44000A847
S21404BCA8FFFFDFFFB46000A8543E0000C83E000053
S21404BCB8EC370000671F0000493F0000D44000A886
S21404BCC8B45000A810B5C409FFF7D1FD201A3128CE
S21404BCD806DAC000183801D4C01EFDD5002010BDF1
S21404BCE82000FFF7CEFD10BDC32148436F3801D4AA
S21404BCF81E38FDD500207047FEB5C020C00436495E
S21404BD08086036483649C86510243648046010204A
S21404BD18FFF7EAFF00285ED1FF20000532490860D5
S21404BD2832483349086033482D49086025042E48AC
S21404BD380560314807680820FFF7D6FF00284AD16F
S21404BD4808262E4806600120FFF7CEFF2A4880689A
S21404BD5802902B4806602B48214908602248056053
S21404BD680820FFF7C1FF002835D1244806600120C3
S21404BD78FFF7BAFF204DA868019021480660184EC0
S21404BD88214830600299019800F046F80104FC2026
S21404BD988003084000900298C10B0198C00B00F07D
S21404BDA83BF80006FC218905014000980143174822
S21404BDB80A0C4240FF239B1CD218104008433060EC
S21404BDC82F60E00308490860286828601048046063
S21404BDD8104981640020FEBD20E000A8F717000083
S21404BDE82C0102A8401102A8B02002A80000380EB0
S21404BDF8B01002A810103030E04001A8E05001A8A6
S21404BE08E06001A830301010202020203F3F0000BA
S21404BE18402102A8F7FFF00010B54904CA104004F0
S21404BE28C310991A00209A18D30F9A185210521849
S21404BE388B115B0E5B18DB11D2182023541A01D41D
S21404BE4822001843CC0F611849105B08F6D110BDC0
S21404BE58EFF3108072B67047002800D162B67047B8
S21404BE6880B5FEF779FA002802D0B74800688047FC
S21404BE7801BD80B5FEF7B2FAB448006800030AD4D8
S21404BE88FEF7FAFCFFF752FBFEF75BFC0120FFF710
S21404BE9829FBFFF716F880208005FEF73BFA01BD5C
S21404BEA880B5FEF79BFA80204002FEF733FA01BD00
S21404BEB8F8B5FEF721FA052097490860FEF725FA33
S21404BEC8964806680124264201D1FEF774FBFEF75D
S21404BED885FA9F48016800919E4A40681060B1053B
S21404BEE8C80F002126420FD000919B4B5D68156051
S21404BEF81D689A4A17687B1BBD4202D39769DB19EB
S21404BF085B1C974FBB42F5D3964D2960002804D096
S21404BF1831000098FDF7DEFF00902868204004D121
S21404BF286846FEF774FB002802D10098FEF7C2FBA9
S21404BF38A94804606004FEF7EDF9F1BD38B5A74CCE
S21404BF48E06BC00506D580200006206000BF00BF51
S21404BF5840082060FEF724FCFEF740FAFDF764FE6E
S21404BF6805009F489F490860FFF77AFF8020C002B3
S21404BF78FEF7D0F9002D01D08020206001209A49D0
S21404BF88087031BDF8B5FEF729FA984F2C20385CAE
S21404BF980521014002D0FEF7B7FA01E0FEF7C1FA20
S21404BFA88E4C0225F86A284001D001202060102013
S21404BFB8C0438F4908600026A6638E480660FEF7CD
S21404BFC8CBF9002803D08C480068804700E03E6020
S21404BFD8FEF792F989480068E16B090407D400075C
S21404BFE805D5FEF79FF986490D60FEF7A4F9FEF716
S21404BFF88CF9FFF794FDA804FEF78CF9F1BD80B51B
S21404C008FEF7ECF951480068000303D4FEF799FBE1
S21404C018FEF757FF80204003FEF77CF901BD38B5CC
S21404C028FEF7DCF96D4C2025FFF73CFB002806D00C
S21404C038206B000704D5FFF75AFBFEF7F7FF2560C9
S21404C048FEF77FFBFEF73DFF6E4800780C210140A3
S21404C058042902D1FEF758FA01E0FEF762FA6804EA
S21404C068FEF758F94020206031BD1CB5FEF744F9A8
S21404C078052029490860FEF748F9FEF7AFF9FFF7E7
S21404C08836FBB848006800906846FEF77FFF040051
S21404C098FFF7E6FE002C02D10098FEF7EDFF80209D
S21404C0A84004FEF737F913BDF8B5FEF797F9AE4C1A
S21404C0B8256A5020284002D0FEF726FA01E0FEF74B
S21404C0C830FA464FFFF7EEFA00281BD1786B400784
S21404C0D81DD4386BE0214901014018D1A80611D4B3
S21404C0E8FEF70AF9256AA14E354207D0FF20C04359
S21404C0F82D182562802000059D490860FEF705F97D
S21404C1082E4002D00120386001E000202060802004
S21404C1188004FEF7FFF8F1BD3C1102A8400002A80F
S21404C12880B5FEF75BF993480068400601D5FEF72C
S21404C13808FB0120FFF7D6F9FEF7C3FE8020C004EB
S21404C148FEF7E8F801BD0000DC3700000C0002A882
S21404C158B83F00004C3E0000D43E000020C001A8B2
S21404C16801FF0000483E000010B526480468FEF7A4
S21404C17835F981490968090328D40321C00601D57D
S21404C188214001E0A0080140012902D1FEF7BCF9CC
S21404C1980BE0200107D50E20FFF7F2FBA748042181
S21404C1A8016008210160FEF7BCF9A54C2069A54981
S21404C1B80860FFF755FE2068002807D040001228BC
S21404C1C802D2FFF791FD01E0FFF737FB80208003DA
S21404C1D8FEF7A0F810BD0000402002A8100002A830
S21404C1E870012000B46000A8773E0000C43E00003A
S21404C1F8442002A8503E0000E0370000844000A80F
S21404C2087CE40350F03E0000F8B584B00126684686
S21404C218067000270297FEF7E1F80390564C20684C
S21404C228000300D597E00320A849C8638648006839
S21404C238FB25AD010F210F220240032A03D0000B71
S21404C248014006294DD1A2480068A2498E6DE16BCB
S21404C258890701D59F49CE6DFFF755FB8619FEF76A
S21404C2687BF800280ED02879C1060BD02868090D5B
S21404C2784143890B761897490968002902D10002B8
S21404C288400C3618002E01D5019700E00196606B25
S21404C2980107C80F03212A6B0A40022A1BD1039AF6
S21404C2A8D20618D5AA68D30513D5A66B8A4B1E40A2
S21404C2B89E4203D11021854AD1630CE092050AD424
S21404C2C8E26B2823134006D16B461F70284A116078
S21404C2D801E06A461770029068460678002E03D175
S21404C2E80FE07C48406D0190FFF7DCF9002808D081
S21404C2F8FFF7FDF90298002802D0FEF797FE00E043
S21404C3080026022071490860002E10D03020285CD0
S21404C3180C210140042902D0A06BC00602D5FEF702
S21404C328F3F801E0FEF7FDF82020606013E0FEF75E
S21404C33808FA802000060E490860684868490860BC
S21404C34801A8FEF723FE0400FFF78AFD002C02D19D
S21404C3580198FEF791FE80200004FDF7DBFF05B088
S21404C368F0BD0000CC3F0000D03E000000FFFF00F8
S21404C378441002A8440102A80C0002A8FEB5002432
S21404C3880194FEF72BF8FFF76BFD564EF06E564DEC
S21404C3980007000F072807D17068002804D4002077
S21404C3A8FFF7A0F8286841E0012103204F4A736884
S21404C3B85B070BD44E4B1B680B4007D01368DF058E
S21404C3C80BD55B0502D43368DB0503D40191916A67
S21404C3D8890904E01021474B1960916A0909084045
S21404C3E800900020FFF77EF80098002805D17068B2
S21404C3F8C00602D4FEF795F801E0FEF785F800209B
S21404C4080199002903D13C480068FFF77CFA69695A
S21404C418401801D5009400E000906846FEF7F7F847
S21404C428002805D10098FEF745F9A869054908606B
S21404C43880200005FDF76EFFF7BD000080E200E0EF
S21404C448AC3F00004C3E0000AC0002A8F8B5FDF76F
S21404C458C5FF002400252948066B80277F0530067B
S21404C46806D5300709D5FFF742F9FEF7DFFD29E0C0
S21404C47801251F480068284019D00020FFF732F825
S21404C4880220064002D01E490C60C8611D48046894
S21404C498002D03D02000FDF7A9FD0400FFF727F9B7
S21404C4A82000FEF7E9FD3800FDF734FFF1BD164815
S21404C4B80078C0210140402902D1FEF725F801E0A2
S21404C4C8FEF72FF820200D490860ECE7082002A89C
S21404C4D80CC101A86C3F000010000010FFFF7F7F0E
S21404C4E8B46000A8400002A8BC3F0000C83E000094
S21404C4F8B44000A8441002A81CC101A8100002A851
S21404C508180000AAD83F0000F03E000000F03CF8EF
S21404C51802480349486000F052F800BF732A000036
S21404C5280000000080B5EFF305800B2801D23A21FD
S21404C53800E02921FF221632002000F03FFAFEE729
S21404C54810B5C20018231340FF249C40E243890711
S21404C558090E9940030004D470489B089B00C01831
S21404C56806E0AD4B0007000F08388008800018184E
S21404C57803681A401143016010BD80B57322542124
S21404C588002000F01BFA01BD10B5FFF761FC01217D
S21404C598634A1160634B644A1360644A1360032356
S21404C5A8634C2360634C2360634B1960634B1960C8
S21404C5B88023A44C2360D160FFF74EFC10BDFFF720
S21404C5C847FC05000024012160B2FFF7B9FF641C8C
S21404C5D80E2CF8D301210F20FFF7B2FF01211120FA
S21404C5E8FFF7AEFF01211320FFF7AAFF012117204A
S21404C5F8FFF7A6FF03210120C043FFF7A1FF01218F
S21404C6081B20FFF79DFF7348734908607348C16A87
S21404C618C1620168016002207149086001208A49E4
S21404C628086047046F4C20693840FCD020688001B5
S21404C63801D4FDF748FE2800FFF70EFC774D0AE004
S21404C64800281BD0FDF76EFE18E020693840FCD0A1
S21404C6583000FFF701FC206E0004000F022801D109
S21404C668FEF73AFAFFF7F4FB0600FDF76BFE002820
S21404C678A878E5D0002801D1FDF75DFE0120697889
S21404C688002909D12978002905D17049096889063D
S21404C69801D45349086030BF0021697029780029FD
S21404C6A8D6D102214E4A116067490860CDE768482A
S21404C6B8016842680A40674810401B4908608007BA
S21404C6C803D5A4480188491C0180704770B56248A0
S21404C6D8016840680840000E00066049802212057A
S21404C6E8104218D05E4B1C68641C1C605D4C5E4D82
S21404C6F82D682D0407D5A568002D04D007250D60E0
S21404C7080125AC4E3560402525601B68012B02D9EF
S21404C71810238B62CA67886770BD000000E400E0D7
S21404C728040002A80000FF3F282002A82C1002A834
S21404C73840E002A844C002A804C001A8044001A816
S21404C748F8B5854C206B616B01400091834D084613
S21404C758286000988249014007D0FDF7FDFD0028AF
S21404C76803D00098944909688847802000990140B6
S21404C7781CD0F821C90123680B4017D0C022120127
S21404C788934213D880231B06EB6226680E40944F08
S21404C7983F683F043F0F022F01D0032F03D1002E1A
S21404C7A801D09642F1D38F490B6028608E480078F2
S21404C7B806280DDA0098CC218901014008D0FFF735
S21404C7C847FB04000098FDF7B5FA2000FFF744FB82
S21404C7D8F1BD0000FFFF9B0800E100E0E04001A86F
S21404C7E85C2002A84C0002A810B58048016844687A
S21404C7F80C407F48046080210C4205D041607D4887
S21404C80801600020FDF796FA600403D580204005F1
S21404C8187949086010BD00001CED00E0763E000073
S21404C82838B57648016844680C40E00707D5FFF732
S21404C8380FFB0500FDF714FB2800FFF70DFB7048F7
S21404C848046031BD505201A85C1002A8F40302A883
S21404C858280002A8FFFF00C0B44000A83C6000A857
S21404C868703E00002C4000A8384101A8FEB5654C6F
S21404C878206C666C064001273E4216D03D06624888
S21404C8880560206861490F60002802D00021FDF782
S21404C898A5FC5F480068A021C90188428041C043BE
S21404C8A8C00F5C4988705C480560FDF73BFD029044
S21404C8B802210E4049D06068C2B20192000A009074
S21404C8C808224B4B4C03554D0020019E012E27D0C1
S21404C8D8022E38D1009E012E24D1EE780096504EB2
S21404C8E82F780C2047430020F051287840059027DD
S21404C8F87F04C719032038434A4F38601C604A48E7
S21404C9080460301D2B780C246343484C2468009F2D
S21404C918E419C45028780C2358433150444811E08D
S21404C9280091DCE7002E0ED1424E37603C4E361D91
S21404C9382D780C277D4370515C601C60C8043E4B00
S21404C94818603E480260314801600298FDF7F3FC1F
S21404C958F7BD0000743E00001C4201A84C6201A802
S21404C9680200060070B5FDF7DDFC0400FFF770FA58
S21404C9782C490A68D20717D5294A121D304B5D7A06
S21404C9880C2675435659294D2D681E60CE685E6080
S21404C9984968D9818021C9041B4E3160197B6918FE
S21404C9A85B7A0C256B43D150FFF756FA2000FDF747
S21404C9B8C2FC70BD3C5000A8D8370000002800D040
S21404C9C8704710B50C00FDF7ADFC1E490C6001223B
S21404C9D81D4B1A600B6C1340FCD1FDF7ACFC10BD64
S21404C9E8AC0002A8785201A8403E000090C001A8F6
S21404C9F890E001A80CC001A804ED00E090C000A8CF
S21404CA0890E000A800C002A8401002A840E002A8CF
S21404CA18404000A8763E0000402002A88D3E000054
S21404CA28300000A860C101A894D001A8200000A87E
S21404CA38F42302A860E101A880E200E0F41302A847
S21404CA48843E0000008002A8409002A890CA040011
S21404CA58000000006CCA040001000000000000008A
S21404CA6800F04902000000004063598F404B4C0018
S21404CA780B000B001A00FF7F2C6900200000000042
S21404CA880CCE0400000000000C40020001801400D4
S21404CA987F40000020400200000000000000000064
S21404CAA830400700000000000000000000000000FE
S21404CAB8000000000000000000400000A00704007A
S21404CAC850400100000000005C4002000000000026
S21404CAD800000000A840010007000000BC40040055
S21404CAE80000000000000000000000000000000035
S21404CAF80441040000400000FF4C0000FF5D0000F5
S21404CB08FF4D000020C0011000F8070020C00130C7
S21404CB18F502080024C00110FF00000024C00130FC
S21404CB280018000028C00700EC80B3834375405102
S21404CB38A00F00483040000000000000000000007D
S21404CB482E02000050C00400511130040E2D09E6D0
S21404CB5854060708D1B6020064C00A000430001C54
S21404CB68403018090D647920EBFCFB017FF6E803D6
S21404CB78BD4B721511A3180510325476980A000096
S21404CB880000000008000101040700001800010165
S21404CB980000000020000101088400001C40080171
S21404CBA81000000020F9130407C05200000000001B
S21404CBB80000000000000003000000000000000061
S21404CBC8584006016402FF00410800000100000006
S21404CBD8B0070800A700000000000000804011010C
S21404CBE84B01A0089BC34A74F00300000000000031
S21404CBF8000000000101103050707F7F0000000024
S21404CC080000000000000000000000000000000013
S21404CC180000000000000000000000000000000003
S21404CC2800000000E040020133000000000000009D
S21404CC38EC4001017DA8D98BF44005016404830700
S21404CC488813C83A9C200A0000612000B75635129B
S21404CC580C410301F95412002030042988BB4040D3
S21404CC6824410201000000000310000030410A01BC
S21404CC786406660C0C010000E853FA000000000085
S21404CC880000000000000000000000000000000093
S21404CC9800000000010100006841030164048307E2
S21404CCA888138200000000003042040100000000DF
S21404CCB80000000E000000000000000044420201CC
S21404CCC800000000F4811F0054420C01000000001C
S21404CCD800003C00000000000000000055555555B3
S21404CCE8170000000000000000000000AAAA0600C2
S21404CCF80000000000000000000000001080010191
S21404CD0803000000388002011149100001000000E9
S21404CD189C800301EB40020070780300D5C0000035
S21404CD28A8800111F0010000A88001310542CB015A
S21404CD38AC800111F0010000AC80013105228D00A1
S21404CD48B0800201000300023700000198000202C6
S21404CD58000C00044C000000A400010200040000BB
S21404CD68D0000202050040AA88010000E40001027F
S21404CD786C2C5111F4000202000000003D21081139
S21404CD88FC0001123F000000FC00013200540400BD
S21404CD98300101026000510254010102C43F000040
S21404CDA86801010200040000FC4F0103BCCD040026
S21404CDB8FFFFFFFF12000000666666000000000022
S21404CDC874CE040064CE040000000000001A9A0022
S21404CDD8005A620280841E000420F500114950029D
S21404CDE8000000000ECE0400000000000000000052
S21404CDF800000000B1841E000000000000000000CF
S21404CE080000000005020200000000F049020614B3
S21404CE18000000E0930405380000A00800000000A5
S21404CE28580901040706100A01040707C80A00047B
S21404CE380807800B00040808380C00040908610871
S21404CE4800000000680800000000C7090104040385
S21404CE582C0B01040404920C01040504ED170000CD
S21404CE68ED1700000000000000000000193F01064E
S21404CE780410010000010106001027000009000044
S21404CE880000000000000000E1EF010091EF01003F
S21404CE989DEF01008DF00100157E0300B7830300A3
S21404CEA8BB830300BF830300C3830300C783030055
S21404CEB800000000A8010000081400200001030474
S21404CEC864EE01001000000024E101001A000000CE
S21404CED879EB01001100000075E401001100000060
S21404CEE863E511000400000023E1110004000000BB
S21404CEF825E101000800000026E101000A00000000
S21404CF0827E1010002000000000000000000000005
S21404CF1879D0040073D00400000000007AD004001E
S21404CF28977B040000000000917B0400937B0400B8
S21404CF3800000000957B040051D004007FD0040054
S21404CF48987B0400927B040000000000967B040093
S21404CF586CCF04008F7B0400907B0400947B040051
S21404CF688E7B0400000203040508090A0B0001026C
S21404CF780304051D2000B40108020200AA00FFFFEE
S21404CF88FFFFFFFFFFFFFFFFD7A203009D4D020030
S21404CF981979020069160300297C02003D8C0300F7
S21404CFA83F8C0300418C0300438C030029DD0200F8
S21404CFB8C5B5020009F7020015100300396A020015
S21404CFC8378C030065B80200398C03003D5E020006
S21404CFD83B8C0300FD7203003163020073480300B0
S21404CFE8000000000013000000000000000000001D
S21404CFF801000000F1BB020002000000359D03009A
S21404D0080300000049BB020004000000AF9C0300B4
S21404D01805000000E9BA0200000000000000000055
S21404D0280023001B2200FF00000000000C09020277
S21404D038000000001C1A0B0303FF06080402020281
S21404D04804020A0B030302030480FF0204FF01011F
S21404D05801010800000000000000005A69674265E4
S21404D06865416C6C69616E6365303980008F8E8C9F
S20C04D07880808006080C10807D
S20C04D080A49CFB7F01000000E4
S21004D08894D0040020650020CB010000BA
S21404D0940000000000000000FFFF00000100000084
S21404D0A40000000000000000000000000000000073
S21404D0B40000000000000000000000000000000063
S21404D0C40000000000000000000000000000000053
S21404D0D40000000000000000000000000000000043
S21404D0E40000000000000000000000000000000033
S21404D0F40000000000000000000000000000000023
S21404D1040000000000000000000000000000000012
S21404D1140000000000000000000000000000000002
S21404D12400000000000000000000000000000000F2
S21404D13400000000000000000000000000000000E2
S21404D14400000000000000000000000000000000D2
S21404D15400000000000000000000000000000000C2
S21404D16400000000000000000000000000000000B2
S21404D17400000000000000000000000000000000A2
S21404D1840000000000000000000000000000000092
S21404D1940000000000000000000100000000F00190
S21404D1A40800000008100020010023010400000009
S21404D1B410100020060030010100000014100020A6
S21404D1C4FFFFFFFFC0EA2101C0EA2101008000003E
S21404D1D400F0490268660020006007000080000032
S21404D1E4E4360020C8000000FE0000000000000032
S21404D1F4206D040018100020FFFFFFFF8070040059
S21404D20433000000D917010033000000B54C0300B6
S21404D21460E9030064E9030071E903007EE903009E
S21404D2248BE9030098E90300ABE90300BDE90300B6
S21404D234CAE90300D7E90300E4E90300F9E90300B3
S21404D2440CEA03001EEA030033EA030042EA03007E
S21404D25453EA030062EA030072EA03007EEA030068
S21404D2648BEA03009BEA0300ADEA0300BCEA03006E
S21404D274CBEA0300D4EA0300E9EA0300FEEA030067
S21404D28413EB030033EB030041EB030060EB0300F2
S21404D2947BEB03008EEB03009BEB0300B0EB030075
S21404D2A4BFEB0300CEEB0300E0EB0300F2EB03005A
S21404D2B405EC030018EC03002EEC03000000000049
S21404D2C40F00000065EE03007CEE0300FF00000080
S21404D2D40000000000000000000000000000000041
S21404D2E40000000000000000000000000030E70416
S21404D2F400C81803D9F60300DEF603000BF7030090
S21404D30436F7030064F7030092F70300C1F703003B
S21404D314EEF703001EF803004EF803009EF803001D
S21404D324FFFFFFFF00F80300FFFFFFFF00000400F9
S21404D33400000400005C2605CC67002006000000FC
S21404D344149304000000000001001900010000000A
S21404D354CC4200200100190001000000CC42002049
S21404D3640100190001000000CC420020010019004D
S21404D37401000000CC420020010019000100000056
S21404D384CC4200200100190001000000CC42002019
S21404D3940100190001000000CC420020010019001D
S21404D3A401000000CC420020010019000100000026
S21404D3B4CC4200200100190001000000CC420020E9
S21404D3C40100190001000000CC42002001001900ED
S21404D3D401000000CC420020D846002000000000D3
S21404D3E400000000107C0400844D002080680020A7
S21404D3F444500020B06A0400060000000000000048
S21404D4040000000000000000749304008C930400E1
S21404D414BB6A0400E5210400FE000000B068002096
S21404D4240000000054500020BC500020245100206A
S21404D43400000000000000000000000000000000DF
S21404D44400000000000000000000000000000000CF
S21404D45400000000000000000000000000000000BF
S21404D464000000000000000000000000EB7C030045
S21404D474E77C0300FFFFFFFFEF7C0300FFFFFFFFD3
S21404D48447820300A3820300FFFFFFFFFFFFFFFFA3
S21404D494FFFFFFFFFFFFFFFF2F2A0000FFFFFFFF32
S21404D4A40000000039840300B8CE0400FFFFFFFF29
S21404D4B40000000020A107000000000029BC0300AF
S21404D4C4000000000000000000000000000000004F
S21404D4D4000000000000000000000000000000003F
S21404D4E40C560020AD430200215D0200E521040031
S21404D4F4000000000000000000000000000000001F
S21404D5040C560020454A020000000000E5210400F1
S21404D51400000000000000000000000000000000FE
S21404D5240C5600206D540200215D0200E52104001F
S21404D53400000000000000000000000000000000DE
S21404D544A86B04000C560020C56E02000000000000
S21404D554E5210400000000000000000000000000B4
S21404D564000000000C560020C977020000000000EA
S21404D574E521040000000000000000000000000094
S21404D584000000000C56002025880200000000005D
S21404D594E521040000000000000000000000000074
S21404D5A400000000B80B00000C560020058C020096
S21404D5B400000000E5210400000000000000000054
S21404D5C400000000000000000C560020E594020051
S21404D5D400000000E5210400000000000000000034
S21404D5E400000000000000000C56002055960200BF
S21404D5F400000000E5210400000000000000000014
S21404D60400000000000000000C5600207192030085
S21404D61400000000E52104000000000000000000F3
S21404D62400000000000000000C5600209D99020033
S21404D63400000000E52104000000000000000000D3
S21404D64400000000000000000C560020419E02006A
S21404D65400000000E52104000000000000000000B3
S21404D66400000000000000000C560020399F030050
S21404D67400000000E5210400000000000000000093
S21404D68400000000000000000C560020B9F602005A
S21404D69400000000E5210400000000000000000073
S21404D6A4000000000000000081A403000C560020C3
S21404D6B485100300215D0200E5210400000000003B
S21404D6C40000000000000000000000000C560020CB
S21404D6D4F516030000000000E52104000000000025
S21404D6E4000000000000000000000000FFFFD00758
S21404D6F4B80B0000FFFFFFFFCEFAEFBEFFFFFDFFEF
S21404D704FDFF0C002C01001E2C0140068000FFFFC8
S21404D71404F8FFFF0C000000000000004000FDFFBA
S21404D7242C019C000000FFFFFDFFFFFFFFFF60EAE3
S21404D7348000800010C1CDAB0A010101FFFFFFFF8A
S21404D744FFFFFFFFFFFFFFFFFFFFFFFFFFFFFFFFDC
S21404D754FFFFFFFFFFFFFFFFFFFFFFFF01FF05FFC4
S21404D764FFFF0101FFFF0201FFFF640250FF0F02E7
S21404D77408031E050216010A0C05200705100101FC
S21404D7840F080101010104FF0301FF0CFF0F7F7F53
S21404D7940150403000FFFFFF0B03FF050B0103019C
S21404D7A405020201FFFFFFFFFFFFFFFF010102FF67
S21004D7B4FFFF0100056D0000DD6C0000A6
S80400A0312A
